code,season,season_element_id,web_name,first_name,second_name,position,element_type,team_id,team_name,team_code,minutes,starts,total_points,bonus,bps,goals_scored,assists,expected_goals,expected_assists,expected_goal_involvements,clean_sheets,goals_conceded,expected_goals_conceded,saves,penalties_saved,penalties_missed,own_goals,yellow_cards,red_cards,influence,creativity,threat,ict_index,now_cost_m,selected_by_percent,points_per_90,goals_per_90,assists_per_90,xg_per_90,xa_per_90,xgi_per_90,points_per_million
15157,2023-24,142,Milner,James,Milner,MID,3,5,Brighton,36,770,11,28,0,146,0,2,0.29,2.18,2.47,4,12,12.81,0,0,0,0,3,0,152.8,253.5,61.0,46.8,4.8,0.1,3.2727272727272725,0.0,0.23376623376623376,0.033896103896103896,0.2548051948051948,0.28870129870129874,5.833333333333334
15157,2024-25,134,Milner,James,Milner,MID,3,5,Brighton,36,170,3,6,0,27,0,0,0.16,0.15,0.31,1,1,1.98,0,0,0,0,1,0,28.6,66.3,12.0,10.7,5.0,0.0,3.176470588235294,0.0,0.0,0.08470588235294117,0.07941176470588235,0.16411764705882353,1.2
15157,2025-26,170,Milner,James,Milner,MID,3,6,Brighton,36,772,7,35,0,158,1,1,1.03,0.66,1.69,2,17,12.82,0,0,0,0,2,0,139.0,151.4,59.0,34.7,4.9,0.1,4.080310880829016,0.11658031088082901,0.11658031088082901,0.12007772020725388,0.07694300518134715,0.19702072538860105,7.142857142857142
17761,2023-24,265,Tarkowski,James,Tarkowski,DEF,2,9,Everton,11,3420,38,117,10,649,1,1,2.55,2.66,5.21,13,51,55.64,0,0,0,0,11,0,915.4,269.6,320.0,150.9,4.6,5.4,3.0789473684210527,0.026315789473684213,0.026315789473684213,0.06710526315789472,0.07,0.13710526315789476,25.434782608695656
17761,2024-25,236,Tarkowski,James,Tarkowski,DEF,2,8,Everton,11,2922,33,105,8,468,1,1,1.32,2.33,3.65,10,38,39.3,0,0,0,0,6,0,859.0,188.8,217.0,126.9,4.7,1.6,3.2340862422997945,0.030800821355236138,0.030800821355236138,0.0406570841889117,0.07176591375770021,0.11242299794661191,22.340425531914892
17761,2025-26,291,Tarkowski,James,Tarkowski,DEF,2,9,Everton,11,3330,37,170,12,592,2,3,2.53,2.1,4.63,11,48,53.54,0,0,0,0,8,0,995.6,235.6,422.0,165.7,5.8,12.6,4.594594594594595,0.05405405405405405,0.08108108108108109,0.06837837837837837,0.05675675675675676,0.12513513513513513,29.310344827586206
21205,2023-24,384,Heaton,Tom,Heaton,GK,1,14,Man Utd,1,0,0,0,0,0,0,0,0.0,0.0,0.0,0,0,0.0,0,0,0,0,0,0,0.0,0.0,0.0,0.0,3.9,0.1,,,,,,,0.0
21205,2024-25,374,Heaton,Tom,Heaton,GK,1,14,Man Utd,1,0,0,0,0,0,0,0,0.0,0.0,0.0,0,0,0.0,0,0,0,0,0,0,0.0,0.0,0.0,0.0,3.9,0.2,,,,,,,0.0
21205,2025-26,434,Heaton,Tom,Heaton,GK,1,14,Man Utd,1,0,0,0,0,0,0,0,0.0,0.0,0.0,0,0,0.0,0,0,0,0,0,0,0.0,0.0,0.0,0.0,3.8,0.6,,,,,,,0.0
37096,2023-24,533,Fabianski,Lukasz,Fabianski,GK,1,19,West Ham,21,721,7,24,1,152,0,0,0.0,0.0,0.0,1,21,17.0,33,0,0,0,0,0,245.6,0.0,0.0,24.6,4.2,1.3,2.9958391123439667,0.0,0.0,0.0,0.0,0.0,5.714285714285714
37096,2024-25,521,Fabianski,Łukasz,Fabiański,GK,1,19,West Ham,21,1160,13,39,2,143,0,0,0.0,0.0,0.0,2,21,22.78,50,0,0,0,2,0,387.8,0.3,0.0,38.7,3.9,10.0,3.025862068965517,0.0,0.0,0.0,0.0,0.0,10.0
37096,2025-26,738,Fabianski,Lukasz,Fabianski,GK,1,19,West Ham,21,0,0,0,0,0,0,0,0.0,0.0,0.0,0,0,0.0,0,0,0,0,0,0,0.0,0.0,0.0,0.0,4.5,0.0,,,,,,,0.0
40383,2023-24,498,Forster,Fraser,Forster,GK,1,18,Spurs,6,0,0,0,0,0,0,0,0.0,0.0,0.0,0,0,0.0,0,0,0,0,0,0,0.0,0.0,0.0,0.0,3.8,1.6,,,,,,,0.0
40383,2024-25,488,Forster,Fraser,Forster,GK,1,18,Spurs,6,630,7,19,0,64,0,0,0.0,0.0,0.0,1,15,14.8,29,0,0,0,0,0,221.0,0.0,0.0,22.2,4.3,0.3,2.7142857142857144,0.0,0.0,0.0,0.0,0.0,4.4186046511627906
40383,2025-26,782,Forster,Fraser,Forster,GK,1,4,Bournemouth,91,0,0,0,0,0,0,0,0.0,0.0,0.0,0,0,0.0,0,0,0,0,0,0,0.0,0.0,0.0,0.0,4.0,0.0,,,,,,,0.0
49262,2023-24,148,Steele,Jason,Steele,GK,1,5,Brighton,36,1530,17,42,5,300,0,0,0.0,0.0,0.0,2,34,24.86,43,0,0,0,0,0,382.2,0.1,0.0,38.2,4.0,1.7,2.4705882352941178,0.0,0.0,0.0,0.0,0.0,10.5
49262,2024-25,142,Steele,Jason,Steele,GK,1,5,Brighton,36,180,2,9,1,46,0,0,0.0,0.0,0.0,1,1,1.88,3,0,0,0,0,0,40.4,0.0,0.0,4.1,4.0,0.7,4.5,0.0,0.0,0.0,0.0,0.0,2.25
49262,2025-26,138,Steele,Jason,Steele,GK,1,6,Brighton,36,0,0,0,0,0,0,0,0.0,0.0,0.0,0,0,0.0,0,0,0,0,0,0,0.0,0.0,0.0,0.0,4.2,0.2,,,,,,,0.0
50175,2023-24,154,Welbeck,Danny,Welbeck,FWD,4,5,Brighton,36,1687,21,79,5,261,5,4,5.09,1.46,6.55,8,28,27.78,0,0,0,0,4,0,326.2,320.9,492.0,114.0,5.7,1.0,4.214582098399526,0.26674570243034973,0.21339656194427978,0.271547125074096,0.07788974510966212,0.34943687018375813,13.859649122807017
50175,2024-25,148,Welbeck,Danny,Welbeck,FWD,4,5,Brighton,36,2109,24,125,21,484,10,5,9.58,1.36,10.94,7,37,37.4,0,0,0,0,5,0,550.2,331.3,676.0,155.8,5.5,6.9,5.334281650071124,0.42674253200568996,0.21337126600284498,0.40881934566145095,0.05803698435277383,0.4668563300142248,22.727272727272727
50175,2025-26,178,Welbeck,Danny,Welbeck,FWD,4,6,Brighton,36,2249,26,126,18,511,13,1,12.36,1.4,13.76,10,28,31.68,0,0,2,0,5,0,578.8,309.7,803.0,168.2,6.3,8.4,5.042240995998221,0.5202312138728323,0.040017785682525564,0.494619831036016,0.05602489995553579,0.5506447309915518,20.0
54469,2023-24,84,Smith,Adam,Smith,DEF,2,3,Bournemouth,91,2148,25,80,4,378,0,3,0.05,1.5,1.55,8,33,33.02,0,0,0,0,6,0,336.4,296.5,27.0,66.1,4.4,0.5,3.35195530726257,0.0,0.12569832402234637,0.0020949720670391065,0.06284916201117319,0.06494413407821228,18.18181818181818
54469,2024-25,81,Smith,Adam,Smith,DEF,2,3,Bournemouth,91,1586,19,57,0,161,0,0,0.65,0.68,1.33,6,18,19.04,0,0,0,0,7,0,181.8,147.2,24.0,35.0,4.4,0.1,3.2345523329129886,0.0,0.0,0.036885245901639344,0.038587641866330395,0.07547288776796973,12.954545454545453
54469,2025-26,73,Smith,Adam,Smith,DEF,2,4,Bournemouth,91,1073,14,58,4,185,0,2,0.0,0.23,0.23,6,16,18.18,0,0,0,0,3,0,176.2,76.6,18.0,27.1,4.4,0.2,4.864864864864865,0.0,0.16775396085740912,0.0,0.01929170549860205,0.01929170549860205,13.18181818181818
57328,2023-24,222,Clyne,Nathaniel,Clyne,DEF,2,8,Crystal Palace,31,1335,14,52,0,259,0,1,0.21,0.21,0.42,5,16,21.65,0,0,0,0,0,0,179.6,67.8,21.0,27.0,4.3,0.2,3.50561797752809,0.0,0.06741573033707865,0.014157303370786517,0.014157303370786517,0.028314606741573035,12.093023255813954
57328,2024-25,196,Clyne,Nathaniel,Clyne,DEF,2,7,Crystal Palace,31,477,5,18,0,48,0,0,0.02,0.24,0.26,1,11,10.11,0,0,0,0,1,0,66.6,51.8,8.0,12.4,4.3,0.1,3.3962264150943393,0.0,0.0,0.0037735849056603774,0.045283018867924525,0.0490566037735849,4.186046511627907
57328,2025-26,263,Clyne,Nathaniel,Clyne,DEF,2,8,Crystal Palace,31,592,7,17,2,50,0,1,0.43,0.6,1.03,0,12,10.44,0,0,0,0,1,0,105.2,55.0,33.0,19.2,3.8,0.5,2.5844594594594597,0.0,0.15202702702702703,0.06537162162162162,0.09121621621621623,0.15658783783783783,4.473684210526316
58621,2023-24,369,Walker,Kyle,Walker,DEF,2,13,Man City,43,2766,30,123,13,633,0,5,0.4,3.2,3.6,10,29,28.61,0,0,0,0,2,0,465.4,534.1,126.0,112.6,5.5,15.1,4.002169197396963,0.0,0.16268980477223427,0.013015184381778741,0.10412147505422993,0.11713665943600868,22.363636363636363
58621,2024-25,363,Walker,Kyle,Walker,DEF,2,13,Man City,43,966,9,13,0,63,0,0,0.12,1.34,1.46,0,21,19.26,0,0,0,0,3,0,157.4,147.7,29.0,33.5,5.1,2.5,1.2111801242236024,0.0,0.0,0.011180124223602485,0.12484472049689442,0.1360248447204969,2.5490196078431375
58621,2025-26,187,Walker,Kyle,Walker,DEF,2,3,Burnley,90,3095,35,70,3,242,0,2,0.15,1.29,1.44,4,66,67.53,0,0,0,0,9,0,506.0,237.2,28.0,77.4,4.4,1.2,2.035541195476575,0.0,0.05815831987075929,0.004361873990306946,0.03751211631663974,0.04187399030694669,15.909090909090908
59949,2023-24,247,Coleman,Seamus,Coleman,DEF,2,9,Everton,11,661,7,30,3,141,0,0,0.0,0.7,0.7,4,10,10.48,0,0,0,1,0,0,108.6,49.9,6.0,16.5,4.4,0.1,4.084720121028744,0.0,0.0,0.0,0.09531013615733736,0.09531013615733736,6.8181818181818175
59949,2024-25,221,Coleman,Séamus,Coleman,DEF,2,8,Everton,11,214,3,5,0,17,0,0,0.62,0.03,0.65,0,4,4.45,0,0,0,0,1,0,42.4,3.8,23.0,7.1,4.3,0.0,2.102803738317757,0.0,0.0,0.2607476635514019,0.012616822429906542,0.2733644859813084,1.1627906976744187
59949,2025-26,294,Coleman,Séamus,Coleman,DEF,2,9,Everton,11,19,1,5,0,13,0,0,0.0,0.17,0.17,0,1,0.43,0,0,0,0,0,0,7.0,19.3,0.0,2.7,4.2,0.1,23.684210526315788,0.0,0.0,0.0,0.8052631578947369,0.8052631578947369,1.1904761904761905
60307,2023-24,134,Gross,Pascal,Groß,MID,3,5,Brighton,36,3112,34,153,29,724,4,11,6.4,8.89,15.29,7,50,51.16,0,0,0,0,6,0,988.6,1674.9,434.0,309.9,6.1,4.1,4.424807197943445,0.11568123393316194,0.3181233933161954,0.18508997429305915,0.25710154241645244,0.4421915167095115,25.081967213114755
60307,2024-25,125,Gross,Pascal,Groß,MID,3,5,Brighton,36,0,0,0,0,0,0,0,0.0,0.0,0.0,0,0,0.0,0,0,0,0,0,0,0.0,0.0,0.0,0.0,6.5,0.0,,,,,,,0.0
60307,2025-26,783,Groß,Pascal,Groß,MID,3,6,Brighton,36,1636,18,78,10,389,1,6,1.39,3.95,5.34,6,17,20.36,0,0,0,0,2,0,397.2,668.2,220.0,128.5,5.6,3.0,4.290953545232274,0.0550122249388753,0.33007334963325186,0.07646699266503666,0.21729828850855748,0.29376528117359413,13.928571428571429
60689,2023-24,468,Wood,Chris,Wood,FWD,4,16,Nott'm Forest,17,1801,20,131,22,456,14,1,11.71,0.92,12.63,2,34,27.19,0,0,0,0,0,0,598.2,281.1,795.0,167.4,4.7,1.7,6.5463631315935595,0.6996113270405331,0.049972237645752364,0.5851749028317602,0.04597445863409217,0.6311493614658523,27.872340425531913
60689,2024-25,447,Wood,Chris,Wood,FWD,4,16,Nott'm Forest,17,2958,35,200,41,744,20,3,13.42,1.59,15.01,15,37,40.64,0,0,0,0,1,0,838.4,320.0,900.0,205.6,7.2,30.8,6.085192697768763,0.6085192697768762,0.09127789046653144,0.40831643002028395,0.048377281947261666,0.4566937119675456,27.77777777777778
60689,2025-26,525,Wood,Chris,Wood,FWD,4,16,Nott'm Forest,17,896,11,41,4,145,3,0,4.29,0.32,4.61,2,14,14.44,0,0,0,0,0,0,139.0,88.4,266.0,48.0,7.1,4.7,4.118303571428571,0.3013392857142857,0.0,0.4309151785714286,0.03214285714285714,0.4630580357142857,5.774647887323944
61256,2023-24,376,Casemiro,Carlos Henrique,Casimiro,MID,3,14,Man Utd,1,1981,24,58,0,323,1,3,3.64,1.2,4.84,5,34,40.58,0,0,0,0,7,0,628.4,247.9,323.0,119.9,5.3,1.9,2.635032811711257,0.04543160020191822,0.13629480060575466,0.16537102473498233,0.054517920242301864,0.2198889449772842,10.943396226415095
61256,2024-25,368,Casemiro,Carlos Henrique,Casimiro,MID,3,14,Man Utd,1,1489,18,48,3,300,1,0,1.8,1.99,3.79,6,20,24.0,0,0,0,0,5,0,433.2,348.2,265.0,104.8,4.6,0.4,2.9012760241773,0.06044325050369376,0.0,0.10879785090664876,0.12028206850235057,0.22907991940899936,10.434782608695652
61256,2025-26,457,Casemiro,Carlos Henrique,Casimiro,MID,3,14,Man Utd,1,2575,33,165,20,636,9,4,5.44,3.17,8.61,9,32,31.77,0,0,0,0,9,1,903.6,536.1,585.0,202.8,5.8,3.8,5.766990291262136,0.3145631067961165,0.13980582524271845,0.1901359223300971,0.11079611650485437,0.30093203883495145,28.448275862068968
67089,2023-24,409,Dubravka,Martin,Dubravka,GK,1,15,Newcastle,4,1984,22,75,3,426,0,0,0.0,0.0,0.0,4,42,44.34,88,1,0,0,1,0,661.0,10.0,0.0,67.2,4.3,8.7,3.402217741935484,0.0,0.0,0.0,0.0,0.0,17.441860465116278
67089,2024-25,396,Dúbravka,Martin,Dúbravka,GK,1,15,Newcastle,4,900,10,44,2,160,0,0,0.0,0.0,0.0,5,12,11.19,29,0,0,0,0,0,220.2,0.0,0.0,22.0,4.0,1.3,4.4,0.0,0.0,0.0,0.0,0.0,11.0
67089,2025-26,470,Dúbravka,Martin,Dúbravka,GK,1,3,Burnley,90,3150,35,96,7,436,0,0,0.0,0.04,0.04,4,71,71.26,127,0,0,0,1,0,976.4,0.0,0.0,97.9,4.0,25.7,2.742857142857143,0.0,0.0,0.0,0.001142857142857143,0.001142857142857143,24.0
69752,2023-24,77,Neto,Norberto,Murara Neto,GK,1,3,Bournemouth,91,2880,32,110,14,592,0,0,0.0,0.01,0.01,7,55,49.66,113,1,0,0,5,0,875.2,0.0,0.0,87.5,4.6,4.2,3.4375000000000004,0.0,0.0,0.0,0.0003125,0.0003125,23.91304347826087
69752,2024-25,73,Neto,Norberto,Murara Neto,GK,1,1,Arsenal,3,180,2,7,0,30,0,0,0.0,0.0,0.0,0,2,2.91,11,0,0,0,0,0,77.8,0.0,0.0,7.8,4.1,0.7,3.5,0.0,0.0,0.0,0.0,0.0,1.707317073170732
69752,2025-26,66,Neto,Norberto,Murara Neto,GK,1,4,Bournemouth,91,0,0,0,0,0,0,0,0.0,0.0,0.0,0,0,0.0,0,0,0,0,0,0,0.0,0.0,0.0,0.0,4.5,0.1,,,,,,,0.0
75115,2023-24,433,Wilson,Callum,Wilson,FWD,4,15,Newcastle,4,981,9,69,4,246,9,1,8.96,0.54,9.5,6,15,13.12,0,0,0,0,3,0,366.2,110.3,563.0,103.2,7.8,3.0,6.330275229357798,0.8256880733944955,0.09174311926605505,0.8220183486238533,0.04954128440366973,0.8715596330275229,8.846153846153847
75115,2024-25,421,Wilson,Callum,Wilson,FWD,4,15,Newcastle,4,355,2,19,0,42,0,0,0.36,0.09,0.45,0,7,6.07,0,0,0,0,1,0,13.0,42.2,71.0,12.1,6.9,0.2,4.816901408450704,0.0,0.0,0.0912676056338028,0.0228169014084507,0.11408450704225352,2.753623188405797
75115,2025-26,671,Wilson,Callum,Wilson,FWD,4,19,West Ham,21,1234,11,80,7,296,7,2,7.6,0.54,8.14,1,24,21.49,0,0,0,0,1,0,305.2,109.0,509.0,91.1,5.8,0.6,5.834683954619124,0.5105348460291734,0.1458670988654781,0.5542949756888168,0.0393841166936791,0.5936790923824959,13.793103448275863
76357,2023-24,268,Cairney,Tom,Cairney,MID,3,10,Fulham,54,1472,14,70,2,346,1,6,1.03,2.58,3.61,4,27,29.53,0,0,0,1,3,0,335.2,407.2,170.0,90.9,4.9,0.0,4.279891304347826,0.06114130434782609,0.3668478260869565,0.06297554347826087,0.1577445652173913,0.22072010869565217,14.285714285714285
76357,2024-25,243,Cairney,Tom,Cairney,MID,3,9,Fulham,54,610,3,33,0,192,2,0,0.73,1.14,1.87,1,12,9.59,0,0,0,0,3,1,163.8,213.8,94.0,47.2,4.8,0.0,4.868852459016393,0.29508196721311475,0.0,0.1077049180327869,0.1681967213114754,0.2759016393442623,6.875
76357,2025-26,331,Cairney,Tom,Cairney,MID,3,10,Fulham,54,756,6,41,1,181,2,0,1.21,0.81,2.02,2,10,11.67,0,0,0,0,3,0,153.4,195.6,64.0,41.4,4.8,0.0,4.8809523809523805,0.23809523809523808,0.0,0.14404761904761904,0.09642857142857143,0.24047619047619045,8.541666666666668
77794,2023-24,430,Trippier,Kieran,Trippier,DEF,2,15,Newcastle,4,2235,26,111,20,589,1,10,0.65,6.97,7.62,6,43,40.26,0,0,0,0,5,0,719.0,1028.5,102.0,185.2,6.6,21.2,4.469798657718121,0.04026845637583893,0.40268456375838924,0.026174496644295303,0.28067114093959733,0.30684563758389266,16.81818181818182
77794,2024-25,418,Trippier,Kieran,Trippier,DEF,2,15,Newcastle,4,1299,14,72,8,287,0,3,0.12,1.44,1.56,6,18,17.05,0,0,0,0,1,0,319.4,406.8,33.0,76.1,5.6,4.4,4.988452655889145,0.0,0.20785219399538105,0.008314087759815241,0.09976905311778292,0.10808314087759814,12.857142857142858
77794,2025-26,478,Trippier,Kieran,Trippier,DEF,2,15,Newcastle,4,1586,18,54,2,225,0,1,0.08,2.06,2.14,5,27,21.28,0,0,0,0,3,0,288.0,488.5,14.0,79.0,4.9,1.4,3.0643127364438842,0.0,0.05674653215636822,0.004539722572509458,0.11689785624211854,0.121437578814628,11.020408163265305
78916,2023-24,407,Burn,Dan,Burn,DEF,2,15,Newcastle,4,2725,32,97,4,493,2,2,3.35,1.12,4.47,8,45,46.22,0,0,0,0,4,0,656.4,153.8,286.0,109.7,4.7,12.7,3.203669724770642,0.06605504587155964,0.06605504587155964,0.11064220183486238,0.0369908256880734,0.14763302752293575,20.638297872340424
78916,2024-25,395,Burn,Dan,Burn,DEF,2,15,Newcastle,4,3330,37,115,9,476,1,1,1.97,1.09,3.06,13,45,45.22,0,0,0,2,11,0,736.6,123.6,297.0,115.8,4.6,12.6,3.108108108108108,0.027027027027027025,0.027027027027027025,0.05324324324324325,0.02945945945945946,0.0827027027027027,25.000000000000004
78916,2025-26,476,Burn,Dan,Burn,DEF,2,15,Newcastle,4,2195,25,93,5,286,1,3,1.08,0.36,1.44,6,36,30.15,0,0,0,0,9,1,525.8,107.3,186.0,82.1,5.0,3.6,3.8132118451025057,0.04100227790432802,0.12300683371298406,0.044282460136674265,0.014760820045558084,0.05904328018223234,18.6
79602,2023-24,546,Bentley,Daniel,Bentley,GK,1,20,Wolves,39,382,3,18,1,73,0,0,0.0,0.0,0.0,2,7,7.79,8,0,0,0,0,0,70.8,0.0,0.0,7.1,3.9,0.8,4.2408376963350785,0.0,0.0,0.0,0.0,0.0,4.615384615384616
79602,2024-25,536,Bentley,Daniel,Bentley,GK,1,20,Wolves,39,180,2,9,1,29,0,0,0.0,0.0,0.0,1,4,3.01,8,0,0,0,0,0,60.0,0.0,0.0,6.0,3.9,1.7,4.5,0.0,0.0,0.0,0.0,0.0,2.307692307692308
79602,2025-26,629,Bentley,Daniel,Bentley,GK,1,20,Wolves,39,270,3,6,0,24,0,0,0.0,0.0,0.0,0,7,5.1,7,0,0,0,0,0,65.4,0.0,0.0,6.5,3.9,0.5,2.0,0.0,0.0,0.0,0.0,0.0,1.5384615384615385
80201,2023-24,275,Leno,Bernd,Leno,GK,1,10,Fulham,54,3420,38,133,15,782,0,0,0.0,0.0,0.0,10,61,64.14,134,0,0,1,3,0,1069.8,0.1,0.0,106.7,4.8,14.6,3.5,0.0,0.0,0.0,0.0,0.0,27.708333333333336
80201,2024-25,248,Leno,Bernd,Leno,GK,1,9,Fulham,54,3420,38,115,5,475,0,2,0.0,0.03,0.03,5,54,47.75,110,1,0,0,5,0,967.0,20.0,0.0,98.6,5.0,2.9,3.026315789473684,0.0,0.052631578947368425,0.0,0.0007894736842105263,0.0007894736842105263,23.0
80201,2025-26,314,Leno,Bernd,Leno,GK,1,10,Fulham,54,3420,38,122,8,556,0,0,0.0,0.02,0.02,9,51,52.73,98,0,0,1,3,0,816.2,0.0,0.0,81.5,5.0,2.3,3.210526315789474,0.0,0.0,0.0,0.0005263157894736842,0.0005263157894736842,24.4
80801,2023-24,254,Gana,Idrissa,Gueye,MID,3,9,Everton,11,1885,24,73,10,337,4,0,1.25,0.82,2.07,7,25,29.41,0,0,0,0,8,0,406.8,237.1,154.0,79.7,4.8,0.1,3.485411140583554,0.1909814323607427,0.0,0.05968169761273209,0.03915119363395225,0.09883289124668433,15.208333333333334
80801,2024-25,222,Gana,Idrissa,Gueye,MID,3,8,Everton,11,3063,35,89,5,505,0,3,1.15,1.99,3.14,12,39,39.88,0,0,0,0,9,0,522.0,327.2,117.0,96.6,4.8,0.2,2.615083251714006,0.0,0.0881488736532811,0.03379040156709109,0.05847208619000979,0.09226248775710087,18.541666666666668
80801,2025-26,302,Gana,Idrissa Gana,Gueye,MID,3,9,Everton,11,2094,25,83,4,419,2,3,1.99,1.84,3.83,5,26,31.26,0,0,0,0,1,1,382.6,259.2,208.0,85.1,5.4,0.1,3.5673352435530084,0.08595988538681948,0.12893982808022922,0.08553008595988539,0.07908309455587392,0.16461318051575932,15.37037037037037
82143,2023-24,482,Foderingham,Wes,Foderingham,GK,1,17,Sheffield Utd,49,2648,29,70,7,531,0,0,0.0,0.05,0.05,1,79,62.03,133,0,0,1,2,0,966.0,10.0,0.0,97.7,4.4,0.3,2.3791540785498486,0.0,0.0,0.0,0.0016993957703927492,0.0016993957703927492,15.909090909090908
82143,2024-25,522,Foderingham,Wes,Foderingham,GK,1,19,West Ham,21,0,0,0,0,0,0,0,0.0,0.0,0.0,0,0,0.0,0,0,0,0,0,0,0.0,0.0,0.0,0.0,4.2,0.1,,,,,,,0.0
82143,2025-26,601,Foderingham,Wes,Foderingham,GK,1,19,West Ham,21,0,0,0,0,0,0,0,0.0,0.0,0.0,0,0,0.0,0,0,0,0,0,0,0.0,0.0,0.0,0.0,4.0,0.2,,,,,,,0.0
83299,2023-24,129,Dunk,Lewis,Dunk,DEF,2,5,Brighton,36,2869,33,89,11,567,3,1,3.15,2.24,5.38,5,53,49.76,0,0,0,0,6,1,823.0,205.4,389.0,141.7,5.2,5.3,2.7919135587312653,0.09410944579993029,0.03136981526664343,0.09881491808992679,0.07026838619728129,0.16876960613454167,17.115384615384613
83299,2024-25,120,Dunk,Lewis,Dunk,DEF,2,5,Brighton,36,2081,23,44,0,223,0,1,0.81,1.02,1.83,4,42,35.69,0,0,0,1,5,0,425.4,115.7,128.0,66.9,4.2,2.3,1.9029312830370015,0.0,0.043248438250840945,0.03503123498318116,0.04411340701585777,0.07914464199903892,10.476190476190476
83299,2025-26,146,Dunk,Lewis,Dunk,DEF,2,6,Brighton,36,2837,31,100,5,443,1,1,1.83,0.56,2.39,7,40,41.9,0,0,0,0,10,0,649.6,125.5,210.0,98.7,4.5,1.0,3.1723651744800843,0.031723651744800845,0.031723651744800845,0.05805428269298556,0.017765244977088476,0.07581952767007402,22.22222222222222
84182,2023-24,524,Areola,Alphonse,Areola,GK,1,19,West Ham,21,2700,31,116,11,598,0,0,0.0,0.0,0.0,4,53,54.72,138,2,0,1,1,0,1023.2,0.0,0.0,102.4,4.2,22.3,3.8666666666666663,0.0,0.0,0.0,0.0,0.0,27.619047619047617
84182,2024-25,513,Areola,Alphonse,Areola,GK,1,19,West Ham,21,2259,25,69,1,261,0,0,0.0,0.0,0.0,4,41,37.78,82,0,0,1,0,0,619.8,0.0,0.0,62.1,4.2,7.2,2.7490039840637452,0.0,0.0,0.0,0.0,0.0,16.428571428571427
84182,2025-26,600,Areola,Alphonse,Areola,GK,1,19,West Ham,21,1800,20,51,2,220,0,1,0.0,0.0,0.0,0,37,35.3,77,0,0,0,0,0,570.4,10.0,0.0,57.9,4.2,1.9,2.55,0.0,0.05,0.0,0.0,0.0,12.142857142857142
85633,2023-24,808,Sels,Matz,Sels,GK,1,16,Nott'm Forest,17,1440,16,34,1,206,0,0,0.0,0.09,0.09,1,27,20.5,37,0,0,0,1,0,293.2,10.0,0.0,30.3,4.5,0.2,2.125,0.0,0.0,0.0,0.005625,0.005625,7.555555555555555
85633,2024-25,443,Sels,Matz,Sels,GK,1,16,Nott'm Forest,17,3420,38,150,11,521,0,1,0.0,0.26,0.26,13,46,50.17,120,0,0,0,4,0,942.2,20.2,0.0,96.7,5.2,19.9,3.9473684210526314,0.0,0.026315789473684213,0.0,0.006842105263157896,0.006842105263157896,28.846153846153847
85633,2025-26,502,Sels,Matz,Sels,GK,1,16,Nott'm Forest,17,2667,30,105,3,431,0,0,0.0,0.06,0.06,7,39,45.12,95,1,0,0,2,0,730.0,10.0,0.0,74.0,4.6,5.0,3.543307086614173,0.0,0.0,0.0,0.0020247469066366703,0.0020247469066366703,22.826086956521742
85971,2023-24,516,Son,Son,Heung-min,MID,3,18,Spurs,6,2934,34,213,25,707,17,10,11.49,7.87,19.36,8,51,53.77,0,0,0,1,1,0,993.2,921.9,1131.0,304.7,10.0,34.4,6.533742331288344,0.5214723926380368,0.3067484662576687,0.35245398773006137,0.24141104294478527,0.5938650306748466,21.3
85971,2024-25,503,Son,Son,Heung-min,MID,3,18,Spurs,6,2106,24,129,12,543,7,10,7.25,4.97,12.22,4,35,37.99,0,0,1,0,1,0,629.6,734.9,707.0,207.2,9.7,4.1,5.512820512820513,0.29914529914529914,0.42735042735042733,0.30982905982905984,0.21239316239316236,0.5222222222222223,13.29896907216495
85971,2025-26,579,Son,Son,Heung-min,MID,3,18,Spurs,6,0,0,0,0,0,0,0,0.0,0.0,0.0,0,0,0.0,0,0,0,0,0,0,0.0,0.0,0.0,0.0,8.5,0.1,,,,,,,0.0
87835,2023-24,598,Doherty,Matt,Doherty,DEF,2,20,Wolves,39,1136,9,41,1,186,1,0,0.89,0.86,1.75,1,21,23.16,0,0,0,0,2,0,237.8,168.1,122.0,52.9,4.3,0.2,3.2482394366197185,0.07922535211267606,0.0,0.0705105633802817,0.0681338028169014,0.1386443661971831,9.534883720930234
87835,2024-25,543,Doherty,Matt,Doherty,DEF,2,20,Wolves,39,2105,25,75,4,307,2,1,1.12,1.24,2.36,6,38,32.68,0,0,0,1,6,0,502.2,179.9,135.0,81.8,4.3,0.3,3.2066508313539193,0.0855106888361045,0.04275534441805225,0.047885985748218535,0.053016627078384795,0.10090261282660332,17.441860465116278
87835,2025-26,632,Doherty,Matt,Doherty,DEF,2,20,Wolves,39,786,11,14,0,59,0,0,0.09,0.19,0.28,1,15,14.13,0,0,0,0,4,0,132.4,51.1,20.0,20.5,4.4,0.1,1.6030534351145038,0.0,0.0,0.010305343511450382,0.021755725190839695,0.03206106870229008,3.1818181818181817
88248,2023-24,361,Ortega Moreno,Stefan,Ortega Moreno,GK,1,13,Man City,43,632,5,22,2,114,0,0,0.0,0.0,0.0,1,7,7.17,20,0,0,0,0,0,171.2,0.0,0.0,17.3,3.6,2.3,3.132911392405063,0.0,0.0,0.0,0.0,0.0,6.111111111111111
88248,2024-25,358,Ortega Moreno,Stefan,Ortega Moreno,GK,1,13,Man City,43,1099,12,35,0,144,0,0,0.0,0.0,0.0,3,18,19.12,33,0,0,0,1,0,292.6,0.0,0.0,29.4,5.2,0.7,2.8662420382165603,0.0,0.0,0.0,0.0,0.0,6.730769230769231
88248,2025-26,400,Ortega Moreno,Stefan,Ortega Moreno,GK,1,16,Nott'm Forest,17,270,3,11,0,38,0,0,0.0,0.01,0.01,1,4,4.65,8,0,0,0,0,0,68.6,0.0,0.0,6.9,4.7,0.2,3.666666666666667,0.0,0.0,0.0,0.003333333333333333,0.003333333333333333,2.3404255319148937
88894,2023-24,630,Barkley,Ross,Barkley,MID,3,12,Luton,102,2616,30,101,4,498,5,5,3.91,2.73,6.64,2,66,60.84,0,0,0,0,6,0,687.4,622.8,379.0,168.7,4.5,0.9,3.4747706422018347,0.1720183486238532,0.1720183486238532,0.13451834862385323,0.09392201834862386,0.22844036697247705,22.444444444444443
88894,2024-25,29,Barkley,Ross,Barkley,MID,3,2,Aston Villa,7,567,3,44,5,166,3,1,1.79,0.43,2.22,1,10,6.32,0,0,0,0,3,0,215.4,128.1,206.0,54.8,5.2,0.2,6.984126984126984,0.47619047619047616,0.15873015873015872,0.2841269841269841,0.06825396825396825,0.35238095238095246,8.461538461538462
88894,2025-26,55,Barkley,Ross,Barkley,MID,3,2,Aston Villa,7,844,7,56,5,221,3,2,1.58,1.26,2.84,1,15,13.2,0,0,0,0,1,0,227.8,162.3,191.0,58.1,4.8,0.1,5.971563981042655,0.31990521327014215,0.2132701421800948,0.1684834123222749,0.13436018957345972,0.30284360189573456,11.666666666666668
90585,2023-24,439,Boly,Willy,Boly,DEF,2,16,Nott'm Forest,17,1437,18,58,7,275,2,1,1.56,0.77,2.33,3,26,26.3,0,0,0,0,1,1,480.0,100.5,200.0,78.1,4.5,0.5,3.632567849686848,0.12526096033402923,0.06263048016701461,0.0977035490605428,0.048225469728601256,0.14592901878914405,12.88888888888889
90585,2024-25,425,Boly,Willy,Boly,DEF,2,16,Nott'm Forest,17,146,1,6,0,26,0,0,0.07,0.0,0.07,0,1,2.68,0,0,0,0,1,0,51.0,0.4,17.0,6.8,4.2,0.1,3.698630136986301,0.0,0.0,0.04315068493150685,0.0,0.04315068493150685,1.4285714285714286
90585,2025-26,514,Boly,Willy,Boly,DEF,2,16,Nott'm Forest,17,0,0,0,0,0,0,0,0.0,0.0,0.0,0,0,0.0,0,0,0,0,0,0,0.0,0.0,0.0,0.0,3.8,0.3,,,,,,,0.0
91651,2023-24,356,Kovačić,Mateo,Kovačić,MID,3,13,Man City,43,1539,16,59,2,316,1,0,1.24,1.66,2.9,9,14,13.55,0,0,0,0,4,0,265.0,365.9,129.0,76.0,4.6,0.3,3.4502923976608186,0.05847953216374269,0.0,0.07251461988304093,0.09707602339181286,0.1695906432748538,12.82608695652174
91651,2024-25,354,Kovačić,Mateo,Kovačić,MID,3,13,Man City,43,2194,25,109,13,542,6,3,1.91,3.21,5.11,10,29,31.5,0,0,0,0,5,1,606.4,579.3,204.0,139.1,5.4,1.2,4.4712853236098455,0.24612579762989975,0.12306289881494988,0.07835004557885142,0.13167730173199635,0.20961713764813128,20.185185185185183
91651,2025-26,422,Kovačić,Mateo,Kovačić,MID,3,13,Man City,43,125,1,9,0,41,0,1,0.13,0.42,0.55,0,3,4.0,0,0,0,0,0,0,46.0,65.5,3.0,11.5,5.8,0.0,6.4799999999999995,0.0,0.72,0.09360000000000002,0.30239999999999995,0.396,1.5517241379310345
95658,2023-24,387,Maguire,Harry,Maguire,DEF,2,14,Man Utd,1,1650,18,73,6,351,2,4,1.94,0.97,2.91,4,29,36.68,0,0,0,0,3,0,493.4,90.9,192.0,77.7,4.3,1.3,3.981818181818182,0.10909090909090909,0.21818181818181817,0.10581818181818181,0.052909090909090906,0.15872727272727274,16.976744186046513
95658,2024-25,377,Maguire,Harry,Maguire,DEF,2,14,Man Utd,1,1751,19,48,3,217,1,0,1.82,0.25,2.07,3,27,26.83,0,0,0,0,7,0,409.4,101.2,233.0,74.5,4.9,0.8,2.4671616219303254,0.05139920045688178,0.0,0.09354654483152483,0.012849800114220445,0.10639634494574528,9.795918367346937
95658,2025-26,442,Maguire,Harry,Maguire,DEF,2,14,Man Utd,1,1649,19,90,5,315,1,2,1.12,0.5,1.62,7,20,22.95,0,0,0,0,3,1,381.6,62.5,184.0,63.0,4.4,1.7,4.912067919951486,0.0545785324439054,0.1091570648878108,0.06112795633717405,0.0272892662219527,0.08841722255912675,20.454545454545453
97032,2023-24,313,Virgil,Virgil,van Dijk,DEF,2,11,Liverpool,14,3177,36,117,8,662,2,2,2.88,1.04,3.92,9,40,45.72,0,0,0,0,3,1,911.2,176.3,449.0,153.8,6.6,17.7,3.3144475920679883,0.056657223796033995,0.056657223796033995,0.08158640226628895,0.029461756373937678,0.11104815864022662,17.727272727272727
97032,2024-25,339,Virgil,Virgil,van Dijk,DEF,2,12,Liverpool,14,3330,37,143,8,631,3,1,2.22,0.98,3.2,14,38,36.13,0,0,0,0,5,0,932.6,206.6,299.0,143.7,6.7,25.6,3.864864864864865,0.08108108108108109,0.027027027027027025,0.060000000000000005,0.026486486486486487,0.08648648648648649,21.34328358208955
97032,2025-26,373,Virgil,Virgil,van Dijk,DEF,2,12,Liverpool,14,3420,38,175,10,593,6,1,3.77,1.44,5.21,10,53,47.63,0,0,0,0,4,0,1169.4,215.9,490.0,187.6,6.1,31.5,4.605263157894736,0.15789473684210525,0.026315789473684213,0.09921052631578947,0.03789473684210526,0.13710526315789476,28.688524590163937
97299,2023-24,368,Stones,John,Stones,DEF,2,13,Man City,43,1061,12,53,3,239,1,0,1.06,0.4,1.46,5,9,12.27,0,0,0,0,2,0,188.4,128.4,70.0,38.7,5.3,3.1,4.495758718190387,0.08482563619227144,0.0,0.08991517436380772,0.03393025447690858,0.12384542884071631,10.0
97299,2024-25,362,Stones,John,Stones,DEF,2,13,Man City,43,544,6,29,2,92,2,0,0.6,0.17,0.77,1,11,5.95,0,0,0,0,1,0,155.6,49.8,70.0,27.4,5.3,1.0,4.797794117647059,0.33088235294117646,0.0,0.09926470588235294,0.028125,0.12738970588235293,5.471698113207547
97299,2025-26,409,Stones,John,Stones,DEF,2,13,Man City,43,436,5,16,0,55,0,0,0.0,0.09,0.09,1,10,6.62,0,0,0,0,0,0,101.8,24.4,4.0,13.0,5.4,0.6,3.302752293577982,0.0,0.0,0.0,0.018577981651376144,0.018577981651376144,2.962962962962963
98747,2023-24,424,Pope,Nick,Pope,GK,1,15,Newcastle,4,1345,15,57,1,279,0,0,0.02,0.0,0.02,6,16,15.92,43,0,0,0,1,0,323.0,0.0,4.0,32.7,5.3,4.8,3.8141263940520447,0.0,0.0,0.0013382899628252788,0.0,0.0013382899628252788,10.754716981132075
98747,2024-25,413,Pope,Nick,Pope,GK,1,15,Newcastle,4,2520,28,102,2,384,0,0,0.0,0.0,0.0,8,35,34.94,88,1,0,0,2,0,666.0,10.0,0.0,67.4,5.0,6.1,3.6428571428571432,0.0,0.0,0.0,0.0,0.0,20.4
98747,2025-26,469,Pope,Nick,Pope,GK,1,15,Newcastle,4,2416,27,96,3,414,0,1,0.16,0.0,0.16,7,38,32.89,89,0,0,0,2,0,671.0,0.0,35.0,70.7,5.0,4.5,3.576158940397351,0.0,0.037251655629139076,0.005960264900662251,0.0,0.005960264900662251,19.2
98980,2023-24,49,Martinez,Emiliano,Martínez Romero,GK,1,2,Aston Villa,7,3015,34,115,19,640,0,0,0.0,0.01,0.01,8,48,49.87,95,0,0,2,4,0,802.0,20.0,0.0,82.2,5.2,10.5,3.4328358208955225,0.0,0.0,0.0,0.00029850746268656717,0.00029850746268656717,22.115384615384613
98980,2024-25,47,Martinez,Emiliano,Martínez Romero,GK,1,2,Aston Villa,7,3195,37,111,6,457,0,0,0.0,0.02,0.02,8,47,44.99,100,1,0,0,5,1,839.6,20.0,0.0,86.0,5.0,13.3,3.1267605633802815,0.0,0.0,0.0,0.0005633802816901409,0.0005633802816901409,22.2
98980,2025-26,32,Martinez,Emiliano,Martínez Romero,GK,1,2,Aston Villa,7,2835,32,120,11,530,0,1,0.0,0.08,0.08,7,39,42.92,95,1,0,0,2,0,769.8,23.2,0.0,79.2,5.0,4.4,3.8095238095238093,0.0,0.03174603174603175,0.0,0.0025396825396825397,0.0025396825396825397,24.0
101148,2023-24,419,Lascelles,Jamaal,Lascelles,DEF,2,15,Newcastle,4,1077,13,46,3,212,1,0,0.74,0.12,0.86,5,15,18.08,0,0,0,0,4,0,233.0,35.4,69.0,33.8,3.7,1.9,3.8440111420612815,0.08356545961002786,0.0,0.06183844011142061,0.010027855153203343,0.07186629526462394,12.432432432432432
101148,2024-25,407,Lascelles,Jamaal,Lascelles,DEF,2,15,Newcastle,4,0,0,0,0,0,0,0,0.0,0.0,0.0,0,0,0.0,0,0,0,0,0,0,0.0,0.0,0.0,0.0,4.5,0.0,,,,,,,0.0
101148,2025-26,480,Lascelles,Jamaal,Lascelles,DEF,2,15,Newcastle,4,19,0,1,0,0,0,0,0.04,0.0,0.04,0,2,0.55,0,0,0,0,0,0,10.2,0.0,7.0,1.7,4.3,0.0,4.7368421052631575,0.0,0.0,0.18947368421052632,0.0,0.18947368421052632,0.23255813953488372
101178,2023-24,664,Ward-Prowse,James,Ward-Prowse,MID,3,19,West Ham,21,3000,34,146,19,708,7,7,6.23,6.3,12.53,5,65,63.29,0,0,0,0,4,0,831.0,1023.5,324.0,217.5,5.7,5.3,4.38,0.21000000000000002,0.21000000000000002,0.1869,0.189,0.37589999999999996,25.614035087719298
101178,2024-25,531,Ward-Prowse,James,Ward-Prowse,MID,3,19,West Ham,21,1433,17,51,2,293,1,2,1.59,2.68,4.27,5,18,19.29,0,0,0,0,2,1,282.4,378.3,138.0,80.0,6.1,0.5,3.203070481507327,0.0628053035589672,0.1256106071179344,0.09986043265875785,0.1683182135380321,0.26817864619678994,8.360655737704919
101178,2025-26,614,Ward-Prowse,James,Ward-Prowse,MID,3,3,Burnley,90,1092,12,40,0,248,0,1,0.24,1.87,2.11,2,27,23.32,0,0,0,0,1,0,215.0,384.4,22.0,62.1,5.6,0.2,3.296703296703297,0.0,0.08241758241758242,0.01978021978021978,0.15412087912087913,0.1739010989010989,7.142857142857143
101188,2023-24,42,Digne,Lucas,Digne,DEF,2,2,Aston Villa,7,2405,27,85,5,420,1,4,0.99,3.49,4.48,6,41,41.65,0,0,0,0,7,0,448.4,601.7,200.0,125.1,4.6,3.1,3.180873180873181,0.037422037422037424,0.1496881496881497,0.03704781704781705,0.1306029106029106,0.16765072765072767,18.47826086956522
101188,2024-25,36,Digne,Lucas,Digne,DEF,2,2,Aston Villa,7,2348,28,89,7,383,0,5,0.8,3.97,4.77,6,36,34.94,0,0,0,0,4,0,512.6,583.9,112.0,120.7,4.4,5.6,3.411413969335605,0.0,0.1916524701873935,0.030664395229982967,0.15217206132879046,0.18283645655877342,20.227272727272727
101188,2025-26,37,Digne,Lucas,Digne,DEF,2,2,Aston Villa,7,1842,21,97,5,381,0,7,0.67,3.28,3.95,7,23,27.79,0,0,0,0,3,0,400.2,455.5,130.0,98.5,4.5,1.5,4.739413680781759,0.0,0.34201954397394135,0.032736156351791536,0.16026058631921825,0.1929967426710098,21.555555555555557
101982,2023-24,230,Johnstone,Sam,Johnstone,GK,1,8,Crystal Palace,31,1796,20,68,7,310,0,0,0.0,0.0,0.0,6,27,27.17,41,0,0,0,1,0,321.4,0.0,0.0,32.2,4.3,1.3,3.4075723830734965,0.0,0.0,0.0,0.0,0.0,15.813953488372094
101982,2024-25,204,Johnstone,Sam,Johnstone,GK,1,20,Wolves,39,630,7,12,0,42,0,0,0.0,0.0,0.0,0,17,12.98,23,0,0,0,0,0,193.8,10.0,0.0,20.4,4.1,0.2,1.7142857142857144,0.0,0.0,0.0,0.0,0.0,2.9268292682926833
101982,2025-26,627,Johnstone,Sam,Johnstone,GK,1,20,Wolves,39,1080,12,21,0,117,0,0,0.0,0.02,0.02,0,24,18.59,39,0,0,1,0,0,308.0,0.1,0.0,30.8,4.4,0.1,1.75,0.0,0.0,0.0,0.0016666666666666666,0.0016666666666666666,4.7727272727272725
102057,2023-24,558,Raúl,Raúl,Jiménez,FWD,4,10,Fulham,54,1390,18,72,13,237,7,0,5.37,0.96,6.33,4,29,37.43,0,0,0,0,3,1,335.8,185.9,440.0,95.1,5.0,0.6,4.661870503597122,0.4532374100719424,0.0,0.3476978417266187,0.06215827338129496,0.4098561151079137,14.4
102057,2024-25,252,Raúl,Raúl,Jiménez,FWD,4,9,Fulham,54,2486,30,147,26,539,12,3,11.97,2.07,14.04,7,37,33.49,0,0,0,0,4,0,612.8,372.2,1018.0,199.7,5.3,5.0,5.321802091713597,0.43443282381335474,0.10860820595333869,0.43334674175382143,0.0749396621078037,0.508286403861625,27.735849056603776
102057,2025-26,337,Raúl,Raúl,Jiménez Rodríguez,FWD,4,10,Fulham,54,2183,27,112,7,410,9,5,11.58,0.9,12.48,9,28,34.95,0,0,0,0,5,0,479.4,331.5,729.0,153.1,5.9,1.8,4.617498854786991,0.37104901511681176,0.20613834173156206,0.4774163994502978,0.03710490151168117,0.514521300961979,18.983050847457626
106468,2023-24,32,Alex Moreno,Alexandre,Moreno Lopera,DEF,2,2,Aston Villa,7,1024,11,49,5,211,2,0,1.11,0.98,2.09,3,20,18.5,0,0,0,1,2,0,217.8,156.9,152.0,52.7,4.9,1.1,4.306640625,0.17578125,0.0,0.09755859375,0.0861328125,0.18369140625,10.0
106468,2024-25,26,Alex Moreno,Álex,Moreno Lopera,DEF,2,16,Nott'm Forest,17,952,11,34,1,126,0,1,0.17,1.1,1.27,3,16,13.94,0,0,0,0,2,0,200.8,134.5,29.0,36.4,4.2,0.4,3.214285714285714,0.0,0.09453781512605042,0.01607142857142857,0.10399159663865547,0.12006302521008404,8.095238095238095
106468,2025-26,43,Alex Moreno,Álex,Moreno Lopera,DEF,2,2,Aston Villa,7,0,0,0,0,0,0,0,0.0,0.0,0.0,0,0,0.0,0,0,0,0,0,0,0.0,0.0,0.0,0.0,4.0,1.5,,,,,,,0.0
106611,2023-24,257,Keane,Michael,Keane,DEF,2,9,Everton,11,437,4,18,2,72,1,0,0.56,0.06,0.62,1,13,10.81,0,0,0,0,2,0,108.2,4.6,92.0,20.5,4.2,0.2,3.7070938215102975,0.20594965675057209,0.0,0.11533180778032039,0.012356979405034324,0.1276887871853547,4.285714285714286
106611,2024-25,228,Keane,Michael,Keane,DEF,2,8,Everton,11,1046,11,48,4,139,3,0,0.61,0.02,0.63,3,20,19.16,0,0,0,0,5,0,306.6,23.2,123.0,45.4,3.8,4.3,4.130019120458891,0.25812619502868067,0.0,0.05248565965583174,0.0017208413001912047,0.054206500956022946,12.631578947368421
106611,2025-26,295,Keane,Michael,Keane,DEF,2,9,Everton,11,2588,29,131,8,404,3,1,2.3,0.49,2.79,7,42,44.52,0,0,0,0,1,1,770.4,47.4,299.0,111.7,4.5,3.1,4.55564142194745,0.10432766615146831,0.0347758887171561,0.07998454404945904,0.01704018547140649,0.09702472952086552,29.11111111111111
106760,2023-24,398,Shaw,Luke,Shaw,DEF,2,14,Man Utd,1,960,12,31,0,195,0,1,0.05,0.89,0.94,4,13,20.17,0,0,0,0,6,0,197.2,199.3,29.0,42.6,5.2,2.7,2.9062500000000004,0.0,0.09375,0.004687500000000001,0.0834375,0.088125,5.961538461538462
106760,2024-25,387,Shaw,Luke,Shaw,DEF,2,14,Man Utd,1,346,4,5,0,38,0,0,0.03,0.77,0.8,0,5,3.81,0,0,0,1,1,0,48.2,68.2,11.0,12.7,4.9,0.2,1.300578034682081,0.0,0.0,0.007803468208092485,0.2002890173410405,0.20809248554913296,1.0204081632653061
106760,2025-26,443,Shaw,Luke,Shaw,DEF,2,14,Man Utd,1,3220,38,113,3,449,1,1,0.72,1.98,2.69,10,45,44.9,0,0,0,0,9,0,560.2,314.8,97.0,97.4,4.5,1.1,3.158385093167702,0.027950310559006212,0.027950310559006212,0.020124223602484472,0.0553416149068323,0.07518633540372671,25.11111111111111
108413,2023-24,229,Hughes,Will,Hughes,MID,3,8,Crystal Palace,31,1886,23,61,2,252,0,2,0.31,1.7,2.01,8,38,30.83,0,0,0,0,6,0,319.2,338.6,67.0,72.3,4.9,0.0,2.9109225874867444,0.0,0.09544008483563098,0.0147932131495228,0.08112407211028631,0.09591728525980911,12.448979591836734
108413,2024-25,203,Hughes,Will,Hughes,MID,3,7,Crystal Palace,31,2100,24,67,3,278,0,4,1.09,2.64,3.73,10,31,31.64,0,0,0,0,11,0,335.2,462.6,90.0,87.5,4.9,0.0,2.871428571428572,0.0,0.17142857142857143,0.046714285714285715,0.11314285714285716,0.15985714285714286,13.673469387755102
108413,2025-26,270,Hughes,Will,Hughes,MID,3,8,Crystal Palace,31,1560,19,45,0,217,0,1,1.11,1.94,3.05,5,18,25.35,0,0,0,0,7,0,198.0,322.9,90.0,60.9,4.7,0.1,2.5961538461538463,0.0,0.057692307692307696,0.06403846153846154,0.11192307692307693,0.17596153846153847,9.574468085106382
109345,2023-24,140,March,Solly,March,MID,3,5,Brighton,36,555,7,39,6,134,3,1,2.1,0.97,3.07,2,11,10.5,0,0,0,0,1,0,197.4,126.5,139.0,46.4,6.1,2.0,6.324324324324325,0.4864864864864865,0.16216216216216217,0.34054054054054056,0.1572972972972973,0.49783783783783786,6.39344262295082
109345,2024-25,132,March,Solly,March,MID,3,5,Brighton,36,161,1,7,0,25,0,0,0.09,0.32,0.41,0,3,2.82,0,0,0,0,2,0,24.0,59.6,18.0,10.1,6.5,0.0,3.9130434782608696,0.0,0.0,0.050310559006211175,0.17888198757763976,0.22919254658385094,1.0769230769230769
109345,2025-26,159,March,Solly,March,MID,3,6,Brighton,36,38,0,4,0,18,0,0,0.04,0.02,0.06,0,1,0.58,0,0,0,0,0,0,7.4,2.2,23.0,3.2,5.8,0.0,9.473684210526315,0.0,0.0,0.09473684210526316,0.04736842105263158,0.14210526315789473,0.6896551724137931
109533,2023-24,532,Emerson,Emerson,Palmieri dos Santos,DEF,2,19,West Ham,21,3138,35,82,8,519,1,4,1.64,2.07,3.71,5,67,68.08,0,0,0,1,10,0,649.0,400.2,168.0,121.8,4.3,1.9,2.3518164435946463,0.028680688336520075,0.1147227533460803,0.04703632887189292,0.05936902485659656,0.10640535372848949,19.069767441860467
109533,2024-25,520,Emerson,Emerson,Palmieri dos Santos,DEF,2,19,West Ham,21,2108,26,76,4,219,2,1,1.95,2.19,4.14,5,41,37.51,0,0,0,0,5,0,420.4,310.9,173.0,90.4,4.4,0.6,3.2447817836812147,0.08538899430740038,0.04269449715370019,0.08325426944971537,0.0935009487666034,0.17675521821631876,17.27272727272727
109533,2025-26,604,Emerson,Emerson,Palmieri dos Santos,DEF,2,19,West Ham,21,0,0,0,0,0,0,0,0.0,0.0,0.0,0,0,0.0,0,0,0,0,0,0,0.0,0.0,0.0,0.0,4.4,0.0,,,,,,,0.0
109646,2023-24,286,Tosin,Tosin,Adarabioyo,DEF,2,10,Fulham,54,1616,18,66,2,327,2,0,0.78,0.32,1.1,6,25,28.19,0,0,0,0,2,0,431.8,39.3,152.0,62.4,4.3,0.2,3.6757425742574257,0.11138613861386139,0.0,0.04344059405940594,0.017821782178217824,0.06126237623762377,15.348837209302326
109646,2024-25,187,Tosin,Tosin,Adarabioyo,DEF,2,6,Chelsea,8,1403,15,71,7,305,1,1,0.93,0.23,1.16,7,14,19.62,0,0,0,0,4,0,352.2,48.2,92.0,49.6,4.2,0.3,4.554526015680684,0.06414825374198146,0.06414825374198146,0.05965787598004277,0.014754098360655738,0.07441197434069849,16.904761904761905
109646,2025-26,232,Tosin,Tosin,Adarabioyo,DEF,2,7,Chelsea,8,788,8,34,2,130,0,0,0.11,0.4,0.5,2,14,13.25,0,0,0,0,2,0,240.4,33.3,19.0,29.3,4.0,0.3,3.8832487309644668,0.0,0.0,0.012563451776649746,0.045685279187817264,0.05710659898477157,8.5
109745,2023-24,187,Arrizabalaga,Kepa,Arrizabalaga,GK,1,7,Chelsea,8,0,0,0,0,0,0,0,0.0,0.0,0.0,0,0,0.0,0,0,0,0,0,0,0.0,0.0,0.0,0.0,5.0,0.2,,,,,,,0.0
109745,2024-25,152,Arrizabalaga,Kepa,Arrizabalaga,GK,1,3,Bournemouth,91,2790,31,106,7,406,0,0,0.06,0.03,0.09,8,39,38.83,97,0,0,0,3,0,744.4,10.4,4.0,75.8,4.6,3.7,3.4193548387096775,0.0,0.0,0.0019354838709677417,0.0009677419354838709,0.002903225806451613,23.043478260869566
109745,2025-26,2,Arrizabalaga,Kepa,Arrizabalaga Revuelta,GK,1,1,Arsenal,3,90,1,2,0,11,0,0,0.0,0.0,0.0,0,1,0.98,2,0,0,0,0,0,19.8,0.0,0.0,2.0,4.0,0.4,2.0,0.0,0.0,0.0,0.0,0.0,0.5
110735,2023-24,153,Webster,Adam,Webster,DEF,2,5,Brighton,36,1142,13,26,2,212,0,0,0.5,0.33,0.83,2,22,18.16,0,0,0,1,2,0,252.2,89.3,54.0,39.7,4.2,0.3,2.0490367775831873,0.0,0.0,0.0394045534150613,0.02600700525394046,0.06541155866900175,6.19047619047619
110735,2024-25,147,Webster,Adam,Webster,DEF,2,5,Brighton,36,885,11,39,2,167,0,1,0.25,0.28,0.53,4,11,14.26,0,0,0,0,1,0,198.4,49.7,55.0,30.2,4.3,0.1,3.9661016949152543,0.0,0.1016949152542373,0.025423728813559324,0.028474576271186446,0.053898305084745766,9.069767441860465
110735,2025-26,153,Webster,Adam,Webster,DEF,2,6,Brighton,36,0,0,0,0,0,0,0,0.0,0.0,0.0,0,0,0.0,0,0,0,0,0,0,0.0,0.0,0.0,0.0,4.4,0.0,,,,,,,0.0
111234,2023-24,263,Pickford,Jordan,Pickford,GK,1,9,Everton,11,3420,38,153,22,734,0,0,0.0,0.46,0.46,13,51,56.01,121,0,0,1,5,0,969.2,43.4,0.0,101.3,4.8,16.3,4.026315789473684,0.0,0.0,0.0,0.012105263157894737,0.012105263157894737,31.875
111234,2024-25,235,Pickford,Jordan,Pickford,GK,1,8,Everton,11,3420,38,158,15,593,0,1,0.0,0.22,0.22,12,44,46.11,122,2,0,0,7,0,1052.0,20.3,0.0,107.0,5.2,15.9,4.157894736842105,0.0,0.026315789473684213,0.0,0.005789473684210526,0.005789473684210526,30.384615384615383
111234,2025-26,287,Pickford,Jordan,Pickford,GK,1,9,Everton,11,3420,38,135,11,545,0,0,0.0,0.2,0.2,11,50,56.24,100,1,0,0,4,0,885.2,20.3,2.0,90.8,5.6,13.0,3.552631578947368,0.0,0.0,0.0,0.005263157894736842,0.005263157894736842,24.107142857142858
111317,2023-24,64,Brooks,David,Brooks,MID,3,3,Bournemouth,91,271,2,23,2,71,1,1,2.45,0.47,2.92,0,7,6.08,0,0,0,0,1,0,88.2,112.4,113.0,31.4,4.7,0.0,7.638376383763838,0.33210332103321033,0.33210332103321033,0.8136531365313654,0.15608856088560885,0.9697416974169742,4.8936170212765955
111317,2024-25,62,Brooks,David,Brooks,MID,3,3,Bournemouth,91,941,9,52,2,204,2,1,2.58,2.02,4.6,3,12,15.03,0,0,0,0,3,0,193.6,316.7,300.0,80.4,4.9,0.0,4.973432518597237,0.19128586609989373,0.09564293304994687,0.24675876726886292,0.19319872476089267,0.43995749202975554,10.612244897959183
111317,2025-26,86,Brooks,David,Brooks,MID,3,4,Bournemouth,91,1188,13,59,4,215,1,3,5.81,3.4,9.21,5,20,20.25,0,0,0,0,7,0,236.2,384.5,434.0,104.1,5.0,0.2,4.46969696969697,0.07575757575757576,0.2272727272727273,0.4401515151515151,0.25757575757575757,0.6977272727272728,11.8
111452,2023-24,710,Odysseas,Odysseas,Vlachodimos,GK,1,16,Nott'm Forest,17,450,5,12,0,79,0,0,0.0,0.01,0.01,1,12,7.48,10,0,0,0,0,0,101.8,10.0,0.0,11.2,4.5,0.1,2.4000000000000004,0.0,0.0,0.0,0.002,0.002,2.6666666666666665
111452,2024-25,412,Odysseas,Odysseas,Vlachodimos,GK,1,15,Newcastle,4,0,0,0,0,0,0,0,0.0,0.0,0.0,0,0,0.0,0,0,0,0,0,0,0.0,0.0,0.0,0.0,4.2,0.1,,,,,,,0.0
111452,2025-26,472,Odysseas,Odysseas,Vlachodimos,GK,1,15,Newcastle,4,0,0,0,0,0,0,0,0.0,0.0,0.0,0,0,0.0,0,0,0,0,0,0,0.0,0.0,0.0,0.0,4.0,0.0,,,,,,,0.0
111478,2023-24,151,Veltman,Joël,Veltman,DEF,2,5,Brighton,36,1579,17,49,0,294,1,1,0.46,0.53,0.99,3,32,25.63,0,0,0,0,4,0,320.8,97.8,98.0,51.8,4.3,0.6,2.79290690310323,0.056998100063331225,0.056998100063331225,0.026219126029132366,0.03020899303356555,0.056428119062697915,11.395348837209303
111478,2024-25,145,Veltman,Joël,Veltman,DEF,2,5,Brighton,36,1694,19,59,7,249,0,0,0.47,1.31,1.78,6,24,24.83,0,0,0,0,5,0,273.0,147.2,59.0,48.1,4.3,1.1,3.1345926800472252,0.0,0.0,0.02497048406139315,0.06959858323494687,0.09456906729634001,13.72093023255814
111478,2025-26,152,Veltman,Joël,Veltman,DEF,2,6,Brighton,36,1047,9,46,1,176,1,0,1.15,0.2,1.35,2,13,17.27,0,0,0,0,5,0,247.0,80.5,68.0,39.6,4.3,0.1,3.954154727793696,0.08595988538681948,0.0,0.0988538681948424,0.017191977077363897,0.11604584527220632,10.697674418604652
111773,2023-24,417,Krafth,Emil,Krafth,DEF,2,15,Newcastle,4,909,8,33,1,187,0,0,0.2,0.76,0.96,3,15,12.94,0,0,0,0,2,0,164.2,145.4,28.0,33.8,4.4,0.1,3.2673267326732676,0.0,0.0,0.019801980198019802,0.07524752475247524,0.09504950495049504,7.499999999999999
111773,2024-25,405,Krafth,Emil,Krafth,DEF,2,15,Newcastle,4,334,2,17,0,55,0,0,0.04,0.04,0.08,1,2,6.5,0,0,0,0,2,0,59.2,19.7,13.0,9.3,4.3,0.1,4.580838323353293,0.0,0.0,0.010778443113772455,0.010778443113772455,0.02155688622754491,3.9534883720930236
111773,2025-26,479,Krafth,Emil,Krafth,DEF,2,15,Newcastle,4,45,1,0,0,-8,0,0,0.0,0.0,0.0,0,2,0.25,0,0,0,0,0,0,1.4,1.2,0.0,0.3,4.3,0.0,0.0,0.0,0.0,0.0,0.0,0.0,0.0
114243,2023-24,423,J.Murphy,Jacob,Murphy,MID,3,15,Newcastle,4,1184,14,82,4,312,3,8,2.23,3.35,5.58,5,21,18.42,0,0,0,0,1,0,377.8,453.4,270.0,110.0,4.8,0.2,6.233108108108108,0.22804054054054054,0.6081081081081081,0.16951013513513513,0.2546452702702703,0.4241554054054054,17.083333333333336
114243,2024-25,402,J.Murphy,Jacob,Murphy,MID,3,15,Newcastle,4,2356,31,159,11,601,8,13,5.89,6.14,12.03,11,31,28.19,0,0,0,0,4,0,713.4,625.2,519.0,185.6,5.2,14.3,6.073853989813243,0.30560271646859083,0.4966044142614601,0.225,0.23455008488964343,0.4595500848896434,30.576923076923077
114243,2025-26,489,J.Murphy,Jacob,Murphy,MID,3,15,Newcastle,4,1606,19,82,5,314,3,2,3.07,2.66,5.73,8,20,24.35,0,0,0,0,2,0,330.8,393.7,346.0,106.0,5.9,0.6,4.595267745952678,0.16811955168119552,0.11207970112079702,0.1720423412204234,0.14906600249066004,0.32110834371108343,13.898305084745761
114283,2023-24,354,Grealish,Jack,Grealish,MID,3,13,Man City,43,998,10,50,6,199,3,1,2.17,2.69,4.86,3,13,12.58,0,0,0,0,6,0,240.4,384.1,295.0,91.9,7.2,1.5,4.509018036072145,0.27054108216432865,0.09018036072144288,0.19569138276553105,0.24258517034068133,0.4382765531062125,6.944444444444445
114283,2024-25,349,Grealish,Jack,Grealish,MID,3,13,Man City,43,710,7,38,4,187,1,1,1.13,1.67,2.8,2,10,11.33,0,0,0,0,3,0,157.2,321.4,234.0,71.3,6.4,0.2,4.816901408450704,0.1267605633802817,0.1267605633802817,0.1432394366197183,0.21169014084507043,0.3549295774647887,5.9375
114283,2025-26,419,Grealish,Jack,Grealish,MID,3,9,Everton,11,1627,18,79,12,356,2,6,2.05,3.37,5.41,7,23,25.81,0,0,0,0,3,1,374.2,520.5,397.0,129.2,6.3,5.6,4.3700061462815,0.11063306699446834,0.33189920098340503,0.11339889366933004,0.18641671788567918,0.2992624462200369,12.53968253968254
115556,2023-24,495,Davies,Ben,Davies,DEF,2,18,Spurs,6,1085,12,34,0,216,1,2,2.34,0.57,2.91,1,21,22.43,0,0,0,0,2,0,294.8,81.0,124.0,50.3,4.3,0.4,2.8202764976958528,0.08294930875576037,0.16589861751152074,0.19410138248847927,0.047281105990783404,0.2413824884792627,7.906976744186047
115556,2024-25,484,Davies,Ben,Davies,DEF,2,18,Spurs,6,1329,14,28,0,154,0,0,0.27,0.5,0.77,3,26,25.79,0,0,0,0,5,0,343.6,42.1,49.0,43.7,4.3,0.2,1.8961625282167043,0.0,0.0,0.018284424379232507,0.03386004514672686,0.05214446952595937,6.511627906976744
115556,2025-26,571,Davies,Ben,Davies,DEF,2,18,Spurs,6,136,2,10,1,29,1,0,0.49,0.07,0.56,0,3,1.11,0,0,0,0,1,0,67.4,22.2,52.0,14.2,4.3,0.1,6.61764705882353,0.6617647058823529,0.0,0.32426470588235295,0.04632352941176471,0.37058823529411766,2.3255813953488373
116216,2023-24,26,Trossard,Leandro,Trossard,MID,3,1,Arsenal,3,1633,18,138,11,398,12,2,8.29,2.96,11.25,12,10,13.46,0,0,0,0,2,0,563.6,384.7,746.0,169.5,6.6,3.6,7.605633802816901,0.6613594611145132,0.11022657685241886,0.4568891610532761,0.1631353337415799,0.6200244947948561,20.90909090909091
116216,2024-25,23,Trossard,Leandro,Trossard,MID,3,1,Arsenal,3,2546,28,152,18,561,8,8,6.74,4.12,10.86,11,27,24.76,0,0,0,0,2,1,609.0,617.6,798.0,202.1,6.7,4.5,5.3731343283582085,0.2827965435978005,0.2827965435978005,0.2382560879811469,0.14564021995286724,0.38389630793401414,22.686567164179102
116216,2025-26,20,Trossard,Leandro,Trossard,MID,3,1,Arsenal,3,1997,21,119,11,445,6,6,5.6,3.59,9.18,11,15,13.94,0,0,0,0,2,0,494.0,545.5,541.0,158.3,6.6,1.8,5.3630445668502755,0.27040560841261896,0.27040560841261896,0.25237856785177765,0.16179268903355032,0.4137205808713069,18.03030303030303
116535,2023-24,291,A.Becker,Alisson,Ramses Becker,GK,1,11,Liverpool,14,2520,28,107,9,575,0,0,0.0,0.0,0.0,8,30,35.21,83,0,0,0,1,0,671.2,10.4,0.0,68.1,5.7,9.7,3.8214285714285716,0.0,0.0,0.0,0.0,0.0,18.771929824561404
116535,2024-25,310,A.Becker,Alisson,Ramses Becker,GK,1,12,Liverpool,14,2508,28,112,9,451,0,0,0.0,0.2,0.2,10,29,27.1,78,0,0,0,0,0,628.8,13.0,0.0,64.0,5.5,8.4,4.019138755980861,0.0,0.0,0.0,0.007177033492822967,0.007177033492822967,20.363636363636363
116535,2025-26,366,A.Becker,Alisson,Becker,GK,1,12,Liverpool,14,2340,26,91,8,389,0,0,0.0,0.03,0.03,8,31,29.58,57,0,0,0,1,0,479.8,0.1,0.0,47.8,5.4,5.1,3.5,0.0,0.0,0.0,0.0011538461538461537,0.0011538461538461537,16.85185185185185
118748,2023-24,308,Salah,Mohamed,Salah,MID,3,11,Liverpool,14,2531,28,211,24,621,18,12,20.89,7.47,28.36,8,30,32.22,0,0,2,0,2,0,1033.8,892.2,1531.0,346.0,13.4,24.0,7.502963255630187,0.6400632161201106,0.42670881074674044,0.7428289213749507,0.2656262346898459,1.0084551560647965,15.746268656716417
118748,2024-25,328,M.Salah,Mohamed,Salah,MID,3,12,Liverpool,14,3374,38,344,55,1133,29,18,24.7,8.99,33.69,15,40,37.83,0,0,0,0,1,0,1577.0,1199.2,1985.0,476.0,13.6,66.3,9.17605216360403,0.7735625370480143,0.48014226437462953,0.6588618850029638,0.23980438648488445,0.8986662714878482,25.294117647058822
118748,2025-26,381,M.Salah,Mohamed,Salah,MID,3,12,Liverpool,14,2144,23,123,11,392,7,7,8.23,5.44,13.67,7,35,30.94,0,0,0,0,1,0,524.8,740.7,805.0,207.1,14.0,15.2,5.163246268656716,0.29384328358208955,0.29384328358208955,0.34547574626865674,0.2283582089552239,0.5738339552238806,8.785714285714286
119471,2023-24,427,Schär,Fabian,Schär,DEF,2,15,Newcastle,4,3055,35,123,12,629,4,3,2.47,1.41,3.87,9,58,58.64,0,0,0,0,5,0,826.6,166.7,278.0,127.4,5.6,7.3,3.623567921440262,0.11783960720130934,0.08837970540098199,0.07276595744680851,0.04153846153846154,0.11400981996726678,21.964285714285715
119471,2024-25,415,Schär,Fabian,Schär,DEF,2,15,Newcastle,4,2935,33,118,4,440,4,2,3.94,1.01,4.95,11,42,37.26,0,0,0,0,9,1,743.2,111.5,346.0,119.6,5.5,5.0,3.61839863713799,0.12265758091993186,0.06132879045996593,0.12081771720613288,0.030971039182282792,0.15178875638841569,21.454545454545453
119471,2025-26,474,Schär,Fabian,Schär,DEF,2,15,Newcastle,4,1089,11,51,0,186,0,0,0.97,0.6,1.57,4,13,13.85,0,0,0,0,1,0,291.2,63.6,108.0,46.4,5.2,1.1,4.214876033057851,0.0,0.0,0.08016528925619835,0.04958677685950413,0.12975206611570247,9.807692307692307
121160,2023-24,352,Ederson M.,Ederson,Santana de Moraes,GK,1,13,Man City,43,2785,33,112,5,569,0,0,0.0,0.03,0.03,11,27,27.43,57,0,0,0,5,0,551.8,10.0,0.0,56.0,5.5,13.1,3.619389587073609,0.0,0.0,0.0,0.000969479353680431,0.000969479353680431,20.363636363636363
121160,2024-25,347,Ederson M.,Ederson,Santana de Moraes,GK,1,13,Man City,43,2320,26,111,9,400,0,4,0.0,0.16,0.16,10,26,29.5,54,0,0,0,4,0,567.0,43.0,0.0,60.9,5.3,5.7,4.306034482758621,0.0,0.15517241379310345,0.0,0.0062068965517241385,0.0062068965517241385,20.943396226415096
121160,2025-26,399,Ederson M.,Ederson,Santana de Moraes,GK,1,13,Man City,43,0,0,0,0,0,0,0,0.0,0.0,0.0,0,0,0.0,0,0,0,0,0,0,0.0,0.0,0.0,0.0,5.3,0.8,,,,,,,0.0
122074,2023-24,192,Bettinelli,Marcus,Bettinelli,GK,1,7,Chelsea,8,0,0,-1,0,-3,0,0,0.0,0.0,0.0,0,0,0.0,0,0,0,0,1,0,0.0,0.0,0.0,0.0,4.0,0.0,,,,,,,-0.25
122074,2024-25,155,Bettinelli,Marcus,Bettinelli,GK,1,6,Chelsea,8,0,0,0,0,0,0,0,0.0,0.0,0.0,0,0,0.0,0,0,0,0,0,0,0.0,0.0,0.0,0.0,3.9,0.4,,,,,,,0.0
122074,2025-26,401,Bettinelli,Marcus,Bettinelli,GK,1,13,Man City,43,0,0,0,0,0,0,0,0.0,0.0,0.0,0,0,0.0,0,0,0,0,0,0,0.0,0.0,0.0,0.0,3.8,0.4,,,,,,,0.0
122798,2023-24,307,Robertson,Andrew,Robertson,DEF,2,11,Liverpool,14,1689,18,76,8,463,3,2,1.9,4.4,6.3,3,22,22.83,0,0,0,0,2,0,552.2,936.1,230.0,171.9,6.5,4.2,4.049733570159858,0.15985790408525755,0.10657193605683836,0.10124333925399644,0.2344582593250444,0.33570159857904086,11.692307692307692
122798,2024-25,335,Robertson,Andrew,Robertson,DEF,2,12,Liverpool,14,2479,29,91,4,397,0,1,1.12,4.27,5.39,10,32,26.9,0,0,0,1,3,1,395.4,668.7,182.0,124.4,5.8,4.0,3.3037515127067363,0.0,0.03630496167809601,0.04066155707946753,0.15502218636546994,0.19568374344493747,15.689655172413794
122798,2025-26,372,Robertson,Andrew,Robertson,DEF,2,12,Liverpool,14,1165,11,55,4,216,1,0,1.1,1.4,2.49,4,16,17.44,0,0,0,0,0,0,239.8,318.8,121.0,68.2,5.7,1.2,4.24892703862661,0.07725321888412016,0.0,0.0849785407725322,0.10815450643776824,0.19236051502145926,9.649122807017543
122806,2023-24,50,McGinn,John,McGinn,MID,3,2,Aston Villa,7,3000,35,119,9,502,6,5,5.01,4.99,10.0,7,54,49.85,0,0,0,0,9,1,640.4,690.7,360.0,169.4,5.3,0.9,3.5700000000000003,0.18,0.15000000000000002,0.1503,0.14970000000000003,0.30000000000000004,22.452830188679247
122806,2024-25,48,McGinn,John,McGinn,MID,3,2,Aston Villa,7,2217,27,78,1,360,1,4,3.1,2.7,5.8,8,34,35.03,0,0,0,0,7,0,277.2,500.6,263.0,103.7,5.2,0.7,3.1664411366711773,0.04059539918809202,0.16238159675236807,0.12584573748308525,0.10960757780784845,0.2354533152909337,15.0
122806,2025-26,54,McGinn,John,McGinn,MID,3,2,Aston Villa,7,2136,28,103,6,443,5,4,3.0,4.11,7.11,8,28,33.08,0,0,0,0,5,0,459.8,605.3,309.0,137.3,5.3,0.7,4.339887640449438,0.2106741573033708,0.16853932584269662,0.12640449438202248,0.1731741573033708,0.29957865168539327,19.433962264150946
126184,2023-24,342,Aké,Nathan,Aké,DEF,2,13,Man City,43,2039,24,99,6,483,2,3,2.47,1.14,3.61,6,20,21.14,0,0,0,0,0,0,447.2,197.7,249.0,89.7,5.0,5.2,4.369789112309956,0.08827856792545366,0.13241785188818048,0.10902403138793527,0.05031878371750858,0.15934281510544385,19.8
126184,2024-25,341,Aké,Nathan,Aké,DEF,2,13,Man City,43,677,8,25,0,121,0,0,0.22,0.17,0.39,3,11,13.44,0,0,0,0,0,0,104.6,33.7,20.0,15.9,5.3,0.8,3.323485967503693,0.0,0.0,0.029246676514032496,0.02259970457902511,0.051846381093057614,4.716981132075472
126184,2025-26,405,Aké,Nathan,Aké,DEF,2,13,Man City,43,686,6,36,1,151,0,0,0.72,0.53,1.25,3,9,9.85,0,0,0,0,1,0,132.4,111.7,78.0,32.4,5.2,0.6,4.723032069970846,0.0,0.0,0.0944606413994169,0.06953352769679301,0.1639941690962099,6.9230769230769225
128295,2023-24,110,Nørgaard,Christian,Nørgaard,MID,3,4,Brentford,94,2504,30,74,3,414,2,1,3.61,2.44,6.05,6,51,43.31,0,0,0,0,8,0,501.8,396.2,316.0,121.8,5.2,0.1,2.659744408945687,0.0718849840255591,0.03594249201277955,0.12975239616613418,0.08769968051118211,0.21745207667731628,14.23076923076923
128295,2024-25,101,Nørgaard,Christian,Nørgaard,MID,3,4,Brentford,94,2820,34,107,7,580,5,5,4.23,1.38,5.61,6,45,44.54,0,0,0,0,8,1,735.4,333.0,409.0,147.9,4.8,0.2,3.4148936170212765,0.1595744680851064,0.1595744680851064,0.135,0.04404255319148936,0.17904255319148937,22.291666666666668
128295,2025-26,24,Nørgaard,Christian,Nørgaard,MID,3,1,Arsenal,3,101,1,7,0,28,0,0,0.08,0.04,0.12,0,1,2.28,0,0,0,0,0,0,23.4,5.5,10.0,4.0,5.1,0.1,6.237623762376238,0.0,0.0,0.0712871287128713,0.03564356435643565,0.10693069306930693,1.3725490196078431
138001,2023-24,564,King,Tom,King,GK,1,20,Wolves,39,0,0,0,0,0,0,0,0.0,0.0,0.0,0,0,0.0,0,0,0,0,0,0,0.0,0.0,0.0,0.0,3.9,0.6,,,,,,,0.0
138001,2024-25,556,King,Tom,King,GK,1,20,Wolves,39,1,0,1,0,3,0,0,0.0,0.0,0.0,0,0,0.14,0,0,0,0,0,0,0.0,0.0,0.0,0.0,3.9,1.2,90.0,0.0,0.0,0.0,0.0,0.0,0.25641025641025644
138001,2025-26,630,King,Tom,King,GK,1,9,Everton,11,0,0,0,0,0,0,0,0.0,0.0,0.0,0,0,0.0,0,0,0,0,0,0,0.0,0.0,0.0,0.0,3.9,1.2,,,,,,,0.0
141746,2023-24,373,B.Fernandes,Bruno,Borges Fernandes,MID,3,14,Man Utd,1,3118,35,166,24,729,10,9,9.73,10.23,19.96,7,52,63.99,0,0,1,0,9,0,1101.6,1663.0,748.0,351.3,8.5,14.6,4.791533033996151,0.28864656831302116,0.25978191148171903,0.2808531109685696,0.2952854393842207,0.5761385503527903,19.529411764705884
141746,2024-25,366,B.Fernandes,Bruno,Borges Fernandes,MID,3,14,Man Utd,1,3017,35,174,28,810,8,12,9.93,7.89,17.82,10,47,45.85,0,0,0,0,3,2,1017.8,1407.7,587.0,300.8,8.4,13.7,5.190586675505469,0.23864766324163075,0.3579714948624461,0.2962214119986742,0.2353662578720583,0.5315876698707325,20.71428571428571
141746,2025-26,449,B.Fernandes,Bruno,Borges Fernandes,MID,3,14,Man Utd,1,3065,35,235,41,1008,9,24,10.79,12.28,23.07,7,46,44.42,0,0,2,0,5,0,1258.0,1938.5,614.0,381.4,10.4,48.0,6.900489396411094,0.2642740619902121,0.7047308319738989,0.3168352365415987,0.36058727569331156,0.6774225122349103,22.596153846153847
149065,2023-24,569,José Sá,José,Malheiro de Sá,GK,1,20,Wolves,39,3037,35,107,8,622,0,1,0.0,0.0,0.0,4,58,59.38,134,0,0,0,1,0,1003.4,11.0,0.0,101.6,5.0,2.0,3.1708923279552192,0.0,0.02963450773789924,0.0,0.0,0.0,21.4
149065,2024-25,554,José Sá,José,Malheiro de Sá,GK,1,20,Wolves,39,2610,29,93,4,305,0,0,0.0,0.01,0.01,7,48,42.22,71,2,0,0,2,0,603.4,30.0,0.0,63.4,4.4,2.8,3.206896551724138,0.0,0.0,0.0,0.0003448275862068965,0.0003448275862068965,21.136363636363633
149065,2025-26,628,José Sá,José,Malheiro de Sá,GK,1,20,Wolves,39,2070,23,68,8,303,0,0,0.0,0.04,0.04,4,37,35.24,65,0,0,0,2,0,514.2,10.0,0.0,52.8,4.2,1.1,2.956521739130435,0.0,0.0,0.0,0.0017391304347826088,0.0017391304347826088,16.19047619047619
149484,2023-24,51,Mings,Tyrone,Mings,DEF,2,2,Aston Villa,7,30,1,0,0,5,0,0,0.01,0.16,0.17,0,2,1.08,0,0,0,0,0,0,3.6,13.0,5.0,2.2,4.1,1.0,0.0,0.0,0.0,0.03,0.48,0.51,0.0
149484,2024-25,49,Mings,Tyrone,Mings,DEF,2,2,Aston Villa,7,1119,12,47,5,207,0,1,0.88,0.23,1.11,4,11,13.2,0,0,0,0,1,0,220.4,49.2,74.0,34.6,4.4,0.2,3.780160857908847,0.0,0.08042895442359249,0.0707774798927614,0.018498659517426276,0.08927613941018768,10.681818181818182
149484,2025-26,40,Mings,Tyrone,Mings,DEF,2,2,Aston Villa,7,1322,15,50,4,169,0,1,1.3,0.42,1.72,3,23,23.37,0,0,0,0,1,0,282.6,80.5,105.0,46.8,4.3,0.6,3.40393343419062,0.0,0.0680786686838124,0.08850226928895613,0.02859304084720121,0.11709531013615734,11.627906976744187
149519,2023-24,527,Cornet,Maxwel,Cornet,MID,3,19,West Ham,21,109,1,13,0,40,1,0,0.4,0.02,0.42,0,3,2.82,0,0,0,0,0,0,44.0,48.4,54.0,14.6,5.2,0.1,10.733944954128441,0.8256880733944955,0.0,0.3302752293577982,0.01651376146788991,0.3467889908256881,2.5
149519,2024-25,515,Cornet,Maxwel,Cornet,MID,3,17,Southampton,20,71,1,1,0,12,0,0,0.16,0.0,0.16,0,4,1.79,0,0,0,0,1,0,11.6,3.5,7.0,2.2,4.7,0.0,1.267605633802817,0.0,0.0,0.2028169014084507,0.0,0.2028169014084507,0.2127659574468085
149519,2025-26,617,Cornet,Maxwel,Cornet,MID,3,19,West Ham,21,0,0,0,0,0,0,0,0.0,0.0,0.0,0,0,0.0,0,0,0,0,0,0,0.0,0.0,0.0,0.0,4.9,0.0,,,,,,,0.0
151589,2023-24,40,Dendoncker,Leander,Dendoncker,MID,3,2,Aston Villa,7,118,1,20,3,64,1,1,0.73,0.01,0.74,0,3,1.58,0,0,0,0,0,0,59.2,3.9,37.0,10.0,4.9,0.0,15.254237288135592,0.7627118644067796,0.7627118644067796,0.5567796610169491,0.007627118644067797,0.5644067796610169,4.081632653061225
151589,2024-25,33,Dendoncker,Leander,Dendoncker,MID,3,2,Aston Villa,7,0,0,0,0,0,0,0,0.0,0.0,0.0,0,0,0.0,0,0,0,0,0,0,0.0,0.0,0.0,0.0,4.5,0.2,,,,,,,0.0
151589,2025-26,61,Dendoncker,Leander,Dendoncker,MID,3,2,Aston Villa,7,0,0,0,0,0,0,0,0.0,0.0,0.0,0,0,0.0,0,0,0,0,0,0,0.0,0.0,0.0,0.0,4.5,0.1,,,,,,,0.0
152551,2023-24,231,Lerma,Jefferson,Lerma Solís,MID,3,8,Crystal Palace,31,2399,27,64,4,338,1,1,2.61,1.78,4.39,5,46,38.16,0,0,0,0,8,0,417.6,366.1,240.0,102.4,4.7,0.1,2.40100041684035,0.03751563151313047,0.03751563151313047,0.09791579824927052,0.06677782409337224,0.16469362234264276,13.617021276595745
152551,2024-25,206,Lerma,Jefferson,Lerma Solís,MID,3,7,Crystal Palace,31,2270,26,58,2,326,0,1,1.07,1.75,2.82,6,36,33.55,0,0,0,0,9,0,401.4,190.2,197.0,78.7,4.8,0.1,2.2995594713656384,0.0,0.039647577092511016,0.042422907488986784,0.06938325991189427,0.11180616740088105,12.083333333333334
152551,2025-26,272,Lerma,Jefferson,Lerma Solís,MID,3,8,Crystal Palace,31,1722,18,69,3,296,0,5,1.84,1.48,3.32,7,25,25.11,0,0,0,2,7,0,287.6,207.2,233.0,72.5,4.9,0.1,3.6062717770034842,0.0,0.2613240418118467,0.09616724738675958,0.07735191637630662,0.1735191637630662,14.081632653061224
153127,2023-24,413,Hayden,Isaac,Hayden,MID,3,15,Newcastle,4,0,0,0,0,0,0,0,0.0,0.0,0.0,0,0,0.0,0,0,0,0,0,0,0.0,0.0,0.0,0.0,4.4,0.0,,,,,,,0.0
153127,2024-25,400,Hayden,Isaac,Hayden,MID,3,15,Newcastle,4,0,0,0,0,0,0,0,0.0,0.0,0.0,0,0,0.0,0,0,0,0,0,0,0.0,0.0,0.0,0.0,4.4,0.1,,,,,,,0.0
153127,2025-26,495,Hayden,Isaac,Hayden,MID,3,15,Newcastle,4,0,0,0,0,0,0,0,0.0,0.0,0.0,0,0,0.0,0,0,0,0,0,0,0.0,0.0,0.0,0.0,4.5,0.0,,,,,,,0.0
153133,2023-24,256,Iwobi,Alex,Iwobi,MID,3,10,Fulham,54,2331,27,102,9,425,5,2,5.23,4.2,9.43,7,41,37.63,0,0,0,0,2,0,504.2,718.8,534.0,175.9,5.3,0.4,3.938223938223938,0.19305019305019303,0.07722007722007722,0.20193050193050194,0.16216216216216217,0.36409266409266405,19.245283018867926
153133,2024-25,247,Iwobi,Alex,Iwobi,MID,3,9,Fulham,54,2981,35,156,16,704,9,6,4.33,6.9,11.23,6,45,38.06,0,0,0,0,1,0,806.8,922.4,699.0,243.0,5.4,4.9,4.709828916470983,0.2717208990271721,0.1811472660181147,0.1307279436430728,0.20831935592083195,0.3390472995639047,28.888888888888886
153133,2025-26,324,Iwobi,Alex,Iwobi,MID,3,10,Fulham,54,2420,29,103,13,508,4,3,1.91,4.7,6.61,5,40,35.7,0,0,0,0,3,0,511.2,739.4,343.0,159.4,6.1,1.1,3.830578512396694,0.1487603305785124,0.1115702479338843,0.07103305785123967,0.17479338842975206,0.24582644628099173,16.885245901639344
153366,2023-24,282,Reed,Harrison,Reed,MID,3,10,Fulham,54,1317,15,47,0,205,0,2,0.29,1.49,1.78,6,23,25.65,0,0,0,0,6,0,213.8,212.6,45.0,47.2,4.3,0.3,3.2118451025056944,0.0,0.1366742596810934,0.01981776765375854,0.10182232346241459,0.12164009111617312,10.930232558139535
153366,2024-25,254,Reed,Harrison,Reed,MID,3,9,Fulham,54,100,0,10,0,36,0,0,0.23,0.09,0.32,0,3,4.62,0,0,0,0,2,0,18.6,20.6,33.0,7.1,4.7,0.0,9.0,0.0,0.0,0.207,0.081,0.28800000000000003,2.127659574468085
153366,2025-26,336,Reed,Harrison,Reed,MID,3,10,Fulham,54,89,1,15,2,48,1,0,0.13,0.45,0.58,0,4,3.43,0,0,0,0,0,0,42.0,44.4,11.0,9.7,4.3,0.3,15.168539325842696,1.0112359550561798,0.0,0.13146067415730336,0.45505617977528096,0.5865168539325842,3.488372093023256
153682,2023-24,288,Wilson,Harry,Wilson,MID,3,10,Fulham,54,1603,16,94,5,307,4,7,3.45,2.63,6.08,5,30,33.01,0,0,0,0,6,0,375.0,357.3,340.0,107.2,5.3,0.2,5.277604491578291,0.22457891453524642,0.3930131004366812,0.19369931378665006,0.1476606363069245,0.34135995009357456,17.735849056603776
153682,2024-25,259,Wilson,Harry,Wilson,MID,3,9,Fulham,54,1148,12,78,6,329,6,2,4.19,1.17,5.36,2,21,16.22,0,0,0,0,2,0,334.6,310.2,440.0,107.8,5.2,0.2,6.114982578397212,0.47038327526132406,0.156794425087108,0.3284843205574913,0.09172473867595818,0.42020905923344953,15.0
153682,2025-26,329,Wilson,Harry,Wilson,MID,3,10,Fulham,54,2674,32,168,21,637,10,9,5.88,4.77,10.65,9,38,40.14,0,0,0,0,7,0,707.2,661.1,601.0,196.9,5.8,17.4,5.654450261780104,0.3365744203440538,0.3029169783096485,0.19790575916230368,0.1605459985041137,0.35845175766641735,28.96551724137931
154561,2023-24,113,Raya,David,Raya Martin,GK,1,1,Arsenal,3,2880,32,135,6,569,0,0,0.0,0.04,0.04,16,24,22.51,46,1,0,0,2,0,413.0,0.0,0.0,41.1,5.3,11.7,4.21875,0.0,0.0,0.0,0.00125,0.00125,25.471698113207548
154561,2024-25,15,Raya,David,Raya Martin,GK,1,1,Arsenal,3,3420,38,142,10,555,0,0,0.0,0.03,0.03,13,34,35.03,86,0,0,0,3,0,755.4,10.7,0.0,76.7,5.6,32.6,3.736842105263158,0.0,0.0,0.0,0.0007894736842105263,0.0007894736842105263,25.357142857142858
154561,2025-26,1,Raya,David,Raya Martín,GK,1,1,Arsenal,3,3330,37,162,11,633,0,0,0.0,0.07,0.07,19,26,27.56,60,0,0,0,1,0,541.6,33.5,0.0,57.5,6.2,36.4,4.378378378378379,0.0,0.0,0.0,0.0018918918918918919,0.0018918918918918919,26.129032258064516
154566,2023-24,85,Solanke,Dominic,Solanke,FWD,4,3,Bournemouth,91,3325,37,175,20,560,19,3,19.64,2.11,21.75,10,61,56.58,0,0,1,0,3,0,902.0,479.6,1348.0,272.7,6.9,17.8,4.7368421052631575,0.5142857142857142,0.081203007518797,0.531609022556391,0.05711278195488721,0.5887218045112782,25.362318840579707
154566,2024-25,82,Solanke,Dominic,Solanke-Mitchell,FWD,4,18,Spurs,6,2199,25,108,7,404,9,5,10.89,1.13,12.02,4,43,40.14,0,0,0,1,0,0,505.8,199.8,729.0,142.1,7.3,4.7,4.42019099590723,0.36834924965893584,0.20463847203274216,0.44570259208731244,0.046248294679399726,0.49195088676671217,14.794520547945206
154566,2025-26,596,Solanke,Dominic,Solanke-Mitchell,FWD,4,18,Spurs,6,997,11,40,4,187,3,0,2.97,0.34,3.3,0,21,17.8,0,0,0,0,1,0,205.0,84.1,339.0,62.7,7.1,1.1,3.6108324974924773,0.27081243731193577,0.0,0.2681043129388165,0.030692076228686062,0.29789368104312935,5.633802816901409
155405,2023-24,364,Phillips,Kalvin,Phillips,MID,3,19,West Ham,21,394,3,10,0,27,0,0,0.22,0.11,0.33,0,13,10.75,0,0,0,0,1,1,35.6,23.3,31.0,9.1,4.7,0.0,2.284263959390863,0.0,0.0,0.050253807106598984,0.025126903553299492,0.07538071065989847,2.127659574468085
155405,2024-25,359,Phillips,Kalvin,Phillips,MID,3,10,Ipswich,40,1231,14,27,0,167,0,0,0.45,0.46,0.91,1,30,27.21,0,0,0,0,4,1,181.8,116.2,41.0,33.8,4.8,0.1,1.9740048740861087,0.0,0.0,0.03290008123476848,0.033631194151096666,0.06653127538586516,5.625
155405,2025-26,429,Phillips,Kalvin,Phillips,MID,3,13,Man City,43,0,0,0,0,0,0,0,0.0,0.0,0.0,0,0,0.0,0,0,0,0,0,0,0.0,0.0,0.0,0.0,4.7,0.1,,,,,,,0.0
155408,2023-24,66,L.Cook,Lewis,Cook,MID,3,3,Bournemouth,91,2787,32,77,5,446,0,3,0.42,2.92,3.34,8,51,50.3,0,0,0,0,5,1,520.2,681.9,67.0,127.2,4.8,0.1,2.4865446716899893,0.0,0.0968783638320775,0.013562970936490849,0.09429494079655543,0.10785791173304629,16.041666666666668
155408,2024-25,64,Cook,Lewis,Cook,MID,3,3,Bournemouth,91,2976,32,82,3,500,1,4,0.94,3.76,4.7,5,44,45.25,0,0,0,0,8,1,607.0,727.1,114.0,144.9,5.0,0.1,2.4798387096774195,0.03024193548387097,0.12096774193548387,0.02842741935483871,0.11370967741935484,0.14213709677419356,16.4
155408,2025-26,88,Cook,Lewis,Cook,MID,3,4,Bournemouth,91,872,8,40,0,190,0,1,0.07,0.52,0.59,1,19,14.0,0,0,0,0,1,1,206.8,183.8,12.0,40.6,4.9,0.0,4.128440366972478,0.0,0.10321100917431193,0.007224770642201836,0.053669724770642205,0.06089449541284404,8.16326530612245
156074,2023-24,7,Holding,Rob,Holding,DEF,2,8,Crystal Palace,31,0,0,0,0,0,0,0,0.0,0.0,0.0,0,0,0.0,0,0,0,0,0,0,0.0,0.0,0.0,0.0,4.3,0.1,,,,,,,0.0
156074,2024-25,202,Holding,Rob,Holding,DEF,2,7,Crystal Palace,31,0,0,0,0,0,0,0,0.0,0.0,0.0,0,0,0.0,0,0,0,0,0,0,0.0,0.0,0.0,0.0,4.2,0.1,,,,,,,0.0
156074,2025-26,264,Holding,Rob,Holding,DEF,2,8,Crystal Palace,31,0,0,0,0,0,0,0,0.0,0.0,0.0,0,0,0.0,0,0,0,0,0,0,0.0,0.0,0.0,0.0,4.0,0.0,,,,,,,0.0
156689,2023-24,267,Andreas,Andreas,Hoelgebaum Pereira,MID,3,10,Fulham,54,2611,34,127,7,459,3,9,4.52,5.72,10.24,14,40,42.91,0,0,0,0,6,0,503.6,1254.3,417.0,217.8,5.3,0.9,4.37763309076982,0.10340865568747606,0.31022596706242817,0.1558023745691306,0.197165836844121,0.3529682114132516,23.962264150943398
156689,2024-25,240,Andreas,Andreas,Hoelgebaum Pereira,MID,3,9,Fulham,54,2004,25,81,2,355,2,6,4.24,4.63,8.87,5,32,27.35,0,0,1,0,8,0,326.6,868.3,300.0,149.0,4.9,0.8,3.6377245508982035,0.08982035928143711,0.2694610778443114,0.19041916167664671,0.20793413173652694,0.3983532934131736,16.53061224489796
156689,2025-26,327,Andreas,Andreas,Hoelgebaum Pereira,MID,3,10,Fulham,54,0,0,0,0,0,0,0,0.0,0.0,0.0,0,0,0.0,0,0,0,0,0,0,0.0,0.0,0.0,0.0,5.3,0.1,,,,,,,0.0
158499,2023-24,65,Christie,Ryan,Christie,MID,3,3,Bournemouth,91,2908,35,90,5,433,0,5,2.49,5.37,7.86,8,56,48.61,0,0,0,0,6,0,620.2,780.2,351.0,175.4,5.0,0.1,2.785419532324622,0.0,0.15474552957359008,0.07706327372764787,0.16619669876203577,0.24325997248968362,18.0
158499,2024-25,63,Christie,Ryan,Christie,MID,3,3,Bournemouth,91,2114,27,76,5,435,2,3,2.14,2.9,5.04,8,28,30.17,0,0,0,0,9,0,514.0,576.8,303.0,139.6,4.8,0.1,3.2355723746452223,0.08514664143803216,0.12771996215704826,0.09110690633869442,0.12346263008514664,0.21456953642384105,15.833333333333334
158499,2025-26,87,Christie,Ryan,Christie,MID,3,4,Bournemouth,91,978,9,47,2,214,2,1,1.81,0.79,2.6,3,14,19.14,0,0,0,0,3,1,226.6,197.0,220.0,64.7,4.9,0.1,4.325153374233128,0.18404907975460125,0.09202453987730062,0.1665644171779141,0.0726993865030675,0.2392638036809816,9.591836734693876
158983,2023-24,668,Endo,Wataru,Endo,MID,3,11,Liverpool,14,1714,20,47,0,250,1,0,0.51,1.53,2.04,6,16,22.42,0,0,0,0,10,0,281.6,269.5,53.0,60.1,5.4,0.1,2.4679113185530923,0.052508751458576426,0.0,0.02677946324387398,0.08033838973162194,0.10711785297549592,8.703703703703702
158983,2024-25,320,Endo,Endo,Wataru,MID,3,12,Liverpool,14,259,1,21,0,82,0,0,0.0,0.09,0.09,0,5,4.25,0,0,0,0,0,0,57.6,38.2,6.0,10.0,4.6,0.1,7.297297297297297,0.0,0.0,0.0,0.03127413127413127,0.03127413127413127,4.565217391304349
158983,2025-26,392,Endo,Endo,Wataru,MID,3,12,Liverpool,14,170,1,12,0,49,0,1,0.04,0.05,0.09,1,5,4.11,0,0,0,0,1,0,56.0,18.1,6.0,8.0,4.9,0.1,6.352941176470588,0.0,0.5294117647058824,0.021176470588235293,0.02647058823529412,0.04764705882352941,2.4489795918367343
159506,2023-24,604,Aina,Olu,Aina,DEF,2,16,Nott'm Forest,17,1690,20,45,2,289,1,1,0.34,1.01,1.35,2,39,29.01,0,0,0,0,3,0,312.0,181.7,49.0,54.4,4.5,0.3,2.396449704142012,0.05325443786982249,0.05325443786982249,0.018106508875739644,0.05378698224852071,0.07189349112426036,10.0
159506,2024-25,422,Aina,Ola,Aina,DEF,2,16,Nott'm Forest,17,2996,35,128,15,483,2,1,0.63,2.25,2.88,12,39,40.59,0,0,0,0,5,0,578.2,282.3,80.0,94.1,5.3,13.0,3.8451268357810413,0.06008010680907877,0.030040053404539385,0.018925233644859814,0.06759012016021362,0.08651535380507343,24.150943396226417
159506,2025-26,507,Aina,Ola,Aina,DEF,2,16,Nott'm Forest,17,1587,18,67,5,264,0,2,0.41,0.84,1.25,6,19,25.31,0,0,0,0,3,0,285.2,160.3,58.0,50.5,4.7,2.1,3.7996219281663515,0.0,0.11342155009451796,0.023251417769376177,0.04763705103969754,0.07088846880907372,14.25531914893617
159533,2023-24,662,Adama,Adama,Traoré,MID,3,10,Fulham,54,363,1,36,1,113,2,3,1.49,0.88,2.37,0,13,11.28,0,0,0,0,2,0,164.2,108.1,140.0,41.3,4.9,0.0,8.925619834710744,0.49586776859504134,0.743801652892562,0.3694214876033058,0.21818181818181817,0.587603305785124,7.346938775510203
159533,2024-25,239,Adama,Adama,Traoré,MID,3,9,Fulham,54,1756,18,95,8,384,2,8,4.11,4.61,8.72,3,28,25.17,0,0,0,0,3,0,385.4,632.1,426.0,144.6,4.5,1.4,4.8690205011389525,0.10250569476082004,0.41002277904328016,0.21064920273348522,0.2362756264236902,0.4469248291571754,21.11111111111111
159533,2025-26,326,Adama,Adama,Traoré Diarra,MID,3,19,West Ham,21,376,1,25,0,74,0,0,0.69,0.57,1.26,0,12,8.38,0,0,0,0,1,0,33.4,73.8,70.0,17.2,5.1,0.1,5.98404255319149,0.0,0.0,0.1651595744680851,0.13643617021276597,0.3015957446808511,4.901960784313726
165809,2023-24,344,Bernardo,Bernardo,Veiga de Carvalho e Silva,MID,3,13,Man City,43,2576,29,141,20,604,6,9,3.54,8.05,11.59,10,26,26.4,0,0,0,0,8,0,747.4,959.5,570.0,228.0,6.2,2.9,4.926242236024844,0.2096273291925466,0.3144409937888199,0.12368012422360247,0.28125,0.4049301242236025,22.741935483870968
165809,2024-25,342,Bernardo,Bernardo,Veiga de Carvalho e Silva,MID,3,13,Man City,43,2667,29,110,13,568,4,4,3.84,4.56,8.4,10,36,39.68,0,0,0,0,7,0,603.0,800.4,532.0,193.6,6.1,2.8,3.7120359955005626,0.13498312710911137,0.13498312710911137,0.1295838020247469,0.15388076490438693,0.28346456692913385,18.0327868852459
165809,2025-26,416,Bernardo,Bernardo,Mota Veiga de Carvalho e Silva,MID,3,13,Man City,43,2869,34,102,4,534,2,4,2.71,4.11,6.81,13,30,35.59,0,0,0,0,10,0,514.0,809.0,353.0,167.8,6.2,0.7,3.19972115719763,0.06273963053328686,0.12547926106657373,0.0850121993726037,0.1289299407459045,0.21362844196584174,16.451612903225804
166477,2023-24,688,Castagne,Timothy,Castagne,DEF,2,10,Fulham,54,2630,29,105,7,510,1,3,1.29,2.06,3.35,9,40,41.07,0,0,0,0,3,0,494.4,295.0,229.0,102.1,4.5,1.6,3.593155893536122,0.034220532319391636,0.10266159695817491,0.044144486692015206,0.07049429657794677,0.11463878326996199,23.333333333333332
166477,2024-25,244,Castagne,Timothy,Castagne,DEF,2,9,Fulham,54,1642,17,46,0,205,0,1,0.38,0.56,0.94,3,28,22.39,0,0,0,0,1,0,360.4,163.6,123.0,64.9,4.2,0.8,2.5213154689403168,0.0,0.05481120584652862,0.020828258221680877,0.03069427527405603,0.0515225334957369,10.952380952380953
166477,2025-26,319,Castagne,Timothy,Castagne,DEF,2,10,Fulham,54,1838,20,61,3,294,0,2,1.5,1.47,2.97,3,31,32.66,0,0,0,0,4,0,373.0,292.2,195.0,86.2,4.3,0.2,2.986942328618063,0.0,0.09793253536452666,0.07344940152339499,0.0719804134929271,0.1454298150163221,14.186046511627907
166989,2023-24,58,Tielemans,Youri,Tielemans,MID,3,2,Aston Villa,7,1613,17,77,2,318,2,6,1.24,1.98,3.22,4,27,31.07,0,0,0,0,3,0,369.2,325.4,136.0,83.3,5.6,0.4,4.296342219466832,0.11159330440173588,0.33477991320520767,0.06918784872907625,0.11047737135771854,0.1796652200867948,13.75
166989,2024-25,57,Tielemans,Youri,Tielemans,MID,3,2,Aston Villa,7,3025,35,121,15,686,3,7,3.31,5.83,9.14,7,46,43.87,0,0,1,0,4,0,799.6,963.1,333.0,209.6,5.5,1.1,3.6,0.08925619834710743,0.20826446280991737,0.0984793388429752,0.17345454545454547,0.2719338842975207,22.0
166989,2025-26,48,Tielemans,Youri,Tielemans,MID,3,2,Aston Villa,7,1857,21,68,3,417,0,4,1.14,3.26,4.4,4,27,31.34,0,0,0,0,0,0,432.0,513.6,184.0,113.1,5.9,0.7,3.295638126009693,0.0,0.1938610662358643,0.05525040387722132,0.1579967689822294,0.21324717285945075,11.525423728813559
167074,2023-24,285,Tete,Kenny,Tete,DEF,2,10,Fulham,54,863,10,27,0,161,1,0,0.86,0.46,1.32,2,21,22.97,0,0,0,0,2,0,195.2,93.4,67.0,35.6,4.4,0.3,2.8157589803012746,0.10428736964078794,0.0,0.08968713789107763,0.04797219003476246,0.1376593279258401,6.136363636363636
167074,2024-25,257,Tete,Kenny,Tete,DEF,2,9,Fulham,54,1773,21,49,0,207,0,2,1.37,0.65,2.02,3,26,25.5,0,0,0,0,5,0,381.2,192.2,158.0,73.1,4.4,0.2,2.487309644670051,0.0,0.10152284263959392,0.06954314720812184,0.03299492385786802,0.10253807106598985,11.136363636363635
167074,2025-26,322,Tete,Kenny,Tete,DEF,2,10,Fulham,54,1791,21,81,5,318,1,0,0.92,1.46,2.38,6,25,25.79,0,0,0,0,2,0,416.0,214.1,108.0,73.9,4.5,0.2,4.07035175879397,0.05025125628140704,0.0,0.04623115577889447,0.07336683417085427,0.11959798994974874,18.0
168636,2023-24,804,Enes Ünal,Enes,Ünal,FWD,4,3,Bournemouth,91,317,2,40,3,99,2,4,2.84,0.13,2.97,1,9,4.49,0,0,0,0,1,0,142.4,58.6,242.0,43.7,5.0,0.0,11.356466876971608,0.5678233438485805,1.135646687697161,0.8063091482649842,0.03690851735015773,0.8432176656151421,8.0
168636,2024-25,65,Enes Ünal,Enes,Ünal,FWD,4,3,Bournemouth,91,330,2,32,4,97,2,1,2.73,0.26,2.99,2,3,6.38,0,0,0,0,2,0,104.0,56.1,207.0,35.9,5.4,0.1,8.727272727272727,0.5454545454545454,0.2727272727272727,0.7445454545454545,0.07090909090909091,0.8154545454545454,5.925925925925926
168636,2025-26,98,Enes Ünal,Enes,Ünal,FWD,4,4,Bournemouth,91,214,0,27,1,83,1,0,2.0,0.07,2.07,0,3,6.16,0,0,0,0,1,0,70.2,25.0,104.0,19.1,5.4,0.0,11.355140186915886,0.4205607476635514,0.0,0.8411214953271028,0.0294392523364486,0.8705607476635514,5.0
168991,2023-24,63,Billing,Philip,Billing,MID,3,3,Bournemouth,91,1385,13,60,3,228,2,3,2.53,2.11,4.64,2,36,29.25,0,0,0,0,3,1,304.2,313.5,267.0,88.3,5.1,0.3,3.898916967509025,0.1299638989169675,0.19494584837545126,0.1644043321299639,0.13711191335740072,0.3015162454873646,11.764705882352942
168991,2024-25,76,Philip,Philip,Billing,MID,3,3,Bournemouth,91,176,1,10,0,52,0,0,0.55,0.97,1.52,0,4,3.35,0,0,0,0,1,0,54.0,102.4,47.0,20.4,4.8,0.0,5.113636363636363,0.0,0.0,0.28125,0.4960227272727273,0.7772727272727273,2.0833333333333335
168991,2025-26,89,Philip,Philip,Billing,MID,3,4,Bournemouth,91,0,0,0,0,0,0,0,0.0,0.0,0.0,0,0,0.0,0,0,0,0,0,0,0.0,0.0,0.0,0.0,4.9,0.0,,,,,,,0.0
169359,2023-24,428,Targett,Matt,Targett,DEF,2,15,Newcastle,4,77,1,2,0,15,0,0,0.0,0.01,0.01,0,4,1.77,0,0,0,0,1,0,9.2,11.9,0.0,2.2,4.2,0.1,2.337662337662338,0.0,0.0,0.0,0.011688311688311689,0.011688311688311689,0.47619047619047616
169359,2024-25,416,Targett,Matt,Targett,DEF,2,15,Newcastle,4,20,0,2,0,7,0,0,0.0,0.07,0.07,0,0,0.26,0,0,0,0,0,0,5.0,5.6,0.0,1.0,3.9,0.3,9.0,0.0,0.0,0.0,0.31500000000000006,0.31500000000000006,0.5128205128205129
169359,2025-26,484,Targett,Matt,Targett,DEF,2,15,Newcastle,4,0,0,0,0,0,0,0,0.0,0.0,0.0,0,0,0.0,0,0,0,0,0,0,0.0,0.0,0.0,0.0,4.0,0.1,,,,,,,0.0
169528,2023-24,283,Robinson,Antonee,Robinson,DEF,2,10,Fulham,54,3266,37,104,8,662,0,6,0.68,3.75,4.43,9,60,61.93,0,0,0,2,6,0,805.8,536.7,241.0,158.6,4.5,4.0,2.865890998162891,0.0,0.1653398652786283,0.018738518064911208,0.10333741579914268,0.12207593386405388,23.11111111111111
169528,2024-25,255,Robinson,Antonee,Robinson,DEF,2,9,Fulham,54,3166,35,106,8,507,0,10,0.7,4.17,4.87,5,49,44.79,0,0,0,0,8,0,922.2,723.4,206.0,185.5,4.7,15.2,3.013265950726469,0.0,0.28427037271004424,0.019898926089703093,0.11854074542008843,0.13843967150979153,22.5531914893617
169528,2025-26,316,Robinson,Antonee,Robinson,DEF,2,10,Fulham,54,1487,17,65,7,280,1,0,1.07,1.58,2.65,4,19,24.12,0,0,0,0,5,0,375.0,334.6,82.0,79.3,4.9,0.9,3.934095494283793,0.0605245460659045,0.0,0.06476126429051782,0.09562878278412913,0.16039004707464694,13.265306122448978
169593,2023-24,233,Matthews,Remi,Matthews,GK,1,8,Crystal Palace,31,3,0,1,0,3,0,0,0.0,0.0,0.0,0,1,0.07,0,0,0,0,0,0,1.0,0.0,0.0,0.1,3.9,0.1,30.0,0.0,0.0,0.0,0.0,0.0,0.25641025641025644
169593,2024-25,209,Matthews,Remi,Matthews,GK,1,7,Crystal Palace,31,0,0,0,0,0,0,0,0.0,0.0,0.0,0,0,0.0,0,0,0,0,0,0,0.0,0.0,0.0,0.0,3.9,0.4,,,,,,,0.0
169593,2025-26,255,Matthews,Remi,Matthews,GK,1,8,Crystal Palace,31,0,0,0,0,0,0,0,0.0,0.0,0.0,0,0,0.0,0,0,0,0,0,0,0.0,0.0,0.0,0.0,3.9,0.1,,,,,,,0.0
171287,2023-24,298,Gomez,Joe,Gomez,DEF,2,11,Liverpool,14,1772,17,76,2,390,0,2,1.02,1.07,2.09,7,19,27.08,0,0,0,0,5,0,316.0,338.3,119.0,77.7,4.5,1.3,3.860045146726862,0.0,0.10158013544018057,0.051805869074492104,0.05434537246049662,0.10615124153498871,16.88888888888889
171287,2024-25,322,Gomez,Joe,Gomez,DEF,2,12,Liverpool,14,517,6,14,0,83,0,0,0.33,0.09,0.42,1,8,5.38,0,0,0,0,1,0,130.4,38.5,58.0,22.8,4.7,0.4,2.4371373307543522,0.0,0.0,0.057446808510638304,0.015667311411992263,0.07311411992263056,2.978723404255319
171287,2025-26,376,Gomez,Joe,Gomez,DEF,2,12,Liverpool,14,594,7,33,2,94,0,2,0.28,0.64,0.92,2,14,9.31,0,0,0,0,4,0,122.8,77.8,31.0,23.2,4.9,0.2,5.0,0.0,0.30303030303030304,0.04242424242424243,0.09696969696969697,0.1393939393939394,6.73469387755102
171314,2023-24,350,Rúben,Rúben,Gato Alves Dias,DEF,2,13,Man City,43,2557,28,88,3,513,0,0,1.38,1.93,3.31,9,28,25.12,0,0,0,1,0,0,578.4,208.5,225.0,101.5,5.5,7.2,3.097379741885022,0.0,0.0,0.048572545952287834,0.06793116933906922,0.11650371529135706,16.0
171314,2024-25,361,Rúben,Rúben,Gato Alves Dias,DEF,2,13,Man City,43,2269,25,90,7,410,0,0,1.54,1.2,2.74,11,21,29.48,0,0,0,1,4,0,478.2,173.8,150.0,80.2,5.5,5.5,3.5698545614808284,0.0,0.0,0.06108417805200529,0.047598060819744374,0.10868223887174969,16.363636363636363
171314,2025-26,408,Rúben,Rúben,dos Santos Gato Alves Dias,DEF,2,13,Man City,43,2139,24,113,4,453,2,0,0.57,0.65,1.22,12,22,26.07,0,0,0,0,3,0,560.8,152.2,96.0,81.0,5.5,3.1,4.754558204768584,0.08415147265077139,0.0,0.02398316970546984,0.0273492286115007,0.05133239831697054,20.545454545454547
172649,2023-24,385,Henderson,Dean,Henderson,GK,1,8,Crystal Palace,31,1620,18,48,2,293,0,0,0.0,0.01,0.01,4,30,26.47,58,0,0,2,2,0,434.8,0.0,0.0,43.7,4.4,1.7,2.666666666666667,0.0,0.0,0.0,0.0005555555555555556,0.0005555555555555556,10.909090909090908
172649,2024-25,201,Henderson,Dean,Henderson,GK,1,7,Crystal Palace,31,3420,38,135,8,466,0,0,0.01,0.02,0.03,11,51,50.33,104,1,0,0,3,0,853.6,30.0,4.0,88.6,4.6,11.7,3.552631578947368,0.0,0.0,0.0002631578947368421,0.0005263157894736842,0.0007894736842105263,29.347826086956523
172649,2025-26,253,Henderson,Dean,Henderson,GK,1,8,Crystal Palace,31,3330,37,131,7,538,0,0,0.0,0.11,0.11,11,51,51.4,106,1,0,0,5,0,837.8,10.0,0.0,84.7,5.1,9.0,3.540540540540541,0.0,0.0,0.0,0.002972972972972973,0.002972972972972973,25.686274509803923
172780,2023-24,504,Maddison,James,Maddison,MID,3,18,Spurs,6,2137,26,117,9,495,4,11,6.53,6.21,12.74,7,31,32.54,0,0,0,0,5,0,630.4,979.5,605.0,221.4,7.8,10.0,4.927468413664015,0.16846045858680395,0.4632662611137108,0.27501169864295744,0.2615348619560131,0.5365465605989705,15.0
172780,2024-25,494,Maddison,James,Maddison,MID,3,18,Spurs,6,1799,21,133,15,592,9,8,5.54,5.92,11.46,6,32,32.39,0,0,0,0,6,0,683.4,702.3,495.0,187.8,7.4,3.8,6.653696498054475,0.45025013896609223,0.40022234574763754,0.27715397443023904,0.2961645358532518,0.5733185102834909,17.972972972972972
172780,2025-26,581,Maddison,James,Maddison,MID,3,18,Spurs,6,34,0,3,0,5,0,0,0.21,0.06,0.27,0,0,0.65,0,0,0,0,0,0,2.8,9.5,15.0,2.8,6.8,0.3,7.9411764705882355,0.0,0.0,0.5558823529411764,0.1588235294117647,0.7147058823529413,0.4411764705882353
174874,2023-24,220,Andersen,Joachim,Andersen,DEF,2,8,Crystal Palace,31,3416,38,121,12,679,2,3,1.75,2.08,3.83,10,58,53.71,0,0,0,0,7,0,873.6,301.1,253.0,143.1,4.7,14.1,3.1879391100702574,0.05269320843091335,0.07903981264637003,0.04610655737704918,0.054800936768149885,0.10090749414519906,25.74468085106383
174874,2024-25,191,Andersen,Joachim,Andersen,DEF,2,9,Fulham,54,2673,30,51,3,306,0,0,1.04,0.57,1.61,4,47,37.85,0,0,0,1,7,1,687.6,99.0,162.0,95.0,4.2,3.4,1.7171717171717171,0.0,0.0,0.035016835016835016,0.01919191919191919,0.054208754208754206,12.142857142857142
174874,2025-26,317,Andersen,Joachim,Andersen,DEF,2,10,Fulham,54,2882,33,123,8,424,0,1,1.43,1.83,3.26,8,45,44.88,0,0,0,0,7,1,790.6,131.0,148.0,107.0,4.4,2.8,3.8410825815405967,0.0,0.031228313671061762,0.04465648854961832,0.05714781401804303,0.10180430256766133,27.954545454545453
176297,2023-24,396,Rashford,Marcus,Rashford,MID,3,14,Man Utd,1,2264,26,108,0,330,7,3,7.13,2.8,9.93,7,37,48.29,0,0,0,0,2,0,453.2,358.6,672.0,148.3,8.4,9.5,4.293286219081272,0.2782685512367491,0.11925795053003535,0.2834363957597173,0.11130742049469965,0.39474381625441696,12.857142857142856
176297,2024-25,385,Rashford,Marcus,Rashford,MID,3,2,Aston Villa,7,1414,16,95,9,333,6,4,4.67,3.43,8.1,7,15,21.68,0,0,0,0,2,0,398.4,451.1,369.0,122.1,6.6,3.7,6.046676096181047,0.38189533239038187,0.2545968882602546,0.29724186704384725,0.21831683168316832,0.5155586987270155,14.393939393939394
176297,2025-26,451,Rashford,Marcus,Rashford,MID,3,14,Man Utd,1,0,0,0,0,0,0,0,0.0,0.0,0.0,0,0,0.0,0,0,0,0,0,0,0.0,0.0,0.0,0.0,7.0,0.0,,,,,,,0.0
177815,2023-24,246,Calvert-Lewin,Dominic,Calvert-Lewin,FWD,4,9,Everton,11,2166,26,101,9,259,7,3,12.86,1.58,14.43,13,27,31.91,0,0,0,0,2,0,403.0,255.6,901.0,154.8,5.8,1.0,4.196675900277008,0.29085872576177285,0.12465373961218837,0.5343490304709141,0.06565096952908588,0.599584487534626,17.413793103448278
177815,2024-25,220,Calvert-Lewin,Dominic,Calvert-Lewin,FWD,4,8,Everton,11,1602,19,63,3,157,3,2,6.53,0.63,7.16,8,18,24.83,0,0,0,0,2,0,200.2,126.1,573.0,89.2,5.4,1.0,3.539325842696629,0.16853932584269662,0.11235955056179775,0.3668539325842697,0.03539325842696629,0.40224719101123596,11.666666666666666
177815,2025-26,691,Calvert-Lewin,Dominic,Calvert-Lewin,FWD,4,11,Leeds,2,2721,30,142,20,472,14,2,15.57,1.06,16.62,8,34,35.74,0,0,1,0,3,0,619.6,311.1,1026.0,194.7,5.8,13.7,4.696802646085998,0.46306504961411243,0.06615214994487321,0.514994487320838,0.035060639470782806,0.5497243660418965,24.482758620689655
178186,2023-24,526,Bowen,Jarrod,Bowen,MID,3,19,West Ham,21,3020,34,182,14,519,16,6,11.96,4.9,16.86,5,63,62.39,0,0,0,0,2,0,890.4,463.8,1130.0,247.8,7.6,12.1,5.4238410596026485,0.4768211920529801,0.17880794701986755,0.3564238410596027,0.14602649006622517,0.5024503311258277,23.947368421052634
178186,2024-25,514,Bowen,Jarrod,Bowen,MID,3,19,West Ham,21,2974,34,193,21,678,13,11,8.6,6.47,15.07,8,50,51.12,0,0,0,0,1,0,903.0,737.8,1081.0,271.9,7.9,18.0,5.840618695359785,0.3934095494283793,0.3328850033624748,0.26025554808338935,0.19579690652320106,0.4560524546065905,24.430379746835442
178186,2025-26,624,Bowen,Jarrod,Bowen,FWD,4,19,West Ham,21,3406,38,187,28,731,9,13,7.22,5.21,12.43,8,63,58.16,0,0,0,0,4,0,881.4,694.0,813.0,238.9,7.8,17.5,4.94128009395185,0.23781561949500882,0.34351145038167935,0.1907809747504404,0.13766881972988843,0.32844979448032885,23.974358974358974
178301,2023-24,60,Watkins,Ollie,Watkins,FWD,4,2,Aston Villa,7,3222,37,228,29,752,19,18,16.74,4.02,20.76,7,56,55.05,0,0,0,0,4,0,1024.6,588.5,1420.0,302.8,8.9,35.9,6.368715083798882,0.5307262569832402,0.5027932960893855,0.46759776536312847,0.11229050279329608,0.5798882681564246,25.617977528089888
178301,2024-25,58,Watkins,Ollie,Watkins,FWD,4,2,Aston Villa,7,2593,31,186,32,631,16,8,15.12,2.07,17.19,10,40,38.62,0,0,0,0,2,0,766.0,345.2,1148.0,223.8,9.2,29.0,6.4558426532973385,0.5553413035094485,0.2776706517547243,0.5247975318164289,0.07184728114153491,0.5966448129579638,20.217391304347828
178301,2025-26,64,Watkins,Ollie,Watkins,FWD,4,2,Aston Villa,7,2833,33,167,26,623,16,4,15.4,1.18,16.58,9,38,43.39,0,0,0,0,4,0,720.2,330.9,1206.0,225.2,8.7,13.0,5.305330038828098,0.5082950935404165,0.12707377338510412,0.48923402753265094,0.03748676314860572,0.5267207906812565,19.195402298850578
179268,2023-24,198,Cucurella,Marc,Cucurella Saseta,DEF,2,7,Chelsea,8,1783,20,44,3,318,0,3,1.16,1.01,2.17,4,33,31.18,0,0,0,1,10,0,384.4,283.9,122.0,79.3,4.9,3.7,2.220975883342681,0.0,0.15143017386427368,0.05855300056085249,0.05098149186763882,0.1095344924284913,8.979591836734693
179268,2024-25,163,Cucurella,Marc,Cucurella Saseta,DEF,2,6,Chelsea,8,2988,33,133,14,533,5,2,2.79,2.39,5.18,9,38,39.94,0,0,0,0,8,1,668.6,350.6,358.0,137.9,5.4,11.8,4.006024096385542,0.1506024096385542,0.060240963855421686,0.08403614457831325,0.07198795180722892,0.15602409638554215,24.62962962962963
179268,2025-26,224,Cucurella,Marc,Cucurella Saseta,DEF,2,7,Chelsea,8,2706,31,104,5,468,1,4,2.34,3.23,5.57,9,39,41.45,0,0,0,0,8,1,562.8,577.8,309.0,145.1,6.1,14.6,3.4589800443458985,0.03325942350332594,0.13303769401330376,0.0778270509977827,0.10742793791574279,0.18525498891352551,17.049180327868854
180135,2023-24,421,Longstaff,Sean,Longstaff,MID,3,15,Newcastle,4,2742,30,110,3,418,6,3,6.76,2.8,9.56,10,50,51.59,0,0,0,0,7,0,550.0,357.1,479.0,138.8,4.8,0.4,3.6105032822757113,0.19693654266958424,0.09846827133479212,0.22188183807439824,0.09190371991247265,0.3137855579868709,22.916666666666668
180135,2024-25,410,Longstaff,Sean,Longstaff,MID,3,15,Newcastle,4,783,8,34,0,131,0,1,0.6,0.22,0.82,2,11,11.32,0,0,0,0,2,0,117.2,78.4,76.0,27.3,4.4,0.3,3.9080459770114944,0.0,0.1149425287356322,0.06896551724137931,0.02528735632183908,0.09425287356321839,7.727272727272727
180135,2025-26,493,Longstaff,Sean,Longstaff,MID,3,11,Leeds,2,1003,10,56,5,273,2,2,1.23,1.87,3.1,1,20,15.88,0,0,0,0,2,0,291.8,403.7,116.0,81.2,4.8,0.2,5.024925224327019,0.17946161515453637,0.17946161515453637,0.11036889332003988,0.16779661016949154,0.27816550348953145,11.666666666666668
180736,2023-24,194,Chalobah,Trevoh,Chalobah,DEF,2,7,Chelsea,8,949,10,39,4,221,1,0,0.2,0.16,0.36,3,14,15.26,0,0,0,0,1,0,250.8,45.4,38.0,33.4,4.3,2.0,3.698630136986301,0.09483667017913593,0.0,0.018967334035827187,0.01517386722866175,0.034141201264488934,9.069767441860465
180736,2024-25,159,Chalobah,Trevoh,Chalobah,DEF,2,6,Chelsea,8,1969,23,93,11,379,3,1,1.98,0.64,2.62,6,25,27.15,0,0,0,0,3,0,496.4,124.2,222.0,84.6,4.4,0.7,4.250888776028441,0.13712544438801422,0.0457084814626714,0.09050279329608939,0.0292534281361097,0.11975622143219908,21.136363636363633
180736,2025-26,226,Chalobah,Trevoh,Chalobah,DEF,2,7,Chelsea,8,2780,31,136,7,516,3,1,1.44,1.03,2.47,9,40,40.83,0,0,0,0,3,1,719.2,111.2,160.0,99.1,5.4,8.8,4.402877697841727,0.09712230215827337,0.03237410071942446,0.04661870503597122,0.033345323741007196,0.07996402877697842,25.185185185185183
180974,2023-24,416,Joelinton,Joelinton Cássio,Apolinário de Lira,MID,3,15,Newcastle,4,1276,15,45,3,209,2,1,2.82,1.09,3.91,3,23,25.3,0,0,0,0,6,0,295.2,314.9,206.0,81.6,5.8,0.4,3.17398119122257,0.14106583072100312,0.07053291536050156,0.1989028213166144,0.07688087774294672,0.2757836990595611,7.758620689655173
180974,2024-25,403,Joelinton,Joelinton Cássio,Apolinário de Lira,MID,3,15,Newcastle,4,2394,29,99,11,374,4,4,3.74,2.17,5.91,10,32,31.79,0,0,0,0,10,0,469.8,389.3,465.0,132.7,6.0,1.1,3.7218045112781954,0.15037593984962405,0.15037593984962405,0.1406015037593985,0.08157894736842104,0.22218045112781956,16.5
180974,2025-26,490,Joelinton,Joelinton Cássio,Apolinário de Lira,MID,3,15,Newcastle,4,1950,23,73,2,304,2,1,2.36,1.35,3.71,5,27,28.75,0,0,0,0,10,0,324.4,296.3,329.0,95.0,5.9,0.3,3.3692307692307697,0.09230769230769231,0.046153846153846156,0.10892307692307693,0.062307692307692314,0.17123076923076924,12.372881355932202
181284,2023-24,554,Guedes,Gonçalo Manuel,Ganchinho Guedes,MID,3,20,Wolves,39,0,0,0,0,0,0,0,0.0,0.0,0.0,0,0,0.0,0,0,0,0,0,0,0.0,0.0,0.0,0.0,5.4,0.0,,,,,,,0.0
181284,2024-25,548,Guedes,Gonçalo Manuel,Ganchinho Guedes,MID,3,20,Wolves,39,979,10,62,2,187,2,4,3.28,0.92,4.2,3,25,18.83,0,0,0,0,1,0,215.8,213.9,217.0,64.0,5.3,0.1,5.6996935648621045,0.18386108273748725,0.3677221654749745,0.30153217568947904,0.08457609805924413,0.3861082737487232,11.69811320754717
181284,2025-26,647,Guedes,Gonçalo Manuel,Ganchinho Guedes,MID,3,20,Wolves,39,0,0,0,0,0,0,0,0.0,0.0,0.0,0,0,0.0,0,0,0,0,0,0,0.0,0.0,0.0,0.0,5.5,0.0,,,,,,,0.0
183656,2023-24,99,Dasilva,Josh,Dasilva,MID,3,4,Brentford,94,22,0,3,0,6,0,0,0.0,0.23,0.23,0,0,0.1,0,0,0,0,0,0,6.8,15.4,14.0,3.6,4.7,0.0,12.272727272727272,0.0,0.0,0.0,0.9409090909090909,0.9409090909090909,0.6382978723404255
183656,2024-25,90,Dasilva,Josh,Dasilva,MID,3,4,Brentford,94,0,0,0,0,0,0,0,0.0,0.0,0.0,0,0,0.0,0,0,0,0,0,0,0.0,0.0,0.0,0.0,4.8,0.0,,,,,,,0.0
183656,2025-26,748,Dasilva,Josh,Dasilva,MID,3,5,Brentford,94,2,0,2,0,5,0,0,0.08,0.0,0.08,0,0,0.05,0,0,0,0,0,0,0.4,11.3,4.0,1.6,4.9,0.0,90.0,0.0,0.0,3.6,0.0,3.6,0.4081632653061224
184029,2023-24,14,Ødegaard,Martin,Ødegaard,MID,3,1,Arsenal,3,3098,35,186,26,703,8,11,7.53,10.16,17.69,19,23,25.26,0,0,0,0,2,0,910.4,1499.4,757.0,317.0,8.6,18.0,5.40348612007747,0.23240800516462232,0.3195610071013557,0.2187540348612008,0.29515816655907035,0.5139122014202712,21.627906976744185
184029,2024-25,13,Ødegaard,Martin,Ødegaard,MID,3,1,Arsenal,3,2321,26,116,11,529,3,9,4.85,6.68,11.53,11,21,22.16,0,0,0,0,4,0,524.6,968.7,493.0,198.8,8.2,5.7,4.498061180525635,0.11632916846186989,0.34898750538560963,0.1880654890133563,0.2590262817750969,0.44709177078845325,14.146341463414636
184029,2025-26,17,Ødegaard,Martin,Ødegaard,MID,3,1,Arsenal,3,1363,16,74,5,306,1,7,1.25,3.65,4.9,6,13,16.2,0,0,0,0,0,0,311.8,564.4,168.0,104.4,7.8,1.7,4.886280264123258,0.06603081438004402,0.4622157006603081,0.08253851797505503,0.24101247248716068,0.32355099046221575,9.487179487179487
184254,2023-24,520,Vicario,Guglielmo,Vicario,GK,1,18,Spurs,6,3420,38,112,9,730,0,0,0.0,0.0,0.0,7,61,63.58,110,0,0,0,2,0,974.2,0.0,0.0,97.4,5.3,9.4,2.947368421052632,0.0,0.0,0.0,0.0,0.0,21.132075471698116
184254,2024-25,508,Vicario,Guglielmo,Vicario,GK,1,18,Spurs,6,2160,24,66,2,293,0,0,0.0,0.0,0.0,4,37,33.6,68,0,0,0,1,0,587.8,0.0,0.0,58.5,4.8,1.8,2.75,0.0,0.0,0.0,0.0,0.0,13.75
184254,2025-26,565,Vicario,Guglielmo,Vicario,GK,1,18,Spurs,6,2790,31,90,6,412,0,0,0.0,0.04,0.04,7,50,46.21,83,0,0,0,1,0,709.2,10.1,0.0,72.2,4.7,4.7,2.903225806451613,0.0,0.0,0.0,0.0012903225806451613,0.0012903225806451613,19.148936170212764
184341,2023-24,209,Mount,Mason,Mount,MID,3,14,Man Utd,1,509,5,23,0,93,1,0,0.37,0.37,0.74,1,13,9.95,0,0,0,0,2,0,105.8,107.6,64.0,27.9,6.8,0.8,4.06679764243615,0.1768172888015717,0.0,0.06542239685658154,0.06542239685658154,0.13084479371316307,3.3823529411764706
184341,2024-25,382,Mount,Mason,Mount,MID,3,14,Man Utd,1,613,8,25,0,74,1,0,3.37,0.57,3.94,3,11,8.24,0,0,0,0,3,0,104.0,140.0,218.0,45.6,6.3,0.2,3.6704730831973897,0.1468189233278956,0.0,0.4947797716150082,0.08368678629690048,0.5784665579119086,3.9682539682539684
184341,2025-26,455,Mount,Mason,Mount,MID,3,14,Man Utd,1,1010,12,58,3,201,3,0,1.56,1.62,3.18,5,15,12.46,0,0,0,0,2,0,201.2,214.1,165.0,58.0,5.9,0.3,5.1683168316831685,0.26732673267326734,0.0,0.13900990099009902,0.14435643564356437,0.2833663366336634,9.83050847457627
184349,2023-24,514,Sessegnon,Ryan,Sessegnon,DEF,2,18,Spurs,6,0,0,0,0,0,0,0,0.0,0.0,0.0,0,0,0.0,0,0,0,0,0,0,0.0,0.0,0.0,0.0,4.4,0.0,,,,,,,0.0
184349,2024-25,579,Sessegnon,Ryan,Sessegnon,DEF,2,9,Fulham,54,574,7,57,5,137,4,2,1.64,1.12,2.76,1,10,8.2,0,0,0,0,1,0,284.0,158.8,227.0,67.1,4.2,2.6,8.937282229965158,0.627177700348432,0.313588850174216,0.2571428571428571,0.175609756097561,0.4327526132404181,13.571428571428571
184349,2025-26,328,Sessegnon,Ryan,Sessegnon,MID,3,10,Fulham,54,1816,20,95,8,332,3,3,1.6,1.8,3.4,6,29,26.33,0,0,0,0,0,0,413.8,225.0,229.0,86.7,5.4,0.1,4.708149779735683,0.14867841409691632,0.14867841409691632,0.07929515418502203,0.08920704845814978,0.16850220264317178,17.59259259259259
184667,2023-24,386,Lindelof,Victor,Lindelöf,DEF,2,14,Man Utd,1,1328,14,62,7,291,1,1,0.69,0.43,1.12,5,16,25.99,0,0,0,0,2,0,263.8,125.9,105.0,49.6,4.5,0.2,4.201807228915662,0.06777108433734941,0.06777108433734941,0.04676204819277108,0.02914156626506024,0.07590361445783134,13.777777777777779
184667,2024-25,376,Lindelof,Victor,Lindelöf,DEF,2,14,Man Utd,1,695,6,27,0,100,0,0,0.0,0.09,0.09,2,9,8.59,0,0,0,0,1,0,125.4,48.5,8.0,18.3,4.3,0.1,3.4964028776978413,0.0,0.0,0.0,0.011654676258992806,0.011654676258992806,6.279069767441861
184667,2025-26,719,Lindelöf,Victor,Lindelöf,DEF,2,2,Aston Villa,7,942,11,29,0,124,0,1,0.28,0.1,0.38,1,15,15.93,0,0,0,0,0,0,167.8,36.6,22.0,22.7,4.5,0.1,2.770700636942675,0.0,0.09554140127388534,0.026751592356687903,0.009554140127388535,0.03630573248407644,6.444444444444445
184754,2023-24,557,Hee Chan,Hwang,Hee-chan,MID,3,20,Wolves,39,2116,25,125,10,334,12,3,7.53,2.84,10.37,3,37,38.86,0,0,0,0,6,0,534.2,259.9,614.0,140.7,5.4,1.8,5.316635160680529,0.5103969754253308,0.1275992438563327,0.3202741020793951,0.12079395085066162,0.44106805293005674,23.148148148148145
184754,2024-25,550,Hee Chan,Hwang,Hee-chan,MID,3,20,Wolves,39,646,5,37,0,130,2,1,0.79,0.35,1.14,0,19,12.57,0,0,0,0,0,0,111.6,72.7,84.0,26.7,6.1,0.2,5.154798761609907,0.2786377708978328,0.1393188854489164,0.11006191950464397,0.04876160990712074,0.1588235294117647,6.065573770491803
184754,2025-26,642,Hee Chan,Hwang,Hee-chan,MID,3,20,Wolves,39,1439,18,54,0,165,2,2,2.37,1.57,3.94,2,29,23.37,0,0,0,0,5,0,163.4,216.5,166.0,53.4,5.6,0.1,3.3773453787352326,0.1250868658790827,0.1250868658790827,0.148227936066713,0.09819318971507991,0.2464211257817929,9.642857142857144
191866,2023-24,90,Ajer,Kristoffer,Ajer,DEF,2,4,Brentford,94,1826,21,68,3,323,2,1,1.22,2.68,3.9,5,33,29.41,0,0,0,0,5,0,406.8,166.6,223.0,79.7,4.4,0.7,3.3515881708652793,0.09857612267250822,0.04928806133625411,0.06013143483023001,0.13209200438116103,0.192223439211391,15.454545454545453
191866,2024-25,86,Ajer,Kristoffer,Ajer,DEF,2,4,Brentford,94,1433,17,39,0,120,0,0,0.97,0.48,1.45,3,25,21.7,0,0,0,0,5,0,199.0,128.1,158.0,48.5,4.4,0.2,2.449406838799721,0.0,0.0,0.060921144452198185,0.03014654570830426,0.09106769016050245,8.863636363636363
191866,2025-26,108,Ajer,Kristoffer,Ajer,DEF,2,5,Brentford,94,1805,20,76,1,211,0,2,0.69,0.73,1.42,5,32,31.51,0,0,0,0,4,0,401.4,59.1,165.0,62.7,4.4,0.2,3.789473684210526,0.0,0.0997229916897507,0.034404432132963986,0.036398891966759,0.07080332409972298,17.27272727272727
194010,2023-24,103,Henry,Rico,Henry,DEF,2,4,Brentford,94,401,5,13,0,74,0,1,0.07,0.9,0.97,1,5,5.12,0,0,0,0,1,0,72.8,67.9,17.0,15.7,4.2,0.8,2.917705735660848,0.0,0.22443890274314213,0.01571072319201995,0.20199501246882795,0.21770573566084786,3.095238095238095
194010,2024-25,92,Henry,Rico,Henry,DEF,2,4,Brentford,94,94,0,4,0,5,0,0,0.0,0.01,0.01,0,3,2.16,0,0,0,0,0,0,13.6,2.1,2.0,1.7,4.3,0.0,3.829787234042553,0.0,0.0,0.0,0.009574468085106383,0.009574468085106383,0.9302325581395349
194010,2025-26,109,Henry,Rico,Henry,DEF,2,5,Brentford,94,1322,14,52,0,144,0,2,0.18,0.54,0.72,4,22,23.91,0,0,0,0,2,0,151.6,82.0,35.0,26.9,4.3,0.1,3.5400907715582455,0.0,0.1361573373676248,0.012254160363086233,0.036762481089258704,0.04901664145234493,12.093023255813954
195546,2023-24,35,Buendia,Emiliano,Buendía Stati,MID,3,2,Aston Villa,7,0,0,0,0,0,0,0,0.0,0.0,0.0,0,0,0.0,0,0,0,0,0,0,0.0,0.0,0.0,0.0,5.7,0.0,,,,,,,0.0
195546,2024-25,31,Buendia,Emiliano,Buendía Stati,MID,3,2,Aston Villa,7,89,0,11,0,37,0,0,0.65,0.03,0.68,0,2,2.27,0,0,0,0,1,0,16.4,23.2,16.0,5.2,5.1,0.1,11.123595505617978,0.0,0.0,0.6573033707865169,0.030337078651685393,0.6876404494382022,2.1568627450980395
195546,2025-26,50,Buendía,Emiliano,Buendía Stati,MID,3,2,Aston Villa,7,1753,21,102,10,382,6,2,3.38,2.23,5.61,3,24,28.03,0,0,0,0,6,0,427.0,402.1,398.0,121.4,5.3,0.4,5.236737022247575,0.3080433542498574,0.10268111808328578,0.173531089560753,0.11448944666286366,0.2880205362236167,19.245283018867926
198869,2023-24,29,White,Benjamin,White,DEF,2,1,Arsenal,3,2987,35,182,14,776,4,5,1.27,3.66,4.93,18,26,24.95,0,0,0,0,8,0,765.8,589.4,234.0,159.0,6.1,23.3,5.483762972882491,0.12052226314027453,0.15065282892534315,0.03826581854703716,0.11027787077335119,0.14854368932038833,29.836065573770494
198869,2024-25,24,White,Benjamin,White,DEF,2,1,Arsenal,3,1195,13,50,0,211,0,2,0.46,1.3,1.76,5,13,16.88,0,0,0,0,2,0,247.6,162.6,100.0,51.0,6.2,4.4,3.7656903765690375,0.0,0.1506276150627615,0.03464435146443515,0.09790794979079498,0.13255230125523013,8.064516129032258
198869,2025-26,11,White,Benjamin,White,DEF,2,1,Arsenal,3,699,9,45,3,181,0,1,0.45,0.69,1.14,5,6,8.68,0,0,0,0,0,0,154.8,133.4,54.0,34.3,5.1,0.5,5.793991416309012,0.0,0.12875536480686695,0.057939914163090134,0.08884120171673819,0.1467811158798283,8.823529411764707
199670,2023-24,225,Edouard,Odsonne,Edouard,FWD,4,8,Crystal Palace,31,1545,17,79,9,246,7,0,6.33,0.86,7.19,6,24,20.54,0,0,0,0,4,0,359.6,256.7,663.0,128.0,5.3,1.3,4.601941747572816,0.4077669902912621,0.0,0.3687378640776699,0.05009708737864078,0.4188349514563107,14.90566037735849
199670,2024-25,198,Edouard,Odsonne,Edouard,FWD,4,11,Leicester,13,141,1,7,0,14,0,0,0.39,0.07,0.46,0,3,3.72,0,0,0,0,0,0,5.0,25.0,50.0,8.0,5.1,0.2,4.468085106382979,0.0,0.0,0.24893617021276596,0.04468085106382979,0.2936170212765957,1.3725490196078431
199670,2025-26,285,Édouard,Odsonne,Édouard,FWD,4,8,Crystal Palace,31,2,0,1,0,6,0,0,0.0,0.0,0.0,0,0,0.27,0,0,0,0,0,0,2.0,0.0,0.0,0.2,5.0,0.2,45.0,0.0,0.0,0.0,0.0,0.0,0.2
199796,2023-24,36,Cash,Matty,Cash,DEF,2,2,Aston Villa,7,2138,23,64,4,337,2,2,4.41,2.47,6.88,3,36,36.78,0,0,0,1,8,0,465.2,231.8,378.0,107.1,4.5,9.9,2.694106641721235,0.08419083255378859,0.08419083255378859,0.18564078578110385,0.10397567820392892,0.2896164639850327,14.222222222222221
199796,2024-25,32,Cash,Matty,Cash,DEF,2,2,Aston Villa,7,2069,24,76,2,286,1,1,0.48,1.23,1.71,7,22,28.64,0,0,0,0,7,0,359.2,181.0,171.0,71.3,4.4,1.6,3.305944900918318,0.04349927501208313,0.04349927501208313,0.020879652005799904,0.05350410826486225,0.07438376027066215,17.27272727272727
199796,2025-26,36,Cash,Matty,Cash,DEF,2,2,Aston Villa,7,3016,34,117,7,450,3,3,1.14,2.94,4.08,8,38,45.45,0,0,0,0,9,0,643.0,510.7,221.0,137.5,4.6,7.4,3.491379310344828,0.08952254641909814,0.08952254641909814,0.03401856763925729,0.08773209549071619,0.12175066312997347,25.434782608695656
199798,2023-24,48,Konsa,Ezri,Konsa Ngoyo,DEF,2,2,Aston Villa,7,3069,35,91,7,562,1,1,2.56,1.01,3.57,7,54,52.28,0,0,0,0,5,0,554.4,170.6,223.0,95.0,4.5,2.2,2.6686217008797652,0.02932551319648094,0.02932551319648094,0.0750733137829912,0.029618768328445746,0.10469208211143695,20.22222222222222
199798,2024-25,44,Konsa,Ezri,Konsa Ngoyo,DEF,2,2,Aston Villa,7,2936,33,103,10,448,2,0,1.29,0.61,1.9,8,45,43.82,0,0,0,0,1,0,532.8,123.9,166.0,82.4,4.5,9.5,3.1573569482288826,0.061307901907356945,0.0,0.03954359673024523,0.01869891008174387,0.0582425068119891,22.88888888888889
199798,2025-26,38,Konsa,Ezri,Konsa Ngoyo,DEF,2,2,Aston Villa,7,3035,34,100,3,497,0,1,1.27,0.59,1.86,9,44,48.93,0,0,0,0,0,1,601.4,108.3,124.0,84.0,4.4,7.0,2.9654036243822075,0.0,0.029654036243822075,0.03766062602965404,0.017495881383855022,0.05515650741350906,22.727272727272727
200089,2023-24,432,Willock,Joe,Willock,MID,3,15,Newcastle,4,415,5,18,0,60,1,0,0.88,0.57,1.45,1,9,8.03,0,0,0,0,0,0,89.8,92.5,106.0,28.8,5.3,0.1,3.9036144578313254,0.2168674698795181,0.0,0.19084337349397593,0.1236144578313253,0.3144578313253012,3.3962264150943398
200089,2024-25,420,Willock,Joe,Willock,MID,3,15,Newcastle,4,1065,11,46,0,139,0,2,1.65,0.93,2.58,4,16,15.01,0,0,0,0,4,0,172.8,273.8,197.0,63.9,4.7,0.1,3.887323943661972,0.0,0.16901408450704225,0.13943661971830987,0.07859154929577465,0.21802816901408453,9.787234042553191
200089,2025-26,494,Willock,Joe,Willock,MID,3,15,Newcastle,4,972,10,38,0,166,0,2,1.26,1.07,2.33,3,18,17.83,0,0,0,0,3,0,145.4,205.8,204.0,55.5,5.0,0.1,3.5185185185185186,0.0,0.1851851851851852,0.11666666666666667,0.09907407407407408,0.21574074074074073,7.6
200641,2023-24,578,Nelson,Reiss,Nelson,MID,3,1,Arsenal,3,256,1,16,0,58,0,0,0.18,0.43,0.61,1,1,2.18,0,0,0,0,1,0,42.8,87.7,39.0,16.9,4.8,0.0,5.625,0.0,0.0,0.06328125,0.151171875,0.214453125,3.3333333333333335
200641,2024-25,10,Nelson,Reiss,Nelson,MID,3,9,Fulham,54,483,5,27,2,143,1,1,1.07,0.96,2.03,1,9,6.13,0,0,0,0,1,0,131.6,223.9,195.0,55.1,5.0,0.0,5.031055900621118,0.1863354037267081,0.1863354037267081,0.19937888198757764,0.17888198757763976,0.3782608695652173,5.4
200641,2025-26,27,Nelson,Reiss,Nelson,MID,3,5,Brentford,94,118,0,13,0,39,0,1,0.71,0.11,0.82,0,2,3.02,0,0,0,0,0,0,42.6,32.6,29.0,10.0,4.8,0.1,9.915254237288135,0.0,0.7627118644067796,0.5415254237288135,0.08389830508474577,0.6254237288135593,2.7083333333333335
200720,2023-24,301,Kelleher,Caoimhin,Kelleher,GK,1,11,Liverpool,14,900,10,34,3,198,0,0,0.0,0.01,0.01,2,11,10.33,28,0,0,0,0,0,261.2,10.0,0.0,27.0,3.6,3.9,3.4,0.0,0.0,0.0,0.001,0.001,9.444444444444445
200720,2024-25,325,Kelleher,Caoimhin,Kelleher,GK,1,12,Liverpool,14,900,10,45,1,156,0,0,0.0,0.0,0.0,4,12,11.09,27,1,0,0,0,0,224.2,0.0,0.0,22.4,3.9,1.2,4.5,0.0,0.0,0.0,0.0,0.0,11.538461538461538
200720,2025-26,101,Kelleher,Caoimhín,Kelleher,GK,1,5,Brentford,94,3330,37,143,11,570,0,0,0.0,0.22,0.22,10,49,53.48,109,3,0,0,1,0,913.8,23.0,0.0,93.8,4.8,12.0,3.864864864864865,0.0,0.0,0.0,0.005945945945945946,0.005945945945945946,29.791666666666668
200785,2023-24,673,Adams,Tyler,Adams,MID,3,3,Bournemouth,91,118,1,5,1,28,0,0,0.0,0.03,0.03,0,3,1.81,0,0,0,0,0,0,24.6,14.1,10.0,4.9,4.9,0.0,3.813559322033898,0.0,0.0,0.0,0.02288135593220339,0.02288135593220339,1.0204081632653061
200785,2024-25,60,Adams,Tyler,Adams,MID,3,3,Bournemouth,91,1959,21,58,1,315,0,3,1.33,0.76,2.09,6,30,29.26,0,0,0,0,7,0,411.8,261.2,83.0,75.9,4.9,0.1,2.664624808575804,0.0,0.13782542113323124,0.06110260336906585,0.034915773353751914,0.09601837672281777,11.83673469387755
200785,2025-26,85,Adams,Tyler,Adams,MID,3,4,Bournemouth,91,1769,21,77,3,346,2,2,0.63,0.63,1.26,7,28,27.18,0,0,0,0,8,0,387.0,158.2,115.0,66.3,4.9,0.3,3.917467495760316,0.10175240248728094,0.10175240248728094,0.0320520067834935,0.0320520067834935,0.064104013566987,15.714285714285714
201658,2023-24,86,Tavernier,Marcus,Tavernier,MID,3,3,Bournemouth,91,2118,25,89,5,324,3,4,3.88,4.24,8.12,8,38,32.42,0,0,0,0,3,0,468.4,649.4,460.0,157.8,5.0,0.3,3.7818696883852687,0.1274787535410765,0.16997167138810199,0.16487252124645893,0.1801699716713881,0.345042492917847,17.8
201658,2024-25,83,Tavernier,Marcus,Tavernier,MID,3,3,Bournemouth,91,1932,20,87,4,362,3,7,5.51,3.65,9.16,4,29,25.42,0,0,0,0,6,0,447.0,664.8,442.0,155.4,5.4,0.2,4.052795031055901,0.13975155279503104,0.32608695652173914,0.25667701863354037,0.17003105590062112,0.4267080745341615,16.11111111111111
201658,2025-26,84,Tavernier,Marcus,Tavernier,MID,3,4,Bournemouth,91,2732,31,137,14,552,7,4,9.06,4.6,13.66,11,44,41.06,0,0,0,0,6,0,656.8,816.6,605.0,207.9,5.3,4.2,4.513177159590044,0.23060029282576866,0.13177159590043924,0.2984626647144949,0.15153733528550511,0.45,25.849056603773587
201666,2023-24,603,Barnes,Harvey,Barnes,MID,3,15,Newcastle,4,788,7,64,3,205,5,3,3.78,1.9,5.68,2,10,10.48,0,0,0,0,2,0,279.2,181.5,334.0,79.5,6.2,1.2,7.309644670050761,0.5710659898477157,0.34263959390862947,0.4317258883248731,0.21700507614213196,0.6487309644670051,10.32258064516129
201666,2024-25,392,Barnes,Harvey,Barnes,MID,3,15,Newcastle,4,1746,17,130,13,442,9,5,6.45,4.4,10.85,6,23,24.32,0,0,0,0,0,0,522.2,407.1,701.0,163.1,5.9,4.2,6.701030927835052,0.4639175257731959,0.25773195876288657,0.3324742268041237,0.22680412371134023,0.5592783505154639,22.033898305084744
201666,2025-26,487,Barnes,Harvey,Barnes,MID,3,15,Newcastle,4,1951,19,106,9,349,7,1,6.84,2.72,9.56,5,31,30.3,0,0,0,0,1,0,404.0,387.5,682.0,147.0,6.1,1.3,4.889800102511533,0.3229113275243465,0.04613018964633521,0.31553049718093285,0.12547411583803178,0.4410046130189647,17.37704918032787
202641,2023-24,597,Onana,André,Onana,GK,1,14,Man Utd,1,3420,38,133,10,741,0,0,0.0,0.08,0.08,9,58,69.64,149,0,0,0,5,0,1167.8,33.2,0.0,120.2,5.0,15.5,3.5,0.0,0.0,0.0,0.002105263157894737,0.002105263157894737,26.6
202641,2024-25,383,Onana,André,Onana,GK,1,14,Man Utd,1,3060,34,120,8,443,0,0,0.0,0.2,0.2,9,44,47.79,90,1,0,0,0,0,733.0,13.0,0.0,74.7,4.9,5.0,3.5294117647058822,0.0,0.0,0.0,0.005882352941176471,0.005882352941176471,24.489795918367346
202641,2025-26,432,Onana,André,Onana,GK,1,14,Man Utd,1,0,0,0,0,0,0,0,0.0,0.0,0.0,0,0,0.0,0,0,0,0,0,0,0.0,0.0,0.0,0.0,4.9,0.1,,,,,,,0.0
202993,2023-24,492,Bentancur,Rodrigo,Bentancur,MID,3,18,Spurs,6,997,13,32,0,153,1,1,2.01,1.05,3.06,1,25,19.98,0,0,0,0,7,0,193.0,174.9,156.0,52.1,5.4,0.0,2.888665997993982,0.09027081243731194,0.09027081243731194,0.18144433299899698,0.09478435305917754,0.2762286860581745,5.925925925925926
202993,2024-25,480,Bentancur,Rodrigo,Bentancur,MID,3,18,Spurs,6,1640,21,49,1,293,2,0,1.36,1.02,2.38,3,26,26.87,0,0,0,0,9,0,324.6,208.5,165.0,70.2,4.9,0.1,2.6890243902439024,0.10975609756097561,0.0,0.07463414634146343,0.05597560975609756,0.13060975609756098,10.0
202993,2025-26,585,Bentancur,Rodrigo,Bentancur,MID,3,18,Spurs,6,1880,23,86,4,366,1,1,0.72,0.84,1.56,8,25,23.65,0,0,0,0,7,0,349.0,197.8,124.0,67.4,5.2,0.2,4.117021276595745,0.047872340425531915,0.047872340425531915,0.034468085106382974,0.04021276595744681,0.0746808510638298,16.538461538461537
204214,2023-24,131,Estupiñan,Pervis,Estupiñán,DEF,2,5,Brighton,36,1242,15,57,7,291,2,3,1.0,2.22,3.22,3,26,26.5,0,0,0,1,4,0,350.8,382.6,156.0,89.0,4.7,14.5,4.130434782608696,0.14492753623188406,0.21739130434782608,0.07246376811594203,0.16086956521739132,0.23333333333333336,12.127659574468085
204214,2024-25,122,Estupiñan,Pervis,Estupiñán,DEF,2,5,Brighton,36,2399,26,63,7,313,1,1,1.09,2.43,3.52,3,44,39.85,0,0,0,0,5,0,504.4,530.1,173.0,120.8,4.9,1.3,2.36348478532722,0.03751563151313047,0.03751563151313047,0.04089203834931222,0.09116298457690704,0.13205502292621926,12.857142857142856
204214,2025-26,147,Estupiñan,Pervis,Estupiñán Tenorio,DEF,2,6,Brighton,36,0,0,0,0,0,0,0,0.0,0.0,0.0,0,0,0.0,0,0,0,0,0,0,0.0,0.0,0.0,0.0,4.5,0.0,,,,,,,0.0
204480,2023-24,540,Rice,Declan,Rice,MID,3,1,Arsenal,3,3225,37,165,17,744,7,9,3.53,5.09,8.62,17,28,27.08,0,0,0,0,5,0,959.4,745.3,451.0,215.9,5.5,6.2,4.604651162790698,0.1953488372093023,0.25116279069767444,0.09851162790697675,0.14204651162790696,0.24055813953488367,30.0
204480,2024-25,16,Rice,Declan,Rice,MID,3,1,Arsenal,3,2823,33,127,17,627,4,7,3.51,5.64,9.14,11,29,27.13,0,0,0,0,5,1,733.0,959.6,399.0,208.8,6.3,4.2,4.048884165781084,0.1275239107332625,0.22316684378320936,0.11190223166843784,0.17980871413390012,0.2913921360255048,20.158730158730158
204480,2025-26,21,Rice,Declan,Rice,MID,3,1,Arsenal,3,3093,35,184,23,790,4,9,3.15,7.32,10.47,18,25,23.87,0,0,0,0,3,0,827.2,1027.4,298.0,215.4,7.2,23.3,5.354025218234724,0.11639185257032009,0.2618816682832202,0.09165858389912707,0.21299709020368573,0.30465567410281286,25.555555555555554
204580,2023-24,105,Janelt,Vitaly,Janelt,MID,3,4,Brentford,94,3054,37,93,1,466,1,4,1.82,3.44,5.26,9,52,47.65,0,0,0,0,8,0,503.4,562.5,285.0,135.3,5.2,0.1,2.7406679764243616,0.029469548133595286,0.11787819253438114,0.05363457760314342,0.10137524557956779,0.1550098231827112,17.884615384615383
204580,2024-25,94,Janelt,Vitaly,Janelt,MID,3,4,Brentford,94,2251,27,73,2,384,1,3,0.83,2.38,3.21,6,38,37.37,0,0,0,2,3,0,356.6,284.2,131.0,77.2,4.8,0.2,2.918702798756108,0.039982230119946685,0.11994669035984008,0.03318525099955575,0.09515770768547313,0.12834295868502887,15.208333333333334
204580,2025-26,125,Janelt,Vitaly,Janelt,MID,3,5,Brentford,94,1434,15,74,6,334,1,4,0.82,2.27,3.09,5,21,26.62,0,0,0,0,8,0,350.4,351.8,97.0,79.0,4.9,0.1,4.644351464435147,0.06276150627615062,0.2510460251046025,0.051464435146443506,0.1424686192468619,0.1939330543933054,15.102040816326529
204716,2023-24,302,Konaté,Ibrahima,Konaté,DEF,2,11,Liverpool,14,1570,17,56,2,315,0,0,0.7,0.47,1.17,6,19,21.42,0,0,0,0,3,1,357.4,139.9,87.0,58.5,4.9,2.0,3.2101910828025475,0.0,0.0,0.040127388535031845,0.02694267515923567,0.06707006369426752,11.428571428571427
204716,2024-25,326,Konaté,Ibrahima,Konaté,DEF,2,12,Liverpool,14,2561,30,106,4,487,1,2,1.8,0.91,2.71,11,28,26.67,0,0,0,0,5,0,578.0,161.4,133.0,87.6,5.3,7.0,3.725107379929715,0.035142522452167126,0.07028504490433425,0.06325654041390082,0.03197969543147208,0.0952362358453729,20.0
204716,2025-26,374,Konaté,Ibrahima,Konaté,DEF,2,12,Liverpool,14,3090,36,129,8,532,1,0,1.19,0.98,2.17,10,45,40.66,0,0,0,0,7,0,779.2,160.5,119.0,106.1,5.4,3.8,3.757281553398058,0.02912621359223301,0.0,0.03466019417475728,0.02854368932038835,0.06320388349514564,23.888888888888886
204822,2023-24,461,O.Richards,Omar,Richards,DEF,2,16,Nott'm Forest,17,0,0,0,0,0,0,0,0.0,0.0,0.0,0,0,0.0,0,0,0,0,0,0,0.0,0.0,0.0,0.0,4.4,0.0,,,,,,,0.0
204822,2024-25,438,O.Richards,Omar,Richards,DEF,2,16,Nott'm Forest,17,0,0,0,0,0,0,0,0.0,0.0,0.0,0,0,0.0,0,0,0,0,0,0,0.0,0.0,0.0,0.0,4.5,0.0,,,,,,,0.0
204822,2025-26,512,O.Richards,Omar,Richards,DEF,2,16,Nott'm Forest,17,0,0,0,0,0,0,0,0.0,0.0,0.0,0,0,0.0,0,0,0,0,0,0,0.0,0.0,0.0,0.0,4.5,0.0,,,,,,,0.0
204968,2023-24,470,Yates,Ryan,Yates,MID,3,16,Nott'm Forest,17,1979,21,59,1,235,1,1,2.78,0.59,3.37,1,38,31.96,0,0,0,0,6,0,330.4,133.8,258.0,72.1,4.8,0.0,2.6831733198585144,0.045477513895907026,0.045477513895907026,0.1264274886306215,0.02683173319858514,0.15325922182920668,12.291666666666668
204968,2024-25,449,Yates,Ryan,Yates,MID,3,16,Nott'm Forest,17,1901,18,67,3,306,2,2,2.41,0.47,2.88,6,27,27.84,0,0,0,0,10,0,344.4,241.1,265.0,85.4,4.8,0.1,3.1720147290899527,0.09468700683850605,0.09468700683850605,0.11409784324039979,0.022251446607048923,0.1363492898474487,13.958333333333334
204968,2025-26,522,Yates,Ryan,Yates,MID,3,16,Nott'm Forest,17,602,2,30,0,123,0,2,0.49,0.37,0.86,0,7,8.56,0,0,0,0,3,0,139.0,79.7,55.0,27.2,4.7,0.1,4.485049833887043,0.0,0.29900332225913623,0.07325581395348837,0.0553156146179402,0.12857142857142856,6.382978723404255
205533,2023-24,13,Nketiah,Eddie,Nketiah,FWD,4,1,Arsenal,3,1065,10,71,5,206,5,4,4.65,0.53,5.18,6,10,10.21,0,0,0,0,3,0,235.0,136.3,417.0,77.2,5.0,3.1,6.0,0.4225352112676056,0.3380281690140845,0.3929577464788732,0.0447887323943662,0.4377464788732395,14.2
205533,2024-25,11,Nketiah,Eddie,Nketiah,FWD,4,7,Crystal Palace,31,1018,9,53,4,186,3,2,5.94,0.83,6.77,2,17,14.29,0,0,0,0,4,1,192.2,163.7,475.0,82.5,5.9,0.7,4.685658153241651,0.26522593320235754,0.1768172888015717,0.525147347740668,0.07337917485265226,0.5985265225933202,8.983050847457626
205533,2025-26,284,Nketiah,Eddie,Nketiah,FWD,4,8,Crystal Palace,31,414,2,23,3,100,2,0,1.77,0.46,2.23,0,12,9.49,0,0,0,0,2,0,120.0,84.6,173.0,37.8,5.4,0.3,5.0,0.43478260869565216,0.0,0.3847826086956521,0.1,0.48478260869565215,4.259259259259259
205651,2023-24,8,G.Jesus,Gabriel,Fernando de Jesus,FWD,4,1,Arsenal,3,1470,17,85,10,271,4,7,6.27,3.26,9.53,11,11,11.67,0,0,0,0,6,0,364.8,403.0,756.0,152.7,7.7,2.6,5.204081632653061,0.24489795918367346,0.4285714285714286,0.38387755102040816,0.19959183673469386,0.583469387755102,11.03896103896104
205651,2024-25,2,G.Jesus,Gabriel,Fernando de Jesus,FWD,4,1,Arsenal,3,600,6,42,6,152,3,2,3.05,0.52,3.57,2,5,5.82,0,0,0,0,4,0,154.4,119.5,255.0,52.6,6.5,1.0,6.300000000000001,0.45,0.30000000000000004,0.45749999999999996,0.078,0.5355,6.461538461538462
205651,2025-26,31,G.Jesus,Gabriel,Fernando de Jesus,FWD,4,1,Arsenal,3,418,3,24,0,92,3,0,2.71,0.26,2.97,1,6,3.97,0,0,0,0,3,0,141.8,54.3,281.0,47.5,6.4,0.4,5.167464114832536,0.645933014354067,0.0,0.5834928229665072,0.055980861244019145,0.6394736842105263,3.75
206325,2023-24,31,Zinchenko,Oleksandr,Zinchenko,DEF,2,1,Arsenal,3,1717,20,104,16,468,1,2,0.6,2.65,3.25,9,15,12.33,0,0,0,0,2,0,395.4,474.8,133.0,100.4,5.0,5.1,5.451368666278393,0.052417006406523005,0.10483401281304601,0.0314502038439138,0.13890506697728597,0.17035527082119978,20.8
206325,2024-25,25,Zinchenko,Oleksandr,Zinchenko,DEF,2,1,Arsenal,3,518,5,40,2,141,0,1,0.65,0.52,1.17,4,1,3.21,0,0,0,0,1,0,83.4,92.8,66.0,24.1,4.8,0.9,6.949806949806949,0.0,0.17374517374517376,0.11293436293436293,0.09034749034749036,0.20328185328185325,8.333333333333334
206325,2025-26,12,Zinchenko,Oleksandr,Zinchenko,DEF,2,16,Nott'm Forest,17,352,4,7,0,56,0,0,0.07,0.36,0.43,0,6,5.02,0,0,0,0,0,0,80.8,83.4,22.0,18.6,4.9,0.2,1.7897727272727273,0.0,0.0,0.017897727272727273,0.09204545454545453,0.10994318181818183,1.4285714285714284
206915,2023-24,300,Jones,Curtis,Jones,MID,3,11,Liverpool,14,1156,14,40,2,171,1,1,2.74,1.04,3.78,2,19,19.42,0,0,0,0,3,1,174.0,203.2,195.0,57.0,4.9,0.1,3.114186851211073,0.07785467128027682,0.07785467128027682,0.2133217993079585,0.0809688581314879,0.2942906574394463,8.16326530612245
206915,2024-25,324,Jones,Curtis,Jones,MID,3,12,Liverpool,14,1702,19,87,4,396,3,5,4.34,1.46,5.8,6,27,23.35,0,0,0,0,1,1,397.2,343.7,400.0,113.6,5.3,0.2,4.600470035252644,0.15863689776733256,0.26439482961222094,0.22949471210340774,0.0772032902467685,0.30669800235017625,16.41509433962264
206915,2025-26,388,C.Jones,Curtis,Jones,MID,3,12,Liverpool,14,1923,18,81,6,447,1,3,2.21,2.77,4.98,3,37,31.44,0,0,0,0,2,0,407.4,412.1,227.0,104.6,5.4,0.1,3.790951638065523,0.046801872074883,0.14040561622464898,0.10343213728549143,0.1296411856474259,0.23307332293291735,14.999999999999998
207189,2023-24,475,Berge,Sander,Berge,MID,3,6,Burnley,90,3002,34,74,3,430,1,2,2.04,1.66,3.7,2,70,66.96,0,0,0,0,8,1,533.6,446.3,161.0,114.3,4.6,0.1,2.218520986009327,0.029980013324450366,0.05996002664890073,0.06115922718187875,0.04976682211858761,0.11092604930046637,16.086956521739133
207189,2024-25,622,Berge,Sander,Berge,MID,3,9,Fulham,54,2221,26,53,2,334,0,0,0.45,0.63,1.08,4,35,30.81,0,0,0,0,6,0,314.4,285.7,51.0,65.1,5.0,0.0,2.1476812246735704,0.0,0.0,0.018235029266096353,0.025529040972534896,0.04376407023863125,10.6
207189,2025-26,330,Berge,Sander,Berge,MID,3,10,Fulham,54,2904,34,91,3,503,0,3,1.54,1.5,3.04,8,45,43.09,0,0,0,1,5,0,437.8,365.1,105.0,91.0,4.9,0.1,2.820247933884297,0.0,0.09297520661157024,0.04772727272727273,0.04648760330578512,0.09421487603305785,18.57142857142857
207283,2023-24,106,Jensen,Mathias,Jensen,MID,3,4,Brentford,94,2201,27,98,10,422,3,4,0.71,4.89,5.6,9,45,36.36,0,0,0,0,5,0,481.2,689.3,135.0,130.4,5.2,0.7,4.00726942298955,0.1226715129486597,0.1635620172648796,0.02903225806451613,0.1999545661063153,0.2289868241708314,18.846153846153847
207283,2024-25,95,Jensen,Mathias,Jensen,MID,3,4,Brentford,94,846,8,38,1,179,0,2,0.23,1.75,1.98,2,17,16.41,0,0,0,0,2,0,157.0,249.5,32.0,43.8,5.3,0.1,4.042553191489362,0.0,0.2127659574468085,0.02446808510638298,0.18617021276595744,0.21063829787234045,7.169811320754717
207283,2025-26,126,Jensen,Mathias,Jensen,MID,3,5,Brentford,94,2239,26,98,1,465,3,2,2.21,6.06,8.27,9,33,35.72,0,0,0,0,3,0,435.6,632.7,201.0,126.9,4.9,0.1,3.939258597588209,0.1205895489057615,0.080393032603841,0.08883430102724431,0.2435908887896382,0.3324251898168825,20.0
208706,2023-24,406,Bruno G.,Bruno,Guimarães Rodriguez Moura,MID,3,15,Newcastle,4,3264,37,153,15,691,7,9,4.91,6.2,11.11,10,60,58.64,0,0,0,0,8,0,968.4,948.7,489.0,241.0,5.8,3.3,4.21875,0.19301470588235295,0.24816176470588236,0.13538602941176472,0.17095588235294118,0.3063419117647059,26.379310344827587
208706,2024-25,394,Bruno G.,Bruno,Guimarães Rodriguez Moura,MID,3,15,Newcastle,4,3273,38,135,10,661,5,6,4.34,5.32,9.66,13,44,43.41,0,0,0,0,7,0,723.0,796.0,454.0,197.5,6.2,3.0,3.712190650779102,0.13748854262144822,0.16498625114573787,0.11934005499541704,0.14628780934922092,0.265627864344638,21.774193548387096
208706,2025-26,488,Bruno G.,Bruno,Guimarães Rodriguez Moura,MID,3,15,Newcastle,4,2456,27,154,22,681,9,7,5.59,4.96,10.55,6,37,31.99,0,0,0,0,6,0,782.4,756.7,488.0,202.9,6.9,6.5,5.643322475570033,0.3298045602605863,0.25651465798045603,0.20484527687296417,0.18175895765472314,0.3866042345276874,22.318840579710145
208912,2023-24,469,Worrall,Joe,Worrall,DEF,2,16,Nott'm Forest,17,438,5,13,3,74,0,0,0.1,0.31,0.41,1,9,9.01,0,0,0,0,0,1,90.0,22.1,18.0,13.0,4.3,0.1,2.671232876712329,0.0,0.0,0.020547945205479454,0.0636986301369863,0.08424657534246575,3.0232558139534884
208912,2024-25,448,Worrall,Joe,Worrall,DEF,2,16,Nott'm Forest,17,0,0,0,0,0,0,0,0.0,0.0,0.0,0,0,0.0,0,0,0,0,0,0,0.0,0.0,0.0,0.0,4.5,0.0,,,,,,,0.0
208912,2025-26,199,Worrall,Joe,Worrall,DEF,2,3,Burnley,90,496,5,20,0,40,0,0,0.08,0.02,0.1,0,11,11.68,0,0,0,0,0,0,147.4,1.5,19.0,17.0,3.8,0.2,3.629032258064516,0.0,0.0,0.014516129032258065,0.0036290322580645163,0.018145161290322582,5.2631578947368425
209036,2023-24,228,Guéhi,Marc,Guéhi,DEF,2,8,Crystal Palace,31,2020,23,66,6,397,0,1,0.58,1.0,1.58,6,32,31.51,0,0,0,0,2,0,417.8,106.6,35.0,56.1,4.2,1.3,2.9405940594059405,0.0,0.04455445544554455,0.02584158415841584,0.04455445544554455,0.0703960396039604,15.714285714285714
209036,2024-25,200,Guéhi,Marc,Guéhi,DEF,2,7,Crystal Palace,31,3059,34,116,11,492,3,2,1.87,2.01,3.88,11,42,41.55,0,0,0,3,7,1,827.0,237.6,247.0,131.0,4.7,5.7,3.4128800261523375,0.08826413860738803,0.058842759071592025,0.05501797973193854,0.05913697286694997,0.11415495259888851,24.680851063829785
209036,2025-26,260,Guéhi,Marc,Guéhi,DEF,2,13,Man City,43,3150,35,179,14,688,3,5,4.05,2.37,6.42,14,35,44.58,0,0,0,0,6,0,901.6,304.6,402.0,160.9,5.1,32.6,5.114285714285715,0.08571428571428572,0.14285714285714285,0.11571428571428571,0.06771428571428571,0.18342857142857144,35.09803921568628
209046,2023-24,205,Hudson-Odoi,Callum,Hudson-Odoi,MID,3,16,Nott'm Forest,17,1846,20,109,14,371,8,2,2.65,2.02,4.67,2,41,28.38,0,0,0,0,0,0,489.0,514.2,444.0,145.0,4.7,0.8,5.314192849404117,0.39003250270855905,0.09750812567713976,0.12919826652221017,0.09848320693391115,0.22768147345612136,23.19148936170213
209046,2024-25,434,Hudson-Odoi,Callum,Hudson-Odoi,MID,3,16,Nott'm Forest,17,2190,25,103,7,454,5,3,2.52,2.54,5.06,11,23,27.79,0,0,0,0,2,0,445.6,663.9,405.0,151.0,5.1,1.2,4.232876712328767,0.2054794520547945,0.12328767123287672,0.10356164383561645,0.10438356164383562,0.20794520547945206,20.196078431372552
209046,2025-26,516,Hudson-Odoi,Callum,Hudson-Odoi,MID,3,16,Nott'm Forest,17,1838,21,88,8,358,3,4,2.77,3.02,5.79,6,26,30.88,0,0,0,0,0,0,366.6,611.7,330.0,130.6,5.7,0.6,4.309031556039173,0.14689880304678998,0.19586507072905332,0.13563656147986944,0.14787812840043524,0.2835146898803047,15.43859649122807
209243,2023-24,397,Sancho,Jadon,Sancho,MID,3,14,Man Utd,1,76,0,3,0,11,0,0,0.0,0.07,0.07,0,1,1.86,0,0,0,0,0,0,9.8,14.8,12.0,3.6,6.7,0.4,3.552631578947368,0.0,0.0,0.0,0.08289473684210527,0.08289473684210527,0.44776119402985076
209243,2024-25,386,Sancho,Jadon,Sancho,MID,3,6,Chelsea,8,1754,19,86,3,367,3,5,2.13,3.1,5.23,7,24,23.66,0,0,0,0,2,0,340.0,523.2,414.0,127.5,6.2,0.9,4.412770809578107,0.15393386545039908,0.25655644241733183,0.10929304446978334,0.15906499429874574,0.2683580387685291,13.870967741935484
209243,2025-26,456,Sancho,Jadon,Sancho,MID,3,2,Aston Villa,7,863,9,37,0,141,0,2,0.61,1.87,2.48,2,10,14.11,0,0,0,0,0,0,130.2,290.6,193.0,61.6,5.8,0.2,3.858632676709154,0.0,0.20857473928157588,0.06361529548088064,0.1950173812282735,0.2586326767091541,6.379310344827586
209244,2023-24,353,Foden,Phil,Foden,MID,3,13,Man City,43,2860,33,230,31,866,19,8,10.17,6.95,17.12,14,27,28.51,0,0,0,0,2,0,1154.8,1157.8,1172.0,348.8,8.5,43.3,7.2377622377622375,0.5979020979020979,0.2517482517482518,0.32003496503496504,0.21870629370629374,0.5387412587412588,27.058823529411764
209244,2024-25,348,Foden,Phil,Foden,MID,3,13,Man City,43,1771,20,105,10,454,7,3,5.17,5.33,10.49,6,24,29.11,0,0,0,0,2,0,448.0,749.0,449.0,164.2,9.1,4.6,5.33596837944664,0.3557312252964427,0.15245623941276115,0.26273291925465836,0.27086391869000565,0.5330886504799548,11.538461538461538
209244,2025-26,414,Foden,Phil,Foden,MID,3,13,Man City,43,2078,23,131,13,563,7,5,6.03,4.76,10.79,11,19,27.38,0,0,0,0,4,0,583.2,918.8,520.0,201.9,8.0,7.8,5.673724735322426,0.30317613089509143,0.21655437921077958,0.2611645813282002,0.20615976900866217,0.46732435033686237,16.375
209289,2023-24,22,Smith Rowe,Emile,Smith Rowe,MID,3,1,Arsenal,3,343,3,25,0,73,0,2,1.86,0.4,2.26,3,3,2.1,0,0,0,0,0,0,62.4,72.2,128.0,25.6,5.3,0.1,6.559766763848397,0.0,0.5247813411078717,0.4880466472303207,0.10495626822157435,0.593002915451895,4.716981132075472
209289,2024-25,19,Smith Rowe,Emile,Smith Rowe,MID,3,9,Fulham,54,2036,25,114,15,449,6,3,4.45,2.04,6.49,7,28,25.35,0,0,0,0,3,0,433.8,422.3,386.0,124.4,5.0,7.3,5.039292730844794,0.26522593320235754,0.13261296660117877,0.19670923379174854,0.09017681728880157,0.2868860510805501,22.8
209289,2025-26,325,Smith Rowe,Emile,Smith Rowe,MID,3,10,Fulham,54,1909,22,80,1,351,3,1,4.71,1.12,5.83,6,27,31.27,0,0,0,0,1,0,291.6,330.0,404.0,102.6,5.6,0.5,3.771608171817706,0.14143530644316396,0.04714510214772132,0.2220534311157674,0.052802514405447885,0.2748559455212153,14.285714285714286
210156,2023-24,437,Awoniyi,Taiwo,Awoniyi,FWD,4,16,Nott'm Forest,17,1036,12,67,5,247,6,3,4.85,0.9,5.75,3,21,15.61,0,0,0,0,2,0,303.2,134.4,308.0,74.2,6.3,1.3,5.82046332046332,0.5212355212355212,0.2606177606177606,0.42133204633204635,0.0781853281853282,0.49951737451737455,10.634920634920634
210156,2024-25,424,Awoniyi,Taiwo,Awoniyi,FWD,4,16,Nott'm Forest,17,398,3,32,0,89,1,0,2.15,0.12,2.27,1,10,6.65,0,0,0,0,0,0,67.0,40.9,118.0,21.9,5.5,0.3,7.236180904522613,0.22613065326633167,0.0,0.48618090452261303,0.027135678391959794,0.5133165829145728,5.818181818181818
210156,2025-26,527,Awoniyi,Taiwo,Awoniyi,FWD,4,16,Nott'm Forest,17,480,3,43,4,170,4,2,3.68,0.77,4.45,1,4,10.35,0,0,0,0,2,0,177.2,79.0,235.0,48.4,5.2,0.4,8.0625,0.75,0.375,0.6900000000000001,0.144375,0.8343750000000001,8.269230769230768
210462,2023-24,713,Sangaré,Ibrahim,Sangaré,MID,3,16,Nott'm Forest,17,1031,13,25,0,89,0,0,0.67,0.4,1.07,4,16,14.75,0,0,0,0,6,0,168.8,112.9,43.0,32.5,4.9,0.0,2.182347235693501,0.0,0.0,0.05848690591658584,0.03491755577109603,0.09340446168768186,5.1020408163265305
210462,2024-25,442,Sangaré,Ibrahim,Sangaré,MID,3,16,Nott'm Forest,17,584,7,20,0,107,0,1,0.02,0.21,0.23,2,6,8.41,0,0,0,0,3,0,130.6,80.3,21.0,23.2,4.3,1.2,3.0821917808219177,0.0,0.1541095890410959,0.0030821917808219177,0.032363013698630136,0.035445205479452055,4.651162790697675
210462,2025-26,521,Sangaré,Ibrahim,Sangaré,MID,3,16,Nott'm Forest,17,2073,25,89,2,366,2,2,1.16,1.8,2.96,8,26,33.17,0,0,0,0,5,0,434.4,205.9,126.0,76.8,4.9,0.1,3.863965267727931,0.08683068017366137,0.08683068017366137,0.05036179450072358,0.07814761215629523,0.12850940665701882,18.163265306122447
210494,2023-24,522,N.Aguerd,Nayef,Aguerd,DEF,2,19,West Ham,21,1857,21,36,0,282,1,0,1.37,0.41,1.78,2,44,38.79,0,0,0,0,1,1,439.4,58.1,145.0,64.4,4.4,0.5,1.7447495961227786,0.048465266558966075,0.0,0.06639741518578353,0.019870759289176088,0.08626817447495962,8.181818181818182
210494,2024-25,529,N.Aguerd,Nayef,Aguerd,DEF,2,19,West Ham,21,0,0,0,0,0,0,0,0.0,0.0,0.0,0,0,0.0,0,0,0,0,0,0,0.0,0.0,0.0,0.0,4.4,0.0,,,,,,,0.0
210494,2025-26,607,N.Aguerd,Nayef,Aguerd,DEF,2,19,West Ham,21,180,2,3,0,-1,0,0,0.1,0.03,0.13,0,8,3.42,0,0,0,0,0,0,39.0,3.9,8.0,5.1,4.4,0.0,1.5,0.0,0.0,0.05,0.015,0.065,0.6818181818181818
211975,2023-24,341,Akanji,Manuel,Akanji,DEF,2,13,Man City,43,2512,28,112,8,560,2,0,1.77,1.79,3.56,11,23,25.72,0,0,0,0,2,1,536.4,298.7,137.0,97.4,5.0,5.6,4.012738853503184,0.07165605095541401,0.0,0.0634156050955414,0.06413216560509555,0.12754777070063694,22.4
211975,2024-25,340,Akanji,Manuel,Akanji,DEF,2,13,Man City,43,2012,23,61,1,307,0,0,1.57,1.3,2.87,6,28,29.72,0,0,0,0,3,0,339.8,249.8,100.0,68.9,5.3,2.3,2.728628230616302,0.0,0.0,0.0702286282306163,0.05815109343936382,0.12837972166998013,11.50943396226415
211975,2025-26,404,Akanji,Manuel,Akanji,DEF,2,13,Man City,43,0,0,0,0,0,0,0,0.0,0.0,0.0,0,0,0.0,0,0,0,0,0,0,0.0,0.0,0.0,0.0,5.4,0.3,,,,,,,0.0
212314,2023-24,276,Lukić,Saša,Lukić,MID,3,10,Fulham,54,1113,13,43,0,157,1,0,1.49,0.46,1.95,5,20,22.86,0,0,0,0,3,0,192.4,155.6,115.0,46.2,4.3,0.3,3.477088948787062,0.08086253369272238,0.0,0.12048517520215635,0.03719676549865229,0.15768194070080863,10.0
212314,2024-25,249,Lukić,Saša,Lukić,MID,3,9,Fulham,54,2348,28,56,1,354,0,2,1.16,1.4,2.56,4,37,33.02,0,0,0,0,12,0,335.6,455.1,119.0,91.0,4.8,0.0,2.1465076660988074,0.0,0.07666098807495741,0.0444633730834753,0.05366269165247018,0.0981260647359455,11.666666666666668
212314,2025-26,332,Lukić,Saša,Lukić,MID,3,10,Fulham,54,1730,20,67,4,314,1,4,2.23,1.91,4.14,6,22,27.64,0,0,0,0,9,0,317.6,441.6,176.0,93.4,4.9,0.1,3.485549132947977,0.05202312138728324,0.20809248554913296,0.11601156069364163,0.09936416184971099,0.2153757225433526,13.673469387755102
212319,2023-24,509,Richarlison,Richarlison,de Andrade,MID,3,18,Spurs,6,1481,18,122,7,305,11,4,9.49,1.42,10.91,7,18,25.59,0,0,0,0,3,0,560.6,208.4,758.0,152.1,6.8,2.5,7.413909520594193,0.6684672518568535,0.24307900067521945,0.5767049291019581,0.0862930452397029,0.662997974341661,17.941176470588236
212319,2024-25,497,Richarlison,Richarlison,de Andrade,FWD,4,18,Spurs,6,497,4,35,0,138,4,1,3.71,0.6,4.31,1,9,7.29,0,0,0,0,2,0,180.8,57.1,243.0,47.4,6.8,0.4,6.338028169014085,0.7243460764587526,0.18108651911468815,0.671830985915493,0.10865191146881288,0.7804828973843059,5.147058823529412
212319,2025-26,597,Richarlison,Richarlison,de Andrade,FWD,4,18,Spurs,6,1954,20,119,17,505,11,4,8.64,1.46,10.1,7,27,25.64,0,0,0,0,5,0,602.6,239.6,815.0,165.2,6.5,8.7,5.481064483111567,0.5066530194472876,0.1842374616171955,0.3979529170931423,0.06724667349027635,0.46519959058341864,18.307692307692307
213198,2023-24,212,Nkunku,Christopher,Nkunku,FWD,4,7,Chelsea,8,437,2,29,4,96,3,0,2.47,0.37,2.84,0,12,8.74,0,0,0,0,0,0,134.6,74.5,222.0,42.7,7.2,1.0,5.97254004576659,0.6178489702517163,0.0,0.5086956521739131,0.07620137299771167,0.5848970251716247,4.027777777777778
213198,2024-25,181,Nkunku,Christopher,Nkunku,MID,3,6,Chelsea,8,904,9,60,5,190,3,2,5.11,1.01,6.12,2,16,16.25,0,0,0,0,2,0,230.2,204.9,339.0,77.1,5.7,2.0,5.9734513274336285,0.29867256637168144,0.19911504424778761,0.5087389380530973,0.10055309734513275,0.6092920353982301,10.526315789473683
213198,2025-26,240,Nkunku,Christopher,Nkunku,MID,3,7,Chelsea,8,0,0,0,0,0,0,0,0.0,0.0,0.0,0,0,0.0,0,0,0,0,0,0,0.0,0.0,0.0,0.0,5.9,0.1,,,,,,,0.0
213999,2023-24,642,Álvarez,Edson,Álvarez Velázquez,MID,3,19,West Ham,21,2375,28,62,3,345,1,1,1.37,0.81,2.18,5,45,49.85,0,0,0,0,11,0,545.8,193.1,89.0,82.7,5.0,0.2,2.349473684210526,0.037894736842105266,0.037894736842105266,0.051915789473684214,0.030694736842105264,0.08261052631578948,12.4
213999,2024-25,511,Álvarez,Edson,Álvarez Velázquez,MID,3,19,West Ham,21,1769,20,40,0,221,0,1,0.39,0.89,1.28,3,31,30.15,0,0,0,0,7,1,281.8,213.9,51.0,54.7,5.0,0.1,2.035048049745619,0.0,0.05087620124364047,0.019841718485019786,0.04527981910684002,0.0651215375918598,8.0
213999,2025-26,616,Álvarez,Edson,Álvarez Velázquez,MID,3,19,West Ham,21,0,0,0,0,0,0,0,0.0,0.0,0.0,0,0,0.0,0,0,0,0,0,0,0.0,0.0,0.0,0.0,4.9,0.0,,,,,,,0.0
214048,2023-24,563,Kilman,Max,Kilman,DEF,2,20,Wolves,39,3420,38,82,3,592,2,0,1.78,1.12,2.9,5,65,67.17,0,0,0,0,7,0,853.6,233.1,212.0,130.2,4.4,1.7,2.1578947368421053,0.052631578947368425,0.0,0.0468421052631579,0.02947368421052632,0.07631578947368421,18.636363636363633
214048,2024-25,524,Kilman,Max,Kilman,DEF,2,19,West Ham,21,3348,38,82,5,395,0,1,1.55,1.19,2.74,6,62,59.71,0,0,0,0,5,0,832.6,203.3,149.0,118.8,4.3,1.3,2.2043010752688175,0.0,0.026881720430107524,0.04166666666666667,0.03198924731182795,0.07365591397849462,19.069767441860467
214048,2025-26,605,Kilman,Maximilian,Kilman,DEF,2,19,West Ham,21,1559,17,36,0,80,0,0,0.56,0.25,0.81,1,37,33.28,0,0,0,0,4,0,392.4,55.8,60.0,50.9,4.0,0.1,2.0782552918537522,0.0,0.0,0.03232841565105837,0.014432328415651058,0.046760744066709437,9.0
214285,2023-24,311,Tsimikas,Konstantinos,Tsimikas,DEF,2,11,Liverpool,14,675,8,48,4,201,0,3,0.09,1.26,1.35,4,7,8.46,0,0,0,0,0,0,158.8,267.5,35.0,46.2,4.3,1.1,6.4,0.0,0.4,0.012,0.168,0.18,11.162790697674419
214285,2024-25,337,Tsimikas,Konstantinos,Tsimikas,DEF,2,12,Liverpool,14,829,9,43,3,217,0,1,0.39,2.32,2.71,4,8,9.03,0,0,0,0,2,0,202.0,260.7,60.0,52.5,4.6,0.2,4.668275030156815,0.0,0.10856453558504221,0.04234016887816647,0.25186972255729795,0.2942098914354644,9.347826086956523
214285,2025-26,377,Tsimikas,Konstantinos,Tsimikas,DEF,2,12,Liverpool,14,0,0,0,0,0,0,0,0.0,0.0,0.0,0,0,0.0,0,0,0,0,0,0,0.0,0.0,0.0,0.0,4.8,0.0,,,,,,,0.0
214572,2023-24,491,Austin,Brandon,Austin,GK,1,18,Spurs,6,0,0,0,0,0,0,0,0.0,0.0,0.0,0,0,0.0,0,0,0,0,0,0,0.0,0.0,0.0,0.0,3.9,0.2,,,,,,,0.0
214572,2024-25,479,Austin,Brandon,Austin,GK,1,18,Spurs,6,90,1,1,0,7,0,0,0.0,0.0,0.0,0,2,2.53,2,0,0,0,0,0,20.0,0.0,0.0,2.0,4.0,0.4,1.0,0.0,0.0,0.0,0.0,0.0,0.25
214572,2025-26,566,Austin,Brandon,Austin,GK,1,18,Spurs,6,0,0,0,0,0,0,0,0.0,0.0,0.0,0,0,0.0,0,0,0,0,0,0,0.0,0.0,0.0,0.0,3.9,0.3,,,,,,,0.0
214590,2023-24,401,Wan-Bissaka,Aaron,Wan-Bissaka,DEF,2,14,Man Utd,1,1778,20,47,5,323,0,2,0.11,1.47,1.58,3,34,38.57,0,0,0,0,4,0,397.8,196.5,60.0,65.5,4.4,2.0,2.3790776152980877,0.0,0.10123734533183353,0.005568053993250844,0.07440944881889763,0.07997750281214848,10.681818181818182
214590,2024-25,388,Wan-Bissaka,Aaron,Wan-Bissaka,DEF,2,19,West Ham,21,3154,35,118,15,496,2,6,1.18,2.75,3.93,6,59,56.95,0,0,0,1,1,0,807.4,531.5,188.0,152.7,4.5,6.4,3.36715282181357,0.05707038681039949,0.17121116043119847,0.033671528218135696,0.0784717818642993,0.11214331008243501,26.22222222222222
214590,2025-26,610,Wan-Bissaka,Aaron,Wan-Bissaka,DEF,2,19,West Ham,21,2080,23,67,0,203,0,3,0.0,1.0,1.0,3,43,35.44,0,0,0,0,4,0,432.0,305.6,30.0,77.2,4.1,4.3,2.8990384615384612,0.0,0.12980769230769232,0.0,0.04326923076923077,0.04326923076923077,16.34146341463415
215059,2023-24,145,Sanchez,Robert,Sánchez,GK,1,7,Chelsea,8,1433,16,59,7,317,0,0,0.0,0.0,0.0,3,25,23.72,53,1,0,0,2,0,450.6,0.1,0.0,45.2,4.5,2.2,3.705512909979065,0.0,0.0,0.0,0.0,0.0,13.11111111111111
215059,2024-25,185,Sánchez,Robert,Sánchez,GK,1,6,Chelsea,8,2880,32,126,11,470,0,0,0.0,0.02,0.02,10,34,38.55,95,1,0,0,5,0,755.6,20.0,0.0,77.5,4.5,6.2,3.9374999999999996,0.0,0.0,0.0,0.000625,0.000625,28.0
215059,2025-26,220,Sánchez,Robert,Lynch Sánchez,GK,1,7,Chelsea,8,3040,35,113,7,509,0,1,0.0,0.04,0.04,9,49,48.64,98,0,0,0,3,1,822.2,50.0,0.0,86.7,4.8,10.3,3.345394736842105,0.0,0.029605263157894735,0.0,0.0011842105263157896,0.0011842105263157896,23.541666666666668
215136,2023-24,467,Williams,Neco,Williams,DEF,2,16,Nott'm Forest,17,1630,18,39,2,224,0,1,0.74,1.54,2.28,1,33,23.05,0,0,0,0,4,0,393.4,195.2,139.0,72.8,4.3,0.2,2.1533742331288344,0.0,0.05521472392638037,0.040858895705521474,0.08503067484662577,0.12588957055214722,9.069767441860465
215136,2024-25,437,N.Williams,Neco,Williams,DEF,2,16,Nott'm Forest,17,2588,28,109,8,435,1,3,2.29,1.54,3.83,10,31,38.5,0,0,0,0,7,0,628.4,305.3,244.0,118.0,4.5,4.0,3.7905718701700155,0.0347758887171561,0.10432766615146831,0.07963678516228748,0.053554868624420396,0.1331916537867079,24.22222222222222
215136,2025-26,508,N.Williams,Neco,Williams,DEF,2,16,Nott'm Forest,17,3203,36,128,15,531,2,3,2.01,3.97,5.98,9,48,51.36,0,0,0,0,6,1,804.0,572.3,380.0,175.6,4.8,4.2,3.59662816109897,0.05619731501717141,0.0842959725257571,0.05647830159225726,0.11155167030908525,0.1680299719013425,26.666666666666668
215379,2023-24,403,Anderson,Elliot,Anderson,MID,3,15,Newcastle,4,1018,10,42,3,144,0,2,1.63,1.25,2.88,5,14,12.49,0,0,0,0,3,0,187.4,223.7,201.0,61.1,4.2,1.8,3.7131630648330063,0.0,0.1768172888015717,0.14410609037328093,0.11051080550098231,0.2546168958742632,10.0
215379,2024-25,423,Anderson,Elliot,Anderson,MID,3,16,Nott'm Forest,17,2726,33,107,8,526,2,6,2.04,3.51,5.55,13,37,40.36,0,0,0,0,10,0,638.8,605.2,308.0,155.6,5.0,0.3,3.5326485693323555,0.06603081438004402,0.19809244314013205,0.0673514306676449,0.11588407923697724,0.18323550990462215,21.4
215379,2025-26,517,Anderson,Elliot,Anderson,MID,3,16,Nott'm Forest,17,3332,37,180,16,795,4,5,2.94,4.79,7.73,10,50,53.65,0,0,0,0,8,0,915.2,961.5,310.0,219.0,5.7,9.4,4.861944777911164,0.10804321728691475,0.13505402160864347,0.07941176470588236,0.12938175270108043,0.20879351740696278,31.57894736842105
215439,2023-24,542,Souček,Tomáš,Souček,MID,3,19,West Ham,21,2867,34,116,9,456,7,2,6.69,1.14,7.83,5,64,62.38,0,0,0,0,7,0,751.6,262.5,488.0,150.3,4.9,0.8,3.641437042204395,0.21974189047785142,0.06278339727938612,0.21001046389954658,0.03578653644925008,0.24579700034879665,23.6734693877551
215439,2024-25,530,Souček,Tomáš,Souček,MID,3,19,West Ham,21,2563,30,126,15,442,9,2,6.6,1.27,7.87,7,44,44.29,0,0,0,0,8,0,672.6,231.8,643.0,154.0,4.8,1.5,4.424502536090519,0.3160358954350371,0.07023019898556379,0.23175965665236054,0.04459617635583301,0.27635583300819355,26.25
215439,2025-26,613,Souček,Tomáš,Souček,MID,3,19,West Ham,21,2190,24,103,9,428,5,2,5.73,0.52,6.25,7,43,38.47,0,0,0,0,3,1,526.6,191.9,483.0,120.4,5.7,0.5,4.232876712328767,0.2054794520547945,0.0821917808219178,0.23547945205479454,0.021369863013698632,0.2568493150684931,18.07017543859649
215711,2023-24,34,Bailey,Leon,Bailey,MID,3,2,Aston Villa,7,2063,22,148,11,482,10,11,6.29,7.17,13.46,5,32,36.17,0,0,0,0,5,0,663.2,707.1,623.0,199.1,5.4,3.1,6.456616577799322,0.4362578768783325,0.47988366456616577,0.2744062045564712,0.3127968977217644,0.5872031022782357,27.407407407407405
215711,2024-25,28,Bailey,Leon,Bailey,MID,3,2,Aston Villa,7,1132,14,47,2,174,1,2,1.73,2.92,4.65,2,19,13.91,0,0,0,0,3,0,146.4,235.8,325.0,70.3,6.2,0.8,3.7367491166077738,0.07950530035335689,0.15901060070671377,0.13754416961130742,0.23215547703180212,0.36969964664310956,7.580645161290322
215711,2025-26,49,Bailey,Leon,Bailey,MID,3,2,Aston Villa,7,450,3,21,0,69,0,2,0.5,1.46,1.96,0,9,7.03,0,0,0,0,1,0,71.2,160.4,69.0,30.1,5.5,0.1,4.2,0.0,0.4,0.1,0.292,0.39199999999999996,3.8181818181818183
216051,2023-24,377,Dalot,Diogo,Dalot Teixeira,DEF,2,14,Man Utd,1,3174,35,111,13,662,2,3,1.67,2.38,4.05,8,55,64.76,0,0,0,0,4,1,738.6,590.8,212.0,154.4,5.2,7.4,3.1474480151228734,0.05671077504725898,0.08506616257088848,0.04735349716446125,0.06748582230623819,0.11483931947069943,21.346153846153847
216051,2024-25,369,Dalot,Diogo,Dalot Teixeira,DEF,2,14,Man Utd,1,2812,31,95,9,352,0,4,1.96,2.35,4.31,8,45,46.95,0,0,0,0,5,0,493.2,434.2,258.0,118.2,5.0,4.7,3.040540540540541,0.0,0.12802275960170698,0.06273115220483641,0.07521337126600285,0.13794452347083924,19.0
216051,2025-26,440,Dalot,Diogo,Dalot Teixeira,DEF,2,14,Man Utd,1,2609,29,111,9,414,1,6,1.93,2.57,4.5,7,40,36.57,0,0,0,0,5,0,535.8,458.5,202.0,119.6,4.5,3.8,3.8290532771176697,0.03449597546952856,0.20697585281717132,0.06657723265619012,0.08865465695668838,0.15523188961287848,24.666666666666668
216646,2023-24,119,Wissa,Yoane,Wissa,FWD,4,4,Brentford,94,2488,29,131,15,457,12,4,10.54,1.82,12.36,11,40,37.55,0,0,0,0,7,0,592.8,384.0,769.0,173.2,5.7,5.1,4.738745980707396,0.4340836012861737,0.14469453376205788,0.3812700964630225,0.06583601286173633,0.4471061093247588,22.982456140350877
216646,2024-25,110,Wissa,Yoane,Wissa,FWD,4,4,Brentford,94,2921,34,185,32,739,18,6,18.58,2.2,20.77,9,45,45.12,0,0,0,0,5,0,849.4,400.0,1181.0,242.4,6.9,24.2,5.700102704553235,0.5546045874700445,0.18486819582334818,0.5724751797329681,0.06778500513522767,0.6399520712084902,26.81159420289855
216646,2025-26,135,Wissa,Yoane,Wissa,FWD,4,15,Newcastle,4,517,4,27,0,70,1,1,3.13,0.54,3.67,1,11,9.97,0,0,0,0,3,0,58.0,46.7,163.0,25.5,7.3,0.6,4.700193423597679,0.17408123791102514,0.17408123791102514,0.5448742746615087,0.09400386847195359,0.6388781431334623,3.6986301369863015
219168,2023-24,415,Isak,Alexander,Isak,FWD,4,15,Newcastle,4,2253,27,172,23,645,21,4,20.22,2.68,22.9,7,41,43.41,0,0,1,0,1,0,877.4,362.5,1054.0,229.3,8.4,41.0,6.870838881491345,0.8388814913448736,0.15978695073235685,0.8077230359520639,0.1070572569906791,0.914780292942743,20.476190476190474
219168,2024-25,401,Isak,Alexander,Isak,FWD,4,15,Newcastle,4,2758,34,211,36,848,23,6,20.33,3.59,23.92,12,41,36.85,0,0,0,0,1,0,1043.0,573.1,1320.0,292.7,9.4,49.4,6.885424220449601,0.7505438723712835,0.19579405366207397,0.6634155184916606,0.11715010877447425,0.7805656272661349,22.4468085106383
219168,2025-26,499,Isak,Alexander,Isak,FWD,4,12,Liverpool,14,694,8,41,4,140,3,1,2.59,0.08,2.67,1,9,8.38,0,0,0,0,0,0,146.4,39.2,191.0,36.9,10.3,3.8,5.31700288184438,0.3890489913544669,0.12968299711815562,0.33587896253602306,0.01037463976945245,0.34625360230547547,3.9805825242718442
219847,2023-24,6,Havertz,Kai,Havertz,MID,3,1,Arsenal,3,2627,30,180,15,515,13,10,12.36,3.88,16.23,16,22,21.03,0,0,0,0,11,0,763.2,613.4,1027.0,240.2,7.6,11.9,6.166730110392082,0.445374952417206,0.34259611724400457,0.4234488009135896,0.13292729349067378,0.5560334982870194,23.68421052631579
219847,2024-25,4,Havertz,Kai,Havertz,FWD,4,1,Arsenal,3,1872,21,97,14,343,9,3,9.53,1.65,11.18,7,20,19.32,0,0,0,0,5,0,467.6,269.0,711.0,144.8,7.7,6.2,4.663461538461538,0.4326923076923077,0.14423076923076922,0.4581730769230769,0.07932692307692307,0.5375,12.597402597402597
219847,2025-26,30,Havertz,Kai,Havertz,FWD,4,1,Arsenal,3,577,7,36,3,143,2,3,3.31,0.64,3.95,4,4,6.68,0,0,0,0,1,0,152.6,134.6,210.0,49.9,7.3,0.7,5.6152512998266895,0.3119584055459272,0.46793760831889086,0.5162911611785095,0.09982668977469672,0.6161178509532063,4.931506849315069
219924,2023-24,271,Diop,Issa,Diop,DEF,2,10,Fulham,54,1423,16,43,3,259,0,0,0.26,0.42,0.68,5,26,33.2,0,0,0,0,2,1,348.8,20.5,37.0,40.8,4.4,0.4,2.719606465214336,0.0,0.0,0.016444132115249473,0.02656359803232607,0.04300773014757554,9.772727272727272
219924,2024-25,245,Diop,Issa,Diop,DEF,2,9,Fulham,54,1334,15,31,0,146,0,0,0.51,0.07,0.58,1,19,19.98,0,0,0,1,2,0,257.6,44.7,83.0,38.3,4.3,0.2,2.0914542728635683,0.0,0.0,0.03440779610194903,0.0047226386806596705,0.03913043478260869,7.209302325581396
219924,2025-26,320,Diop,Issa,Diop,DEF,2,10,Fulham,54,812,8,31,3,103,1,0,0.8,0.05,0.85,1,13,12.42,0,0,0,0,2,0,190.8,8.0,31.0,23.0,4.3,0.1,3.435960591133005,0.11083743842364532,0.0,0.08866995073891627,0.005541871921182267,0.09421182266009852,7.209302325581396
220237,2023-24,405,Botman,Sven,Botman,DEF,2,15,Newcastle,4,1375,15,51,4,298,2,2,0.62,0.54,1.16,3,29,31.58,0,0,0,1,2,0,386.8,62.9,104.0,55.5,4.5,4.3,3.3381818181818184,0.1309090909090909,0.1309090909090909,0.040581818181818184,0.03534545454545455,0.07592727272727272,11.333333333333334
220237,2024-25,393,Botman,Sven,Botman,DEF,2,15,Newcastle,4,412,6,18,0,95,0,0,0.59,0.22,0.81,2,4,5.07,0,0,0,0,1,0,110.4,28.4,96.0,23.6,4.4,0.0,3.9320388349514563,0.0,0.0,0.12888349514563108,0.048058252427184464,0.17694174757281556,4.090909090909091
220237,2025-26,475,Botman,Sven,Botman,DEF,2,15,Newcastle,4,1834,21,89,6,332,1,1,1.73,0.86,2.59,5,27,27.58,0,0,0,1,2,0,597.0,85.8,190.0,87.4,4.9,0.5,4.367502726281352,0.04907306434023991,0.04907306434023991,0.08489640130861505,0.042202835332606325,0.12709923664122139,18.163265306122447
220362,2023-24,611,Disasi,Axel,Disasi,DEF,2,7,Chelsea,8,2579,29,71,6,468,2,0,2.35,1.46,3.81,5,50,43.96,0,0,0,1,6,0,573.2,105.5,172.0,85.1,4.9,3.4,2.4777045366421095,0.06979449398991858,0.0,0.08200853043815433,0.050949980612640555,0.13295851105079487,14.489795918367346
220362,2024-25,167,Disasi,Axel,Disasi,DEF,2,2,Aston Villa,7,851,9,33,0,133,1,0,0.37,0.37,0.74,3,12,16.7,0,0,0,0,3,0,169.6,75.6,51.0,29.7,4.2,0.4,3.490011750881316,0.10575793184488837,0.0,0.0391304347826087,0.0391304347826087,0.0782608695652174,7.857142857142857
220362,2025-26,815,Disasi,Axel,Disasi,DEF,2,19,West Ham,21,1254,14,49,1,186,0,0,1.1,0.03,1.13,6,17,18.54,0,0,0,1,1,0,220.8,19.9,84.0,32.4,4.5,0.2,3.5167464114832536,0.0,0.0,0.07894736842105264,0.00215311004784689,0.0811004784688995,10.88888888888889
220566,2023-24,365,Rodrigo,Rodrigo,Hernandez,MID,3,13,Man City,43,2931,34,159,19,737,8,10,3.99,6.15,10.14,14,26,29.89,0,0,0,0,8,1,1043.8,894.8,484.0,242.3,5.6,6.1,4.882292732855681,0.24564994882292734,0.3070624360286592,0.122517911975435,0.1888433981576254,0.3113613101330604,28.392857142857146
220566,2024-25,360,Rodrigo,Rodrigo 'Rodri',Hernandez,MID,3,13,Man City,43,72,1,3,0,21,0,0,0.0,0.09,0.09,0,1,0.33,0,0,0,0,0,0,12.2,17.5,0.0,3.0,6.2,0.8,3.75,0.0,0.0,0.0,0.1125,0.1125,0.48387096774193544
220566,2025-26,421,Rodrigo,Rodrigo 'Rodri',Hernandez Cascante,MID,3,13,Man City,43,1510,17,69,6,350,1,1,1.15,2.45,3.6,5,15,20.74,0,0,0,0,3,0,358.0,421.5,122.0,90.3,6.3,0.5,4.112582781456954,0.059602649006622516,0.059602649006622516,0.06854304635761588,0.14602649006622517,0.21456953642384105,10.952380952380953
221399,2023-24,661,Harrison,Jack,Harrison,MID,3,9,Everton,11,2212,25,92,5,292,3,3,3.68,3.02,6.7,11,26,34.15,0,0,0,0,1,0,397.4,405.7,339.0,114.3,5.5,0.1,3.7432188065099457,0.1220614828209765,0.1220614828209765,0.14972875226039783,0.122875226039783,0.27260397830018085,16.727272727272727
221399,2024-25,224,Harrison,Jack,Harrison,MID,3,8,Everton,11,2068,24,81,4,291,1,3,3.54,3.12,6.66,7,27,31.23,0,0,0,0,0,0,277.0,527.7,288.0,108.6,5.2,0.2,3.525145067698259,0.043520309477756286,0.13056092843326886,0.15406189555125724,0.1357833655705996,0.2898452611218569,15.576923076923077
221399,2025-26,352,Harrison,Jack,Harrison,MID,3,11,Leeds,2,262,1,12,0,51,0,0,0.28,0.23,0.51,0,5,3.82,0,0,0,0,0,0,30.0,49.4,35.0,11.5,5.1,0.0,4.122137404580153,0.0,0.0,0.09618320610687023,0.07900763358778627,0.1751908396946565,2.3529411764705883
221466,2023-24,83,Senesi,Marcos,Senesi,DEF,2,3,Bournemouth,91,2239,26,102,13,486,4,5,1.98,2.27,4.25,6,44,40.83,0,0,0,0,13,0,735.0,311.2,147.0,119.7,4.4,2.4,4.1000446627958915,0.160786065207682,0.2009825815096025,0.0795891022778026,0.09124609200535955,0.17083519428316213,23.18181818181818
221466,2024-25,79,Senesi,Marcos,Senesi,DEF,2,3,Bournemouth,91,1103,13,31,3,114,0,0,0.84,0.48,1.32,2,17,14.76,0,0,0,0,5,0,271.6,84.2,39.0,39.6,4.6,0.3,2.529465095194923,0.0,0.0,0.0685403445149592,0.039165911151405254,0.10770625566636446,6.739130434782609
221466,2025-26,72,Senesi,Marcos,Senesi Barón,DEF,2,4,Bournemouth,91,3288,37,175,14,571,0,6,1.53,4.72,6.25,11,53,54.77,0,0,0,0,8,0,1114.4,367.8,201.0,168.6,5.2,22.0,4.79014598540146,0.0,0.16423357664233576,0.04187956204379562,0.1291970802919708,0.17107664233576642,33.65384615384615
221632,2023-24,511,Romero,Cristian,Romero,DEF,2,18,Spurs,6,2790,33,107,15,591,5,0,3.25,1.41,4.66,7,46,52.55,0,0,0,1,7,1,841.8,161.9,252.0,125.9,5.1,12.2,3.451612903225806,0.16129032258064516,0.0,0.10483870967741936,0.04548387096774193,0.1503225806451613,20.980392156862745
221632,2024-25,498,Romero,Cristian,Romero,DEF,2,18,Spurs,6,1416,18,49,3,245,1,1,1.52,0.81,2.33,3,22,19.31,0,0,0,0,3,0,343.2,113.1,232.0,69.0,4.9,3.5,3.114406779661017,0.0635593220338983,0.0635593220338983,0.09661016949152541,0.051483050847457634,0.14809322033898306,10.0
221632,2025-26,569,Romero,Cristian,Romero,DEF,2,18,Spurs,6,1869,22,91,10,305,4,1,1.39,1.25,2.64,5,33,28.32,0,0,0,0,9,2,574.8,133.6,223.0,93.2,5.0,2.9,4.382022471910113,0.19261637239165327,0.04815409309791332,0.0669341894060995,0.06019261637239165,0.12712680577849117,18.2
221820,2023-24,391,Martinez,Lisandro,Martínez,DEF,2,14,Man Utd,1,643,8,15,0,134,0,1,0.0,0.08,0.08,1,12,11.65,0,0,0,1,3,0,144.4,45.7,4.0,19.4,4.7,2.1,2.099533437013997,0.0,0.13996889580093314,0.0,0.01119751166407465,0.01119751166407465,3.1914893617021276
221820,2024-25,380,Martinez,Lisandro,Martínez,DEF,2,14,Man Utd,1,1751,20,68,5,293,2,1,1.33,1.21,2.54,6,27,30.17,0,0,0,0,7,0,426.6,153.9,158.0,73.8,4.3,2.2,3.495145631067961,0.10279840091376356,0.05139920045688178,0.06836093660765277,0.06219303255282696,0.13055396916047973,15.813953488372094
221820,2025-26,437,Martinez,Lisandro,Martínez,DEF,2,14,Man Utd,1,1229,13,51,3,241,0,0,0.15,0.6,0.75,5,15,15.22,0,0,0,1,0,1,302.8,94.9,19.0,42.0,4.8,0.4,3.7347436940602114,0.0,0.0,0.010984540276647681,0.043938161106590726,0.054922701383238404,10.625
222531,2023-24,447,Gibbs-White,Morgan,Gibbs-White,MID,3,16,Nott'm Forest,17,3156,35,142,13,563,5,12,6.65,6.79,13.44,5,59,49.08,0,0,0,0,9,0,703.2,1155.2,495.0,235.6,5.7,2.1,4.0494296577946765,0.14258555133079848,0.34220532319391633,0.189638783269962,0.19363117870722432,0.3832699619771863,24.912280701754383
222531,2024-25,433,Gibbs-White,Morgan,Gibbs-White,MID,3,16,Nott'm Forest,17,2806,34,154,18,594,7,11,6.31,4.68,10.99,13,34,41.21,0,0,0,0,9,1,680.4,793.7,632.0,210.6,6.5,7.4,4.939415538132573,0.22451888809693515,0.3528153955808981,0.20238774055595152,0.1501069137562366,0.3524946543121882,23.692307692307693
222531,2025-26,515,Gibbs-White,Morgan,Gibbs-White,MID,3,16,Nott'm Forest,17,3101,35,188,18,712,15,4,10.81,2.91,13.72,10,45,49.7,0,0,0,0,1,0,843.8,747.7,836.0,242.5,7.6,9.2,5.4563044179297,0.43534343760077393,0.11609158336020638,0.3137375040309578,0.08445662689455015,0.39819413092550787,24.736842105263158
222683,2023-24,72,Kluivert,Justin,Kluivert,MID,3,3,Bournemouth,91,1910,26,100,2,229,7,1,5.76,1.68,7.44,11,23,30.07,0,0,0,0,5,0,362.2,283.2,619.0,126.4,4.6,0.7,4.712041884816754,0.3298429319371728,0.04712041884816755,0.271413612565445,0.07916230366492147,0.3505759162303665,21.73913043478261
222683,2024-25,71,Kluivert,Justin,Kluivert,MID,3,3,Bournemouth,91,2339,29,158,14,532,12,6,10.05,3.66,13.71,13,29,32.6,0,0,0,0,8,0,700.0,654.1,771.0,212.0,5.9,11.0,6.079521162890124,0.46173578452330055,0.23086789226165028,0.38670371953826427,0.14082941427960669,0.5275331338178709,26.779661016949152
222683,2025-26,81,Kluivert,Justin,Kluivert,MID,3,4,Bournemouth,91,945,10,41,3,147,2,0,2.31,1.55,3.86,4,19,17.96,0,0,0,0,5,0,148.0,305.1,135.0,58.8,6.9,0.6,3.904761904761905,0.1904761904761905,0.0,0.22,0.14761904761904762,0.36761904761904757,5.942028985507246
222690,2023-24,389,Malacia,Tyrell,Malacia,DEF,2,14,Man Utd,1,0,0,0,0,0,0,0,0.0,0.0,0.0,0,0,0.0,0,0,0,0,0,0,0.0,0.0,0.0,0.0,4.3,0.0,,,,,,,0.0
222690,2024-25,379,Malacia,Tyrell,Malacia,DEF,2,14,Man Utd,1,99,2,2,0,2,0,0,0.0,0.02,0.02,0,1,0.78,0,0,0,0,1,0,5.2,13.9,0.0,1.7,4.4,0.0,1.8181818181818183,0.0,0.0,0.0,0.01818181818181818,0.01818181818181818,0.45454545454545453
222690,2025-26,448,Malacia,Tyrell,Malacia,DEF,2,14,Man Utd,1,15,0,3,0,6,0,0,0.0,0.0,0.0,0,1,0.58,0,0,0,0,0,0,7.6,1.5,0.0,0.9,3.7,0.6,18.0,0.0,0.0,0.0,0.0,0.0,0.8108108108108107
223094,2023-24,355,Haaland,Erling,Haaland,FWD,4,13,Man City,43,2553,29,217,29,792,27,8,29.57,2.18,31.75,11,25,25.65,0,0,1,0,1,0,1094.6,367.2,1581.0,303.3,14.3,73.6,7.649823736780258,0.9518213866039954,0.282021151586369,1.0424206815511163,0.07685076380728555,1.1192714453584018,15.174825174825173
223094,2024-25,351,Haaland,Erling,Haaland,FWD,4,13,Man City,43,2736,31,181,26,795,22,3,21.9,2.04,23.94,10,38,41.27,0,0,1,0,2,0,946.0,359.4,1511.0,281.8,14.9,24.0,5.953947368421053,0.7236842105263157,0.09868421052631579,0.7203947368421052,0.06710526315789474,0.7875000000000001,12.14765100671141
223094,2025-26,430,Haaland,Erling,Haaland,FWD,4,13,Man City,43,2953,34,239,43,952,27,8,25.5,2.67,28.17,13,32,38.6,0,0,1,0,2,0,1180.4,320.1,1520.0,302.3,14.7,62.5,7.2841178462580425,0.8228919742634608,0.24381984422621064,0.7771757534710464,0.0813748730104978,0.8585506264815442,16.258503401360546
223340,2023-24,19,Saka,Bukayo,Saka,MID,3,1,Arsenal,3,2922,35,226,29,776,16,12,15.4,10.9,26.29,16,27,25.66,0,0,0,0,4,0,1093.8,1319.8,1342.0,375.7,8.8,49.2,6.960985626283367,0.4928131416837782,0.3696098562628337,0.4743326488706366,0.33572895277207393,0.8097535934291582,25.68181818181818
223340,2024-25,17,Saka,Bukayo,Saka,MID,3,1,Arsenal,3,1724,20,127,18,508,6,11,6.87,7.78,14.65,7,21,17.72,0,0,0,0,3,0,606.0,842.8,830.0,227.9,10.4,20.2,6.629930394431554,0.31322505800464034,0.574245939675174,0.35864269141531324,0.40614849187935037,0.7647911832946636,12.211538461538462
223340,2025-26,16,Saka,Bukayo,Saka,MID,3,1,Arsenal,3,2218,25,157,18,570,7,10,7.57,7.16,14.73,12,16,15.57,0,0,0,0,2,0,627.0,847.6,828.0,230.6,10.0,11.6,6.370604147880973,0.2840396753832281,0.40577096483318303,0.30716862037871956,0.2905320108205591,0.5977006311992786,15.7
223434,2023-24,606,Igor,Igor Julio,dos Santos de Paulo,DEF,2,5,Brighton,36,1631,17,37,1,311,0,0,0.25,0.5,0.75,2,26,24.36,0,0,0,0,4,0,297.8,135.5,23.0,45.8,4.3,0.2,2.041692213366033,0.0,0.0,0.0137952176578786,0.0275904353157572,0.041385652973635806,8.604651162790699
223434,2024-25,128,Igor,Igor Julio,dos Santos de Paulo,DEF,2,5,Brighton,36,959,10,18,0,113,0,0,0.05,0.25,0.3,1,17,17.21,0,0,0,0,4,0,189.6,54.7,4.0,24.9,4.3,0.1,1.6892596454640252,0.0,0.0,0.0046923879040667365,0.02346193952033368,0.028154327424400414,4.186046511627907
223434,2025-26,149,Igor,Igor Julio,dos Santos de Paulo,DEF,2,6,Brighton,36,103,1,6,0,10,0,0,0.0,0.0,0.0,0,3,4.66,0,0,0,0,0,0,25.8,10.6,0.0,3.6,4.5,0.1,5.242718446601942,0.0,0.0,0.0,0.0,0.0,1.3333333333333333
223911,2023-24,75,Mepham,Chris,Mepham,DEF,2,3,Bournemouth,91,613,6,16,0,113,0,1,0.09,0.17,0.26,1,16,10.34,0,0,0,0,2,0,142.6,40.0,27.0,21.0,4.3,0.1,2.3491027732463294,0.0,0.1468189233278956,0.013213703099510603,0.024959216965742253,0.03817292006525286,3.7209302325581395
223911,2024-25,72,Mepham,Chris,Mepham,DEF,2,3,Bournemouth,91,0,0,0,0,0,0,0,0.0,0.0,0.0,0,0,0.0,0,0,0,0,0,0,0.0,0.0,0.0,0.0,4.4,0.0,,,,,,,0.0
223911,2025-26,79,Mepham,Chris,Mepham,DEF,2,4,Bournemouth,91,0,0,0,0,0,0,0,0.0,0.0,0.0,0,0,0.0,0,0,0,0,0,0,0.0,0.0,0.0,0.0,4.0,0.1,,,,,,,0.0
224024,2023-24,539,L.Paquetá,Lucas,Tolentino Coelho de Lima,MID,3,19,West Ham,21,2627,31,100,7,398,4,6,5.19,4.93,10.12,4,52,50.96,0,0,0,0,10,0,570.6,722.3,343.0,163.7,6.0,1.4,3.425961172440046,0.13703844689760183,0.20555767034640274,0.1778073848496384,0.16889988580129423,0.3467072706509326,16.666666666666668
224024,2024-25,527,L.Paquetá,Lucas,Tolentino Coelho de Lima,MID,3,19,West Ham,21,2374,27,80,5,375,4,1,5.36,3.36,8.72,4,50,43.32,0,0,0,0,10,0,433.2,627.7,267.0,132.6,5.7,0.9,3.032855939342881,0.15164279696714406,0.037910699241786014,0.20320134793597303,0.127379949452401,0.33058129738837405,14.035087719298245
224024,2025-26,612,L.Paquetá,Lucas,Tolentino Coelho de Lima,MID,3,19,West Ham,21,1513,18,69,8,291,4,2,2.85,2.0,4.85,3,33,24.22,0,0,0,0,5,1,374.6,397.2,186.0,95.7,5.9,1.0,4.104428288169201,0.23793787177792464,0.11896893588896232,0.16953073364177132,0.11896893588896232,0.2884996695307336,11.694915254237287
224068,2023-24,28,Turner,Matt,Turner,GK,1,16,Nott'm Forest,17,1530,17,41,0,278,0,0,0.0,0.0,0.0,2,28,25.43,55,0,0,0,2,0,379.6,0.0,0.0,37.9,3.7,8.6,2.411764705882353,0.0,0.0,0.0,0.0,0.0,11.08108108108108
224068,2024-25,445,Turner,Matt,Turner,GK,1,7,Crystal Palace,31,0,0,0,0,0,0,0,0.0,0.0,0.0,0,0,0.0,0,0,0,0,0,0,0.0,0.0,0.0,0.0,3.9,7.2,,,,,,,0.0
224068,2025-26,504,Turner,Matt,Turner,GK,1,16,Nott'm Forest,17,0,0,0,0,0,0,0,0.0,0.0,0.0,0,0,0.0,0,0,0,0,0,0,0.0,0.0,0.0,0.0,4.0,0.1,,,,,,,0.0
224967,2023-24,260,Mykolenko,Vitalii,Mykolenko,DEF,2,9,Everton,11,2469,28,101,9,452,2,1,1.49,1.07,2.56,9,37,39.97,0,0,0,0,1,0,517.4,239.8,211.0,96.8,4.5,2.6,3.6816524908869988,0.07290400972053464,0.03645200486026732,0.0543134872417983,0.039003645200486034,0.09331713244228432,22.444444444444443
224967,2024-25,231,Mykolenko,Vitalii,Mykolenko,DEF,2,8,Everton,11,3082,35,121,9,467,1,3,0.48,2.12,2.6,11,39,39.81,0,0,0,0,4,0,621.4,428.5,100.0,115.2,4.4,6.7,3.533419857235561,0.029201817001946784,0.08760545100584037,0.014016872160934458,0.0619078520441272,0.07592472420506165,27.499999999999996
224967,2025-26,292,Mykolenko,Vitalii,Mykolenko,DEF,2,9,Everton,11,2959,33,95,2,350,0,1,0.28,2.46,2.74,9,47,48.41,0,0,0,1,6,0,559.2,394.1,71.0,102.3,4.9,0.7,2.8894896924636706,0.0,0.03041568097330179,0.008516390672524504,0.07482257519432241,0.08333896586684691,19.387755102040813
224995,2023-24,705,Sinisterra,Luis,Sinisterra,MID,3,3,Bournemouth,91,685,7,43,2,149,2,2,2.62,1.03,3.65,1,18,11.39,0,0,0,0,0,0,221.4,251.4,343.0,81.7,5.5,0.0,5.649635036496351,0.2627737226277372,0.2627737226277372,0.3442335766423358,0.13532846715328467,0.4795620437956204,7.818181818181818
224995,2024-25,80,Sinisterra,Luis,Sinisterra,MID,3,3,Bournemouth,91,229,1,23,2,90,1,1,1.18,1.29,2.47,0,4,4.08,0,0,0,0,0,0,112.0,115.3,195.0,42.3,4.8,0.1,9.039301310043667,0.3930131004366812,0.3930131004366812,0.4637554585152838,0.5069868995633188,0.9707423580786028,4.791666666666667
224995,2025-26,91,Sinisterra,Luis,Sinisterra Lucumí,MID,3,4,Bournemouth,91,0,0,0,0,0,0,0,0.0,0.0,0.0,0,0,0.0,0,0,0,0,0,0,0.0,0.0,0.0,0.0,5.0,0.0,,,,,,,0.0
225321,2023-24,17,Ramsdale,Aaron,Ramsdale,GK,1,1,Arsenal,3,540,6,20,0,90,0,0,0.0,0.01,0.01,2,5,5.81,9,0,0,0,0,0,73.2,0.0,0.0,7.3,4.5,5.4,3.333333333333333,0.0,0.0,0.0,0.0016666666666666666,0.0016666666666666666,4.444444444444445
225321,2024-25,14,Ramsdale,Aaron,Ramsdale,GK,1,17,Southampton,20,2700,30,97,11,315,0,0,0.0,0.04,0.04,3,66,66.34,125,2,0,0,2,0,980.6,0.1,0.0,98.3,4.4,1.3,3.233333333333333,0.0,0.0,0.0,0.0013333333333333333,0.0013333333333333333,22.045454545454543
225321,2025-26,674,Ramsdale,Aaron,Ramsdale,GK,1,15,Newcastle,4,1003,11,25,1,107,0,0,0.0,0.0,0.0,1,17,18.83,25,0,0,0,2,0,212.8,10.0,0.0,22.3,4.8,0.7,2.243270189431705,0.0,0.0,0.0,0.0,0.0,5.208333333333334
225796,2023-24,206,James,Reece,James,DEF,2,7,Chelsea,8,416,5,11,0,106,0,2,0.3,1.36,1.66,0,13,11.31,0,0,0,0,0,2,137.4,172.1,61.0,37.1,5.3,2.7,2.379807692307692,0.0,0.4326923076923077,0.06490384615384615,0.29423076923076924,0.3591346153846154,2.0754716981132075
225796,2024-25,172,James,Reece,James,DEF,2,6,Chelsea,8,1057,12,54,5,223,1,2,0.45,1.15,1.6,3,14,16.1,0,0,0,0,1,0,207.6,202.1,56.0,46.7,4.8,1.1,4.597918637653737,0.08514664143803216,0.17029328287606432,0.038315988647114475,0.097918637653737,0.13623462630085148,11.25
225796,2025-26,225,James,Reece,James,DEF,2,7,Chelsea,8,1957,20,115,11,493,2,6,1.04,3.2,4.24,8,20,28.75,0,0,0,0,4,0,459.0,483.7,116.0,106.1,5.6,6.0,5.288707204905467,0.09197751660705161,0.27593254982115484,0.04782830863566684,0.14716402657128258,0.19499233520694942,20.53571428571429
226597,2023-24,5,Gabriel,Gabriel,dos Santos Magalhães,DEF,2,1,Arsenal,3,3042,34,149,8,676,3,1,4.48,0.65,5.13,16,26,26.18,0,0,0,1,4,0,675.8,121.9,379.0,117.9,5.4,28.3,4.40828402366864,0.08875739644970415,0.02958579881656805,0.13254437869822486,0.019230769230769232,0.15177514792899408,27.59259259259259
226597,2024-25,3,Gabriel,Gabriel,dos Santos Magalhães,DEF,2,1,Arsenal,3,2363,28,117,9,459,3,2,2.7,1.21,3.91,10,22,23.09,0,0,0,0,4,0,584.6,208.8,287.0,108.2,6.1,12.2,4.456199746085484,0.11426153195090986,0.07617435463393991,0.10283537875581888,0.046085484553533645,0.14892086330935253,19.18032786885246
226597,2025-26,5,Gabriel,Gabriel,dos Santos Magalhães,DEF,2,1,Arsenal,3,2750,30,209,30,724,3,5,2.94,1.75,4.69,18,20,22.01,0,0,0,0,4,0,824.0,128.5,298.0,125.0,7.3,45.4,6.84,0.09818181818181819,0.16363636363636364,0.09621818181818181,0.057272727272727274,0.1534909090909091,28.63013698630137
226944,2023-24,47,Kamara,Boubacar,Kamara,MID,3,2,Aston Villa,7,1653,20,40,1,247,0,1,0.13,1.39,1.52,7,22,24.68,0,0,0,0,7,1,256.2,292.7,44.0,59.1,5.0,0.1,2.1778584392014517,0.0,0.054446460980036304,0.007078039927404719,0.07568058076225044,0.08275862068965517,8.0
226944,2024-25,42,Kamara,Boubacar,Kamara,MID,3,2,Aston Villa,7,1720,20,57,3,296,1,0,0.82,0.83,1.65,6,22,23.03,0,0,0,0,2,0,326.6,191.0,83.0,60.2,5.0,0.1,2.9825581395348837,0.05232558139534883,0.0,0.042906976744186046,0.043430232558139534,0.08633720930232558,11.4
226944,2025-26,58,Kamara,Boubacar,Kamara,MID,3,2,Aston Villa,7,1410,17,61,7,282,1,3,0.53,0.84,1.36,5,15,20.8,0,0,0,0,5,0,325.0,241.3,75.0,64.2,4.9,0.2,3.893617021276596,0.06382978723404256,0.19148936170212766,0.033829787234042556,0.05361702127659575,0.08680851063829788,12.448979591836734
226956,2023-24,114,Roerslev,Mads,Roerslev Rasmussen,DEF,2,4,Brentford,94,1975,22,75,3,354,1,2,1.05,1.34,2.39,5,40,37.71,0,0,0,0,1,0,382.0,281.3,94.0,76.3,4.4,0.4,3.4177215189873418,0.04556962025316456,0.09113924050632911,0.047848101265822784,0.06106329113924051,0.1089113924050633,17.045454545454543
226956,2024-25,105,Roerslev,Mads,Roerslev Rasmussen,DEF,2,4,Brentford,94,1100,11,36,0,125,0,2,0.2,2.09,2.29,2,20,21.52,0,0,0,0,2,0,214.4,185.8,78.0,48.0,4.3,0.1,2.9454545454545458,0.0,0.16363636363636364,0.016363636363636365,0.17099999999999999,0.18736363636363634,8.372093023255815
226956,2025-26,112,Roerslev,Mads,Roerslev Rasmussen,DEF,2,5,Brentford,94,0,0,0,0,0,0,0,0.0,0.0,0.0,0,0,0.0,0,0,0,0,0,0,0.0,0.0,0.0,0.0,4.5,0.0,,,,,,,0.0
227127,2023-24,493,Bissouma,Yves,Bissouma,MID,3,18,Spurs,6,2070,26,44,0,315,0,0,1.18,1.67,2.85,7,35,41.3,0,0,0,0,8,2,403.0,279.4,140.0,82.3,5.0,0.3,1.9130434782608696,0.0,0.0,0.05130434782608695,0.0726086956521739,0.12391304347826088,8.8
227127,2024-25,482,Bissouma,Yves,Bissouma,MID,3,18,Spurs,6,1396,16,50,4,258,2,0,0.64,0.48,1.12,3,28,26.38,0,0,0,0,7,0,283.8,133.8,59.0,48.0,4.8,0.2,3.2234957020057307,0.12893982808022922,0.0,0.04126074498567336,0.030945558739255013,0.07220630372492837,10.416666666666668
227127,2025-26,587,Bissouma,Yves,Bissouma,MID,3,18,Spurs,6,600,7,17,0,99,0,0,0.36,0.1,0.46,1,17,12.21,0,0,0,0,4,0,89.6,25.5,23.0,13.7,5.2,0.0,2.55,0.0,0.0,0.05399999999999999,0.015000000000000001,0.069,3.269230769230769
229600,2023-24,88,Travers,Mark,Travers,GK,1,3,Bournemouth,91,360,4,19,2,79,0,0,0.0,0.0,0.0,2,5,6.96,13,0,0,0,0,0,92.6,0.0,0.0,9.3,4.0,0.3,4.75,0.0,0.0,0.0,0.0,0.0,4.75
229600,2024-25,84,Travers,Mark,Travers,GK,1,3,Bournemouth,91,450,5,19,1,76,0,0,0.0,0.01,0.01,1,5,7.36,20,0,0,0,0,0,146.4,0.0,0.0,14.6,4.4,0.1,3.8000000000000003,0.0,0.0,0.0,0.002,0.002,4.3181818181818175
229600,2025-26,288,Travers,Mark,Travers,GK,1,9,Everton,11,0,0,0,0,0,0,0,0.0,0.0,0.0,0,0,0.0,0,0,0,0,0,0,0.0,0.0,0.0,0.0,4.2,0.1,,,,,,,0.0
231057,2023-24,715,Bellegarde,Jean-Ricner,Bellegarde,MID,3,20,Wolves,39,948,10,45,1,150,2,2,1.35,0.76,2.11,0,24,26.15,0,0,0,0,0,1,189.8,170.1,163.0,52.2,4.9,0.0,4.272151898734178,0.18987341772151897,0.18987341772151897,0.1281645569620253,0.07215189873417722,0.20031645569620252,9.183673469387754
231057,2024-25,535,Bellegarde,Jean-Ricner,Bellegarde,MID,3,20,Wolves,39,1666,20,90,5,332,2,7,1.46,2.74,4.2,6,31,26.55,0,0,0,0,3,0,355.6,422.8,200.0,97.2,4.9,0.2,4.861944777911164,0.10804321728691475,0.37815126050420167,0.07887154861944777,0.14801920768307325,0.22689075630252103,18.36734693877551
231057,2025-26,644,Bellegarde,Jean-Ricner,Bellegarde,MID,3,20,Wolves,39,1239,15,44,0,208,1,1,1.04,1.06,2.1,3,30,23.51,0,0,0,0,5,0,195.4,210.3,145.0,54.6,5.1,0.0,3.196125907990315,0.07263922518159806,0.07263922518159806,0.075544794188862,0.07699757869249395,0.15254237288135594,8.627450980392158
231065,2023-24,112,Pinnock,Ethan,Pinnock,DEF,2,4,Brentford,94,2521,28,77,5,479,2,0,2.01,0.83,2.84,5,46,39.14,0,0,0,0,1,0,653.2,63.4,221.0,94.2,4.5,1.4,2.7489091630305436,0.07140023800079334,0.0,0.0717572391907973,0.029631098770329236,0.10138833796112653,17.11111111111111
231065,2024-25,104,Pinnock,Ethan,Pinnock,DEF,2,4,Brentford,94,1912,21,47,0,233,2,0,1.08,0.64,1.72,2,35,34.33,0,0,0,1,2,0,540.2,101.2,193.0,83.6,4.4,0.3,2.2123430962343096,0.09414225941422594,0.0,0.05083682008368201,0.030125523012552304,0.08096234309623432,10.681818181818182
231065,2025-26,111,Pinnock,Ethan,Pinnock,DEF,2,5,Brentford,94,318,4,14,2,53,0,0,0.01,0.06,0.07,1,5,3.7,0,0,0,1,1,0,88.6,1.2,33.0,12.3,4.2,0.1,3.962264150943396,0.0,0.0,0.002830188679245283,0.016981132075471698,0.019811320754716984,3.333333333333333
231480,2023-24,697,S.Bueno,Santiago,Bueno,DEF,2,20,Wolves,39,819,9,13,0,124,0,0,0.0,0.01,0.01,0,18,20.71,0,0,0,0,1,0,173.8,27.1,2.0,20.3,4.5,0.0,1.4285714285714284,0.0,0.0,0.0,0.001098901098901099,0.001098901098901099,2.888888888888889
231480,2024-25,564,S.Bueno,Santiago,Bueno,DEF,2,20,Wolves,39,1678,18,52,2,174,0,0,0.45,0.1,0.55,5,34,29.4,0,0,0,0,2,0,345.4,15.8,80.0,44.2,4.3,0.1,2.7890345649582837,0.0,0.0,0.024135876042908226,0.005363528009535161,0.029499404052443386,12.093023255813954
231480,2025-26,636,S.Bueno,Santiago,Ignacio Bueno,DEF,2,20,Wolves,39,2552,28,92,4,310,3,2,2.28,1.45,3.73,4,47,43.72,0,0,0,0,4,0,611.2,131.8,259.0,100.0,4.4,0.2,3.2445141065830723,0.10579937304075236,0.07053291536050156,0.08040752351097177,0.05113636363636363,0.13154388714733542,20.909090909090907
231747,2023-24,232,Mateta,Jean-Philippe,Mateta,FWD,4,8,Crystal Palace,31,2274,25,165,22,563,16,7,10.84,1.3,12.14,8,44,40.46,0,0,0,0,3,0,775.0,404.0,741.0,191.9,5.1,7.3,6.530343007915567,0.633245382585752,0.2770448548812665,0.429023746701847,0.05145118733509235,0.48047493403693936,32.35294117647059
231747,2024-25,207,Mateta,Jean-Philippe,Mateta,FWD,4,7,Crystal Palace,31,2642,33,150,27,576,14,2,13.77,2.28,16.05,9,37,37.94,0,0,0,0,2,0,671.6,405.4,800.0,187.3,7.5,8.3,5.109765329295988,0.4769114307342922,0.06813020439061317,0.4690764572293717,0.077668433005299,0.5467448902346708,20.0
231747,2025-26,283,Mateta,Jean-Philippe,Mateta,FWD,4,8,Crystal Palace,31,2210,25,114,13,397,12,0,14.42,1.32,15.74,8,29,31.77,0,0,0,0,2,0,567.2,160.6,786.0,150.8,7.6,8.1,4.642533936651583,0.48868778280542985,0.0,0.5872398190045248,0.05375565610859729,0.6409954751131222,15.0
232413,2023-24,226,Eze,Eberechi,Eze,MID,3,8,Crystal Palace,31,2054,24,136,11,490,11,5,9.12,5.66,14.78,8,28,32.39,0,0,0,0,3,0,740.4,810.0,735.0,228.7,6.0,5.4,5.959104186952288,0.48198636806231737,0.21908471275559885,0.39961051606621223,0.24800389483933788,0.6476144109055502,22.666666666666668
232413,2024-25,199,Eze,Eberechi,Eze,MID,3,7,Crystal Palace,31,2588,31,148,15,605,8,8,10.39,4.67,15.06,10,34,35.03,0,0,1,0,1,0,685.0,849.2,691.0,222.4,7.0,14.6,5.146831530139104,0.2782071097372488,0.2782071097372488,0.36132148377125195,0.162403400309119,0.523724884080371,21.142857142857142
232413,2025-26,266,Eze,Eberechi,Eze,MID,3,1,Arsenal,3,1885,22,113,8,439,7,3,5.18,2.66,7.84,11,14,14.21,0,0,0,0,1,0,393.4,305.7,455.0,115.1,7.3,8.7,5.395225464190982,0.33421750663129973,0.143236074270557,0.24732095490716177,0.1270026525198939,0.3743236074270557,15.479452054794521
232653,2023-24,55,J.Ramsey,Jacob,Ramsey,MID,3,2,Aston Villa,7,848,8,29,0,101,1,1,2.09,1.38,3.47,0,12,12.85,0,0,0,0,2,0,124.0,159.3,182.0,46.7,5.9,0.1,3.077830188679245,0.1061320754716981,0.1061320754716981,0.22181603773584904,0.14646226415094338,0.36827830188679245,4.915254237288135
232653,2024-25,53,Ramsey,Jacob,Ramsey,MID,3,2,Aston Villa,7,1616,19,66,3,265,1,4,1.59,2.18,3.77,5,26,23.99,0,0,0,0,2,1,235.4,307.9,245.0,78.7,5.4,0.3,3.6757425742574257,0.055693069306930694,0.22277227722772278,0.0885519801980198,0.12141089108910892,0.2099628712871287,12.222222222222221
232653,2025-26,52,J.Ramsey,Jacob,Ramsey,MID,3,15,Newcastle,4,1441,15,62,3,303,2,3,1.2,1.45,2.65,1,31,27.24,0,0,0,0,3,1,304.4,330.3,165.0,79.9,5.3,0.3,3.8723108952116583,0.12491325468424705,0.18736988202637056,0.07494795281054824,0.09056210964607911,0.16551006245662733,11.69811320754717
232787,2023-24,202,Gallagher,Conor,Gallagher,MID,3,7,Chelsea,8,3129,37,129,10,618,5,8,4.01,3.53,7.54,8,56,52.43,0,0,0,0,7,1,754.8,821.5,401.0,197.4,5.4,1.7,3.7104506232023007,0.14381591562799617,0.23010546500479387,0.11534036433365291,0.1015340364333653,0.21687440076701822,23.888888888888886
232787,2024-25,169,Gallagher,Conor,Gallagher,MID,3,6,Chelsea,8,0,0,0,0,0,0,0,0.0,0.0,0.0,0,0,0.0,0,0,0,0,0,0,0.0,0.0,0.0,0.0,5.9,0.1,,,,,,,0.0
232787,2025-26,796,Gallagher,Conor,Gallagher,MID,3,18,Spurs,6,1183,14,44,3,211,1,1,1.23,0.7,1.93,2,23,19.03,0,0,0,0,2,0,190.6,205.9,154.0,55.1,5.0,0.2,3.3474218089602705,0.0760777683854607,0.0760777683854607,0.09357565511411665,0.05325443786982249,0.14683009298393912,8.8
232792,2023-24,139,Lamptey,Tariq,Lamptey,DEF,2,5,Brighton,36,908,10,31,0,155,0,3,0.34,0.9,1.24,1,20,14.35,0,0,0,0,3,0,144.6,173.7,60.0,37.6,3.9,3.6,3.0726872246696035,0.0,0.29735682819383263,0.033700440528634364,0.08920704845814978,0.12290748898678414,7.948717948717949
232792,2024-25,131,Lamptey,Tariq,Lamptey,DEF,2,5,Brighton,36,856,10,42,1,99,2,2,0.38,0.8,1.18,2,21,15.36,0,0,0,0,0,0,213.6,101.0,52.0,36.8,4.4,0.2,4.415887850467289,0.2102803738317757,0.2102803738317757,0.03995327102803738,0.08411214953271029,0.12406542056074765,9.545454545454545
232792,2025-26,150,Lamptey,Tariq,Lamptey,DEF,2,6,Brighton,36,0,0,0,0,0,0,0,0.0,0.0,0.0,0,0,0.0,0,0,0,0,0,0,0.0,0.0,0.0,0.0,4.4,0.1,,,,,,,0.0
232826,2023-24,412,Gordon,Anthony,Gordon,MID,3,15,Newcastle,4,2896,34,183,14,594,11,16,10.03,5.4,15.42,12,48,51.73,0,0,0,0,10,1,822.6,843.7,905.0,256.7,6.4,20.6,5.6871546961325965,0.34185082872928174,0.49723756906077343,0.3117058011049723,0.16781767955801108,0.4792127071823204,28.59375
232826,2024-25,398,Gordon,Anthony,Gordon,MID,3,15,Newcastle,4,2428,28,124,9,476,6,6,8.19,4.8,12.99,10,33,32.62,0,0,1,0,2,0,537.0,777.3,655.0,196.8,7.4,8.0,4.596375617792422,0.22240527182866554,0.22240527182866554,0.3035831960461285,0.17792421746293247,0.481507413509061,16.756756756756754
232826,2025-26,485,Gordon,Anthony,Gordon,MID,3,15,Newcastle,4,1798,24,101,10,352,6,4,8.77,3.38,12.15,8,30,24.78,0,0,0,0,3,1,393.8,404.2,514.0,130.9,7.2,3.1,5.055617352614016,0.3003337041156841,0.20022246941045607,0.4389877641824249,0.16918798665183538,0.6081757508342602,14.027777777777777
232859,2023-24,517,Spence,Djed,Spence,DEF,2,18,Spurs,6,0,0,0,0,0,0,0,0.0,0.0,0.0,0,0,0.0,0,0,0,0,0,0,0.0,0.0,0.0,0.0,4.0,0.2,,,,,,,0.0
232859,2024-25,504,Spence,Djed,Spence,DEF,2,18,Spurs,6,1790,19,51,6,216,1,2,0.58,1.41,1.99,3,39,34.79,0,0,0,1,2,1,433.0,226.6,100.0,76.1,4.4,0.7,2.564245810055866,0.05027932960893854,0.10055865921787709,0.029162011173184354,0.07089385474860335,0.10005586592178772,11.59090909090909
232859,2025-26,573,Spence,Djed,Spence,DEF,2,18,Spurs,6,2049,23,78,3,271,0,0,0.9,1.77,2.67,9,31,31.42,0,0,0,0,4,0,291.0,209.7,207.0,70.5,4.1,0.9,3.4260614934114204,0.0,0.0,0.03953147877013177,0.07774524158125916,0.11727672035139092,19.02439024390244
232892,2023-24,610,Bassey,Calvin,Bassey,DEF,2,10,Fulham,54,2299,25,66,4,442,1,0,0.37,0.16,0.53,6,42,40.83,0,0,0,0,4,1,462.8,34.8,50.0,55.0,4.4,0.4,2.583732057416268,0.039147455415398,0.0,0.014484558503697259,0.00626359286646368,0.02074815137016094,14.999999999999998
232892,2024-25,241,Bassey,Calvin,Bassey,DEF,2,9,Fulham,54,3074,34,75,0,390,1,0,1.02,0.42,1.44,5,47,39.22,0,0,0,0,7,0,587.2,96.7,157.0,84.1,4.5,0.6,2.19583604424203,0.029277813923227067,0.0,0.029863370201691608,0.012296681847755368,0.04216005204944698,16.666666666666668
232892,2025-26,318,Bassey,Calvin,Bassey,DEF,2,10,Fulham,54,2532,28,103,9,392,1,1,1.71,0.35,2.05,7,40,38.01,0,0,0,0,5,0,574.0,152.2,115.0,84.5,4.4,0.8,3.661137440758294,0.035545023696682464,0.035545023696682464,0.06078199052132702,0.012440758293838861,0.07286729857819904,23.409090909090907
232928,2023-24,250,Garner,James,Garner,MID,3,9,Everton,11,3001,34,87,3,421,1,2,2.62,3.75,6.37,11,47,48.61,0,0,0,0,7,0,526.6,663.1,244.0,143.5,4.9,0.1,2.6091302899033657,0.029990003332222594,0.05998000666444519,0.07857380873042319,0.11246251249583473,0.19103632122625794,17.755102040816325
232928,2024-25,223,Garner,James,Garner,MID,3,8,Everton,11,1590,17,42,0,244,0,1,0.67,1.37,2.04,5,19,19.71,0,0,0,0,5,0,264.8,248.2,93.0,60.4,4.9,0.0,2.3773584905660377,0.0,0.056603773584905655,0.03792452830188679,0.07754716981132076,0.11547169811320755,8.571428571428571
232928,2025-26,303,Garner,James,Garner,MID,3,9,Everton,11,3413,38,159,13,818,2,7,2.1,6.18,8.28,11,50,56.18,0,0,0,0,12,0,887.0,958.0,237.0,208.4,5.2,3.6,4.192792264869616,0.052739525344271905,0.18458833870495167,0.0553765016114855,0.16296513331380016,0.21834163492528563,30.576923076923077
233963,2023-24,676,Mavropanos,Konstantinos,Mavropanos,DEF,2,19,West Ham,21,1500,16,40,3,229,1,0,1.19,0.09,1.28,3,27,29.36,0,0,0,2,2,0,300.2,41.9,112.0,45.3,4.5,0.1,2.4000000000000004,0.06,0.0,0.07139999999999999,0.005399999999999999,0.0768,8.88888888888889
233963,2024-25,528,Mavropanos,Konstantinos,Mavropanos,DEF,2,19,West Ham,21,2035,21,45,4,234,0,0,1.61,0.39,2.0,2,39,37.11,0,0,0,0,4,1,497.0,74.9,160.0,73.2,4.3,0.1,1.99017199017199,0.0,0.0,0.0712039312039312,0.01724815724815725,0.08845208845208845,10.465116279069768
233963,2025-26,606,Mavropanos,Konstantinos,Mavropanos,DEF,2,19,West Ham,21,2532,27,122,5,386,3,0,2.47,0.7,3.17,6,44,41.03,0,0,0,2,2,0,777.2,66.6,294.0,113.8,4.5,2.6,4.3364928909952605,0.1066350710900474,0.0,0.08779620853080569,0.024881516587677722,0.11267772511848341,27.11111111111111
235674,2023-24,583,Solomon,Manor,Solomon,MID,3,18,Spurs,6,196,2,14,2,53,0,2,0.41,0.75,1.16,0,2,1.79,0,0,0,0,1,0,73.4,144.3,61.0,28.0,5.1,0.1,6.428571428571428,0.0,0.9183673469387754,0.18826530612244896,0.3443877551020408,0.5326530612244897,2.7450980392156863
235674,2024-25,502,Solomon,Manor,Solomon,MID,3,18,Spurs,6,0,0,0,0,0,0,0,0.0,0.0,0.0,0,0,0.0,0,0,0,0,0,0,0.0,0.0,0.0,0.0,5.4,0.0,,,,,,,0.0
235674,2025-26,589,Solomon,Manor,Solomon,MID,3,18,Spurs,6,0,0,0,0,0,0,0,0.0,0.0,0.0,0,0,0.0,0,0,0,0,0,0,0.0,0.0,0.0,0.0,5.4,0.0,,,,,,,0.0
240299,2023-24,555,Hodge,Joe,Hodge,MID,3,20,Wolves,39,0,0,0,0,0,0,0,0.0,0.0,0.0,0,0,0.0,0,0,0,0,0,0,0.0,0.0,0.0,0.0,4.4,0.0,,,,,,,0.0
240299,2024-25,551,Hodge,Joe,Hodge,MID,3,20,Wolves,39,0,0,0,0,0,0,0,0.0,0.0,0.0,0,0,0.0,0,0,0,0,0,0,0.0,0.0,0.0,0.0,4.5,0.2,,,,,,,0.0
240299,2025-26,653,Hodge,Joe,Hodge,MID,3,20,Wolves,39,0,0,0,0,0,0,0,0.0,0.0,0.0,0,0,0.0,0,0,0,0,0,0,0.0,0.0,0.0,0.0,4.5,0.0,,,,,,,0.0
242880,2023-24,191,B.Badiashile,Benoît,Badiashile,DEF,2,7,Chelsea,8,1337,15,35,4,267,0,1,0.27,0.92,1.19,3,31,25.42,0,0,0,1,3,0,336.4,87.4,51.0,47.5,4.4,0.3,2.356020942408377,0.0,0.06731488406881077,0.018175018698578908,0.06192969334330591,0.08010471204188481,7.954545454545454
242880,2024-25,153,B.Badiashile,Benoît,Badiashile,DEF,2,6,Chelsea,8,332,3,7,0,35,0,0,0.0,0.08,0.08,0,5,5.34,0,0,0,0,0,0,66.0,12.6,0.0,7.9,4.2,0.1,1.897590361445783,0.0,0.0,0.0,0.021686746987951807,0.021686746987951807,1.6666666666666665
242880,2025-26,229,B.Badiashile,Benoît,Badiashile Mukinayi,DEF,2,7,Chelsea,8,470,6,7,0,48,0,0,0.0,0.06,0.06,0,10,7.41,0,0,0,0,2,0,102.8,7.9,2.0,11.4,4.4,0.0,1.3404255319148937,0.0,0.0,0.0,0.011489361702127658,0.011489361702127658,1.5909090909090908
242898,2023-24,450,Johnson,Brennan,Johnson,MID,3,18,Spurs,6,2317,26,131,9,397,5,12,10.36,4.3,14.65,5,42,43.97,0,0,0,0,3,0,554.4,624.3,782.0,196.3,5.8,2.0,5.088476478204575,0.19421665947345707,0.46611998273629696,0.402416918429003,0.16702632714717308,0.5690548122572292,22.586206896551726
242898,2024-25,491,Johnson,Brennan,Johnson,MID,3,18,Spurs,6,2171,24,137,13,461,11,6,10.75,1.99,12.74,2,38,38.88,0,0,0,0,5,0,559.6,295.0,761.0,161.0,6.2,2.3,5.679410409949332,0.45601105481345,0.2487333026255182,0.44564716720405345,0.08249654537079687,0.5281437125748503,22.096774193548388
242898,2025-26,580,Johnson,Brennan,Johnson,MID,3,8,Crystal Palace,31,1710,19,65,2,217,2,1,2.45,1.31,3.76,6,24,28.29,0,0,0,0,6,0,223.4,311.1,230.0,75.8,6.5,2.4,3.4210526315789473,0.10526315789473685,0.052631578947368425,0.12894736842105264,0.06894736842105263,0.19789473684210523,10.0
243016,2023-24,304,Mac Allister,Alexis,Mac Allister,MID,3,11,Liverpool,14,2600,31,109,12,512,5,5,3.59,4.89,8.48,6,34,37.16,0,0,0,0,7,1,712.4,726.7,224.0,166.2,5.9,3.9,3.773076923076923,0.17307692307692307,0.17307692307692307,0.12426923076923077,0.16926923076923076,0.2935384615384615,18.47457627118644
243016,2024-25,329,Mac Allister,Alexis,Mac Allister,MID,3,12,Liverpool,14,2597,30,122,8,578,5,6,2.89,5.57,8.46,14,24,24.21,0,0,0,0,6,0,653.4,731.3,357.0,174.1,6.2,1.7,4.227955333076627,0.1732768579129765,0.2079322294955718,0.10015402387370043,0.19303041971505586,0.2931844435887563,19.677419354838708
243016,2025-26,386,Mac Allister,Alexis,Mac Allister,MID,3,12,Liverpool,14,2654,31,108,9,490,2,5,3.89,1.69,5.58,7,41,36.97,0,0,0,0,7,0,475.4,562.2,365.0,139.9,6.1,1.8,3.6623963828183874,0.06782215523737754,0.16955538809344387,0.13191409193669934,0.05730972117558402,0.18922381311228337,17.704918032786885
243298,2023-24,297,Gakpo,Cody,Gakpo,FWD,4,11,Liverpool,14,1633,17,106,12,409,8,5,9.07,2.71,11.78,5,20,23.9,0,0,0,0,1,0,521.4,348.2,708.0,157.1,7.1,3.1,5.8420085731782,0.44090630740967546,0.27556644213104714,0.4998775260257195,0.14935701163502754,0.6492345376607471,14.929577464788734
243298,2024-25,321,Gakpo,Cody,Gakpo,FWD,4,12,Liverpool,14,1921,23,127,22,572,10,5,7.12,3.76,10.87,5,25,21.51,0,0,0,0,5,0,597.0,517.7,686.0,180.3,7.2,5.4,5.950026028110359,0.4685059864653826,0.2342529932326913,0.3335762623633524,0.17615825091098386,0.5092660072878709,17.63888888888889
243298,2025-26,384,Gakpo,Cody,Gakpo,MID,3,12,Liverpool,14,2736,32,131,5,449,7,5,8.35,4.67,13.02,10,39,34.94,0,0,0,0,3,0,540.4,714.7,831.0,208.4,7.3,5.6,4.309210526315789,0.23026315789473684,0.1644736842105263,0.2746710526315789,0.15361842105263157,0.4282894736842105,17.945205479452056
243345,2023-24,458,O'Brien,Lewis,O'Brien,MID,3,16,Nott'm Forest,17,0,0,0,0,0,0,0,0.0,0.0,0.0,0,0,0.0,0,0,0,0,0,0,0.0,0.0,0.0,0.0,4.9,0.0,,,,,,,0.0
243345,2024-25,439,O'Brien,Lewis,O'Brien,MID,3,16,Nott'm Forest,17,0,0,0,0,0,0,0,0.0,0.0,0.0,0,0,0.0,0,0,0,0,0,0,0.0,0.0,0.0,0.0,5.0,0.0,,,,,,,0.0
243345,2025-26,520,O'Brien,Lewis,O'Brien,MID,3,16,Nott'm Forest,17,0,0,0,0,0,0,0,0.0,0.0,0.0,0,0,0.0,0,0,0,0,0,0,0.0,0.0,0.0,0.0,5.0,0.0,,,,,,,0.0
243571,2023-24,262,Patterson,Nathan,Patterson,DEF,2,9,Everton,11,1000,9,34,3,187,0,2,0.34,1.03,1.37,2,21,20.6,0,0,0,0,4,0,207.2,138.2,26.0,37.3,4.3,0.1,3.06,0.0,0.18,0.030600000000000002,0.0927,0.1233,7.906976744186047
243571,2024-25,234,Patterson,Nathan,Patterson,DEF,2,8,Everton,11,342,3,14,0,47,0,1,0.07,0.38,0.45,0,6,4.48,0,0,0,0,1,0,71.6,70.3,12.0,15.5,4.4,0.0,3.6842105263157894,0.0,0.2631578947368421,0.01842105263157895,0.1,0.11842105263157894,3.1818181818181817
243571,2025-26,296,Patterson,Nathan,Patterson,DEF,2,9,Everton,11,238,3,22,0,67,0,0,0.03,0.04,0.07,2,2,3.67,0,0,0,0,0,0,65.6,6.4,17.0,8.8,4.4,0.0,8.319327731092438,0.0,0.0,0.01134453781512605,0.015126050420168067,0.02647058823529412,5.0
244042,2023-24,279,Muniz,Rodrigo,Muniz Carvalho,FWD,4,10,Fulham,54,1589,18,97,12,299,9,2,8.76,0.94,9.7,6,27,26.67,0,0,0,0,1,0,409.0,213.1,875.0,148.2,4.3,4.4,5.494021397105097,0.5097545626179988,0.11327879169288861,0.4961611076148521,0.05324103209565764,0.5494021397105097,22.558139534883722
244042,2024-25,251,Muniz,Rodrigo,Muniz Carvalho,FWD,4,9,Fulham,54,943,8,86,14,349,8,1,5.91,0.2,6.11,2,17,15.28,0,0,0,0,1,0,352.4,95.3,508.0,95.4,5.5,1.4,8.207847295864262,0.7635206786850478,0.09544008483563098,0.564050901378579,0.019088016967126194,0.5831389183457052,15.636363636363637
244042,2025-26,338,Muniz,Rodrigo,Muniz Carvalho,FWD,4,10,Fulham,54,987,10,36,3,94,1,1,3.3,0.15,3.45,3,13,13.83,0,0,0,1,2,0,113.2,93.2,287.0,47.3,5.3,0.7,3.282674772036474,0.09118541033434652,0.09118541033434652,0.3009118541033434,0.013677811550151974,0.31458966565349544,6.7924528301886795
244723,2023-24,234,Mitchell,Tyrick,Mitchell,DEF,2,8,Crystal Palace,31,3204,37,119,10,590,2,3,1.27,2.39,3.66,10,55,50.84,0,0,0,0,6,0,669.8,393.7,209.0,127.4,4.5,4.7,3.342696629213483,0.056179775280898875,0.08426966292134831,0.03567415730337079,0.06713483146067416,0.10280898876404494,26.444444444444443
244723,2024-25,210,Mitchell,Tyrick,Mitchell,DEF,2,7,Crystal Palace,31,3090,37,123,4,455,0,6,1.31,3.67,4.98,12,46,46.45,0,0,0,0,2,0,630.8,559.1,170.0,136.2,4.8,2.1,3.58252427184466,0.0,0.17475728155339806,0.03815533980582524,0.10689320388349516,0.1450485436893204,25.625
244723,2025-26,258,Mitchell,Tyrick,Mitchell,DEF,2,8,Crystal Palace,31,3253,36,135,8,498,1,3,1.59,2.53,4.12,12,47,49.78,0,0,0,0,6,0,649.0,467.3,241.0,136.0,5.0,2.3,3.735013833384568,0.027666769136181983,0.08300030740854596,0.04399016292652935,0.06999692591454042,0.11398708884106978,27.0
244731,2023-24,303,Luis Díaz,Luis,Díaz,MID,3,11,Liverpool,14,2625,32,142,9,413,8,7,12.08,4.73,16.81,7,33,35.22,0,0,0,0,3,0,613.0,844.0,1190.0,264.6,7.6,10.0,4.868571428571428,0.2742857142857143,0.24,0.4141714285714286,0.1621714285714286,0.5763428571428572,18.68421052631579
244731,2024-25,327,Luis Díaz,Luis,Díaz,MID,3,12,Liverpool,14,2393,28,183,21,634,13,7,11.9,4.34,16.24,15,21,24.44,0,0,0,0,2,0,770.8,748.0,946.0,246.4,7.5,16.8,6.882574174676138,0.4889260342666109,0.2632678646050982,0.447555369828667,0.16322607605516087,0.6107814458838278,24.4
244731,2025-26,383,Luis Díaz,Luis,Díaz Marulanda,MID,3,12,Liverpool,14,0,0,0,0,0,0,0,0.0,0.0,0.0,0,0,0.0,0,0,0,0,0,0,0.0,0.0,0.0,0.0,8.0,0.0,,,,,,,0.0
244850,2023-24,803,Rogers,Morgan,Rogers,MID,3,2,Aston Villa,7,636,8,35,0,114,3,1,1.35,0.33,1.68,2,13,14.55,0,0,0,0,3,0,177.8,118.4,150.0,44.5,5.0,0.0,4.952830188679245,0.4245283018867924,0.14150943396226415,0.1910377358490566,0.04669811320754717,0.23773584905660375,7.0
244850,2024-25,54,Rogers,Morgan,Rogers,MID,3,2,Aston Villa,7,3115,37,161,15,534,8,11,6.49,5.24,11.73,10,40,43.7,0,0,0,0,10,0,730.6,722.7,689.0,214.2,5.8,25.8,4.651685393258426,0.23113964686998395,0.31781701444622795,0.1875120385232745,0.1513964686998395,0.338908507223114,27.758620689655174
244850,2025-26,47,Rogers,Morgan,Rogers,MID,3,2,Aston Villa,7,3280,37,169,17,605,10,8,6.84,4.32,11.16,9,48,51.55,0,0,0,0,7,0,746.2,706.2,871.0,232.0,7.3,20.2,4.637195121951219,0.27439024390243905,0.21951219512195122,0.1876829268292683,0.11853658536585367,0.30621951219512195,23.15068493150685
244851,2023-24,362,Palmer,Cole,Palmer,MID,3,7,Chelsea,8,2617,29,244,32,844,22,13,17.35,8.17,25.52,7,46,45.48,0,0,0,0,7,0,1240.2,1022.5,1016.0,327.8,6.3,51.3,8.391287734046617,0.7565915170042032,0.44707680550248374,0.5966755827283149,0.280970576996561,0.8776461597248757,38.730158730158735
244851,2024-25,182,Palmer,Cole,Palmer,MID,3,6,Chelsea,8,3193,36,214,35,952,15,10,16.79,9.53,26.32,10,41,43.88,0,0,1,0,7,0,1068.2,1259.2,1052.0,338.0,10.5,34.3,6.0319448794237385,0.42279987472596303,0.281866583150642,0.473253993109928,0.26861885374256184,0.7418728468524899,20.38095238095238
244851,2025-26,235,Palmer,Cole,Palmer,MID,3,7,Chelsea,8,1954,24,114,11,430,10,2,10.55,2.49,13.04,3,33,31.13,0,0,1,0,5,0,536.6,393.6,547.0,147.7,10.3,12.6,5.250767656090072,0.4605936540429888,0.09211873080859775,0.4859263050153531,0.1146878198567042,0.6006141248720573,11.067961165048542
244954,2023-24,584,Pau,Pau,Torres,DEF,2,2,Aston Villa,7,2462,27,85,4,461,2,0,0.96,0.71,1.67,6,37,40.0,0,0,0,0,1,0,479.4,150.6,135.0,76.6,4.6,2.8,3.107229894394801,0.07311129163281885,0.0,0.035093419983753045,0.02595450852965069,0.06104792851340374,18.47826086956522
244954,2024-25,52,Pau,Pau,Torres,DEF,2,2,Aston Villa,7,2019,23,55,3,254,0,0,0.51,0.43,0.94,5,33,29.69,0,0,0,0,2,0,350.6,84.5,102.0,54.0,4.2,0.8,2.4517087667161963,0.0,0.0,0.02273402674591382,0.019167904903417535,0.04190193164933135,13.095238095238095
244954,2025-26,41,Pau,Pau,Torres,DEF,2,2,Aston Villa,7,1673,18,64,2,280,0,2,1.33,0.39,1.72,5,19,22.81,0,0,0,1,1,0,321.8,47.1,79.0,45.1,4.3,0.3,3.4429169157202626,0.0,0.1075911536162582,0.07154811715481171,0.020980274955170356,0.09252839210998205,14.883720930232558
247348,2023-24,792,Muñoz,Daniel,Muñoz,DEF,2,8,Crystal Palace,31,1440,16,56,3,270,0,4,1.26,1.26,2.52,5,22,19.71,0,0,0,0,4,0,331.0,265.6,119.0,71.7,4.5,0.6,3.5,0.0,0.25,0.07875,0.07875,0.1575,12.444444444444445
247348,2024-25,211,Muñoz,Daniel,Muñoz,DEF,2,7,Crystal Palace,31,3229,37,142,9,480,4,6,4.92,3.46,8.38,11,46,46.3,0,0,0,0,10,0,816.6,634.2,524.0,197.6,5.2,19.3,3.9578816971198516,0.11148962527098172,0.16723443790647258,0.13713223908330752,0.09643852585939919,0.23357076494270676,27.307692307692307
247348,2025-26,256,Muñoz,Daniel,Muñoz Mejía,DEF,2,8,Crystal Palace,31,2400,29,136,9,469,4,4,2.45,3.94,6.39,10,33,34.28,0,0,0,0,7,0,595.0,396.6,404.0,139.5,5.9,9.2,5.1,0.15000000000000002,0.15000000000000002,0.09187500000000001,0.14775,0.239625,23.050847457627118
247632,2023-24,567,Neto,Pedro,Lomba Neto,MID,3,20,Wolves,39,1516,18,86,8,310,2,11,3.17,3.69,6.86,3,27,29.09,0,0,0,0,4,0,371.4,599.2,389.0,135.5,5.5,1.3,5.105540897097626,0.11873350923482849,0.6530343007915568,0.18819261213720317,0.21906332453825858,0.4072559366754617,15.636363636363637
247632,2024-25,560,Neto,Pedro,Lomba Neto,MID,3,6,Chelsea,8,2262,24,104,9,434,4,6,3.48,4.47,7.95,8,25,27.98,0,0,0,0,8,0,492.0,762.7,545.0,180.0,6.1,1.4,4.137931034482759,0.15915119363395225,0.23872679045092837,0.13846153846153847,0.17785145888594164,0.31631299734748014,17.049180327868854
247632,2025-26,236,Neto,Pedro,Lomba Neto,MID,3,7,Chelsea,8,2629,30,125,9,543,5,7,4.59,6.84,11.43,11,33,37.54,0,0,0,0,2,1,523.0,836.2,505.0,186.7,7.0,3.9,4.2791936097375425,0.1711677443895017,0.23963484214530237,0.15713198934956255,0.23415747432483835,0.3912894636744009,17.857142857142858
248857,2023-24,208,Madueke,Noni,Madueke,MID,3,7,Chelsea,8,1044,13,76,7,253,5,3,2.51,2.13,4.64,4,19,18.37,0,0,0,0,2,0,341.6,287.5,401.0,102.8,5.3,1.2,6.551724137931035,0.43103448275862066,0.25862068965517243,0.21637931034482757,0.1836206896551724,0.4,14.339622641509434
248857,2024-25,177,Madueke,Noni,Madueke,MID,3,6,Chelsea,8,2028,27,120,12,425,7,5,9.62,2.86,12.48,6,28,29.55,0,0,0,0,3,0,479.2,475.1,998.0,195.3,6.0,3.2,5.325443786982248,0.3106508875739645,0.22189349112426035,0.42692307692307685,0.12692307692307692,0.5538461538461539,20.0
248857,2025-26,18,Madueke,Noni,Madueke,MID,3,1,Arsenal,3,1205,16,72,9,254,3,1,1.23,2.86,4.09,8,9,12.77,0,0,0,0,0,0,257.4,352.8,404.0,101.3,6.8,0.8,5.377593360995851,0.22406639004149376,0.07468879668049792,0.09186721991701245,0.21360995850622405,0.3054771784232365,10.588235294117647
248875,2023-24,678,Doku,Jérémy,Doku,MID,3,13,Man City,43,1585,18,98,13,391,3,10,2.57,5.85,8.42,1,19,16.21,0,0,0,0,3,0,524.2,640.2,875.0,203.9,6.4,1.9,5.564668769716088,0.17034700315457413,0.5678233438485805,0.14593059936908517,0.33217665615141956,0.47810725552050476,15.3125
248875,2024-25,346,Doku,Jérémy,Doku,MID,3,13,Man City,43,1506,16,88,3,425,3,6,1.32,3.81,5.13,8,14,15.18,0,0,0,0,1,0,453.8,515.9,528.0,150.0,6.2,1.7,5.258964143426295,0.17928286852589642,0.35856573705179284,0.07888446215139443,0.22768924302788843,0.3065737051792829,14.193548387096774
248875,2025-26,418,Doku,Jérémy,Doku,MID,3,13,Man City,43,1773,19,120,15,526,5,8,2.87,5.86,8.73,8,18,23.2,0,0,0,0,0,0,540.2,841.6,645.0,202.5,6.5,6.6,6.091370558375634,0.25380710659898476,0.4060913705583757,0.14568527918781726,0.2974619289340102,0.44314720812182745,18.46153846153846
249231,2023-24,107,Lewis-Potter,Keane,Lewis-Potter,MID,3,4,Brentford,94,1428,15,73,1,186,3,2,6.42,1.66,8.07,6,29,20.21,0,0,0,0,0,0,280.0,203.8,573.0,105.6,4.7,0.1,4.600840336134453,0.18907563025210083,0.12605042016806722,0.4046218487394958,0.10462184873949579,0.5086134453781513,15.53191489361702
249231,2024-25,98,Lewis-Potter,Keane,Lewis-Potter,MID,3,4,Brentford,94,3092,36,94,0,460,1,5,2.96,4.94,7.9,8,49,50.62,0,0,0,0,7,0,542.0,462.2,391.0,139.9,5.0,0.1,2.736093143596378,0.029107373868046574,0.14553686934023286,0.08615782664941786,0.14379042690815008,0.22994825355756793,18.8
249231,2025-26,107,Lewis-Potter,Keane,Lewis-Potter,DEF,2,5,Brentford,94,1960,22,115,5,356,3,4,3.01,2.51,5.52,9,32,33.74,0,0,0,0,1,0,378.2,332.2,353.0,106.4,4.8,1.5,5.280612244897959,0.1377551020408163,0.1836734693877551,0.1382142857142857,0.11525510204081632,0.253469387755102,23.958333333333336
250199,2023-24,712,Dominguez,Nicolás,Domínguez,MID,3,16,Nott'm Forest,17,1489,19,67,6,276,2,2,1.3,1.14,2.44,6,27,21.2,0,0,0,0,4,0,340.4,176.2,187.0,70.6,5.0,0.0,4.049697783747481,0.12088650100738751,0.12088650100738751,0.07857622565480188,0.06890530557421087,0.14748153122901275,13.4
250199,2024-25,431,Dominguez,Nicolás,Domínguez,MID,3,16,Nott'm Forest,17,1954,23,54,0,292,0,1,1.58,1.58,3.16,7,27,31.9,0,0,0,0,9,0,410.2,247.2,237.0,89.4,4.8,0.0,2.487205731832139,0.0,0.04605936540429888,0.07277379733879223,0.07277379733879223,0.14554759467758446,11.25
250199,2025-26,519,Dominguez,Nicolás,Domínguez,MID,3,16,Nott'm Forest,17,1168,17,48,3,229,1,1,1.47,0.77,2.24,3,20,23.21,0,0,0,0,3,0,264.8,193.5,138.0,59.7,5.0,0.0,3.698630136986301,0.07705479452054795,0.07705479452054795,0.11327054794520547,0.05933219178082192,0.1726027397260274,9.6
424044,2023-24,87,Hamed Traorè,Hamed,Traorè,MID,3,3,Bournemouth,91,44,0,3,0,10,0,0,0.17,0.01,0.18,0,1,0.84,0,0,0,0,0,0,12.8,14.8,30.0,5.7,4.7,0.0,6.136363636363636,0.0,0.0,0.3477272727272727,0.020454545454545454,0.3681818181818181,0.6382978723404255
424044,2024-25,67,H.Traorè,Hamed,Traorè,MID,3,3,Bournemouth,91,0,0,0,0,0,0,0,0.0,0.0,0.0,0,0,0.0,0,0,0,0,0,0,0.0,0.0,0.0,0.0,4.5,0.0,,,,,,,0.0
424044,2025-26,93,H.Traorè,Hamed,Traorè,MID,3,4,Bournemouth,91,16,0,4,0,12,0,1,0.0,0.0,0.0,0,2,0.4,0,0,0,0,0,0,21.2,10.0,0.0,3.1,4.5,0.3,22.5,0.0,5.625,0.0,0.0,0.0,0.8888888888888888
424876,2023-24,309,Szoboszlai,Dominik,Szoboszlai,MID,3,11,Liverpool,14,2102,25,99,7,437,3,4,3.64,5.13,8.77,8,23,25.06,0,0,0,0,1,0,423.4,830.0,377.0,162.8,7.1,3.3,4.238820171265461,0.12844909609895339,0.1712654614652712,0.15585156993339677,0.21964795432921028,0.375499524262607,13.943661971830986
424876,2024-25,336,Szoboszlai,Dominik,Szoboszlai,MID,3,12,Liverpool,14,2485,29,143,14,605,6,10,6.94,6.06,13.0,12,29,26.78,0,0,0,0,6,0,589.8,794.8,601.0,198.1,6.1,2.7,5.17907444668008,0.21730382293762576,0.3621730382293763,0.2513480885311872,0.219476861167002,0.47082494969818917,23.442622950819672
424876,2025-26,387,Szoboszlai,Dominik,Szoboszlai,MID,3,12,Liverpool,14,3232,36,160,21,780,6,7,4.76,6.83,11.59,9,52,45.63,0,0,1,0,8,1,867.8,1324.6,417.0,260.9,7.1,15.1,4.455445544554456,0.16707920792079206,0.19492574257425743,0.13254950495049506,0.19019183168316833,0.3227413366336634,22.535211267605636
427623,2023-24,238,C.Richards,Chris,Richards,DEF,2,8,Crystal Palace,31,2091,23,62,4,370,1,1,0.6,0.17,0.77,4,38,33.16,0,0,0,0,3,0,456.2,87.5,108.0,65.2,3.9,1.5,2.66857962697274,0.043041606886657105,0.043041606886657105,0.02582496413199426,0.007317073170731707,0.03314203730272597,15.897435897435898
427623,2024-25,194,C.Richards,Chris,Richards,DEF,2,7,Crystal Palace,31,1921,22,68,2,249,1,1,1.33,0.6,1.93,7,31,29.78,0,0,0,0,2,1,470.8,45.0,181.0,69.6,4.4,0.2,3.185840707964602,0.04685059864653826,0.04685059864653826,0.062311296199895894,0.028110359187922956,0.09042165538781884,15.454545454545453
427623,2025-26,261,Richards,Chris,Richards,DEF,2,8,Crystal Palace,31,2825,31,128,5,453,1,0,2.42,1.56,3.98,11,42,41.19,0,0,0,0,4,0,727.2,159.6,185.0,107.6,4.4,2.2,4.07787610619469,0.03185840707964602,0.0,0.07709734513274337,0.049699115044247795,0.12679646017699114,29.09090909090909
428580,2023-24,111,Onyeka,Frank,Onyeka,MID,3,4,Brentford,94,1147,11,39,0,150,1,2,2.09,1.44,3.53,1,27,21.94,0,0,0,0,8,0,259.0,178.3,189.0,62.6,4.9,0.0,3.060156931124673,0.07846556233653008,0.15693112467306017,0.16399302528334786,0.1129904097646033,0.27698343504795114,7.959183673469387
428580,2024-25,102,Onyeka,Frank,Onyeka,MID,3,4,Brentford,94,23,0,2,0,3,0,0,0.0,0.02,0.02,0,0,0.69,0,0,0,0,0,0,0.0,0.5,0.0,0.0,4.9,0.0,7.826086956521739,0.0,0.0,0.0,0.0782608695652174,0.0782608695652174,0.4081632653061224
428580,2025-26,128,Onyeka,Frank,Onyeka,MID,3,5,Brentford,94,88,0,12,0,41,0,2,0.0,0.36,0.36,0,2,2.02,0,0,0,0,0,0,28.4,13.6,4.0,4.6,4.8,0.0,12.272727272727272,0.0,2.0454545454545454,0.0,0.3681818181818181,0.3681818181818181,2.5
428971,2023-24,692,Benda,Steven,Benda,GK,1,10,Fulham,54,0,0,0,0,0,0,0,0.0,0.0,0.0,0,0,0.0,0,0,0,0,0,0,0.0,0.0,0.0,0.0,4.0,0.0,,,,,,,0.0
428971,2024-25,242,Benda,Steven,Benda,GK,1,9,Fulham,54,0,0,0,0,0,0,0,0.0,0.0,0.0,0,0,0.0,0,0,0,0,0,0,0.0,0.0,0.0,0.0,3.9,0.3,,,,,,,0.0
428971,2025-26,315,Benda,Steven,Benda,GK,1,10,Fulham,54,0,0,0,0,0,0,0,0.0,0.0,0.0,0,0,0.0,0,0,0,0,0,0,0.0,0.0,0.0,0.0,4.0,0.0,,,,,,,0.0
429414,2023-24,562,Kalajdžić,Sasa,Kalajdzic,FWD,4,20,Wolves,39,158,1,24,4,88,2,0,1.01,0.26,1.27,1,2,2.57,0,0,0,0,0,0,94.0,48.7,66.0,20.7,4.9,0.1,13.670886075949367,1.139240506329114,0.0,0.5753164556962025,0.1481012658227848,0.7234177215189874,4.897959183673469
429414,2024-25,555,Kalajdžić,Saša,Kalajdžić,FWD,4,20,Wolves,39,0,0,0,0,0,0,0,0.0,0.0,0.0,0,0,0.0,0,0,0,0,0,0,0.0,0.0,0.0,0.0,4.8,0.0,,,,,,,0.0
429414,2025-26,656,Kalajdžić,Saša,Kalajdžić,FWD,4,20,Wolves,39,14,0,1,0,1,0,0,0.0,0.01,0.01,0,0,0.1,0,0,0,0,0,0,1.0,4.3,2.0,0.7,4.9,0.0,6.428571428571428,0.0,0.0,0.0,0.06428571428571428,0.06428571428571428,0.2040816326530612
430871,2023-24,590,Cunha,Matheus,Santos Carneiro Da Cunha,FWD,4,20,Wolves,39,2438,29,135,15,520,12,7,9.49,2.97,12.46,6,46,48.51,0,0,0,0,9,0,786.0,409.8,872.0,206.4,5.5,2.4,4.983593109105825,0.44298605414273995,0.258408531583265,0.3503281378178835,0.10963904840032815,0.4599671862182117,24.545454545454547
430871,2024-25,541,Cunha,Matheus,Santos Carneiro Da Cunha,FWD,4,20,Wolves,39,2596,29,178,41,838,15,7,8.73,5.29,14.02,7,54,44.53,0,0,0,0,4,0,936.2,847.8,940.0,272.2,7.0,13.6,6.1710323574730355,0.5200308166409862,0.24268104776579355,0.30265793528505397,0.1833975346687211,0.486055469953775,25.428571428571427
430871,2025-26,450,Cunha,Matheus,Santos Carneiro da Cunha,MID,3,14,Man Utd,1,2493,29,143,14,591,10,4,6.9,3.36,10.26,8,35,35.75,0,0,0,0,4,0,675.8,545.4,801.0,202.5,8.1,8.7,5.16245487364621,0.36101083032490977,0.1444043321299639,0.2490974729241877,0.12129963898916968,0.37039711191335745,17.654320987654323
432422,2023-24,429,Tonali,Sandro,Tonali,MID,3,15,Newcastle,4,437,5,16,0,86,1,0,0.62,0.47,1.09,1,5,6.66,0,0,0,0,2,0,81.8,105.0,50.0,23.8,5.2,1.0,3.2951945080091534,0.20594965675057209,0.0,0.1276887871853547,0.09679633867276888,0.22448512585812358,3.0769230769230766
432422,2024-25,417,Tonali,Sandro,Tonali,MID,3,15,Newcastle,4,2625,28,106,10,536,4,2,4.46,2.77,7.23,11,34,33.18,0,0,0,0,5,0,539.4,496.3,299.0,133.5,5.5,0.9,3.634285714285714,0.13714285714285715,0.06857142857142857,0.15291428571428572,0.09497142857142857,0.2478857142857143,19.272727272727273
432422,2025-26,491,Tonali,Sandro,Tonali,MID,3,15,Newcastle,4,2534,31,81,2,477,0,2,1.75,2.87,4.62,7,38,36.19,0,0,0,0,4,0,398.0,534.1,198.0,113.4,5.3,1.0,2.876874506708761,0.0,0.07103393843725335,0.06215469613259668,0.10193370165745858,0.16408839779005527,15.283018867924529
432714,2023-24,360,McAtee,James,McAtee,MID,3,17,Sheffield Utd,49,1815,20,77,0,259,3,4,2.98,2.16,5.14,2,65,39.34,0,0,0,0,2,0,333.8,394.4,333.0,106.0,4.4,0.4,3.8181818181818183,0.1487603305785124,0.1983471074380165,0.1477685950413223,0.10710743801652893,0.2548760330578512,17.5
432714,2024-25,357,McAtee,James,McAtee,MID,3,13,Man City,43,340,3,31,0,102,3,0,2.8,0.8,3.6,0,6,5.25,0,0,0,0,1,0,113.0,64.6,136.0,30.7,4.6,0.1,8.205882352941176,0.7941176470588235,0.0,0.7411764705882352,0.21176470588235297,0.9529411764705882,6.739130434782609
432714,2025-26,426,McAtee,James,McAtee,MID,3,16,Nott'm Forest,17,288,2,17,0,60,0,1,0.18,0.37,0.55,0,9,7.34,0,0,0,0,1,0,51.6,82.0,39.0,17.3,5.0,0.1,5.3125,0.0,0.3125,0.05625,0.115625,0.171875,3.4
432830,2023-24,96,Collins,Nathan,Collins,DEF,2,4,Brentford,94,2649,29,84,8,489,1,1,1.59,0.95,2.54,7,51,41.61,0,0,0,0,3,0,653.8,151.5,180.0,98.7,4.5,0.8,2.853907134767837,0.03397508493771234,0.03397508493771234,0.054020385050962634,0.03227633069082673,0.08629671574178936,18.666666666666668
432830,2024-25,88,Collins,Nathan,Collins,DEF,2,4,Brentford,94,3420,38,127,11,549,2,7,2.44,1.57,4.01,8,57,56.31,0,0,0,0,5,0,1023.2,160.5,311.0,149.6,4.6,4.5,3.342105263157895,0.052631578947368425,0.1842105263157895,0.06421052631578947,0.041315789473684215,0.10552631578947368,27.608695652173914
432830,2025-26,106,Collins,Nathan,Collins,DEF,2,5,Brentford,94,2971,32,129,7,450,1,2,2.24,1.71,3.95,9,44,47.52,0,0,0,1,7,0,848.6,143.8,325.0,131.9,4.9,2.4,3.907775159878829,0.030292830696735107,0.060585661393470214,0.06785594076068664,0.05180074049141703,0.11965668125210369,26.326530612244895
433154,2023-24,259,McNeil,Dwight,McNeil,MID,3,9,Everton,11,2891,33,124,8,515,3,8,3.26,7.9,11.16,12,39,45.06,0,0,0,0,2,0,615.4,1110.8,400.0,212.7,5.4,0.3,3.860255966793497,0.09339328951919751,0.24904877205119336,0.10148737461086128,0.24593566240055345,0.34742303701141475,22.962962962962962
433154,2024-25,230,McNeil,Dwight,McNeil,MID,3,8,Everton,11,1366,15,93,9,401,4,8,1.05,4.49,5.53,5,24,21.12,0,0,0,0,1,0,392.0,631.8,207.0,123.3,5.1,1.4,6.1273792093704245,0.2635431918008785,0.527086383601757,0.0691800878477306,0.2958272327964861,0.36434846266471455,18.23529411764706
433154,2025-26,300,McNeil,Dwight,McNeil,MID,3,9,Everton,11,1161,14,53,1,186,0,3,1.37,1.91,3.28,6,9,18.8,0,0,0,0,1,0,140.6,242.4,138.0,52.2,5.5,0.1,4.108527131782946,0.0,0.23255813953488372,0.1062015503875969,0.14806201550387596,0.25426356589147286,9.636363636363637
436234,2023-24,494,Bryan,Bryan,Gil Salvatierra,MID,3,18,Spurs,6,200,2,12,0,41,0,0,0.67,0.24,0.91,0,11,7.19,0,0,0,0,0,0,28.6,70.1,59.0,15.9,4.9,0.0,5.3999999999999995,0.0,0.0,0.3015,0.10799999999999998,0.40950000000000003,2.4489795918367343
436234,2024-25,483,Bryan,Bryan,Gil Salvatierra,MID,3,18,Spurs,6,0,0,0,0,0,0,0,0.0,0.0,0.0,0,0,0.0,0,0,0,0,0,0,0.0,0.0,0.0,0.0,5.0,0.0,,,,,,,0.0
436234,2025-26,590,Bryan,Bryan,Gil Salvatierra,MID,3,18,Spurs,6,0,0,0,0,0,0,0,0.0,0.0,0.0,0,0,0.0,0,0,0,0,0,0,0.0,0.0,0.0,0.0,4.9,0.0,,,,,,,0.0
437730,2023-24,82,Semenyo,Antoine,Semenyo,FWD,4,3,Bournemouth,91,2099,25,107,14,363,8,4,4.69,2.19,6.87,8,33,34.41,0,0,0,0,6,0,506.8,411.2,748.0,166.8,4.5,2.0,4.587898999523582,0.3430204859456884,0.1715102429728442,0.20109575988565984,0.0939018580276322,0.29456884230585995,23.77777777777778
437730,2024-25,78,Semenyo,Antoine,Semenyo,MID,3,3,Bournemouth,91,3202,36,165,14,571,11,7,9.51,4.43,13.94,11,41,44.18,0,0,0,0,9,0,792.2,688.9,1204.0,267.8,5.7,8.0,4.637726420986883,0.3091817613991255,0.1967520299812617,0.26730168644597124,0.12451592754528419,0.3918176139912555,28.94736842105263
437730,2025-26,82,Semenyo,Antoine,Semenyo,MID,3,13,Man City,43,3200,37,202,18,678,17,6,11.1,3.12,14.21,12,52,47.67,0,0,1,0,7,0,923.2,607.4,1047.0,257.7,8.0,46.2,5.68125,0.478125,0.16874999999999998,0.3121875,0.08775000000000001,0.39965625,25.25
438098,2023-24,4,Fábio Vieira,Fábio,Ferreira Vieira,MID,3,1,Arsenal,3,290,2,24,0,67,1,3,1.25,0.64,1.89,1,2,1.83,0,0,0,0,0,1,82.8,88.8,85.0,25.5,5.4,0.1,7.448275862068965,0.3103448275862069,0.9310344827586207,0.3879310344827586,0.19862068965517243,0.586551724137931,4.444444444444444
438098,2024-25,1,Fábio Vieira,Fábio,Ferreira Vieira,MID,3,1,Arsenal,3,0,0,0,0,0,0,0,0.0,0.0,0.0,0,0,0.0,0,0,0,0,0,0,0.0,0.0,0.0,0.0,5.4,0.0,,,,,,,0.0
438098,2025-26,23,Fábio Vieira,Fábio,Ferreira Vieira,MID,3,1,Arsenal,3,0,0,0,0,0,0,0,0.0,0.0,0.0,0,0,0.0,0,0,0,0,0,0,0.0,0.0,0.0,0.0,5.4,0.0,,,,,,,0.0
438464,2023-24,223,C.Doucouré,Cheick,Doucouré,MID,3,8,Crystal Palace,31,920,11,21,0,141,0,0,0.28,0.76,1.04,3,12,13.76,0,0,0,0,2,0,165.8,138.5,36.0,34.2,4.8,0.0,2.0543478260869565,0.0,0.0,0.02739130434782609,0.07434782608695653,0.10173913043478262,4.375
438464,2024-25,193,C.Doucouré,Cheick,Doucouré,MID,3,7,Crystal Palace,31,443,4,19,0,71,0,1,0.4,0.11,0.51,1,6,7.53,0,0,0,0,1,0,58.6,25.7,23.0,10.8,4.8,0.0,3.860045146726862,0.0,0.20316027088036115,0.08126410835214447,0.02234762979683973,0.10361173814898421,3.9583333333333335
438464,2025-26,268,Doucouré,Cheick,Doucouré,MID,3,8,Crystal Palace,31,0,0,0,0,0,0,0,0.0,0.0,0.0,0,0,0.0,0,0,0,0,0,0,0.0,0.0,0.0,0.0,4.9,0.0,,,,,,,0.0
440089,2023-24,98,Damsgaard,Mikkel,Damsgaard,MID,3,4,Brentford,94,829,7,45,0,155,0,4,0.76,0.93,1.69,5,9,10.11,0,0,0,0,2,0,162.6,179.1,103.0,44.7,4.8,0.0,4.885404101326899,0.0,0.43425814234016885,0.08250904704463209,0.10096501809408925,0.18347406513872136,9.375
440089,2024-25,89,Damsgaard,Mikkel,Damsgaard,MID,3,4,Brentford,94,2911,34,131,10,611,2,10,2.91,7.01,9.92,11,41,45.6,0,0,0,0,2,0,714.8,1006.4,338.0,205.9,4.9,1.2,4.050154586052902,0.06183442116111302,0.3091721058055651,0.08996908278941945,0.21672964616970114,0.3066987289591206,26.734693877551017
440089,2025-26,121,Damsgaard,Mikkel,Damsgaard,MID,3,5,Brentford,94,2046,24,113,9,467,4,4,2.61,5.43,8.04,5,32,31.55,0,0,0,0,0,0,530.6,691.3,326.0,155.0,5.6,0.8,4.970674486803519,0.17595307917888564,0.17595307917888564,0.11480938416422286,0.23885630498533722,0.3536656891495601,20.17857142857143
440323,2023-24,193,Broja,Armando,Broja,FWD,4,10,Fulham,54,529,6,35,0,72,1,2,2.24,0.23,2.47,3,9,8.4,0,0,0,0,0,0,75.6,70.3,152.0,29.0,4.9,0.2,5.954631379962192,0.17013232514177695,0.3402646502835539,0.3810964083175804,0.0391304347826087,0.42022684310018904,7.142857142857142
440323,2024-25,156,Broja,Armando,Broja,FWD,4,8,Everton,11,327,4,12,0,23,0,0,0.11,0.11,0.22,2,2,3.82,0,0,0,0,1,0,20.2,53.8,43.0,10.9,5.3,0.1,3.302752293577982,0.0,0.0,0.030275229357798163,0.030275229357798163,0.06055045871559633,2.2641509433962264
440323,2025-26,680,Broja,Armando,Broja,FWD,4,3,Burnley,90,843,8,43,2,119,1,1,2.14,0.22,2.36,1,27,23.35,0,0,0,0,0,0,102.0,78.9,207.0,38.5,5.2,0.1,4.590747330960855,0.10676156583629894,0.10676156583629894,0.22846975088967975,0.023487544483985764,0.25195729537366546,8.269230769230768
440854,2023-24,10,Kiwior,Jakub,Kiwior,DEF,2,1,Arsenal,3,942,11,67,1,260,1,3,0.74,0.6,1.34,6,8,5.15,0,0,0,0,1,0,228.8,106.9,90.0,42.7,4.0,0.6,6.401273885350318,0.09554140127388534,0.28662420382165604,0.07070063694267516,0.057324840764331204,0.12802547770700637,16.75
440854,2024-25,8,Kiwior,Jakub,Kiwior,DEF,2,1,Arsenal,3,1117,10,43,2,178,1,0,0.17,0.29,0.46,3,15,14.71,0,0,0,0,1,0,267.2,91.3,32.0,39.2,4.9,3.8,3.4646374216651745,0.08057296329453895,0.0,0.013697403760071622,0.023366159355416295,0.03706356311548791,8.775510204081632
440854,2025-26,9,Kiwior,Jakub,Kiwior,DEF,2,1,Arsenal,3,0,0,0,0,0,0,0,0.0,0.0,0.0,0,0,0.0,0,0,0,0,0,0,0.0,0.0,0.0,0.0,5.4,0.0,,,,,,,0.0
440993,2023-24,486,Ndiaye,Iliman,Ndiaye,FWD,4,17,Sheffield Utd,49,0,0,0,0,0,0,0,0.0,0.0,0.0,0,0,0.0,0,0,0,0,0,0,0.0,0.0,0.0,0.0,5.5,0.0,,,,,,,0.0
440993,2024-25,232,Ndiaye,Iliman,Ndiaye,FWD,4,8,Everton,11,2426,29,114,21,552,9,0,6.23,1.36,7.59,15,24,29.01,0,0,0,0,3,0,598.0,326.4,493.0,142.0,5.2,1.1,4.2291838417147565,0.33388293487221765,0.0,0.231121187139324,0.05045342126957956,0.2815746084089035,21.923076923076923
440993,2025-26,299,Ndiaye,Iliman,Ndiaye,MID,3,9,Everton,11,2781,32,128,7,540,6,3,6.68,4.41,11.09,8,44,42.68,0,0,0,0,2,0,605.8,479.2,578.0,166.5,6.3,4.7,4.142394822006472,0.19417475728155337,0.09708737864077668,0.21618122977346277,0.14271844660194175,0.3588996763754045,20.317460317460316
441164,2023-24,506,Pedro Porro,Pedro,Porro,DEF,2,18,Spurs,6,3090,35,136,20,720,3,8,2.92,6.18,9.1,7,54,58.42,0,0,0,0,3,0,839.0,877.4,365.0,208.5,5.9,22.4,3.961165048543689,0.08737864077669903,0.23300970873786409,0.08504854368932038,0.18,0.2650485436893204,23.050847457627118
441164,2024-25,495,Pedro Porro,Pedro,Porro,DEF,2,18,Spurs,6,2606,28,98,6,456,2,6,1.63,4.71,6.34,6,47,49.37,0,0,0,0,5,0,778.4,932.9,200.0,191.2,5.2,16.5,3.384497313891021,0.06907137375287797,0.20721412125863392,0.056293169608595546,0.16266308518802763,0.21895625479662317,18.846153846153847
441164,2025-26,568,Pedro Porro,Pedro,Porro Sauceda,DEF,2,18,Spurs,6,2793,32,117,8,502,1,3,1.05,4.37,5.42,9,40,37.75,0,0,0,0,10,0,690.2,881.7,202.0,177.5,5.2,11.7,3.7701396348012888,0.0322234156820623,0.09667024704618689,0.03383458646616542,0.14081632653061224,0.17465091299677765,22.5
441191,2023-24,633,Livramento,Tino,Livramento,DEF,2,15,Newcastle,4,1302,12,45,4,253,1,0,0.38,0.83,1.21,2,27,28.63,0,0,0,0,1,0,292.0,193.9,96.0,58.4,4.0,1.1,3.1105990783410142,0.06912442396313365,0.0,0.026267281105990782,0.057373271889400924,0.0836405529953917,11.25
441191,2024-25,409,Livramento,Tino,Livramento,DEF,2,15,Newcastle,4,2835,32,105,6,476,0,1,0.33,2.7,3.03,10,40,37.83,0,0,0,0,1,0,567.4,406.2,127.0,110.1,4.6,8.9,3.333333333333333,0.0,0.03174603174603175,0.010476190476190477,0.08571428571428573,0.09619047619047617,22.826086956521742
441191,2025-26,477,Livramento,Tino,Livramento,DEF,2,15,Newcastle,4,1326,14,59,3,252,0,1,0.13,0.89,1.02,6,14,18.62,0,0,0,0,1,0,219.4,199.7,42.0,46.1,4.9,1.8,4.004524886877828,0.0,0.06787330316742082,0.008823529411764707,0.06040723981900453,0.06923076923076923,12.040816326530612
441192,2023-24,146,Sarmiento,Jeremy,Sarmiento Morante,MID,3,5,Brighton,36,0,0,0,0,0,0,0,0.0,0.0,0.0,0,0,0.0,0,0,0,0,0,0,0.0,0.0,0.0,0.0,4.5,0.0,,,,,,,0.0
441192,2024-25,141,Sarmiento,Jeremy,Sarmiento Morante,MID,3,5,Brighton,36,8,0,1,0,3,0,0,0.0,0.0,0.0,0,0,0.0,0,0,0,0,0,0,0.2,0.8,0.0,0.1,4.9,0.0,11.25,0.0,0.0,0.0,0.0,0.0,0.2040816326530612
441192,2025-26,171,Sarmiento,Jeremy,Sarmiento Morante,MID,3,6,Brighton,36,0,0,0,0,0,0,0,0.0,0.0,0.0,0,0,0.0,0,0,0,0,0,0,0.0,0.0,0.0,0.0,4.9,0.0,,,,,,,0.0
441240,2023-24,799,Faivre,Romain,Faivre,MID,3,3,Bournemouth,91,37,0,4,0,9,0,0,0.15,0.03,0.18,0,1,0.14,0,0,0,0,1,0,5.0,2.5,13.0,1.8,5.0,0.0,9.72972972972973,0.0,0.0,0.3648648648648649,0.07297297297297296,0.4378378378378378,0.8
441240,2024-25,66,Faivre,Romain,Faivre,MID,3,3,Bournemouth,91,0,0,0,0,0,0,0,0.0,0.0,0.0,0,0,0.0,0,0,0,0,0,0,0.0,0.0,0.0,0.0,5.0,0.0,,,,,,,0.0
441240,2025-26,92,Faivre,Romain,Faivre,MID,3,4,Bournemouth,91,0,0,0,0,0,0,0,0.0,0.0,0.0,0,0,0.0,0,0,0,0,0,0,0.0,0.0,0.0,0.0,4.5,0.1,,,,,,,0.0
441266,2023-24,708,Gravenberch,Ryan,Gravenberch,MID,3,11,Liverpool,14,1110,12,45,3,176,1,0,2.08,1.35,3.43,3,17,15.05,0,0,0,0,0,0,187.0,229.4,198.0,61.5,5.0,0.1,3.6486486486486487,0.08108108108108109,0.0,0.16864864864864865,0.10945945945945948,0.2781081081081081,9.0
441266,2024-25,323,Gravenberch,Ryan,Gravenberch,MID,3,12,Liverpool,14,3160,37,92,1,568,0,4,1.13,3.5,4.63,14,35,33.06,0,0,0,0,5,1,550.6,473.9,121.0,114.7,5.0,0.7,2.620253164556962,0.0,0.11392405063291139,0.03218354430379747,0.09968354430379747,0.1318670886075949,18.4
441266,2025-26,390,Gravenberch,Ryan,Gravenberch,MID,3,12,Liverpool,14,2991,34,144,17,671,5,5,1.89,2.26,4.15,9,42,38.41,0,0,0,0,5,0,687.0,497.2,220.0,140.1,5.4,3.7,4.332998996990972,0.15045135406218657,0.15045135406218657,0.05687061183550651,0.06800401203610831,0.12487462387161485,26.666666666666664
441271,2023-24,556,Hoever,Ki-Jana,Hoever,DEF,2,20,Wolves,39,0,0,0,0,0,0,0,0.0,0.0,0.0,0,0,0.0,0,0,0,0,0,0,0.0,0.0,0.0,0.0,4.0,0.0,,,,,,,0.0
441271,2024-25,552,Hoever,Ki-Jana,Hoever,DEF,2,20,Wolves,39,0,0,0,0,0,0,0,0.0,0.0,0.0,0,0,0.0,0,0,0,0,0,0,0.0,0.0,0.0,0.0,4.0,0.1,,,,,,,0.0
441271,2025-26,638,Hoever,Ki-Jana,Hoever,DEF,2,20,Wolves,39,423,6,10,0,38,0,0,0.02,0.36,0.38,0,13,9.36,0,0,0,0,0,0,101.4,87.8,13.0,20.3,3.8,0.8,2.127659574468085,0.0,0.0,0.00425531914893617,0.07659574468085106,0.08085106382978723,2.6315789473684212
441302,2023-24,609,Maatsen,Ian,Maatsen,MID,3,7,Chelsea,8,200,1,11,0,24,0,0,0.74,0.2,0.94,0,5,5.07,0,0,0,0,1,0,29.4,44.8,29.0,10.3,5.1,0.0,4.95,0.0,0.0,0.333,0.09,0.42299999999999993,2.1568627450980395
441302,2024-25,45,Maatsen,Ian,Maatsen,DEF,2,2,Aston Villa,7,1125,10,57,0,204,1,2,0.87,2.43,3.3,3,16,17.31,0,0,0,0,2,0,252.0,293.4,197.0,74.3,4.5,1.6,4.56,0.08,0.16,0.0696,0.1944,0.264,12.666666666666666
441302,2025-26,39,Maatsen,Ian,Maatsen,DEF,2,2,Aston Villa,7,1590,17,54,1,242,0,1,1.26,2.39,3.65,2,27,26.64,0,0,0,0,2,0,336.6,373.4,231.0,94.3,4.2,0.5,3.0566037735849054,0.0,0.056603773584905655,0.07132075471698113,0.13528301886792451,0.20660377358490564,12.857142857142856
444145,2023-24,12,Martinelli,Gabriel,Martinelli Silva,MID,3,1,Arsenal,3,2010,24,118,6,404,6,5,6.36,5.18,11.53,10,23,14.88,0,0,0,0,1,0,500.4,717.1,795.0,200.8,7.5,4.2,5.2835820895522385,0.26865671641791045,0.22388059701492538,0.2847761194029851,0.23194029850746267,0.5162686567164179,15.733333333333333
444145,2024-25,9,Martinelli,Gabriel,Martinelli Silva,MID,3,1,Arsenal,3,2284,25,125,6,422,8,4,7.13,4.46,11.59,10,25,26.22,0,0,0,0,1,0,559.8,587.8,912.0,206.1,6.5,3.1,4.925569176882663,0.3152364273204904,0.1576182136602452,0.28095446584938705,0.17574430823117337,0.4566987740805604,19.23076923076923
444145,2025-26,19,Martinelli,Gabriel,Martinelli Silva,MID,3,1,Arsenal,3,1065,11,57,3,195,1,5,4.12,1.27,5.39,2,8,10.51,0,0,0,0,3,0,204.6,202.2,390.0,79.0,6.8,0.9,4.816901408450704,0.08450704225352113,0.4225352112676056,0.34816901408450707,0.10732394366197183,0.45549295774647885,8.382352941176471
444180,2023-24,62,Anthony,Jaidon,Anthony,MID,3,3,Bournemouth,91,151,2,3,0,4,0,0,0.07,0.02,0.09,0,5,4.44,0,0,0,0,1,0,9.0,4.6,16.0,3.0,4.9,0.0,1.7880794701986755,0.0,0.0,0.041721854304635764,0.011920529801324502,0.05364238410596026,0.6122448979591836
444180,2024-25,61,Anthony,Jaidon,Anthony,MID,3,3,Bournemouth,91,0,0,0,0,0,0,0,0.0,0.0,0.0,0,0,0.0,0,0,0,0,0,0,0.0,0.0,0.0,0.0,4.5,0.1,,,,,,,0.0
444180,2025-26,200,Anthony,Jaidon,Anthony,MID,3,3,Burnley,90,2717,32,127,6,513,8,4,5.11,2.85,7.96,4,59,59.0,0,0,0,0,4,0,586.8,552.2,619.0,175.8,5.0,2.4,4.2068457857931545,0.26499815973500185,0.13249907986750092,0.16926757453073243,0.0944055944055944,0.26367316893632686,25.4
444463,2023-24,201,W.Fofana,Wesley,Fofana,DEF,2,7,Chelsea,8,0,0,0,0,0,0,0,0.0,0.0,0.0,0,0,0.0,0,0,0,0,0,0,0.0,0.0,0.0,0.0,4.4,0.0,,,,,,,0.0
444463,2024-25,189,W.Fofana,Wesley,Fofana,DEF,2,6,Chelsea,8,1172,14,26,2,162,0,0,0.44,0.18,0.62,2,13,14.76,0,0,0,0,7,0,200.2,85.0,33.0,31.9,4.3,0.2,1.9965870307167235,0.0,0.0,0.03378839590443686,0.013822525597269625,0.04761092150170648,6.046511627906977
444463,2025-26,230,Fofana,Wesley,Fofana,DEF,2,7,Chelsea,8,1718,20,65,3,288,0,2,0.72,0.6,1.32,4,25,25.81,0,0,0,0,5,2,463.6,65.6,74.0,60.4,4.4,0.4,3.4051222351571595,0.0,0.10477299185098952,0.03771827706635623,0.03143189755529686,0.06915017462165308,14.772727272727272
444765,2023-24,312,Van den Berg,Sepp,van den Berg,DEF,2,11,Liverpool,14,0,0,0,0,0,0,0,0.0,0.0,0.0,0,0,0.0,0,0,0,0,0,0,0.0,0.0,0.0,0.0,4.0,0.0,,,,,,,0.0
444765,2024-25,338,Van den Berg,Sepp,van den Berg,DEF,2,4,Brentford,94,2584,29,62,1,266,0,1,2.09,0.52,2.61,5,49,44.61,0,0,0,0,3,0,587.4,108.3,226.0,92.3,4.1,1.5,2.1594427244582044,0.0,0.0348297213622291,0.07279411764705881,0.018111455108359133,0.09090557275541795,15.121951219512196
444765,2025-26,113,Van den Berg,Sepp,van den Berg,DEF,2,5,Brentford,94,2761,30,113,3,435,0,3,3.36,1.45,4.81,8,41,41.59,0,0,0,0,2,0,659.0,98.0,305.0,106.3,4.4,1.0,3.683448026077508,0.0,0.09779065555957986,0.10952553422672945,0.04726548352046359,0.15679101774719303,25.68181818181818
444884,2023-24,295,Elliott,Harvey,Elliott,MID,3,11,Liverpool,14,1330,11,96,8,402,3,9,2.72,4.68,7.4,4,13,19.29,0,0,0,0,2,0,417.2,570.0,391.0,137.5,4.8,0.4,6.49624060150376,0.2030075187969925,0.6090225563909775,0.18406015037593987,0.31669172932330825,0.5007518796992482,20.0
444884,2024-25,319,Elliott,Harvey,Elliott,MID,3,12,Liverpool,14,359,2,33,3,120,1,2,1.78,0.64,2.42,0,6,6.14,0,0,0,0,1,0,118.6,145.8,143.0,40.4,5.2,0.3,8.272980501392757,0.25069637883008355,0.5013927576601671,0.44623955431754875,0.16044568245125349,0.6066852367688023,6.346153846153846
444884,2025-26,389,Elliott,Harvey,Elliott,MID,3,2,Aston Villa,7,110,1,5,0,17,0,0,0.29,0.08,0.37,0,2,1.74,0,0,0,0,0,0,11.8,31.7,31.0,7.4,5.1,0.2,4.090909090909091,0.0,0.0,0.23727272727272727,0.06545454545454546,0.30272727272727273,0.9803921568627452
445044,2023-24,501,Kulusevski,Dejan,Kulusevski,MID,3,18,Spurs,6,2759,31,130,14,463,8,3,4.95,6.37,11.31,8,46,49.32,0,0,0,0,7,0,698.8,950.4,953.0,260.1,6.7,2.1,4.240666908300109,0.26096411743385284,0.09786154403769481,0.16147154766219646,0.20779267850670533,0.36893802102210943,19.402985074626866
445044,2024-25,492,Kulusevski,Dejan,Kulusevski,MID,3,18,Spurs,6,2386,27,117,9,426,7,4,4.06,4.03,8.09,6,41,42.39,0,0,0,0,3,0,613.6,843.8,733.0,218.7,6.2,2.2,4.413243922883487,0.2640402347024309,0.15088013411567477,0.15314333612740988,0.15201173512154234,0.3051550712489522,18.870967741935484
445044,2025-26,583,Kulusevski,Dejan,Kulusevski,MID,3,18,Spurs,6,0,0,0,0,0,0,0,0.0,0.0,0.0,0,0,0.0,0,0,0,0,0,0,0.0,0.0,0.0,0.0,6.4,0.0,,,,,,,0.0
445122,2023-24,585,J.Timber,Jurriën,Timber,DEF,2,1,Arsenal,3,70,1,0,0,4,0,0,0.0,0.02,0.02,0,0,0.28,0,0,0,0,2,0,5.8,4.7,2.0,1.3,4.6,0.4,0.0,0.0,0.0,0.0,0.025714285714285717,0.025714285714285717,0.0
445122,2024-25,6,J.Timber,Jurriën,Timber,DEF,2,1,Arsenal,3,2415,27,114,9,426,1,3,1.23,1.3,2.53,11,21,21.09,0,0,0,0,7,0,393.0,296.8,254.0,94.2,5.5,4.3,4.248447204968945,0.037267080745341616,0.11180124223602485,0.045838509316770186,0.048447204968944106,0.09428571428571426,20.727272727272727
445122,2025-26,8,J.Timber,Jurriën,Timber,DEF,2,1,Arsenal,3,2452,28,149,9,532,3,6,4.71,1.53,6.24,13,20,17.45,0,0,0,0,5,0,499.0,402.6,352.0,125.7,6.0,15.2,5.469004893964112,0.11011419249592169,0.22022838499184338,0.17287928221859708,0.056158238172920066,0.22903752039151715,24.833333333333332
446008,2023-24,108,Mbeumo,Bryan,Mbeumo,MID,3,4,Brentford,94,1957,22,127,12,364,9,7,9.7,5.67,15.37,5,31,28.31,0,0,0,0,2,0,554.2,572.1,576.0,170.1,6.8,6.7,5.840572304547777,0.41389882473173223,0.3219213081246806,0.4460909555442003,0.2607562595809913,0.7068472151251917,18.676470588235293
446008,2024-25,99,Mbeumo,Bryan,Mbeumo,MID,3,4,Brentford,94,3415,38,236,29,948,20,9,12.52,9.24,21.75,9,55,55.4,0,0,1,0,3,0,1236.8,1107.5,1060.0,340.8,8.3,46.7,6.219619326500732,0.527086383601757,0.2371888726207906,0.32995607613469985,0.24351390922401173,0.5732064421669106,28.433734939759034
446008,2025-26,119,Mbeumo,Bryan,Mbeumo,MID,3,14,Man Utd,1,2611,31,148,16,528,11,3,11.98,4.99,16.97,8,37,35.87,0,0,0,0,4,0,628.8,803.1,882.0,231.4,8.3,15.0,5.101493680582152,0.37916507085407886,0.10340865568747606,0.4129452317119877,0.1720030639601685,0.5849482956721562,17.831325301204817
447203,2023-24,293,Darwin,Darwin,Núñez Ribeiro,FWD,4,11,Liverpool,14,2033,22,132,9,397,11,11,16.23,4.37,20.6,6,25,25.33,0,0,1,0,9,0,660.8,439.1,1223.0,232.4,7.5,11.7,5.8435809149040825,0.4869650762420069,0.4869650762420069,0.7184948352188884,0.19345794392523366,0.9119527791441221,17.6
447203,2024-25,316,Darwin,Darwin,Núñez Ribeiro,FWD,4,12,Liverpool,14,1113,8,66,6,244,5,3,5.76,0.51,6.27,2,21,16.85,0,0,0,0,8,0,263.8,151.6,404.0,81.2,7.0,1.9,5.336927223719677,0.40431266846361186,0.24258760107816713,0.46576819407008085,0.04123989218328841,0.5070080862533692,9.428571428571429
447203,2025-26,397,Darwin,Darwin,Núñez Ribeiro,FWD,4,12,Liverpool,14,0,0,0,0,0,0,0,0.0,0.0,0.0,0,0,0.0,0,0,0,0,0,0,0.0,0.0,0.0,0.0,6.5,0.1,,,,,,,0.0
448047,2023-24,199,Enzo,Enzo,Fernández,MID,3,7,Chelsea,8,2208,26,77,4,369,3,3,5.72,3.78,9.5,5,47,40.13,0,0,1,0,7,0,527.2,567.7,369.0,146.3,4.8,1.9,3.1385869565217392,0.12228260869565218,0.12228260869565218,0.23315217391304344,0.15407608695652172,0.38722826086956524,16.041666666666668
448047,2024-25,168,Enzo,Enzo,Fernández,MID,3,6,Chelsea,8,2943,32,135,11,691,6,8,6.23,6.11,12.34,10,37,38.06,0,0,0,0,8,0,761.6,1131.6,517.0,241.3,4.7,4.1,4.128440366972478,0.1834862385321101,0.24464831804281348,0.19051987767584097,0.18685015290519877,0.3773700305810398,28.72340425531915
448047,2025-26,237,Enzo,Enzo,Fernández,MID,3,7,Chelsea,8,3114,35,157,19,700,10,5,11.26,7.26,18.52,8,46,44.89,0,0,0,0,10,0,835.6,1063.2,747.0,264.6,6.5,12.3,4.53757225433526,0.2890173410404624,0.1445086705202312,0.3254335260115607,0.20982658959537573,0.5352601156069364,24.153846153846153
448089,2023-24,559,João Gomes,João Victor,Gomes da Silva,MID,3,20,Wolves,39,2646,32,75,3,359,2,2,1.82,1.76,3.58,4,51,53.05,0,0,0,0,11,0,493.2,372.3,196.0,106.1,4.9,0.1,2.5510204081632653,0.06802721088435375,0.06802721088435375,0.06190476190476191,0.05986394557823129,0.1217687074829932,15.306122448979592
448089,2024-25,553,J.Gomes,João Victor,Gomes da Silva,MID,3,20,Wolves,39,2975,35,87,7,489,3,1,2.94,2.61,5.55,6,59,49.5,0,0,0,0,9,1,513.4,428.9,231.0,117.3,4.9,0.2,2.6319327731092437,0.0907563025210084,0.030252100840336135,0.08894117647058823,0.0789579831932773,0.16789915966386554,17.755102040816325
448089,2025-26,646,J.Gomes,João Victor,Gomes da Silva,MID,3,20,Wolves,39,2829,32,107,6,529,1,2,1.29,2.09,3.38,4,56,48.6,0,0,0,0,10,0,486.6,353.4,176.0,102.0,5.3,0.3,3.4040296924708375,0.03181336161187699,0.06362672322375398,0.04103923647932131,0.0664899257688229,0.10752916224814421,20.18867924528302
448514,2023-24,545,Aït-Nouri,Rayan,Aït-Nouri,DEF,2,20,Wolves,39,2327,29,77,6,365,2,3,3.12,1.81,4.93,3,43,45.79,0,0,0,0,7,0,448.4,376.9,253.0,107.7,4.6,3.9,2.9780833691448216,0.07735281478298238,0.11602922217447356,0.12067039106145251,0.07000429737859905,0.19067468844005156,16.73913043478261
448514,2024-25,533,Aït-Nouri,Rayan,Aït-Nouri,DEF,2,20,Wolves,39,3112,37,125,13,447,4,7,2.69,3.98,6.67,7,67,53.27,0,0,0,0,5,1,778.4,694.3,435.0,191.0,5.1,15.0,3.6150385604113113,0.11568123393316194,0.20244215938303342,0.0777956298200514,0.11510282776349615,0.19289845758354757,24.50980392156863
448514,2025-26,402,Aït-Nouri,Rayan,Aït-Nouri,DEF,2,13,Man City,43,971,12,60,9,237,0,2,0.53,2.01,2.54,5,8,12.25,0,0,0,0,2,0,195.6,216.4,90.0,50.2,5.7,4.1,5.561277033985582,0.0,0.1853759011328527,0.049124613800205975,0.18630278063851696,0.23542739443872296,10.526315789473683
449434,2023-24,378,Elanga,Anthony,Elanga,MID,3,16,Nott'm Forest,17,2424,25,119,5,386,5,9,6.2,4.04,10.24,2,47,39.39,0,0,0,0,1,0,536.4,441.6,618.0,159.2,4.9,1.1,4.4183168316831685,0.18564356435643561,0.3341584158415841,0.2301980198019802,0.15000000000000002,0.38019801980198015,24.285714285714285
449434,2024-25,432,Elanga,Anthony,Elanga,MID,3,16,Nott'm Forest,17,2496,31,153,15,535,6,11,4.81,5.12,9.93,12,35,38.74,0,0,0,0,1,0,627.0,785.4,582.0,199.8,5.5,9.4,5.5168269230769225,0.21634615384615385,0.39663461538461536,0.1734375,0.18461538461538463,0.35805288461538465,27.818181818181817
449434,2025-26,486,Elanga,Anthony,Elanga,MID,3,15,Newcastle,4,1302,14,48,0,179,0,1,1.65,1.74,3.39,2,28,21.11,0,0,0,0,0,0,130.4,266.7,185.0,57.8,6.5,2.6,3.3179723502304146,0.0,0.06912442396313365,0.1140552995391705,0.12027649769585254,0.23433179723502306,7.384615384615385
449871,2023-24,261,Onana,Amadou,Onana,MID,3,9,Everton,11,2085,23,66,5,304,2,0,2.22,1.39,3.61,5,38,36.94,0,0,0,0,5,0,354.0,282.7,254.0,89.5,4.7,0.2,2.8489208633093526,0.08633093525179857,0.0,0.09582733812949641,0.06,0.1558273381294964,14.042553191489361
449871,2024-25,233,Onana,Amadou,Onana,MID,3,2,Aston Villa,7,1613,20,65,5,324,3,0,2.12,0.84,2.96,6,23,23.66,0,0,0,0,4,0,358.0,194.8,215.0,77.0,4.8,2.1,3.6267823930564163,0.16738995660260383,0.0,0.11828890266584006,0.04686918784872908,0.16515809051456912,13.541666666666668
449871,2025-26,59,Onana,Amadou,Onana,MID,3,2,Aston Villa,7,1755,21,76,4,353,2,0,1.68,0.69,2.37,6,26,28.53,0,0,0,0,3,0,413.2,152.6,178.0,74.4,4.8,0.6,3.8974358974358974,0.10256410256410256,0.0,0.08615384615384615,0.03538461538461538,0.12153846153846154,15.833333333333334
449988,2023-24,552,Fábio Silva,Fábio,Silva,FWD,4,20,Wolves,39,259,3,8,0,7,0,0,1.12,0.09,1.21,1,8,7.2,0,0,0,0,2,0,25.2,51.6,93.0,16.9,5.2,0.2,2.77992277992278,0.0,0.0,0.3891891891891892,0.03127413127413127,0.4204633204633204,1.5384615384615383
449988,2024-25,545,Fábio Silva,Fábio,Silva,FWD,4,20,Wolves,39,0,0,0,0,0,0,0,0.0,0.0,0.0,0,0,0.0,0,0,0,0,0,0,0.0,0.0,0.0,0.0,5.0,0.1,,,,,,,0.0
449988,2025-26,655,Fábio Silva,Fábio,Soares Silva,FWD,4,20,Wolves,39,0,0,0,0,0,0,0,0.0,0.0,0.0,0,0,0.0,0,0,0,0,0,0,0.0,0.0,0.0,0.0,4.9,0.2,,,,,,,0.0
450535,2023-24,224,Ebiowei,Malcolm,Ebiowei,MID,3,8,Crystal Palace,31,0,0,0,0,0,0,0,0.0,0.0,0.0,0,0,0.0,0,0,0,0,0,0,0.0,0.0,0.0,0.0,4.4,0.0,,,,,,,0.0
450535,2024-25,197,Ebiowei,Malcolm,Ebiowei,MID,3,7,Crystal Palace,31,0,0,0,0,0,0,0,0.0,0.0,0.0,0,0,0.0,0,0,0,0,0,0,0.0,0.0,0.0,0.0,4.5,0.0,,,,,,,0.0
450535,2025-26,277,Ebiowei,Malcolm,Ebiowei,MID,3,8,Crystal Palace,31,0,0,0,0,0,0,0,0.0,0.0,0.0,0,0,0.0,0,0,0,0,0,0,0.0,0.0,0.0,0.0,4.5,0.0,,,,,,,0.0
450539,2023-24,744,Peart-Harris,Myles,Peart-Harris,MID,3,4,Brentford,94,11,0,3,0,6,0,0,0.0,0.0,0.0,0,0,0.07,0,0,0,0,0,0,2.2,10.9,2.0,1.5,4.5,0.0,24.545454545454543,0.0,0.0,0.0,0.0,0.0,0.6666666666666666
450539,2024-25,103,Peart-Harris,Myles,Peart-Harris,MID,3,4,Brentford,94,0,0,0,0,0,0,0,0.0,0.0,0.0,0,0,0.0,0,0,0,0,0,0,0.0,0.0,0.0,0.0,4.5,0.0,,,,,,,0.0
450539,2025-26,133,Peart-Harris,Myles,Peart-Harris,MID,3,5,Brentford,94,1,0,1,0,2,0,0,0.0,0.0,0.0,0,0,0.0,0,0,0,0,0,0,0.0,0.0,0.0,0.0,4.4,0.0,90.0,0.0,0.0,0.0,0.0,0.0,0.22727272727272727
450542,2023-24,657,Rak-Sakyi,Jesurun,Rak-Sakyi,MID,3,8,Crystal Palace,31,132,0,8,0,21,0,0,0.41,0.14,0.54,1,3,3.21,0,0,0,0,0,0,23.2,28.2,58.0,11.0,4.5,0.0,5.454545454545455,0.0,0.0,0.2795454545454545,0.09545454545454546,0.3681818181818182,1.7777777777777777
450542,2024-25,213,Rak-Sakyi,Jesurun,Rak-Sakyi,MID,3,7,Crystal Palace,31,0,0,0,0,0,0,0,0.0,0.0,0.0,0,0,0.0,0,0,0,0,0,0,0.0,0.0,0.0,0.0,4.5,0.0,,,,,,,0.0
450542,2025-26,278,J.Rak-Sakyi,Jesurun,Rak-Sakyi,MID,3,8,Crystal Palace,31,0,0,0,0,0,0,0,0.0,0.0,0.0,0,0,0.0,0,0,0,0,0,0,0.0,0.0,0.0,0.0,4.4,0.0,,,,,,,0.0
451302,2023-24,695,Altay,Altay,Bayindir,GK,1,14,Man Utd,1,0,0,0,0,0,0,0,0.0,0.0,0.0,0,0,0.0,0,0,0,0,0,0,0.0,0.0,0.0,0.0,3.9,0.1,,,,,,,0.0
451302,2024-25,367,Bayindir,Altay,Bayindir,GK,1,14,Man Utd,1,360,4,8,0,22,0,0,0.0,0.0,0.0,1,10,6.93,8,0,0,0,0,0,80.0,0.0,0.0,7.9,4.3,0.1,2.0,0.0,0.0,0.0,0.0,0.0,1.8604651162790697
451302,2025-26,431,Bayindir,Altay,Bayındır,GK,1,14,Man Utd,1,540,6,11,0,49,0,0,0.0,0.05,0.05,0,11,9.24,13,0,0,0,0,0,118.4,10.0,0.0,12.8,4.7,0.3,1.8333333333333335,0.0,0.0,0.0,0.008333333333333335,0.008333333333333335,2.3404255319148937
451340,2023-24,143,Mitoma,Kaoru,Mitoma,MID,3,5,Brighton,36,1485,15,74,7,252,3,7,3.49,3.56,7.05,1,27,24.64,0,0,0,0,4,0,327.6,375.1,636.0,134.0,6.4,11.8,4.484848484848484,0.18181818181818182,0.4242424242424242,0.21151515151515152,0.2157575757575758,0.4272727272727273,11.5625
451340,2024-25,136,Mitoma,Mitoma,Kaoru,MID,3,5,Brighton,36,2597,28,145,12,536,10,5,9.19,4.03,13.22,6,40,37.05,0,0,0,0,1,0,670.6,578.0,856.0,210.7,6.3,6.3,5.025028879476319,0.346553715825953,0.1732768579129765,0.3184828648440508,0.13966114747785907,0.45814401232190993,23.015873015873016
451340,2025-26,157,Mitoma,Mitoma,Kaoru,MID,3,6,Brighton,36,1714,19,62,2,247,3,1,4.04,2.74,6.78,5,20,23.76,0,0,0,0,5,0,288.4,422.3,416.0,112.3,6.1,1.9,3.2555425904317383,0.15752625437572929,0.052508751458576426,0.21213535589264879,0.14387397899649942,0.3560093348891482,10.163934426229508
457569,2023-24,687,Petrović,Đorđe,Petrović,GK,1,7,Chelsea,8,1986,22,71,5,414,0,0,0.0,0.0,0.0,5,38,34.93,75,0,0,0,2,0,567.8,0.0,0.0,56.8,4.7,8.4,3.2175226586102723,0.0,0.0,0.0,0.0,0.0,15.106382978723405
457569,2024-25,183,Petrović,Đorđe,Petrović,GK,1,6,Chelsea,8,0,0,0,0,0,0,0,0.0,0.0,0.0,0,0,0.0,0,0,0,0,0,0,0.0,0.0,0.0,0.0,4.4,0.1,,,,,,,0.0
457569,2025-26,67,Petrović,Đorđe,Petrović,GK,1,4,Bournemouth,91,3420,38,124,5,512,0,0,0.0,0.0,0.0,11,54,56.72,109,0,0,1,3,0,822.6,0.0,0.0,82.4,4.6,5.2,3.263157894736842,0.0,0.0,0.0,0.0,0.0,26.956521739130437
460028,2023-24,197,Colwill,Levi,Colwill,DEF,2,7,Chelsea,8,1794,20,65,4,355,1,1,1.29,0.53,1.82,5,26,28.43,0,0,0,0,2,0,394.6,113.2,163.0,67.2,4.6,2.1,3.2608695652173916,0.05016722408026756,0.05016722408026756,0.06471571906354516,0.026588628762541807,0.09130434782608696,14.130434782608697
460028,2024-25,162,Colwill,Levi,Colwill,DEF,2,6,Chelsea,8,3150,35,109,6,461,2,1,1.92,1.31,3.23,10,41,43.52,0,0,0,0,9,0,692.0,214.3,185.0,109.4,4.4,2.4,3.114285714285714,0.05714285714285714,0.02857142857142857,0.054857142857142854,0.03742857142857143,0.09228571428571428,24.77272727272727
460028,2025-26,227,Colwill,Levi,Samuels Colwill,DEF,2,7,Chelsea,8,225,2,8,0,30,0,0,0.0,0.12,0.12,0,4,3.36,0,0,0,0,0,0,66.0,7.6,6.0,8.0,4.7,0.2,3.2,0.0,0.0,0.0,0.048,0.048,1.702127659574468
460842,2023-24,689,Kudus,Mohammed,Kudus,MID,3,19,West Ham,21,2485,27,137,13,476,8,9,5.06,3.48,8.54,3,61,49.5,0,0,0,0,6,0,667.2,472.9,566.0,170.8,6.7,3.0,4.961770623742455,0.289738430583501,0.32595573440643866,0.18325955734406438,0.12603621730382294,0.30929577464788727,20.44776119402985
460842,2024-25,525,Kudus,Mohammed,Kudus,MID,3,19,West Ham,21,2589,31,106,5,373,5,4,6.97,2.67,9.64,7,46,43.46,0,0,0,0,2,1,471.6,552.5,752.0,177.5,6.2,2.6,3.684820393974508,0.17381228273464658,0.13904982618771727,0.2422943221320973,0.09281575898030127,0.33511008111239865,17.096774193548388
460842,2025-26,582,Kudus,Mohammed,Kudus,MID,3,18,Spurs,6,1535,19,75,7,257,2,6,1.92,2.41,4.33,7,20,22.74,0,0,0,0,3,0,333.4,413.8,302.0,104.7,6.4,9.1,4.397394136807818,0.11726384364820848,0.3517915309446254,0.11257328990228013,0.14130293159609122,0.25387622149837136,11.71875
461421,2023-24,624,Dobbin,Lewis,Dobbin,MID,3,9,Everton,11,226,1,18,0,54,1,0,0.34,0.12,0.46,1,3,3.72,0,0,0,0,1,0,68.4,50.5,59.0,17.7,4.5,0.0,7.168141592920354,0.39823008849557523,0.0,0.13539823008849558,0.04778761061946902,0.1831858407079646,4.0
461421,2024-25,37,Dobbin,Lewis,Dobbin,MID,3,2,Aston Villa,7,0,0,0,0,0,0,0,0.0,0.0,0.0,0,0,0.0,0,0,0,0,0,0,0.0,0.0,0.0,0.0,5.0,0.0,,,,,,,0.0
461421,2025-26,57,Dobbin,Lewis,Dobbin,MID,3,2,Aston Villa,7,0,0,0,0,0,0,0,0.0,0.0,0.0,0,0,0.0,0,0,0,0,0,0,0.0,0.0,0.0,0.0,5.0,0.0,,,,,,,0.0
461484,2023-24,794,White,Joe,White,MID,3,15,Newcastle,4,12,0,3,0,9,0,0,0.0,0.0,0.0,0,0,0.24,0,0,0,0,1,0,0.8,1.1,0.0,0.1,4.5,0.0,22.5,0.0,0.0,0.0,0.0,0.0,0.6666666666666666
461484,2024-25,419,White,Joe,White,MID,3,15,Newcastle,4,0,0,0,0,0,0,0,0.0,0.0,0.0,0,0,0.0,0,0,0,0,0,0,0.0,0.0,0.0,0.0,4.5,0.1,,,,,,,0.0
461484,2025-26,498,White,Joe,White,MID,3,15,Newcastle,4,0,0,0,0,0,0,0,0.0,0.0,0.0,0,0,0.0,0,0,0,0,0,0,0.0,0.0,0.0,0.0,4.5,0.0,,,,,,,0.0
461537,2023-24,835,Mee,Dermot,Mee,GK,1,14,Man Utd,1,0,0,0,0,0,0,0,0.0,0.0,0.0,0,0,0.0,0,0,0,0,0,0,0.0,0.0,0.0,0.0,4.0,0.0,,,,,,,0.0
461537,2024-25,788,Dermot Mee,Dermot,Mee,GK,1,14,Man Utd,1,0,0,0,0,0,0,0,0.0,0.0,0.0,0,0,0.0,0,0,0,0,0,0,0.0,0.0,0.0,0.0,4.0,0.0,,,,,,,0.0
461537,2025-26,435,Mee,Dermot,Mee,GK,1,14,Man Utd,1,0,0,0,0,0,0,0,0.0,0.0,0.0,0,0,0.0,0,0,0,0,0,0,0.0,0.0,0.0,0.0,3.9,0.1,,,,,,,0.0
462381,2023-24,670,Marschall,Filip,Marschall,GK,1,2,Aston Villa,7,0,0,0,0,0,0,0,0.0,0.0,0.0,0,0,0.0,0,0,0,0,0,0,0.0,0.0,0.0,0.0,4.0,0.0,,,,,,,0.0
462381,2024-25,46,Marschall,Filip,Marschall,GK,1,2,Aston Villa,7,0,0,0,0,0,0,0,0.0,0.0,0.0,0,0,0.0,0,0,0,0,0,0,0.0,0.0,0.0,0.0,4.0,0.0,,,,,,,0.0
462381,2025-26,35,Marschall,Filip,Marschall,GK,1,2,Aston Villa,7,0,0,0,0,0,0,0,0.0,0.0,0.0,0,0,0.0,0,0,0,0,0,0,0.0,0.0,0.0,0.0,4.0,0.0,,,,,,,0.0
462424,2023-24,20,Saliba,William,Saliba,DEF,2,1,Arsenal,3,3420,38,164,13,781,2,1,1.7,0.9,2.6,18,29,28.32,0,0,0,0,4,0,697.2,152.1,140.0,99.1,5.9,39.1,4.315789473684211,0.052631578947368425,0.026315789473684213,0.04473684210526316,0.02368421052631579,0.06842105263157895,27.796610169491522
462424,2024-25,18,Saliba,William,Saliba,DEF,2,1,Arsenal,3,3039,35,130,14,564,2,0,2.42,1.28,3.7,12,29,30.32,0,0,0,0,2,1,672.6,150.1,116.0,94.2,6.4,25.8,3.8499506416584404,0.059230009871668314,0.0,0.07166831194471865,0.037907206317867724,0.10957551826258638,20.3125
462424,2025-26,6,Saliba,William,Saliba,DEF,2,1,Arsenal,3,2614,30,137,12,581,1,0,0.88,1.21,2.09,15,20,20.41,0,0,0,0,2,0,552.6,201.0,90.0,84.3,6.3,17.1,4.716908951798011,0.03442999234889059,0.0,0.030298393267023715,0.041660290742157616,0.07195868400918133,21.746031746031747
462492,2023-24,818,Gauci,Joe,Gauci,GK,1,2,Aston Villa,7,0,0,0,0,0,0,0,0.0,0.0,0.0,0,0,0.0,0,0,0,0,0,0,0.0,0.0,0.0,0.0,3.9,0.0,,,,,,,0.0
462492,2024-25,39,Gauci,Joe,Gauci,GK,1,2,Aston Villa,7,0,0,0,0,0,0,0,0.0,0.0,0.0,0,0,0.0,0,0,0,0,0,0,0.0,0.0,0.0,0.0,4.0,0.5,,,,,,,0.0
462492,2025-26,34,Gauci,Joe,Gauci,GK,1,2,Aston Villa,7,0,0,0,0,0,0,0,0.0,0.0,0.0,0,0,0.0,0,0,0,0,0,0,0.0,0.0,0.0,0.0,4.0,0.1,,,,,,,0.0
463748,2023-24,646,Hein,Karl,Hein,GK,1,1,Arsenal,3,0,0,0,0,0,0,0,0.0,0.0,0.0,0,0,0.0,0,0,0,0,0,0,0.0,0.0,0.0,0.0,4.0,0.1,,,,,,,0.0
463748,2024-25,5,Hein,Karl,Hein,GK,1,1,Arsenal,3,0,0,0,0,0,0,0,0.0,0.0,0.0,0,0,0.0,0,0,0,0,0,0,0.0,0.0,0.0,0.0,4.0,0.0,,,,,,,0.0
463748,2025-26,3,Hein,Karl,Hein,GK,1,1,Arsenal,3,0,0,0,0,0,0,0,0.0,0.0,0.0,0,0,0.0,0,0,0,0,0,0,0.0,0.0,0.0,0.0,4.0,0.2,,,,,,,0.0
463981,2023-24,69,Hill,James,Hill,DEF,2,3,Bournemouth,91,74,1,5,0,22,0,0,0.0,0.01,0.01,0,1,1.34,0,0,0,0,0,0,32.6,2.2,0.0,3.5,4.0,0.1,6.081081081081082,0.0,0.0,0.0,0.012162162162162163,0.012162162162162163,1.25
463981,2024-25,68,Hill,James,Hill,DEF,2,3,Bournemouth,91,443,6,17,0,55,0,1,0.29,0.25,0.54,1,9,8.54,0,0,0,0,1,0,97.0,38.4,29.0,16.6,3.9,0.5,3.4537246049661396,0.0,0.20316027088036115,0.058916478555304734,0.05079006772009029,0.10970654627539504,4.3589743589743595
463981,2025-26,77,Hill,James,Hill,DEF,2,4,Bournemouth,91,2102,22,110,4,386,0,3,0.89,1.16,2.04,8,24,33.42,0,0,0,2,5,0,579.4,161.7,119.0,86.3,4.2,7.4,4.709800190294957,0.0,0.12844909609895339,0.03810656517602284,0.04966698382492864,0.08734538534728829,26.19047619047619
465351,2023-24,566,Matheus N.,Matheus Luiz,Nunes,MID,3,13,Man City,43,831,9,32,1,118,0,2,0.89,1.71,2.6,2,13,10.39,0,0,0,0,0,1,146.0,221.3,150.0,51.8,4.7,0.1,3.4657039711191335,0.0,0.21660649819494585,0.09638989169675091,0.18519855595667872,0.2815884476534296,6.808510638297872
465351,2024-25,356,Matheus N.,Matheus Luiz,Nunes,MID,3,13,Man City,43,1670,19,81,6,373,1,7,1.11,3.32,4.43,9,19,24.87,0,0,0,0,4,0,370.4,422.4,206.0,99.9,4.9,0.2,4.365269461077844,0.05389221556886228,0.3772455089820359,0.059820359281437134,0.17892215568862274,0.23874251497005988,16.53061224489796
465351,2025-26,407,Matheus N.,Matheus,Nunes,DEF,2,13,Man City,43,2861,32,154,16,676,1,8,0.34,2.23,2.57,12,28,34.89,0,0,0,0,5,0,696.0,545.0,131.0,137.6,5.3,2.9,4.844459979028311,0.03145753233135267,0.25166025865082137,0.010695560992659909,0.07015029709891646,0.08084585809157636,29.056603773584907
465527,2023-24,383,Hannibal,Hannibal,Mejbri,MID,3,14,Man Utd,1,131,1,11,0,34,1,0,0.03,0.48,0.51,1,1,3.48,0,0,0,0,1,0,48.2,29.8,13.0,9.0,4.3,0.1,7.557251908396947,0.6870229007633587,0.0,0.020610687022900764,0.3297709923664122,0.350381679389313,2.558139534883721
465527,2024-25,373,Hannibal,Hannibal,Mejbri,MID,3,14,Man Utd,1,0,0,0,0,0,0,0,0.0,0.0,0.0,0,0,0.0,0,0,0,0,0,0,0.0,0.0,0.0,0.0,4.5,0.0,,,,,,,0.0
465527,2025-26,207,Hannibal,Hannibal,Mejbri,MID,3,3,Burnley,90,1219,15,59,4,261,1,5,0.91,2.08,2.98,2,27,28.29,0,0,0,0,10,0,252.8,330.9,128.0,71.0,4.7,0.1,4.35602953240361,0.07383100902379,0.36915504511895,0.0671862182116489,0.1535684987694832,0.22001640689089416,12.553191489361701
465920,2023-24,210,Mudryk,Mykhailo,Mudryk,MID,3,7,Chelsea,8,1564,18,94,5,291,5,5,4.77,3.15,7.92,7,28,25.05,0,0,0,0,5,0,347.2,457.5,420.0,122.4,6.3,0.9,5.40920716112532,0.2877237851662404,0.2877237851662404,0.2744884910485933,0.18126598465473145,0.45575447570332484,14.920634920634921
465920,2024-25,179,Mudryk,Mykhailo,Mudryk,MID,3,6,Chelsea,8,145,1,7,0,26,0,0,0.24,0.66,0.9,0,2,3.28,0,0,0,0,0,0,23.2,31.5,31.0,8.5,6.1,0.2,4.344827586206897,0.0,0.0,0.1489655172413793,0.4096551724137931,0.5586206896551724,1.1475409836065575
465920,2025-26,245,Mudryk,Mykhailo,Mudryk,MID,3,7,Chelsea,8,0,0,0,0,0,0,0,0.0,0.0,0.0,0,0,0.0,0,0,0,0,0,0,0.0,0.0,0.0,0.0,4.9,0.0,,,,,,,0.0
466117,2023-24,219,Ahamada,Naouirou,Ahamada,MID,3,8,Crystal Palace,31,332,0,16,0,52,0,0,0.4,0.12,0.52,0,14,8.93,0,0,0,0,2,1,41.2,25.2,61.0,12.9,4.3,0.4,4.337349397590362,0.0,0.0,0.10843373493975905,0.03253012048192771,0.14096385542168677,3.7209302325581395
466117,2024-25,190,Ahamada,Naouirou,Ahamada,MID,3,7,Crystal Palace,31,0,0,0,0,0,0,0,0.0,0.0,0.0,0,0,0.0,0,0,0,0,0,0,0.0,0.0,0.0,0.0,4.5,0.1,,,,,,,0.0
466117,2025-26,275,Ahamada,Naouirou,Ahamada,MID,3,8,Crystal Palace,31,0,0,0,0,0,0,0,0.0,0.0,0.0,0,0,0.0,0,0,0,0,0,0,0.0,0.0,0.0,0.0,4.3,0.0,,,,,,,0.0
467169,2023-24,372,Antony,Antony Matheus,dos Santos,MID,3,14,Man Utd,1,1311,15,47,0,184,1,1,3.38,1.83,5.21,3,26,25.18,0,0,0,0,5,0,247.8,327.7,347.0,91.8,6.8,0.6,3.2265446224256293,0.06864988558352403,0.06864988558352403,0.2320366132723112,0.12562929061784897,0.3576659038901602,6.911764705882353
467169,2024-25,365,Antony,Antony Matheus,dos Santos,MID,3,14,Man Utd,1,135,0,8,0,37,0,0,0.6,0.21,0.81,0,2,2.05,0,0,0,0,0,0,35.0,50.7,74.0,15.8,5.7,0.2,5.333333333333334,0.0,0.0,0.4,0.13999999999999999,0.54,1.4035087719298245
467169,2025-26,454,Antony,Antony,dos Santos,MID,3,14,Man Utd,1,0,0,0,0,0,0,0,0.0,0.0,0.0,0,0,0.0,0,0,0,0,0,0,0.0,0.0,0.0,0.0,5.9,0.1,,,,,,,0.0
469142,2023-24,150,Van Hecke,Jan Paul,van Hecke,DEF,2,5,Brighton,36,2368,26,61,3,454,0,0,1.42,0.93,2.35,5,38,37.22,0,0,0,0,4,0,631.8,176.4,175.0,98.5,4.0,2.1,2.3184121621621623,0.0,0.0,0.05396959459459459,0.03534628378378379,0.08931587837837839,15.25
469142,2024-25,144,Van Hecke,Jan Paul,van Hecke,DEF,2,5,Brighton,36,2960,33,87,7,406,1,1,1.32,1.41,2.73,7,47,44.67,0,0,0,0,6,1,736.6,261.8,182.0,118.3,4.5,0.7,2.6452702702702706,0.030405405405405407,0.030405405405405407,0.040135135135135135,0.042871621621621614,0.08300675675675676,19.333333333333332
469142,2025-26,151,Van Hecke,Jan Paul,van Hecke,DEF,2,6,Brighton,36,3210,36,148,8,575,3,3,3.31,1.57,4.87,10,44,46.27,0,0,0,1,9,0,980.6,240.4,295.0,152.0,4.7,10.7,4.149532710280374,0.08411214953271029,0.08411214953271029,0.09280373831775701,0.04401869158878505,0.13654205607476635,31.48936170212766
472713,2023-24,104,Hickey,Aaron,Hickey,DEF,2,4,Brentford,94,713,9,17,0,87,0,0,0.2,0.13,0.33,2,12,10.2,0,0,0,0,5,0,66.6,28.4,37.0,12.9,4.3,0.1,2.14586255259467,0.0,0.0,0.02524544179523142,0.01640953716690042,0.041654978962131835,3.9534883720930236
472713,2024-25,93,Hickey,Aaron,Hickey,DEF,2,4,Brentford,94,0,0,0,0,0,0,0,0.0,0.0,0.0,0,0,0.0,0,0,0,0,0,0,0.0,0.0,0.0,0.0,4.3,0.0,,,,,,,0.0
472713,2025-26,116,Hickey,Aaron,Hickey,DEF,2,5,Brentford,94,679,8,37,0,105,0,0,0.44,0.17,0.61,2,9,9.03,0,0,0,0,1,0,101.4,17.1,43.0,16.0,4.0,0.3,4.904270986745214,0.0,0.0,0.058321060382916054,0.022533136966126657,0.08085419734904271,9.25
474120,2023-24,130,Enciso,Julio,Enciso,MID,3,5,Brighton,36,468,5,20,0,62,0,2,1.38,1.28,2.66,0,12,9.71,0,0,0,0,2,0,81.0,131.7,157.0,36.9,5.0,0.4,3.8461538461538463,0.0,0.38461538461538464,0.26538461538461533,0.24615384615384617,0.5115384615384615,4.0
474120,2024-25,121,Enciso,Julio,Enciso,MID,3,10,Ipswich,40,1155,14,59,5,224,2,3,2.82,1.32,4.14,2,22,22.1,0,0,0,0,3,0,250.8,268.9,362.0,87.7,5.4,0.2,4.597402597402597,0.15584415584415584,0.23376623376623376,0.2197402597402597,0.10285714285714287,0.32259740259740255,10.925925925925926
474120,2025-26,161,Enciso,Julio,Enciso Espínola,MID,3,6,Brighton,36,0,0,0,0,0,0,0,0.0,0.0,0.0,0,0,0.0,0,0,0,0,0,0,0.0,0.0,0.0,0.0,5.4,0.0,,,,,,,0.0
475168,2023-24,135,João Pedro,João Pedro,Junqueira de Jesus,FWD,4,5,Brighton,36,2037,19,104,12,406,9,3,12.01,4.64,16.65,5,38,32.63,0,0,1,0,2,0,622.4,578.8,932.0,213.4,5.2,6.1,4.594992636229749,0.39764359351988215,0.1325478645066274,0.5306332842415317,0.20500736377025033,0.7356406480117819,20.0
475168,2024-25,129,João Pedro,João Pedro,Junqueira de Jesus,FWD,4,5,Brighton,36,1946,23,126,26,516,10,6,8.96,3.1,12.06,6,28,25.51,0,0,0,0,4,1,567.0,456.0,644.0,166.0,5.5,8.5,5.827338129496403,0.4624871531346351,0.27749229188078106,0.41438848920863314,0.14337101747173692,0.55775950668037,22.90909090909091
475168,2025-26,249,João Pedro,João Pedro,Junqueira de Jesus,FWD,4,7,Chelsea,8,2658,31,177,30,715,15,9,14.91,1.96,16.87,10,36,37.25,0,0,0,0,5,0,758.4,456.6,909.0,212.1,7.4,34.8,5.993227990970654,0.5079006772009029,0.3047404063205418,0.5048532731376976,0.06636568848758465,0.5712189616252822,23.91891891891892
476502,2023-24,574,Boubacar Traore,Boubacar,Traoré,MID,3,20,Wolves,39,802,7,25,0,122,0,0,0.28,0.33,0.61,0,23,18.74,0,0,0,0,4,0,114.4,106.5,27.0,25.2,4.3,0.3,2.8054862842892767,0.0,0.0,0.0314214463840399,0.03703241895261846,0.06845386533665836,5.813953488372094
476502,2024-25,534,B.Traore,Boubacar,Traoré,MID,3,20,Wolves,39,1,0,1,0,3,0,0,0.0,0.0,0.0,0,0,0.0,0,0,0,0,0,0,4.0,0.0,0.0,0.4,4.8,0.0,90.0,0.0,0.0,0.0,0.0,0.0,0.20833333333333334
476502,2025-26,649,B.Traore,Boubacar,Traoré,MID,3,20,Wolves,39,0,0,0,0,0,0,0,0.0,0.0,0.0,0,0,0.0,0,0,0,0,0,0,0.0,0.0,0.0,0.0,5.0,0.0,,,,,,,0.0
477064,2023-24,358,R.Lewis,Rico,Lewis,DEF,2,13,Man City,43,804,8,52,2,215,2,0,0.63,1.25,1.88,4,9,8.73,0,0,0,0,1,0,148.0,195.9,114.0,45.8,4.2,0.4,5.820895522388059,0.22388059701492538,0.0,0.07052238805970149,0.13992537313432837,0.21044776119402986,12.38095238095238
477064,2024-25,355,Lewis,Rico,Lewis,DEF,2,13,Man City,43,1888,21,66,1,285,1,2,1.32,1.01,2.33,5,27,27.6,0,0,0,0,3,1,293.8,218.6,139.0,65.0,4.3,3.5,3.146186440677966,0.04766949152542373,0.09533898305084745,0.06292372881355933,0.04814618644067797,0.11106991525423729,15.348837209302326
477064,2025-26,410,Lewis,Rico,Lewis,DEF,2,13,Man City,43,401,4,19,2,72,0,1,0.19,1.39,1.58,1,7,6.81,0,0,0,0,2,0,70.8,112.5,55.0,23.8,4.6,1.2,4.2643391521197005,0.0,0.22443890274314213,0.042643391521197005,0.31197007481296757,0.35461346633416463,4.130434782608696
477424,2023-24,616,Gvardiol,Joško,Gvardiol,DEF,2,13,Man City,43,2327,26,123,12,549,4,2,3.14,2.09,5.23,9,23,23.88,0,0,0,0,3,0,544.4,362.2,389.0,129.7,5.2,18.1,4.757198109153417,0.15470562956596476,0.07735281478298238,0.12144391920928234,0.08083369144821657,0.2022776106574989,23.653846153846153
477424,2024-25,350,Gvardiol,Joško,Gvardiol,DEF,2,13,Man City,43,3278,36,153,15,623,5,0,4.6,2.92,7.52,13,41,44.27,0,0,0,0,2,0,847.0,501.7,497.0,185.0,6.5,38.6,4.200732153752288,0.13727882855399634,0.0,0.12629652226967664,0.08017083587553386,0.20646735814521047,23.53846153846154
477424,2025-26,403,Gvardiol,Joško,Gvardiol,DEF,2,13,Man City,43,1370,16,79,5,303,2,2,2.25,0.7,2.95,6,13,16.05,0,0,0,0,2,0,369.0,109.5,218.0,69.8,5.8,3.2,5.18978102189781,0.1313868613138686,0.1313868613138686,0.1478102189781022,0.04598540145985401,0.1937956204379562,13.620689655172415
477555,2023-24,345,Bobb,Oscar,Bobb,MID,3,13,Man City,43,294,2,30,2,112,1,2,1.5,1.1,2.6,1,5,2.91,0,0,0,0,0,0,105.4,147.1,107.0,36.0,4.4,0.1,9.183673469387756,0.30612244897959184,0.6122448979591837,0.4591836734693877,0.33673469387755106,0.7959183673469389,6.8181818181818175
477555,2024-25,343,Bobb,Oscar,Bobb,MID,3,13,Man City,43,14,0,3,0,13,0,0,0.0,0.02,0.02,0,1,0.47,0,0,0,0,0,0,4.4,12.6,0.0,1.6,4.7,0.1,19.285714285714285,0.0,0.0,0.0,0.12857142857142856,0.12857142857142856,0.6382978723404255
477555,2025-26,424,Bobb,Oscar,Bobb,MID,3,10,Fulham,54,1030,11,42,0,182,0,2,1.47,2.1,3.57,4,13,12.71,0,0,0,0,1,0,140.4,315.4,205.0,66.4,5.1,0.2,3.6699029126213594,0.0,0.17475728155339806,0.12844660194174756,0.18349514563106795,0.3119417475728155,8.23529411764706
477580,2023-24,89,Zabarnyi,Illia,Zabarnyi,DEF,2,3,Bournemouth,91,3330,37,84,3,583,1,0,1.13,0.55,1.68,8,67,58.38,0,0,0,0,5,0,686.0,111.1,117.0,91.5,4.4,1.9,2.27027027027027,0.027027027027027025,0.0,0.030540540540540537,0.014864864864864866,0.04540540540540541,19.09090909090909
477580,2024-25,85,Zabarnyi,Illia,Zabarnyi,DEF,2,3,Bournemouth,91,3109,35,94,8,429,0,1,1.2,0.76,1.96,8,42,42.54,0,0,0,0,4,1,651.4,177.0,88.0,92.0,4.4,0.5,2.721132196847861,0.0,0.02894821486008363,0.03473785783210035,0.022000643293663556,0.05673850112576392,21.363636363636363
477580,2025-26,71,Zabarnyi,Illia,Zabarnyi,DEF,2,4,Bournemouth,91,0,0,0,0,0,0,0,0.0,0.0,0.0,0,0,0.0,0,0,0,0,0,0,0.0,0.0,0.0,0.0,5.0,0.0,,,,,,,0.0
480455,2023-24,245,Branthwaite,Jarrad,Branthwaite,DEF,2,9,Everton,11,3116,35,124,10,621,3,1,1.62,1.29,2.91,12,44,49.43,0,0,0,0,8,0,789.4,67.2,185.0,104.3,4.5,10.8,3.5815147625160466,0.08664955070603338,0.02888318356867779,0.04679075738125803,0.03725930680359435,0.08405006418485238,27.555555555555557
480455,2024-25,219,Branthwaite,Jarrad,Branthwaite,DEF,2,8,Everton,11,2509,28,88,3,420,0,1,1.2,0.61,1.81,9,28,29.83,0,0,0,0,4,0,624.6,57.7,130.0,81.3,4.9,1.9,3.1566361100039857,0.0,0.03587086488640893,0.04304503786369071,0.021881227580709445,0.06492626544440015,17.959183673469386
480455,2025-26,290,Branthwaite,Jarrad,Branthwaite,DEF,2,9,Everton,11,678,7,32,0,108,1,1,0.34,0.11,0.45,1,9,9.43,0,0,0,0,1,0,175.0,42.8,75.0,29.3,5.3,0.3,4.2477876106194685,0.1327433628318584,0.1327433628318584,0.045132743362831865,0.014601769911504426,0.05973451327433628,6.037735849056604
482442,2023-24,513,Sarr,Pape Matar,Sarr,MID,3,18,Spurs,6,2063,27,86,4,397,3,3,3.17,2.09,5.26,9,27,34.83,0,0,0,0,9,0,406.0,373.3,317.0,110.2,4.4,1.6,3.7518177411536597,0.13087736306349976,0.13087736306349976,0.1382937469704314,0.09117789626757149,0.2294716432380029,19.545454545454543
482442,2024-25,499,P.M.Sarr,Pape Matar,Sarr,MID,3,18,Spurs,6,1901,22,71,4,365,3,2,3.72,0.78,4.5,2,38,36.38,0,0,0,0,6,0,398.4,257.2,220.0,87.2,4.7,0.2,3.361388742766965,0.14203051025775906,0.09468700683850605,0.17611783271962125,0.03692793266701736,0.2130457653866386,15.106382978723405
482442,2025-26,593,P.M.Sarr,Pape Matar,Sarr,MID,3,18,Spurs,6,1388,13,71,2,313,2,4,1.63,1.11,2.74,3,23,26.67,0,0,0,0,3,0,336.0,188.3,156.0,68.2,4.5,1.0,4.6037463976945245,0.12968299711815562,0.25936599423631124,0.10569164265129682,0.07197406340057637,0.17766570605187323,15.777777777777779
482609,2023-24,203,Gusto,Malo,Gusto,DEF,2,7,Chelsea,8,1746,19,74,10,409,0,6,1.01,3.39,4.4,5,28,26.12,0,0,0,0,7,1,434.8,494.8,174.0,110.4,4.3,8.2,3.814432989690722,0.0,0.30927835051546393,0.05206185567010309,0.17474226804123713,0.22680412371134023,17.209302325581397
482609,2024-25,171,Gusto,Malo,Gusto,DEF,2,6,Chelsea,8,1853,19,60,2,285,0,1,1.44,1.91,3.35,4,26,27.43,0,0,0,0,4,0,336.8,394.6,147.0,87.9,4.9,1.4,2.914193200215866,0.0,0.048569886670264434,0.06994063680518078,0.09276848354020507,0.16270912034538587,12.244897959183673
482609,2025-26,228,Gusto,Malo,Gusto,DEF,2,7,Chelsea,8,2255,26,96,7,406,2,3,1.56,2.97,4.53,7,36,37.13,0,0,0,1,3,1,443.6,448.5,205.0,109.8,4.8,1.7,3.8314855875831486,0.07982261640798226,0.1197339246119734,0.062261640798226166,0.11853658536585367,0.18079822616407984,20.0
486385,2023-24,691,Beto,Norberto Bercique,Gomes Betuncal,FWD,4,9,Everton,11,943,9,50,3,105,3,0,6.46,0.3,6.76,2,20,18.11,0,0,1,0,2,0,158.8,139.6,425.0,71.3,5.7,0.1,4.7720042417815485,0.2863202545068929,0.0,0.616542948038176,0.02863202545068929,0.6451749734888653,8.771929824561402
486385,2024-25,218,Beto,Norberto Bercique,Gomes Betuncal,FWD,4,8,Everton,11,1521,15,87,11,295,8,0,7.89,0.44,8.33,4,24,18.8,0,0,0,0,2,0,373.2,163.9,666.0,119.5,4.8,3.9,5.14792899408284,0.4733727810650888,0.0,0.46686390532544375,0.026035502958579884,0.4928994082840237,18.125
486385,2025-26,311,Beto,Norberto Bercique,Gomes Betuncal,FWD,4,9,Everton,11,1551,17,104,15,343,9,1,8.9,0.23,9.13,5,19,24.16,0,0,0,0,3,0,445.8,159.8,655.0,124.5,5.1,3.3,6.034816247582206,0.5222437137330754,0.058027079303675046,0.5164410058027079,0.013346228239845262,0.5297872340425532,20.3921568627451
486672,2023-24,126,Caicedo,Moisés,Caicedo Corozo,MID,3,7,Chelsea,8,2865,33,84,6,466,1,3,0.42,2.01,2.43,7,50,46.79,0,0,0,0,11,0,613.6,403.2,68.0,108.2,4.5,1.2,2.6387434554973823,0.031413612565445025,0.0942408376963351,0.013193717277486909,0.0631413612565445,0.07633507853403142,18.666666666666668
486672,2024-25,157,Caicedo,Moisés,Caicedo Corozo,MID,3,6,Chelsea,8,3351,38,98,4,650,1,4,0.81,2.82,3.63,12,42,45.42,0,0,0,0,11,0,627.6,568.8,95.0,129.2,4.9,1.0,2.632050134288272,0.026857654431512983,0.10743061772605193,0.021754700089525517,0.0757385854968666,0.09749328558639211,20.0
486672,2025-26,241,Caicedo,Moisés,Caicedo Corozo,MID,3,7,Chelsea,8,2796,32,110,10,580,3,1,1.45,2.38,3.83,6,47,42.54,0,0,0,0,11,1,562.4,403.1,128.0,109.2,5.7,7.1,3.5407725321888415,0.09656652360515021,0.032188841201716736,0.04667381974248927,0.07660944206008584,0.12328326180257511,19.298245614035086
487053,2023-24,519,Udogie,Destiny,Udogie,DEF,2,18,Spurs,6,2391,28,79,8,402,2,3,2.42,2.36,4.78,5,43,48.7,0,0,0,0,5,1,534.8,357.9,279.0,117.3,4.9,5.2,2.973651191969887,0.07528230865746549,0.11292346298619824,0.09109159347553325,0.08883312421580929,0.17992471769134255,16.122448979591837
487053,2024-25,505,Udogie,Destiny,Udogie,DEF,2,18,Spurs,6,1923,24,43,0,233,0,1,0.31,1.22,1.53,2,35,33.28,0,0,0,1,2,0,354.8,256.5,132.0,74.5,4.8,1.5,2.012480499219969,0.0,0.046801872074883,0.014508580343213728,0.057098283931357255,0.07160686427457098,8.958333333333334
487053,2025-26,574,Udogie,Destiny,Udogie,DEF,2,18,Spurs,6,1335,14,29,1,121,0,1,0.18,0.72,0.9,1,25,19.15,0,0,0,0,4,0,207.2,187.0,103.0,49.8,4.3,0.3,1.955056179775281,0.0,0.06741573033707865,0.012134831460674156,0.04853932584269662,0.060674157303370786,6.744186046511628
487117,2023-24,132,Ferguson,Evan,Ferguson,FWD,4,5,Brighton,36,1356,15,69,5,218,6,1,4.49,0.77,5.26,2,28,22.16,0,0,0,0,1,0,275.0,106.7,393.0,77.3,5.7,3.5,4.579646017699115,0.39823008849557523,0.0663716814159292,0.2980088495575221,0.05110619469026549,0.3491150442477876,12.105263157894736
487117,2024-25,123,Ferguson,Evan,Ferguson,FWD,4,19,West Ham,21,385,3,28,2,97,1,0,1.13,0.66,1.79,1,9,6.39,0,0,0,0,0,0,80.0,68.5,104.0,25.0,5.5,0.3,6.545454545454545,0.23376623376623376,0.0,0.2641558441558441,0.1542857142857143,0.41844155844155845,5.090909090909091
487117,2025-26,179,Ferguson,Evan,Ferguson,FWD,4,6,Brighton,36,0,0,0,0,0,0,0,0.0,0.0,0.0,0,0,0.0,0,0,0,0,0,0,0.0,0.0,0.0,0.0,5.5,0.0,,,,,,,0.0
487838,2023-24,204,Hall,Lewis,Hall,DEF,2,15,Newcastle,4,773,8,38,3,171,1,0,0.35,0.72,1.07,2,12,13.1,0,0,0,0,2,0,194.8,69.1,85.0,34.9,4.2,0.6,4.424320827943079,0.1164294954721863,0.0,0.040750323415265195,0.08382923673997413,0.12457956015523933,9.047619047619047
487838,2024-25,399,Hall,Lewis,Hall,DEF,2,15,Newcastle,4,2188,24,102,11,443,0,7,0.43,3.73,4.16,8,31,29.73,0,0,0,0,3,0,561.6,561.2,128.0,125.3,4.7,4.4,4.195612431444242,0.0,0.28793418647166363,0.017687385740402194,0.15342778793418646,0.17111517367458867,21.70212765957447
487838,2025-26,473,Hall,Lewis,Hall,DEF,2,15,Newcastle,4,2176,24,79,4,347,1,2,1.01,2.78,3.79,4,39,37.72,0,0,0,0,4,0,550.2,433.6,196.0,118.0,5.3,3.3,3.2674632352941178,0.04136029411764706,0.08272058823529412,0.04177389705882353,0.11498161764705882,0.15675551470588234,14.90566037735849
489639,2023-24,152,Verbruggen,Bart,Verbruggen,GK,1,5,Brighton,36,1890,21,68,7,417,0,0,0.0,0.0,0.0,4,28,31.6,65,0,0,0,3,0,541.4,1.0,0.0,54.3,4.4,1.2,3.238095238095238,0.0,0.0,0.0,0.0,0.0,15.454545454545453
489639,2024-25,146,Verbruggen,Bart,Verbruggen,GK,1,5,Brighton,36,3240,36,103,6,366,0,1,0.0,0.01,0.01,7,58,53.1,91,0,0,0,5,0,849.8,10.0,0.0,85.8,4.5,2.5,2.861111111111111,0.0,0.027777777777777776,0.0,0.0002777777777777778,0.0002777777777777778,22.88888888888889
489639,2025-26,139,Verbruggen,Bart,Verbruggen,GK,1,6,Brighton,36,3420,38,130,6,616,0,0,0.0,0.06,0.06,10,46,49.06,106,1,0,1,3,0,935.0,10.0,0.0,94.7,4.6,9.3,3.4210526315789473,0.0,0.0,0.0,0.0015789473684210526,0.0015789473684210526,28.260869565217394
490094,2023-24,46,Iroegbunam,Tim,Iroegbunam,MID,3,2,Aston Villa,7,157,1,10,0,29,0,0,0.0,0.0,0.0,0,7,4.95,0,0,0,0,0,0,18.6,4.0,0.0,2.1,4.4,0.0,5.732484076433121,0.0,0.0,0.0,0.0,0.0,2.2727272727272725
490094,2024-25,226,Iroegbunam,Tim,Iroegbunam,MID,3,8,Everton,11,562,5,22,0,82,0,1,0.23,0.14,0.37,0,16,12.25,0,0,0,0,4,0,122.2,40.9,32.0,19.6,4.3,0.6,3.5231316725978647,0.0,0.16014234875444838,0.03683274021352313,0.02241992882562278,0.05925266903914591,5.116279069767442
490094,2025-26,304,Iroegbunam,Tim,Iroegbunam,MID,3,9,Everton,11,1477,17,68,1,225,0,3,0.54,0.71,1.25,8,18,24.64,0,0,0,0,9,0,255.0,125.2,81.0,45.9,4.8,0.0,4.143534190927555,0.0,0.18280297901150983,0.03290453622207177,0.04326337169939065,0.07616790792146243,14.166666666666668
490145,2023-24,640,Scarlett,Dane,Scarlett,FWD,4,18,Spurs,6,19,0,4,0,10,0,0,0.0,0.0,0.0,0,0,0.02,0,0,0,0,0,0,2.0,0.4,6.0,0.8,4.5,0.1,18.94736842105263,0.0,0.0,0.0,0.0,0.0,0.8888888888888888
490145,2024-25,500,Scarlett,Dane,Scarlett,FWD,4,18,Spurs,6,31,0,6,0,20,0,1,0.04,0.0,0.04,0,1,0.83,0,0,0,0,0,0,24.4,11.0,17.0,5.2,4.4,0.7,17.419354838709676,0.0,2.903225806451613,0.11612903225806452,0.0,0.11612903225806452,1.3636363636363635
490145,2025-26,599,Scarlett,Dane,Scarlett,FWD,4,18,Spurs,6,7,0,2,0,5,0,0,0.0,0.01,0.01,0,0,0.03,0,0,0,0,0,0,1.0,4.1,2.0,0.7,4.3,0.5,25.71428571428571,0.0,0.0,0.0,0.12857142857142856,0.12857142857142856,0.46511627906976744
490721,2023-24,548,H.Bueno,Hugo,Bueno López,DEF,2,20,Wolves,39,727,7,29,0,136,0,0,0.31,0.68,0.99,2,16,12.99,0,0,0,1,1,0,139.4,122.1,30.0,29.0,4.4,0.1,3.59009628610729,0.0,0.0,0.038376891334250346,0.08418156808803302,0.12255845942228336,6.59090909090909
490721,2024-25,549,H.Bueno,Hugo,Bueno López,DEF,2,20,Wolves,39,0,0,0,0,0,0,0,0.0,0.0,0.0,0,0,0.0,0,0,0,0,0,0,0.0,0.0,0.0,0.0,4.5,0.0,,,,,,,0.0
490721,2025-26,633,H.Bueno,Hugo,Bueno López,DEF,2,20,Wolves,39,2359,26,83,4,325,1,3,0.86,3.49,4.35,4,44,40.19,0,0,0,0,3,0,554.6,673.9,172.0,140.4,4.3,0.2,3.1665960152607036,0.03815175922000848,0.11445527766002545,0.03281051292920729,0.1331496396778296,0.16596015260703686,19.30232558139535
490881,2023-24,826,Collyer,Toby,Collyer,MID,3,14,Man Utd,1,0,0,0,0,0,0,0,0.0,0.0,0.0,0,0,0.0,0,0,0,0,0,0,0.0,0.0,0.0,0.0,4.5,0.0,,,,,,,0.0
490881,2024-25,613,Collyer,Toby,Collyer,MID,3,14,Man Utd,1,174,0,6,0,40,0,0,0.08,0.37,0.45,0,2,3.09,0,0,0,0,0,0,40.4,29.9,8.0,7.9,4.5,0.0,3.103448275862069,0.0,0.0,0.041379310344827586,0.1913793103448276,0.23275862068965517,1.3333333333333333
490881,2025-26,460,Collyer,Toby,Collyer,MID,3,14,Man Utd,1,0,0,0,0,0,0,0,0.0,0.0,0.0,0,0,0.0,0,0,0,0,0,0,0.0,0.0,0.0,0.0,4.5,0.0,,,,,,,0.0
490885,2023-24,829,Earthy,George,Earthy,MID,3,19,West Ham,21,33,0,8,0,27,1,0,0.35,0.0,0.35,0,0,0.16,0,0,0,0,0,0,32.8,2.0,33.0,6.9,4.5,0.0,21.81818181818182,2.7272727272727275,0.0,0.9545454545454545,0.0,0.9545454545454545,1.7777777777777777
490885,2024-25,519,Earthy,George,Earthy,MID,3,19,West Ham,21,0,0,0,0,0,0,0,0.0,0.0,0.0,0,0,0.0,0,0,0,0,0,0,0.0,0.0,0.0,0.0,4.5,0.0,,,,,,,0.0
490885,2025-26,620,Earthy,George,Earthy,MID,3,19,West Ham,21,8,0,1,0,3,0,0,0.0,0.01,0.01,0,1,0.73,0,0,0,0,0,0,0.0,1.5,2.0,0.4,4.5,0.0,11.25,0.0,0.0,0.0,0.1125,0.1125,0.2222222222222222
491012,2023-24,645,Y. Chermiti,Youssef,Ramalho Chermiti,FWD,4,9,Everton,11,196,1,16,0,28,0,0,0.74,0.3,1.04,1,4,5.04,0,0,0,0,3,0,19.2,51.2,84.0,14.9,4.8,0.1,7.346938775510203,0.0,0.0,0.33979591836734696,0.1377551020408163,0.4775510204081633,3.3333333333333335
491012,2024-25,237,Y. Chermiti,Youssef,Ramalho Chermiti,FWD,4,8,Everton,11,42,0,3,0,9,0,0,0.11,0.0,0.11,0,0,0.47,0,0,0,0,1,0,2.4,0.6,27.0,3.0,4.9,0.0,6.428571428571428,0.0,0.0,0.2357142857142857,0.0,0.2357142857142857,0.6122448979591836
491012,2025-26,312,Y.Chermiti,Youssef,Ramalho Chermiti,FWD,4,9,Everton,11,0,0,0,0,0,0,0,0.0,0.0,0.0,0,0,0.0,0,0,0,0,0,0,0.0,0.0,0.0,0.0,4.9,0.1,,,,,,,0.0
491279,2023-24,639,Van de Ven,Micky,van de Ven,DEF,2,18,Spurs,6,2341,27,81,10,501,3,0,0.61,0.33,0.94,5,38,37.56,0,0,0,0,5,0,561.6,56.7,85.0,70.5,4.4,3.7,3.1140538231524992,0.1153353267834259,0.0,0.02345151644596326,0.012686885946176849,0.036138402392140105,18.409090909090907
491279,2024-25,506,Van de Ven,Micky,van de Ven,DEF,2,18,Spurs,6,1014,12,32,2,139,0,2,0.54,0.7,1.24,2,17,13.28,0,0,0,0,4,0,212.0,39.4,57.0,30.9,4.5,2.4,2.840236686390533,0.0,0.1775147928994083,0.047928994082840244,0.0621301775147929,0.11005917159763313,7.111111111111111
491279,2025-26,575,Van de Ven,Micky,van de Ven,DEF,2,18,Spurs,6,3041,35,116,10,431,4,1,2.82,0.38,3.2,9,50,42.99,0,0,0,0,9,1,683.4,95.2,218.0,99.6,4.4,17.6,3.433081223281815,0.11838211114764881,0.029595527786912202,0.08345938835909239,0.011246300559026636,0.09470568891811904,26.36363636363636
491501,2023-24,629,McConnell,James,McConnell,MID,3,11,Liverpool,14,3,0,3,0,8,0,0,0.0,0.0,0.0,0,0,0.01,0,0,0,0,0,0,1.0,0.4,0.0,0.1,4.4,0.0,90.0,0.0,0.0,0.0,0.0,0.0,0.6818181818181818
491501,2024-25,330,McConnell,James,McConnell,MID,3,12,Liverpool,14,0,0,0,0,0,0,0,0.0,0.0,0.0,0,0,0.0,0,0,0,0,0,0,0.0,0.0,0.0,0.0,4.3,0.1,,,,,,,0.0
491501,2025-26,394,McConnell,James,McConnell,MID,3,12,Liverpool,14,0,0,0,0,0,0,0,0.0,0.0,0.0,0,0,0.0,0,0,0,0,0,0,0.0,0.0,0.0,0.0,4.4,0.0,,,,,,,0.0
491557,2023-24,760,Metcalfe,Jenson,Metcalfe,MID,3,9,Everton,11,0,0,0,0,0,0,0,0.0,0.0,0.0,0,0,0.0,0,0,0,0,0,0,0.0,0.0,0.0,0.0,4.5,0.0,,,,,,,0.0
491557,2024-25,614,Metcalfe,Jenson,Metcalfe,MID,3,8,Everton,11,0,0,0,0,0,0,0,0.0,0.0,0.0,0,0,0.0,0,0,0,0,0,0,0.0,0.0,0.0,0.0,4.5,0.0,,,,,,,0.0
491557,2025-26,309,Metcalfe,Jenson,Metcalfe,MID,3,9,Everton,11,0,0,0,0,0,0,0,0.0,0.0,0.0,0,0,0.0,0,0,0,0,0,0,0.0,0.0,0.0,0.0,4.5,0.0,,,,,,,0.0
492777,2023-24,757,Bradley,Conor,Bradley,DEF,2,11,Liverpool,14,752,10,50,7,211,1,3,0.91,1.24,2.15,3,7,7.47,0,0,0,1,2,0,230.4,215.8,160.0,60.6,4.1,2.1,5.98404255319149,0.11968085106382978,0.3590425531914893,0.10890957446808511,0.14840425531914894,0.25731382978723405,12.195121951219512
492777,2024-25,313,Bradley,Conor,Bradley,DEF,2,12,Liverpool,14,744,7,41,3,160,0,2,0.7,1.43,2.13,3,10,12.4,0,0,0,0,4,0,156.2,110.5,162.0,42.8,4.7,1.2,4.959677419354839,0.0,0.24193548387096775,0.0846774193548387,0.17298387096774193,0.25766129032258067,8.72340425531915
492777,2025-26,375,Bradley,Conor,Bradley,DEF,2,12,Liverpool,14,928,12,42,2,157,0,2,0.18,0.84,1.02,4,13,10.77,0,0,0,0,5,0,157.4,105.2,62.0,32.3,4.9,0.1,4.073275862068965,0.0,0.1939655172413793,0.017456896551724138,0.0814655172413793,0.09892241379310346,8.571428571428571
493105,2023-24,382,Garnacho,Alejandro,Garnacho,MID,3,14,Man Utd,1,2564,30,131,7,372,7,7,8.23,2.81,11.04,8,39,51.56,0,0,0,0,4,0,527.2,616.8,1103.0,224.3,5.0,9.8,4.598283931357254,0.24570982839313574,0.24570982839313574,0.2888845553822153,0.0986349453978159,0.38751950078003117,26.2
493105,2024-25,372,Garnacho,Alejandro,Garnacho,MID,3,14,Man Utd,1,2188,23,106,7,370,6,4,7.4,2.76,10.16,5,36,35.43,0,0,0,0,3,0,454.0,532.2,904.0,188.3,5.9,4.7,4.360146252285192,0.24680073126142596,0.16453382084095064,0.30438756855575866,0.11352833638025595,0.41791590493601466,17.966101694915253
493105,2025-26,453,Garnacho,Alejandro,Garnacho Ferreyra,MID,3,7,Chelsea,8,1261,14,56,3,222,1,4,3.44,3.68,7.12,4,20,20.52,0,0,0,0,2,0,211.4,405.3,399.0,100.5,6.4,0.4,3.9968279143536876,0.07137192704203013,0.2854877081681205,0.24551942902458368,0.2626486915146709,0.5081681205392545,8.75
493125,2023-24,777,Drăgușin,Radu,Dragusin,DEF,2,18,Spurs,6,424,4,14,0,82,0,0,0.14,0.01,0.15,1,7,8.2,0,0,0,0,1,0,95.4,7.4,6.0,11.0,4.2,0.1,2.9716981132075473,0.0,0.0,0.029716981132075476,0.0021226415094339622,0.031839622641509434,3.333333333333333
493125,2024-25,486,Dragusin,Radu,Drăgușin,DEF,2,18,Spurs,6,1250,14,24,0,96,0,0,0.13,0.16,0.29,2,29,28.59,0,0,0,0,1,0,256.4,58.1,47.0,36.2,4.3,0.1,1.7279999999999998,0.0,0.0,0.00936,0.011519999999999999,0.02088,5.5813953488372094
493125,2025-26,572,Dragusin,Radu,Drăgușin,DEF,2,18,Spurs,6,515,5,17,0,34,0,0,0.31,0.01,0.32,0,13,12.26,0,0,0,0,0,0,130.6,3.2,27.0,16.1,4.5,0.0,2.9708737864077674,0.0,0.0,0.054174757281553396,0.0017475728155339806,0.05592233009708738,3.7777777777777777
493250,2023-24,371,Amad,Amad,Diallo,MID,3,14,Man Utd,1,385,3,23,3,68,1,1,0.53,0.47,1.0,1,6,7.66,0,0,0,0,1,0,117.0,123.8,114.0,35.2,4.4,0.1,5.376623376623376,0.23376623376623376,0.23376623376623376,0.1238961038961039,0.10987012987012985,0.23376623376623376,5.227272727272727
493250,2024-25,364,Amad,Amad,Diallo,MID,3,14,Man Utd,1,1898,20,129,17,569,8,8,4.71,3.98,8.69,7,30,31.71,0,0,0,0,5,0,634.0,687.2,615.0,193.8,5.3,4.1,6.116965226554268,0.3793466807165437,0.3793466807165437,0.22334035827186513,0.1887249736564805,0.4120653319283456,24.339622641509436
493250,2025-26,452,Amad,Amad,Diallo,MID,3,14,Man Utd,1,2339,27,91,7,463,2,5,5.46,4.74,10.2,6,33,31.69,0,0,0,0,2,0,436.6,596.1,600.0,163.5,6.2,1.3,3.5014963659683622,0.07695596408721675,0.19238991021804192,0.21008978195810174,0.18238563488670373,0.3924754168448054,14.67741935483871
496208,2023-24,628,Doak,Ben,Doak,MID,3,11,Liverpool,14,13,0,1,0,3,0,0,0.0,0.0,0.0,0,0,0.14,0,0,0,0,0,0,0.2,0.8,0.0,0.1,4.3,0.0,6.923076923076923,0.0,0.0,0.0,0.0,0.0,0.23255813953488372
496208,2024-25,318,Doak,Ben,Doak,MID,3,12,Liverpool,14,0,0,0,0,0,0,0,0.0,0.0,0.0,0,0,0.0,0,0,0,0,0,0,0.0,0.0,0.0,0.0,4.5,0.0,,,,,,,0.0
496208,2025-26,391,Gannon-Doak,Ben,Gannon-Doak,MID,3,4,Bournemouth,91,105,0,11,0,33,0,1,0.26,0.13,0.39,0,1,4.74,0,0,0,0,0,0,32.4,17.8,39.0,8.9,4.8,0.0,9.428571428571429,0.0,0.8571428571428572,0.2228571428571429,0.11142857142857145,0.3342857142857143,2.291666666666667
496221,2023-24,807,Wharton,Adam,Wharton,MID,3,8,Crystal Palace,31,1296,15,50,4,222,0,3,0.38,1.5,1.87,7,16,18.04,0,0,0,0,2,0,255.0,287.9,29.0,57.3,5.0,0.0,3.472222222222222,0.0,0.20833333333333331,0.02638888888888889,0.10416666666666666,0.12986111111111112,10.0
496221,2024-25,216,Wharton,Adam,Wharton,MID,3,7,Crystal Palace,31,1314,16,42,0,244,0,2,0.38,2.17,2.55,4,21,19.34,0,0,0,0,2,0,261.2,381.4,69.0,71.2,4.7,0.1,2.8767123287671232,0.0,0.136986301369863,0.026027397260273973,0.14863013698630137,0.17465753424657532,8.936170212765957
496221,2025-26,273,Wharton,Adam,Wharton,MID,3,8,Crystal Palace,31,2552,29,112,8,511,1,6,1.52,7.47,8.98,8,43,39.08,0,0,0,0,4,1,494.4,720.0,180.0,139.6,5.0,0.7,3.949843260188088,0.03526645768025078,0.21159874608150472,0.053605015673981196,0.26344043887147334,0.316692789968652,22.4
497606,2023-24,750,Chirewa,Tawanda,Chirewa,MID,3,20,Wolves,39,138,1,8,0,21,0,0,0.16,0.07,0.23,0,2,1.45,0,0,0,0,1,0,22.0,24.7,21.0,6.6,4.4,0.0,5.217391304347826,0.0,0.0,0.10434782608695652,0.04565217391304348,0.15000000000000002,1.8181818181818181
497606,2024-25,538,Chirewa,Tawanda,Chirewa,MID,3,20,Wolves,39,0,0,0,0,0,0,0,0.0,0.0,0.0,0,0,0.0,0,0,0,0,0,0,0.0,0.0,0.0,0.0,4.5,0.0,,,,,,,0.0
497606,2025-26,650,Chirewa,Tawanda,Chirewa,MID,3,20,Wolves,39,25,0,2,0,4,0,0,0.0,0.0,0.0,0,0,0.5,0,0,0,0,0,0,3.2,0.3,0.0,0.4,4.3,0.2,7.2,0.0,0.0,0.0,0.0,0.0,0.46511627906976744
497894,2023-24,617,Højlund,Rasmus,Højlund,FWD,4,14,Man Utd,1,2156,25,112,14,362,10,2,6.97,0.96,7.93,6,35,40.64,0,0,0,0,2,0,480.6,345.8,648.0,147.0,7.1,5.6,4.675324675324676,0.4174397031539889,0.08348794063079777,0.29095547309833025,0.04007421150278293,0.33102968460111315,15.774647887323944
497894,2024-25,375,Højlund,Rasmus,Højlund,FWD,4,14,Man Utd,1,1998,23,78,8,246,4,1,5.1,1.14,6.24,6,31,30.44,0,0,0,0,2,0,187.0,254.7,432.0,86.3,6.9,1.0,3.5135135135135136,0.18018018018018017,0.04504504504504504,0.22972972972972971,0.05135135135135135,0.2810810810810811,11.304347826086955
497894,2025-26,465,Højlund,Rasmus,Højlund,FWD,4,14,Man Utd,1,0,0,0,0,0,0,0,0.0,0.0,0.0,0,0,0.0,0,0,0,0,0,0,0.0,0.0,0.0,0.0,6.3,0.3,,,,,,,0.0
499169,2023-24,764,Lewis-Skelly,Myles,Lewis-Skelly,MID,3,1,Arsenal,3,0,0,0,0,0,0,0,0.0,0.0,0.0,0,0,0.0,0,0,0,0,0,0,0.0,0.0,0.0,0.0,4.5,0.0,,,,,,,0.0
499169,2024-25,597,Lewis-Skelly,Myles,Lewis-Skelly,MID,3,1,Arsenal,3,1362,15,37,0,237,1,0,0.16,0.51,0.67,5,16,16.65,0,0,0,0,3,2,176.0,170.7,57.0,40.0,4.5,0.4,2.444933920704846,0.06607929515418502,0.0,0.010572687224669605,0.033700440528634364,0.04427312775330396,8.222222222222221
499169,2025-26,10,Lewis-Skelly,Myles,Lewis-Skelly,DEF,2,1,Arsenal,3,697,5,29,0,110,0,0,0.1,0.2,0.3,2,8,9.01,0,0,0,0,3,0,73.2,74.6,29.0,17.6,5.0,1.9,3.7446197991391674,0.0,0.0,0.01291248206599713,0.02582496413199426,0.03873744619799139,5.8
499175,2023-24,772,Nwaneri,Ethan,Nwaneri,MID,3,1,Arsenal,3,13,0,1,0,3,0,0,0.0,0.05,0.05,0,0,0.13,0,0,0,0,0,0,2.0,12.3,4.0,1.8,4.5,0.0,6.923076923076923,0.0,0.0,0.0,0.34615384615384615,0.34615384615384615,0.2222222222222222
499175,2024-25,12,Nwaneri,Ethan,Nwaneri,MID,3,1,Arsenal,3,882,11,66,4,251,4,2,1.19,1.78,2.97,4,4,5.38,0,0,0,0,1,0,293.2,282.8,255.0,83.0,4.3,1.5,6.73469387755102,0.40816326530612246,0.20408163265306123,0.12142857142857141,0.1816326530612245,0.30306122448979594,15.348837209302326
499175,2025-26,25,Nwaneri,Ethan,Nwaneri,MID,3,1,Arsenal,3,165,0,8,0,20,0,0,0.23,0.08,0.31,1,0,0.73,0,0,0,0,0,0,8.6,22.5,24.0,5.4,5.0,0.1,4.363636363636363,0.0,0.0,0.12545454545454546,0.04363636363636363,0.1690909090909091,1.6
499721,2023-24,860,Moore,Mikey,Moore,MID,3,18,Spurs,6,3,0,2,0,4,0,0,0.0,0.0,0.0,0,0,0.05,0,0,0,0,0,0,1.0,0.5,0.0,0.1,4.5,0.0,60.0,0.0,0.0,0.0,0.0,0.0,0.4444444444444444
499721,2024-25,610,Moore,Mikey,Moore,MID,3,18,Spurs,6,359,3,19,0,51,0,2,0.2,0.56,0.76,0,5,6.87,0,0,0,0,0,0,33.2,45.2,34.0,11.0,4.5,0.2,4.763231197771588,0.0,0.5013927576601671,0.05013927576601671,0.1403899721448468,0.1905292479108635,4.222222222222222
499721,2025-26,592,Moore,Mikey,Moore,MID,3,18,Spurs,6,0,0,0,0,0,0,0,0.0,0.0,0.0,0,0,0.0,0,0,0,0,0,0,0.0,0.0,0.0,0.0,5.0,0.0,,,,,,,0.0
500058,2023-24,824,Danns,Jayden,Danns,FWD,4,11,Liverpool,14,7,0,1,0,1,0,0,0.0,0.01,0.01,0,0,0.13,0,0,0,0,1,0,0.0,3.7,0.0,0.2,4.3,0.0,12.857142857142856,0.0,0.0,0.0,0.12857142857142856,0.12857142857142856,0.23255813953488372
500058,2024-25,709,Danns,Jayden,Danns,FWD,4,12,Liverpool,14,10,0,1,0,2,0,0,0.0,0.01,0.01,0,1,0.45,0,0,0,0,0,0,0.0,0.3,0.0,0.0,4.5,0.0,9.0,0.0,0.0,0.0,0.09,0.09,0.2222222222222222
500058,2025-26,398,Danns,Jayden,Danns,FWD,4,12,Liverpool,14,0,0,0,0,0,0,0,0.0,0.0,0.0,0,0,0.0,0,0,0,0,0,0,0.0,0.0,0.0,0.0,4.3,0.1,,,,,,,0.0
501837,2023-24,788,Mosquera,Yerson,Mosquera,DEF,2,20,Wolves,39,0,0,0,0,0,0,0,0.0,0.0,0.0,0,0,0.0,0,0,0,0,0,0,0.0,0.0,0.0,0.0,4.0,0.0,,,,,,,0.0
501837,2024-25,558,Mosquera,Yerson,Mosquera,DEF,2,20,Wolves,39,441,5,3,0,24,0,0,0.33,0.03,0.36,0,12,5.63,0,0,0,0,2,0,110.2,27.3,21.0,16.0,3.8,0.7,0.6122448979591837,0.0,0.0,0.0673469387755102,0.006122448979591836,0.07346938775510203,0.7894736842105263
501837,2025-26,634,Mosquera,Yerson,Mosquera Valdelamar,DEF,2,20,Wolves,39,2137,24,61,3,209,0,0,2.51,0.62,3.13,4,40,36.42,0,0,0,2,12,0,426.0,140.4,268.0,83.5,4.3,0.1,2.56902199344876,0.0,0.0,0.10570893776321946,0.02611137108095461,0.1318203088441741,14.186046511627907
503139,2023-24,644,Scott,Alex,Scott,MID,3,3,Bournemouth,91,1003,11,41,3,163,1,1,0.82,1.06,1.88,3,25,17.89,0,0,0,0,3,0,197.0,294.7,116.0,60.7,4.9,0.0,3.6789631106679956,0.08973080757726819,0.08973080757726819,0.07357926221335992,0.09511465603190429,0.1686939182452642,8.36734693877551
503139,2024-25,77,Scott,Alex,Scott,MID,3,3,Bournemouth,91,745,8,26,0,132,0,0,0.73,1.0,1.73,3,8,10.14,0,0,0,0,3,0,141.6,171.6,118.0,43.2,4.7,0.0,3.140939597315436,0.0,0.0,0.08818791946308725,0.12080536912751677,0.208993288590604,5.531914893617021
503139,2025-26,90,Scott,Alex,Scott,MID,3,4,Bournemouth,91,2848,34,136,9,603,3,2,3.8,2.94,6.74,11,41,47.02,0,0,0,0,5,0,597.2,482.0,314.0,139.0,4.9,2.1,4.297752808988764,0.09480337078651685,0.06320224719101124,0.12008426966292134,0.09290730337078651,0.2129915730337079,27.755102040816325
503714,2023-24,613,Ugochukwu,Lesley,Ugochukwu,MID,3,7,Chelsea,8,296,3,13,0,62,0,0,0.0,0.14,0.14,1,6,7.59,0,0,0,0,2,0,60.8,44.4,4.0,10.9,4.4,0.1,3.952702702702703,0.0,0.0,0.0,0.04256756756756757,0.04256756756756757,2.954545454545454
503714,2024-25,188,Ugochukwu,Lesley,Ugochukwu,MID,3,17,Southampton,20,1652,18,47,3,209,1,1,0.85,0.62,1.47,1,39,40.28,0,0,0,0,7,0,265.0,211.9,84.0,55.9,4.4,0.3,2.5605326876513317,0.05447941888619855,0.05447941888619855,0.04630750605326877,0.033777239709443095,0.08008474576271186,10.681818181818182
503714,2025-26,676,Ugochukwu,Lesley,Ugochukwu,MID,3,3,Burnley,90,2330,27,97,5,374,3,3,2.5,0.41,2.91,3,51,52.82,0,0,0,0,1,1,412.2,181.5,210.0,80.2,5.0,0.1,3.746781115879828,0.11587982832618027,0.11587982832618027,0.09656652360515021,0.01583690987124463,0.11240343347639485,19.4
507433,2023-24,789,Valdimarsson,Hákon,Valdimarsson,GK,1,4,Brentford,94,0,0,0,0,0,0,0,0.0,0.0,0.0,0,0,0.0,0,0,0,0,0,0,0.0,0.0,0.0,0.0,4.0,0.0,,,,,,,0.0
507433,2024-25,109,Valdimarsson,Hákon,Valdimarsson,GK,1,4,Brentford,94,144,1,2,0,14,0,0,0.0,0.0,0.0,0,2,1.49,3,0,0,0,0,0,21.4,0.1,0.0,2.1,3.9,2.9,1.25,0.0,0.0,0.0,0.0,0.0,0.5128205128205129
507433,2025-26,105,Valdimarsson,Hákon Rafn,Valdimarsson,GK,1,5,Brentford,94,90,1,1,0,1,0,0,0.0,0.0,0.0,0,3,0.97,1,0,0,0,0,0,13.0,0.0,0.0,1.3,3.8,1.0,1.0,0.0,0.0,0.0,0.0,0.0,0.2631578947368421
508395,2023-24,120,Yarmoliuk,Yegor,Yarmoliuk,MID,3,4,Brentford,94,670,6,33,0,95,0,0,0.94,1.0,1.94,4,9,9.42,0,0,0,0,2,0,98.4,66.9,127.0,29.0,4.2,0.7,4.432835820895523,0.0,0.0,0.1262686567164179,0.13432835820895522,0.2605970149253731,7.857142857142857
508395,2024-25,111,Yarmoliuk,Yehor,Yarmoliuk,MID,3,4,Brentford,94,1435,15,43,0,255,0,0,0.62,0.91,1.53,3,25,26.43,0,0,0,0,6,0,259.6,196.1,89.0,54.4,4.3,2.3,2.696864111498258,0.0,0.0,0.03888501742160279,0.05707317073170732,0.0959581881533101,10.0
508395,2025-26,129,Yarmoliuk,Yehor,Yarmoliuk,MID,3,5,Brentford,94,2652,30,104,1,448,1,3,1.22,1.39,2.61,8,42,40.31,0,0,0,0,7,0,445.0,273.0,117.0,83.4,5.0,0.1,3.5294117647058822,0.03393665158371041,0.10180995475113123,0.041402714932126695,0.047171945701357465,0.08857466063348417,20.8
509416,2023-24,124,Ayari,Yasin,Ayari,MID,3,5,Brighton,36,0,0,0,0,0,0,0,0.0,0.0,0.0,0,0,0.0,0,0,0,0,0,0,0.0,0.0,0.0,0.0,4.5,0.0,,,,,,,0.0
509416,2024-25,600,Ayari,Yasin,Ayari,MID,3,5,Brighton,36,1958,22,74,3,358,2,1,2.51,2.62,5.13,7,28,30.15,0,0,0,0,4,0,363.2,507.5,247.0,111.7,5.0,0.1,3.4014300306435135,0.09193054136874362,0.04596527068437181,0.11537282941777323,0.12042900919305413,0.23580183861082737,14.8
509416,2025-26,166,Ayari,Yasin,Ayari,MID,3,6,Brighton,36,1921,20,98,7,406,3,4,2.7,1.15,3.85,6,24,26.85,0,0,0,0,1,0,359.8,251.3,231.0,84.5,4.8,0.4,4.591358667360749,0.14055179593961478,0.18740239458615304,0.12649661634565332,0.053878188443519,0.1803748047891723,20.416666666666668
510362,2023-24,573,Toti,Toti António,Gomes,DEF,2,20,Wolves,39,2771,31,82,6,468,1,4,1.62,0.63,2.25,4,49,53.46,0,0,0,0,7,0,550.0,117.7,167.0,83.7,4.4,0.3,2.6632984482136415,0.032479249368459036,0.12991699747383614,0.05261638397690365,0.020461927102129195,0.07307831107903284,18.636363636363633
510362,2024-25,567,Toti,Toti António,Gomes,DEF,2,20,Wolves,39,2613,30,79,8,370,0,1,0.73,0.6,1.33,8,45,41.65,0,0,0,0,7,0,617.2,144.2,102.0,86.5,4.3,0.3,2.7210103329506317,0.0,0.034443168771526984,0.025143513203214694,0.02066590126291619,0.045809414466130884,18.372093023255815
510362,2025-26,637,Toti,Toti,Gomes,DEF,2,20,Wolves,39,1423,17,41,0,140,0,0,0.53,0.29,0.82,1,33,25.43,0,0,0,0,1,1,349.0,92.7,73.0,51.7,4.2,0.1,2.5931131412508783,0.0,0.0,0.03352073085031623,0.018341531974701335,0.05186226282501757,9.761904761904761
512462,2023-24,235,O'Brien,Jake,O'Brien,DEF,2,8,Crystal Palace,31,0,0,0,0,0,0,0,0.0,0.0,0.0,0,0,0.0,0,0,0,0,0,0,0.0,0.0,0.0,0.0,4.0,0.0,,,,,,,0.0
512462,2024-25,582,O'Brien,Jake,O'Brien,DEF,2,8,Everton,11,1568,17,65,5,233,2,0,0.77,0.31,1.08,5,17,18.63,0,0,0,0,5,0,341.4,108.9,109.0,56.0,4.5,0.9,3.7308673469387754,0.11479591836734693,0.0,0.044196428571428574,0.017793367346938774,0.06198979591836735,14.444444444444445
512462,2025-26,293,O'Brien,Jake,O'Brien,DEF,2,9,Everton,11,3118,35,116,2,368,1,3,1.67,1.0,2.67,10,46,53.49,0,0,0,0,6,1,582.8,282.9,206.0,107.5,4.9,0.7,3.3483001924310454,0.028864656831302116,0.08659397049390635,0.048203976908274535,0.028864656831302116,0.07706863373957665,23.6734693877551
513418,2023-24,115,Schade,Kevin,Schade,MID,3,4,Brentford,94,327,3,33,2,81,2,2,1.29,0.72,2.01,1,5,3.58,0,0,0,0,0,0,105.8,58.3,100.0,26.2,5.2,0.1,9.08256880733945,0.5504587155963303,0.5504587155963303,0.3550458715596331,0.19816513761467888,0.5532110091743119,6.346153846153846
513418,2024-25,106,Schade,Kevin,Schade,MID,3,4,Brentford,94,2281,26,149,12,498,11,4,8.45,1.75,10.2,10,34,30.66,0,0,0,0,3,0,630.8,312.7,892.0,183.3,5.3,3.3,5.8790004384042085,0.4340201665935993,0.1578255151249452,0.33340640070144667,0.06904866286716352,0.4024550635686102,28.11320754716981
513418,2025-26,120,Schade,Kevin,Schade,MID,3,5,Brentford,94,2744,32,125,5,385,8,5,12.08,2.05,14.13,11,34,40.05,0,0,1,0,6,1,536.8,380.1,821.0,172.8,6.8,1.3,4.099854227405247,0.26239067055393583,0.1639941690962099,0.39620991253644317,0.06723760932944606,0.4634475218658893,18.38235294117647
514356,2023-24,667,Lavia,Roméo,Lavia,MID,3,7,Chelsea,8,32,0,1,0,2,0,0,0.0,0.01,0.01,0,0,0.33,0,0,0,0,0,0,3.6,1.9,0.0,0.6,4.9,0.0,2.8125,0.0,0.0,0.0,0.028125,0.028125,0.2040816326530612
514356,2024-25,174,Lavia,Roméo,Lavia,MID,3,6,Chelsea,8,792,11,26,0,125,0,1,0.25,0.38,0.63,3,11,14.33,0,0,0,0,4,0,113.2,121.7,7.0,24.4,4.5,0.4,2.954545454545455,0.0,0.11363636363636365,0.02840909090909091,0.04318181818181818,0.0715909090909091,5.777777777777778
514356,2025-26,244,Lavia,Roméo,Lavia,MID,3,7,Chelsea,8,374,4,13,0,81,0,0,0.21,0.55,0.76,0,10,8.53,0,0,0,0,0,0,34.4,46.6,14.0,9.5,4.9,0.0,3.128342245989305,0.0,0.0,0.050534759358288765,0.13235294117647062,0.18288770053475936,2.6530612244897958
515024,2023-24,683,Harris,Luke,Harris,MID,3,10,Fulham,54,74,0,2,0,2,0,0,0.28,0.01,0.29,0,5,2.26,0,0,0,0,0,0,3.2,0.7,17.0,2.1,4.5,0.0,2.4324324324324325,0.0,0.0,0.34054054054054056,0.012162162162162163,0.3527027027027027,0.4444444444444444
515024,2024-25,246,Harris,Luke,Harris,MID,3,9,Fulham,54,0,0,0,0,0,0,0,0.0,0.0,0.0,0,0,0.0,0,0,0,0,0,0,0.0,0.0,0.0,0.0,4.5,0.0,,,,,,,0.0
515024,2025-26,334,Harris,Luke,Harris,MID,3,10,Fulham,54,0,0,0,0,0,0,0,0.0,0.0,0.0,0,0,0.0,0,0,0,0,0,0,0.0,0.0,0.0,0.0,4.5,0.0,,,,,,,0.0
516895,2023-24,388,Mainoo,Kobbie,Mainoo,MID,3,14,Man Utd,1,1927,24,77,8,327,3,1,0.87,1.35,2.22,7,31,42.97,0,0,0,0,3,0,413.4,256.7,134.0,80.6,4.4,0.9,3.59626362221069,0.1401141670991178,0.046704722366372596,0.04063310845874416,0.06305137519460301,0.10368448365334718,17.5
516895,2024-25,378,Mainoo,Kobbie,Mainoo,MID,3,14,Man Utd,1,1646,19,42,0,229,0,0,0.84,1.78,2.62,5,27,25.23,0,0,0,0,5,0,196.6,250.8,137.0,58.8,5.2,1.7,2.296476306196841,0.0,0.0,0.04592952612393682,0.09732685297691372,0.14325637910085054,8.076923076923077
516895,2025-26,458,Mainoo,Kobbie,Mainoo,MID,3,14,Man Utd,1,1653,16,73,2,340,1,2,0.48,1.27,1.75,6,22,22.88,0,0,0,0,2,0,365.0,360.1,94.0,82.1,4.7,1.4,3.9745916515426494,0.054446460980036304,0.10889292196007261,0.02613430127041742,0.0691470054446461,0.09528130671506352,15.53191489361702
517052,2023-24,211,N.Jackson,Nicolas,Jackson,FWD,4,7,Chelsea,8,2801,31,142,12,479,14,6,18.14,3.0,21.14,9,48,47.46,0,0,0,0,10,0,783.8,501.7,1098.0,237.7,7.0,17.9,4.562656194216351,0.44983934309175294,0.19278828989646557,0.5828632631203142,0.09639414494823279,0.679257408068547,20.285714285714285
517052,2024-25,180,N.Jackson,Nicolas,Jackson,FWD,4,6,Chelsea,8,2220,28,121,17,417,10,6,11.68,1.9,13.58,11,24,28.47,0,0,0,0,7,1,546.4,368.3,976.0,187.4,7.7,6.2,4.905405405405405,0.40540540540540543,0.24324324324324326,0.4735135135135135,0.07702702702702702,0.5505405405405406,15.714285714285714
517052,2025-26,251,N.Jackson,Nicolas,Jackson,FWD,4,7,Chelsea,8,0,0,0,0,0,0,0,0.0,0.0,0.0,0,0,0.0,0,0,0,0,0,0,0.0,0.0,0.0,0.0,6.5,0.1,,,,,,,0.0
518438,2023-24,774,Casey,Kaelan,Casey,DEF,2,19,West Ham,21,1,0,1,0,3,0,0,0.0,0.0,0.0,0,0,0.0,0,0,0,0,0,0,2.0,0.0,0.0,0.2,4.0,0.0,90.0,0.0,0.0,0.0,0.0,0.0,0.25
518438,2024-25,643,Casey,Kaelan,Casey,DEF,2,19,West Ham,21,1,0,1,0,3,0,0,0.0,0.0,0.0,0,0,0.09,0,0,0,0,0,0,2.0,0.0,0.0,0.2,4.0,0.2,90.0,0.0,0.0,0.0,0.0,0.0,0.25
518438,2025-26,611,Casey,Kaelan,Casey,DEF,2,19,West Ham,21,0,0,0,0,0,0,0,0.0,0.0,0.0,0,0,0.0,0,0,0,0,0,0,0.0,0.0,0.0,0.0,4.0,0.1,,,,,,,0.0
518442,2023-24,773,Orford,Lewis,Orford,MID,3,19,West Ham,21,0,0,0,0,0,0,0,0.0,0.0,0.0,0,0,0.0,0,0,0,0,0,0,0.0,0.0,0.0,0.0,4.5,0.0,,,,,,,0.0
518442,2024-25,701,Orford,Lewis,Orford,MID,3,19,West Ham,21,47,0,2,0,13,0,0,0.03,0.04,0.07,0,1,1.23,0,0,0,0,0,0,6.4,27.6,6.0,4.0,4.5,0.0,3.829787234042553,0.0,0.0,0.0574468085106383,0.07659574468085106,0.13404255319148936,0.4444444444444444
518442,2025-26,622,Orford,Lewis,Orford,MID,3,19,West Ham,21,0,0,0,0,0,0,0,0.0,0.0,0.0,0,0,0.0,0,0,0,0,0,0,0.0,0.0,0.0,0.0,4.4,0.1,,,,,,,0.0
530318,2023-24,825,Rodney,Kaden,Rodney,MID,3,8,Crystal Palace,31,0,0,0,0,0,0,0,0.0,0.0,0.0,0,0,0.0,0,0,0,0,0,0,0.0,0.0,0.0,0.0,4.5,0.0,,,,,,,0.0
530318,2024-25,647,Rodney,Kaden,Rodney,MID,3,7,Crystal Palace,31,0,0,0,0,0,0,0,0.0,0.0,0.0,0,0,0.0,0,0,0,0,0,0,0.0,0.0,0.0,0.0,4.5,0.0,,,,,,,0.0
530318,2025-26,281,Rodney,Kaden,Rodney,MID,3,8,Crystal Palace,31,3,0,1,0,2,0,0,0.0,0.0,0.0,0,0,0.65,0,0,0,0,0,0,0.0,0.1,0.0,0.0,4.4,0.1,30.0,0.0,0.0,0.0,0.0,0.0,0.22727272727272727
531363,2023-24,704,Fraser,Nathan,Fraser,FWD,4,20,Wolves,39,183,1,7,0,17,0,0,0.32,0.06,0.38,1,3,3.25,0,0,0,0,1,0,22.4,29.2,36.0,8.6,4.5,0.1,3.4426229508196724,0.0,0.0,0.15737704918032785,0.029508196721311476,0.18688524590163935,1.5555555555555556
531363,2024-25,546,Fraser,Nathan,Fraser,FWD,4,20,Wolves,39,0,0,0,0,0,0,0,0.0,0.0,0.0,0,0,0.0,0,0,0,0,0,0,0.0,0.0,0.0,0.0,4.5,1.0,,,,,,,0.0
531363,2025-26,658,Fraser,Nathan,Fraser,FWD,4,20,Wolves,39,0,0,0,0,0,0,0,0.0,0.0,0.0,0,0,0.0,0,0,0,0,0,0,0.0,0.0,0.0,0.0,4.2,1.7,,,,,,,0.0
531989,2023-24,721,Ozoh,David,Ozoh,MID,3,8,Crystal Palace,31,148,0,8,0,27,0,0,0.0,0.01,0.01,0,5,3.06,0,0,0,0,1,0,25.2,4.0,0.0,2.9,4.5,0.0,4.864864864864865,0.0,0.0,0.0,0.006081081081081081,0.006081081081081081,1.7777777777777777
531989,2024-25,212,Ozoh,David,Ozoh,MID,3,7,Crystal Palace,31,0,0,0,0,0,0,0,0.0,0.0,0.0,0,0,0.0,0,0,0,0,0,0,0.0,0.0,0.0,0.0,4.5,0.0,,,,,,,0.0
531989,2025-26,280,Ozoh,David,Ozoh,MID,3,8,Crystal Palace,31,0,0,0,0,0,0,0,0.0,0.0,0.0,0,0,0.0,0,0,0,0,0,0,0.0,0.0,0.0,0.0,4.5,0.0,,,,,,,0.0
532529,2023-24,621,Hinshelwood,Jack,Hinshelwood,MID,3,5,Brighton,36,866,8,42,5,155,3,0,2.1,0.36,2.46,2,17,14.3,0,0,0,0,1,0,200.2,118.9,230.0,55.0,4.5,0.0,4.364896073903003,0.3117782909930716,0.0,0.21824480369515012,0.03741339491916859,0.2556581986143187,9.333333333333334
532529,2024-25,126,Hinshelwood,Jack,Hinshelwood,MID,3,5,Brighton,36,1839,22,89,8,404,5,3,2.74,1.5,4.24,6,30,30.09,0,0,0,0,5,0,394.6,268.1,304.0,97.0,4.9,0.1,4.355628058727569,0.2446982055464927,0.1468189233278956,0.134094616639478,0.0734094616639478,0.2075040783034258,18.163265306122447
532529,2025-26,163,Hinshelwood,Jack,Hinshelwood,MID,3,6,Brighton,36,1736,20,91,2,317,4,5,4.94,2.34,7.28,7,23,27.83,0,0,0,1,0,0,312.6,228.0,412.0,94.8,5.2,1.6,4.717741935483871,0.2073732718894009,0.25921658986175117,0.2561059907834102,0.12131336405529952,0.37741935483870964,17.5
532605,2023-24,186,Andrey,Andrey,Nascimento dos Santos,MID,3,7,Chelsea,8,7,0,1,0,1,0,0,0.06,0.0,0.06,0,0,0.02,0,0,0,0,0,0,0.0,0.5,3.0,0.2,4.2,0.1,12.857142857142856,0.0,0.0,0.7714285714285715,0.0,0.7714285714285715,0.23809523809523808
532605,2024-25,150,Andrey Santos,Andrey,Nascimento dos Santos,MID,3,6,Chelsea,8,0,0,0,0,0,0,0,0.0,0.0,0.0,0,0,0.0,0,0,0,0,0,0,0.0,0.0,0.0,0.0,4.5,0.0,,,,,,,0.0
532605,2025-26,246,Andrey Santos,Andrey,Nascimento dos Santos,MID,3,7,Chelsea,8,1247,13,47,3,257,1,0,2.0,0.88,2.88,1,18,18.91,0,0,0,0,4,0,229.6,153.9,91.0,47.5,4.4,0.3,3.392141138732959,0.07217321571772253,0.0,0.14434643143544507,0.06351242983159583,0.2078588612670409,10.681818181818182
533463,2023-24,78,O.Dango,Dango,Ouattara,MID,3,3,Bournemouth,91,1214,12,56,3,207,1,2,2.65,1.1,3.75,5,24,21.13,0,0,0,0,3,0,298.4,245.4,332.0,87.8,4.7,0.0,4.151565074135091,0.07413509060955518,0.14827018121911037,0.19645799011532125,0.08154859967051072,0.278006589785832,11.914893617021276
533463,2024-25,74,O.Dango,Dango,Ouattara,MID,3,3,Bournemouth,91,1998,21,111,7,432,7,4,8.42,3.24,11.66,7,23,31.96,0,0,0,0,3,0,624.6,496.8,754.0,187.2,4.5,0.9,5.0,0.3153153153153153,0.18018018018018017,0.3792792792792793,0.14594594594594595,0.5252252252252252,24.666666666666668
533463,2025-26,83,O.Dango,Dango,Ouattara,MID,3,5,Brentford,94,2271,25,136,16,429,7,8,7.94,4.12,12.06,6,35,34.75,0,0,0,0,5,0,509.8,422.8,702.0,162.8,5.6,1.6,5.3896961690885075,0.2774108322324967,0.31704095112285335,0.314663143989432,0.1632760898282695,0.4779392338177015,24.28571428571429
535301,2023-24,690,Baleba,Carlos,Baleba,MID,3,5,Brighton,36,1314,15,34,0,174,0,0,0.85,0.24,1.08,2,28,23.59,0,0,0,0,7,0,179.8,134.7,72.0,38.8,4.5,0.0,2.328767123287671,0.0,0.0,0.058219178082191785,0.016438356164383564,0.07397260273972603,7.555555555555555
535301,2024-25,115,Baleba,Carlos,Baleba,MID,3,5,Brighton,36,2660,31,87,7,490,3,1,3.1,1.21,4.31,8,40,39.54,0,0,0,0,6,1,515.4,343.7,193.0,105.2,5.0,0.2,2.943609022556391,0.10150375939849625,0.03383458646616542,0.10488721804511278,0.04093984962406015,0.14582706766917292,17.4
535301,2025-26,167,Baleba,Carlos,Baleba,MID,3,6,Brighton,36,1646,23,56,0,231,0,0,0.78,0.72,1.5,7,19,20.4,0,0,0,0,5,0,166.8,156.3,44.0,36.8,4.5,1.5,3.0619684082624543,0.0,0.0,0.042648845686512754,0.0393681652490887,0.08201701093560146,12.444444444444445
535818,2023-24,122,Adingra,Simon,Adingra,MID,3,5,Brighton,36,2220,25,97,8,330,6,1,4.19,3.26,7.45,4,38,36.64,0,0,0,0,3,0,477.6,507.8,751.0,173.4,5.0,0.6,3.9324324324324325,0.24324324324324326,0.04054054054054054,0.16986486486486488,0.13216216216216214,0.30202702702702705,19.4
535818,2024-25,113,Adingra,Simon,Adingra,MID,3,5,Brighton,36,1081,12,60,0,207,2,3,2.47,2.73,5.2,2,23,18.94,0,0,0,0,0,0,212.4,261.9,337.0,80.9,5.1,0.3,4.995374653098982,0.16651248843663274,0.24976873265494912,0.20564292321924146,0.2272895467160037,0.43293246993524515,11.764705882352942
535818,2025-26,543,Adingra,Simon,Adingra,MID,3,17,Sunderland,56,649,9,34,3,81,1,1,0.35,0.62,0.97,4,8,11.3,0,0,0,0,2,0,81.4,116.8,75.0,27.0,4.9,0.3,4.714946070878274,0.13867488443759632,0.13867488443759632,0.0485362095531587,0.08597842835130971,0.1345146379044684,6.938775510204081
535928,2023-24,292,Bajcetic,Stefan,Bajcetic,MID,3,11,Liverpool,14,25,0,1,0,3,0,0,0.0,0.0,0.0,0,2,0.88,0,0,0,0,0,0,7.8,0.3,0.0,0.8,4.7,0.0,3.6,0.0,0.0,0.0,0.0,0.0,0.2127659574468085
535928,2024-25,312,Bajcetic,Stefan,Bajčetić Maquieira,MID,3,12,Liverpool,14,0,0,0,0,0,0,0,0.0,0.0,0.0,0,0,0.0,0,0,0,0,0,0,0.0,0.0,0.0,0.0,4.5,0.0,,,,,,,0.0
535928,2025-26,393,Bajcetic,Stefan,Bajčetić Maquieira,MID,3,12,Liverpool,14,0,0,0,0,0,0,0,0.0,0.0,0.0,0,0,0.0,0,0,0,0,0,0,0.0,0.0,0.0,0.0,4.2,0.2,,,,,,,0.0
536109,2023-24,784,Scarles,Oliver,Scarles,DEF,2,19,West Ham,21,0,0,0,0,0,0,0,0.0,0.0,0.0,0,0,0.0,0,0,0,0,0,0,0.0,0.0,0.0,0.0,4.0,0.0,,,,,,,0.0
536109,2024-25,677,Scarles,Ollie,Scarles,DEF,2,19,West Ham,21,659,7,29,2,98,0,0,0.11,0.18,0.29,2,9,10.12,0,0,0,0,1,0,106.4,54.3,24.0,18.6,4.0,0.1,3.960546282245827,0.0,0.0,0.015022761760242793,0.024582701062215478,0.03960546282245827,7.25
536109,2025-26,608,Scarles,Ollie,Scarles,DEF,2,19,West Ham,21,656,9,21,0,88,0,1,0.18,0.32,0.5,0,16,13.38,0,0,0,0,2,0,142.2,82.1,22.0,24.6,4.3,0.0,2.88109756097561,0.0,0.13719512195121952,0.02469512195121951,0.04390243902439024,0.06859756097560976,4.883720930232558
536694,2023-24,615,Matheus França,Matheus,França de Oliveira,MID,3,8,Crystal Palace,31,224,1,16,0,47,0,2,0.33,0.46,0.79,0,7,3.49,0,0,0,0,1,0,36.4,77.7,53.0,16.5,4.8,0.0,6.428571428571428,0.0,0.8035714285714285,0.13258928571428572,0.18482142857142855,0.3174107142857143,3.3333333333333335
536694,2024-25,208,M.França,Matheus,França de Oliveira,MID,3,7,Crystal Palace,31,52,0,9,0,34,1,0,0.28,0.18,0.46,0,0,0.4,0,0,0,0,0,0,48.4,1.2,66.0,11.5,4.4,0.2,15.576923076923077,1.7307692307692308,0.0,0.48461538461538467,0.3115384615384615,0.7961538461538462,2.0454545454545454
536694,2025-26,279,M.França,Matheus,França de Oliveira,MID,3,8,Crystal Palace,31,0,0,0,0,0,0,0,0.0,0.0,0.0,0,0,0.0,0,0,0,0,0,0,0.0,0.0,0.0,0.0,4.5,0.0,,,,,,,0.0
536916,2023-24,125,Buonanotte,Facundo,Buonanotte,MID,3,5,Brighton,36,1356,17,57,1,160,3,1,2.34,1.16,3.5,6,19,21.14,0,0,0,0,7,0,254.8,291.3,238.0,78.4,4.7,0.1,3.783185840707965,0.19911504424778761,0.0663716814159292,0.15530973451327432,0.07699115044247787,0.2323008849557522,12.127659574468085
536916,2024-25,117,Buonanotte,Facundo,Buonanotte,MID,3,11,Leicester,13,1508,14,75,6,299,5,2,4.01,2.29,6.3,2,33,29.23,0,0,0,0,8,0,415.8,415.8,318.0,114.7,4.5,0.4,4.476127320954907,0.2984084880636605,0.11936339522546419,0.2393236074270557,0.1366710875331565,0.3759946949602122,16.666666666666668
536916,2025-26,168,Buonanotte,Facundo,Buonanotte,MID,3,11,Leeds,2,81,1,3,0,9,0,0,0.06,0.28,0.34,0,4,2.51,0,0,0,0,1,0,13.2,40.0,21.0,7.4,4.6,0.1,3.333333333333333,0.0,0.0,0.06666666666666667,0.3111111111111111,0.37777777777777777,0.6521739130434783
537403,2023-24,865,Young,Kadan,Young,MID,3,2,Aston Villa,7,0,0,0,0,0,0,0,0.0,0.0,0.0,0,0,0.0,0,0,0,0,0,0,0.0,0.0,0.0,0.0,4.5,0.0,,,,,,,0.0
537403,2024-25,656,Young,Kadan,Young,MID,3,2,Aston Villa,7,0,0,0,0,0,0,0,0.0,0.0,0.0,0,0,0.0,0,0,0,0,0,0,0.0,0.0,0.0,0.0,4.4,0.2,,,,,,,0.0
537403,2025-26,63,Young,Kadan,Young,MID,3,2,Aston Villa,7,0,0,0,0,0,0,0,0.0,0.0,0.0,0,0,0.0,0,0,0,0,0,0,0.0,0.0,0.0,0.0,4.3,0.5,,,,,,,0.0
538207,2023-24,490,Osula,William,Osula,FWD,4,17,Sheffield Utd,49,778,9,25,0,27,0,1,1.64,0.15,1.79,0,23,20.19,0,0,0,0,4,0,27.0,24.9,200.0,24.4,4.2,0.8,2.892030848329049,0.0,0.11568123393316194,0.18971722365038557,0.01735218508997429,0.2070694087403599,5.9523809523809526
538207,2024-25,590,Osula,William,Osula,FWD,4,15,Newcastle,4,124,0,19,1,59,1,0,0.16,0.05,0.21,0,3,3.18,0,0,0,0,0,0,42.4,25.1,37.0,10.5,4.9,0.2,13.790322580645162,0.7258064516129032,0.0,0.11612903225806452,0.036290322580645164,0.15241935483870966,3.877551020408163
538207,2025-26,500,Osula,William,Osula,FWD,4,15,Newcastle,4,805,8,76,13,284,7,1,4.28,0.62,4.9,2,14,14.48,0,0,0,0,0,0,256.6,82.6,284.0,62.2,5.5,2.1,8.49689440993789,0.782608695652174,0.11180124223602485,0.4785093167701864,0.0693167701863354,0.5478260869565218,13.818181818181818
544877,2023-24,595,Kerkez,Milos,Kerkez,DEF,2,3,Bournemouth,91,1966,22,59,1,290,0,2,1.32,1.06,2.38,6,37,36.85,0,0,0,1,4,1,310.0,216.5,150.0,67.7,4.4,0.3,2.700915564598169,0.0,0.09155645981688708,0.060427263479145475,0.048524923702950154,0.10895218718209562,13.409090909090908
544877,2024-25,70,Kerkez,Milos,Kerkez,DEF,2,3,Bournemouth,91,3336,38,134,10,550,2,6,0.6,2.57,3.17,9,45,48.69,0,0,0,0,4,0,694.0,642.0,238.0,157.3,5.3,20.0,3.615107913669065,0.0539568345323741,0.16187050359712232,0.01618705035971223,0.06933453237410071,0.08552158273381294,25.28301886792453
544877,2025-26,371,Kerkez,Milos,Kerkez,DEF,2,12,Liverpool,14,2251,27,85,4,357,2,1,1.5,0.69,2.19,6,37,30.1,0,0,0,0,4,0,434.6,415.8,141.0,99.4,5.6,2.9,3.3984895601954688,0.07996446023989337,0.039982230119946685,0.05997334517992004,0.027587738782763212,0.08756108396268325,15.178571428571429
545477,2023-24,634,A.Murphy,Alex,Murphy,DEF,2,15,Newcastle,4,11,0,2,0,6,0,0,0.0,0.0,0.0,0,0,0.08,0,0,0,0,0,0,2.6,1.0,0.0,0.3,3.9,0.4,16.363636363636363,0.0,0.0,0.0,0.0,0.0,0.5128205128205129
545477,2024-25,390,A.Murphy,Alex,Murphy,DEF,2,15,Newcastle,4,0,0,0,0,0,0,0,0.0,0.0,0.0,0,0,0.0,0,0,0,0,0,0,0.0,0.0,0.0,0.0,4.0,0.5,,,,,,,0.0
545477,2025-26,481,A.Murphy,Alex,Murphy,DEF,2,15,Newcastle,4,7,0,2,0,3,0,0,0.0,0.0,0.0,0,1,0.49,0,0,0,0,0,0,10.2,0.6,2.0,1.3,3.8,0.7,25.71428571428571,0.0,0.0,0.0,0.0,0.0,0.5263157894736842
547719,2023-24,635,Miley,Lewis,Miley,MID,3,15,Newcastle,4,1203,14,44,1,232,1,3,1.22,1.08,2.3,1,29,30.2,0,0,0,0,1,0,237.4,192.8,136.0,56.7,4.5,0.1,3.291770573566085,0.07481296758104738,0.22443890274314213,0.09127182044887781,0.08079800498753117,0.17206982543640897,9.777777777777779
547719,2024-25,411,Miley,Lewis,Miley,MID,3,15,Newcastle,4,304,1,21,1,88,1,0,0.57,0.3,0.87,0,4,5.68,0,0,0,0,0,0,87.4,33.5,45.0,16.7,5.0,0.0,6.217105263157896,0.29605263157894735,0.0,0.16874999999999998,0.08881578947368421,0.2575657894736842,4.2
547719,2025-26,497,L.Miley,Lewis,Miley,MID,3,15,Newcastle,4,1493,15,72,5,334,1,4,1.36,2.1,3.46,2,22,21.22,0,0,0,0,0,0,342.6,251.4,136.0,73.0,4.4,1.7,4.340254521098459,0.060281312793034156,0.24112525117213662,0.08198258539852646,0.12659075686537175,0.20857334226389818,16.363636363636363
548308,2023-24,702,Phillips,Ashley,Phillips,DEF,2,18,Spurs,6,0,0,0,0,0,0,0,0.0,0.0,0.0,0,0,0.0,0,0,0,0,0,0,0.0,0.0,0.0,0.0,4.0,0.1,,,,,,,0.0
548308,2024-25,478,A.Phillips,Ashley,Phillips,DEF,2,18,Spurs,6,0,0,0,0,0,0,0,0.0,0.0,0.0,0,0,0.0,0,0,0,0,0,0,0.0,0.0,0.0,0.0,4.0,0.1,,,,,,,0.0
548308,2025-26,576,Phillips,Ashley,Phillips,DEF,2,18,Spurs,6,0,0,0,0,0,0,0,0.0,0.0,0.0,0,0,0.0,0,0,0,0,0,0,0.0,0.0,0.0,0.0,4.0,0.0,,,,,,,0.0
550596,2023-24,811,Sadi,Dominic,Sadi,MID,3,3,Bournemouth,91,1,0,1,0,3,0,0,0.0,0.0,0.0,0,0,0.0,0,0,0,0,0,0,0.0,0.0,0.0,0.0,4.5,0.0,90.0,0.0,0.0,0.0,0.0,0.0,0.2222222222222222
550596,2024-25,723,Sadi,Dominic,Sadi,MID,3,3,Bournemouth,91,0,0,0,0,0,0,0,0.0,0.0,0.0,0,0,0.0,0,0,0,0,0,0,0.0,0.0,0.0,0.0,4.5,0.0,,,,,,,0.0
550596,2025-26,94,Sadi,Dominic,Sadi,MID,3,4,Bournemouth,91,0,0,0,0,0,0,0,0.0,0.0,0.0,0,0,0.0,0,0,0,0,0,0,0.0,0.0,0.0,0.0,4.5,0.0,,,,,,,0.0
550615,2023-24,851,George,Tyrique,George,FWD,4,7,Chelsea,8,0,0,0,0,0,0,0,0.0,0.0,0.0,0,0,0.0,0,0,0,0,0,0,0.0,0.0,0.0,0.0,4.5,0.0,,,,,,,0.0
550615,2024-25,696,George,Tyrique,George,MID,3,6,Chelsea,8,177,1,17,0,55,1,1,0.2,0.26,0.46,1,0,1.41,0,0,0,0,1,0,67.4,72.7,32.0,17.1,4.5,0.0,8.64406779661017,0.5084745762711864,0.5084745762711864,0.1016949152542373,0.13220338983050847,0.23389830508474577,3.7777777777777777
550615,2025-26,243,George,Tyrique,George,MID,3,9,Everton,11,351,1,16,0,55,0,0,0.64,1.19,1.83,1,9,6.49,0,0,0,0,2,0,44.2,66.2,132.0,23.9,4.8,0.1,4.102564102564103,0.0,0.0,0.1641025641025641,0.3051282051282051,0.46923076923076923,3.3333333333333335
550839,2023-24,660,Odobert,Wilson,Odobert,MID,3,6,Burnley,90,2095,25,82,3,303,3,4,2.75,3.32,6.07,2,48,45.35,0,0,0,0,3,0,331.0,435.4,445.0,121.1,5.0,0.1,3.522673031026253,0.1288782816229117,0.17183770883054894,0.11813842482100238,0.1426252983293556,0.260763723150358,16.4
550839,2024-25,612,Odobert,Wilson,Odobert,MID,3,18,Spurs,6,843,9,34,3,92,1,0,1.63,0.76,2.39,1,20,16.29,0,0,0,0,0,0,101.2,108.6,156.0,36.7,5.3,0.0,3.629893238434164,0.10676156583629894,0.0,0.17402135231316726,0.08113879003558719,0.25516014234875445,6.415094339622642
550839,2025-26,588,Odobert,Wilson,Odobert,MID,3,18,Spurs,6,972,10,46,6,176,0,2,1.92,1.21,3.13,2,13,14.24,0,0,0,0,0,0,158.8,284.3,234.0,67.6,5.3,0.0,4.2592592592592595,0.0,0.1851851851851852,0.17777777777777778,0.11203703703703703,0.2898148148148148,8.679245283018869
564510,2023-24,418,Kuol,Garang,Kuol,MID,3,15,Newcastle,4,0,0,0,0,0,0,0,0.0,0.0,0.0,0,0,0.0,0,0,0,0,0,0,0.0,0.0,0.0,0.0,4.5,0.0,,,,,,,0.0
564510,2024-25,406,Kuol,Garang,Kuol,MID,3,15,Newcastle,4,0,0,0,0,0,0,0,0.0,0.0,0.0,0,0,0.0,0,0,0,0,0,0,0.0,0.0,0.0,0.0,4.4,0.1,,,,,,,0.0
564510,2025-26,496,Kuol,Garang,Kuol,MID,3,15,Newcastle,4,0,0,0,0,0,0,0,0.0,0.0,0.0,0,0,0.0,0,0,0,0,0,0,0.0,0.0,0.0,0.0,4.4,0.0,,,,,,,0.0
568791,2023-24,855,McKenna,Callan,McKenna,GK,1,3,Bournemouth,91,0,0,0,0,0,0,0,0.0,0.0,0.0,0,0,0.0,0,0,0,0,0,0,0.0,0.0,0.0,0.0,4.0,0.0,,,,,,,0.0
568791,2024-25,727,McKenna,Callan,McKenna,GK,1,3,Bournemouth,91,0,0,0,0,0,0,0,0.0,0.0,0.0,0,0,0.0,0,0,0,0,0,0,0.0,0.0,0.0,0.0,4.0,0.0,,,,,,,0.0
568791,2025-26,69,McKenna,Callan,McKenna,GK,1,4,Bournemouth,91,0,0,0,0,0,0,0,0.0,0.0,0.0,0,0,0.0,0,0,0,0,0,0,0.0,0.0,0.0,0.0,3.9,0.2,,,,,,,0.0
570241,2023-24,725,Kim Ji-Soo,Ji-Soo,Kim,DEF,2,4,Brentford,94,0,0,0,0,0,0,0,0.0,0.0,0.0,0,0,0.0,0,0,0,0,0,0,0.0,0.0,0.0,0.0,4.0,0.0,,,,,,,0.0
570241,2024-25,96,Ji-soo,Kim,Ji-soo,DEF,2,4,Brentford,94,28,0,3,0,8,0,0,0.0,0.0,0.0,0,0,0.32,0,0,0,0,0,0,5.0,0.8,0.0,0.6,3.9,0.3,9.642857142857142,0.0,0.0,0.0,0.0,0.0,0.7692307692307693
570241,2025-26,117,Ji-soo,Kim,Ji-soo,DEF,2,5,Brentford,94,0,0,0,0,0,0,0,0.0,0.0,0.0,0,0,0.0,0,0,0,0,0,0,0.0,0.0,0.0,0.0,3.9,0.1,,,,,,,0.0
574398,2023-24,821,Umeh-Chibueze,Franco,Umeh-Chibueze,FWD,4,8,Crystal Palace,31,0,0,0,0,0,0,0,0.0,0.0,0.0,0,0,0.0,0,0,0,0,0,0,0.0,0.0,0.0,0.0,4.5,0.0,,,,,,,0.0
574398,2024-25,644,Umeh-Chibueze,Franco,Umeh-Chibueze,MID,3,7,Crystal Palace,31,0,0,0,0,0,0,0,0.0,0.0,0.0,0,0,0.0,0,0,0,0,0,0,0.0,0.0,0.0,0.0,4.4,0.0,,,,,,,0.0
574398,2025-26,282,Umeh,Franco,Umeh-Chibueze,MID,3,8,Crystal Palace,31,0,0,0,0,0,0,0,0.0,0.0,0.0,0,0,0.0,0,0,0,0,0,0,0.0,0.0,0.0,0.0,4.5,0.0,,,,,,,0.0
575034,2023-24,850,Wheatley,Ethan,Wheatley,FWD,4,14,Man Utd,1,13,0,3,0,6,0,0,0.0,0.0,0.0,0,0,0.32,0,0,0,0,0,0,2.0,0.0,0.0,0.2,4.5,0.0,20.76923076923077,0.0,0.0,0.0,0.0,0.0,0.6666666666666666
575034,2024-25,648,Wheatley,Ethan,Wheatley,FWD,4,14,Man Utd,1,0,0,0,0,0,0,0,0.0,0.0,0.0,0,0,0.0,0,0,0,0,0,0,0.0,0.0,0.0,0.0,4.5,1.0,,,,,,,0.0
575034,2025-26,468,Wheatley,Ethan,Wheatley,FWD,4,14,Man Utd,1,0,0,0,0,0,0,0,0.0,0.0,0.0,0,0,0.0,0,0,0,0,0,0,0.0,0.0,0.0,0.0,4.5,0.1,,,,,,,0.0
575476,2023-24,696,Murillo,Murillo,Santiago Costa dos Santos,DEF,2,16,Nott'm Forest,17,2790,32,58,1,451,0,2,1.78,0.64,2.42,3,56,42.99,0,0,0,1,5,0,678.4,115.0,164.0,95.8,4.5,0.3,1.8709677419354838,0.0,0.06451612903225806,0.057419354838709684,0.02064516129032258,0.07806451612903226,12.88888888888889
575476,2024-25,436,Murillo,Murillo,Santiago Costa dos Santos,DEF,2,16,Nott'm Forest,17,3188,36,130,18,541,2,0,1.47,1.15,2.62,12,44,47.42,0,0,0,0,6,0,927.2,211.2,201.0,134.0,4.7,4.1,3.670012547051443,0.05646173149309912,0.0,0.041499372647427854,0.03246549560853199,0.07396486825595985,27.659574468085104
575476,2025-26,506,Murillo,Murillo,Costa dos Santos,DEF,2,16,Nott'm Forest,17,2130,25,83,3,333,1,0,0.73,0.47,1.2,6,29,32.99,0,0,0,2,5,0,542.2,115.5,82.0,74.0,5.2,1.8,3.5070422535211265,0.04225352112676056,0.0,0.03084507042253521,0.019859154929577464,0.05070422535211268,15.961538461538462
577016,2023-24,838,Acheampong,Josh,Acheampong,DEF,2,7,Chelsea,8,5,0,1,0,4,0,0,0.0,0.0,0.0,0,0,0.57,0,0,0,0,0,0,15.0,0.0,0.0,1.5,4.0,0.0,18.0,0.0,0.0,0.0,0.0,0.0,0.25
577016,2024-25,697,Acheampong,Josh,Acheampong,DEF,2,6,Chelsea,8,168,2,4,0,8,0,0,0.22,0.01,0.23,0,3,2.09,0,0,0,0,1,0,13.6,2.5,13.0,2.9,4.0,0.1,2.142857142857143,0.0,0.0,0.11785714285714285,0.005357142857142857,0.12321428571428572,1.0
577016,2025-26,233,Acheampong,Josh,Acheampong,DEF,2,7,Chelsea,8,657,8,39,5,118,1,0,0.62,0.13,0.75,2,13,15.66,0,0,0,0,1,0,132.6,40.9,70.0,24.4,3.7,1.8,5.342465753424658,0.136986301369863,0.0,0.08493150684931507,0.01780821917808219,0.10273972602739725,10.54054054054054
577725,2023-24,810,King,Joshua,King,MID,3,10,Fulham,54,0,0,0,0,0,0,0,0.0,0.0,0.0,0,0,0.0,0,0,0,0,0,0,0.0,0.0,0.0,0.0,4.5,0.0,,,,,,,0.0
577725,2024-25,604,King,Josh,King,MID,3,9,Fulham,54,126,1,10,0,30,0,0,0.28,0.67,0.95,1,0,0.74,0,0,0,0,0,0,26.2,45.7,38.0,11.2,4.4,0.1,7.142857142857142,0.0,0.0,0.2,0.47857142857142865,0.6785714285714285,2.2727272727272725
577725,2025-26,335,King,Josh,King,MID,3,10,Fulham,54,1290,15,63,3,225,1,3,2.47,0.66,3.13,5,18,18.97,0,0,0,0,4,0,207.4,198.7,336.0,73.3,4.4,1.6,4.395348837209302,0.06976744186046512,0.20930232558139533,0.17232558139534884,0.04604651162790698,0.2183720930232558,14.318181818181817
577974,2023-24,846,Amass,Harry,Amass,DEF,2,14,Man Utd,1,0,0,0,0,0,0,0,0.0,0.0,0.0,0,0,0.0,0,0,0,0,0,0,0.0,0.0,0.0,0.0,4.0,0.0,,,,,,,0.0
577974,2024-25,670,Amass,Harry,Amass,DEF,2,14,Man Utd,1,345,4,4,0,1,0,0,0.07,0.07,0.14,0,9,6.3,0,0,0,0,0,0,40.0,26.5,15.0,8.2,4.0,0.1,1.0434782608695652,0.0,0.0,0.018260869565217393,0.018260869565217393,0.036521739130434785,1.0
577974,2025-26,445,Amass,Harry,Amass,DEF,2,14,Man Utd,1,0,0,0,0,0,0,0,0.0,0.0,0.0,0,0,0.0,0,0,0,0,0,0,0.0,0.0,0.0,0.0,4.0,0.1,,,,,,,0.0
589507,2023-24,836,Chiwome,Leon,Chiwome,FWD,4,20,Wolves,39,173,2,5,0,12,0,0,0.1,0.02,0.12,0,4,1.89,0,0,0,0,0,0,7.8,1.2,13.0,2.2,4.5,0.0,2.601156069364162,0.0,0.0,0.05202312138728324,0.010404624277456647,0.06242774566473988,1.1111111111111112
589507,2024-25,539,Chiwome,Leon,Chiwome,FWD,4,20,Wolves,39,0,0,0,0,0,0,0,0.0,0.0,0.0,0,0,0.0,0,0,0,0,0,0,0.0,0.0,0.0,0.0,4.4,1.1,,,,,,,0.0
589507,2025-26,657,Chiwome,Leon,Chiwome,FWD,4,20,Wolves,39,0,0,0,0,0,0,0,0.0,0.0,0.0,0,0,0.0,0,0,0,0,0,0,0.0,0.0,0.0,0.0,4.4,0.0,,,,,,,0.0
591357,2023-24,118,Trevitt,Ryan,Trevitt,MID,3,4,Brentford,94,0,0,0,0,0,0,0,0.0,0.0,0.0,0,0,0.0,0,0,0,0,0,0,0.0,0.0,0.0,0.0,4.5,0.0,,,,,,,0.0
591357,2024-25,602,Trevitt,Ryan,Trevitt,MID,3,4,Brentford,94,3,0,1,0,5,0,0,0.0,0.0,0.0,0,0,0.0,0,0,0,0,0,0,2.6,0.1,0.0,0.3,4.4,0.0,30.0,0.0,0.0,0.0,0.0,0.0,0.22727272727272727
591357,2025-26,134,Trevitt,Ryan,Trevitt,MID,3,5,Brentford,94,0,0,0,0,0,0,0,0.0,0.0,0.0,0,0,0.0,0,0,0,0,0,0,0.0,0.0,0.0,0.0,4.5,0.0,,,,,,,0.0
591386,2023-24,743,Nyoni,Treymaurice,Nyoni,MID,3,11,Liverpool,14,0,0,0,0,0,0,0,0.0,0.0,0.0,0,0,0.0,0,0,0,0,0,0,0.0,0.0,0.0,0.0,4.5,0.0,,,,,,,0.0
591386,2024-25,688,Nyoni,Treymaurice,Nyoni,MID,3,12,Liverpool,14,0,0,0,0,0,0,0,0.0,0.0,0.0,0,0,0.0,0,0,0,0,0,0,0.0,0.0,0.0,0.0,4.5,0.0,,,,,,,0.0
591386,2025-26,396,Nyoni,Trey,Nyoni,MID,3,12,Liverpool,14,21,0,6,0,11,0,0,0.37,0.02,0.39,0,1,0.85,0,0,0,0,0,0,4.2,13.4,4.0,2.1,4.3,0.3,25.71428571428571,0.0,0.0,1.5857142857142856,0.08571428571428572,1.6714285714285715,1.3953488372093024
593001,2023-24,698,González,Enso,González,MID,3,20,Wolves,39,1,0,1,0,3,0,0,0.0,0.0,0.0,0,0,0.0,0,0,0,0,0,0,0.2,0.8,0.0,0.1,5.0,0.0,90.0,0.0,0.0,0.0,0.0,0.0,0.2
593001,2024-25,547,Gonzalez,Enso,González,MID,3,20,Wolves,39,0,0,0,0,0,0,0,0.0,0.0,0.0,0,0,0.0,0,0,0,0,0,0,0.0,0.0,0.0,0.0,4.4,0.0,,,,,,,0.0
593001,2025-26,652,Gonzalez,Enso,González Medina,MID,3,20,Wolves,39,0,0,0,0,0,0,0,0.0,0.0,0.0,0,0,0.0,0,0,0,0,0,0,0.0,0.0,0.0,0.0,4.3,1.2,,,,,,,0.0
611926,2023-24,837,Nallo,Amara,Nallo,DEF,2,11,Liverpool,14,0,0,0,0,0,0,0,0.0,0.0,0.0,0,0,0.0,0,0,0,0,0,0,0.0,0.0,0.0,0.0,4.0,0.0,,,,,,,0.0
611926,2024-25,692,Nallo,Amara,Nallo,DEF,2,12,Liverpool,14,0,0,0,0,0,0,0,0.0,0.0,0.0,0,0,0.0,0,0,0,0,0,0,0.0,0.0,0.0,0.0,4.0,0.0,,,,,,,0.0
611926,2025-26,378,Nallo,Amara,Nallo,DEF,2,12,Liverpool,14,0,0,0,0,0,0,0,0.0,0.0,0.0,0,0,0.0,0,0,0,0,0,0,0.0,0.0,0.0,0.0,3.7,0.9,,,,,,,0.0
612534,2023-24,797,Fredrick,Benjamin,Fredrick,DEF,2,4,Brentford,94,0,0,0,0,0,0,0,0.0,0.0,0.0,0,0,0.0,0,0,0,0,0,0,0.0,0.0,0.0,0.0,4.0,0.0,,,,,,,0.0
612534,2024-25,786,Benjamin Fredrick,Benjamin,Fredrick,DEF,2,4,Brentford,94,0,0,0,0,0,0,0,0.0,0.0,0.0,0,0,0.0,0,0,0,0,0,0,0.0,0.0,0.0,0.0,4.0,0.0,,,,,,,0.0
612534,2025-26,115,Fredrick,Benjamin,Fredrick,DEF,2,5,Brentford,94,0,0,0,0,0,0,0,0.0,0.0,0.0,0,0,0.0,0,0,0,0,0,0,0.0,0.0,0.0,0.0,4.0,0.1,,,,,,,0.0
622536,2023-24,834,Arthur,Benjamin,Arthur,DEF,2,4,Brentford,94,0,0,0,0,0,0,0,0.0,0.0,0.0,0,0,0.0,0,0,0,0,0,0,0.0,0.0,0.0,0.0,4.0,0.0,,,,,,,0.0
622536,2024-25,705,Arthur,Benjamin,Arthur,DEF,2,4,Brentford,94,0,0,0,0,0,0,0,0.0,0.0,0.0,0,0,0.0,0,0,0,0,0,0,0.0,0.0,0.0,0.0,4.0,0.0,,,,,,,0.0
622536,2025-26,114,Arthur,Benjamin,Arthur,DEF,2,5,Brentford,94,0,0,0,0,0,0,0,0.0,0.0,0.0,0,0,0.0,0,0,0,0,0,0,0.0,0.0,0.0,0.0,3.8,0.2,,,,,,,0.0
628204,2023-24,864,Konak,Yunus,Konak,MID,3,4,Brentford,94,0,0,0,0,0,0,0,0.0,0.0,0.0,0,0,0.0,0,0,0,0,0,0,0.0,0.0,0.0,0.0,4.5,0.0,,,,,,,0.0
628204,2024-25,97,Konak,Yunus Emre,Konak,MID,3,4,Brentford,94,53,0,10,0,30,0,0,0.15,0.0,0.15,0,2,1.79,0,0,0,0,0,0,8.0,4.5,3.0,1.2,4.4,0.1,16.9811320754717,0.0,0.0,0.25471698113207547,0.0,0.25471698113207547,2.2727272727272725
628204,2025-26,131,Konak,Yunus Emre,Konak,MID,3,5,Brentford,94,0,0,0,0,0,0,0,0.0,0.0,0.0,0,0,0.0,0,0,0,0,0,0,0.0,0.0,0.0,0.0,4.3,0.1,,,,,,,0.0
