assists,bonus,bps,clean_sheets,creativity,element_code,end_cost,expected_assists,expected_goal_involvements,expected_goals,expected_goals_conceded,goals_conceded,goals_scored,ict_index,influence,minutes,own_goals,penalties_missed,penalties_saved,red_cards,saves,season_name,start_cost,starts,threat,total_points,yellow_cards
2,3,603,6,0.0,80801,46,0.00000,0.00000,0.00000,0.00000,65,0,0.0,0.0,3071,0,0,0,0,0,2015/16,50,0,0.0,74,10
2,9,540,9,434.1,80801,50,0.00000,0.00000,0.00000,0.00000,31,1,122.9,555.8,2681,0,0,0,0,0,2016/17,50,0,237.0,80,11
2,7,552,9,303.6,80801,48,0.00000,0.00000,0.00000,0.00000,45,2,104.6,577.0,2749,0,0,0,1,0,2017/18,50,0,166.0,87,6
2,0,472,13,311.3,80801,47,0.00000,0.00000,0.00000,0.00000,31,0,111.1,629.2,2821,0,0,0,0,0,2018/19,50,0,168.0,78,6
0,0,0,0,0.0,80801,50,0.00000,0.00000,0.00000,0.00000,0,0,0.0,0.0,0,0,0,0,0,0,2019/20,50,0,0.0,0,0
