assists,bonus,bps,clean_sheets,creativity,element_code,end_cost,expected_assists,expected_goal_involvements,expected_goals,expected_goals_conceded,goals_conceded,goals_scored,ict_index,influence,minutes,own_goals,penalties_missed,penalties_saved,red_cards,saves,season_name,start_cost,starts,threat,total_points,yellow_cards
1,3,25,2,0.0,118748,55,0.00000,0.00000,0.00000,0.00000,2,2,0.0,0.0,501,0,0,0,0,0,2013/14,65,0,0.0,31,1
0,0,5,0,0.0,118748,60,0.00000,0.00000,0.00000,0.00000,3,0,0.0,0.0,33,0,0,0,0,0,2014/15,65,0,0.0,3,0
12,26,881,15,942.5,118748,106,0.00000,0.00000,0.00000,0.00000,29,32,454.4,1496.2,2905,0,1,0,0,0,2017/18,90,0,2109.0,303,1
12,18,687,21,973.9,118748,132,0.00000,0.00000,0.00000,0.00000,20,22,432.7,1186.8,3254,0,0,0,0,0,2018/19,130,0,2168.0,259,1
10,26,661,16,834.8,118748,125,0.00000,0.00000,0.00000,0.00000,26,19,405.1,1061.2,2879,0,0,0,0,0,2019/20,125,0,2156.0,233,1
6,21,657,11,825.7,118748,129,0.00000,0.00000,0.00000,0.00000,41,22,385.8,1056.0,3077,0,0,0,0,0,2020/21,120,0,1980.0,231,0
14,29,756,17,875.9,118748,131,0.00000,0.00000,0.00000,0.00000,22,23,434.8,1241.0,2758,0,1,0,0,0,2021/22,125,0,2230.0,265,1
