assists,bonus,bps,clean_sheets,creativity,element_code,end_cost,expected_assists,expected_goal_involvements,expected_goals,expected_goals_conceded,goals_conceded,goals_scored,ict_index,influence,minutes,own_goals,penalties_missed,penalties_saved,red_cards,saves,season_name,start_cost,starts,threat,total_points,yellow_cards
0,0,23,0,29.7,200641,47,0.00000,0.00000,0.00000,0.00000,3,0,5.3,12.0,144,0,0,0,0,0,2017/18,50,0,11.0,5,0
0,0,0,0,0.0,200641,44,0.00000,0.00000,0.00000,0.00000,0,0,0.0,0.0,0,0,0,0,0,0,2018/19,45,0,0.0,0,0
1,0,105,2,148.3,200641,53,0.00000,0.00000,0.00000,0.00000,7,1,44.4,110.4,622,0,0,0,0,0,2019/20,55,0,185.0,30,1
0,0,2,0,9.7,200641,51,0.00000,0.00000,0.00000,0.00000,0,0,2.4,4.2,70,0,0,0,0,0,2020/21,55,0,10.0,2,0
0,0,4,0,11.6,200641,50,0.00000,0.00000,0.00000,0.00000,1,0,3.6,4.0,19,0,0,0,0,0,2021/22,50,0,20.0,1,0
