assists,bonus,bps,clean_sheets,creativity,element_code,end_cost,expected_assists,expected_goal_involvements,expected_goals,expected_goals_conceded,goals_conceded,goals_scored,ict_index,influence,minutes,own_goals,penalties_missed,penalties_saved,red_cards,saves,season_name,start_cost,starts,threat,total_points,yellow_cards
0,0,8,0,1.0,201666,45,0.00000,0.00000,0.00000,0.00000,0,0,0.6,0.2,8,0,0,0,0,0,2017/18,45,0,6.0,3,0
3,1,139,1,242.0,201666,55,0.00000,0.00000,0.00000,0.00000,16,1,94.8,172.8,1001,0,0,0,0,0,2018/19,55,0,534.0,43,0
10,9,394,9,517.4,201666,58,0.00000,0.00000,0.00000,0.00000,24,6,193.7,525.0,2075,0,0,0,0,0,2019/20,60,0,893.0,133,0
5,13,348,7,359.0,201666,66,0.00000,0.00000,0.00000,0.00000,25,9,172.7,556.4,1944,0,0,0,0,0,2020/21,70,0,810.0,126,0
12,10,377,8,425.3,201666,65,0.00000,0.00000,0.00000,0.00000,30,6,196.8,546.2,2095,0,0,0,0,0,2021/22,70,0,1000.0,137,2
