assists,bonus,bps,clean_sheets,creativity,element_code,end_cost,expected_assists,expected_goal_involvements,expected_goals,expected_goals_conceded,goals_conceded,goals_scored,ict_index,influence,minutes,own_goals,penalties_missed,penalties_saved,red_cards,saves,season_name,start_cost,starts,threat,total_points,yellow_cards
7,6,0,6,0.0,84583,71,0.00000,0.00000,0.00000,0.00000,10,3,0.0,0.0,923,0,0,0,0,0,2012/13,65,0,0.0,70,0
7,4,152,8,0.0,84583,85,0.00000,0.00000,0.00000,0.00000,36,5,0.0,0.0,2327,0,0,0,0,0,2013/14,90,0,0.0,114,1
7,15,558,11,0.0,84583,79,0.00000,0.00000,0.00000,0.00000,43,5,0.0,0.0,2792,0,0,0,0,0,2014/15,80,0,0.0,134,3
6,18,465,10,0.0,84583,81,0.00000,0.00000,0.00000,0.00000,24,8,0.0,0.0,1996,0,0,0,1,0,2015/16,80,0,0.0,129,2
8,21,631,8,1081.8,84583,87,0.00000,0.00000,0.00000,0.00000,27,13,306.5,860.0,2228,0,0,0,0,0,2016/17,80,0,1125.0,171,2
7,15,381,5,624.4,84583,91,0.00000,0.00000,0.00000,0.00000,14,7,169.4,550.4,1109,0,0,0,0,0,2017/18,90,0,519.0,103,0
3,7,283,7,349.3,84583,71,0.00000,0.00000,0.00000,0.00000,17,5,115.7,360.8,1327,0,0,0,0,0,2021/22,70,0,445.0,83,0
