assists,bonus,bps,clean_sheets,creativity,element_code,end_cost,expected_assists,expected_goal_involvements,expected_goals,expected_goals_conceded,goals_conceded,goals_scored,ict_index,influence,minutes,own_goals,penalties_missed,penalties_saved,red_cards,saves,season_name,start_cost,starts,threat,total_points,yellow_cards
0,0,0,0,0.0,206325,53,0.00000,0.00000,0.00000,0.00000,0,0,0.0,0.0,0,0,0,0,0,0,2016/17,55,0,0.0,0,0
0,0,104,3,145.9,206325,50,0.00000,0.00000,0.00000,0.00000,3,0,28.3,116.4,530,0,0,0,0,0,2017/18,50,0,21.0,16,1
3,1,230,9,278.6,206325,47,0.00000,0.00000,0.00000,0.00000,4,0,63.5,279.2,1151,0,0,0,0,0,2018/19,50,0,77.0,44,1
0,1,295,6,375.8,206325,52,0.00000,0.00000,0.00000,0.00000,15,0,71.2,232.0,1271,0,0,0,1,0,2019/20,55,0,102.0,49,0
0,5,353,8,295.7,206325,55,0.00000,0.00000,0.00000,0.00000,14,0,70.3,272.0,1473,0,0,0,0,0,2020/21,55,0,134.0,69,0
4,4,284,5,282.1,206325,53,0.00000,0.00000,0.00000,0.00000,9,0,65.4,259.4,1044,0,0,0,0,0,2021/22,55,0,111.0,59,0
