assists,bonus,bps,clean_sheets,creativity,element_code,end_cost,expected_assists,expected_goal_involvements,expected_goals,expected_goals_conceded,goals_conceded,goals_scored,ict_index,influence,minutes,own_goals,penalties_missed,penalties_saved,red_cards,saves,season_name,start_cost,starts,threat,total_points,yellow_cards
0,0,0,0,0.0,206915,45,0.00000,0.00000,0.00000,0.00000,0,0,0.0,0.0,0,0,0,0,0,0,2017/18,45,0,0.0,0,0
0,0,0,0,0.0,206915,45,0.00000,0.00000,0.00000,0.00000,0,0,0.0,0.0,0,0,0,0,0,0,2018/19,45,0,0.0,0,0
0,0,46,1,15.6,206915,45,0.00000,0.00000,0.00000,0.00000,1,1,12.9,49.4,121,0,0,0,0,0,2019/20,45,0,65.0,13,0
2,0,226,5,233.4,206915,44,0.00000,0.00000,0.00000,0.00000,14,1,74.8,224.6,1169,0,0,0,0,0,2020/21,45,0,289.0,50,2
1,3,177,4,179.7,206915,50,0.00000,0.00000,0.00000,0.00000,9,1,50.8,156.4,849,0,0,0,0,0,2021/22,50,0,171.0,40,0
