assists,bonus,bps,clean_sheets,creativity,element_code,end_cost,expected_assists,expected_goal_involvements,expected_goals,expected_goals_conceded,goals_conceded,goals_scored,ict_index,influence,minutes,own_goals,penalties_missed,penalties_saved,red_cards,saves,season_name,start_cost,starts,threat,total_points,yellow_cards
0,0,0,0,0.0,222018,44,0.00000,0.00000,0.00000,0.00000,0,0,0.0,0.0,0,0,0,0,0,0,2017/18,45,0,0.0,0,0
0,0,6,0,0.4,222018,40,0.00000,0.00000,0.00000,0.00000,1,0,0.8,7.8,62,0,0,0,0,0,2018/19,40,0,0.0,2,0
0,0,32,0,25.2,222018,40,0.00000,0.00000,0.00000,0.00000,3,0,7.4,48.0,270,0,0,0,0,0,2019/20,40,0,1.0,6,0
0,0,104,1,63.7,222018,39,0.00000,0.00000,0.00000,0.00000,10,1,18.9,98.0,516,0,0,0,0,0,2020/21,40,0,28.0,25,1
0,1,235,3,176.4,222018,39,0.00000,0.00000,0.00000,0.00000,18,1,52.3,307.2,1397,0,0,0,0,0,2021/22,40,0,39.0,48,1
