assists,bonus,bps,clean_sheets,creativity,element_code,end_cost,expected_assists,expected_goal_involvements,expected_goals,expected_goals_conceded,goals_conceded,goals_scored,ict_index,influence,minutes,own_goals,penalties_missed,penalties_saved,red_cards,saves,season_name,start_cost,starts,threat,total_points,yellow_cards
0,0,0,0,0.0,169359,40,0.00000,0.00000,0.00000,0.00000,0,0,0.0,0.0,0,0,0,0,0,0,2013/14,40,0,0.0,0,0
0,0,41,0,0.0,169359,39,0.00000,0.00000,0.00000,0.00000,3,0,0.0,0.0,226,0,0,0,0,0,2014/15,40,0,0.0,7,0
2,6,264,7,0.0,169359,37,0.00000,0.00000,0.00000,0.00000,10,0,0.0,0.0,1067,0,0,0,0,0,2015/16,40,0,0.0,61,1
0,0,80,1,87.9,169359,41,0.00000,0.00000,0.00000,0.00000,4,0,16.5,64.6,373,0,0,0,0,0,2016/17,45,0,12.0,12,0
0,0,35,0,38.6,169359,43,0.00000,0.00000,0.00000,0.00000,6,0,8.1,42.2,166,0,0,0,0,0,2017/18,45,0,0.0,2,0
3,3,229,0,366.8,169359,42,0.00000,0.00000,0.00000,0.00000,25,1,86.2,314.2,1185,0,0,0,0,0,2018/19,45,0,181.0,36,2
3,10,433,5,432.9,169359,43,0.00000,0.00000,0.00000,0.00000,40,1,106.9,503.8,2291,0,0,0,0,0,2019/20,45,0,130.0,80,4
4,9,710,16,607.0,169359,50,0.00000,0.00000,0.00000,0.00000,44,0,142.2,690.4,3404,0,0,0,0,0,2020/21,45,0,122.0,138,7
2,7,530,9,635.1,169359,47,0.00000,0.00000,0.00000,0.00000,47,1,140.7,587.4,2871,1,0,0,0,0,2021/22,50,0,184.0,101,3
