assists,bonus,bps,clean_sheets,creativity,element_code,end_cost,expected_assists,expected_goal_involvements,expected_goals,expected_goals_conceded,goals_conceded,goals_scored,ict_index,influence,minutes,own_goals,penalties_missed,penalties_saved,red_cards,saves,season_name,start_cost,starts,threat,total_points,yellow_cards
1,7,253,3,126.7,105717,47,0.00000,0.00000,0.00000,0.00000,24,0,36.4,219.8,972,0,0,0,0,0,2016/17,50,0,18.0,34,1
3,2,352,6,295.1,105717,42,0.00000,0.00000,0.00000,0.00000,29,0,80.7,385.0,1867,0,0,0,0,0,2017/18,45,0,128.0,68,5
2,0,311,4,212.0,105717,42,0.00000,0.00000,0.00000,0.00000,29,0,70.3,434.4,1757,0,0,0,0,0,2018/19,45,0,55.0,49,2
1,3,166,2,128.6,105717,41,0.00000,0.00000,0.00000,0.00000,18,0,42.4,240.8,930,0,0,0,1,0,2019/20,45,0,53.0,26,4
2,4,209,4,200.5,105717,43,0.00000,0.00000,0.00000,0.00000,15,0,45.0,187.4,1006,0,0,0,0,0,2020/21,45,0,62.0,42,2
1,3,145,1,57.2,105717,44,0.00000,0.00000,0.00000,0.00000,12,1,27.5,178.2,645,0,0,0,0,0,2021/22,45,0,39.0,29,1
