assists,bonus,bps,clean_sheets,creativity,element_code,end_cost,expected_assists,expected_goal_involvements,expected_goals,expected_goals_conceded,goals_conceded,goals_scored,ict_index,influence,minutes,own_goals,penalties_missed,penalties_saved,red_cards,saves,season_name,start_cost,starts,threat,total_points,yellow_cards
0,3,171,4,49.2,156074,41,0.00000,0.00000,0.00000,0.00000,8,0,32.2,172.0,810,0,0,0,0,0,2016/17,45,0,100.0,32,3
1,1,196,3,39.3,156074,44,0.00000,0.00000,0.00000,0.00000,17,0,27.5,212.2,819,0,0,0,0,0,2017/18,50,0,24.0,27,3
0,5,148,1,28.7,156074,43,0.00000,0.00000,0.00000,0.00000,10,0,23.2,187.8,806,0,0,0,0,0,2018/19,45,0,14.0,24,1
0,2,96,1,4.8,156074,44,0.00000,0.00000,0.00000,0.00000,9,0,15.8,133.6,580,0,0,0,0,0,2019/20,45,0,19.0,16,1
1,10,536,11,76.1,156074,43,0.00000,0.00000,0.00000,0.00000,26,0,77.7,602.6,2557,1,0,0,0,0,2020/21,45,0,97.0,105,2
0,2,152,2,8.6,156074,41,0.00000,0.00000,0.00000,0.00000,16,1,31.1,253.0,840,0,0,0,1,0,2021/22,45,0,49.0,29,2
