name,position,team,xP,assists,bonus,bps,clean_sheets,clearances_blocks_interceptions,creativity,defensive_contribution,element,expected_assists,expected_goal_involvements,expected_goals,expected_goals_conceded,fixture,goals_conceded,goals_scored,ict_index,influence,kickoff_time,minutes,modified,opponent_team,own_goals,penalties_missed,penalties_saved,recoveries,red_cards,round,saves,selected,starts,tackles,team_a_score,team_h_score,threat,total_points,transfers_balance,transfers_in,transfers_out,value,was_home,yellow_cards
Reinildo Mandava,DEF,Sunderland,0.0,0,0,0,0,0,0.0,0,541,0.00,0.00,0.00,0.00,299,0,0,0.0,0.0,2026-03-14T15:00:00Z,0,False,6,0,0,0,0,0,30,0,373623,0,0,1,0,0.0,0,-11922,1022,12944,38,True,0
Lorenzo Lucca,FWD,Nott'm Forest,0.0,0,0,0,0,0,0.0,0,805,0.00,0.00,0.00,0.00,298,0,0,0.0,0.0,2026-03-15T14:00:00Z,0,False,10,0,0,0,0,0,30,0,2374,0,0,0,0,0.0,0,-310,225,535,55,True,0
Lewis Dobbin,MID,Aston Villa,0.0,0,0,0,0,0,0.0,0,57,0.00,0.00,0.00,0.00,297,0,0,0.0,0.0,2026-03-15T14:00:00Z,0,False,14,0,0,0,0,0,30,0,3128,0,0,1,3,0.0,0,-8,0,8,50,False,0
Ryan Christie,MID,Bournemouth,0.0,0,0,12,1,3,4.8,12,87,0.02,0.05,0.03,1.35,293,0,0,2.3,16.0,2026-03-14T15:00:00Z,60,False,3,0,0,0,6,0,30,0,7967,1,3,0,0,2.0,5,131,339,208,49,False,0
Leo Shahar,DEF,Newcastle,0.0,0,0,0,0,0,0.0,0,765,0.00,0.00,0.00,0.00,294,0,0,0.0,0.0,2026-03-14T17:30:00Z,0,False,7,0,0,0,0,0,30,0,3752,0,0,1,0,0.0,0,84,234,150,40,False,0
Zeki Amdouni,FWD,Burnley,0.0,0,0,0,0,0,0.0,0,216,0.00,0.00,0.00,0.00,293,0,0,0.0,0.0,2026-03-14T15:00:00Z,0,False,4,0,0,0,0,0,30,0,2928,0,0,0,0,0.0,0,47,117,70,48,True,0
Lucas Tolentino Coelho de Lima,MID,West Ham,0.0,0,0,0,0,0,0.0,0,612,0.00,0.00,0.00,0.00,300,0,0,0.0,0.0,2026-03-14T20:00:00Z,0,False,13,0,0,0,0,0,30,0,140780,0,0,1,1,0.0,0,-1645,0,1645,59,True,0
Jorrel Hato,DEF,Chelsea,0.0,0,0,2,0,0,1.7,0,672,0.01,0.01,0.00,0.00,294,0,0,0.4,2.4,2026-03-14T17:30:00Z,8,False,15,0,0,0,0,0,30,0,23430,0,0,1,0,0.0,1,262,765,503,46,True,0
Myles Peart-Harris,MID,Brentford,0.0,0,0,0,0,0,0.0,0,133,0.00,0.00,0.00,0.00,292,0,0,0.0,0.0,2026-03-16T20:00:00Z,0,False,20,0,0,0,0,0,30,0,4127,0,0,2,2,0.0,0,-39,0,39,44,True,0
Bashir Humphreys,DEF,Burnley,0.0,0,0,28,1,8,10.6,8,193,0.03,0.13,0.10,2.55,293,0,0,5.4,28.6,2026-03-14T15:00:00Z,90,False,4,0,0,0,5,0,30,0,17880,1,0,0,0,15.0,6,-337,749,1086,39,True,0
Romain Faivre,MID,Bournemouth,0.0,0,0,0,0,0,0.0,0,92,0.00,0.00,0.00,0.00,293,0,0,0.0,0.0,2026-03-14T15:00:00Z,0,False,3,0,0,0,0,0,30,0,7833,0,0,0,0,0.0,0,-62,0,62,45,False,0
Enock Agyei,MID,Burnley,0.0,0,0,0,0,0,0.0,0,203,0.00,0.00,0.00,0.00,293,0,0,0.0,0.0,2026-03-14T15:00:00Z,0,False,4,0,0,0,0,0,30,0,6071,0,0,0,0,0.0,0,18,135,117,47,True,0
Callum Bates,MID,Everton,0.0,0,0,0,0,0,0.0,0,306,0.00,0.00,0.00,0.00,291,0,0,0.0,0.0,2026-03-14T17:30:00Z,0,False,1,0,0,0,0,0,30,0,12958,0,0,0,2,0.0,0,27,451,424,43,False,0
Harry Tyrer,GK,Everton,0.0,0,0,0,0,0,0.0,0,289,0.00,0.00,0.00,0.00,291,0,0,0.0,0.0,2026-03-14T17:30:00Z,0,False,1,0,0,0,0,0,30,0,11956,0,0,0,2,0.0,0,-134,0,134,39,False,0
Etienne Green,GK,Burnley,0.0,0,0,0,0,0,0.0,0,184,0.00,0.00,0.00,0.00,293,0,0,0.0,0.0,2026-03-14T15:00:00Z,0,False,4,0,0,0,0,0,30,0,20845,0,0,0,0,0.0,0,-119,0,119,40,True,0
Destiny Udogie,DEF,Spurs,0.0,0,0,0,0,0,0.0,0,574,0.00,0.00,0.00,0.00,296,0,0,0.0,0.0,2026-03-15T16:30:00Z,0,False,12,0,0,0,0,0,30,0,38292,0,0,1,1,0.0,0,-319,41,360,43,False,0
Simon Moore,GK,Sunderland,0.0,0,0,0,0,0,0.0,0,529,0.00,0.00,0.00,0.00,299,0,0,0.0,0.0,2026-03-14T15:00:00Z,0,False,6,0,0,0,0,0,30,0,46572,0,0,1,0,0.0,0,-193,316,509,39,True,0
Ben Winterburn,MID,Bournemouth,0.0,0,0,0,0,0,0.0,0,96,0.00,0.00,0.00,0.00,293,0,0,0.0,0.0,2026-03-14T15:00:00Z,0,False,3,0,0,0,0,0,30,0,3888,0,0,0,0,0.0,0,-12,0,12,45,False,0
Mikey Moore,MID,Spurs,0.0,0,0,0,0,0,0.0,0,592,0.00,0.00,0.00,0.00,296,0,0,0.0,0.0,2026-03-15T16:30:00Z,0,False,12,0,0,0,0,0,30,0,419,0,0,1,1,0.0,0,-1,0,1,50,False,0
Pape Matar Sarr,MID,Spurs,0.0,0,0,21,0,6,10.3,17,593,0.07,0.07,0.00,1.70,296,1,0,3.0,17.8,2026-03-15T16:30:00Z,90,False,12,0,0,0,9,0,30,0,148567,1,2,1,1,2.0,4,1941,8481,6540,45,False,0
Hákon Rafn Valdimarsson,GK,Brentford,0.0,0,0,0,0,0,0.0,0,105,0.00,0.00,0.00,0.00,292,0,0,0.0,0.0,2026-03-16T20:00:00Z,0,False,20,0,0,0,0,0,30,0,78151,0,0,2,2,0.0,0,-346,591,937,39,True,0
Toby Collyer,MID,Man Utd,0.0,0,0,0,0,0,0.0,0,460,0.00,0.00,0.00,0.00,297,0,0,0.0,0.0,2026-03-15T14:00:00Z,0,False,2,0,0,0,0,0,30,0,3286,0,0,1,3,0.0,0,-19,0,19,45,True,0
Jaydon Jones,MID,Sunderland,0.0,0,0,0,0,0,0.0,0,822,0.00,0.00,0.00,0.00,299,0,0,0.0,0.0,2026-03-14T15:00:00Z,0,False,6,0,0,0,0,0,30,0,0,0,0,1,0,0.0,0,0,0,0,45,True,0
Marcos Senesi Barón,DEF,Bournemouth,0.0,0,2,31,1,15,1.3,16,72,0.03,0.16,0.13,1.40,293,0,0,4.7,35.0,2026-03-14T15:00:00Z,90,False,3,0,0,0,4,0,30,0,2396154,1,1,0,0,11.0,10,246796,259700,12904,50,False,0
Adam Armstrong,FWD,Wolves,0.0,0,0,20,0,1,2.4,2,817,0.04,0.51,0.47,2.49,292,2,1,5.2,28.4,2026-03-16T20:00:00Z,86,False,5,0,0,0,1,0,30,0,7054,1,0,2,2,21.0,5,-812,987,1799,53,False,1
Tyler Morton,MID,Liverpool,0.0,0,0,0,0,0,0.0,0,395,0.00,0.00,0.00,0.00,296,0,0,0.0,0.0,2026-03-15T16:30:00Z,0,False,18,0,0,0,0,0,30,0,266,0,0,1,1,0.0,0,-2,0,2,45,True,0
Alexis Mac Allister,MID,Liverpool,0.0,1,1,24,0,4,25.6,13,386,0.06,0.06,0.00,1.15,296,1,0,4.4,14.0,2026-03-15T16:30:00Z,90,False,18,0,0,0,9,0,30,0,293751,1,0,1,1,4.0,8,20960,36194,15234,63,True,0
André Trindade da Costa Neto,MID,Wolves,0.0,0,0,14,0,2,12.5,9,643,0.01,0.10,0.09,2.56,292,2,0,3.3,11.4,2026-03-16T20:00:00Z,90,False,5,0,0,0,5,0,30,0,13770,1,2,2,2,9.0,2,3823,4554,731,52,False,0
Harrison Ashby,DEF,Newcastle,0.0,0,0,0,0,0,0.0,0,482,0.00,0.00,0.00,0.00,294,0,0,0.0,0.0,2026-03-14T17:30:00Z,0,False,7,0,0,0,0,0,30,0,14356,0,0,1,0,0.0,0,-86,0,86,39,False,0
Samuel Amissah,DEF,Fulham,0.0,0,0,0,0,0,0.0,0,323,0.00,0.00,0.00,0.00,298,0,0,0.0,0.0,2026-03-15T14:00:00Z,0,False,16,0,0,0,0,0,30,0,18661,0,0,0,0,0.0,0,-45,147,192,38,False,0
Luís Hemir Silva Semedo,FWD,Sunderland,0.0,0,0,0,0,0,0.0,0,563,0.00,0.00,0.00,0.00,299,0,0,0.0,0.0,2026-03-14T15:00:00Z,0,False,6,0,0,0,0,0,30,0,10595,0,0,1,0,0.0,0,-37,0,37,44,True,0
Adama Traoré Diarra,MID,West Ham,0.0,0,0,2,0,1,0.0,1,326,0.00,0.00,0.00,1.04,300,0,0,0.1,1.0,2026-03-14T20:00:00Z,15,False,13,0,0,0,0,0,30,0,19813,0,0,1,1,0.0,1,-430,234,664,51,True,0
Yasin Ayari,MID,Brighton,0.0,0,0,3,0,0,0.1,0,166,0.00,0.00,0.00,0.08,299,0,0,0.0,0.0,2026-03-14T15:00:00Z,2,False,17,0,0,0,0,0,30,0,53250,0,0,1,0,0.0,1,-1556,1756,3312,48,False,0
Mateo Kovačić,MID,Man City,0.0,0,0,0,0,0,0.0,0,422,0.00,0.00,0.00,0.00,300,0,0,0.0,0.0,2026-03-14T20:00:00Z,0,False,19,0,0,0,0,0,30,0,2433,0,0,1,1,0.0,0,-3,13,16,58,False,0
Thierno Barry,FWD,Everton,0.0,0,0,0,0,0,0.0,0,310,0.00,0.00,0.00,2.08,291,2,0,0.1,0.0,2026-03-14T17:30:00Z,21,False,1,0,0,0,0,0,30,0,121755,0,0,0,2,2.0,1,-19566,4183,23749,57,False,0
Ollie Scarles,DEF,West Ham,0.0,0,0,0,0,0,0.0,0,608,0.00,0.00,0.00,0.00,300,0,0,0.0,0.0,2026-03-14T20:00:00Z,0,False,13,0,0,0,0,0,30,0,4804,0,0,1,1,0.0,0,-134,21,155,43,True,0
Rico Lewis,DEF,Man City,0.0,0,0,0,0,0,0.0,0,410,0.00,0.00,0.00,0.00,300,0,0,0.0,0.0,2026-03-14T20:00:00Z,0,False,19,0,0,0,0,0,30,0,155555,0,0,1,1,0.0,0,-1342,553,1895,46,False,0
Brenden Aaronson,MID,Leeds,0.0,0,0,0,0,2,14.8,4,350,0.05,0.10,0.05,0.29,295,0,0,2.8,3.2,2026-03-15T14:00:00Z,45,False,8,0,0,0,2,0,30,0,79182,1,0,0,0,10.0,1,-8573,3064,11637,54,False,0
Eliezer Mayenda Dossou,FWD,Sunderland,0.0,0,0,1,0,0,0.3,0,561,0.00,0.00,0.00,0.00,299,0,0,0.1,1.0,2026-03-14T15:00:00Z,12,False,6,0,0,0,0,0,30,0,69515,0,0,1,0,0.0,1,950,3014,2064,52,True,0
Seth Ridgeon,MID,Fulham,0.0,0,0,0,0,0,0.0,0,770,0.00,0.00,0.00,0.00,298,0,0,0.0,0.0,2026-03-15T14:00:00Z,0,False,16,0,0,0,0,0,30,0,605,0,0,0,0,0.0,0,14,37,23,45,False,0
Steven Benda,GK,Fulham,0.0,0,0,0,0,0,0.0,0,315,0.00,0.00,0.00,0.00,298,0,0,0.0,0.0,2026-03-15T14:00:00Z,0,False,16,0,0,0,0,0,30,0,952,0,0,0,0,0.0,0,-20,0,20,40,False,0
Myles Lewis-Skelly,DEF,Arsenal,0.0,0,0,0,0,0,0.0,0,10,0.00,0.00,0.00,0.00,291,0,0,0.0,0.0,2026-03-14T17:30:00Z,0,False,9,0,0,0,0,0,30,0,182249,0,0,0,2,0.0,0,-859,597,1456,51,True,0
Hugo Bueno López,DEF,Wolves,0.0,0,0,6,0,1,41.2,1,633,0.20,0.20,0.00,2.56,292,2,0,6.3,15.4,2026-03-16T20:00:00Z,90,False,5,0,0,0,4,0,30,0,29430,1,0,2,2,6.0,1,-630,2396,3026,43,False,0
Milan Aleksić,MID,Sunderland,0.0,0,0,0,0,0,0.0,0,546,0.00,0.00,0.00,0.00,299,0,0,0.0,0.0,2026-03-14T15:00:00Z,0,False,6,0,0,0,0,0,30,0,2199,0,0,1,0,0.0,0,4,23,19,49,True,0
Toti Gomes,DEF,Wolves,0.0,0,0,0,0,0,0.0,0,637,0.00,0.00,0.00,0.00,292,0,0,0.0,0.0,2026-03-16T20:00:00Z,0,False,5,0,0,0,0,0,30,0,10535,0,0,2,2,0.0,0,2,198,196,42,False,0
Ismaïla Sarr,MID,Crystal Palace,0.0,0,0,2,1,0,1.9,3,267,0.01,0.01,0.00,1.12,295,0,0,0.6,0.0,2026-03-15T14:00:00Z,90,False,11,0,0,0,3,0,30,0,566987,1,0,0,0,4.0,3,116991,125738,8747,63,True,0
Abdukodir Khusanov,DEF,Man City,0.0,0,0,15,0,8,13.1,8,406,0.02,0.16,0.14,0.54,300,1,0,4.1,21.6,2026-03-14T20:00:00Z,90,False,19,0,0,0,6,0,30,0,45907,1,0,1,1,6.0,2,-505,783,1288,54,False,0
André Onana,GK,Man Utd,0.0,0,0,0,0,0,0.0,0,432,0.00,0.00,0.00,0.00,297,0,0,0.0,0.0,2026-03-15T14:00:00Z,0,False,2,0,0,0,0,0,30,0,18290,0,0,1,3,0.0,0,-36,0,36,49,True,0
Rio Cardines,MID,Crystal Palace,0.0,0,0,0,0,0,0.0,0,690,0.00,0.00,0.00,0.00,295,0,0,0.0,0.0,2026-03-15T14:00:00Z,0,False,11,0,0,0,0,0,30,0,33743,0,0,0,0,0.0,0,-73,68,141,44,True,0
Alejandro Garnacho Ferreyra,MID,Chelsea,0.0,0,0,16,0,1,40.0,3,453,0.11,0.26,0.15,1.41,294,1,0,7.8,12.4,2026-03-14T17:30:00Z,90,False,15,0,0,0,1,0,30,0,62088,1,1,1,0,26.0,2,2876,4388,1512,64,True,0
Tammy Abraham,FWD,Aston Villa,0.0,0,0,6,0,1,10.6,3,808,0.26,0.26,0.00,0.58,297,2,0,2.5,6.2,2026-03-15T14:00:00Z,30,False,14,0,0,0,1,0,30,0,32900,0,1,1,3,8.0,1,-9478,1768,11246,60,False,0
Dan Neil,MID,Sunderland,0.0,0,0,0,0,0,0.0,0,549,0.00,0.00,0.00,0.00,299,0,0,0.0,0.0,2026-03-14T15:00:00Z,0,False,6,0,0,0,0,0,30,0,3614,0,0,1,0,0.0,0,-30,0,30,48,True,0
Kiernan Dewsbury-Hall,MID,Everton,0.0,0,0,7,0,1,2.5,3,242,0.01,0.09,0.08,2.70,291,2,0,2.6,10.4,2026-03-14T17:30:00Z,90,False,1,0,0,0,2,0,30,0,654093,1,0,0,2,13.0,2,36649,72420,35771,51,False,0
Kieran Trippier,DEF,Newcastle,0.0,0,0,0,0,0,0.0,0,478,0.00,0.00,0.00,0.00,294,0,0,0.0,0.0,2026-03-14T17:30:00Z,0,False,7,0,0,0,0,0,30,0,178195,0,0,1,0,0.0,0,2770,4357,1587,49,False,0
João Maria Lobo Alves Palhares Costa Palhinha Gonçalves,MID,Spurs,0.0,0,0,0,0,0,0.0,0,673,0.00,0.00,0.00,0.00,296,0,0,0.0,0.0,2026-03-15T16:30:00Z,0,False,12,0,0,0,0,0,30,0,99978,0,0,1,1,0.0,0,-3716,394,4110,55,False,0
Tino Livramento,DEF,Newcastle,0.0,0,0,15,1,1,5.4,1,477,0.21,0.21,0.00,1.39,294,0,0,0.7,1.6,2026-03-14T17:30:00Z,90,False,7,0,0,0,3,0,30,0,239622,1,0,1,0,0.0,6,-97,1062,1159,49,False,0
Issa Diop,DEF,Fulham,0.0,0,0,0,0,0,0.0,0,320,0.00,0.00,0.00,0.00,298,0,0,0.0,0.0,2026-03-15T14:00:00Z,0,False,16,0,0,0,0,0,30,0,9770,0,0,0,0,0.0,0,155,299,144,43,False,0
Rasmus Højlund,FWD,Man Utd,0.0,0,0,0,0,0,0.0,0,465,0.00,0.00,0.00,0.00,297,0,0,0.0,0.0,2026-03-15T14:00:00Z,0,False,2,0,0,0,0,0,30,0,33016,0,0,1,3,0.0,0,-59,0,59,63,True,0
Dane Scarlett,FWD,Spurs,0.0,0,0,0,0,0,0.0,0,599,0.00,0.00,0.00,0.00,296,0,0,0.0,0.0,2026-03-15T16:30:00Z,0,False,12,0,0,0,0,0,30,0,70914,0,0,1,1,0.0,0,-940,0,940,43,False,0
Ezri Konsa Ngoyo,DEF,Aston Villa,0.0,0,0,4,0,7,5.1,7,38,0.02,0.02,0.00,1.10,297,3,0,3.1,25.4,2026-03-15T14:00:00Z,90,False,14,0,0,0,1,0,30,0,1026673,1,0,1,3,0.0,1,-20116,15486,35602,44,False,0
Caleb Kporha,DEF,Crystal Palace,0.0,0,0,0,0,0,0.0,0,265,0.00,0.00,0.00,0.00,295,0,0,0.0,0.0,2026-03-15T14:00:00Z,0,False,11,0,0,0,0,0,30,0,2057,0,0,0,0,0.0,0,50,83,33,40,True,0
Leon Routh,DEF,Aston Villa,0.0,0,0,0,0,0,0.0,0,768,0.00,0.00,0.00,0.00,297,0,0,0.0,0.0,2026-03-15T14:00:00Z,0,False,14,0,0,0,0,0,30,0,2000,0,0,1,3,0.0,0,-21,33,54,40,False,0
Archie Gray,MID,Spurs,0.0,0,0,9,0,3,13.4,7,591,0.01,0.01,0.00,1.70,296,1,0,2.0,6.4,2026-03-15T16:30:00Z,90,False,12,0,0,0,4,0,30,0,19960,1,0,1,1,0.0,2,685,1443,758,48,False,0
Noah Sadiki,MID,Sunderland,0.0,0,0,18,0,0,5.7,7,552,0.01,0.10,0.09,1.68,299,1,0,2.6,6.6,2026-03-14T15:00:00Z,90,False,6,0,0,0,5,0,30,0,7515,1,2,1,0,14.0,2,149,369,220,49,True,0
Sávio Moreira de Oliveira,MID,Man City,0.0,0,0,0,0,0,0.0,0,415,0.00,0.00,0.00,0.00,300,0,0,0.0,0.0,2026-03-14T20:00:00Z,0,False,19,0,0,0,0,0,30,0,51124,0,0,1,1,0.0,0,239,568,329,69,False,0
Nathan Collins,DEF,Brentford,0.0,0,0,1,0,4,0.6,4,106,0.01,0.01,0.00,1.39,292,2,0,1.7,16.4,2026-03-16T20:00:00Z,90,False,20,0,0,0,5,0,30,0,361586,1,0,2,2,0.0,0,20118,30219,10101,49,True,1
Manuel Ugarte Ribeiro,MID,Man Utd,0.0,0,0,2,0,0,0.3,0,459,0.00,0.00,0.00,0.03,297,0,0,0.1,0.8,2026-03-15T14:00:00Z,1,False,2,0,0,0,0,0,30,0,18856,0,0,1,3,0.0,1,-233,211,444,47,True,0
Lewis Hall,DEF,Newcastle,0.0,0,0,24,1,4,20.9,5,473,0.12,0.12,0.00,1.39,294,0,0,3.2,11.4,2026-03-14T17:30:00Z,90,False,7,0,0,0,7,0,30,0,318969,1,1,1,0,0.0,5,3131,16681,13550,53,False,1
Wesley Fofana,DEF,Chelsea,0.0,0,0,8,0,12,3.0,12,230,0.02,0.07,0.05,1.41,294,1,0,2.8,21.0,2026-03-14T17:30:00Z,81,False,15,0,0,0,3,0,30,0,44883,1,0,1,0,4.0,3,-322,1549,1871,44,True,1
Martial Godo,MID,Fulham,0.0,0,0,0,0,0,0.0,0,333,0.00,0.00,0.00,0.00,298,0,0,0.0,0.0,2026-03-15T14:00:00Z,0,False,16,0,0,0,0,0,30,0,2996,0,0,0,0,0.0,0,-6,0,6,45,False,0
Leo Fuhr Hjelde,DEF,Sunderland,0.0,0,0,0,0,0,0.0,0,536,0.00,0.00,0.00,0.00,299,0,0,0.0,0.0,2026-03-14T15:00:00Z,0,False,6,0,0,0,0,0,30,0,1694,0,0,1,0,0.0,0,-40,0,40,40,True,0
Krisztián Hegyi,GK,West Ham,0.0,0,0,0,0,0,0.0,0,602,0.00,0.00,0.00,0.00,300,0,0,0.0,0.0,2026-03-14T20:00:00Z,0,False,13,0,0,0,0,0,30,0,26570,0,0,1,1,0.0,0,-365,0,365,39,True,0
Will Hughes,MID,Crystal Palace,0.0,0,0,-3,0,1,6.1,4,270,0.02,0.02,0.00,1.10,295,0,0,0.4,0.0,2026-03-15T14:00:00Z,59,False,11,0,0,0,2,0,30,0,13449,1,1,0,0,0.0,0,-111,285,396,47,True,1
Jadon Sancho,MID,Aston Villa,0.0,0,0,0,0,0,0.0,0,456,0.00,0.00,0.00,0.00,297,0,0,0.0,0.0,2026-03-15T14:00:00Z,0,False,14,0,0,0,0,0,30,0,28444,0,0,1,3,0.0,0,-2753,72,2825,58,False,0
Amine Adli,MID,Bournemouth,0.0,0,0,2,0,0,11.4,2,697,0.04,0.06,0.02,0.05,293,0,0,1.5,0.6,2026-03-14T15:00:00Z,29,False,3,0,0,0,2,0,30,0,62859,0,0,0,0,3.0,1,-13379,1341,14720,54,False,0
Micky van de Ven,DEF,Spurs,0.0,0,0,0,0,0,0.0,0,575,0.00,0.00,0.00,0.00,296,0,0,0.0,0.0,2026-03-15T16:30:00Z,0,False,12,0,0,0,0,0,30,0,2503259,0,0,1,1,0.0,0,-363003,3449,366452,44,False,0
Konstantinos Mavropanos,DEF,West Ham,0.0,0,2,29,0,18,0.2,21,606,0.00,0.54,0.54,2.03,300,1,1,11.3,79.8,2026-03-14T20:00:00Z,90,False,13,0,0,0,2,0,30,0,9997,1,3,1,1,33.0,12,-503,217,720,44,True,0
Emmanuel Agbadou,DEF,Wolves,0.0,0,0,0,0,0,0.0,0,631,0.00,0.00,0.00,0.00,292,0,0,0.0,0.0,2026-03-16T20:00:00Z,0,False,5,0,0,0,0,0,30,0,14723,0,0,2,2,0.0,0,-112,0,112,42,False,0
Oscar Bobb,MID,Fulham,0.0,0,0,3,1,0,1.5,2,424,0.00,0.00,0.00,0.35,298,0,0,0.7,1.6,2026-03-15T14:00:00Z,61,False,16,0,0,0,1,0,30,0,30060,1,1,0,0,4.0,3,-28,809,837,51,False,0
Oluwaseun Adewumi,MID,Burnley,0.0,0,0,0,0,0,0.0,0,212,0.00,0.00,0.00,0.00,293,0,0,0.0,0.0,2026-03-14T15:00:00Z,0,False,4,0,0,0,0,0,30,0,788,0,0,0,0,0.0,0,-2,0,2,45,True,0
Jordan Henderson,MID,Brentford,0.0,0,0,15,0,1,13.5,7,124,0.16,0.16,0.00,1.39,292,2,0,2.2,6.2,2026-03-16T20:00:00Z,90,False,20,0,0,0,5,0,30,0,43358,1,1,2,2,2.0,2,-99,841,940,50,True,0
Harry Wilson,MID,Fulham,0.0,0,0,14,1,3,21.0,6,329,0.20,0.35,0.15,0.82,298,0,0,3.9,10.2,2026-03-15T14:00:00Z,90,False,16,0,0,0,2,0,30,0,2924507,1,1,0,0,8.0,3,-159549,73480,233029,60,False,0
Charlie Stevens,MID,Bournemouth,0.0,0,0,0,0,0,0.0,0,799,0.00,0.00,0.00,0.00,293,0,0,0.0,0.0,2026-03-14T15:00:00Z,0,False,3,0,0,0,0,0,30,0,629,0,0,0,0,0.0,0,27,74,47,45,False,0
Malick Thiaw,DEF,Newcastle,0.0,0,1,25,1,13,0.8,14,684,0.01,0.17,0.16,1.39,294,0,0,3.9,34.6,2026-03-14T17:30:00Z,90,False,7,0,0,0,0,0,30,0,532584,1,1,1,0,4.0,9,-12152,17797,29949,50,False,0
Emerson Palmieri dos Santos,DEF,West Ham,0.0,0,0,0,0,0,0.0,0,604,0.00,0.00,0.00,0.00,300,0,0,0.0,0.0,2026-03-14T20:00:00Z,0,False,13,0,0,0,0,0,30,0,6553,0,0,1,1,0.0,0,-22,0,22,44,True,0
Godwill Kukonki,DEF,Man Utd,0.0,0,0,0,0,0,0.0,0,788,0.00,0.00,0.00,0.00,297,0,0,0.0,0.0,2026-03-15T14:00:00Z,0,False,2,0,0,0,0,0,30,0,1320,0,0,1,3,0.0,0,-18,30,48,40,True,0
Trey Nyoni,MID,Liverpool,0.0,0,0,3,0,0,2.3,0,396,0.01,0.01,0.00,0.41,296,1,0,0.3,0.2,2026-03-15T16:30:00Z,7,False,18,0,0,0,0,0,30,0,40356,0,0,1,1,0.0,1,-343,353,696,43,True,0
Nilson Angulo,MID,Sunderland,0.0,0,0,0,0,0,0.0,0,813,0.00,0.00,0.00,0.00,299,0,0,0.0,0.0,2026-03-14T15:00:00Z,0,False,6,0,0,0,0,0,30,0,964,0,0,1,0,0.0,0,185,282,97,50,True,0
Angel Gomes,MID,Wolves,0.0,0,0,0,0,0,3.3,3,816,0.07,0.13,0.06,0.23,292,0,0,0.3,0.0,2026-03-16T20:00:00Z,45,False,5,0,0,0,2,0,30,0,2069,0,1,2,2,1.0,0,-113,225,338,48,False,1
Saheed Olagunju,DEF,Wolves,0.0,0,0,0,0,0,0.0,0,766,0.00,0.00,0.00,0.00,292,0,0,0.0,0.0,2026-03-16T20:00:00Z,0,False,5,0,0,0,0,0,30,0,3585,0,0,2,2,0.0,0,3,239,236,40,False,0
Ladislav Krejcí,DEF,Wolves,0.0,0,0,-4,0,4,0.3,4,709,0.00,0.04,0.04,2.56,292,2,0,1.8,4.2,2026-03-16T20:00:00Z,90,False,5,0,0,0,1,0,30,0,8843,1,0,2,2,13.0,0,307,742,435,45,False,1
Malo Gusto,DEF,Chelsea,0.0,0,0,8,0,1,17.6,1,228,0.03,0.03,0.00,1.19,294,1,0,3.0,6.0,2026-03-14T17:30:00Z,45,False,15,0,0,0,1,0,30,0,249717,1,0,1,0,6.0,1,3591,9615,6024,49,True,0
Jérémy Doku,MID,Man City,0.0,0,0,7,0,0,30.3,0,418,0.21,0.24,0.03,0.00,300,0,0,4.0,7.0,2026-03-14T20:00:00Z,30,False,19,0,0,0,0,0,30,0,302840,0,0,1,1,3.0,1,1977,4958,2981,64,False,0
Triston Rowe,DEF,Aston Villa,0.0,0,0,0,0,0,0.0,0,701,0.00,0.00,0.00,0.00,297,0,0,0.0,0.0,2026-03-15T14:00:00Z,0,False,14,0,0,0,0,0,30,0,8963,0,0,1,3,0.0,0,-22,0,22,40,False,0
Luis Guilherme Lira dos Santos,MID,West Ham,0.0,0,0,0,0,0,0.0,0,619,0.00,0.00,0.00,0.00,300,0,0,0.0,0.0,2026-03-14T20:00:00Z,0,False,13,0,0,0,0,0,30,0,2494,0,0,1,1,0.0,0,-6,0,6,49,True,0
Sebastiaan Bornauw,DEF,Leeds,0.0,0,0,0,0,0,0.0,0,345,0.00,0.00,0.00,0.00,295,0,0,0.0,0.0,2026-03-15T14:00:00Z,0,False,8,0,0,0,0,0,30,0,18686,0,0,0,0,0.0,0,-419,147,566,38,False,0
Kendry Páez Andrade,MID,Chelsea,0.0,0,0,0,0,0,0.0,0,248,0.00,0.00,0.00,0.00,294,0,0,0.0,0.0,2026-03-14T17:30:00Z,0,False,15,0,0,0,0,0,30,0,558,0,0,1,0,0.0,0,-2,0,2,45,True,0
Asher Agbinone,MID,Crystal Palace,0.0,0,0,0,0,0,0.0,0,274,0.00,0.00,0.00,0.00,295,0,0,0.0,0.0,2026-03-15T14:00:00Z,0,False,11,0,0,0,0,0,30,0,13459,0,0,0,0,0.0,0,122,739,617,43,True,0
Matz Sels,GK,Nott'm Forest,0.0,0,0,24,1,0,0.0,0,502,0.00,0.00,0.00,1.03,298,0,0,1.0,10.2,2026-03-15T14:00:00Z,90,False,10,0,0,0,8,0,30,1,617655,1,0,0,0,0.0,6,1846,5378,3532,46,True,0
Álex Jiménez Sánchez,DEF,Bournemouth,0.0,0,0,9,0,0,15.5,1,713,0.04,0.04,0.00,0.05,293,0,0,2.5,9.6,2026-03-14T15:00:00Z,29,False,3,0,0,0,4,0,30,0,38325,0,1,0,0,0.0,1,6122,7388,1266,45,False,0
Marko Stamenić,MID,Nott'm Forest,0.0,0,0,0,0,0,0.0,0,524,0.00,0.00,0.00,0.00,298,0,0,0.0,0.0,2026-03-15T14:00:00Z,0,False,10,0,0,0,0,0,30,0,2166,0,0,0,0,0.0,0,-8,0,8,45,True,0
Nathan Fraser,FWD,Wolves,0.0,0,0,0,0,0,0.0,0,658,0.00,0.00,0.00,0.00,292,0,0,0.0,0.0,2026-03-16T20:00:00Z,0,False,5,0,0,0,0,0,30,0,243054,0,0,2,2,0.0,0,-3496,3279,6775,42,False,0
Evan Ferguson,FWD,Brighton,0.0,0,0,0,0,0,0.0,0,179,0.00,0.00,0.00,0.00,299,0,0,0.0,0.0,2026-03-14T15:00:00Z,0,False,17,0,0,0,0,0,30,0,965,0,0,1,0,0.0,0,-2,0,2,55,False,0
Idrissa Gana Gueye,MID,Everton,0.0,0,0,18,0,7,6.4,14,302,0.00,0.03,0.03,1.79,291,1,0,4.3,25.2,2026-03-14T17:30:00Z,90,False,1,0,0,0,6,0,30,0,12374,1,1,0,2,11.0,4,-58,493,551,54,False,0
Justin Devenny,MID,Crystal Palace,0.0,0,0,0,0,0,0.0,0,276,0.00,0.00,0.00,0.00,295,0,0,0.0,0.0,2026-03-15T14:00:00Z,0,False,11,0,0,0,0,0,30,0,167193,0,0,0,0,0.0,0,-1382,4184,5566,43,True,0
Karl Darlow,GK,Leeds,0.0,0,0,21,1,1,0.0,0,341,0.00,0.00,0.00,0.67,295,0,0,0.4,3.6,2026-03-15T14:00:00Z,90,False,8,0,0,0,10,0,30,0,331469,1,0,0,0,0.0,6,4678,11182,6504,39,False,0
Junior Kroupi,FWD,Bournemouth,0.0,0,0,15,1,5,48.2,8,100,0.25,0.51,0.26,1.37,293,0,0,8.3,14.0,2026-03-14T15:00:00Z,79,False,3,0,0,0,3,0,30,0,841806,1,0,0,0,21.0,2,-59027,23864,82891,47,False,0
Habib Diarra,MID,Sunderland,0.0,0,0,-1,0,0,5.4,1,544,0.09,0.11,0.02,1.68,299,1,0,1.3,0.0,2026-03-14T15:00:00Z,90,False,6,0,0,0,1,0,30,0,15550,1,0,1,0,11.0,2,4230,5220,990,53,True,0
Luis Sinisterra Lucumí,MID,Bournemouth,0.0,0,0,0,0,0,0.0,0,91,0.00,0.00,0.00,0.00,293,0,0,0.0,0.0,2026-03-14T15:00:00Z,0,False,3,0,0,0,0,0,30,0,1256,0,0,0,0,0.0,0,-6,0,6,50,False,0
Antonín Kinský,GK,Spurs,0.0,0,0,0,0,0,0.0,0,567,0.00,0.00,0.00,0.00,296,0,0,0.0,0.0,2026-03-15T16:30:00Z,0,False,12,0,0,0,0,0,30,0,206013,0,0,1,1,0.0,0,-1539,556,2095,39,False,0
Jakub Kiwior,DEF,Arsenal,0.0,0,0,0,0,0,0.0,0,9,0.00,0.00,0.00,0.00,291,0,0,0.0,0.0,2026-03-14T17:30:00Z,0,False,9,0,0,0,0,0,30,0,6147,0,0,0,2,0.0,0,-14,0,14,54,True,0
Fábio Soares Silva,FWD,Wolves,0.0,0,0,0,0,0,0.0,0,655,0.00,0.00,0.00,0.00,292,0,0,0.0,0.0,2026-03-16T20:00:00Z,0,False,5,0,0,0,0,0,30,0,21434,0,0,2,2,0.0,0,-49,0,49,49,False,0
Đorđe Petrović,GK,Bournemouth,0.0,0,0,24,1,0,0.0,0,67,0.00,0.00,0.00,1.40,293,0,0,1.4,14.4,2026-03-14T15:00:00Z,90,False,3,0,0,0,5,0,30,2,675809,1,0,0,0,0.0,6,50442,58435,7993,45,False,0
Kim Ji-soo,DEF,Brentford,0.0,0,0,0,0,0,0.0,0,117,0.00,0.00,0.00,0.00,292,0,0,0.0,0.0,2026-03-16T20:00:00Z,0,False,20,0,0,0,0,0,30,0,10158,0,0,2,2,0.0,0,-49,0,49,39,True,0
Alphonse Areola,GK,West Ham,0.0,0,0,0,0,0,0.0,0,600,0.00,0.00,0.00,0.00,300,0,0,0.0,0.0,2026-03-14T20:00:00Z,0,False,13,0,0,0,0,0,30,0,263697,0,0,1,1,0.0,0,-4699,1674,6373,43,True,0
Gabriel dos Santos Magalhães,DEF,Arsenal,0.0,0,1,30,1,9,3.0,10,5,0.06,0.09,0.03,1.05,291,0,0,2.7,21.2,2026-03-14T17:30:00Z,90,False,9,0,0,0,2,0,30,0,5699276,1,1,0,2,3.0,9,87571,103697,16126,72,True,0
Jamaldeen Jimoh-Aloba,MID,Aston Villa,0.0,0,0,0,0,0,0.0,0,62,0.00,0.00,0.00,0.00,297,0,0,0.0,0.0,2026-03-15T14:00:00Z,0,False,14,0,0,0,0,0,30,0,7638,0,0,1,3,0.0,0,-153,0,153,45,False,0
George Brierley,MID,Burnley,0.0,0,0,0,0,0,0.0,0,784,0.00,0.00,0.00,0.00,293,0,0,0.0,0.0,2026-03-14T15:00:00Z,0,False,4,0,0,0,0,0,30,0,361,0,0,0,0,0.0,0,-7,33,40,45,True,0
Armando Broja,FWD,Burnley,0.0,0,0,2,0,0,0.2,1,680,0.00,0.00,0.00,0.86,293,0,0,0.2,0.2,2026-03-14T15:00:00Z,2,False,4,0,0,0,1,0,30,0,20066,0,0,0,0,2.0,1,-1070,90,1160,52,True,0
Benoît Badiashile Mukinayi,DEF,Chelsea,0.0,0,0,0,0,0,0.0,0,229,0.00,0.00,0.00,0.00,294,0,0,0.0,0.0,2026-03-14T17:30:00Z,0,False,15,0,0,0,0,0,30,0,4177,0,0,1,0,0.0,0,-167,76,243,44,True,0
Reigan Heskey,MID,Man City,0.0,0,0,0,0,0,0.0,0,764,0.00,0.00,0.00,0.00,300,0,0,0.0,0.0,2026-03-14T20:00:00Z,0,False,19,0,0,0,0,0,30,0,400,0,0,1,1,0.0,0,-3,11,14,45,False,0
Divine Mukasa,MID,Man City,0.0,0,0,0,0,0,0.0,0,739,0.00,0.00,0.00,0.00,300,0,0,0.0,0.0,2026-03-14T20:00:00Z,0,False,19,0,0,0,0,0,30,0,2400,0,0,1,1,0.0,0,-41,0,41,44,False,0
Aarón Anselmino,DEF,Chelsea,0.0,0,0,0,0,0,0.0,0,234,0.00,0.00,0.00,0.00,294,0,0,0.0,0.0,2026-03-14T17:30:00Z,0,False,15,0,0,0,0,0,30,0,6948,0,0,1,0,0.0,0,-23,0,23,40,True,0
Jean-Ricner Bellegarde,MID,Wolves,0.0,1,0,21,0,3,24.8,6,644,0.30,0.30,0.00,2.42,292,2,0,5.1,24.4,2026-03-16T20:00:00Z,73,False,5,0,0,0,3,0,30,0,5678,1,0,2,2,2.0,5,-143,153,296,51,False,0
Luke Harris,MID,Fulham,0.0,0,0,0,0,0,0.0,0,334,0.00,0.00,0.00,0.00,298,0,0,0.0,0.0,2026-03-15T14:00:00Z,0,False,16,0,0,0,0,0,30,0,182,0,0,0,0,0.0,0,-1,0,1,45,False,0
Ola Aina,DEF,Nott'm Forest,0.0,0,2,32,1,12,1.5,16,507,0.01,0.09,0.08,1.03,298,0,0,2.9,26.4,2026-03-15T14:00:00Z,90,False,10,0,0,0,3,0,30,0,297590,1,4,0,0,1.0,10,761,4954,4193,47,True,0
Dominik Szoboszlai,MID,Liverpool,0.0,0,2,33,0,3,13.9,14,387,0.40,0.50,0.10,1.18,296,1,1,6.6,41.6,2026-03-15T16:30:00Z,90,False,18,0,0,0,10,0,30,0,1557111,1,1,1,1,10.0,11,88658,134973,46315,69,True,0
Arnaud Kalimuendo,FWD,Nott'm Forest,0.0,0,0,0,0,0,0.0,0,696,0.00,0.00,0.00,0.00,298,0,0,0.0,0.0,2026-03-15T14:00:00Z,0,False,10,0,0,0,0,0,30,0,15057,0,0,0,0,0.0,0,-79,0,79,60,True,0
Freddie Simmonds,DEF,Brighton,0.0,0,0,0,0,0,0.0,0,761,0.00,0.00,0.00,0.00,299,0,0,0.0,0.0,2026-03-14T15:00:00Z,0,False,17,0,0,0,0,0,30,0,2047,0,0,1,0,0.0,0,22,75,53,40,False,0
Marcus Bettinelli,GK,Man City,0.0,0,0,0,0,0,0.0,0,401,0.00,0.00,0.00,0.00,300,0,0,0.0,0.0,2026-03-14T20:00:00Z,0,False,19,0,0,0,0,0,30,0,56283,0,0,1,1,0.0,0,2029,5088,3059,38,False,0
Tomáš Souček,MID,West Ham,0.0,0,0,18,0,9,2.8,17,613,0.00,0.00,0.00,2.03,300,1,0,3.3,30.2,2026-03-14T20:00:00Z,90,False,13,0,0,0,1,0,30,0,37662,1,7,1,1,0.0,4,711,2281,1570,57,True,0
Jack Grealish,MID,Everton,0.0,0,0,0,0,0,0.0,0,419,0.00,0.00,0.00,0.00,291,0,0,0.0,0.0,2026-03-14T17:30:00Z,0,False,1,0,0,0,0,0,30,0,755297,0,0,0,2,0.0,0,-10181,78,10259,63,False,0
Ilia Gruev,MID,Leeds,0.0,0,0,3,0,1,0.2,2,356,0.00,0.00,0.00,0.39,295,0,0,0.7,7.2,2026-03-15T14:00:00Z,45,False,8,0,0,0,0,0,30,0,15893,0,1,0,0,0.0,1,-796,706,1502,47,False,0
Kadan Young,MID,Aston Villa,0.0,0,0,0,0,0,0.0,0,63,0.00,0.00,0.00,0.00,297,0,0,0.0,0.0,2026-03-15T14:00:00Z,0,False,14,0,0,0,0,0,30,0,68997,0,0,1,3,0.0,0,-1887,0,1887,43,False,0
Endo Wataru,MID,Liverpool,0.0,0,0,0,0,0,0.0,0,392,0.00,0.00,0.00,0.00,296,0,0,0.0,0.0,2026-03-15T16:30:00Z,0,False,18,0,0,0,0,0,30,0,10800,0,0,1,1,0.0,0,-103,2,105,49,True,0
Samuel Chukwueze,MID,Fulham,0.0,0,0,4,0,1,1.2,5,727,0.01,0.01,0.00,0.60,298,0,0,0.8,5.2,2026-03-15T14:00:00Z,28,False,16,0,0,0,4,0,30,0,11371,0,0,0,0,2.0,1,40,770,730,53,False,0
Oliver Pimlott,MID,Burnley,0.0,0,0,0,0,0,0.0,0,776,0.00,0.00,0.00,0.00,293,0,0,0.0,0.0,2026-03-14T15:00:00Z,0,False,4,0,0,0,0,0,30,0,466,0,0,0,0,0.0,0,-45,79,124,45,True,0
Mats Wieffer,MID,Brighton,0.0,0,0,20,1,8,17.3,19,173,0.26,0.38,0.12,0.90,299,0,0,5.3,24.4,2026-03-14T15:00:00Z,90,False,17,0,0,0,9,0,30,0,15281,1,2,1,0,11.0,5,110,358,248,49,False,0
İlkay Gündoğan,MID,Man City,0.0,0,0,0,0,0,0.0,0,420,0.00,0.00,0.00,0.00,300,0,0,0.0,0.0,2026-03-14T20:00:00Z,0,False,19,0,0,0,0,0,30,0,7834,0,0,1,1,0.0,0,-6,0,6,63,False,0
Pedro Porro Sauceda,DEF,Spurs,0.0,0,0,5,0,5,9.3,5,568,0.03,0.06,0.03,1.70,296,1,0,3.3,17.8,2026-03-15T16:30:00Z,90,False,12,0,0,0,5,0,30,0,1195460,1,0,1,1,6.0,2,-7171,4413,11584,51,False,0
Daichi Kamada,MID,Crystal Palace,0.0,0,0,2,0,0,1.5,0,271,0.00,0.00,0.00,0.02,295,0,0,0.1,0.0,2026-03-15T14:00:00Z,10,False,11,0,0,0,0,0,30,0,9836,0,0,0,0,0.0,1,108,237,129,50,True,0
Tyrique George,MID,Everton,0.0,0,0,3,0,0,0.0,0,243,0.00,0.00,0.00,0.91,291,1,0,0.0,0.0,2026-03-14T17:30:00Z,1,False,1,0,0,0,0,0,30,0,8917,0,0,0,2,0.0,1,-172,192,364,48,False,0
Alysson Edward Franco da Rocha dos Santos,MID,Aston Villa,0.0,0,0,0,0,0,0.0,0,792,0.00,0.00,0.00,0.00,297,0,0,0.0,0.0,2026-03-15T14:00:00Z,0,False,14,0,0,0,0,0,30,0,378,0,0,1,3,0.0,0,27,42,15,50,False,0
Andy Irving,MID,West Ham,0.0,0,0,0,0,0,0.0,0,621,0.00,0.00,0.00,0.00,300,0,0,0.0,0.0,2026-03-14T20:00:00Z,0,False,13,0,0,0,0,0,30,0,27547,0,0,1,1,0.0,0,-448,0,448,43,True,0
Nick Pope,GK,Newcastle,0.0,0,0,0,0,0,0.0,0,469,0.00,0.00,0.00,0.00,294,0,0,0.0,0.0,2026-03-14T17:30:00Z,0,False,7,0,0,0,0,0,30,0,575661,0,0,1,0,0.0,0,-10895,3187,14082,51,False,0
Karl Hein,GK,Arsenal,0.0,0,0,0,0,0,0.0,0,3,0.00,0.00,0.00,0.00,291,0,0,0.0,0.0,2026-03-14T17:30:00Z,0,False,9,0,0,0,0,0,30,0,26104,0,0,0,2,0.0,0,-142,0,142,40,True,0
Ki-Jana Hoever,DEF,Wolves,0.0,0,0,0,0,0,0.0,0,638,0.00,0.00,0.00,0.00,292,0,0,0.0,0.0,2026-03-16T20:00:00Z,0,False,5,0,0,0,0,0,30,0,122186,0,0,2,2,0.0,0,-2430,0,2430,38,False,0
Fer López González,MID,Wolves,0.0,0,0,0,0,0,0.0,0,645,0.00,0.00,0.00,0.00,292,0,0,0.0,0.0,2026-03-16T20:00:00Z,0,False,5,0,0,0,0,0,30,0,3476,0,0,2,2,0.0,0,-20,0,20,51,False,0
Daniel James,MID,Leeds,0.0,0,0,0,0,0,0.0,0,353,0.00,0.00,0.00,0.00,295,0,0,0.0,0.0,2026-03-15T14:00:00Z,0,False,8,0,0,0,0,0,30,0,12929,0,0,0,0,0.0,0,58,187,129,52,False,0
Christopher Nkunku,MID,Chelsea,0.0,0,0,0,0,0,0.0,0,240,0.00,0.00,0.00,0.00,294,0,0,0.0,0.0,2026-03-14T17:30:00Z,0,False,15,0,0,0,0,0,30,0,10276,0,0,1,0,0.0,0,-11,0,11,59,True,0
Abdoullah Ba,MID,Sunderland,0.0,0,0,0,0,0,0.0,0,554,0.00,0.00,0.00,0.00,299,0,0,0.0,0.0,2026-03-14T15:00:00Z,0,False,6,0,0,0,0,0,30,0,43161,0,0,1,0,0.0,0,-478,415,893,43,True,0
Mike Trésor Ndayishimiye,MID,Burnley,0.0,0,0,0,0,0,0.0,0,214,0.00,0.00,0.00,0.00,293,0,0,0.0,0.0,2026-03-14T15:00:00Z,0,False,4,0,0,0,0,0,30,0,7413,0,0,0,0,0.0,0,97,267,170,43,True,0
Matthew Cox,GK,Brentford,0.0,0,0,0,0,0,0.0,0,103,0.00,0.00,0.00,0.00,292,0,0,0.0,0.0,2026-03-16T20:00:00Z,0,False,20,0,0,0,0,0,30,0,17948,0,0,2,2,0.0,0,-302,0,302,39,True,0
Darko Gyabi,MID,Leeds,0.0,0,0,0,0,0,0.0,0,361,0.00,0.00,0.00,0.00,295,0,0,0.0,0.0,2026-03-15T14:00:00Z,0,False,8,0,0,0,0,0,30,0,3045,0,0,0,0,0.0,0,-9,0,9,45,False,0
Michael Obafemi,FWD,Burnley,0.0,0,0,0,0,0,0.0,0,219,0.00,0.00,0.00,0.00,293,0,0,0.0,0.0,2026-03-14T15:00:00Z,0,False,4,0,0,0,0,0,30,0,13846,0,0,0,0,0.0,0,-59,0,59,44,True,0
Dwight McNeil,MID,Everton,0.0,0,0,6,1,3,15.9,7,300,0.01,0.35,0.34,0.75,291,0,0,3.6,9.4,2026-03-14T17:30:00Z,85,False,1,0,0,0,2,0,30,0,19032,1,2,0,2,11.0,3,-616,419,1035,55,False,0
Jacob Ramsey,MID,Newcastle,0.0,0,0,17,1,1,35.3,3,52,0.03,0.11,0.08,1.39,294,0,0,5.4,12.0,2026-03-14T17:30:00Z,90,False,7,0,0,0,2,0,30,0,31521,1,0,1,0,7.0,3,739,1970,1231,53,False,0
Veljko Milosavljevic,DEF,Bournemouth,0.0,0,0,0,0,0,0.0,0,721,0.00,0.00,0.00,0.00,293,0,0,0.0,0.0,2026-03-14T15:00:00Z,0,False,3,0,0,0,0,0,30,0,3674,0,0,0,0,0.0,0,35,86,51,44,False,0
Tom Edozie,MID,Wolves,0.0,0,0,0,0,0,0.0,0,651,0.00,0.00,0.00,0.00,292,0,0,0.0,0.0,2026-03-16T20:00:00Z,0,False,5,0,0,0,0,0,30,0,53987,0,0,2,2,0.0,0,1035,2527,1492,43,False,0
Coby Ebere,MID,Everton,0.0,0,0,0,0,0,0.0,0,307,0.00,0.00,0.00,0.00,291,0,0,0.0,0.0,2026-03-14T17:30:00Z,0,False,1,0,0,0,0,0,30,0,5769,0,0,0,2,0.0,0,36,133,97,44,False,0
Diego Coppola,DEF,Brighton,0.0,0,0,0,0,0,0.0,0,144,0.00,0.00,0.00,0.00,299,0,0,0.0,0.0,2026-03-14T15:00:00Z,0,False,17,0,0,0,0,0,30,0,5825,0,0,1,0,0.0,0,-73,0,73,42,False,0
Lukasz Fabianski,GK,West Ham,0.0,0,0,0,0,0,0.0,0,738,0.00,0.00,0.00,0.00,300,0,0,0.0,0.0,2026-03-14T20:00:00Z,0,False,13,0,0,0,0,0,30,0,4110,0,0,1,1,0.0,0,-55,40,95,45,True,0
Amadou Onana,MID,Aston Villa,0.0,0,0,14,0,4,19.2,10,59,0.12,0.30,0.18,1.10,297,3,0,6.7,22.6,2026-03-15T14:00:00Z,90,False,14,0,0,0,5,0,30,0,89675,1,1,1,3,25.0,2,-745,2057,2802,48,False,0
Giorgi Mamardashvili,GK,Liverpool,0.0,0,0,0,0,0,0.0,0,367,0.00,0.00,0.00,0.00,296,0,0,0.0,0.0,2026-03-15T16:30:00Z,0,False,18,0,0,0,0,0,30,0,71031,0,0,1,1,0.0,0,1303,2347,1044,41,True,0
Leon Bailey,MID,Aston Villa,0.0,0,0,1,0,0,2.3,2,49,0.28,0.32,0.04,0.58,297,2,0,1.2,0.0,2026-03-15T14:00:00Z,29,False,14,0,0,0,1,0,30,0,13299,0,1,1,3,10.0,1,548,896,348,55,False,0
Federico Chiesa,MID,Liverpool,0.0,0,0,4,0,0,10.3,1,385,0.10,0.10,0.00,0.03,296,0,0,1.4,2.0,2026-03-15T16:30:00Z,1,False,18,0,0,0,1,0,30,0,35745,0,0,1,1,2.0,1,-316,140,456,63,True,0
Ethan Sutherland,MID,Wolves,0.0,0,0,0,0,0,0.0,0,778,0.00,0.00,0.00,0.00,292,0,0,0.0,0.0,2026-03-16T20:00:00Z,0,False,5,0,0,0,0,0,30,0,1013,0,0,2,2,0.0,0,-13,62,75,45,False,0
Ryan Sessegnon,MID,Fulham,0.0,0,0,4,0,1,0.3,2,328,0.00,0.00,0.00,0.13,298,0,0,0.3,2.2,2026-03-15T14:00:00Z,1,False,16,0,0,0,1,0,30,0,20968,0,0,0,0,0.0,1,-172,584,756,54,False,0
John Stones,DEF,Man City,0.0,0,0,0,0,0,0.0,0,409,0.00,0.00,0.00,0.00,300,0,0,0.0,0.0,2026-03-14T20:00:00Z,0,False,19,0,0,0,0,0,30,0,73457,0,0,1,1,0.0,0,74,358,284,54,False,0
Isaac Heath,MID,Everton,0.0,0,0,0,0,0,0.0,0,308,0.00,0.00,0.00,0.00,291,0,0,0.0,0.0,2026-03-14T17:30:00Z,0,False,1,0,0,0,0,0,30,0,2031,0,0,0,2,0.0,0,-5,0,5,45,False,0
Chris Rigg,MID,Sunderland,0.0,0,0,8,0,2,13.5,7,551,0.01,0.11,0.10,1.68,299,1,0,2.8,6.4,2026-03-14T15:00:00Z,90,False,6,0,0,0,4,0,30,0,5959,1,1,1,0,8.0,2,-30,75,105,47,True,0
Luke O'Nien,DEF,Sunderland,0.0,0,0,4,0,2,0.7,2,539,0.01,0.01,0.00,0.38,299,0,0,0.8,5.6,2026-03-14T15:00:00Z,26,False,6,0,0,0,0,0,30,0,8768,0,0,1,0,2.0,1,443,587,144,40,True,0
Axel Tuanzebe,DEF,Burnley,0.0,0,0,0,0,0,0.0,0,198,0.00,0.00,0.00,0.00,293,0,0,0.0,0.0,2026-03-14T15:00:00Z,0,False,4,0,0,0,0,0,30,0,119485,0,0,0,0,0.0,0,-2002,52,2054,39,True,0
Teddy Sharman-Lowe,GK,Chelsea,0.0,0,0,0,0,0,0.0,0,803,0.00,0.00,0.00,0.00,294,0,0,0.0,0.0,2026-03-14T17:30:00Z,0,False,15,0,0,0,0,0,30,0,519,0,0,1,0,0.0,0,12,28,16,40,True,0
Séamus Coleman,DEF,Everton,0.0,0,0,0,0,0,0.0,0,294,0.00,0.00,0.00,0.00,291,0,0,0.0,0.0,2026-03-14T17:30:00Z,0,False,1,0,0,0,0,0,30,0,12124,0,0,0,2,0.0,0,-226,29,255,42,False,0
Carlos Alcaraz Durán,MID,Everton,0.0,0,0,0,0,0,0.0,0,301,0.00,0.00,0.00,0.00,291,0,0,0.0,0.0,2026-03-14T17:30:00Z,0,False,1,0,0,0,0,0,30,0,10106,0,0,0,2,0.0,0,-192,17,209,52,False,0
Jeremy Sarmiento Morante,MID,Brighton,0.0,0,0,0,0,0,0.0,0,171,0.00,0.00,0.00,0.00,299,0,0,0.0,0.0,2026-03-14T15:00:00Z,0,False,17,0,0,0,0,0,30,0,1939,0,0,1,0,0.0,0,-2,0,2,49,False,0
Matt Turner,GK,Nott'm Forest,0.0,0,0,0,0,0,0.0,0,504,0.00,0.00,0.00,0.00,298,0,0,0.0,0.0,2026-03-15T14:00:00Z,0,False,10,0,0,0,0,0,30,0,10075,0,0,0,0,0.0,0,-59,0,59,40,True,0
Djiamgone Jocelin Ta Bi,MID,Sunderland,0.0,0,0,0,0,0,0.0,0,800,0.00,0.00,0.00,0.00,299,0,0,0.0,0.0,2026-03-14T15:00:00Z,0,False,6,0,0,0,0,0,30,0,96,0,0,1,0,0.0,0,-10,13,23,50,True,0
Ethan Wheatley,FWD,Man Utd,0.0,0,0,0,0,0,0.0,0,468,0.00,0.00,0.00,0.00,297,0,0,0.0,0.0,2026-03-15T14:00:00Z,0,False,2,0,0,0,0,0,30,0,10813,0,0,1,3,0.0,0,-52,0,52,45,True,0
Roman Dixon,DEF,Everton,0.0,0,0,0,0,0,0.0,0,297,0.00,0.00,0.00,0.00,291,0,0,0.0,0.0,2026-03-14T17:30:00Z,0,False,1,0,0,0,0,0,30,0,20987,0,0,0,2,0.0,0,-279,0,279,38,False,0
Merlin Röhl,MID,Everton,0.0,0,0,4,0,0,0.1,3,728,0.04,0.04,0.00,1.95,291,2,0,0.5,4.4,2026-03-14T17:30:00Z,4,False,1,0,0,0,1,0,30,0,1896,0,2,0,2,0.0,1,-19,37,56,50,False,0
Charlie Tasker,DEF,Brighton,0.0,0,0,0,0,0,0.0,0,156,0.00,0.00,0.00,0.00,299,0,0,0.0,0.0,2026-03-14T15:00:00Z,0,False,17,0,0,0,0,0,30,0,20413,0,0,1,0,0.0,0,7,249,242,38,False,0
Charlie Gray,MID,Man City,0.0,0,0,0,0,0,0.0,0,763,0.00,0.00,0.00,0.00,300,0,0,0.0,0.0,2026-03-14T20:00:00Z,0,False,19,0,0,0,0,0,30,0,561,0,0,1,1,0.0,0,-2,23,25,45,False,0
Yoane Wissa,FWD,Newcastle,0.0,0,0,0,0,0,0.0,0,135,0.00,0.00,0.00,0.00,294,0,0,0.0,0.0,2026-03-14T17:30:00Z,0,False,7,0,0,0,0,0,30,0,75799,0,0,1,0,0.0,0,-1505,1070,2575,73,False,0
Marc Guéhi,DEF,Man City,0.0,0,0,10,0,8,24.5,8,260,0.03,0.41,0.38,0.54,300,1,0,6.3,17.8,2026-03-14T20:00:00Z,90,False,19,0,0,0,7,0,30,0,4812069,1,0,1,1,21.0,2,-49675,53454,103129,52,False,0
Josh Cullen,MID,Burnley,0.0,0,0,0,0,0,0.0,0,205,0.00,0.00,0.00,0.00,293,0,0,0.0,0.0,2026-03-14T15:00:00Z,0,False,4,0,0,0,0,0,30,0,106512,0,0,0,0,0.0,0,-1724,111,1835,49,True,0
Erling Haaland,FWD,Man City,0.0,0,0,7,0,0,13.6,2,430,0.05,0.35,0.30,0.54,300,1,0,5.3,1.6,2026-03-14T20:00:00Z,90,False,19,0,0,0,2,0,30,0,7807912,1,0,1,1,38.0,2,-263818,56569,320387,146,False,0
Djed Spence,DEF,Spurs,0.0,0,0,13,0,8,11.4,11,573,0.01,0.05,0.04,0.95,296,1,0,5.2,21.4,2026-03-15T16:30:00Z,75,False,12,0,0,0,3,0,30,0,118449,1,3,1,1,19.0,4,-3494,413,3907,42,False,0
Julian Eyestone,GK,Brentford,0.0,0,0,0,0,0,0.0,0,104,0.00,0.00,0.00,0.00,292,0,0,0.0,0.0,2026-03-16T20:00:00Z,0,False,20,0,0,0,0,0,30,0,14343,0,0,2,2,0.0,0,-162,73,235,39,True,0
Ármin Pécsi,GK,Liverpool,0.0,0,0,0,0,0,0.0,0,368,0.00,0.00,0.00,0.00,296,0,0,0.0,0.0,2026-03-15T16:30:00Z,0,False,18,0,0,0,0,0,30,0,121703,0,0,1,1,0.0,0,6909,11030,4121,38,True,0
Anton Stach,MID,Leeds,0.0,0,0,15,1,6,39.1,12,660,0.19,0.21,0.02,0.67,295,0,0,7.1,23.2,2026-03-15T14:00:00Z,90,False,8,0,0,0,4,0,30,0,347587,1,2,0,0,9.0,5,26258,42324,16066,47,False,0
Jefferson Lerma Solís,MID,Crystal Palace,0.0,0,0,15,1,2,4.2,10,272,0.04,0.08,0.04,1.12,295,0,0,2.4,7.6,2026-03-15T14:00:00Z,90,False,11,0,0,0,6,0,30,0,8246,1,2,0,0,12.0,3,-123,100,223,49,True,0
Jordan Beyer,DEF,Burnley,0.0,0,0,0,0,0,0.0,0,194,0.00,0.00,0.00,0.00,293,0,0,0.0,0.0,2026-03-14T15:00:00Z,0,False,4,0,0,0,0,0,30,0,7574,0,0,0,0,0.0,0,-30,63,93,39,True,0
Jayden Danns,FWD,Liverpool,0.0,0,0,0,0,0,0.0,0,398,0.00,0.00,0.00,0.00,296,0,0,0.0,0.0,2026-03-15T16:30:00Z,0,False,18,0,0,0,0,0,30,0,13292,0,0,1,1,0.0,0,-19,107,126,43,True,0
Rio Ngumoha,MID,Liverpool,0.0,0,0,20,1,1,5.8,2,686,0.23,0.48,0.25,0.60,296,0,0,4.1,9.0,2026-03-15T16:30:00Z,63,False,18,0,0,0,1,0,30,0,109456,1,0,1,1,26.0,3,5651,9924,4273,43,True,0
Brandon Austin,GK,Spurs,0.0,0,0,0,0,0,0.0,0,566,0.00,0.00,0.00,0.00,296,0,0,0.0,0.0,2026-03-15T16:30:00Z,0,False,12,0,0,0,0,0,30,0,37831,0,0,1,1,0.0,0,-158,144,302,39,False,0
Zain Silcott-Duberry,MID,Bournemouth,0.0,0,0,0,0,0,0.0,0,95,0.00,0.00,0.00,0.00,293,0,0,0.0,0.0,2026-03-14T15:00:00Z,0,False,3,0,0,0,0,0,30,0,6791,0,0,0,0,0.0,0,-36,0,36,44,False,0
Sepp van den Berg,DEF,Brentford,0.0,0,0,12,0,6,11.2,7,113,0.30,0.42,0.12,1.39,292,2,0,3.7,13.4,2026-03-16T20:00:00Z,90,False,20,0,0,0,3,0,30,0,183713,1,1,2,2,12.0,1,50400,55439,5039,45,True,0
Dominic Calvert-Lewin,FWD,Leeds,0.0,0,0,2,1,6,0.3,8,691,0.00,0.94,0.94,0.67,295,0,0,6.1,20.2,2026-03-15T14:00:00Z,90,False,8,0,1,0,2,0,30,0,1062270,1,0,0,0,40.0,0,-160868,28677,189545,57,False,0
Aaron Wan-Bissaka,DEF,West Ham,0.0,0,0,1,0,3,0.9,6,610,0.00,0.00,0.00,2.03,300,1,0,1.2,8.6,2026-03-14T20:00:00Z,90,False,13,0,0,0,5,0,30,0,596104,1,3,1,1,2.0,2,2714,9839,7125,41,True,0
Enzo Le Fée,MID,Sunderland,0.0,0,0,0,0,0,0.0,0,547,0.00,0.00,0.00,0.00,299,0,0,0.0,0.0,2026-03-14T15:00:00Z,0,False,6,0,0,0,0,0,30,0,184530,0,0,1,0,0.0,0,7501,17640,10139,50,True,0
David Ozoh,MID,Crystal Palace,0.0,0,0,0,0,0,0.0,0,280,0.00,0.00,0.00,0.00,295,0,0,0.0,0.0,2026-03-15T14:00:00Z,0,False,11,0,0,0,0,0,30,0,148,0,0,0,0,0.0,0,0,0,0,45,True,0
Mark Gillespie,GK,Newcastle,0.0,0,0,0,0,0,0.0,0,471,0.00,0.00,0.00,0.00,294,0,0,0.0,0.0,2026-03-14T17:30:00Z,0,False,7,0,0,0,0,0,30,0,17001,0,0,1,0,0.0,0,-13,112,125,39,False,0
Ben Casey,FWD,Crystal Palace,0.0,0,0,0,0,0,0.0,0,780,0.00,0.00,0.00,0.00,295,0,0,0.0,0.0,2026-03-15T14:00:00Z,0,False,11,0,0,0,0,0,30,0,3189,0,0,0,0,0.0,0,-46,174,220,45,True,0
Ethan Ampadu,MID,Leeds,0.0,0,0,22,1,6,1.8,12,354,0.12,0.17,0.05,0.67,295,0,0,3.1,24.0,2026-03-15T14:00:00Z,90,False,8,0,0,0,3,0,30,0,24072,1,3,0,0,5.0,5,-583,1902,2485,49,False,0
Lino da Cruz Sousa,DEF,Aston Villa,0.0,0,0,0,0,0,0.0,0,45,0.00,0.00,0.00,0.00,297,0,0,0.0,0.0,2026-03-15T14:00:00Z,0,False,14,0,0,0,0,0,30,0,34021,0,0,1,3,0.0,0,-607,0,607,38,False,0
Nicolò Savona,DEF,Nott'm Forest,0.0,0,0,0,0,0,0.0,0,716,0.00,0.00,0.00,0.00,298,0,0,0.0,0.0,2026-03-15T14:00:00Z,0,False,10,0,0,0,0,0,30,0,7140,0,0,0,0,0.0,0,-362,13,375,45,True,0
Harrison Reed,MID,Fulham,0.0,0,0,0,0,0,0.0,0,336,0.00,0.00,0.00,0.00,298,0,0,0.0,0.0,2026-03-15T14:00:00Z,0,False,16,0,0,0,0,0,30,0,50850,0,0,0,0,0.0,0,-315,1925,2240,43,False,0
Vitalii Mykolenko,DEF,Everton,0.0,0,0,1,0,5,1.5,7,292,0.01,0.01,0.00,2.70,291,2,0,1.5,13.6,2026-03-14T17:30:00Z,90,False,1,0,0,0,2,0,30,0,75932,1,2,0,2,0.0,1,-3565,1512,5077,49,False,0
Matt Targett,DEF,Newcastle,0.0,0,0,0,0,0,0.0,0,484,0.00,0.00,0.00,0.00,294,0,0,0.0,0.0,2026-03-14T17:30:00Z,0,False,7,0,0,0,0,0,30,0,18133,0,0,1,0,0.0,0,-65,0,65,40,False,0
Frank Onyeka,MID,Brentford,0.0,0,0,0,0,0,0.0,0,128,0.00,0.00,0.00,0.00,292,0,0,0.0,0.0,2026-03-16T20:00:00Z,0,False,20,0,0,0,0,0,30,0,5355,0,0,2,2,0.0,0,-35,0,35,48,True,0
Tijjani Reijnders,MID,Man City,0.0,0,0,6,0,2,21.5,4,427,0.15,0.19,0.04,0.00,300,0,0,3.8,9.8,2026-03-14T20:00:00Z,15,False,19,0,0,0,2,0,30,0,1235380,0,0,1,1,7.0,1,-22659,3383,26042,50,False,0
Igor Julio dos Santos de Paulo,DEF,Brighton,0.0,0,0,0,0,0,0.0,0,149,0.00,0.00,0.00,0.00,299,0,0,0.0,0.0,2026-03-14T15:00:00Z,0,False,17,0,0,0,0,0,30,0,9922,0,0,1,0,0.0,0,85,241,156,45,False,0
Gabriel Słonina,GK,Chelsea,0.0,0,0,0,0,0,0.0,0,223,0.00,0.00,0.00,0.00,294,0,0,0.0,0.0,2026-03-14T17:30:00Z,0,False,15,0,0,0,0,0,30,0,14087,0,0,1,0,0.0,0,-65,75,140,39,True,0
Manuel Akanji,DEF,Man City,0.0,0,0,0,0,0,0.0,0,404,0.00,0.00,0.00,0.00,300,0,0,0.0,0.0,2026-03-14T20:00:00Z,0,False,19,0,0,0,0,0,30,0,33208,0,0,1,1,0.0,0,-65,0,65,54,False,0
Bryan Mbeumo,MID,Man Utd,0.0,0,0,8,0,1,14.7,3,119,0.03,0.11,0.08,0.96,297,1,0,4.2,7.6,2026-03-15T14:00:00Z,74,False,2,0,0,0,0,0,30,0,2971795,1,2,1,3,20.0,2,-121519,57461,178980,87,True,0
Reece Welch,DEF,Everton,0.0,0,0,0,0,0,0.0,0,298,0.00,0.00,0.00,0.00,291,0,0,0.0,0.0,2026-03-14T17:30:00Z,0,False,1,0,0,0,0,0,30,0,18711,0,0,0,2,0.0,0,9,204,195,38,False,0
Tyler Dibling,MID,Everton,0.0,0,0,0,0,0,0.0,0,707,0.00,0.00,0.00,0.00,291,0,0,0.0,0.0,2026-03-14T17:30:00Z,0,False,1,0,0,0,0,0,30,0,3730,0,0,0,2,0.0,0,-47,42,89,53,False,0
Lewis Cook,MID,Bournemouth,0.0,0,0,0,0,0,0.0,0,88,0.00,0.00,0.00,0.00,293,0,0,0.0,0.0,2026-03-14T15:00:00Z,0,False,3,0,0,0,0,0,30,0,5170,0,0,0,0,0.0,0,-651,19,670,49,False,0
Tyler Adams,MID,Bournemouth,0.0,0,0,0,0,0,0.0,0,85,0.00,0.00,0.00,0.00,293,0,0,0.0,0.0,2026-03-14T15:00:00Z,0,False,3,0,0,0,0,0,30,0,35962,0,0,0,0,0.0,0,1221,1619,398,49,False,0
Jamaal Lascelles,DEF,Newcastle,0.0,0,0,0,0,0,0.0,0,480,0.00,0.00,0.00,0.00,294,0,0,0.0,0.0,2026-03-14T17:30:00Z,0,False,7,0,0,0,0,0,30,0,6187,0,0,1,0,0.0,0,-34,0,34,43,False,0
Andrés García,DEF,Aston Villa,0.0,0,0,4,0,0,0.8,1,42,0.00,0.00,0.00,0.03,297,0,0,0.3,2.2,2026-03-15T14:00:00Z,4,False,14,0,0,0,0,0,30,0,26371,0,1,1,3,0.0,1,51,349,298,39,False,0
Youri Tielemans,MID,Aston Villa,0.0,0,0,0,0,0,0.0,0,48,0.00,0.00,0.00,0.00,297,0,0,0.0,0.0,2026-03-15T14:00:00Z,0,False,14,0,0,0,0,0,30,0,80082,0,0,1,3,0.0,0,-1277,39,1316,59,False,0
Will Lankshear,FWD,Spurs,0.0,0,0,0,0,0,0.0,0,598,0.00,0.00,0.00,0.00,296,0,0,0.0,0.0,2026-03-15T16:30:00Z,0,False,12,0,0,0,0,0,30,0,2767,0,0,1,1,0.0,0,-13,0,13,45,False,0
Iwan Morgan,FWD,Brentford,0.0,0,0,0,0,0,0.0,0,137,0.00,0.00,0.00,0.00,292,0,0,0.0,0.0,2026-03-16T20:00:00Z,0,False,20,0,0,0,0,0,30,0,38285,0,0,2,2,0.0,0,-374,0,374,44,True,0
Victor Lindelöf,DEF,Aston Villa,0.0,0,0,0,0,0,0.0,0,719,0.00,0.00,0.00,0.00,297,0,0,0.0,0.0,2026-03-15T14:00:00Z,0,False,14,0,0,0,0,0,30,0,12883,0,0,1,3,0.0,0,-295,313,608,45,False,0
Pierre Ekwah Elimby,MID,Sunderland,0.0,0,0,0,0,0,0.0,0,556,0.00,0.00,0.00,0.00,299,0,0,0.0,0.0,2026-03-14T15:00:00Z,0,False,6,0,0,0,0,0,30,0,653,0,0,1,0,0.0,0,-3,0,3,45,True,0
Crysencio Summerville,MID,West Ham,0.0,0,0,0,0,0,0.0,0,615,0.00,0.00,0.00,0.00,300,0,0,0.0,0.0,2026-03-14T20:00:00Z,0,False,13,0,0,0,0,0,30,0,291754,0,0,1,1,0.0,0,-81962,24738,106700,57,True,0
Kian McMahon-Brown,MID,Burnley,0.0,0,0,0,0,0,0.0,0,820,0.00,0.00,0.00,0.00,293,0,0,0.0,0.0,2026-03-14T15:00:00Z,0,False,4,0,0,0,0,0,30,0,101,0,0,0,0,0.0,0,65,71,6,45,True,0
Philip Billing,MID,Bournemouth,0.0,0,0,0,0,0,0.0,0,89,0.00,0.00,0.00,0.00,293,0,0,0.0,0.0,2026-03-14T15:00:00Z,0,False,3,0,0,0,0,0,30,0,2735,0,0,0,0,0.0,0,-2,0,2,49,False,0
Cristhian Mosquera,DEF,Arsenal,0.0,0,0,12,0,2,13.4,5,662,0.03,0.03,0.00,0.24,291,0,0,2.6,10.4,2026-03-14T17:30:00Z,52,False,9,0,0,0,1,0,30,0,18638,0,3,0,2,2.0,1,470,750,280,53,True,0
Ethan Nwaneri,MID,Arsenal,0.0,0,0,0,0,0,0.0,0,25,0.00,0.00,0.00,0.00,291,0,0,0.0,0.0,2026-03-14T17:30:00Z,0,False,9,0,0,0,0,0,30,0,14895,0,0,0,2,0.0,0,-105,0,105,50,True,0
Bryan Gil Salvatierra,MID,Spurs,0.0,0,0,0,0,0,0.0,0,590,0.00,0.00,0.00,0.00,296,0,0,0.0,0.0,2026-03-15T16:30:00Z,0,False,12,0,0,0,0,0,30,0,3410,0,0,1,1,0.0,0,-10,0,10,49,False,0
Callum Olusesi,MID,Spurs,0.0,0,0,3,0,0,1.8,2,595,0.01,0.01,0.00,0.75,296,0,0,0.2,0.6,2026-03-15T16:30:00Z,14,False,12,0,0,0,2,0,30,0,27127,0,0,1,1,0.0,1,-1,391,392,43,False,0
Elyh Harrison,GK,Man Utd,0.0,0,0,0,0,0,0.0,0,433,0.00,0.00,0.00,0.00,297,0,0,0.0,0.0,2026-03-15T14:00:00Z,0,False,2,0,0,0,0,0,30,0,196,0,0,1,3,0.0,0,-1,0,1,40,True,0
Ellery Balcombe,GK,Brentford,0.0,0,0,0,0,0,0.0,0,102,0.00,0.00,0.00,0.00,292,0,0,0.0,0.0,2026-03-16T20:00:00Z,0,False,20,0,0,0,0,0,30,0,33583,0,0,2,2,0.0,0,-158,215,373,39,True,0
Gustavo Nunes Fernandes Gomes,MID,Brentford,0.0,0,0,0,0,0,0.0,0,127,0.00,0.00,0.00,0.00,292,0,0,0.0,0.0,2026-03-16T20:00:00Z,0,False,20,0,0,0,0,0,30,0,1678,0,0,2,2,0.0,0,-29,0,29,49,True,0
Boubacar Traoré,MID,Wolves,0.0,0,0,0,0,0,0.0,0,649,0.00,0.00,0.00,0.00,292,0,0,0.0,0.0,2026-03-16T20:00:00Z,0,False,5,0,0,0,0,0,30,0,119,0,0,2,2,0.0,0,0,0,0,50,False,0
Luka Vušković,DEF,Spurs,0.0,0,0,0,0,0,0.0,0,578,0.00,0.00,0.00,0.00,296,0,0,0.0,0.0,2026-03-15T16:30:00Z,0,False,12,0,0,0,0,0,30,0,40526,0,0,1,1,0.0,0,-180,0,180,39,False,0
Mateus Gonçalo Espanha Fernandes,MID,West Ham,0.0,0,0,9,0,2,1.3,8,708,0.01,0.01,0.00,2.03,300,1,0,0.4,3.0,2026-03-14T20:00:00Z,90,False,13,0,0,0,3,0,30,0,49877,1,3,1,1,0.0,1,-4361,2255,6616,55,True,1
Kenny Tete,DEF,Fulham,0.0,0,0,27,1,6,7.0,8,322,0.03,0.03,0.00,0.95,298,0,0,2.5,18.0,2026-03-15T14:00:00Z,90,False,16,0,0,0,4,0,30,0,40165,1,2,0,0,0.0,6,828,2156,1328,45,False,0
Landon Emenalo,MID,Chelsea,0.0,0,0,0,0,0,0.0,0,743,0.00,0.00,0.00,0.00,294,0,0,0.0,0.0,2026-03-14T17:30:00Z,0,False,15,0,0,0,0,0,30,0,1551,0,0,1,0,0.0,0,-11,31,42,45,True,0
Dilane Bakwa,MID,Nott'm Forest,0.0,0,0,0,0,0,0.0,0,734,0.00,0.00,0.00,0.00,298,0,0,0.0,0.0,2026-03-15T14:00:00Z,0,False,10,0,0,0,0,0,30,0,2716,0,0,0,0,0.0,0,20,96,76,59,True,0
Matt O'Riley,MID,Brighton,0.0,0,0,2,0,0,0.0,0,164,0.00,0.00,0.00,0.08,299,0,0,0.0,0.0,2026-03-14T15:00:00Z,1,False,17,0,0,0,0,0,30,0,43933,0,0,1,0,0.0,1,26,242,216,55,False,0
Senne Lammens,GK,Man Utd,0.0,0,0,7,0,0,0.0,0,733,0.00,0.00,0.00,1.00,297,1,0,1.2,12.0,2026-03-15T14:00:00Z,90,False,2,0,0,0,7,0,30,1,334360,1,0,1,3,0.0,2,19056,28052,8996,50,True,0
Dean Benamar,DEF,Crystal Palace,0.0,0,0,0,0,0,0.0,0,773,0.00,0.00,0.00,0.00,295,0,0,0.0,0.0,2026-03-15T14:00:00Z,0,False,11,0,0,0,0,0,30,0,1795,0,0,0,0,0.0,0,5,53,48,40,True,0
Carl Rushworth,GK,Brighton,0.0,0,0,0,0,0,0.0,0,141,0.00,0.00,0.00,0.00,299,0,0,0.0,0.0,2026-03-14T15:00:00Z,0,False,17,0,0,0,0,0,30,0,243,0,0,1,0,0.0,0,-2,0,2,40,False,0
Walter Benítez,GK,Crystal Palace,0.0,0,0,29,1,1,0.0,0,254,0.00,0.00,0.00,1.12,295,0,0,2.3,22.8,2026-03-15T14:00:00Z,90,False,11,0,0,0,9,0,30,3,39286,1,0,0,0,0.0,7,-22,352,374,40,True,0
John Ruddy,GK,Newcastle,0.0,0,0,0,0,0,0.0,0,753,0.00,0.00,0.00,0.00,294,0,0,0.0,0.0,2026-03-14T17:30:00Z,0,False,7,0,0,0,0,0,30,0,2280,0,0,1,0,0.0,0,39,85,46,40,False,0
Ibrahim Sangaré,MID,Nott'm Forest,0.0,0,0,14,1,3,17.1,9,521,0.19,0.19,0.00,1.03,298,0,0,2.9,9.6,2026-03-15T14:00:00Z,90,False,10,0,0,0,6,0,30,0,8585,1,0,0,0,2.0,3,71,337,266,49,True,0
Zak Johnson,DEF,Sunderland,0.0,0,0,0,0,0,0.0,0,538,0.00,0.00,0.00,0.00,299,0,0,0.0,0.0,2026-03-14T15:00:00Z,0,False,6,0,0,0,0,0,30,0,26392,0,0,1,0,0.0,0,-359,0,359,38,True,0
Brennan Johnson,MID,Crystal Palace,0.0,0,0,6,1,3,33.9,9,580,0.10,0.17,0.07,1.10,295,0,0,4.4,6.0,2026-03-15T14:00:00Z,79,False,11,0,0,0,4,0,30,0,306272,1,2,0,0,4.0,2,-746,2251,2997,65,True,1
Dominic Sadi,MID,Bournemouth,0.0,0,0,0,0,0,0.0,0,94,0.00,0.00,0.00,0.00,293,0,0,0.0,0.0,2026-03-14T15:00:00Z,0,False,3,0,0,0,0,0,30,0,3867,0,0,0,0,0.0,0,-16,0,16,45,False,0
Ian Poveda-Ocampo,MID,Sunderland,0.0,0,0,0,0,0,0.0,0,550,0.00,0.00,0.00,0.00,299,0,0,0.0,0.0,2026-03-14T15:00:00Z,0,False,6,0,0,0,0,0,30,0,3242,0,0,1,0,0.0,0,2,36,34,48,True,0
Rayan Aït-Nouri,DEF,Man City,0.0,0,0,15,0,2,20.7,5,402,0.10,0.15,0.05,0.54,300,1,0,4.9,19.6,2026-03-14T20:00:00Z,59,False,19,0,0,0,7,0,30,0,585358,1,3,1,1,9.0,1,16819,23880,7061,57,False,0
Carlos Baleba,MID,Brighton,0.0,0,0,0,0,0,0.0,0,167,0.00,0.00,0.00,0.00,299,0,0,0.0,0.0,2026-03-14T15:00:00Z,0,False,17,0,0,0,0,0,30,0,195845,0,0,1,0,0.0,0,1373,5045,3672,45,False,0
James Wright,GK,Aston Villa,0.0,0,0,0,0,0,0.0,0,688,0.00,0.00,0.00,0.00,297,0,0,0.0,0.0,2026-03-15T14:00:00Z,0,False,14,0,0,0,0,0,30,0,78164,0,0,1,3,0.0,0,-162,481,643,39,False,0
Jamie Bynoe-Gittens,MID,Chelsea,0.0,0,0,0,0,0,0.0,0,239,0.00,0.00,0.00,0.00,294,0,0,0.0,0.0,2026-03-14T17:30:00Z,0,False,15,0,0,0,0,0,30,0,13139,0,0,1,0,0.0,0,-59,56,115,60,True,0
Dejan Kulusevski,MID,Spurs,0.0,0,0,0,0,0,0.0,0,583,0.00,0.00,0.00,0.00,296,0,0,0.0,0.0,2026-03-15T16:30:00Z,0,False,12,0,0,0,0,0,30,0,1703,0,0,1,1,0.0,0,28,52,24,64,False,0
Wilfried Gnonto,MID,Leeds,0.0,0,0,0,0,0,0.0,0,351,0.00,0.00,0.00,0.00,295,0,0,0.0,0.0,2026-03-15T14:00:00Z,0,False,8,0,0,0,0,0,30,0,10821,0,0,0,0,0.0,0,-59,86,145,52,False,0
Lisandro Martínez,DEF,Man Utd,0.0,0,0,0,0,0,0.0,0,437,0.00,0.00,0.00,0.00,297,0,0,0.0,0.0,2026-03-15T14:00:00Z,0,False,2,0,0,0,0,0,30,0,71777,0,0,1,3,0.0,0,-15804,120,15924,48,True,0
El Hadji Malick Diouf,DEF,West Ham,0.0,0,0,9,0,4,0.3,5,603,0.00,0.00,0.00,2.03,300,1,0,1.3,12.4,2026-03-14T20:00:00Z,90,False,13,0,0,0,6,0,30,0,297456,1,1,1,1,0.0,2,31276,36913,5637,40,True,0
Leon Chiwome,FWD,Wolves,0.0,0,0,0,0,0,0.0,0,657,0.00,0.00,0.00,0.00,292,0,0,0.0,0.0,2026-03-16T20:00:00Z,0,False,5,0,0,0,0,0,30,0,3980,0,0,2,2,0.0,0,91,261,170,44,False,0
João Victor Gomes da Silva,MID,Wolves,0.0,1,2,30,0,1,13.3,9,646,0.51,0.51,0.00,2.56,292,2,0,4.0,26.8,2026-03-16T20:00:00Z,90,False,5,0,0,0,6,0,30,0,39845,1,2,2,2,0.0,7,3550,8302,4752,53,False,0
Jaydon Banel,MID,Burnley,0.0,0,0,0,0,0,0.0,0,213,0.00,0.00,0.00,0.00,293,0,0,0.0,0.0,2026-03-14T15:00:00Z,0,False,4,0,0,0,0,0,30,0,4871,0,0,0,0,0.0,0,-75,0,75,45,True,0
Kjell Scherpen,GK,Brighton,0.0,0,0,0,0,0,0.0,0,142,0.00,0.00,0.00,0.00,299,0,0,0.0,0.0,2026-03-14T15:00:00Z,0,False,17,0,0,0,0,0,30,0,230,0,0,1,0,0.0,0,0,0,0,40,False,0
Levi Samuels Colwill,DEF,Chelsea,0.0,0,0,0,0,0,0.0,0,227,0.00,0.00,0.00,0.00,294,0,0,0.0,0.0,2026-03-14T17:30:00Z,0,False,15,0,0,0,0,0,30,0,13412,0,0,1,0,0.0,0,-19,29,48,47,True,0
Shea Lacey,MID,Man Utd,0.0,0,0,0,0,0,0.0,0,755,0.00,0.00,0.00,0.00,297,0,0,0.0,0.0,2026-03-15T14:00:00Z,0,False,2,0,0,0,0,0,30,0,1589,0,0,1,3,0.0,0,-44,52,96,45,True,0
Harvey Elliott,MID,Aston Villa,0.0,0,0,0,0,0,0.0,0,389,0.00,0.00,0.00,0.00,297,0,0,0.0,0.0,2026-03-15T14:00:00Z,0,False,14,0,0,0,0,0,30,0,21294,0,0,1,3,0.0,0,-230,50,280,51,False,0
Olivier Boscagli,DEF,Brighton,0.0,0,0,0,0,0,0.0,0,143,0.00,0.00,0.00,0.00,299,0,0,0.0,0.0,2026-03-14T15:00:00Z,0,False,17,0,0,0,0,0,30,0,11183,0,0,1,0,0.0,0,65,210,145,42,False,0
Takai Kōta,DEF,Spurs,0.0,0,0,0,0,0,0.0,0,577,0.00,0.00,0.00,0.00,296,0,0,0.0,0.0,2026-03-15T16:30:00Z,0,False,12,0,0,0,0,0,30,0,5689,0,0,1,1,0.0,0,-29,0,29,40,False,0
Jeremie Frimpong,DEF,Liverpool,0.0,0,0,22,1,1,2.9,3,370,0.03,0.03,0.00,0.60,296,0,0,1.9,5.8,2026-03-15T16:30:00Z,63,False,18,0,0,0,6,0,30,0,628776,1,2,1,1,10.0,6,13328,17260,3932,57,True,0
Nehemiah Oriola,MID,Brighton,0.0,0,0,0,0,0,0.0,0,744,0.00,0.00,0.00,0.00,299,0,0,0.0,0.0,2026-03-14T15:00:00Z,0,False,17,0,0,0,0,0,30,0,1790,0,0,1,0,0.0,0,12,91,79,45,False,0
Joe Rodon,DEF,Leeds,0.0,0,0,26,1,10,14.5,11,348,0.03,0.03,0.00,0.67,295,0,0,4.1,22.6,2026-03-15T14:00:00Z,90,False,8,0,0,0,1,0,30,0,514526,1,1,0,0,4.0,8,11159,20259,9100,39,False,0
Jenson Seelt,DEF,Sunderland,0.0,0,0,0,0,0,0.0,0,542,0.00,0.00,0.00,0.00,299,0,0,0.0,0.0,2026-03-14T15:00:00Z,0,False,6,0,0,0,0,0,30,0,10972,0,0,1,0,0.0,0,-44,0,44,40,True,0
Marshall Munetsi,MID,Wolves,0.0,0,0,0,0,0,0.0,0,648,0.00,0.00,0.00,0.00,292,0,0,0.0,0.0,2026-03-16T20:00:00Z,0,False,5,0,0,0,0,0,30,0,4559,0,0,2,2,0.0,0,-55,0,55,53,False,0
Mateus Mané,FWD,Wolves,0.0,0,0,3,0,0,16.6,1,749,0.05,0.08,0.03,2.33,292,2,0,1.7,0.0,2026-03-16T20:00:00Z,45,False,5,0,0,0,1,0,30,0,259925,1,0,2,2,1.0,1,-28993,13609,42602,45,False,0
Rhys Williams,DEF,Liverpool,0.0,0,0,0,0,0,0.0,0,379,0.00,0.00,0.00,0.00,296,0,0,0.0,0.0,2026-03-15T16:30:00Z,0,False,18,0,0,0,0,0,30,0,78264,0,0,1,1,0.0,0,200,3556,3356,37,True,0
Luis Eduardo Soares da Silva,DEF,Nott'm Forest,0.0,0,0,0,0,0,0.0,0,729,0.00,0.00,0.00,0.00,298,0,0,0.0,0.0,2026-03-15T14:00:00Z,0,False,10,0,0,0,0,0,30,0,137,0,0,0,0,0.0,0,-5,0,5,45,True,0
Josh Laurent,MID,Burnley,0.0,0,0,11,1,2,3.2,8,209,0.02,0.02,0.00,1.69,293,0,0,1.7,12.2,2026-03-14T15:00:00Z,87,False,4,0,0,0,2,0,30,0,5133,1,4,0,0,2.0,3,-58,100,158,48,True,0
Diego León Blanco,DEF,Man Utd,0.0,0,0,0,0,0,0.0,0,439,0.00,0.00,0.00,0.00,297,0,0,0.0,0.0,2026-03-15T14:00:00Z,0,False,2,0,0,0,0,0,30,0,7310,0,0,1,3,0.0,0,-3,54,57,42,True,0
Romaine Mundle,MID,Sunderland,0.0,0,0,0,0,0,0.0,0,548,0.00,0.00,0.00,0.00,299,0,0,0.0,0.0,2026-03-14T15:00:00Z,0,False,6,0,0,0,0,0,30,0,1084,0,0,1,0,0.0,0,-49,9,58,49,True,0
Will Dennis,GK,Bournemouth,0.0,0,0,0,0,0,0.0,0,68,0.00,0.00,0.00,0.00,293,0,0,0.0,0.0,2026-03-14T15:00:00Z,0,False,3,0,0,0,0,0,30,0,94664,0,0,0,0,0.0,0,-1119,0,1119,40,False,0
Harry Howell,MID,Brighton,0.0,0,0,0,0,0,0.0,0,795,0.00,0.00,0.00,0.00,299,0,0,0.0,0.0,2026-03-14T15:00:00Z,0,False,17,0,0,0,0,0,30,0,750,0,0,1,0,0.0,0,50,88,38,45,False,0
Callum Wilson,FWD,West Ham,0.0,0,0,0,0,0,0.0,0,671,0.00,0.00,0.00,0.00,300,0,0,0.0,0.0,2026-03-14T20:00:00Z,0,False,13,0,0,0,0,0,30,0,68249,0,0,1,1,0.0,0,-1835,733,2568,58,True,0
Ronnie Hollingshead,GK,Aston Villa,0.0,0,0,0,0,0,0.0,0,757,0.00,0.00,0.00,0.00,297,0,0,0.0,0.0,2026-03-15T14:00:00Z,0,False,14,0,0,0,0,0,30,0,1914,0,0,1,3,0.0,0,-12,31,43,40,False,0
Vitaly Janelt,MID,Brentford,0.0,0,0,0,0,0,0.0,0,125,0.00,0.00,0.00,0.00,292,0,0,0.0,0.0,2026-03-16T20:00:00Z,0,False,20,0,0,0,0,0,30,0,21461,0,0,2,2,0.0,0,-8256,13,8269,49,True,0
Douglas Luiz Soares de Paulo,MID,Aston Villa,0.0,0,0,1,0,0,11.3,0,699,0.01,0.01,0.00,0.27,297,0,0,1.8,2.6,2026-03-15T14:00:00Z,8,False,14,0,0,0,0,0,30,0,13240,0,0,1,3,4.0,1,1238,1951,713,49,False,0
Marcus Tavernier,MID,Bournemouth,0.0,0,0,21,1,2,56.4,11,84,0.38,0.58,0.20,1.40,293,0,0,8.8,20.0,2026-03-14T15:00:00Z,90,False,3,0,0,0,7,0,30,0,296505,1,2,0,0,12.0,3,85406,92493,7087,53,False,0
Virgil van Dijk,DEF,Liverpool,0.0,0,0,13,0,6,14.2,8,373,0.04,0.04,0.00,1.18,296,1,0,4.9,28.4,2026-03-15T16:30:00Z,90,False,18,0,0,0,2,0,30,0,4309760,1,2,1,1,6.0,2,115453,171893,56440,62,True,0
Son Heung-min,MID,Spurs,0.0,0,0,0,0,0,0.0,0,579,0.00,0.00,0.00,0.00,296,0,0,0.0,0.0,2026-03-15T16:30:00Z,0,False,12,0,0,0,0,0,30,0,15226,0,0,1,1,0.0,0,-31,0,31,85,False,0
Axel Disasi,DEF,West Ham,0.0,0,0,7,0,2,0.2,2,815,0.00,0.00,0.00,2.03,300,1,0,0.5,4.8,2026-03-14T20:00:00Z,90,False,13,0,0,0,3,0,30,0,11773,1,0,1,1,0.0,2,465,1310,845,45,True,0
Luca Netz,DEF,Nott'm Forest,0.0,0,0,0,0,0,0.0,0,814,0.00,0.00,0.00,0.00,298,0,0,0.0,0.0,2026-03-15T14:00:00Z,0,False,10,0,0,0,0,0,30,0,529,0,0,0,0,0.0,0,38,62,24,45,True,0
Antoñito Cordero Campillo,MID,Newcastle,0.0,0,0,0,0,0,0.0,0,492,0.00,0.00,0.00,0.00,294,0,0,0.0,0.0,2026-03-14T17:30:00Z,0,False,7,0,0,0,0,0,30,0,2671,0,0,1,0,0.0,0,-2,0,2,49,False,0
Callum Marshall,FWD,West Ham,0.0,0,0,0,0,0,0.0,0,626,0.00,0.00,0.00,0.00,300,0,0,0.0,0.0,2026-03-14T20:00:00Z,0,False,13,0,0,0,0,0,30,0,67111,0,0,1,1,0.0,0,-644,0,644,43,True,0
Garang Kuol,MID,Newcastle,0.0,0,0,0,0,0,0.0,0,496,0.00,0.00,0.00,0.00,294,0,0,0.0,0.0,2026-03-14T17:30:00Z,0,False,7,0,0,0,0,0,30,0,4231,0,0,1,0,0.0,0,-12,0,12,44,False,0
Fábio Ferreira Vieira,MID,Arsenal,0.0,0,0,0,0,0,0.0,0,23,0.00,0.00,0.00,0.00,291,0,0,0.0,0.0,2026-03-14T17:30:00Z,0,False,9,0,0,0,0,0,30,0,2459,0,0,0,2,0.0,0,-2,0,2,54,True,0
Jean-Philippe Mateta,FWD,Crystal Palace,0.0,0,0,0,0,0,2.0,1,283,0.00,0.11,0.11,0.02,295,0,0,0.5,0.0,2026-03-15T14:00:00Z,30,False,11,0,0,0,1,0,30,0,848157,0,0,0,0,6.0,1,-10711,3355,14066,75,True,0
Gabriel Fernando de Jesus,FWD,Arsenal,0.0,0,0,0,0,0,0.0,0,31,0.00,0.00,0.00,0.00,291,0,0,0.0,0.0,2026-03-14T17:30:00Z,0,False,9,0,0,0,0,0,30,0,47139,0,0,0,2,0.0,0,-6087,1062,7149,64,True,0
Maximilian Kilman,DEF,West Ham,0.0,0,0,0,0,0,0.0,0,605,0.00,0.00,0.00,0.00,300,0,0,0.0,0.0,2026-03-14T20:00:00Z,0,False,13,0,0,0,0,0,30,0,18470,0,0,1,1,0.0,0,-266,107,373,41,True,0
Tawanda Chirewa,MID,Wolves,0.0,0,0,0,0,0,0.0,0,650,0.00,0.00,0.00,0.00,292,0,0,0.0,0.0,2026-03-16T20:00:00Z,0,False,5,0,0,0,0,0,30,0,26038,0,0,2,2,0.0,0,-311,0,311,43,False,0
Elijah Campbell,DEF,Everton,0.0,0,0,0,0,0,0.0,0,705,0.00,0.00,0.00,0.00,291,0,0,0.0,0.0,2026-03-14T17:30:00Z,0,False,1,0,0,0,0,0,30,0,19905,0,0,0,2,0.0,0,-220,0,220,39,False,0
Christantus Uche,FWD,Crystal Palace,0.0,0,0,0,0,0,0.0,0,732,0.00,0.00,0.00,0.00,295,0,0,0.0,0.0,2026-03-15T14:00:00Z,0,False,11,0,0,0,0,0,30,0,6949,0,0,0,0,0.0,0,110,399,289,55,True,0
Rayan Vitor Simplício Rocha,MID,Bournemouth,0.0,0,0,10,1,2,5.7,6,807,0.04,0.06,0.02,1.40,293,0,0,1.5,1.4,2026-03-14T15:00:00Z,86,False,3,0,0,0,4,0,30,0,337697,1,0,0,0,8.0,3,-7020,18584,25604,56,False,0
Harry Maguire,DEF,Man Utd,0.0,0,0,10,0,2,12.1,4,442,0.07,0.07,0.00,1.00,297,1,0,2.9,14.4,2026-03-15T14:00:00Z,90,False,2,0,0,0,5,0,30,0,223791,1,2,1,3,2.0,1,5179,13158,7979,44,True,1
Hjalmar Ekdal,DEF,Burnley,0.0,0,0,0,0,0,0.0,0,190,0.00,0.00,0.00,0.00,293,0,0,0.0,0.0,2026-03-14T15:00:00Z,0,False,4,0,0,0,0,0,30,0,98697,0,0,0,0,0.0,0,-1172,813,1985,38,True,0
Mason Mount,MID,Man Utd,0.0,0,0,0,0,0,0.0,0,455,0.00,0.00,0.00,0.00,297,0,0,0.0,0.0,2026-03-15T14:00:00Z,0,False,2,0,0,0,0,0,30,0,36197,0,0,1,3,0.0,0,-516,99,615,59,True,0
Paris Maghoma,MID,Brentford,0.0,0,0,0,0,0,0.0,0,132,0.00,0.00,0.00,0.00,292,0,0,0.0,0.0,2026-03-16T20:00:00Z,0,False,20,0,0,0,0,0,30,0,2696,0,0,2,2,0.0,0,-63,0,63,45,True,0
Jair Paula da Cunha Filho,DEF,Nott'm Forest,0.0,0,0,0,0,0,0.0,0,510,0.00,0.00,0.00,0.00,298,0,0,0.0,0.0,2026-03-15T14:00:00Z,0,False,10,0,0,0,0,0,30,0,8062,0,0,0,0,0.0,0,-23,104,127,42,True,0
Freddie Potts,MID,West Ham,0.0,0,0,0,0,0,0.0,0,623,0.00,0.00,0.00,0.00,300,0,0,0.0,0.0,2026-03-14T20:00:00Z,0,False,13,0,0,0,0,0,30,0,73895,0,0,1,1,0.0,0,-1232,796,2028,44,True,0
Joško Gvardiol,DEF,Man City,0.0,0,0,0,0,0,0.0,0,403,0.00,0.00,0.00,0.00,300,0,0,0.0,0.0,2026-03-14T20:00:00Z,0,False,19,0,0,0,0,0,30,0,426919,0,0,1,1,0.0,0,-5270,84,5354,59,False,0
Matthijs de Ligt,DEF,Man Utd,0.0,0,0,0,0,0,0.0,0,436,0.00,0.00,0.00,0.00,297,0,0,0.0,0.0,2026-03-15T14:00:00Z,0,False,2,0,0,0,0,0,30,0,236199,0,0,1,3,0.0,0,-1423,44,1467,49,True,0
Matheus França de Oliveira,MID,Crystal Palace,0.0,0,0,0,0,0,0.0,0,279,0.00,0.00,0.00,0.00,295,0,0,0.0,0.0,2026-03-15T14:00:00Z,0,False,11,0,0,0,0,0,30,0,768,0,0,0,0,0.0,0,-2,0,2,45,True,0
Nick Woltemade,FWD,Newcastle,0.0,0,0,10,1,2,2.5,8,714,0.00,0.00,0.00,0.86,294,0,0,1.5,8.6,2026-03-14T17:30:00Z,66,False,7,0,0,0,3,0,30,0,887553,1,3,1,0,4.0,2,-50784,5273,56057,67,False,0
Airidas Golambeckis,DEF,West Ham,0.0,0,0,0,0,0,0.0,0,752,0.00,0.00,0.00,0.00,300,0,0,0.0,0.0,2026-03-14T20:00:00Z,0,False,13,0,0,0,0,0,30,0,3710,0,0,1,1,0.0,0,-25,78,103,40,True,0
Lucas Bergvall,MID,Spurs,0.0,0,0,0,0,0,0.0,0,586,0.00,0.00,0.00,0.00,296,0,0,0.0,0.0,2026-03-15T16:30:00Z,0,False,12,0,0,0,0,0,30,0,22003,0,0,1,1,0.0,0,-184,17,201,52,False,0
Mikel Merino Zazón,MID,Arsenal,0.0,0,0,0,0,0,0.0,0,22,0.00,0.00,0.00,0.00,291,0,0,0.0,0.0,2026-03-14T17:30:00Z,0,False,9,0,0,0,0,0,30,0,103330,0,0,0,2,0.0,0,-3283,33,3316,54,True,0
Braiden Graham,FWD,Everton,0.0,0,0,0,0,0,0.0,0,779,0.00,0.00,0.00,0.00,291,0,0,0.0,0.0,2026-03-14T17:30:00Z,0,False,1,0,0,0,0,0,30,0,4540,0,0,0,2,0.0,0,64,378,314,45,False,0
Odsonne Édouard,FWD,Crystal Palace,0.0,0,0,0,0,0,0.0,0,285,0.00,0.00,0.00,0.00,295,0,0,0.0,0.0,2026-03-15T14:00:00Z,0,False,11,0,0,0,0,0,30,0,26650,0,0,0,0,0.0,0,-57,0,57,50,True,0
Joe Knight,MID,Brighton,0.0,0,0,0,0,0,0.0,0,175,0.00,0.00,0.00,0.00,299,0,0,0.0,0.0,2026-03-14T15:00:00Z,0,False,17,0,0,0,0,0,30,0,8995,0,0,1,0,0.0,0,-141,0,141,44,False,0
Zépiqueno Redmond,FWD,Aston Villa,0.0,0,0,0,0,0,0.0,0,65,0.00,0.00,0.00,0.00,297,0,0,0.0,0.0,2026-03-15T14:00:00Z,0,False,14,0,0,0,0,0,30,0,37413,0,0,1,3,0.0,0,-114,0,114,45,False,0
Matheus Santos Carneiro da Cunha,MID,Man Utd,0.0,0,1,32,0,0,17.3,5,450,0.01,0.23,0.22,1.00,297,1,1,7.4,36.2,2026-03-15T14:00:00Z,90,False,2,0,0,0,4,0,30,0,970539,1,1,1,3,20.0,8,-38173,22013,60186,80,True,0
Max Merrick,GK,Chelsea,0.0,0,0,0,0,0,0.0,0,789,0.00,0.00,0.00,0.00,294,0,0,0.0,0.0,2026-03-14T17:30:00Z,0,False,15,0,0,0,0,0,30,0,850,0,0,1,0,0.0,0,-5,23,28,40,True,0
Chemsdine Talbi,MID,Sunderland,0.0,0,0,9,0,2,11.6,3,553,0.33,0.44,0.11,1.68,299,1,0,3.5,13.2,2026-03-14T15:00:00Z,84,False,6,0,0,0,1,0,30,0,19739,1,0,1,0,10.0,2,-247,341,588,49,True,0
Zach Abbott,DEF,Nott'm Forest,0.0,0,0,0,0,0,0.0,0,513,0.00,0.00,0.00,0.00,298,0,0,0.0,0.0,2026-03-15T14:00:00Z,0,False,10,0,0,0,0,0,30,0,33976,0,0,0,0,0.0,0,-105,458,563,38,True,0
Mykhailo Mudryk,MID,Chelsea,0.0,0,0,0,0,0,0.0,0,245,0.00,0.00,0.00,0.00,294,0,0,0.0,0.0,2026-03-14T17:30:00Z,0,False,15,0,0,0,0,0,30,0,1155,0,0,1,0,0.0,0,16,31,15,49,True,0
Emile Smith Rowe,MID,Fulham,0.0,0,0,0,0,0,0.0,0,325,0.00,0.00,0.00,0.00,298,0,0,0.0,0.0,2026-03-15T14:00:00Z,0,False,16,0,0,0,0,0,30,0,70334,0,0,0,0,0.0,0,-1053,1739,2792,56,False,0
Yves Bissouma,MID,Spurs,0.0,0,0,0,0,0,0.0,0,587,0.00,0.00,0.00,0.00,296,0,0,0.0,0.0,2026-03-15T16:30:00Z,0,False,12,0,0,0,0,0,30,0,6297,0,0,1,1,0.0,0,-186,89,275,52,False,0
Zian Flemming,FWD,Burnley,0.0,0,0,2,1,3,22.3,6,215,0.09,0.95,0.86,1.69,293,0,0,6.2,12.2,2026-03-14T15:00:00Z,87,False,4,0,0,0,2,0,30,0,43468,1,1,0,0,27.0,2,-5809,2560,8369,53,True,0
Alfie Pond,DEF,Wolves,0.0,0,0,0,0,0,0.0,0,641,0.00,0.00,0.00,0.00,292,0,0,0.0,0.0,2026-03-16T20:00:00Z,0,False,5,0,0,0,0,0,30,0,124924,0,0,2,2,0.0,0,-1313,0,1313,39,False,0
Fraser Forster,GK,Bournemouth,0.0,0,0,0,0,0,0.0,0,782,0.00,0.00,0.00,0.00,293,0,0,0.0,0.0,2026-03-14T15:00:00Z,0,False,3,0,0,0,0,0,30,0,3163,0,0,0,0,0.0,0,95,229,134,40,False,0
Daniel Ballard,DEF,Sunderland,0.0,0,0,10,0,11,23.7,12,531,0.00,0.05,0.05,1.30,299,1,0,5.4,25.0,2026-03-14T15:00:00Z,63,False,6,0,0,0,6,0,30,0,529655,1,1,1,0,5.0,4,80928,88136,7208,47,True,0
Tim Iroegbunam,MID,Everton,0.0,0,0,16,1,3,12.3,11,304,0.02,0.02,0.00,0.75,291,0,0,3.1,18.6,2026-03-14T17:30:00Z,85,False,1,0,0,0,3,0,30,0,4914,1,5,0,2,0.0,3,-72,60,132,48,False,0
Lucas Digne,DEF,Aston Villa,0.0,1,0,15,0,6,32.3,7,37,0.22,0.22,0.00,0.83,297,3,0,5.3,18.8,2026-03-15T14:00:00Z,81,False,14,0,0,0,0,0,30,0,190261,1,1,1,3,2.0,4,-4406,2319,6725,45,False,0
Mads Hermansen,GK,West Ham,0.0,0,0,19,0,0,0.0,0,679,0.00,0.00,0.00,2.03,300,1,0,4.1,40.8,2026-03-14T20:00:00Z,90,False,13,0,0,0,10,0,30,5,50267,1,0,1,1,0.0,3,9759,11325,1566,42,True,0
Viktor Gyökeres,FWD,Arsenal,0.0,0,2,34,0,2,0.5,2,666,0.00,0.99,1.00,0.08,291,0,1,7.4,40.0,2026-03-14T17:30:00Z,29,False,9,0,0,0,0,0,30,0,1545202,0,0,0,2,33.0,7,-54288,34535,88823,88,True,0
Emiliano Buendía Stati,MID,Aston Villa,0.0,0,0,7,0,5,7.8,12,50,0.18,0.37,0.19,1.07,297,3,0,2.8,10.0,2026-03-15T14:00:00Z,85,False,14,0,0,0,5,0,30,0,55436,1,2,1,3,10.0,3,-5968,1092,7060,53,False,1
Benjamin Lecomte,GK,Fulham,0.0,0,0,0,0,0,0.0,0,664,0.00,0.00,0.00,0.00,298,0,0,0.0,0.0,2026-03-15T14:00:00Z,0,False,16,0,0,0,0,0,30,0,91608,0,0,0,0,0.0,0,-292,548,840,39,False,0
Ismeal Kabia,MID,Arsenal,0.0,0,0,0,0,0,0.0,0,28,0.00,0.00,0.00,0.00,291,0,0,0.0,0.0,2026-03-14T17:30:00Z,0,False,9,0,0,0,0,0,30,0,12484,0,0,0,2,0.0,0,-31,0,31,45,True,0
Isaac Hayden,MID,Newcastle,0.0,0,0,0,0,0,0.0,0,495,0.00,0.00,0.00,0.00,294,0,0,0.0,0.0,2026-03-14T17:30:00Z,0,False,7,0,0,0,0,0,30,0,761,0,0,1,0,0.0,0,-1,0,1,45,False,0
Adrian Mazilu,MID,Brighton,0.0,0,0,0,0,0,0.0,0,176,0.00,0.00,0.00,0.00,299,0,0,0.0,0.0,2026-03-14T15:00:00Z,0,False,17,0,0,0,0,0,30,0,2371,0,0,1,0,0.0,0,-5,0,5,45,False,0
Jurriën Timber,DEF,Arsenal,0.0,0,0,3,0,2,1.6,4,8,0.01,0.01,0.00,0.82,291,0,0,1.1,7.0,2026-03-14T17:30:00Z,37,False,9,0,0,0,1,0,30,0,3756345,1,2,0,2,2.0,1,129946,155714,25768,63,True,0
Kyle Walker,DEF,Burnley,0.0,0,0,23,1,7,11.2,7,187,0.01,0.01,0.00,2.55,293,0,0,2.7,15.6,2026-03-14T15:00:00Z,90,False,4,0,0,0,4,0,30,0,145420,1,0,0,0,0.0,6,165,2447,2282,44,True,0
Cole Palmer,MID,Chelsea,0.0,0,0,21,0,0,45.6,5,235,0.32,0.62,0.30,1.41,294,1,0,8.8,18.0,2026-03-14T17:30:00Z,90,False,15,0,0,0,4,0,30,0,2132813,1,1,1,0,24.0,2,60243,106126,45883,106,True,0
Maxence Lacroix,DEF,Crystal Palace,0.0,0,1,31,1,15,1.9,16,257,0.01,0.28,0.27,1.12,295,0,0,6.4,31.4,2026-03-15T14:00:00Z,90,False,11,0,0,0,2,0,30,0,596172,1,1,0,0,31.0,9,10618,30219,19601,51,True,0
Robert Lynch Sánchez,GK,Chelsea,0.0,0,0,16,0,1,0.0,0,220,0.00,0.00,0.00,1.41,294,1,0,2.5,24.6,2026-03-14T17:30:00Z,90,False,15,0,0,0,7,0,30,4,1721446,1,0,1,0,0.0,3,-61251,12403,73654,48,True,0
Benjamin Fredrick,DEF,Brentford,0.0,0,0,0,0,0,0.0,0,115,0.00,0.00,0.00,0.00,292,0,0,0.0,0.0,2026-03-16T20:00:00Z,0,False,20,0,0,0,0,0,30,0,9540,0,0,2,2,0.0,0,-38,0,38,40,True,0
Brajan Gruda,MID,Brighton,0.0,0,0,0,0,0,0.0,0,162,0.00,0.00,0.00,0.00,299,0,0,0.0,0.0,2026-03-14T15:00:00Z,0,False,17,0,0,0,0,0,30,0,6009,0,0,1,0,0.0,0,-103,0,103,54,False,0
James Trafford,GK,Man City,0.0,0,0,0,0,0,0.0,0,182,0.00,0.00,0.00,0.00,300,0,0,0.0,0.0,2026-03-14T20:00:00Z,0,False,19,0,0,0,0,0,30,0,119076,0,0,1,1,0.0,0,-389,158,547,45,False,0
Ben Gannon-Doak,MID,Bournemouth,0.0,0,0,0,0,0,0.0,0,391,0.00,0.00,0.00,0.00,293,0,0,0.0,0.0,2026-03-14T15:00:00Z,0,False,3,0,0,0,0,0,30,0,3945,0,0,0,0,0.0,0,-2,13,15,48,False,0
Max Alleyne,DEF,Man City,0.0,0,0,0,0,0,0.0,0,794,0.00,0.00,0.00,0.00,300,0,0,0.0,0.0,2026-03-14T20:00:00Z,0,False,19,0,0,0,0,0,30,0,1074,0,0,1,1,0.0,0,-55,34,89,40,False,0
Saša Kalajdžić,FWD,Wolves,0.0,0,0,0,0,0,0.0,0,656,0.00,0.00,0.00,0.00,292,0,0,0.0,0.0,2026-03-16T20:00:00Z,0,False,5,0,0,0,0,0,30,0,6203,0,0,2,2,0.0,0,-13,0,13,49,False,0
Mitoma Kaoru,MID,Brighton,0.0,0,0,0,0,0,0.0,0,157,0.00,0.00,0.00,0.00,299,0,0,0.0,0.0,2026-03-14T15:00:00Z,0,False,17,0,0,0,0,0,30,0,240315,0,0,1,0,0.0,0,-9305,754,10059,61,False,0
Michael Keane,DEF,Everton,0.0,0,0,16,0,15,0.8,16,295,0.01,0.07,0.06,2.70,291,2,0,5.1,38.8,2026-03-14T17:30:00Z,90,False,1,0,0,0,1,0,30,0,418348,1,1,0,2,11.0,3,-37867,5837,43704,46,False,0
Jenson Jones,DEF,Sunderland,0.0,0,0,0,0,0,0.0,0,774,0.00,0.00,0.00,0.00,299,0,0,0.0,0.0,2026-03-14T15:00:00Z,0,False,6,0,0,0,0,0,30,0,2366,0,0,1,0,0.0,0,24,147,123,40,True,0
Jean-Clair Todibo,DEF,West Ham,0.0,0,0,17,0,7,0.8,10,609,0.02,0.02,0.00,2.03,300,1,0,2.0,19.0,2026-03-14T20:00:00Z,90,False,13,0,0,0,6,0,30,0,12767,1,3,1,1,0.0,4,378,533,155,43,True,0
Joelinton Cássio Apolinário de Lira,MID,Newcastle,0.0,0,0,2,0,1,0.3,2,490,0.00,0.00,0.00,0.53,294,0,0,0.1,0.2,2026-03-14T17:30:00Z,23,False,7,0,0,0,1,0,30,0,38899,0,0,1,0,0.0,1,2208,3114,906,59,False,0
Mohamadou Kanté,MID,West Ham,0.0,0,0,3,0,0,0.3,0,758,0.01,0.01,0.00,0.00,300,0,0,0.0,0.0,2026-03-14T20:00:00Z,1,False,13,0,0,0,0,0,30,0,1382,0,0,1,1,0.0,1,41,86,45,45,True,0
Francisco Evanilson de Lima Barbosa,FWD,Bournemouth,0.0,0,0,5,1,0,4.4,6,97,0.00,0.74,0.74,1.40,293,0,0,4.9,1.0,2026-03-14T15:00:00Z,90,False,3,0,0,0,6,0,30,0,296808,1,0,0,0,44.0,2,11201,27007,15806,68,False,0
Nordi Mukiele,DEF,Sunderland,0.0,0,0,0,0,0,0.0,0,694,0.00,0.00,0.00,0.00,299,0,0,0.0,0.0,2026-03-14T15:00:00Z,0,False,6,0,0,0,0,0,30,0,1059768,0,0,1,0,0.0,0,-180441,1918,182359,45,True,0
Kevin Danso,DEF,Spurs,0.0,0,0,7,0,11,0.3,13,570,0.00,0.00,0.00,1.70,296,1,0,2.3,22.8,2026-03-15T16:30:00Z,90,False,12,0,0,0,2,0,30,0,16345,1,2,1,1,0.0,4,188,364,176,42,False,0
Adam Aznou,DEF,Everton,0.0,0,0,0,0,0,0.0,0,667,0.00,0.00,0.00,0.00,291,0,0,0.0,0.0,2026-03-14T17:30:00Z,0,False,1,0,0,0,0,0,30,0,7297,0,0,0,2,0.0,0,38,119,81,42,False,0
Ben Davies,DEF,Spurs,0.0,0,0,0,0,0,0.0,0,571,0.00,0.00,0.00,0.00,296,0,0,0.0,0.0,2026-03-15T16:30:00Z,0,False,12,0,0,0,0,0,30,0,8522,0,0,1,1,0.0,0,-61,10,71,43,False,0
Trai Hume,DEF,Sunderland,0.0,0,0,9,0,3,11.6,4,532,0.01,0.09,0.08,1.68,299,1,0,2.6,9.6,2026-03-14T15:00:00Z,90,False,6,0,0,0,3,0,30,0,44169,1,1,1,0,5.0,2,2476,3532,1056,45,True,0
Tom Cairney,MID,Fulham,0.0,0,0,4,0,0,1.8,1,331,0.01,0.01,0.00,0.59,298,0,0,0.3,1.4,2026-03-15T14:00:00Z,12,False,16,0,0,0,1,0,30,0,4074,0,0,0,0,0.0,1,39,90,51,48,False,0
Calvin Bassey,DEF,Fulham,0.0,0,3,34,1,1,1.1,4,318,0.01,0.36,0.36,0.95,298,0,0,3.7,18.4,2026-03-15T14:00:00Z,90,False,16,0,0,0,6,0,30,0,61846,1,3,0,0,17.0,9,1980,3538,1558,44,False,0
Alfie McNally,GK,Fulham,0.0,0,0,0,0,0,0.0,0,786,0.00,0.00,0.00,0.00,298,0,0,0.0,0.0,2026-03-15T14:00:00Z,0,False,16,0,0,0,0,0,30,0,1099,0,0,0,0,0.0,0,16,48,32,40,False,0
Matai Akinmboni,DEF,Bournemouth,0.0,0,0,0,0,0,0.0,0,75,0.00,0.00,0.00,0.00,293,0,0,0.0,0.0,2026-03-14T15:00:00Z,0,False,3,0,0,0,0,0,30,0,24818,0,0,0,0,0.0,0,257,425,168,38,False,0
Yehor Yarmoliuk,MID,Brentford,0.0,0,0,5,0,2,14.8,4,129,0.10,0.10,0.00,0.70,292,1,0,2.1,6.2,2026-03-16T20:00:00Z,22,False,20,0,0,0,2,0,30,0,13082,0,0,2,2,0.0,1,-401,278,679,50,True,0
Norberto Bercique Gomes Betuncal,FWD,Everton,0.0,0,0,7,1,3,2.3,4,311,0.00,0.11,0.11,0.62,291,0,0,4.5,8.0,2026-03-14T17:30:00Z,68,False,1,0,0,0,1,0,30,0,319287,1,0,0,2,35.0,2,-3216,7668,10884,50,False,0
Christian Nørgaard,MID,Arsenal,0.0,0,0,0,0,0,0.0,0,24,0.00,0.00,0.00,0.00,291,0,0,0.0,0.0,2026-03-14T17:30:00Z,0,False,9,0,0,0,0,0,30,0,17051,0,0,0,2,0.0,0,-43,119,162,51,True,0
Dan Ndoye,MID,Nott'm Forest,0.0,0,0,2,0,0,1.4,0,669,0.00,0.00,0.00,0.14,298,0,0,0.4,0.4,2026-03-15T14:00:00Z,45,False,10,0,0,0,0,0,30,0,89256,0,0,0,0,2.0,1,-523,153,676,55,True,0
Soungoutou Magassa,MID,West Ham,0.0,0,0,-1,0,1,0.1,4,718,0.00,0.00,0.00,1.42,300,0,0,0.5,5.2,2026-03-14T20:00:00Z,26,False,13,0,0,0,1,0,30,0,3448,0,2,1,1,0.0,0,-60,47,107,50,True,1
Bradley Burrowes,MID,Aston Villa,0.0,0,0,0,0,0,0.0,0,702,0.00,0.00,0.00,0.00,297,0,0,0.0,0.0,2026-03-15T14:00:00Z,0,False,14,0,0,0,0,0,30,0,9112,0,0,1,3,0.0,0,-10,93,103,44,False,0
Martin Sherif,FWD,Everton,0.0,0,0,0,0,0,0.0,0,313,0.00,0.00,0.00,0.00,291,0,0,0.0,0.0,2026-03-14T17:30:00Z,0,False,1,0,0,0,0,0,30,0,15105,0,0,0,2,0.0,0,-86,0,86,44,False,0
Martin Ødegaard,MID,Arsenal,0.0,0,0,0,0,0,0.0,0,17,0.00,0.00,0.00,0.00,291,0,0,0.0,0.0,2026-03-14T17:30:00Z,0,False,9,0,0,0,0,0,30,0,203250,0,0,0,2,0.0,0,-5372,136,5508,78,True,0
Malick Yalcouyé,MID,Brighton,0.0,0,0,0,0,0,0.0,0,174,0.00,0.00,0.00,0.00,299,0,0,0.0,0.0,2026-03-14T15:00:00Z,0,False,17,0,0,0,0,0,30,0,636,0,0,1,0,0.0,0,-2,0,2,50,False,0
Charalampos Kostoulas,FWD,Brighton,0.0,0,0,0,0,0,0.0,0,181,0.00,0.00,0.00,0.00,299,0,0,0.0,0.0,2026-03-14T15:00:00Z,0,False,17,0,0,0,0,0,30,0,44666,0,0,1,0,0.0,0,-608,624,1232,48,False,0
Romain Esse,MID,Crystal Palace,0.0,0,0,0,0,0,0.0,0,269,0.00,0.00,0.00,0.00,295,0,0,0.0,0.0,2026-03-15T14:00:00Z,0,False,11,0,0,0,0,0,30,0,14535,0,0,0,0,0.0,0,-90,0,90,47,True,0
João Victor de Souza Menezes,DEF,Spurs,0.0,0,0,1,0,3,0.3,3,804,0.00,0.02,0.02,0.56,296,1,0,1.4,4.2,2026-03-15T16:30:00Z,55,False,12,0,0,0,1,0,30,0,2279,1,0,1,1,9.0,1,27,191,164,40,False,0
Mark Travers,GK,Everton,0.0,0,0,0,0,0,0.0,0,288,0.00,0.00,0.00,0.00,291,0,0,0.0,0.0,2026-03-14T17:30:00Z,0,False,1,0,0,0,0,0,30,0,14537,0,0,0,2,0.0,0,-44,80,124,43,False,0
Altay Bayındır,GK,Man Utd,0.0,0,0,0,0,0,0.0,0,431,0.00,0.00,0.00,0.00,297,0,0,0.0,0.0,2026-03-15T14:00:00Z,0,False,2,0,0,0,0,0,30,0,40584,0,0,1,3,0.0,0,-50,314,364,47,True,0
Largie Ramazani,MID,Leeds,0.0,0,0,0,0,0,0.0,0,357,0.00,0.00,0.00,0.00,295,0,0,0.0,0.0,2026-03-15T14:00:00Z,0,False,8,0,0,0,0,0,30,0,1858,0,0,0,0,0.0,0,-2,0,2,49,False,0
Malcom DaCosta,MID,Bournemouth,0.0,0,0,0,0,0,0.0,0,756,0.00,0.00,0.00,0.00,293,0,0,0.0,0.0,2026-03-14T15:00:00Z,0,False,3,0,0,0,0,0,30,0,1279,0,0,0,0,0.0,0,23,78,55,45,False,0
Pedro Lomba Neto,MID,Chelsea,0.0,0,0,0,0,0,0.0,0,236,0.00,0.00,0.00,0.00,294,0,0,0.0,0.0,2026-03-14T17:30:00Z,0,False,15,0,0,0,0,0,30,0,537942,0,0,1,0,0.0,0,-25642,5866,31508,70,True,0
Rodrigo Martins Gomes,DEF,Wolves,0.0,0,0,2,0,0,0.3,0,635,0.02,0.02,0.00,0.07,292,0,0,0.6,0.0,2026-03-16T20:00:00Z,3,False,5,0,0,0,0,0,30,0,10248,0,0,2,2,6.0,1,2183,2452,269,44,False,0
Yerson Mosquera Valdelamar,DEF,Wolves,0.0,0,0,7,0,8,11.6,9,634,0.04,0.04,0.00,2.56,292,2,0,3.3,19.4,2026-03-16T20:00:00Z,90,False,5,0,0,0,5,0,30,0,15778,1,1,2,2,2.0,1,420,1725,1305,43,False,0
Iliman Ndiaye,MID,Everton,0.0,0,0,8,0,1,14.1,8,299,0.02,0.47,0.45,2.70,291,2,0,2.5,7.0,2026-03-14T17:30:00Z,90,False,1,0,0,0,6,0,30,0,542520,1,1,0,2,4.0,2,-15244,16872,32116,62,False,0
Tyler Fletcher,MID,Man Utd,0.0,0,0,0,0,0,0.0,0,771,0.00,0.00,0.00,0.00,297,0,0,0.0,0.0,2026-03-15T14:00:00Z,0,False,2,0,0,0,0,0,30,0,1488,0,0,1,3,0.0,0,2,117,115,44,True,0
Florentino Ibrain Morris Luís,MID,Burnley,0.0,0,0,0,0,0,0.0,0,722,0.00,0.00,0.00,0.00,293,0,0,0.0,0.0,2026-03-14T15:00:00Z,0,False,4,0,0,0,0,0,30,0,5269,0,0,0,0,0.0,0,-158,103,261,50,True,0
Nicolas Jackson,FWD,Chelsea,0.0,0,0,0,0,0,0.0,0,251,0.00,0.00,0.00,0.00,294,0,0,0.0,0.0,2026-03-14T17:30:00Z,0,False,15,0,0,0,0,0,30,0,9215,0,0,1,0,0.0,0,-20,0,20,65,True,0
Morgan Rogers,MID,Aston Villa,0.0,0,0,15,0,1,20.3,9,47,0.19,0.25,0.06,1.10,297,3,0,3.8,11.4,2026-03-15T14:00:00Z,90,False,14,0,0,0,6,0,30,0,3151998,1,2,1,3,6.0,2,-439013,27013,466026,75,False,0
Reiss Nelson,MID,Brentford,0.0,0,0,-1,0,0,0.0,1,27,0.00,0.07,0.07,0.06,292,0,0,0.2,0.0,2026-03-16T20:00:00Z,5,False,20,0,0,0,1,0,30,0,11993,0,0,2,2,4.0,1,-197,9,206,48,True,0
Dan Burn,DEF,Newcastle,0.0,0,0,5,0,5,0.0,5,476,0.00,0.00,0.00,0.35,294,0,0,0.9,9.4,2026-03-14T17:30:00Z,13,False,7,0,0,0,0,0,30,0,427757,0,0,1,0,0.0,1,2202,6820,4618,50,False,0
Andreas Hoelgebaum Pereira,MID,Fulham,0.0,0,0,0,0,0,0.0,0,327,0.00,0.00,0.00,0.00,298,0,0,0.0,0.0,2026-03-15T14:00:00Z,0,False,16,0,0,0,0,0,30,0,7550,0,0,0,0,0.0,0,-11,0,11,53,False,0
Lewis Miley,MID,Newcastle,0.0,0,0,0,0,0,0.0,0,497,0.00,0.00,0.00,0.00,294,0,0,0.0,0.0,2026-03-14T17:30:00Z,0,False,7,0,0,0,0,0,30,0,272198,0,0,1,0,0.0,0,-18223,1066,19289,44,False,0
Ahmed Abdullahi,FWD,Sunderland,0.0,0,0,0,0,0,0.0,0,562,0.00,0.00,0.00,0.00,299,0,0,0.0,0.0,2026-03-14T15:00:00Z,0,False,6,0,0,0,0,0,30,0,58435,0,0,1,0,0.0,0,-902,1127,2029,42,True,0
James McConnell,MID,Liverpool,0.0,0,0,0,0,0,0.0,0,394,0.00,0.00,0.00,0.00,296,0,0,0.0,0.0,2026-03-15T16:30:00Z,0,False,18,0,0,0,0,0,30,0,2602,0,0,1,1,0.0,0,-4,0,4,44,True,0
Tom McGill,GK,Brighton,0.0,0,0,0,0,0,0.0,0,140,0.00,0.00,0.00,0.00,299,0,0,0.0,0.0,2026-03-14T15:00:00Z,0,False,17,0,0,0,0,0,30,0,39793,0,0,1,0,0.0,0,-47,253,300,39,False,0
Brayden Clarke,DEF,Arsenal,0.0,0,0,0,0,0,0.0,0,13,0.00,0.00,0.00,0.00,291,0,0,0.0,0.0,2026-03-14T17:30:00Z,0,False,9,0,0,0,0,0,30,0,53676,0,0,0,2,0.0,0,-453,138,591,38,True,0
Joe Worrall,DEF,Burnley,0.0,0,0,5,0,5,0.0,5,199,0.00,0.00,0.00,0.88,293,0,0,1.1,8.6,2026-03-14T15:00:00Z,16,False,4,0,0,0,1,0,30,0,28205,0,0,0,0,2.0,1,3187,4106,919,38,True,0
Owen Dodgson,DEF,Burnley,0.0,0,0,0,0,0,0.0,0,189,0.00,0.00,0.00,0.00,293,0,0,0.0,0.0,2026-03-14T15:00:00Z,0,False,4,0,0,0,0,0,30,0,1589,0,0,0,0,0.0,0,-3,0,3,40,True,0
Enzo Fernández,MID,Chelsea,0.0,0,0,18,0,2,38.9,6,237,0.15,0.24,0.09,1.41,294,1,0,5.7,14.2,2026-03-14T17:30:00Z,90,False,15,0,0,0,3,0,30,0,2015552,1,1,1,0,4.0,2,-87020,50704,137724,66,True,0
Julio Enciso Espínola,MID,Brighton,0.0,0,0,0,0,0,0.0,0,161,0.00,0.00,0.00,0.00,299,0,0,0.0,0.0,2026-03-14T15:00:00Z,0,False,17,0,0,0,0,0,30,0,1132,0,0,1,0,0.0,0,-5,0,5,54,False,0
Emil Krafth,DEF,Newcastle,0.0,0,0,0,0,0,0.0,0,479,0.00,0.00,0.00,0.00,294,0,0,0.0,0.0,2026-03-14T17:30:00Z,0,False,7,0,0,0,0,0,30,0,4772,0,0,1,0,0.0,0,9,41,32,43,False,0
Boubacar Kamara,MID,Aston Villa,0.0,0,0,0,0,0,0.0,0,58,0.00,0.00,0.00,0.00,297,0,0,0.0,0.0,2026-03-15T14:00:00Z,0,False,14,0,0,0,0,0,30,0,23695,0,0,1,3,0.0,0,-794,25,819,49,False,0
Hugo Ekitiké,FWD,Liverpool,0.0,0,0,4,0,1,12.3,3,661,0.04,0.54,0.50,0.58,296,1,0,2.7,3.4,2026-03-15T16:30:00Z,26,False,18,0,0,0,2,0,30,0,4555541,0,0,1,1,11.0,1,132890,250651,117761,92,True,0
Amara Nallo,DEF,Liverpool,0.0,0,0,0,0,0,0.0,0,378,0.00,0.00,0.00,0.00,296,0,0,0.0,0.0,2026-03-15T16:30:00Z,0,False,18,0,0,0,0,0,30,0,138843,0,0,1,1,0.0,0,-3718,2166,5884,37,True,0
Andrew Robertson,DEF,Liverpool,0.0,0,0,2,0,3,6.1,4,372,0.03,0.13,0.10,1.18,296,1,0,2.2,6.0,2026-03-15T16:30:00Z,90,False,18,0,0,0,2,0,30,0,128360,1,1,1,1,10.0,2,-503,1109,1612,57,True,0
Seung-Soo Park,MID,Newcastle,0.0,0,0,0,0,0,0.0,0,689,0.00,0.00,0.00,0.00,294,0,0,0.0,0.0,2026-03-14T17:30:00Z,0,False,7,0,0,0,0,0,30,0,68301,0,0,1,0,0.0,0,623,3846,3223,43,False,0
Randal Kolo Muani,FWD,Spurs,0.0,1,0,18,0,1,10.8,6,726,0.17,0.17,0.00,0.75,296,0,0,3.3,20.2,2026-03-15T16:30:00Z,15,False,12,0,0,0,5,0,30,0,46787,0,0,1,1,2.0,4,-1942,1001,2943,69,False,0
Jason Steele,GK,Brighton,0.0,0,0,0,0,0,0.0,0,138,0.00,0.00,0.00,0.00,299,0,0,0.0,0.0,2026-03-14T15:00:00Z,0,False,17,0,0,0,0,0,30,0,31546,0,0,1,0,0.0,0,-55,270,325,42,False,0
Joe Gauci,GK,Aston Villa,0.0,0,0,0,0,0,0.0,0,34,0.00,0.00,0.00,0.00,297,0,0,0.0,0.0,2026-03-15T14:00:00Z,0,False,14,0,0,0,0,0,30,0,11634,0,0,1,3,0.0,0,-85,0,85,40,False,0
Callum Hudson-Odoi,MID,Nott'm Forest,0.0,0,0,2,0,1,2.4,2,516,0.01,0.01,0.00,0.89,298,0,0,0.4,1.2,2026-03-15T14:00:00Z,45,False,10,0,0,0,1,0,30,0,88780,1,0,0,0,0.0,1,1355,3423,2068,57,True,0
Trevoh Chalobah,DEF,Chelsea,0.0,0,0,7,0,2,2.5,3,226,0.02,0.18,0.16,1.41,294,1,0,2.3,11.2,2026-03-14T17:30:00Z,90,False,15,0,0,0,2,0,30,0,2364861,1,1,1,0,9.0,2,-120957,18387,139344,56,True,0
Jun'ai Byfield,DEF,Spurs,0.0,0,0,0,0,0,0.0,0,745,0.00,0.00,0.00,0.00,296,0,0,0.0,0.0,2026-03-15T16:30:00Z,0,False,12,0,0,0,0,0,30,0,4671,0,0,1,1,0.0,0,-34,53,87,40,False,0
Guido Rodríguez,MID,West Ham,0.0,0,0,0,0,0,0.0,0,618,0.00,0.00,0.00,0.00,300,0,0,0.0,0.0,2026-03-14T20:00:00Z,0,False,13,0,0,0,0,0,30,0,5299,0,0,1,1,0.0,0,-43,0,43,48,True,0
Kepa Arrizabalaga Revuelta,GK,Arsenal,0.0,0,0,0,0,0,0.0,0,2,0.00,0.00,0.00,0.00,291,0,0,0.0,0.0,2026-03-14T17:30:00Z,0,False,9,0,0,0,0,0,30,0,48903,0,0,0,2,0.0,0,-280,188,468,41,True,0
James Justin,DEF,Leeds,0.0,0,0,19,1,6,4.7,6,706,0.10,0.12,0.02,0.67,295,0,0,1.8,8.4,2026-03-15T14:00:00Z,90,False,8,0,0,0,4,0,30,0,124925,1,0,0,0,5.0,6,-1840,3069,4909,39,False,0
Daniel Adu-Adjei,FWD,Bournemouth,0.0,0,0,0,0,0,0.0,0,99,0.00,0.00,0.00,0.00,293,0,0,0.0,0.0,2026-03-14T15:00:00Z,0,False,3,0,0,0,0,0,30,0,17428,0,0,0,0,0.0,0,-71,0,71,44,False,0
Youssef Ramalho Chermiti,FWD,Everton,0.0,0,0,0,0,0,0.0,0,312,0.00,0.00,0.00,0.00,291,0,0,0.0,0.0,2026-03-14T17:30:00Z,0,False,1,0,0,0,0,0,30,0,8277,0,0,0,2,0.0,0,-9,0,9,49,False,0
Yang Min-hyeok,MID,Spurs,0.0,0,0,0,0,0,0.0,0,594,0.00,0.00,0.00,0.00,296,0,0,0.0,0.0,2026-03-15T16:30:00Z,0,False,12,0,0,0,0,0,30,0,1410,0,0,1,1,0.0,0,-1,0,1,45,False,0
Ibrahima Konaté,DEF,Liverpool,0.0,0,0,0,0,0,0.0,0,374,0.00,0.00,0.00,0.00,296,0,0,0.0,0.0,2026-03-15T16:30:00Z,0,False,18,0,0,0,0,0,30,0,558628,0,0,1,1,0.0,0,-6474,17314,23788,55,True,0
Lyle Foster,FWD,Burnley,0.0,0,0,2,1,0,0.7,1,217,0.00,0.09,0.09,1.17,293,0,0,1.0,0.0,2026-03-14T15:00:00Z,65,False,4,0,0,0,1,0,30,0,102740,1,0,0,0,10.0,2,1237,3345,2108,49,True,0
Rob Holding,DEF,Crystal Palace,0.0,0,0,0,0,0,0.0,0,264,0.00,0.00,0.00,0.00,295,0,0,0.0,0.0,2026-03-15T14:00:00Z,0,False,11,0,0,0,0,0,30,0,2056,0,0,0,0,0.0,0,-6,0,6,40,True,0
Valentín Castellanos,FWD,West Ham,0.0,0,0,3,0,1,2.3,2,791,0.01,0.01,0.00,0.99,300,1,0,1.1,4.6,2026-03-14T20:00:00Z,74,False,13,0,0,0,1,0,30,0,14313,1,0,1,1,4.0,2,-386,1966,2352,55,True,0
Manor Solomon,MID,Spurs,0.0,0,0,0,0,0,0.0,0,589,0.00,0.00,0.00,0.00,296,0,0,0.0,0.0,2026-03-15T16:30:00Z,0,False,12,0,0,0,0,0,30,0,846,0,0,1,1,0.0,0,-1,0,1,54,False,0
Tommy Setford,GK,Arsenal,0.0,0,0,0,0,0,0.0,0,4,0.00,0.00,0.00,0.00,291,0,0,0.0,0.0,2026-03-14T17:30:00Z,0,False,9,0,0,0,0,0,30,0,28270,0,0,0,2,0.0,0,-347,174,521,39,True,0
Marcus Edwards,MID,Burnley,0.0,0,0,4,0,0,4.8,4,206,0.00,0.02,0.02,1.38,293,0,0,1.0,0.6,2026-03-14T15:00:00Z,24,False,4,0,0,0,4,0,30,0,14089,0,0,0,0,5.0,1,-1763,49,1812,47,True,0
Manuel Benson Hedilazio,MID,Burnley,0.0,0,0,0,0,0,0.0,0,201,0.00,0.00,0.00,0.00,293,0,0,0.0,0.0,2026-03-14T15:00:00Z,0,False,4,0,0,0,0,0,30,0,1905,0,0,0,0,0.0,0,-4,0,4,54,True,0
Kalvin Phillips,MID,Man City,0.0,0,0,0,0,0,0.0,0,429,0.00,0.00,0.00,0.00,300,0,0,0.0,0.0,2026-03-14T20:00:00Z,0,False,19,0,0,0,0,0,30,0,7728,0,0,1,1,0.0,0,-43,0,43,47,False,0
Remy Rees-Dottin,MID,Bournemouth,0.0,0,0,0,0,0,0.0,0,687,0.00,0.00,0.00,0.00,293,0,0,0.0,0.0,2026-03-14T15:00:00Z,0,False,3,0,0,0,0,0,30,0,23762,0,0,0,0,0.0,0,412,1285,873,43,False,0
John Victor Maciel Furtado,GK,Nott'm Forest,0.0,0,0,0,0,0,0.0,0,715,0.00,0.00,0.00,0.00,298,0,0,0.0,0.0,2026-03-15T14:00:00Z,0,False,10,0,0,0,0,0,30,0,41987,0,0,0,0,0.0,0,-874,146,1020,40,True,0
Tyrick Mitchell,DEF,Crystal Palace,0.0,0,0,24,1,4,2.6,5,258,0.02,0.02,0.00,1.12,295,0,0,1.2,9.8,2026-03-15T14:00:00Z,90,False,11,0,0,0,1,0,30,0,288899,1,1,0,0,0.0,6,7533,13039,5506,50,True,0
Matheus Nunes,DEF,Man City,0.0,0,0,11,0,3,10.8,3,407,0.06,0.15,0.09,0.54,300,1,0,6.0,12.2,2026-03-14T20:00:00Z,90,False,19,0,0,0,2,0,30,0,451540,1,0,1,1,37.0,2,-6260,14375,20635,54,False,0
Sam Proctor,GK,Aston Villa,0.0,0,0,0,0,0,0.0,0,703,0.00,0.00,0.00,0.00,297,0,0,0.0,0.0,2026-03-15T14:00:00Z,0,False,14,0,0,0,0,0,30,0,82167,0,0,1,3,0.0,0,220,1726,1506,39,False,0
Harrison Jones,MID,Sunderland,0.0,0,0,0,0,0,0.0,0,557,0.00,0.00,0.00,0.00,299,0,0,0.0,0.0,2026-03-14T15:00:00Z,0,False,6,0,0,0,0,0,30,0,9044,0,0,1,0,0.0,0,52,257,205,43,True,0
Alex Iwobi,MID,Fulham,0.0,0,0,13,1,2,20.9,6,324,0.23,0.23,0.00,0.95,298,0,0,3.6,9.2,2026-03-15T14:00:00Z,90,False,16,0,0,0,4,0,30,0,311449,1,0,0,0,6.0,3,50757,66864,16107,64,False,0
Timothy Castagne,DEF,Fulham,0.0,0,0,0,0,0,0.0,0,319,0.00,0.00,0.00,0.00,298,0,0,0.0,0.0,2026-03-15T14:00:00Z,0,False,16,0,0,0,0,0,30,0,14228,0,0,0,0,0.0,0,-49,286,335,43,False,0
Bernd Leno,GK,Fulham,0.0,0,1,29,1,0,0.0,0,314,0.00,0.00,0.00,0.95,298,0,0,1.5,14.8,2026-03-15T14:00:00Z,90,False,16,0,0,0,9,0,30,2,202519,1,0,0,0,0.0,7,3818,7285,3467,49,False,0
Claudio Echeverri,MID,Man City,0.0,0,0,0,0,0,0.0,0,425,0.00,0.00,0.00,0.00,300,0,0,0.0,0.0,2026-03-14T20:00:00Z,0,False,19,0,0,0,0,0,30,0,1232,0,0,1,1,0.0,0,-2,0,2,54,False,0
Giovanni Leoni,DEF,Liverpool,0.0,0,0,0,0,0,0.0,0,692,0.00,0.00,0.00,0.00,296,0,0,0.0,0.0,2026-03-15T16:30:00Z,0,False,18,0,0,0,0,0,30,0,1786,0,0,1,1,0.0,0,1,16,15,49,True,0
Owen Bevan,DEF,Bournemouth,0.0,0,0,0,0,0,0.0,0,76,0.00,0.00,0.00,0.00,293,0,0,0.0,0.0,2026-03-14T15:00:00Z,0,False,3,0,0,0,0,0,30,0,23876,0,0,0,0,0.0,0,-90,299,389,38,False,0
Angus Gunn,GK,Nott'm Forest,0.0,0,0,0,0,0,0.0,0,675,0.00,0.00,0.00,0.00,298,0,0,0.0,0.0,2026-03-15T14:00:00Z,0,False,10,0,0,0,0,0,30,0,147763,0,0,0,0,0.0,0,-470,175,645,40,True,0
Cody Gakpo,MID,Liverpool,0.0,0,0,9,1,1,12.3,7,384,0.03,0.24,0.21,0.76,296,0,0,4.4,6.6,2026-03-15T16:30:00Z,82,False,18,0,0,0,4,0,30,0,776205,1,2,1,1,25.0,3,-6109,20678,26787,73,True,0
George Earthy,MID,West Ham,0.0,0,0,0,0,0,0.0,0,620,0.00,0.00,0.00,0.00,300,0,0,0.0,0.0,2026-03-14T20:00:00Z,0,False,13,0,0,0,0,0,30,0,5339,0,0,1,1,0.0,0,-42,0,42,45,True,0
Benjamin Arthur,DEF,Brentford,0.0,0,0,0,0,0,0.0,0,114,0.00,0.00,0.00,0.00,292,0,0,0.0,0.0,2026-03-16T20:00:00Z,0,False,20,0,0,0,0,0,30,0,24714,0,0,2,2,0.0,0,-326,0,326,38,True,0
Adam Wharton,MID,Crystal Palace,0.0,0,0,3,0,1,17.3,2,273,0.11,0.19,0.08,0.02,295,0,0,2.6,4.2,2026-03-15T14:00:00Z,30,False,11,0,0,0,1,0,30,0,86816,0,0,0,0,4.0,1,8338,10250,1912,50,True,0
Tyler Fredricson,DEF,Man Utd,0.0,0,0,0,0,0,0.0,0,446,0.00,0.00,0.00,0.00,297,0,0,0.0,0.0,2026-03-15T14:00:00Z,0,False,2,0,0,0,0,0,30,0,18519,0,0,1,3,0.0,0,707,888,181,37,True,0
Ross Barkley,MID,Aston Villa,0.0,0,3,42,0,2,4.8,12,55,0.05,0.16,0.11,0.83,297,3,1,7.4,51.8,2026-03-15T14:00:00Z,81,False,14,0,0,0,6,0,30,0,5423,1,4,1,3,17.0,12,98,209,111,48,False,0
James Wilson,FWD,Spurs,0.0,0,0,0,0,0,0.0,0,818,0.00,0.00,0.00,0.00,296,0,0,0.0,0.0,2026-03-15T16:30:00Z,0,False,12,0,0,0,0,0,30,0,2310,0,0,1,1,0.0,0,423,761,338,45,False,0
Darko Churlinov,MID,Burnley,0.0,0,0,0,0,0,0.0,0,204,0.00,0.00,0.00,0.00,293,0,0,0.0,0.0,2026-03-14T15:00:00Z,0,False,4,0,0,0,0,0,30,0,1586,0,0,0,0,0.0,0,-2,0,2,49,True,0
Sam Byram,DEF,Leeds,0.0,0,0,0,0,0,0.0,0,346,0.00,0.00,0.00,0.00,295,0,0,0.0,0.0,2026-03-15T14:00:00Z,0,False,8,0,0,0,0,0,30,0,29257,0,0,0,0,0.0,0,3075,3498,423,37,False,0
Chris Richards,DEF,Crystal Palace,0.0,0,2,33,1,10,30.1,10,261,0.11,0.16,0.05,1.12,295,0,0,6.3,27.4,2026-03-15T14:00:00Z,90,False,11,0,0,0,3,0,30,0,349934,1,0,0,0,5.0,10,13406,20857,7451,44,True,0
Jacob Murphy,MID,Newcastle,0.0,0,0,13,1,2,1.3,8,489,0.01,0.04,0.03,1.04,294,0,0,1.9,11.6,2026-03-14T17:30:00Z,77,False,7,0,0,0,2,0,30,0,80619,1,4,1,0,6.0,3,567,1820,1253,59,False,0
Filip Jörgensen,GK,Chelsea,0.0,0,0,0,0,0,0.0,0,221,0.00,0.00,0.00,0.00,294,0,0,0.0,0.0,2026-03-14T17:30:00Z,0,False,15,0,0,0,0,0,30,0,22057,0,0,1,0,0.0,0,979,1211,232,43,True,0
Rodrigo 'Rodri' Hernandez Cascante,MID,Man City,0.0,0,0,20,0,4,47.3,15,421,0.59,0.59,0.00,0.54,300,1,0,7.7,25.6,2026-03-14T20:00:00Z,90,False,19,0,0,0,9,0,30,0,65996,1,2,1,1,4.0,4,3027,4108,1081,63,False,0
Ryan Gravenberch,MID,Liverpool,0.0,0,0,20,0,4,6.2,8,390,0.10,0.34,0.24,1.18,296,1,0,4.3,15.2,2026-03-15T16:30:00Z,90,False,18,0,0,0,1,0,30,0,665182,1,3,1,1,22.0,2,-39718,17431,57149,55,True,0
Naouirou Ahamada,MID,Crystal Palace,0.0,0,0,0,0,0,0.0,0,275,0.00,0.00,0.00,0.00,295,0,0,0.0,0.0,2026-03-15T14:00:00Z,0,False,11,0,0,0,0,0,30,0,4692,0,0,0,0,0.0,0,-52,0,52,43,True,0
Danny Imray,DEF,Crystal Palace,0.0,0,0,0,0,0,0.0,0,798,0.00,0.00,0.00,0.00,295,0,0,0.0,0.0,2026-03-15T14:00:00Z,0,False,11,0,0,0,0,0,30,0,321,0,0,0,0,0.0,0,-9,0,9,40,True,0
Andrey Nascimento dos Santos,MID,Chelsea,0.0,0,0,0,0,0,0.0,0,246,0.00,0.00,0.00,0.00,294,0,0,0.0,0.0,2026-03-14T17:30:00Z,0,False,15,0,0,0,0,0,30,0,38843,0,0,1,0,0.0,0,168,1558,1390,45,True,0
Melker Ellborg,GK,Sunderland,0.0,0,0,17,0,2,0.0,0,812,0.02,0.02,0.00,1.68,299,1,0,2.7,27.4,2026-03-14T15:00:00Z,90,False,6,0,0,0,15,0,30,3,21930,1,0,1,0,0.0,3,19836,20357,521,40,True,0
Jake O'Brien,DEF,Everton,0.0,0,0,6,0,12,0.3,12,293,0.00,0.00,0.00,2.70,291,2,0,2.1,18.8,2026-03-14T17:30:00Z,90,False,1,0,0,0,5,0,30,0,82793,1,0,0,2,2.0,3,-4023,1477,5500,49,False,0
Gabriel Martinelli Silva,MID,Arsenal,0.0,1,0,15,0,1,14.5,2,19,0.09,0.13,0.04,0.08,291,0,0,4.6,20.0,2026-03-14T17:30:00Z,29,False,9,0,0,0,1,0,30,0,118249,0,0,0,2,11.0,4,-1563,2437,4000,68,True,0
Omar Marmoush,MID,Man City,0.0,1,0,10,0,0,12.0,2,413,0.01,0.11,0.10,0.54,300,1,0,3.5,14.0,2026-03-14T20:00:00Z,59,False,19,0,0,0,1,0,30,0,338836,1,1,1,1,9.0,3,-4275,8157,12432,83,False,1
Patrick Bamford,FWD,Leeds,0.0,0,0,0,0,0,0.0,0,363,0.00,0.00,0.00,0.00,295,0,0,0.0,0.0,2026-03-15T14:00:00Z,0,False,8,0,0,0,0,0,30,0,42548,0,0,0,0,0.0,0,-123,0,123,49,False,0
Ezra Mayers,DEF,West Ham,0.0,0,0,0,0,0,0.0,0,747,0.00,0.00,0.00,0.00,300,0,0,0.0,0.0,2026-03-14T20:00:00Z,0,False,13,0,0,0,0,0,30,0,4319,0,0,1,1,0.0,0,-40,53,93,40,True,0
Ederson Santana de Moraes,GK,Man City,0.0,0,0,0,0,0,0.0,0,399,0.00,0.00,0.00,0.00,300,0,0,0.0,0.0,2026-03-14T20:00:00Z,0,False,19,0,0,0,0,0,30,0,104314,0,0,1,1,0.0,0,-186,0,186,53,False,0
Jay Matete,MID,Sunderland,0.0,0,0,0,0,0,0.0,0,558,0.00,0.00,0.00,0.00,299,0,0,0.0,0.0,2026-03-14T15:00:00Z,0,False,6,0,0,0,0,0,30,0,21416,0,0,1,0,0.0,0,-358,0,358,43,True,0
James Milner,MID,Brighton,0.0,0,0,17,1,2,6.4,10,170,0.02,0.02,0.00,0.90,299,0,0,1.8,11.6,2026-03-14T15:00:00Z,90,False,17,0,0,0,6,0,30,0,14074,1,2,1,0,0.0,3,41,267,226,49,False,0
João Pedro Ferreira da Silva,MID,Nott'm Forest,0.0,0,0,0,0,0,0.0,0,518,0.00,0.00,0.00,0.00,298,0,0,0.0,0.0,2026-03-15T14:00:00Z,0,False,10,0,0,0,0,0,30,0,4857,0,0,0,0,0.0,0,-9,0,9,54,True,0
Darwin Núñez Ribeiro,FWD,Liverpool,0.0,0,0,0,0,0,0.0,0,397,0.00,0.00,0.00,0.00,296,0,0,0.0,0.0,2026-03-15T16:30:00Z,0,False,18,0,0,0,0,0,30,0,7994,0,0,1,1,0.0,0,-9,0,9,65,True,0
Nazarii Rusyn,FWD,Sunderland,0.0,0,0,0,0,0,0.0,0,564,0.00,0.00,0.00,0.00,299,0,0,0.0,0.0,2026-03-14T15:00:00Z,0,False,6,0,0,0,0,0,30,0,10517,0,0,1,0,0.0,0,-28,0,28,44,True,0
Blondy Nna Noukeu,GK,Sunderland,0.0,0,0,0,0,0,0.0,0,530,0.00,0.00,0.00,0.00,299,0,0,0.0,0.0,2026-03-14T15:00:00Z,0,False,6,0,0,0,0,0,30,0,14257,0,0,1,0,0.0,0,-198,0,198,39,True,0
Andre Harriman-Annous,MID,Arsenal,0.0,0,0,0,0,0,0.0,0,711,0.00,0.00,0.00,0.00,291,0,0,0.0,0.0,2026-03-14T17:30:00Z,0,False,9,0,0,0,0,0,30,0,1990,0,0,0,2,0.0,0,-5,28,33,44,True,0
Stefan Bajčetić Maquieira,MID,Liverpool,0.0,0,0,0,0,0,0.0,0,393,0.00,0.00,0.00,0.00,296,0,0,0.0,0.0,2026-03-15T16:30:00Z,0,False,18,0,0,0,0,0,30,0,10140,0,0,1,1,0.0,0,5093,5590,497,42,True,0
Eddie Nketiah,FWD,Crystal Palace,0.0,0,0,0,0,0,0.0,0,284,0.00,0.00,0.00,0.00,295,0,0,0.0,0.0,2026-03-15T14:00:00Z,0,False,11,0,0,0,0,0,30,0,37635,0,0,0,0,0.0,0,-524,64,588,54,True,0
Sean Longstaff,MID,Leeds,0.0,0,0,0,0,0,0.0,0,493,0.00,0.00,0.00,0.00,295,0,0,0.0,0.0,2026-03-15T14:00:00Z,0,False,8,0,0,0,0,0,30,0,29617,0,0,0,0,0.0,0,-230,206,436,48,False,0
Jenson Metcalfe,MID,Everton,0.0,0,0,0,0,0,0.0,0,309,0.00,0.00,0.00,0.00,291,0,0,0.0,0.0,2026-03-14T17:30:00Z,0,False,1,0,0,0,0,0,30,0,87,0,0,0,2,0.0,0,0,0,0,45,False,0
Nathaniel Clyne,DEF,Crystal Palace,0.0,0,0,0,0,0,0.0,0,263,0.00,0.00,0.00,0.00,295,0,0,0.0,0.0,2026-03-15T14:00:00Z,0,False,11,0,0,0,0,0,30,0,71735,0,0,0,0,0.0,0,-422,992,1414,38,True,0
Pascal Struijk,DEF,Leeds,0.0,0,0,24,1,9,0.7,10,343,0.00,0.00,0.00,0.67,295,0,0,2.5,18.2,2026-03-15T14:00:00Z,90,False,8,0,0,0,4,0,30,0,60899,1,1,0,0,6.0,8,-3953,2212,6165,43,False,0
Morgan Gibbs-White,MID,Nott'm Forest,0.0,0,0,14,1,0,7.7,5,515,0.01,0.08,0.07,1.03,298,0,0,2.4,5.0,2026-03-15T14:00:00Z,73,False,10,0,0,0,5,0,30,0,579195,1,0,0,0,11.0,3,135621,143060,7439,73,True,0
Joe Gelhardt,MID,Leeds,0.0,0,0,0,0,0,0.0,0,360,0.00,0.00,0.00,0.00,295,0,0,0.0,0.0,2026-03-15T14:00:00Z,0,False,8,0,0,0,0,0,30,0,966,0,0,0,0,0.0,0,-3,0,3,45,False,0
Mohamed Salah,MID,Liverpool,0.0,0,0,1,0,0,26.2,5,381,0.09,0.38,0.29,0.58,296,1,0,4.3,2.8,2026-03-15T16:30:00Z,26,False,18,0,0,0,5,0,30,0,1885215,0,0,1,1,14.0,1,12629,28101,15472,140,True,0
Calvin Ramsay,DEF,Liverpool,0.0,0,0,0,0,0,0.0,0,380,0.00,0.00,0.00,0.00,296,0,0,0.0,0.0,2026-03-15T16:30:00Z,0,False,18,0,0,0,0,0,30,0,30131,0,0,1,1,0.0,0,-171,150,321,38,True,0
Benjamin Sesko,FWD,Man Utd,0.0,0,0,25,0,0,0.0,1,681,0.00,0.31,0.31,0.03,297,0,1,5.2,31.2,2026-03-15T14:00:00Z,15,False,2,0,0,0,1,0,30,0,790780,0,0,1,3,21.0,5,60532,94838,34306,73,True,0
João Pedro Junqueira de Jesus,FWD,Chelsea,0.0,0,0,8,0,1,11.3,7,249,0.02,0.25,0.23,1.41,294,1,0,3.5,6.6,2026-03-14T17:30:00Z,90,False,15,0,0,0,3,0,30,0,6406195,1,3,1,0,17.0,2,510343,533438,23095,77,True,0
Isaac Schmidt,DEF,Leeds,0.0,0,0,0,0,0,0.0,0,349,0.00,0.00,0.00,0.00,295,0,0,0.0,0.0,2026-03-15T14:00:00Z,0,False,8,0,0,0,0,0,30,0,7985,0,0,0,0,0.0,0,-39,0,39,40,False,0
Franco Umeh-Chibueze,MID,Crystal Palace,0.0,0,0,0,0,0,0.0,0,282,0.00,0.00,0.00,0.00,295,0,0,0.0,0.0,2026-03-15T14:00:00Z,0,False,11,0,0,0,0,0,30,0,1957,0,0,0,0,0.0,0,-6,0,6,45,True,0
Lutsharel Geertruida,DEF,Sunderland,0.0,0,0,10,0,3,3.2,3,724,0.02,0.08,0.06,1.68,299,1,0,3.0,10.0,2026-03-14T15:00:00Z,90,False,6,0,0,0,6,0,30,0,6623,1,0,1,0,17.0,2,-48,329,377,45,True,0
James Hill,DEF,Bournemouth,0.0,0,0,30,1,14,10.3,16,77,0.06,0.34,0.28,1.40,293,0,0,5.3,31.8,2026-03-14T15:00:00Z,90,False,3,0,0,0,4,0,30,0,1008677,1,2,0,0,11.0,8,98005,106462,8457,42,False,0
Bukayo Saka,MID,Arsenal,0.0,0,0,12,1,2,29.8,7,16,0.09,0.24,0.15,1.05,291,0,0,7.4,9.4,2026-03-14T17:30:00Z,90,False,9,0,0,0,4,0,30,0,1071363,1,1,0,2,35.0,3,45563,62028,16465,98,True,0
Santiago Ignacio Bueno,DEF,Wolves,0.0,0,0,9,0,6,0.4,7,636,0.00,0.04,0.04,2.56,292,2,0,4.1,19.8,2026-03-16T20:00:00Z,90,False,5,0,0,0,5,0,30,0,16011,1,1,2,2,21.0,1,-338,1176,1514,44,False,0
Alex Tóth,MID,Bournemouth,0.0,0,0,0,0,0,0.0,0,801,0.00,0.00,0.00,0.00,293,0,0,0.0,0.0,2026-03-14T15:00:00Z,0,False,3,0,0,0,0,0,30,0,887,0,0,0,0,0.0,0,-28,22,50,49,False,0
Nicolás Domínguez,MID,Nott'm Forest,0.0,0,0,9,0,1,1.8,6,519,0.00,0.06,0.06,0.89,298,0,0,1.9,9.8,2026-03-15T14:00:00Z,45,False,10,0,0,0,2,0,30,0,4234,1,3,0,0,7.0,1,-78,87,165,50,True,0
Remi Matthews,GK,Crystal Palace,0.0,0,0,0,0,0,0.0,0,255,0.00,0.00,0.00,0.00,295,0,0,0.0,0.0,2026-03-15T14:00:00Z,0,False,11,0,0,0,0,0,30,0,13386,0,0,0,0,0.0,0,14,128,114,39,True,0
Illan Meslier,GK,Leeds,0.0,0,0,0,0,0,0.0,0,339,0.00,0.00,0.00,0.00,295,0,0,0.0,0.0,2026-03-15T14:00:00Z,0,False,8,0,0,0,0,0,30,0,43293,0,0,0,0,0.0,0,-31,351,382,41,False,0
Martin Dúbravka,GK,Burnley,0.0,0,0,26,1,1,0.0,0,470,0.00,0.00,0.00,2.55,293,0,0,1.7,17.0,2026-03-14T15:00:00Z,90,False,4,0,0,0,9,0,30,2,4176284,1,0,0,0,0.0,6,-12411,21693,34104,40,True,0
Yasin Özcan,DEF,Aston Villa,0.0,0,0,0,0,0,0.0,0,46,0.00,0.00,0.00,0.00,297,0,0,0.0,0.0,2026-03-15T14:00:00Z,0,False,14,0,0,0,0,0,30,0,14082,0,0,1,3,0.0,0,-55,0,55,40,False,0
Connor Roberts,DEF,Burnley,0.0,0,0,0,0,0,0.0,0,186,0.00,0.00,0.00,0.00,293,0,0,0.0,0.0,2026-03-14T15:00:00Z,0,False,4,0,0,0,0,0,30,0,3625,0,0,0,0,0.0,0,-18,35,53,43,True,0
Temple Ojinnaka,MID,Wolves,0.0,0,0,0,0,0,0.0,0,777,0.00,0.00,0.00,0.00,292,0,0,0.0,0.0,2026-03-16T20:00:00Z,0,False,5,0,0,0,0,0,30,0,265,0,0,2,2,0.0,0,-18,0,18,45,False,0
Murillo Costa dos Santos,DEF,Nott'm Forest,0.0,0,0,26,1,4,11.2,4,506,0.01,0.03,0.02,1.03,298,0,0,2.7,13.8,2026-03-15T14:00:00Z,90,False,10,0,0,0,4,0,30,0,249225,1,0,0,0,2.0,6,5713,8932,3219,52,True,0
Ferdi Kadıoğlu,DEF,Brighton,0.0,0,0,30,1,7,2.3,11,148,0.02,0.15,0.13,0.90,299,0,0,2.7,17.8,2026-03-14T15:00:00Z,90,False,17,0,0,0,3,0,30,0,45693,1,4,1,0,7.0,8,3276,4801,1525,44,False,0
Aji Alese,DEF,Sunderland,0.0,0,0,0,0,0,0.0,0,533,0.00,0.00,0.00,0.00,299,0,0,0.0,0.0,2026-03-14T15:00:00Z,0,False,6,0,0,0,0,0,30,0,447,0,0,1,0,0.0,0,-3,0,3,40,True,0
Harry Gray,FWD,Leeds,0.0,0,0,0,0,0,0.0,0,741,0.00,0.00,0.00,0.00,295,0,0,0.0,0.0,2026-03-15T14:00:00Z,0,False,8,0,0,0,0,0,30,0,10754,0,0,0,0,0.0,0,-237,0,237,45,False,0
Kaden Rodney,MID,Crystal Palace,0.0,0,0,0,0,0,0.0,0,281,0.00,0.00,0.00,0.00,295,0,0,0.0,0.0,2026-03-15T14:00:00Z,0,False,11,0,0,0,0,0,30,0,6486,0,0,0,0,0.0,0,30,136,106,44,True,0
Odysseas Vlachodimos,GK,Newcastle,0.0,0,0,0,0,0,0.0,0,472,0.00,0.00,0.00,0.00,294,0,0,0.0,0.0,2026-03-14T17:30:00Z,0,False,7,0,0,0,0,0,30,0,1740,0,0,1,0,0.0,0,-6,0,6,40,False,0
Yunus Emre Konak,MID,Brentford,0.0,0,0,0,0,0,0.0,0,131,0.00,0.00,0.00,0.00,292,0,0,0.0,0.0,2026-03-16T20:00:00Z,0,False,20,0,0,0,0,0,30,0,18988,0,0,2,2,0.0,0,-383,0,383,43,True,0
Kyle Walker-Peters,DEF,West Ham,0.0,0,0,0,0,0,0.0,0,659,0.00,0.00,0.00,0.00,300,0,0,0.0,0.0,2026-03-14T20:00:00Z,0,False,13,0,0,0,0,0,30,0,31489,0,0,1,1,0.0,0,-298,282,580,42,True,0
Gabriel Gudmundsson,DEF,Leeds,0.0,0,0,-6,0,3,0.5,4,347,0.03,0.03,0.00,0.29,295,0,0,0.0,0.0,2026-03-15T14:00:00Z,49,False,8,0,0,0,2,1,30,0,509700,1,1,0,0,0.0,-2,3547,13716,10169,38,False,0
Jacob Slater,DEF,Brighton,0.0,0,0,0,0,0,0.0,0,155,0.00,0.00,0.00,0.00,299,0,0,0.0,0.0,2026-03-14T15:00:00Z,0,False,17,0,0,0,0,0,30,0,11309,0,0,1,0,0.0,0,-42,0,42,40,False,0
Joe White,MID,Newcastle,0.0,0,0,0,0,0,0.0,0,498,0.00,0.00,0.00,0.00,294,0,0,0.0,0.0,2026-03-14T17:30:00Z,0,False,7,0,0,0,0,0,30,0,693,0,0,1,0,0.0,0,-2,0,2,45,False,0
Sam Alabi,MID,Newcastle,0.0,0,0,0,0,0,0.0,0,772,0.00,0.00,0.00,0.00,294,0,0,0.0,0.0,2026-03-14T17:30:00Z,0,False,7,0,0,0,0,0,30,0,629,0,0,1,0,0.0,0,42,75,33,45,False,0
Tyrell Malacia,DEF,Man Utd,0.0,0,0,0,0,0,0.0,0,448,0.00,0.00,0.00,0.00,297,0,0,0.0,0.0,2026-03-15T14:00:00Z,0,False,2,0,0,0,0,0,30,0,48098,0,0,1,3,0.0,0,-249,388,637,38,True,0
Ian Maatsen,DEF,Aston Villa,0.0,0,0,3,0,0,0.8,0,39,0.01,0.01,0.00,0.27,297,0,0,0.1,0.6,2026-03-15T14:00:00Z,8,False,14,0,0,0,0,0,30,0,79616,0,0,1,3,0.0,1,-2054,1457,3511,42,False,0
Nathan Aké,DEF,Man City,0.0,0,0,0,0,0,0.0,0,405,0.00,0.00,0.00,0.00,300,0,0,0.0,0.0,2026-03-14T20:00:00Z,0,False,19,0,0,0,0,0,30,0,78015,0,0,1,1,0.0,0,-433,313,746,52,False,0
Enso González Medina,MID,Wolves,0.0,0,0,0,0,0,0.0,0,652,0.00,0.00,0.00,0.00,292,0,0,0.0,0.0,2026-03-16T20:00:00Z,0,False,5,0,0,0,0,0,30,0,167087,0,0,2,2,0.0,0,-671,2107,2778,43,False,0
Jayden Bogle,DEF,Leeds,0.0,0,0,8,0,3,0.3,5,342,0.00,0.00,0.00,0.39,295,0,0,0.9,6.4,2026-03-15T14:00:00Z,45,False,8,0,0,0,3,0,30,0,29780,0,2,0,0,2.0,1,-3393,1125,4518,44,False,0
James Maddison,MID,Spurs,0.0,0,0,0,0,0,0.0,0,581,0.00,0.00,0.00,0.00,296,0,0,0.0,0.0,2026-03-15T16:30:00Z,0,False,12,0,0,0,0,0,30,0,15332,0,0,1,1,0.0,0,15,69,54,68,False,0
Pervis Estupiñán Tenorio,DEF,Brighton,0.0,0,0,0,0,0,0.0,0,147,0.00,0.00,0.00,0.00,299,0,0,0.0,0.0,2026-03-14T15:00:00Z,0,False,17,0,0,0,0,0,30,0,1166,0,0,1,0,0.0,0,-4,0,4,45,False,0
Solly March,MID,Brighton,0.0,0,0,0,0,0,0.0,0,159,0.00,0.00,0.00,0.00,299,0,0,0.0,0.0,2026-03-14T15:00:00Z,0,False,17,0,0,0,0,0,30,0,1459,0,0,1,0,0.0,0,315,379,64,58,False,0
Wes Foderingham,GK,West Ham,0.0,0,0,0,0,0,0.0,0,601,0.00,0.00,0.00,0.00,300,0,0,0.0,0.0,2026-03-14T20:00:00Z,0,False,13,0,0,0,0,0,30,0,29314,0,0,1,1,0.0,0,-173,0,173,40,True,0
Kobbie Mainoo,MID,Man Utd,0.0,0,0,18,0,4,15.3,15,458,0.02,0.02,0.00,1.00,297,1,0,3.3,17.2,2026-03-15T14:00:00Z,90,False,2,0,0,0,8,0,30,0,170042,1,3,1,3,0.0,4,-3875,9226,13101,46,True,0
Ryan Yates,MID,Nott'm Forest,0.0,0,0,2,0,1,0.0,2,522,0.00,0.01,0.01,0.00,298,0,0,0.6,1.6,2026-03-15T14:00:00Z,16,False,10,0,0,0,1,0,30,0,8135,0,0,0,0,4.0,1,25,106,81,47,True,0
Luka Bentt,MID,Brentford,0.0,0,0,0,0,0,0.0,0,810,0.00,0.00,0.00,0.00,292,0,0,0.0,0.0,2026-03-16T20:00:00Z,0,False,20,0,0,0,0,0,30,0,348,0,0,2,2,0.0,0,8,41,33,45,True,0
Kevin Schade,MID,Brentford,0.0,0,0,8,0,2,0.3,4,120,0.00,0.00,0.00,0.68,292,1,0,1.0,5.4,2026-03-16T20:00:00Z,67,False,20,0,0,0,1,0,30,0,256100,1,1,2,2,4.0,2,35264,47420,12156,69,True,0
David Møller Wolfe,DEF,Wolves,0.0,0,0,0,0,0,0.0,0,682,0.00,0.00,0.00,0.00,292,0,0,0.0,0.0,2026-03-16T20:00:00Z,0,False,5,0,0,0,0,0,30,0,8366,0,0,2,2,0.0,0,143,213,70,42,False,0
Arthur Masuaku,DEF,Sunderland,0.0,0,0,0,0,0,0.0,0,678,0.00,0.00,0.00,0.00,299,0,0,0.0,0.0,2026-03-14T15:00:00Z,0,False,6,0,0,0,0,0,30,0,62727,0,0,1,0,0.0,0,-529,0,529,39,True,0
Filip Marschall,GK,Aston Villa,0.0,0,0,0,0,0,0.0,0,35,0.00,0.00,0.00,0.00,297,0,0,0.0,0.0,2026-03-15T14:00:00Z,0,False,14,0,0,0,0,0,30,0,1072,0,0,1,3,0.0,0,-3,0,3,40,False,0
Keiber Lamadrid,MID,West Ham,0.0,0,0,0,0,0,0.0,0,802,0.00,0.00,0.00,0.00,300,0,0,0.0,0.0,2026-03-14T20:00:00Z,0,False,13,0,0,0,0,0,30,0,530,0,0,1,1,0.0,0,6,44,38,50,True,0
Joe Gomez,DEF,Liverpool,0.0,0,0,7,0,4,1.3,4,376,0.02,0.02,0.00,1.18,296,1,0,1.1,9.2,2026-03-15T16:30:00Z,90,False,18,0,0,0,3,0,30,0,19406,1,0,1,1,0.0,2,61,437,376,49,True,0
Felipe Rodrigues da Silva,DEF,Nott'm Forest,0.0,0,0,0,0,0,0.0,0,511,0.00,0.00,0.00,0.00,298,0,0,0.0,0.0,2026-03-15T14:00:00Z,0,False,10,0,0,0,0,0,30,0,10941,0,0,0,0,0.0,0,50,224,174,43,True,0
Mohammed Kudus,MID,Spurs,0.0,0,0,0,0,0,0.0,0,582,0.00,0.00,0.00,0.00,296,0,0,0.0,0.0,2026-03-15T16:30:00Z,0,False,12,0,0,0,0,0,30,0,1221961,0,0,1,1,0.0,0,-9564,92,9656,64,False,0
Richarlison de Andrade,FWD,Spurs,0.0,0,3,42,0,0,10.9,10,597,0.00,0.93,0.93,1.34,296,1,1,13.4,51.4,2026-03-15T16:30:00Z,90,False,12,0,0,0,5,0,30,0,697729,1,5,1,1,72.0,9,-2735,3315,6050,63,False,0
Michael Kayode,DEF,Brentford,0.0,0,1,26,0,8,12.8,9,110,0.08,0.44,0.36,1.39,292,2,1,7.9,49.2,2026-03-16T20:00:00Z,90,False,20,0,0,0,8,0,30,0,103556,1,1,2,2,17.0,8,14527,16647,2120,45,True,0
Granit Xhaka,MID,Sunderland,0.0,0,0,10,0,1,12.8,9,668,0.06,0.11,0.05,1.68,299,1,0,2.4,9.2,2026-03-14T15:00:00Z,90,False,6,0,0,0,7,0,30,0,435509,1,1,1,0,2.0,1,-6407,5347,11754,51,True,1
Christos Mandas,GK,Bournemouth,0.0,0,0,0,0,0,0.0,0,806,0.00,0.00,0.00,0.00,293,0,0,0.0,0.0,2026-03-14T15:00:00Z,0,False,3,0,0,0,0,0,30,0,856,0,0,0,0,0.0,0,26,74,48,40,False,0
Mikkel Damsgaard,MID,Brentford,0.0,0,0,13,0,0,7.6,11,121,0.18,0.24,0.06,0.68,292,1,0,2.1,9.0,2026-03-16T20:00:00Z,71,False,20,0,0,0,7,0,30,0,123722,1,4,2,2,4.0,2,28347,33747,5400,56,True,0
Albert Sambi Lokonga,MID,Arsenal,0.0,0,0,0,0,0,0.0,0,29,0.00,0.00,0.00,0.00,291,0,0,0.0,0.0,2026-03-14T17:30:00Z,0,False,9,0,0,0,0,0,30,0,6359,0,0,0,2,0.0,0,-16,0,16,45,True,0
Declan Rice,MID,Arsenal,0.0,0,0,17,1,1,43.7,7,21,0.14,0.20,0.06,1.05,291,0,0,6.8,16.6,2026-03-14T17:30:00Z,90,False,9,0,0,0,4,0,30,0,3867946,1,2,0,2,8.0,3,-79476,92249,171725,74,True,0
Mathias Jensen,MID,Brentford,0.0,0,0,10,0,3,5.5,11,126,0.02,0.02,0.00,1.39,292,2,0,1.7,11.2,2026-03-16T20:00:00Z,90,False,20,0,0,0,5,0,30,0,13037,1,3,2,2,0.0,2,395,1073,678,49,True,0
Joël Veltman,DEF,Brighton,0.0,0,0,4,0,1,0.0,2,152,0.00,0.00,0.00,0.08,299,0,0,0.3,3.0,2026-03-14T15:00:00Z,1,False,17,0,0,0,0,0,30,0,17617,0,1,1,0,0.0,1,-70,309,379,43,False,0
Joachim Andersen,DEF,Fulham,0.0,0,0,21,1,12,1.0,12,317,0.01,0.01,0.00,0.95,298,0,0,2.3,22.4,2026-03-15T14:00:00Z,90,False,16,0,0,0,4,0,30,0,626063,1,0,0,0,0.0,7,2883,19227,16344,45,False,1
James Garner,MID,Everton,0.0,0,0,15,0,8,11.3,12,303,0.01,0.01,0.00,2.70,291,2,0,2.8,16.8,2026-03-14T17:30:00Z,90,False,1,0,0,0,3,0,30,0,518205,1,1,0,2,0.0,4,5445,34293,28848,52,False,0
Stephen Mfuni,DEF,Man City,0.0,0,0,0,0,0,0.0,0,740,0.00,0.00,0.00,0.00,300,0,0,0.0,0.0,2026-03-14T20:00:00Z,0,False,19,0,0,0,0,0,30,0,4839,0,0,1,1,0.0,0,-44,0,44,39,False,0
Joshua Zirkzee,FWD,Man Utd,0.0,0,0,0,0,0,0.0,0,466,0.00,0.00,0.00,0.00,297,0,0,0.0,0.0,2026-03-15T14:00:00Z,0,False,2,0,0,0,0,0,30,0,53689,0,0,1,3,0.0,0,-224,656,880,58,True,0
Jayden Meghoma,DEF,Brentford,0.0,0,0,0,0,0,0.0,0,118,0.00,0.00,0.00,0.00,292,0,0,0.0,0.0,2026-03-16T20:00:00Z,0,False,20,0,0,0,0,0,30,0,5277,0,0,2,2,0.0,0,-20,0,20,40,True,0
Conor Bradley,DEF,Liverpool,0.0,0,0,0,0,0,0.0,0,375,0.00,0.00,0.00,0.00,296,0,0,0.0,0.0,2026-03-15T16:30:00Z,0,False,18,0,0,0,0,0,30,0,19159,0,0,1,1,0.0,0,-172,27,199,49,True,0
Igor Thiago Nascimento Rodrigues,FWD,Brentford,0.0,0,0,24,0,4,2.9,7,136,0.01,1.86,1.85,1.39,292,2,1,8.7,38.4,2026-03-16T20:00:00Z,90,False,20,0,0,0,1,0,30,0,4585196,1,2,2,2,46.0,6,97260,223481,126221,72,True,0
Florian Wirtz,MID,Liverpool,0.0,0,0,14,1,0,48.6,3,382,0.21,0.21,0.00,0.60,296,0,0,8.2,9.6,2026-03-15T16:30:00Z,63,False,18,0,0,0,2,0,30,0,1205468,1,1,1,1,24.0,3,-20230,45839,66069,83,True,0
Leandro Trossard,MID,Arsenal,0.0,0,0,0,0,0,0.0,0,20,0.00,0.00,0.00,0.00,291,0,0,0.0,0.0,2026-03-14T17:30:00Z,0,False,9,0,0,0,0,0,30,0,111030,0,0,0,2,0.0,0,-18698,1526,20224,66,True,0
William Saliba,DEF,Arsenal,0.0,0,3,36,1,9,31.8,12,6,0.09,0.09,0.00,1.05,291,0,0,6.7,33.6,2026-03-14T17:30:00Z,90,False,9,0,0,0,7,0,30,0,1737007,1,3,0,2,2.0,11,-29450,21155,50605,61,True,0
Harry Amass,DEF,Man Utd,0.0,0,0,0,0,0,0.0,0,445,0.00,0.00,0.00,0.00,297,0,0,0.0,0.0,2026-03-15T14:00:00Z,0,False,2,0,0,0,0,0,30,0,8700,0,0,1,3,0.0,0,-29,0,29,40,True,0
Cheick Doucouré,MID,Crystal Palace,0.0,0,0,0,0,0,0.0,0,268,0.00,0.00,0.00,0.00,295,0,0,0.0,0.0,2026-03-15T14:00:00Z,0,False,11,0,0,0,0,0,30,0,409,0,0,0,0,0.0,0,10,19,9,49,True,0
Anthony Elanga,MID,Newcastle,0.0,0,0,3,0,1,0.0,2,486,0.00,0.00,0.00,0.35,294,0,0,0.3,3.0,2026-03-14T17:30:00Z,12,False,7,0,0,0,0,0,30,0,337341,0,1,1,0,0.0,1,386,2697,2311,65,False,0
Noni Madueke,MID,Arsenal,0.0,0,0,12,1,0,24.0,3,18,0.08,0.15,0.07,0.98,291,0,0,6.2,10.2,2026-03-14T17:30:00Z,60,False,9,0,0,0,2,0,30,0,120826,1,1,0,2,28.0,3,-11897,3324,15221,68,True,0
Saša Lukić,MID,Fulham,0.0,0,0,6,0,0,2.0,3,332,0.00,0.08,0.08,0.60,298,0,0,0.9,3.4,2026-03-15T14:00:00Z,27,False,16,0,0,0,1,0,30,0,7134,0,2,0,0,4.0,1,-3,55,58,49,False,0
Luke Rawlings,MID,Wolves,0.0,0,0,0,0,0,0.0,0,767,0.00,0.00,0.00,0.00,292,0,0,0.0,0.0,2026-03-16T20:00:00Z,0,False,5,0,0,0,0,0,30,0,795,0,0,2,2,0.0,0,12,54,42,45,False,0
Max Dowman,MID,Arsenal,0.0,0,0,26,0,0,22.5,4,700,0.02,0.99,0.97,0.06,291,0,1,8.1,37.2,2026-03-14T17:30:00Z,16,False,9,0,0,0,4,0,30,0,71170,0,0,0,2,21.0,6,6175,10087,3912,42,True,0
Stefan Ortega Moreno,GK,Nott'm Forest,0.0,0,0,0,0,0,0.0,0,400,0.00,0.00,0.00,0.00,298,0,0,0.0,0.0,2026-03-15T14:00:00Z,0,False,10,0,0,0,0,0,30,0,23721,0,0,0,0,0.0,0,-1226,44,1270,47,True,0
Rúben dos Santos Gato Alves Dias,DEF,Man City,0.0,0,0,0,0,0,0.0,0,408,0.00,0.00,0.00,0.00,300,0,0,0.0,0.0,2026-03-14T20:00:00Z,0,False,19,0,0,0,0,0,30,0,444863,0,0,1,1,0.0,0,893,5816,4923,55,False,0
Chris Mepham,DEF,Bournemouth,0.0,0,0,0,0,0,0.0,0,79,0.00,0.00,0.00,0.00,293,0,0,0.0,0.0,2026-03-14T15:00:00Z,0,False,3,0,0,0,0,0,30,0,8645,0,0,0,0,0.0,0,-38,0,38,40,False,0
Joe Willock,MID,Newcastle,0.0,1,0,23,1,1,24.3,7,494,0.26,0.27,0.01,1.04,294,0,0,7.1,25.4,2026-03-14T17:30:00Z,76,False,7,0,0,0,5,0,30,0,11215,1,1,1,0,21.0,6,-135,260,395,50,False,0
Elliot Anderson,MID,Nott'm Forest,0.0,0,0,13,1,1,45.0,8,517,0.23,0.30,0.07,1.03,298,0,0,6.0,8.8,2026-03-15T14:00:00Z,87,False,10,0,0,0,7,0,30,0,1063686,1,0,0,0,6.0,2,252853,264483,11630,55,True,1
Jack Hinshelwood,MID,Brighton,0.0,0,0,11,1,1,33.7,3,163,0.17,1.03,0.86,0.82,299,0,0,10.3,14.8,2026-03-14T15:00:00Z,87,False,17,0,0,0,1,0,30,0,6874,1,1,1,0,54.0,3,460,654,194,51,False,0
David Brooks,MID,Bournemouth,0.0,0,0,3,0,1,12.1,1,86,0.28,0.64,0.36,0.03,293,0,0,2.4,2.6,2026-03-14T15:00:00Z,10,False,3,0,0,0,0,0,30,0,22634,0,0,0,0,9.0,1,-1,517,518,50,False,0
Kevin Santos Lopes de Macedo,MID,Fulham,0.0,0,0,0,0,0,0.0,0,731,0.00,0.00,0.00,0.00,298,0,0,0.0,0.0,2026-03-15T14:00:00Z,0,False,16,0,0,0,0,0,30,0,7119,0,0,0,0,0.0,0,-608,11,619,58,False,0
Nikola Milenković,DEF,Nott'm Forest,0.0,0,0,24,1,4,1.7,4,505,0.00,0.00,0.00,1.03,298,0,0,1.7,10.8,2026-03-15T14:00:00Z,90,False,10,0,0,0,1,0,30,0,405749,1,0,0,0,4.0,6,-3730,3310,7040,51,True,0
Julio Soler Barreto,DEF,Bournemouth,0.0,0,0,0,0,0,0.0,0,80,0.00,0.00,0.00,0.00,293,0,0,0.0,0.0,2026-03-14T15:00:00Z,0,False,3,0,0,0,0,0,30,0,24764,0,0,0,0,0.0,0,-343,43,386,40,False,0
Pascal Groß,MID,Brighton,0.0,1,0,30,1,7,24.3,18,783,0.06,0.12,0.06,0.90,299,0,0,5.7,24.0,2026-03-14T15:00:00Z,90,False,17,0,0,0,8,0,30,0,12254,1,3,1,0,9.0,8,875,2086,1211,55,False,0
Mamadou Sarr,DEF,Chelsea,0.0,0,0,0,0,0,0.0,0,231,0.00,0.00,0.00,0.00,294,0,0,0.0,0.0,2026-03-14T17:30:00Z,0,False,15,0,0,0,0,0,30,0,3193,0,0,1,0,0.0,0,205,499,294,45,True,0
Lukas Nmecha,FWD,Leeds,0.0,0,0,5,0,0,0.0,0,365,0.00,0.00,0.00,0.29,295,0,0,0.2,0.0,2026-03-15T14:00:00Z,45,False,8,0,0,0,0,0,30,0,77384,1,0,0,0,2.0,1,-682,3373,4055,50,False,0
Loum Tchaouna,MID,Burnley,0.0,0,0,0,0,0,0.0,0,210,0.00,0.00,0.00,0.00,293,0,0,0.0,0.0,2026-03-14T15:00:00Z,0,False,4,0,0,0,0,0,30,0,4400,0,0,0,0,0.0,0,-10,41,51,49,True,0
Ollie Watkins,FWD,Aston Villa,0.0,0,0,-4,0,1,2.3,1,64,0.01,0.01,0.00,0.52,297,1,0,0.6,0.0,2026-03-15T14:00:00Z,59,False,14,0,0,0,0,0,30,0,998398,1,0,1,3,4.0,0,-58580,8259,66839,85,False,1
James Ward-Prowse,MID,Burnley,0.0,0,0,25,1,7,34.8,14,614,0.10,0.10,0.00,2.55,293,0,0,6.6,31.6,2026-03-14T15:00:00Z,90,False,4,0,0,0,5,0,30,0,23316,1,2,0,0,0.0,5,11,485,474,56,True,0
Jarrod Bowen,FWD,West Ham,0.0,1,1,23,0,3,17.2,10,624,0.19,0.19,0.00,2.03,300,1,0,5.1,31.4,2026-03-14T20:00:00Z,90,False,13,0,0,0,4,0,30,0,965206,1,3,1,1,2.0,6,-44842,24068,68910,75,True,0
Nico González Iglesias,MID,Man City,0.0,0,0,0,0,0,0.0,0,423,0.00,0.00,0.00,0.00,300,0,0,0.0,0.0,2026-03-14T20:00:00Z,0,False,19,0,0,0,0,0,30,0,13372,0,0,1,1,0.0,0,-32,193,225,59,False,0
Gonçalo Manuel Ganchinho Guedes,MID,Wolves,0.0,0,0,0,0,0,0.0,0,647,0.00,0.00,0.00,0.00,292,0,0,0.0,0.0,2026-03-16T20:00:00Z,0,False,5,0,0,0,0,0,30,0,395,0,0,2,2,0.0,0,0,0,0,55,False,0
Alan Browne,MID,Sunderland,0.0,0,0,0,0,0,0.0,0,555,0.00,0.00,0.00,0.00,299,0,0,0.0,0.0,2026-03-14T15:00:00Z,0,False,6,0,0,0,0,0,30,0,3825,0,0,1,0,0.0,0,-11,0,11,45,True,0
Jaka Bijol,DEF,Leeds,0.0,0,0,23,1,14,0.3,18,344,0.00,0.04,0.04,0.67,295,0,0,3.4,24.6,2026-03-15T14:00:00Z,90,False,8,0,0,0,3,0,30,0,48283,1,4,0,0,9.0,7,-1138,467,1605,39,False,1
Alex Scott,MID,Bournemouth,0.0,0,0,28,1,4,6.3,18,90,0.05,0.07,0.02,1.40,293,0,0,4.2,28.0,2026-03-14T15:00:00Z,90,False,3,0,0,0,8,0,30,0,164331,1,6,0,0,8.0,5,-4894,7095,11989,51,False,0
Lewis O'Brien,MID,Nott'm Forest,0.0,0,0,0,0,0,0.0,0,520,0.00,0.00,0.00,0.00,298,0,0,0.0,0.0,2026-03-15T14:00:00Z,0,False,10,0,0,0,0,0,30,0,102,0,0,0,0,0.0,0,0,0,0,50,True,0
Patrick Roberts,MID,Sunderland,0.0,0,0,0,0,0,0.0,0,545,0.00,0.00,0.00,0.00,299,0,0,0.0,0.0,2026-03-14T15:00:00Z,0,False,6,0,0,0,0,0,30,0,1565,0,0,1,0,0.0,0,-1,0,1,54,True,0
Álex Moreno Lopera,DEF,Aston Villa,0.0,0,0,0,0,0,0.0,0,43,0.00,0.00,0.00,0.00,297,0,0,0.0,0.0,2026-03-15T14:00:00Z,0,False,14,0,0,0,0,0,30,0,206256,0,0,1,3,0.0,0,-950,0,950,40,False,0
Eric da Silva Moreira,MID,Nott'm Forest,0.0,0,0,0,0,0,0.0,0,523,0.00,0.00,0.00,0.00,298,0,0,0.0,0.0,2026-03-15T14:00:00Z,0,False,10,0,0,0,0,0,30,0,7317,0,0,0,0,0.0,0,24,113,89,45,True,0
Leny Yoro,DEF,Man Utd,0.0,0,0,10,0,8,1.2,11,444,0.01,0.01,0.00,1.00,297,1,0,2.0,19.2,2026-03-15T14:00:00Z,90,False,2,0,0,0,2,0,30,0,164602,1,3,1,3,0.0,3,2795,4570,1775,41,True,1
Shurandy Sambo,DEF,Burnley,0.0,0,0,0,0,0,0.0,0,196,0.00,0.00,0.00,0.00,293,0,0,0.0,0.0,2026-03-14T15:00:00Z,0,False,4,0,0,0,0,0,30,0,4988,0,0,0,0,0.0,0,-15,0,15,40,True,0
Diego Gómez Amarilla,MID,Brighton,0.0,0,0,6,1,6,6.2,13,169,0.03,0.29,0.26,0.82,299,0,0,2.4,7.8,2026-03-14T15:00:00Z,90,False,17,0,0,0,5,0,30,0,44991,1,2,1,0,10.0,4,15997,17695,1698,49,False,1
Piero Hincapié,DEF,Arsenal,0.0,1,0,18,0,1,10.9,2,725,0.04,0.04,0.00,0.06,291,0,0,3.9,24.4,2026-03-14T17:30:00Z,16,False,9,0,0,0,0,0,30,0,118912,0,1,0,2,4.0,4,17613,21179,3566,51,True,0
Lucá Williams-Barnett,MID,Spurs,0.0,0,0,0,0,0,0.0,0,790,0.00,0.00,0.00,0.00,296,0,0,0.0,0.0,2026-03-15T16:30:00Z,0,False,12,0,0,0,0,0,30,0,780,0,0,1,1,0.0,0,13,59,46,45,False,0
Neco Williams,DEF,Nott'm Forest,0.0,0,0,22,1,2,26.8,2,508,0.03,0.09,0.06,1.03,298,0,0,4.7,13.0,2026-03-15T14:00:00Z,90,False,10,0,0,0,7,0,30,0,366562,1,0,0,0,7.0,5,2352,6890,4538,47,True,1
David Mota Veiga Teixeira do Carmo,DEF,Nott'm Forest,0.0,0,0,0,0,0,0.0,0,509,0.00,0.00,0.00,0.00,298,0,0,0.0,0.0,2026-03-15T14:00:00Z,0,False,10,0,0,0,0,0,30,0,2638,0,0,0,0,0.0,0,-3,0,3,45,True,0
Harrison Armstrong,MID,Everton,0.0,0,0,3,0,0,0.3,0,305,0.00,0.00,0.00,1.95,291,2,0,0.1,0.2,2026-03-14T17:30:00Z,4,False,1,0,0,0,0,0,30,0,11506,0,0,0,2,0.0,1,-160,445,605,45,False,0
Jackson Tchatchoua,DEF,Wolves,0.0,0,0,6,0,4,38.3,4,695,0.36,0.43,0.07,2.56,292,2,0,7.3,14.0,2026-03-16T20:00:00Z,90,False,5,0,0,0,2,0,30,0,4207,1,0,2,2,21.0,1,232,359,127,44,False,0
Lucas Pires Silva,DEF,Burnley,0.0,0,0,3,0,0,0.1,0,195,0.00,0.00,0.00,0.88,293,0,0,0.2,0.2,2026-03-14T15:00:00Z,16,False,4,0,0,0,0,0,30,0,38356,0,0,0,0,2.0,1,-502,544,1046,38,True,0
Anthony Patterson,GK,Sunderland,0.0,0,0,0,0,0,0.0,0,528,0.00,0.00,0.00,0.00,299,0,0,0.0,0.0,2026-03-14T15:00:00Z,0,False,6,0,0,0,0,0,30,0,20165,0,0,1,0,0.0,0,-332,0,332,42,True,0
Wilson Isidor,FWD,Sunderland,0.0,0,0,0,0,0,0.0,0,560,0.00,0.00,0.00,0.00,299,0,0,0.0,0.0,2026-03-14T15:00:00Z,0,False,6,0,0,0,0,0,30,0,176515,0,0,1,0,0.0,0,-1056,4703,5759,51,True,0
Jack Harrison,MID,Leeds,0.0,0,0,0,0,0,0.0,0,352,0.00,0.00,0.00,0.00,295,0,0,0.0,0.0,2026-03-15T14:00:00Z,0,False,8,0,0,0,0,0,30,0,5995,0,0,0,0,0.0,0,-57,0,57,51,False,0
Kieran Morrison,MID,Liverpool,0.0,0,0,0,0,0,0.0,0,746,0.00,0.00,0.00,0.00,296,0,0,0.0,0.0,2026-03-15T16:30:00Z,0,False,18,0,0,0,0,0,30,0,1188,0,0,1,1,0.0,0,-16,20,36,45,True,0
Dango Ouattara,MID,Brentford,0.0,1,3,34,0,3,50.5,8,83,0.98,1.00,0.02,1.33,292,2,0,10.3,35.6,2026-03-16T20:00:00Z,84,False,20,0,0,0,3,0,30,0,484570,1,2,2,2,17.0,8,33247,53130,19883,60,True,0
Mathys Tel,MID,Spurs,0.0,0,0,14,0,3,38.9,9,584,0.19,0.26,0.07,0.95,296,1,0,6.0,19.4,2026-03-15T16:30:00Z,74,False,12,0,0,0,3,0,30,0,16941,1,3,1,1,2.0,2,-272,334,606,62,False,0
Charlie Crew,MID,Leeds,0.0,0,0,0,0,0,0.0,0,359,0.00,0.00,0.00,0.00,295,0,0,0.0,0.0,2026-03-15T14:00:00Z,0,False,8,0,0,0,0,0,30,0,423,0,0,0,0,0.0,0,-1,0,1,45,False,0
Ryan Trevitt,MID,Brentford,0.0,0,0,0,0,0,0.0,0,134,0.00,0.00,0.00,0.00,292,0,0,0.0,0.0,2026-03-16T20:00:00Z,0,False,20,0,0,0,0,0,30,0,482,0,0,2,2,0.0,0,-1,0,1,45,True,0
Sandro Tonali,MID,Newcastle,0.0,0,0,0,0,0,0.0,0,491,0.00,0.00,0.00,0.00,294,0,0,0.0,0.0,2026-03-14T17:30:00Z,0,False,7,0,0,0,0,0,30,0,145641,0,0,1,0,0.0,0,4595,7986,3391,53,False,0
Marli Salmon,DEF,Arsenal,0.0,0,0,0,0,0,0.0,0,759,0.00,0.00,0.00,0.00,291,0,0,0.0,0.0,2026-03-14T17:30:00Z,0,False,9,0,0,0,0,0,30,0,2561,0,0,0,2,0.0,0,-12,58,70,40,True,0
Ben Broggio,MID,Aston Villa,0.0,0,0,0,0,0,0.0,0,60,0.00,0.00,0.00,0.00,297,0,0,0.0,0.0,2026-03-15T14:00:00Z,0,False,14,0,0,0,0,0,30,0,32736,0,0,1,3,0.0,0,-419,0,419,44,False,0
Josh Dasilva,MID,Brentford,0.0,0,0,0,0,0,0.0,0,748,0.00,0.00,0.00,0.00,292,0,0,0.0,0.0,2026-03-16T20:00:00Z,0,False,20,0,0,0,0,0,30,0,197,0,0,2,2,0.0,0,-4,6,10,49,True,0
Matt Doherty,DEF,Wolves,0.0,0,0,0,0,0,0.0,0,632,0.00,0.00,0.00,0.00,292,0,0,0.0,0.0,2026-03-16T20:00:00Z,0,False,5,0,0,0,0,0,30,0,11249,0,0,2,2,0.0,0,-15,123,138,44,False,0
Niclas Füllkrug,FWD,West Ham,0.0,0,0,0,0,0,0.0,0,625,0.00,0.00,0.00,0.00,300,0,0,0.0,0.0,2026-03-14T20:00:00Z,0,False,13,0,0,0,0,0,30,0,74271,0,0,1,1,0.0,0,-288,0,288,56,True,0
Sam Chambers,MID,Leeds,0.0,0,0,0,0,0,0.0,0,787,0.00,0.00,0.00,0.00,295,0,0,0.0,0.0,2026-03-15T14:00:00Z,0,False,8,0,0,0,0,0,30,0,1442,0,0,0,0,0.0,0,45,179,134,44,False,0
Maldini Kacurri,DEF,Arsenal,0.0,0,0,0,0,0,0.0,0,14,0.00,0.00,0.00,0.00,291,0,0,0.0,0.0,2026-03-14T17:30:00Z,0,False,9,0,0,0,0,0,30,0,12165,0,0,0,2,0.0,0,-41,0,41,39,True,0
Donyell Malen,MID,Aston Villa,0.0,0,0,0,0,0,0.0,0,53,0.00,0.00,0.00,0.00,297,0,0,0.0,0.0,2026-03-15T14:00:00Z,0,False,14,0,0,0,0,0,30,0,52167,0,0,1,3,0.0,0,-669,0,669,51,False,0
Bafodé Diakité,DEF,Bournemouth,0.0,0,0,0,0,0,0.0,0,685,0.00,0.00,0.00,0.00,293,0,0,0.0,0.0,2026-03-14T15:00:00Z,0,False,3,0,0,0,0,0,30,0,36412,0,0,0,0,0.0,0,-490,301,791,42,False,0
Leander Dendoncker,MID,Aston Villa,0.0,0,0,0,0,0,0.0,0,61,0.00,0.00,0.00,0.00,297,0,0,0.0,0.0,2026-03-15T14:00:00Z,0,False,14,0,0,0,0,0,30,0,9049,0,0,1,3,0.0,0,-35,0,35,45,False,0
Robin Roefs,GK,Sunderland,0.0,0,0,0,0,0,0.0,0,670,0.00,0.00,0.00,0.00,299,0,0,0.0,0.0,2026-03-14T15:00:00Z,0,False,6,0,0,0,0,0,30,0,1151059,0,0,1,0,0.0,0,-306783,944,307727,48,True,0
Tymur Tutierov,MID,Sunderland,0.0,0,0,0,0,0,0.0,0,775,0.00,0.00,0.00,0.00,299,0,0,0.0,0.0,2026-03-14T15:00:00Z,0,False,6,0,0,0,0,0,30,0,89,0,0,1,0,0.0,0,0,0,0,45,True,0
Lesley Ugochukwu,MID,Burnley,0.0,0,0,3,0,1,0.0,1,676,0.00,0.00,0.00,0.86,293,0,0,0.2,2.0,2026-03-14T15:00:00Z,2,False,4,0,0,0,0,0,30,0,14534,0,0,0,0,0.0,1,-285,709,994,50,True,0
Borna Sosa,DEF,Crystal Palace,0.0,0,0,0,0,0,0.0,0,259,0.00,0.00,0.00,0.00,295,0,0,0.0,0.0,2026-03-15T14:00:00Z,0,False,11,0,0,0,0,0,30,0,15751,0,0,0,0,0.0,0,298,545,247,48,True,0
Kaelan Casey,DEF,West Ham,0.0,0,0,0,0,0,0.0,0,611,0.00,0.00,0.00,0.00,300,0,0,0.0,0.0,2026-03-14T20:00:00Z,0,False,13,0,0,0,0,0,30,0,8092,0,0,1,1,0.0,0,-50,0,50,40,True,0
Hamed Traorè,MID,Bournemouth,0.0,0,0,0,0,0,0.0,0,93,0.00,0.00,0.00,0.00,293,0,0,0.0,0.0,2026-03-14T15:00:00Z,0,False,3,0,0,0,0,0,30,0,35283,0,0,0,0,0.0,0,-126,0,126,45,False,0
Jack Fletcher,MID,Man Utd,0.0,0,0,0,0,0,0.0,0,462,0.00,0.00,0.00,0.00,297,0,0,0.0,0.0,2026-03-15T14:00:00Z,0,False,2,0,0,0,0,0,30,0,10698,0,0,1,3,0.0,0,-215,185,400,43,True,0
Riccardo Calafiori,DEF,Arsenal,0.0,0,0,29,1,2,17.7,2,7,0.09,0.24,0.15,0.99,291,0,0,4.8,11.2,2026-03-14T17:30:00Z,73,False,9,0,0,0,6,0,30,0,776473,1,0,0,2,19.0,6,-11826,2407,14233,56,True,0
David Raya Martín,GK,Arsenal,0.0,0,0,28,1,3,0.0,0,1,0.00,0.00,0.00,1.05,291,0,0,2.0,20.0,2026-03-14T17:30:00Z,90,False,9,0,0,0,6,0,30,3,4525809,1,0,0,2,0.0,7,75254,101174,25920,60,True,0
Jesurun Rak-Sakyi,MID,Crystal Palace,0.0,0,0,0,0,0,0.0,0,278,0.00,0.00,0.00,0.00,295,0,0,0.0,0.0,2026-03-15T14:00:00Z,0,False,11,0,0,0,0,0,30,0,3705,0,0,0,0,0.0,0,-23,0,23,44,True,0
Nectarios Triantis,MID,Sunderland,0.0,0,0,0,0,0,0.0,0,559,0.00,0.00,0.00,0.00,299,0,0,0.0,0.0,2026-03-14T15:00:00Z,0,False,6,0,0,0,0,0,30,0,3846,0,0,1,0,0.0,0,-16,0,16,44,True,0
Romelle Donovan,MID,Brentford,0.0,0,0,0,0,0,0.0,0,130,0.00,0.00,0.00,0.00,292,0,0,0.0,0.0,2026-03-16T20:00:00Z,0,False,20,0,0,0,0,0,30,0,14020,0,0,2,2,0.0,0,103,465,362,44,True,0
Maxim De Cuyper,DEF,Brighton,0.0,0,0,2,0,1,0.0,1,145,0.00,0.00,0.00,0.12,299,0,0,0.0,0.2,2026-03-14T15:00:00Z,14,False,17,0,0,0,1,0,30,0,219644,0,0,1,0,0.0,1,-4464,891,5355,43,False,0
Joël Piroe,FWD,Leeds,0.0,0,0,0,0,0,0.0,0,362,0.00,0.00,0.00,0.00,295,0,0,0.0,0.0,2026-03-15T14:00:00Z,0,False,8,0,0,0,0,0,30,0,44344,0,0,0,0,0.0,0,-246,239,485,49,False,0
Marco Bizot,GK,Aston Villa,0.0,0,0,0,0,0,0.0,0,33,0.00,0.00,0.00,0.00,297,0,0,0.0,0.0,2026-03-15T14:00:00Z,0,False,14,0,0,0,0,0,30,0,48544,0,0,1,3,0.0,0,-288,136,424,42,False,0
Xavi Simons,MID,Spurs,0.0,0,0,7,0,1,13.8,2,717,0.04,0.13,0.09,1.13,296,0,0,3.7,8.6,2026-03-15T16:30:00Z,34,False,12,0,0,0,0,0,30,0,140053,0,1,1,1,15.0,1,-7043,1320,8363,65,False,0
Maxwel Cornet,MID,West Ham,0.0,0,0,0,0,0,0.0,0,617,0.00,0.00,0.00,0.00,300,0,0,0.0,0.0,2026-03-14T20:00:00Z,0,False,13,0,0,0,0,0,30,0,1915,0,0,1,1,0.0,0,-2,0,2,49,True,0
Vitor de Oliveira Nunes dos Reis,DEF,Man City,0.0,0,0,0,0,0,0.0,0,412,0.00,0.00,0.00,0.00,300,0,0,0.0,0.0,2026-03-14T20:00:00Z,0,False,19,0,0,0,0,0,30,0,581,0,0,1,1,0.0,0,0,0,0,50,False,0
Sam Johnstone,GK,Wolves,0.0,0,0,0,0,0,0.0,0,627,0.00,0.00,0.00,0.00,292,0,0,0.0,0.0,2026-03-16T20:00:00Z,0,False,5,0,0,0,0,0,30,0,18291,0,0,2,2,0.0,0,11,395,384,44,False,0
Antonee Robinson,DEF,Fulham,0.0,0,0,24,1,8,12.0,9,316,0.02,0.02,0.00,0.95,298,0,0,2.9,16.8,2026-03-15T14:00:00Z,90,False,16,0,0,0,7,0,30,0,89739,1,1,0,0,0.0,5,393,2908,2515,49,False,1
Jørgen Strand Larsen,FWD,Crystal Palace,0.0,0,0,0,0,1,2.0,3,654,0.02,0.02,0.00,1.10,295,0,0,0.3,0.0,2026-03-15T14:00:00Z,59,False,11,0,0,0,2,0,30,0,285327,1,0,0,0,2.0,1,15872,32968,17096,61,True,0
Estêvão Almeida de Oliveira Gonçalves,MID,Chelsea,0.0,0,0,0,0,0,0.0,0,238,0.00,0.00,0.00,0.00,294,0,0,0.0,0.0,2026-03-14T17:30:00Z,0,False,15,0,0,0,0,0,30,0,227427,0,0,1,0,0.0,0,-15420,209,15629,64,True,0
Tom Watson,MID,Brighton,0.0,0,0,0,0,0,0.0,0,172,0.00,0.00,0.00,0.00,299,0,0,0.0,0.0,2026-03-14T15:00:00Z,0,False,17,0,0,0,0,0,30,0,3756,0,0,1,0,0.0,0,-36,0,36,48,False,0
Lucas Estella Perri,GK,Leeds,0.0,0,0,0,0,0,0.0,0,665,0.00,0.00,0.00,0.00,295,0,0,0.0,0.0,2026-03-15T14:00:00Z,0,False,8,0,0,0,0,0,30,0,31001,0,0,0,0,0.0,0,-825,378,1203,45,False,0
Timothée Pembélé,DEF,Sunderland,0.0,0,0,0,0,0,0.0,0,540,0.00,0.00,0.00,0.00,299,0,0,0.0,0.0,2026-03-14T15:00:00Z,0,False,6,0,0,0,0,0,30,0,36546,0,0,1,0,0.0,0,-402,0,402,39,True,0
Roméo Lavia,MID,Chelsea,0.0,0,0,7,0,1,7.3,3,244,0.03,0.03,0.00,0.19,294,0,0,0.9,1.2,2026-03-14T17:30:00Z,29,False,15,0,0,0,2,0,30,0,2259,0,0,1,0,0.0,1,92,136,44,49,True,0
Jan Paul van Hecke,DEF,Brighton,0.0,0,1,31,1,13,0.6,16,151,0.00,0.08,0.08,0.90,299,0,0,4.3,35.2,2026-03-14T15:00:00Z,90,False,17,0,0,0,3,0,30,0,524981,1,3,1,0,7.0,9,35849,47589,11740,44,False,0
Mike Penders,GK,Chelsea,0.0,0,0,0,0,0,0.0,0,222,0.00,0.00,0.00,0.00,294,0,0,0.0,0.0,2026-03-14T17:30:00Z,0,False,15,0,0,0,0,0,30,0,358,0,0,1,0,0.0,0,0,0,0,40,True,0
Rio Kyerematen,MID,Spurs,0.0,0,0,0,0,0,0.0,0,811,0.00,0.00,0.00,0.00,296,0,0,0.0,0.0,2026-03-15T16:30:00Z,0,False,12,0,0,0,0,0,30,0,394,0,0,1,1,0.0,0,5,33,28,45,False,0
Oleksandr Zinchenko,DEF,Nott'm Forest,0.0,0,0,0,0,0,0.0,0,12,0.00,0.00,0.00,0.00,298,0,0,0.0,0.0,2026-03-15T14:00:00Z,0,False,10,0,0,0,0,0,30,0,27281,0,0,0,0,0.0,0,-224,0,224,49,True,0
Harvey Barnes,MID,Newcastle,0.0,0,0,8,1,2,13.0,3,487,0.04,0.04,0.00,1.39,294,0,0,2.1,4.0,2026-03-14T17:30:00Z,90,False,7,0,0,0,1,0,30,0,144952,1,0,1,0,4.0,3,-1650,9654,11304,61,False,0
Josh Nichols,DEF,Arsenal,0.0,0,0,0,0,0,0.0,0,15,0.00,0.00,0.00,0.00,291,0,0,0.0,0.0,2026-03-14T17:30:00Z,0,False,9,0,0,0,0,0,30,0,32425,0,0,0,2,0.0,0,622,1847,1225,37,True,0
Jhon Arias,MID,Wolves,0.0,0,0,0,0,0,0.0,0,663,0.00,0.00,0.00,0.00,292,0,0,0.0,0.0,2026-03-16T20:00:00Z,0,False,5,0,0,0,0,0,30,0,16962,0,0,2,2,0.0,0,-234,0,234,49,False,0
Chido Obi,FWD,Man Utd,0.0,0,0,0,0,0,0.0,0,467,0.00,0.00,0.00,0.00,297,0,0,0.0,0.0,2026-03-15T14:00:00Z,0,False,2,0,0,0,0,0,30,0,194869,0,0,1,3,0.0,0,-4163,876,5039,42,True,0
Marc Guiu Paz,FWD,Chelsea,0.0,0,0,0,0,0,0.0,0,252,0.00,0.00,0.00,0.00,294,0,0,0.0,0.0,2026-03-14T17:30:00Z,0,False,15,0,0,0,0,0,30,0,723069,0,0,1,0,0.0,0,-14548,12761,27309,41,True,0
Aaron Ramsey,MID,Burnley,0.0,0,0,0,0,0,0.0,0,211,0.00,0.00,0.00,0.00,293,0,0,0.0,0.0,2026-03-14T15:00:00Z,0,False,4,0,0,0,0,0,30,0,184793,0,0,0,0,0.0,0,-762,0,762,44,True,0
John McGinn,MID,Aston Villa,0.0,0,0,9,0,0,17.2,2,54,0.25,0.31,0.06,0.52,297,1,0,2.3,0.0,2026-03-15T14:00:00Z,60,False,14,0,0,0,2,0,30,0,62266,1,0,1,3,9.0,2,-772,602,1374,53,False,0
Chadi Riad Dnanou,DEF,Crystal Palace,0.0,0,0,0,0,0,0.0,0,262,0.00,0.00,0.00,0.00,295,0,0,0.0,0.0,2026-03-15T14:00:00Z,0,False,11,0,0,0,0,0,30,0,6518,0,0,0,0,0.0,0,762,983,221,40,True,0
Pedro Cardoso de Lima,DEF,Wolves,0.0,0,0,0,0,0,0.0,0,640,0.00,0.00,0.00,0.00,292,0,0,0.0,0.0,2026-03-16T20:00:00Z,0,False,5,0,0,0,0,0,30,0,47611,0,0,2,2,0.0,0,-143,221,364,40,False,0
Hannes Delcroix,DEF,Burnley,0.0,0,0,0,0,0,0.0,0,188,0.00,0.00,0.00,0.00,293,0,0,0.0,0.0,2026-03-14T15:00:00Z,0,False,4,0,0,0,0,0,30,0,26837,0,0,0,0,0.0,0,-407,0,407,38,True,0
Phil Foden,MID,Man City,0.0,0,0,2,0,0,7.1,1,414,0.21,0.21,0.00,0.00,300,0,0,1.2,2.8,2026-03-14T20:00:00Z,16,False,19,0,0,0,0,0,30,0,1084837,0,1,1,1,2.0,1,-43871,3680,47551,81,False,0
Jonah Kusi-Asare,FWD,Fulham,0.0,0,0,0,0,0,0.0,0,737,0.00,0.00,0.00,0.00,298,0,0,0.0,0.0,2026-03-15T14:00:00Z,0,False,16,0,0,0,0,0,30,0,13047,0,0,0,0,0.0,0,-212,319,531,45,False,0
Tom Heaton,GK,Man Utd,0.0,0,0,0,0,0,0.0,0,434,0.00,0.00,0.00,0.00,297,0,0,0.0,0.0,2026-03-15T14:00:00Z,0,False,2,0,0,0,0,0,30,0,31862,0,0,1,3,0.0,0,-274,132,406,39,True,0
Yéremy Pino Santos,MID,Crystal Palace,0.0,0,0,3,0,0,0.7,0,712,0.00,0.02,0.02,0.02,295,0,0,0.3,0.2,2026-03-15T14:00:00Z,10,False,11,0,0,0,0,0,30,0,23399,0,0,0,0,2.0,1,-1116,632,1748,58,True,0
Wilson Odobert,MID,Spurs,0.0,0,0,0,0,0,0.0,0,588,0.00,0.00,0.00,0.00,296,0,0,0.0,0.0,2026-03-15T16:30:00Z,0,False,12,0,0,0,0,0,30,0,5732,0,0,1,1,0.0,0,-340,15,355,53,False,0
Omari Hutchinson,MID,Nott'm Forest,0.0,0,0,10,0,0,15.1,4,693,0.02,0.02,0.00,0.14,298,0,0,3.2,9.2,2026-03-15T14:00:00Z,45,False,10,0,0,0,3,0,30,0,9792,0,1,0,0,8.0,1,-330,220,550,54,True,0
Alex Murphy,DEF,Newcastle,0.0,0,0,0,0,0,0.0,0,481,0.00,0.00,0.00,0.00,294,0,0,0.0,0.0,2026-03-14T17:30:00Z,0,False,7,0,0,0,0,0,30,0,90103,0,0,1,0,0.0,0,-344,987,1331,38,False,0
Bernardo Mota Veiga de Carvalho e Silva,MID,Man City,0.0,0,3,30,0,0,46.6,1,416,0.19,0.29,0.11,0.54,300,1,1,11.2,41.2,2026-03-14T20:00:00Z,74,False,19,0,0,0,1,0,30,0,74321,1,0,1,1,24.0,9,-1281,1724,3005,62,False,1
Hannibal Mejbri,MID,Burnley,0.0,0,0,3,1,2,26.8,10,207,0.09,0.15,0.06,2.55,293,0,0,4.2,12.4,2026-03-14T15:00:00Z,90,False,4,0,0,0,6,0,30,0,25648,1,2,0,0,3.0,2,3784,5199,1415,47,True,1
Jacob Bruun Larsen,MID,Burnley,0.0,0,0,0,0,0,0.0,0,202,0.00,0.00,0.00,0.00,293,0,0,0.0,0.0,2026-03-14T15:00:00Z,0,False,4,0,0,0,0,0,30,0,4647,0,0,0,0,0.0,0,-27,104,131,53,True,0
Dennis Cirkin,DEF,Sunderland,0.0,0,0,0,0,0,0.2,0,535,0.00,0.07,0.08,0.00,299,0,0,0.3,0.0,2026-03-14T15:00:00Z,5,False,6,0,0,0,1,0,30,0,5858,0,0,1,0,6.0,1,-372,22,394,40,True,0
Daniel Muñoz Mejía,DEF,Crystal Palace,0.0,0,0,0,0,0,0.0,0,256,0.00,0.00,0.00,0.00,295,0,0,0.0,0.0,2026-03-15T14:00:00Z,0,False,11,0,0,0,0,0,30,0,1013373,0,0,0,0,0.0,0,-62256,12937,75193,59,True,0
Bastien Meupiyou Menadjou,DEF,Wolves,0.0,0,0,0,0,0,0.0,0,639,0.00,0.00,0.00,0.00,292,0,0,0.0,0.0,2026-03-16T20:00:00Z,0,False,5,0,0,0,0,0,30,0,792,0,0,2,2,0.0,0,-6,0,6,40,False,0
Radu Drăgușin,DEF,Spurs,0.0,0,0,8,0,11,0.5,13,572,0.01,0.01,0.00,1.70,296,1,0,2.4,23.0,2026-03-15T16:30:00Z,90,False,12,0,0,0,2,0,30,0,2828,1,2,1,1,0.0,4,-63,187,250,45,False,0
Noah Okafor,MID,Leeds,0.0,0,0,0,0,0,0.0,0,698,0.00,0.00,0.00,0.00,295,0,0,0.0,0.0,2026-03-15T14:00:00Z,0,False,8,0,0,0,0,0,30,0,10740,0,0,0,0,0.0,0,-653,25,678,55,False,0
Dean Henderson,GK,Crystal Palace,0.0,0,0,0,0,0,0.0,0,253,0.00,0.00,0.00,0.00,295,0,0,0.0,0.0,2026-03-15T14:00:00Z,0,False,11,0,0,0,0,0,30,0,1108408,0,0,0,0,0.0,0,101689,112252,10563,50,True,0
Jayce Fitzgerald,MID,Man Utd,0.0,0,0,0,0,0,0.0,0,461,0.00,0.00,0.00,0.00,297,0,0,0.0,0.0,2026-03-15T14:00:00Z,0,False,2,0,0,0,0,0,30,0,5663,0,0,1,3,0.0,0,31,118,87,43,True,0
Nayef Aguerd,DEF,West Ham,0.0,0,0,0,0,0,0.0,0,607,0.00,0.00,0.00,0.00,300,0,0,0.0,0.0,2026-03-14T20:00:00Z,0,False,13,0,0,0,0,0,30,0,5350,0,0,1,1,0.0,0,-11,0,11,44,True,0
Danny Welbeck,FWD,Brighton,0.0,0,0,9,1,3,13.9,7,178,0.10,0.21,0.11,0.82,299,0,0,4.5,12.2,2026-03-14T15:00:00Z,90,False,17,0,0,0,2,0,30,0,511555,1,2,1,0,19.0,2,25670,43120,17450,61,False,0
Tom King,GK,Everton,0.0,0,0,0,0,0,0.0,0,630,0.00,0.00,0.00,0.00,291,0,0,0.0,0.0,2026-03-14T17:30:00Z,0,False,1,0,0,0,0,0,30,0,162979,0,0,0,2,0.0,0,-779,620,1399,39,False,0
Maxime Estève,DEF,Burnley,0.0,0,0,23,1,8,0.5,9,191,0.00,0.00,0.00,1.67,293,0,0,2.3,18.8,2026-03-14T15:00:00Z,73,False,4,0,0,0,3,0,30,0,1007819,1,1,0,0,4.0,6,-5879,7859,13738,39,True,0
Antoine Semenyo,MID,Man City,0.0,0,0,7,0,0,7.8,2,82,0.02,0.14,0.12,0.54,300,1,0,1.1,0.0,2026-03-14T20:00:00Z,74,False,19,0,0,0,2,0,30,0,7496342,1,0,1,1,6.0,2,166880,197258,30378,83,False,0
Rodrigo Muniz Carvalho,FWD,Fulham,0.0,0,0,4,0,1,1.6,1,338,0.02,0.08,0.06,0.60,298,0,0,1.4,3.2,2026-03-15T14:00:00Z,28,False,16,0,0,0,0,0,30,0,92639,0,0,0,0,9.0,1,477,1427,950,53,False,0
Gianluigi Donnarumma,GK,Man City,0.0,0,0,4,0,0,0.0,0,736,0.00,0.00,0.00,0.54,300,1,0,0.4,3.8,2026-03-14T20:00:00Z,90,False,19,0,0,0,8,0,30,0,1257396,1,0,1,1,0.0,2,8194,34989,26795,56,False,0
Sven Botman,DEF,Newcastle,0.0,0,2,31,1,8,0.3,10,475,0.00,0.00,0.00,1.39,294,0,0,3.5,33.0,2026-03-14T17:30:00Z,90,False,7,0,0,0,1,0,30,0,47380,1,2,1,0,2.0,10,-232,572,804,49,False,0
Omar Alderete,DEF,Sunderland,0.0,0,0,11,0,5,1.1,6,683,0.03,0.17,0.14,1.68,299,1,0,4.4,19.0,2026-03-14T15:00:00Z,90,False,6,0,0,0,7,0,30,0,872975,1,1,1,0,24.0,2,34873,45305,10432,41,True,0
Nico O'Reilly,DEF,Man City,0.0,0,0,9,0,2,16.7,2,411,0.04,0.66,0.62,0.54,300,1,0,8.7,13.2,2026-03-14T20:00:00Z,90,False,19,0,0,0,2,0,30,0,1282101,1,0,1,1,57.0,2,24196,87432,63236,51,False,0
Liam Delap,FWD,Chelsea,0.0,0,0,3,0,3,1.4,6,250,0.00,0.29,0.29,0.22,294,0,0,3.2,6.2,2026-03-14T17:30:00Z,45,False,15,0,0,0,1,0,30,0,118949,0,2,1,0,24.0,1,-944,757,1701,62,True,0
Malcolm Ebiowei,MID,Crystal Palace,0.0,0,0,0,0,0,0.0,0,277,0.00,0.00,0.00,0.00,295,0,0,0.0,0.0,2026-03-15T14:00:00Z,0,False,11,0,0,0,0,0,30,0,354,0,0,0,0,0.0,0,0,0,0,45,True,0
Jerome Abbey,MID,Wolves,0.0,0,0,0,0,0,0.0,0,809,0.00,0.00,0.00,0.00,292,0,0,0.0,0.0,2026-03-16T20:00:00Z,0,False,5,0,0,0,0,0,30,0,1045,0,0,2,2,0.0,0,25,184,159,45,False,0
Benjamin White,DEF,Arsenal,0.0,0,0,0,0,0,0.0,0,11,0.00,0.00,0.00,0.00,291,0,0,0.0,0.0,2026-03-14T17:30:00Z,0,False,9,0,0,0,0,0,30,0,59119,0,0,0,2,0.0,0,-1881,267,2148,51,True,0
Miodrag Pivaš,DEF,Newcastle,0.0,0,0,0,0,0,0.0,0,483,0.00,0.00,0.00,0.00,294,0,0,0.0,0.0,2026-03-14T17:30:00Z,0,False,7,0,0,0,0,0,30,0,47763,0,0,1,0,0.0,0,-214,574,788,38,False,0
Freddie Woodman,GK,Liverpool,0.0,0,0,0,0,0,0.0,0,369,0.00,0.00,0.00,0.00,296,0,0,0.0,0.0,2026-03-15T16:30:00Z,0,False,18,0,0,0,0,0,30,0,22002,0,0,1,1,0.0,0,-196,91,287,39,True,0
Adam Webster,DEF,Brighton,0.0,0,0,0,0,0,0.0,0,153,0.00,0.00,0.00,0.00,299,0,0,0.0,0.0,2026-03-14T15:00:00Z,0,False,17,0,0,0,0,0,30,0,883,0,0,1,0,0.0,0,28,46,18,44,False,0
Reece James,DEF,Chelsea,0.0,0,0,13,0,3,66.4,3,225,0.46,0.58,0.12,1.41,294,1,0,9.5,17.8,2026-03-14T17:30:00Z,90,False,15,0,0,0,4,0,30,0,1095350,1,0,1,0,11.0,2,25584,43380,17796,56,True,0
Alex Paulsen,GK,Bournemouth,0.0,0,0,0,0,0,0.0,0,70,0.00,0.00,0.00,0.00,293,0,0,0.0,0.0,2026-03-14T15:00:00Z,0,False,3,0,0,0,0,0,30,0,7080,0,0,0,0,0.0,0,-48,0,48,40,False,0
Chris Wood,FWD,Nott'm Forest,0.0,0,0,0,0,0,0.0,0,525,0.00,0.00,0.00,0.00,298,0,0,0.0,0.0,2026-03-15T14:00:00Z,0,False,10,0,0,0,0,0,30,0,590883,0,0,0,0,0.0,0,-1909,70,1979,71,True,0
Rayan Cherki,MID,Man City,0.0,0,0,11,0,0,27.8,2,417,0.17,0.23,0.06,0.00,300,0,0,7.8,14.0,2026-03-14T20:00:00Z,30,False,19,0,0,0,1,0,30,0,975288,0,1,1,1,36.0,1,-22049,26554,48603,64,False,0
Emiliano Martínez Romero,GK,Aston Villa,0.0,0,0,5,0,0,0.0,0,32,0.00,0.00,0.00,1.10,297,3,0,2.7,27.4,2026-03-15T14:00:00Z,90,False,14,0,0,0,7,0,30,3,564191,1,0,1,3,0.0,2,-25336,10377,35713,51,False,0
Josh King,MID,Fulham,0.0,0,0,11,1,2,1.8,8,335,0.00,0.39,0.39,0.35,298,0,0,2.5,16.4,2026-03-15T14:00:00Z,62,False,16,0,0,0,3,0,30,0,230488,1,3,0,0,7.0,3,1021,7440,6419,44,False,0
Lewis Dunk,DEF,Brighton,0.0,0,3,43,1,11,11.6,13,146,0.03,0.08,0.05,0.90,299,0,0,5.0,31.2,2026-03-14T15:00:00Z,90,False,17,0,0,0,3,0,30,0,127672,1,2,1,0,7.0,11,1110,3858,2748,45,False,0
Willy Boly,DEF,Nott'm Forest,0.0,0,0,0,0,0,0.0,0,514,0.00,0.00,0.00,0.00,298,0,0,0.0,0.0,2026-03-15T14:00:00Z,0,False,10,0,0,0,0,0,30,0,45528,0,0,0,0,0.0,0,-701,267,968,38,True,0
Yusuf Akhamrich,MID,Spurs,0.0,0,0,0,0,0,0.0,0,751,0.00,0.00,0.00,0.00,296,0,0,0.0,0.0,2026-03-15T16:30:00Z,0,False,12,0,0,0,0,0,30,0,591,0,0,1,1,0.0,0,-11,0,11,45,False,0
William Osula,FWD,Newcastle,0.0,0,0,0,0,0,0.0,0,500,0.00,0.00,0.00,0.00,294,0,0,0.0,0.0,2026-03-14T17:30:00Z,0,False,7,0,0,0,0,0,30,0,30965,0,0,1,0,0.0,0,5043,5468,425,54,False,0
Luca Koleosho,MID,Burnley,0.0,0,0,0,0,0,0.0,0,208,0.00,0.00,0.00,0.00,293,0,0,0.0,0.0,2026-03-14T15:00:00Z,0,False,4,0,0,0,0,0,30,0,1379,0,0,0,0,0.0,0,-3,0,3,50,True,0
Omar Richards,DEF,Nott'm Forest,0.0,0,0,0,0,0,0.0,0,512,0.00,0.00,0.00,0.00,298,0,0,0.0,0.0,2026-03-15T14:00:00Z,0,False,10,0,0,0,0,0,30,0,2454,0,0,0,0,0.0,0,-5,0,5,45,True,0
Anthony Gordon,MID,Newcastle,0.0,0,3,43,1,0,1.5,7,485,0.01,1.13,1.12,1.39,294,0,1,7.9,46.8,2026-03-14T17:30:00Z,90,False,7,0,0,0,4,0,30,0,383792,1,3,1,0,31.0,11,26340,43165,16825,72,False,0
Antoni Milambo,MID,Brentford,0.0,0,0,0,0,0,0.0,0,122,0.00,0.00,0.00,0.00,292,0,0,0.0,0.0,2026-03-16T20:00:00Z,0,False,20,0,0,0,0,0,30,0,3599,0,0,2,2,0.0,0,-10,11,21,52,True,0
Pablo Felipe Pereira de Jesus,FWD,West Ham,0.0,0,0,8,0,2,1.8,4,785,0.00,0.00,0.00,0.61,300,1,0,0.8,3.8,2026-03-14T20:00:00Z,63,False,13,0,0,0,2,0,30,0,1089,1,0,1,1,2.0,2,-67,75,142,54,True,0
Martín Zubimendi Ibáñez,MID,Arsenal,0.0,0,0,13,1,1,16.8,4,26,0.12,0.22,0.10,0.99,291,0,0,4.0,8.0,2026-03-14T17:30:00Z,73,False,9,0,0,0,2,0,30,0,544852,1,1,0,2,15.0,3,-49786,12877,62663,52,True,0
Jaidon Anthony,MID,Burnley,0.0,0,0,13,1,3,31.4,9,200,0.24,0.52,0.28,2.55,293,0,0,8.7,13.4,2026-03-14T15:00:00Z,90,False,4,0,0,0,5,0,30,0,256215,1,1,0,0,42.0,3,11840,17808,5968,50,True,0
Curtis Jones,MID,Liverpool,0.0,0,0,3,0,0,0.9,1,388,0.01,0.01,0.00,0.58,296,1,0,0.2,0.6,2026-03-15T16:30:00Z,26,False,18,0,0,0,1,0,30,0,14252,0,0,1,1,0.0,1,-121,353,474,54,True,0
Caoimhín Kelleher,GK,Brentford,0.0,0,0,8,0,0,3.0,0,101,0.18,0.18,0.00,1.39,292,2,0,2.4,21.2,2026-03-16T20:00:00Z,90,False,20,0,0,0,7,0,30,2,1710266,1,0,2,2,0.0,1,183188,196898,13710,48,True,0
Bertrand Traoré,MID,Sunderland,0.0,0,0,0,0,0,0.0,0,735,0.00,0.00,0.00,0.00,299,0,0,0.0,0.0,2026-03-14T15:00:00Z,0,False,6,0,0,0,0,0,30,0,3856,0,0,1,0,0.0,0,-175,31,206,55,True,0
Ollie Shield,DEF,Brentford,0.0,0,0,0,0,0,0.0,0,819,0.00,0.00,0.00,0.00,292,0,0,0.0,0.0,2026-03-16T20:00:00Z,0,False,20,0,0,0,0,0,30,0,431,0,0,2,2,0.0,0,89,123,34,40,True,0
James McAtee,MID,Nott'm Forest,0.0,0,0,2,0,1,0.5,2,426,0.01,0.01,0.00,0.00,298,0,0,0.4,1.4,2026-03-15T14:00:00Z,2,False,10,0,0,0,1,0,30,0,11524,0,0,0,0,2.0,1,-53,105,158,50,True,0
Guglielmo Vicario,GK,Spurs,0.0,0,0,12,0,0,10.0,0,565,0.02,0.02,0.00,1.70,296,1,0,3.6,25.8,2026-03-15T16:30:00Z,90,False,12,0,0,0,5,0,30,3,716466,1,0,1,1,0.0,3,-19665,1464,21129,47,False,0
Jaydee Canvot,DEF,Crystal Palace,0.0,0,3,35,1,15,12.7,17,723,0.02,0.02,0.00,1.10,295,0,0,5.9,46.4,2026-03-15T14:00:00Z,79,False,11,0,0,0,4,0,30,0,4329,1,2,0,0,0.0,11,368,487,119,45,True,0
Zach Marsh,FWD,Crystal Palace,0.0,0,0,0,0,0,0.0,0,286,0.00,0.00,0.00,0.00,295,0,0,0.0,0.0,2026-03-15T14:00:00Z,0,False,11,0,0,0,0,0,30,0,41026,0,0,0,0,0.0,0,-286,495,781,44,True,0
Joe Anderson,DEF,Sunderland,0.0,0,0,0,0,0,0.0,0,534,0.00,0.00,0.00,0.00,299,0,0,0.0,0.0,2026-03-14T15:00:00Z,0,False,6,0,0,0,0,0,30,0,40470,0,0,1,0,0.0,0,-610,0,610,38,True,0
Noussair Mazraoui,DEF,Man Utd,0.0,0,0,0,0,0,0.0,0,438,0.00,0.00,0.00,0.00,297,0,0,0.0,0.0,2026-03-15T14:00:00Z,0,False,2,0,0,0,0,0,30,0,27766,0,0,1,3,0.0,0,-811,634,1445,49,True,0
Cristian Romero,DEF,Spurs,0.0,0,0,0,0,0,0.0,0,569,0.00,0.00,0.00,0.00,296,0,0,0.0,0.0,2026-03-15T16:30:00Z,0,False,12,0,0,0,0,0,30,0,397178,0,0,1,1,0.0,0,-7028,1854,8882,50,False,0
Václav Hladký,GK,Burnley,0.0,0,0,0,0,0,0.0,0,185,0.00,0.00,0.00,0.00,293,0,0,0.0,0.0,2026-03-14T15:00:00Z,0,False,4,0,0,0,0,0,30,0,20971,0,0,0,0,0.0,0,-98,196,294,39,True,0
Mads Roerslev Rasmussen,DEF,Brentford,0.0,0,0,0,0,0,0.0,0,112,0.00,0.00,0.00,0.00,292,0,0,0.0,0.0,2026-03-16T20:00:00Z,0,False,20,0,0,0,0,0,30,0,1839,0,0,2,2,0.0,0,0,0,0,45,True,0
Diogo Dalot Teixeira,DEF,Man Utd,0.0,0,0,8,0,4,3.3,6,440,0.02,0.18,0.16,1.00,297,1,0,3.6,11.6,2026-03-15T14:00:00Z,90,False,2,0,0,0,3,0,30,0,640654,1,2,1,3,21.0,2,-7960,24089,32049,46,True,0
Justin Kluivert,MID,Bournemouth,0.0,0,0,0,0,0,0.0,0,81,0.00,0.00,0.00,0.00,293,0,0,0.0,0.0,2026-03-14T15:00:00Z,0,False,3,0,0,0,0,0,30,0,78035,0,0,0,0,0.0,0,-554,76,630,69,False,0
Keane Lewis-Potter,DEF,Brentford,0.0,1,0,21,0,2,23.9,2,107,0.24,0.32,0.08,1.39,292,2,0,6.2,29.8,2026-03-16T20:00:00Z,90,False,20,0,0,0,3,0,30,0,210559,1,0,2,2,8.0,4,-4562,10124,14686,48,True,0
Kristoffer Ajer,DEF,Brentford,0.0,0,0,-4,0,3,0.2,3,108,0.00,0.00,0.00,0.70,292,1,0,0.4,3.8,2026-03-16T20:00:00Z,18,False,20,0,0,0,1,0,30,0,35215,0,0,2,2,0.0,0,2471,4063,1592,44,True,1
Georginio Rutter,MID,Brighton,0.0,0,0,0,0,0,0.0,0,158,0.00,0.00,0.00,0.00,299,0,0,0.0,0.0,2026-03-14T15:00:00Z,0,False,17,0,0,0,0,0,30,0,41286,0,0,1,0,0.0,0,186,1543,1357,56,False,0
Hwang Hee-chan,MID,Wolves,0.0,0,0,0,0,0,0.0,0,642,0.00,0.00,0.00,0.00,292,0,0,0.0,0.0,2026-03-16T20:00:00Z,0,False,5,0,0,0,0,0,30,0,13721,0,0,2,2,0.0,0,-89,455,544,56,False,0
Ashley Phillips,DEF,Spurs,0.0,0,0,0,0,0,0.0,0,576,0.00,0.00,0.00,0.00,296,0,0,0.0,0.0,2026-03-15T16:30:00Z,0,False,12,0,0,0,0,0,30,0,1419,0,0,1,1,0.0,0,-10,0,10,40,False,0
Quilindschy Hartman,DEF,Burnley,0.0,0,0,22,1,4,0.8,6,192,0.01,0.01,0.00,1.67,293,0,0,1.5,11.8,2026-03-14T15:00:00Z,73,False,4,0,0,0,2,0,30,0,79967,1,2,0,0,2.0,6,-1721,577,2298,40,True,0
George King,DEF,Crystal Palace,0.0,0,0,0,0,0,0.0,0,793,0.00,0.00,0.00,0.00,295,0,0,0.0,0.0,2026-03-15T14:00:00Z,0,False,11,0,0,0,0,0,30,0,2112,0,0,0,0,0.0,0,48,128,80,40,True,0
Bruno Guimarães Rodriguez Moura,MID,Newcastle,0.0,0,0,0,0,0,0.0,0,488,0.00,0.00,0.00,0.00,294,0,0,0.0,0.0,2026-03-14T17:30:00Z,0,False,7,0,0,0,0,0,30,0,617000,0,0,1,0,0.0,0,-75708,569,76277,68,False,0
Eiran Cashin,DEF,Brighton,0.0,0,0,0,0,0,0.0,0,154,0.00,0.00,0.00,0.00,299,0,0,0.0,0.0,2026-03-14T15:00:00Z,0,False,17,0,0,0,0,0,30,0,590,0,0,1,0,0.0,0,-3,0,3,40,False,0
Nathan Patterson,DEF,Everton,0.0,0,0,0,0,0,0.0,0,296,0.00,0.00,0.00,0.00,291,0,0,0.0,0.0,2026-03-14T17:30:00Z,0,False,1,0,0,0,0,0,30,0,4532,0,0,0,2,0.0,0,-155,70,225,44,False,0
Tolu Arokodare,FWD,Wolves,0.0,0,0,25,0,2,1.7,3,720,0.02,0.61,0.59,0.14,292,0,1,7.4,33.0,2026-03-16T20:00:00Z,16,False,5,0,0,0,1,0,30,0,19607,0,0,2,2,39.0,5,-1765,1398,3163,54,False,0
Andrew Moran,MID,Brighton,0.0,0,0,0,0,0,0.0,0,177,0.00,0.00,0.00,0.00,299,0,0,0.0,0.0,2026-03-14T15:00:00Z,0,False,17,0,0,0,0,0,30,0,1993,0,0,1,0,0.0,0,-6,0,6,45,False,0
Adrien Truffert,DEF,Bournemouth,0.0,0,3,34,1,9,29.9,11,74,0.27,0.27,0.00,1.40,293,0,0,6.9,34.8,2026-03-14T15:00:00Z,90,False,3,0,0,0,5,0,30,0,355863,1,2,0,0,4.0,11,62083,67381,5298,46,False,0
Enes Ünal,FWD,Bournemouth,0.0,0,0,-1,0,0,0.6,0,98,0.00,0.50,0.50,0.00,293,0,0,0.3,0.0,2026-03-14T15:00:00Z,3,False,3,0,0,0,0,0,30,0,6225,0,0,0,0,4.0,1,4,423,419,54,False,0
Jack Whittaker,MID,Sunderland,0.0,0,0,0,0,0,0.0,0,821,0.00,0.00,0.00,0.00,299,0,0,0.0,0.0,2026-03-14T15:00:00Z,0,False,6,0,0,0,0,0,30,0,0,0,0,1,0,0.0,0,0,0,0,45,True,0
Dário Luís Essugo,MID,Chelsea,0.0,0,0,0,0,0,0.0,0,247,0.00,0.00,0.00,0.00,294,0,0,0.0,0.0,2026-03-14T17:30:00Z,0,False,15,0,0,0,0,0,30,0,7560,0,0,1,0,0.0,0,344,516,172,43,True,0
Aaron Ramsdale,GK,Newcastle,0.0,0,1,25,1,2,0.0,0,674,0.00,0.00,0.00,1.39,294,0,0,1.7,17.4,2026-03-14T17:30:00Z,90,False,7,0,0,0,9,0,30,3,87766,1,0,1,0,0.0,7,3123,4195,1072,48,False,1
Moisés Caicedo Corozo,MID,Chelsea,0.0,0,0,12,0,0,24.1,5,241,0.11,0.11,0.00,1.22,294,1,0,3.2,7.4,2026-03-14T17:30:00Z,60,False,15,0,0,0,3,0,30,0,991679,1,2,1,0,0.0,1,-8694,11678,20372,57,True,1
Taiwo Awoniyi,FWD,Nott'm Forest,0.0,0,0,-4,0,0,0.1,1,527,0.00,0.54,0.54,0.14,298,0,0,0.5,0.0,2026-03-15T14:00:00Z,27,False,10,0,0,0,1,0,30,0,37753,0,0,0,0,9.0,1,-79,431,510,52,True,0
Joél Drakes-Thomas,MID,Crystal Palace,0.0,0,0,0,0,0,0.0,0,762,0.00,0.00,0.00,0.00,295,0,0,0.0,0.0,2026-03-15T14:00:00Z,0,False,11,0,0,0,0,0,30,0,626,0,0,0,0,0.0,0,-10,26,36,45,True,0
Conor Gallagher,MID,Spurs,0.0,0,0,0,0,0,0.0,0,796,0.00,0.00,0.00,0.00,296,0,0,0.0,0.0,2026-03-15T16:30:00Z,0,False,12,0,0,0,0,0,30,0,13524,0,0,1,1,0.0,0,-3227,272,3499,52,False,0
Niall Huggins,DEF,Sunderland,0.0,0,0,0,0,0,0.0,0,537,0.00,0.00,0.00,0.00,299,0,0,0.0,0.0,2026-03-14T15:00:00Z,0,False,6,0,0,0,0,0,30,0,8687,0,0,1,0,0.0,0,-28,0,28,40,True,0
Konstantinos Tsimikas,DEF,Liverpool,0.0,0,0,0,0,0,0.0,0,377,0.00,0.00,0.00,0.00,296,0,0,0.0,0.0,2026-03-15T16:30:00Z,0,False,18,0,0,0,0,0,30,0,6105,0,0,1,1,0.0,0,-13,0,13,48,True,0
Adam Smith,DEF,Bournemouth,0.0,0,2,31,1,6,25.6,9,73,0.09,0.09,0.00,1.35,293,0,0,5.8,32.6,2026-03-14T15:00:00Z,60,False,3,0,0,0,2,0,30,0,24140,1,3,0,0,0.0,8,170,615,445,44,False,0
Tyrone Mings,DEF,Aston Villa,0.0,0,0,0,0,11,1.2,11,40,0.01,0.37,0.36,1.10,297,3,0,2.3,16.2,2026-03-15T14:00:00Z,90,False,14,0,0,0,4,0,30,0,87401,1,0,1,3,6.0,3,-1225,1853,3078,43,False,0
Luke Shaw,DEF,Man Utd,0.0,0,0,12,0,9,8.0,12,443,0.03,0.03,0.00,1.00,297,1,0,3.6,25.6,2026-03-15T14:00:00Z,90,False,2,0,0,0,1,0,30,0,93070,1,3,1,3,2.0,4,125,4005,3880,45,True,0
James Rowswell,DEF,Spurs,0.0,0,0,3,0,0,0.0,0,750,0.00,0.00,0.00,0.36,296,0,0,0.0,0.0,2026-03-15T16:30:00Z,1,False,12,0,0,0,0,0,30,0,3957,0,0,1,1,0.0,1,-9,83,92,40,False,0
Aaron Hickey,DEF,Brentford,0.0,0,0,0,0,0,0.0,0,116,0.00,0.00,0.00,0.00,292,0,0,0.0,0.0,2026-03-16T20:00:00Z,0,False,20,0,0,0,0,0,30,0,48447,0,0,2,2,0.0,0,-3274,34,3308,40,True,0
Sékou Koné,MID,Man Utd,0.0,0,0,0,0,0,0.0,0,463,0.00,0.00,0.00,0.00,297,0,0,0.0,0.0,2026-03-15T14:00:00Z,0,False,2,0,0,0,0,0,30,0,10358,0,0,1,3,0.0,0,-136,0,136,43,True,0
Ryan McAidoo,MID,Man City,0.0,0,0,0,0,0,0.0,0,742,0.00,0.00,0.00,0.00,300,0,0,0.0,0.0,2026-03-14T20:00:00Z,0,False,19,0,0,0,0,0,30,0,1473,0,0,1,1,0.0,0,4,31,27,45,False,0
Jordan Pickford,GK,Everton,0.0,0,0,7,0,0,0.0,0,287,0.00,0.00,0.00,2.70,291,2,0,2.3,22.8,2026-03-14T17:30:00Z,90,False,1,0,0,0,7,0,30,4,1707705,1,0,0,2,0.0,2,-16202,36927,53129,56,False,0
Enzo Barrenechea,MID,Aston Villa,0.0,0,0,0,0,0,0.0,0,56,0.00,0.00,0.00,0.00,297,0,0,0.0,0.0,2026-03-15T14:00:00Z,0,False,14,0,0,0,0,0,30,0,45,0,0,1,3,0.0,0,0,0,0,50,False,0
Pau Torres,DEF,Aston Villa,0.0,0,0,0,0,0,0.0,0,41,0.00,0.00,0.00,0.00,297,0,0,0.0,0.0,2026-03-15T14:00:00Z,0,False,14,0,0,0,0,0,30,0,39067,0,0,1,3,0.0,0,-578,355,933,43,False,0
Bart Verbruggen,GK,Brighton,0.0,0,0,30,1,0,0.0,0,139,0.00,0.00,0.00,0.90,299,0,0,2.5,24.6,2026-03-14T15:00:00Z,90,False,17,0,0,0,9,0,30,3,707455,1,0,1,0,0.0,7,6004,15977,9973,45,False,0
Tariq Lamptey,DEF,Brighton,0.0,0,0,0,0,0,0.0,0,150,0.00,0.00,0.00,0.00,299,0,0,0.0,0.0,2026-03-14T15:00:00Z,0,False,17,0,0,0,0,0,30,0,10573,0,0,1,0,0.0,0,-29,0,29,44,False,0
Ashley Barnes,FWD,Burnley,0.0,0,0,0,0,0,0.0,0,218,0.00,0.00,0.00,0.00,293,0,0,0.0,0.0,2026-03-14T15:00:00Z,0,False,4,0,0,0,0,0,30,0,182063,0,0,0,0,0.0,0,-3828,5343,9171,42,True,0
Travis Patterson,DEF,Aston Villa,0.0,0,0,0,0,0,0.0,0,710,0.00,0.00,0.00,0.00,297,0,0,0.0,0.0,2026-03-15T14:00:00Z,0,False,14,0,0,0,0,0,30,0,25130,0,0,1,3,0.0,0,-126,137,263,39,False,0
George Hemmings,MID,Aston Villa,0.0,0,0,0,0,0,0.0,0,754,0.00,0.00,0.00,0.00,297,0,0,0.0,0.0,2026-03-15T14:00:00Z,0,False,14,0,0,0,0,0,30,0,1071,0,0,1,3,0.0,0,12,59,47,45,False,0
Sverre Nypan,MID,Man City,0.0,0,0,0,0,0,0.0,0,428,0.00,0.00,0.00,0.00,300,0,0,0.0,0.0,2026-03-14T20:00:00Z,0,False,19,0,0,0,0,0,30,0,1796,0,0,1,1,0.0,0,-2,16,18,50,False,0
Josh Acheampong,DEF,Chelsea,0.0,0,0,0,0,0,0.0,0,233,0.00,0.00,0.00,0.00,294,0,0,0.0,0.0,2026-03-14T17:30:00Z,0,False,15,0,0,0,0,0,30,0,227038,0,0,1,0,0.0,0,9225,16930,7705,37,True,0
Igor Jesus Maciel da Cruz,FWD,Nott'm Forest,0.0,0,0,6,1,1,11.6,5,526,0.00,0.03,0.03,0.89,298,0,0,2.0,4.6,2026-03-15T14:00:00Z,62,False,10,0,0,0,4,0,30,0,157770,1,0,0,0,4.0,2,10547,17831,7284,58,True,0
Illia Zabarnyi,DEF,Bournemouth,0.0,0,0,0,0,0,0.0,0,71,0.00,0.00,0.00,0.00,293,0,0,0.0,0.0,2026-03-14T15:00:00Z,0,False,3,0,0,0,0,0,30,0,2932,0,0,0,0,0.0,0,-6,0,6,50,False,0
Julián Araujo Zúñiga,DEF,Bournemouth,0.0,0,0,0,0,0,0.0,0,78,0.00,0.00,0.00,0.00,293,0,0,0.0,0.0,2026-03-14T15:00:00Z,0,False,3,0,0,0,0,0,30,0,66783,0,0,0,0,0.0,0,-862,0,862,38,False,0
Milos Kerkez,DEF,Liverpool,0.0,0,0,0,0,0,0.0,0,371,0.00,0.00,0.00,0.00,296,0,0,0.0,0.0,2026-03-15T16:30:00Z,0,False,18,0,0,0,0,0,30,0,395850,0,0,1,1,0.0,0,-160,5359,5519,56,True,0
Lamare Bogarde,DEF,Aston Villa,0.0,0,0,2,0,5,7.2,8,44,0.03,0.03,0.00,1.10,297,3,0,2.5,14.2,2026-03-15T14:00:00Z,90,False,14,0,0,0,7,0,30,0,71131,1,3,1,3,4.0,1,-367,1170,1537,40,False,0
Dermot Mee,GK,Man Utd,0.0,0,0,0,0,0,0.0,0,435,0.00,0.00,0.00,0.00,297,0,0,0.0,0.0,2026-03-15T14:00:00Z,0,False,2,0,0,0,0,0,30,0,12939,0,0,1,3,0.0,0,-53,67,120,39,True,0
Alisson Becker,GK,Liverpool,0.0,0,0,23,0,2,0.0,0,366,0.00,0.00,0.00,1.18,296,1,0,3.9,39.4,2026-03-15T16:30:00Z,90,False,18,0,0,0,10,0,30,6,805354,1,0,1,1,0.0,4,-30539,8651,39190,54,True,0
Fabian Schär,DEF,Newcastle,0.0,0,0,0,0,0,0.0,0,474,0.00,0.00,0.00,0.00,294,0,0,0.0,0.0,2026-03-14T17:30:00Z,0,False,7,0,0,0,0,0,30,0,150912,0,0,1,0,0.0,0,-1777,89,1866,52,False,0
Marc Cucurella Saseta,DEF,Chelsea,0.0,0,0,14,0,5,46.0,5,224,0.06,0.06,0.00,1.41,294,1,0,7.7,18.6,2026-03-14T17:30:00Z,90,False,15,0,0,0,3,0,30,0,1786806,1,0,1,0,12.0,2,-5817,14637,20454,60,True,0
Norberto Murara Neto,GK,Bournemouth,0.0,0,0,0,0,0,0.0,0,66,0.00,0.00,0.00,0.00,293,0,0,0.0,0.0,2026-03-14T15:00:00Z,0,False,3,0,0,0,0,0,30,0,7225,0,0,0,0,0.0,0,-29,0,29,45,False,0
Max Weiß,GK,Burnley,0.0,0,0,0,0,0,0.0,0,183,0.00,0.00,0.00,0.00,293,0,0,0.0,0.0,2026-03-14T15:00:00Z,0,False,4,0,0,0,0,0,30,0,15275,0,0,0,0,0.0,0,-22,214,236,43,True,0
Amad Diallo,MID,Man Utd,0.0,0,0,15,0,2,27.7,10,452,0.07,0.20,0.13,1.00,297,1,0,7.1,11.2,2026-03-15T14:00:00Z,90,False,2,0,0,0,7,0,30,0,191292,1,1,1,3,32.0,2,-14074,3754,17828,62,True,0
Jorge Cuenca Barreno,DEF,Fulham,0.0,0,0,0,0,0,0.0,0,321,0.00,0.00,0.00,0.00,298,0,0,0.0,0.0,2026-03-15T14:00:00Z,0,False,16,0,0,0,0,0,30,0,7422,0,0,0,0,0.0,0,-163,77,240,43,False,0
Oliver Sonne,DEF,Burnley,0.0,0,0,0,0,0,0.0,0,197,0.00,0.00,0.00,0.00,293,0,0,0.0,0.0,2026-03-14T15:00:00Z,0,False,4,0,0,0,0,0,30,0,25046,0,0,0,0,0.0,0,-945,0,945,38,True,0
Edson Álvarez Velázquez,MID,West Ham,0.0,0,0,0,0,0,0.0,0,616,0.00,0.00,0.00,0.00,300,0,0,0.0,0.0,2026-03-14T20:00:00Z,0,False,13,0,0,0,0,0,30,0,5952,0,0,1,1,0.0,0,-13,0,13,49,True,0
Yankuba Minteh,MID,Brighton,0.0,0,2,38,1,1,34.4,9,160,0.71,0.73,0.02,0.77,299,0,1,11.1,51.2,2026-03-14T15:00:00Z,75,False,17,0,0,0,4,0,30,0,234286,1,4,1,0,25.0,9,-5309,3239,8548,55,False,1
Eberechi Eze,MID,Arsenal,0.0,0,0,12,1,1,19.5,5,266,0.09,0.24,0.15,1.05,291,0,0,4.5,3.0,2026-03-14T17:30:00Z,90,False,9,0,0,0,3,0,30,0,1055014,1,1,0,2,22.0,3,4465,22724,18259,72,True,0
Lewis Orford,MID,West Ham,0.0,0,0,0,0,0,0.0,0,622,0.00,0.00,0.00,0.00,300,0,0,0.0,0.0,2026-03-14T20:00:00Z,0,False,13,0,0,0,0,0,30,0,6795,0,0,1,1,0.0,0,-20,0,20,44,True,0
Simon Adingra,MID,Sunderland,0.0,0,0,0,0,0,0.0,0,543,0.00,0.00,0.00,0.00,299,0,0,0.0,0.0,2026-03-14T15:00:00Z,0,False,6,0,0,0,0,0,30,0,45185,0,0,1,0,0.0,0,-570,0,570,49,True,0
Alexander Isak,FWD,Liverpool,0.0,0,0,0,0,0,0.0,0,499,0.00,0.00,0.00,0.00,296,0,0,0.0,0.0,2026-03-15T16:30:00Z,0,False,18,0,0,0,0,0,30,0,454896,0,0,1,1,0.0,0,-1726,123,1849,103,True,0
Dominic Solanke-Mitchell,FWD,Spurs,0.0,0,0,10,0,2,2.3,9,596,0.00,0.00,0.00,1.70,296,1,0,1.4,10.0,2026-03-15T16:30:00Z,90,False,12,0,0,0,5,0,30,0,150258,1,2,1,1,2.0,2,-5626,2821,8447,72,False,0
Rodrigo Bentancur,MID,Spurs,0.0,0,0,0,0,0,0.0,0,585,0.00,0.00,0.00,0.00,296,0,0,0.0,0.0,2026-03-15T16:30:00Z,0,False,12,0,0,0,0,0,30,0,20659,0,0,1,1,0.0,0,-215,29,244,52,False,0
Patrick Dorgu,DEF,Man Utd,0.0,0,0,0,0,0,0.0,0,441,0.00,0.00,0.00,0.00,297,0,0,0.0,0.0,2026-03-15T14:00:00Z,0,False,2,0,0,0,0,0,30,0,405294,0,0,1,3,0.0,0,-34949,659,35608,42,True,0
Ayden Heaven,DEF,Man Utd,0.0,0,0,0,0,0,0.0,0,447,0.00,0.00,0.00,0.00,297,0,0,0.0,0.0,2026-03-15T14:00:00Z,0,False,2,0,0,0,0,0,30,0,295016,0,0,1,3,0.0,0,9140,21053,11913,37,True,0
James Tarkowski,DEF,Everton,0.0,0,0,0,0,0,0.0,0,291,0.00,0.00,0.00,0.00,291,0,0,0.0,0.0,2026-03-14T17:30:00Z,0,False,1,0,0,0,0,0,30,0,1444979,0,0,0,2,0.0,0,36906,88529,51623,57,False,0
Facundo Buonanotte,MID,Leeds,0.0,0,0,0,0,0,0.0,0,168,0.00,0.00,0.00,0.00,295,0,0,0.0,0.0,2026-03-15T14:00:00Z,0,False,8,0,0,0,0,0,30,0,12242,0,0,0,0,0.0,0,-60,296,356,46,False,0
Jack Moorhouse,MID,Man Utd,0.0,0,0,0,0,0,0.0,0,464,0.00,0.00,0.00,0.00,297,0,0,0.0,0.0,2026-03-15T14:00:00Z,0,False,2,0,0,0,0,0,30,0,2176,0,0,1,3,0.0,0,-4,0,4,45,True,0
Carlos Henrique Casimiro,MID,Man Utd,0.0,0,0,30,0,4,15.4,8,457,0.28,0.39,0.11,0.96,297,1,1,10.0,43.0,2026-03-15T14:00:00Z,90,False,2,0,0,0,3,0,30,0,359036,1,1,1,3,42.0,6,33670,47692,14022,56,True,1
José Malheiro de Sá,GK,Wolves,0.0,0,0,4,0,2,0.0,0,628,0.00,0.00,0.00,2.56,292,2,0,0.9,8.6,2026-03-16T20:00:00Z,90,False,5,0,0,0,8,0,30,1,163893,1,0,2,2,0.0,0,2171,7614,5443,42,False,1
Callan McKenna,GK,Bournemouth,0.0,0,0,0,0,0,0.0,0,69,0.00,0.00,0.00,0.00,293,0,0,0.0,0.0,2026-03-14T15:00:00Z,0,False,3,0,0,0,0,0,30,0,33310,0,0,0,0,0.0,0,143,725,582,39,False,0
Fábio Freitas Gouveia Carvalho,MID,Brentford,0.0,0,0,0,0,0,0.0,0,123,0.00,0.00,0.00,0.00,292,0,0,0.0,0.0,2026-03-16T20:00:00Z,0,False,20,0,0,0,0,0,30,0,13830,0,0,2,2,0.0,0,-55,20,75,47,True,0
Sean Neave,FWD,Newcastle,0.0,0,0,0,0,0,0.0,0,501,0.00,0.00,0.00,0.00,294,0,0,0.0,0.0,2026-03-14T17:30:00Z,0,False,7,0,0,0,0,0,30,0,32803,0,0,1,0,0.0,0,-115,504,619,43,False,0
Luis Díaz Marulanda,MID,Liverpool,0.0,0,0,0,0,0,0.0,0,383,0.00,0.00,0.00,0.00,296,0,0,0.0,0.0,2026-03-15T16:30:00Z,0,False,18,0,0,0,0,0,30,0,5517,0,0,1,1,0.0,0,-7,0,7,80,True,0
Joe Hodge,MID,Wolves,0.0,0,0,0,0,0,0.0,0,653,0.00,0.00,0.00,0.00,292,0,0,0.0,0.0,2026-03-16T20:00:00Z,0,False,5,0,0,0,0,0,30,0,3245,0,0,2,2,0.0,0,-18,0,18,45,False,0
Sander Berge,MID,Fulham,0.0,0,0,6,1,0,5.0,1,330,0.02,0.02,0.00,0.36,298,0,0,0.6,1.0,2026-03-15T14:00:00Z,77,False,16,0,0,0,0,0,30,0,10449,1,1,0,0,0.0,2,158,428,270,49,False,1
Tanaka Ao,MID,Leeds,0.0,0,0,0,0,0,0.0,0,358,0.00,0.00,0.00,0.00,295,0,0,0.0,0.0,2026-03-15T14:00:00Z,0,False,8,0,0,0,0,0,30,0,24159,0,0,0,0,0.0,0,-717,260,977,48,False,0
Carlos Miguel dos Santos Pereira,GK,Nott'm Forest,0.0,0,0,0,0,0,0.0,0,503,0.00,0.00,0.00,0.00,298,0,0,0.0,0.0,2026-03-15T14:00:00Z,0,False,10,0,0,0,0,0,30,0,8044,0,0,0,0,0.0,0,-48,0,48,40,True,0
Matty Cash,DEF,Aston Villa,0.0,0,0,0,0,0,0.0,0,36,0.00,0.00,0.00,0.00,297,0,0,0.0,0.0,2026-03-15T14:00:00Z,0,False,14,0,0,0,0,0,30,0,1130186,0,0,1,3,0.0,0,-183468,3112,186580,48,False,0
Bendito Mantato,MID,Man Utd,0.0,0,0,0,0,0,0.0,0,769,0.00,0.00,0.00,0.00,297,0,0,0.0,0.0,2026-03-15T14:00:00Z,0,False,2,0,0,0,0,0,30,0,546,0,0,1,3,0.0,0,2,24,22,45,True,0
Bruno Borges Fernandes,MID,Man Utd,0.0,2,2,38,0,2,84.4,9,449,0.37,0.45,0.08,1.00,297,1,0,13.9,49.4,2026-03-15T14:00:00Z,90,False,2,0,0,0,6,0,30,0,5379903,1,1,1,3,5.0,10,208900,228019,19119,101,True,0
Stefanos Tzimas,FWD,Brighton,0.0,0,0,0,0,0,0.0,0,180,0.00,0.00,0.00,0.00,299,0,0,0.0,0.0,2026-03-14T15:00:00Z,0,False,17,0,0,0,0,0,30,0,9579,0,0,1,0,0.0,0,9,87,78,52,False,0
Daniel Bentley,GK,Wolves,0.0,0,0,0,0,0,0.0,0,629,0.00,0.00,0.00,0.00,292,0,0,0.0,0.0,2026-03-16T20:00:00Z,0,False,5,0,0,0,0,0,30,0,62743,0,0,2,2,0.0,0,-11,604,615,39,False,0
Marcus Rashford,MID,Man Utd,0.0,0,0,0,0,0,0.0,0,451,0.00,0.00,0.00,0.00,297,0,0,0.0,0.0,2026-03-15T14:00:00Z,0,False,2,0,0,0,0,0,30,0,1954,0,0,1,3,0.0,0,-6,0,6,70,True,0
TJ Carroll,DEF,Aston Villa,0.0,0,0,0,0,0,0.0,0,781,0.00,0.00,0.00,0.00,297,0,0,0.0,0.0,2026-03-15T14:00:00Z,0,False,14,0,0,0,0,0,30,0,1718,0,0,1,3,0.0,0,8,54,46,40,False,0
Rico Henry,DEF,Brentford,0.0,0,0,0,0,0,0.0,0,109,0.00,0.00,0.00,0.00,292,0,0,0.0,0.0,2026-03-16T20:00:00Z,0,False,20,0,0,0,0,0,30,0,22421,0,0,2,2,0.0,0,-4187,136,4323,43,True,0
Samuel Iling-Junior,MID,Aston Villa,0.0,0,0,0,0,0,0.0,0,51,0.00,0.00,0.00,0.00,297,0,0,0.0,0.0,2026-03-15T14:00:00Z,0,False,14,0,0,0,0,0,30,0,2434,0,0,1,3,0.0,0,-5,0,5,55,False,0
Abdallah Sima,MID,Brighton,0.0,0,0,0,0,0,0.0,0,165,0.00,0.00,0.00,0.00,299,0,0,0.0,0.0,2026-03-14T15:00:00Z,0,False,17,0,0,0,0,0,30,0,1427,0,0,1,0,0.0,0,-4,0,4,54,False,0
Tosin Adarabioyo,DEF,Chelsea,0.0,0,0,0,0,0,0.0,0,232,0.00,0.00,0.00,0.00,294,0,0,0.0,0.0,2026-03-14T17:30:00Z,0,False,15,0,0,0,0,0,30,0,33389,0,0,1,0,0.0,0,357,743,386,40,True,0
Sam Greenwood,MID,Leeds,0.0,0,0,0,0,0,0.0,0,355,0.00,0.00,0.00,0.00,295,0,0,0.0,0.0,2026-03-15T14:00:00Z,0,False,8,0,0,0,0,0,30,0,4163,0,0,0,0,0.0,0,-10,0,10,49,False,0
Jarrad Branthwaite,DEF,Everton,0.0,0,0,0,0,0,0.0,0,290,0.00,0.00,0.00,0.00,291,0,0,0.0,0.0,2026-03-14T17:30:00Z,0,False,1,0,0,0,0,0,30,0,55382,0,0,0,2,0.0,0,-640,7039,7679,53,False,0
Ethan Pinnock,DEF,Brentford,0.0,0,0,0,0,0,0.0,0,111,0.00,0.00,0.00,0.00,292,0,0,0.0,0.0,2026-03-16T20:00:00Z,0,False,20,0,0,0,0,0,30,0,14763,0,0,2,2,0.0,0,38,340,302,42,True,0
Wellity Lucky,DEF,Liverpool,0.0,0,0,0,0,0,0.0,0,760,0.00,0.00,0.00,0.00,296,0,0,0.0,0.0,2026-03-15T16:30:00Z,0,False,18,0,0,0,0,0,30,0,2271,0,0,1,1,0.0,0,5,71,66,40,True,0
Alex Cairns,GK,Leeds,0.0,0,0,0,0,0,0.0,0,340,0.00,0.00,0.00,0.00,295,0,0,0.0,0.0,2026-03-15T14:00:00Z,0,False,8,0,0,0,0,0,30,0,19390,0,0,0,0,0.0,0,-125,121,246,39,False,0
Mateo Joseph Fernández-Regatillo,FWD,Leeds,0.0,0,0,0,0,0,0.0,0,364,0.00,0.00,0.00,0.00,295,0,0,0.0,0.0,2026-03-15T14:00:00Z,0,False,8,0,0,0,0,0,30,0,1241,0,0,0,0,0.0,0,-5,0,5,50,False,0
Kai Havertz,FWD,Arsenal,0.0,0,0,7,1,0,14.3,0,30,0.03,0.03,0.00,0.98,291,0,0,2.0,1.6,2026-03-14T17:30:00Z,60,False,9,0,0,0,0,0,30,0,62383,1,0,0,2,4.0,2,-384,3379,3763,73,True,0
Raúl Jiménez Rodríguez,FWD,Fulham,0.0,0,0,5,1,0,0.9,3,337,0.00,0.00,0.00,0.35,298,0,0,0.7,3.8,2026-03-15T14:00:00Z,61,False,16,0,0,0,1,0,30,0,367682,1,2,0,0,2.0,2,-22179,22790,44969,62,False,0
Brian Brobbey,FWD,Sunderland,0.0,0,0,3,0,1,14.4,2,730,0.00,0.13,0.13,1.68,299,1,0,2.9,3.6,2026-03-14T15:00:00Z,77,False,6,0,0,0,1,0,30,0,78590,1,0,1,0,11.0,2,-17012,771,17783,54,True,0
Evann Guessand,MID,Crystal Palace,0.0,0,0,5,1,3,2.9,4,677,0.02,0.06,0.04,1.12,295,0,0,2.1,2.0,2026-03-15T14:00:00Z,90,False,11,0,0,0,1,0,30,0,7346,1,0,0,0,16.0,3,524,900,376,62,True,0
Kaye Furo,FWD,Brentford,0.0,0,0,0,0,0,0.0,0,797,0.00,0.00,0.00,0.00,292,0,0,0.0,0.0,2026-03-16T20:00:00Z,0,False,20,0,0,0,0,0,30,0,1987,0,0,2,2,0.0,0,-94,125,219,45,True,0
Antony dos Santos,MID,Man Utd,0.0,0,0,0,0,0,0.0,0,454,0.00,0.00,0.00,0.00,297,0,0,0.0,0.0,2026-03-15T14:00:00Z,0,False,2,0,0,0,0,0,30,0,7337,0,0,1,3,0.0,0,-12,0,12,59,True,0
Tyler Onyango,MID,Everton,0.0,0,0,0,0,0,0.0,0,704,0.00,0.00,0.00,0.00,291,0,0,0.0,0.0,2026-03-14T17:30:00Z,0,False,1,0,0,0,0,0,30,0,6380,0,0,0,2,0.0,0,-16,0,16,45,False,0
