name,position,team,xP,assists,bonus,bps,clean_sheets,clearances_blocks_interceptions,creativity,defensive_contribution,element,expected_assists,expected_goal_involvements,expected_goals,expected_goals_conceded,fixture,goals_conceded,goals_scored,ict_index,influence,kickoff_time,minutes,modified,opponent_team,own_goals,penalties_missed,penalties_saved,recoveries,red_cards,round,saves,selected,starts,tackles,team_a_score,team_h_score,threat,total_points,transfers_balance,transfers_in,transfers_out,value,was_home,yellow_cards
Reinildo Mandava,DEF,Sunderland,0.0,0,0,-1,0,1,0.0,1,541,0.00,0.00,0.00,0.04,308,0,0,0.0,0.0,2026-03-22T12:00:00Z,1,False,15,0,0,0,0,0,31,0,353612,0,0,2,1,0.0,0,-9544,893,10437,38,False,1
Lorenzo Lucca,FWD,Nott'm Forest,0.0,0,0,0,0,0,0.0,0,805,0.00,0.00,0.00,0.00,309,0,0,0.0,0.0,2026-03-22T14:15:00Z,0,False,18,0,0,0,0,0,31,0,2139,0,0,3,0,0.0,0,-164,86,250,55,False,0
Lewis Dobbin,MID,Aston Villa,0.0,0,0,0,0,0,0.0,0,57,0.00,0.00,0.00,0.00,301,0,0,0.0,0.0,2026-03-22T14:15:00Z,0,False,19,0,0,0,0,0,31,0,3124,0,0,0,2,0.0,0,-4,0,4,50,True,0
Ryan Christie,MID,Bournemouth,0.0,0,2,31,0,3,3.3,7,87,0.03,0.13,0.10,1.75,302,2,1,6.5,41.2,2026-03-20T20:00:00Z,72,False,14,0,0,0,2,0,31,0,8072,1,2,2,2,20.0,9,75,212,137,49,True,0
Leo Shahar,DEF,Newcastle,0.0,0,0,0,0,0,0.0,0,765,0.00,0.00,0.00,0.00,308,0,0,0.0,0.0,2026-03-22T12:00:00Z,0,False,17,0,0,0,0,0,31,0,3896,0,0,2,1,0.0,0,-49,113,162,40,True,0
Zeki Amdouni,FWD,Burnley,0.0,0,0,0,0,0,0.0,0,216,0.00,0.00,0.00,0.00,305,0,0,0.0,0.0,2026-03-21T15:00:00Z,0,False,10,0,0,0,0,0,31,0,2977,0,0,1,3,0.0,0,40,120,80,48,False,0
Lucas Tolentino Coelho de Lima,MID,West Ham,0.0,0,0,0,0,0,0.0,0,612,0.00,0.00,0.00,0.00,301,0,0,0.0,0.0,2026-03-22T14:15:00Z,0,False,2,0,0,0,0,0,31,0,139932,0,0,0,2,0.0,0,-746,0,746,59,False,0
Jorrel Hato,DEF,Chelsea,0.0,0,0,7,0,6,25.4,8,672,0.06,0.06,0.00,1.18,304,3,0,5.6,25.0,2026-03-21T17:30:00Z,90,False,9,0,0,0,7,0,31,0,24367,1,2,0,3,6.0,1,291,667,376,46,False,0
Myles Peart-Harris,MID,Brentford,0.0,0,0,0,0,0,0.0,0,133,0.00,0.00,0.00,0.00,306,0,0,0.0,0.0,2026-03-21T20:00:00Z,0,False,11,0,0,0,0,0,31,0,4090,0,0,0,0,0.0,0,-26,0,26,44,False,0
Bashir Humphreys,DEF,Burnley,0.0,0,0,2,0,6,0.5,7,193,0.00,0.00,0.00,3.15,305,3,0,2.3,20.8,2026-03-21T15:00:00Z,90,False,10,0,0,0,8,0,31,0,17854,1,1,1,3,2.0,1,66,808,742,39,False,0
Romain Faivre,MID,Bournemouth,0.0,0,0,0,0,0,0.0,0,92,0.00,0.00,0.00,0.00,302,0,0,0.0,0.0,2026-03-20T20:00:00Z,0,False,14,0,0,0,0,0,31,0,7781,0,0,2,2,0.0,0,-26,0,26,45,True,0
Enock Agyei,MID,Burnley,0.0,0,0,0,0,0,0.0,0,203,0.00,0.00,0.00,0.00,305,0,0,0.0,0.0,2026-03-21T15:00:00Z,0,False,10,0,0,0,0,0,31,0,6079,0,0,1,3,0.0,0,0,70,70,47,False,0
Callum Bates,MID,Everton,0.0,0,0,0,0,0,0.0,0,306,0.00,0.00,0.00,0.00,304,0,0,0.0,0.0,2026-03-21T17:30:00Z,0,False,7,0,0,0,0,0,31,0,12567,0,0,0,3,0.0,0,-302,121,423,43,True,0
Harry Tyrer,GK,Everton,0.0,0,0,0,0,0,0.0,0,289,0.00,0.00,0.00,0.00,304,0,0,0.0,0.0,2026-03-21T17:30:00Z,0,False,7,0,0,0,0,0,31,0,11732,0,0,0,3,0.0,0,-119,0,119,39,True,0
Etienne Green,GK,Burnley,0.0,0,0,0,0,0,0.0,0,184,0.00,0.00,0.00,0.00,305,0,0,0.0,0.0,2026-03-21T15:00:00Z,0,False,10,0,0,0,0,0,31,0,20606,0,0,1,3,0.0,0,-149,0,149,40,False,0
Destiny Udogie,DEF,Spurs,0.0,0,0,-6,0,0,16.5,1,574,0.12,0.12,0.00,1.28,309,2,0,2.6,5.0,2026-03-22T14:15:00Z,45,False,16,0,0,0,2,0,31,0,38614,0,1,3,0,4.0,-1,48,172,124,43,True,1
Simon Moore,GK,Sunderland,0.0,0,0,0,0,0,0.0,0,529,0.00,0.00,0.00,0.00,308,0,0,0.0,0.0,2026-03-22T12:00:00Z,0,False,15,0,0,0,0,0,31,0,45913,0,0,2,1,0.0,0,-560,84,644,39,False,0
Ben Winterburn,MID,Bournemouth,0.0,0,0,0,0,0,0.0,0,96,0.00,0.00,0.00,0.00,302,0,0,0.0,0.0,2026-03-20T20:00:00Z,0,False,14,0,0,0,0,0,31,0,3872,0,0,2,2,0.0,0,-11,0,11,45,True,0
Mikey Moore,MID,Spurs,0.0,0,0,0,0,0,0.0,0,592,0.00,0.00,0.00,0.00,309,0,0,0.0,0.0,2026-03-22T14:15:00Z,0,False,16,0,0,0,0,0,31,0,419,0,0,3,0,0.0,0,0,0,0,50,True,0
Pape Matar Sarr,MID,Spurs,0.0,0,0,18,0,2,25.2,7,593,0.03,0.12,0.09,1.48,309,3,0,4.6,13.0,2026-03-22T14:15:00Z,90,False,16,0,0,0,3,0,31,0,143129,1,2,3,0,8.0,2,-263,3572,3835,45,True,0
Hákon Rafn Valdimarsson,GK,Brentford,0.0,0,0,0,0,0,0.0,0,105,0.00,0.00,0.00,0.00,306,0,0,0.0,0.0,2026-03-21T20:00:00Z,0,False,11,0,0,0,0,0,31,0,76626,0,0,0,0,0.0,0,-964,161,1125,39,False,0
Toby Collyer,MID,Man Utd,0.0,0,0,0,0,0,0.0,0,460,0.00,0.00,0.00,0.00,302,0,0,0.0,0.0,2026-03-20T20:00:00Z,0,False,4,0,0,0,0,0,31,0,3267,0,0,2,2,0.0,0,-10,0,10,45,False,0
Jaydon Jones,MID,Sunderland,0.0,0,0,0,0,0,0.0,0,822,0.00,0.00,0.00,0.00,308,0,0,0.0,0.0,2026-03-22T12:00:00Z,0,False,15,0,0,0,0,0,31,0,81,0,0,2,1,0.0,0,16,27,11,45,False,0
Marcos Senesi Barón,DEF,Bournemouth,0.0,0,0,5,0,5,11.8,5,72,0.03,0.05,0.02,1.77,302,2,0,3.0,14.8,2026-03-20T20:00:00Z,90,False,14,0,0,0,4,0,31,0,2794462,1,0,2,2,3.0,1,180346,214177,33831,51,True,0
Tyler Morton,MID,Liverpool,0.0,0,0,0,0,0,0.0,0,395,0.00,0.00,0.00,0.00,303,0,0,0.0,0.0,2026-03-21T12:45:00Z,0,False,6,0,0,0,0,0,31,0,266,0,0,1,2,0.0,0,0,0,0,45,False,0
Alexis Mac Allister,MID,Liverpool,0.0,0,0,9,0,2,20.7,5,386,0.03,0.17,0.14,2.17,303,2,0,5.3,6.4,2026-03-21T12:45:00Z,90,False,6,0,0,0,3,0,31,0,356775,1,0,1,2,26.0,1,27556,34930,7374,63,False,1
Harrison Ashby,DEF,Newcastle,0.0,0,0,0,0,0,0.0,0,482,0.00,0.00,0.00,0.00,308,0,0,0.0,0.0,2026-03-22T12:00:00Z,0,False,17,0,0,0,0,0,31,0,14260,0,0,2,1,0.0,0,-59,0,59,39,True,0
Samuel Amissah,DEF,Fulham,0.0,0,0,0,0,0,0.0,0,323,0.00,0.00,0.00,0.00,305,0,0,0.0,0.0,2026-03-21T15:00:00Z,0,False,3,0,0,0,0,0,31,0,18707,0,0,1,3,0.0,0,-93,103,196,38,True,0
Luís Hemir Silva Semedo,FWD,Sunderland,0.0,0,0,0,0,0,0.0,0,563,0.00,0.00,0.00,0.00,308,0,0,0.0,0.0,2026-03-22T12:00:00Z,0,False,15,0,0,0,0,0,31,0,10561,0,0,2,1,0.0,0,-20,0,20,44,False,0
Adama Traoré Diarra,MID,West Ham,0.0,0,0,5,0,0,4.5,2,326,0.01,0.01,0.00,0.54,301,1,0,1.3,6.4,2026-03-22T14:15:00Z,45,False,2,0,0,0,2,0,31,0,19760,0,0,0,2,2.0,1,-48,151,199,51,False,0
Yasin Ayari,MID,Brighton,0.0,0,0,8,0,0,10.3,0,166,0.05,0.12,0.07,0.03,303,0,0,2.7,3.2,2026-03-21T12:45:00Z,7,False,12,0,0,0,0,0,31,0,47421,0,0,1,2,13.0,1,-2387,477,2864,48,True,0
Thierno Barry,FWD,Everton,0.0,0,0,0,0,1,0.3,1,310,0.00,0.00,0.00,0.04,304,0,0,0.4,2.0,2026-03-21T17:30:00Z,9,False,7,0,0,0,0,0,31,0,106950,0,0,0,3,2.0,1,-7081,1922,9003,57,True,0
Ollie Scarles,DEF,West Ham,0.0,0,0,0,0,0,0.0,0,608,0.00,0.00,0.00,0.00,301,0,0,0.0,0.0,2026-03-22T14:15:00Z,0,False,2,0,0,0,0,0,31,0,4703,0,0,0,2,0.0,0,-87,10,97,43,False,0
Brenden Aaronson,MID,Leeds,0.0,0,0,6,1,0,12.1,5,350,0.01,0.05,0.04,0.36,306,0,0,2.1,2.2,2026-03-21T20:00:00Z,68,False,5,0,0,0,4,0,31,0,75355,1,1,0,0,7.0,3,-1151,3123,4274,54,True,0
Eliezer Mayenda Dossou,FWD,Sunderland,0.0,0,0,3,0,0,0.0,0,561,0.00,0.00,0.00,0.04,308,0,0,0.1,1.0,2026-03-22T12:00:00Z,1,False,15,0,0,0,0,0,31,0,67461,0,0,2,1,0.0,1,-1760,439,2199,52,False,0
Seth Ridgeon,MID,Fulham,0.0,0,0,0,0,0,0.0,0,770,0.00,0.00,0.00,0.00,305,0,0,0.0,0.0,2026-03-21T15:00:00Z,0,False,3,0,0,0,0,0,31,0,614,0,0,1,3,0.0,0,-3,22,25,45,True,0
Steven Benda,GK,Fulham,0.0,0,0,0,0,0,0.0,0,315,0.00,0.00,0.00,0.00,305,0,0,0.0,0.0,2026-03-21T15:00:00Z,0,False,3,0,0,0,0,0,31,0,922,0,0,1,3,0.0,0,-16,0,16,40,True,0
Milan Aleksić,MID,Sunderland,0.0,0,0,0,0,0,0.0,0,546,0.00,0.00,0.00,0.00,308,0,0,0.0,0.0,2026-03-22T12:00:00Z,0,False,15,0,0,0,0,0,31,0,2207,0,0,2,1,0.0,0,-12,4,16,49,False,0
André Onana,GK,Man Utd,0.0,0,0,0,0,0,0.0,0,432,0.00,0.00,0.00,0.00,302,0,0,0.0,0.0,2026-03-20T20:00:00Z,0,False,4,0,0,0,0,0,31,0,18266,0,0,2,2,0.0,0,-22,0,22,49,False,0
Alejandro Garnacho Ferreyra,MID,Chelsea,0.0,0,0,-1,0,1,6.8,3,453,0.05,0.05,0.00,0.48,304,2,0,1.5,0.4,2026-03-21T17:30:00Z,45,False,9,0,0,0,2,0,31,0,61949,0,0,0,3,8.0,0,-452,1144,1596,64,False,1
Tammy Abraham,FWD,Aston Villa,0.0,0,0,2,0,0,0.0,0,808,0.00,0.02,0.02,0.04,301,0,0,0.0,0.0,2026-03-22T14:15:00Z,3,False,19,0,0,0,0,0,31,0,30911,0,0,0,2,2.0,1,-1274,1814,3088,60,True,0
Dan Neil,MID,Sunderland,0.0,0,0,0,0,0,0.0,0,549,0.00,0.00,0.00,0.00,308,0,0,0.0,0.0,2026-03-22T12:00:00Z,0,False,15,0,0,0,0,0,31,0,3598,0,0,2,1,0.0,0,-14,0,14,48,False,0
Kiernan Dewsbury-Hall,MID,Everton,0.0,0,0,14,1,1,6.2,10,242,0.02,0.25,0.23,0.93,304,0,0,5.0,16.6,2026-03-21T17:30:00Z,88,False,7,0,0,0,5,0,31,0,614234,1,4,0,3,27.0,3,3125,24448,21323,51,True,0
Kieran Trippier,DEF,Newcastle,0.0,0,0,9,0,1,29.0,1,478,0.11,0.11,0.00,1.05,308,1,0,3.7,8.0,2026-03-22T12:00:00Z,64,False,17,0,0,0,2,0,31,0,188902,1,0,2,1,0.0,2,4207,5553,1346,49,True,0
João Maria Lobo Alves Palhares Costa Palhinha Gonçalves,MID,Spurs,0.0,0,0,0,0,0,0.0,0,673,0.00,0.00,0.00,0.00,309,0,0,0.0,0.0,2026-03-22T14:15:00Z,0,False,16,0,0,0,0,0,31,0,97757,0,0,3,0,0.0,0,-1949,186,2135,55,True,0
Tino Livramento,DEF,Newcastle,0.0,0,0,4,0,1,4.8,2,477,0.05,0.06,0.01,1.40,308,1,0,1.4,7.6,2026-03-22T12:00:00Z,25,False,17,0,0,0,2,0,31,0,260671,0,1,2,1,2.0,1,8969,9434,465,49,True,0
Issa Diop,DEF,Fulham,0.0,0,0,0,0,0,0.0,0,320,0.00,0.00,0.00,0.00,305,0,0,0.0,0.0,2026-03-21T15:00:00Z,0,False,3,0,0,0,0,0,31,0,9973,0,0,1,3,0.0,0,36,169,133,43,True,0
Rasmus Højlund,FWD,Man Utd,0.0,0,0,0,0,0,0.0,0,465,0.00,0.00,0.00,0.00,302,0,0,0.0,0.0,2026-03-20T20:00:00Z,0,False,4,0,0,0,0,0,31,0,32978,0,0,2,2,0.0,0,-39,0,39,63,False,0
Dane Scarlett,FWD,Spurs,0.0,0,0,0,0,0,0.0,0,599,0.00,0.00,0.00,0.00,309,0,0,0.0,0.0,2026-03-22T14:15:00Z,0,False,16,0,0,0,0,0,31,0,70139,0,0,3,0,0.0,0,-485,0,485,43,True,0
Ezri Konsa Ngoyo,DEF,Aston Villa,0.0,0,0,24,1,3,11.2,3,38,0.01,0.27,0.26,0.94,301,0,0,4.5,17.8,2026-03-22T14:15:00Z,90,False,19,0,0,0,1,0,31,0,1124818,1,0,0,2,16.0,6,36472,46032,9560,44,True,0
Leon Routh,DEF,Aston Villa,0.0,0,0,0,0,0,0.0,0,768,0.00,0.00,0.00,0.00,301,0,0,0.0,0.0,2026-03-22T14:15:00Z,0,False,19,0,0,0,0,0,31,0,2128,0,0,0,2,0.0,0,-14,21,35,40,True,0
Archie Gray,MID,Spurs,0.0,0,0,9,0,0,12.8,8,591,0.03,0.19,0.16,0.99,309,2,0,2.7,7.0,2026-03-22T14:15:00Z,83,False,16,0,0,0,6,0,31,0,22025,1,2,3,0,7.0,2,1120,1587,467,48,True,0
Noah Sadiki,MID,Sunderland,0.0,0,0,6,0,2,2.7,4,552,0.07,0.24,0.17,1.27,308,1,0,3.5,11.2,2026-03-22T12:00:00Z,90,False,15,0,0,0,1,0,31,0,7355,1,1,2,1,21.0,1,-145,98,243,49,False,1
Nathan Collins,DEF,Brentford,0.0,0,0,23,1,8,0.8,9,106,0.03,0.07,0.04,0.52,306,0,0,4.7,25.4,2026-03-21T20:00:00Z,90,False,11,0,0,0,5,0,31,0,405110,1,1,0,0,21.0,6,12986,22045,9059,49,False,0
Manuel Ugarte Ribeiro,MID,Man Utd,0.0,0,0,4,0,2,10.4,3,459,0.00,0.00,0.00,0.11,302,0,0,1.4,3.4,2026-03-20T20:00:00Z,8,False,4,0,0,0,1,0,31,0,18443,0,0,2,2,0.0,1,-235,53,288,47,False,0
Lewis Hall,DEF,Newcastle,0.0,0,0,7,0,3,48.3,3,473,0.45,0.53,0.08,2.45,308,2,0,8.6,24.2,2026-03-22T12:00:00Z,90,False,17,0,0,0,5,0,31,0,925480,1,0,2,1,13.0,1,226361,231331,4970,53,True,0
Wesley Fofana,DEF,Chelsea,0.0,0,0,2,0,10,11.8,11,230,0.01,0.06,0.05,1.18,304,3,0,4.3,24.8,2026-03-21T17:30:00Z,90,False,9,0,0,0,3,0,31,0,49460,1,1,0,3,6.0,2,2953,3988,1035,44,False,1
Martial Godo,MID,Fulham,0.0,0,0,0,0,0,0.0,0,333,0.00,0.00,0.00,0.00,305,0,0,0.0,0.0,2026-03-21T15:00:00Z,0,False,3,0,0,0,0,0,31,0,2990,0,0,1,3,0.0,0,-4,0,4,45,True,0
Leo Fuhr Hjelde,DEF,Sunderland,0.0,0,0,0,0,0,0.0,0,536,0.00,0.00,0.00,0.00,308,0,0,0.0,0.0,2026-03-22T12:00:00Z,0,False,15,0,0,0,0,0,31,0,1670,0,0,2,1,0.0,0,-18,0,18,40,False,0
Krisztián Hegyi,GK,West Ham,0.0,0,0,0,0,0,0.0,0,602,0.00,0.00,0.00,0.00,301,0,0,0.0,0.0,2026-03-22T14:15:00Z,0,False,2,0,0,0,0,0,31,0,25969,0,0,0,2,0.0,0,-340,0,340,39,False,0
Jadon Sancho,MID,Aston Villa,0.0,1,0,21,1,0,34.6,2,456,0.21,0.24,0.03,0.59,301,0,0,7.2,22.4,2026-03-22T14:15:00Z,66,False,19,0,0,0,2,0,31,0,29005,1,0,0,2,15.0,6,114,539,425,58,True,0
Amine Adli,MID,Bournemouth,0.0,0,0,9,0,0,2.4,8,697,0.06,0.06,0.00,1.75,302,2,0,1.8,7.6,2026-03-20T20:00:00Z,72,False,14,0,0,0,5,0,31,0,46874,1,3,2,2,8.0,2,-8392,180,8572,54,True,0
Micky van de Ven,DEF,Spurs,0.0,0,0,-1,0,1,0.8,1,575,0.00,0.00,0.00,0.20,309,1,0,0.5,2.2,2026-03-22T14:15:00Z,45,False,16,0,0,0,1,0,31,0,2496357,1,0,3,0,2.0,1,-19933,24203,44136,44,True,0
Konstantinos Mavropanos,DEF,West Ham,0.0,0,0,25,0,12,15.7,15,606,0.16,0.16,0.00,1.68,301,2,0,5.5,39.0,2026-03-22T14:15:00Z,90,False,2,0,0,0,4,0,31,0,47683,1,3,0,2,0.0,3,10705,11294,589,44,False,0
Oscar Bobb,MID,Fulham,0.0,0,0,10,0,1,13.3,6,424,0.02,0.57,0.55,0.85,305,1,0,4.4,7.2,2026-03-21T15:00:00Z,61,False,3,0,0,0,4,0,31,0,30291,1,1,1,3,23.0,2,547,970,423,51,True,0
Oluwaseun Adewumi,MID,Burnley,0.0,0,0,0,0,0,0.0,0,212,0.00,0.00,0.00,0.00,305,0,0,0.0,0.0,2026-03-21T15:00:00Z,0,False,10,0,0,0,0,0,31,0,784,0,0,1,3,0.0,0,-5,0,5,45,False,0
Jordan Henderson,MID,Brentford,0.0,0,0,11,1,7,2.1,15,124,0.00,0.00,0.00,0.52,306,0,0,2.5,22.6,2026-03-21T20:00:00Z,90,False,11,0,0,0,6,0,31,0,42863,1,2,0,0,0.0,5,-164,492,656,50,False,0
Harry Wilson,MID,Fulham,0.0,0,2,33,0,1,21.9,5,329,0.06,0.34,0.28,1.14,305,1,1,10.7,40.6,2026-03-21T15:00:00Z,86,False,3,0,0,0,2,0,31,0,3554591,1,2,1,3,44.0,9,296587,327640,31053,60,True,0
Charlie Stevens,MID,Bournemouth,0.0,0,0,0,0,0,0.0,0,799,0.00,0.00,0.00,0.00,302,0,0,0.0,0.0,2026-03-20T20:00:00Z,0,False,14,0,0,0,0,0,31,0,641,0,0,2,2,0.0,0,-5,24,29,45,True,0
Malick Thiaw,DEF,Newcastle,0.0,0,0,0,0,4,0.1,6,684,0.00,0.00,0.00,2.26,308,2,0,1.9,15.0,2026-03-22T12:00:00Z,36,False,17,0,0,0,1,0,31,0,1651946,0,2,2,1,4.0,0,538778,545174,6396,51,True,0
Emerson Palmieri dos Santos,DEF,West Ham,0.0,0,0,0,0,0,0.0,0,604,0.00,0.00,0.00,0.00,301,0,0,0.0,0.0,2026-03-22T14:15:00Z,0,False,2,0,0,0,0,0,31,0,6538,0,0,0,2,0.0,0,-10,0,10,44,False,0
Godwill Kukonki,DEF,Man Utd,0.0,0,0,0,0,0,0.0,0,788,0.00,0.00,0.00,0.00,302,0,0,0.0,0.0,2026-03-20T20:00:00Z,0,False,4,0,0,0,0,0,31,0,1418,0,0,2,2,0.0,0,-13,19,32,40,False,0
Trey Nyoni,MID,Liverpool,0.0,0,0,0,0,0,0.0,0,396,0.00,0.00,0.00,0.00,303,0,0,0.0,0.0,2026-03-21T12:45:00Z,0,False,6,0,0,0,0,0,31,0,39083,0,0,1,2,0.0,0,-545,104,649,43,False,0
Conor McManus,DEF,Brentford,0.0,0,0,0,0,0,0.0,0,824,0.00,0.00,0.00,0.00,306,0,0,0.0,0.0,2026-03-21T20:00:00Z,0,False,11,0,0,0,0,0,31,0,0,0,0,0,0,0.0,0,0,0,0,40,False,0
Nilson Angulo,MID,Sunderland,0.0,0,0,0,0,0,0.0,0,813,0.00,0.00,0.00,0.00,308,0,0,0.0,0.0,2026-03-22T12:00:00Z,0,False,15,0,0,0,0,0,31,0,660,0,0,2,1,0.0,0,-253,2,255,50,False,0
Malo Gusto,DEF,Chelsea,0.0,0,0,8,0,3,2.3,3,228,0.01,0.01,0.00,0.69,304,1,0,1.1,6.4,2026-03-21T17:30:00Z,45,False,9,0,0,0,2,0,31,0,240774,1,0,0,3,2.0,1,-5279,5182,10461,49,False,0
Triston Rowe,DEF,Aston Villa,0.0,0,0,0,0,0,0.0,0,701,0.00,0.00,0.00,0.00,301,0,0,0.0,0.0,2026-03-22T14:15:00Z,0,False,19,0,0,0,0,0,31,0,8948,0,0,0,2,0.0,0,-15,0,15,40,True,0
Luis Guilherme Lira dos Santos,MID,West Ham,0.0,0,0,0,0,0,0.0,0,619,0.00,0.00,0.00,0.00,301,0,0,0.0,0.0,2026-03-22T14:15:00Z,0,False,2,0,0,0,0,0,31,0,2483,0,0,0,2,0.0,0,-7,0,7,49,False,0
Sebastiaan Bornauw,DEF,Leeds,0.0,0,0,0,0,0,0.0,0,345,0.00,0.00,0.00,0.00,306,0,0,0.0,0.0,2026-03-21T20:00:00Z,0,False,5,0,0,0,0,0,31,0,17933,0,0,0,0,0.0,0,-485,157,642,38,True,0
Kendry Páez Andrade,MID,Chelsea,0.0,0,0,0,0,0,0.0,0,248,0.00,0.00,0.00,0.00,304,0,0,0.0,0.0,2026-03-21T17:30:00Z,0,False,9,0,0,0,0,0,31,0,558,0,0,0,3,0.0,0,0,0,0,45,False,0
Matz Sels,GK,Nott'm Forest,0.0,0,0,26,1,1,0.0,0,502,0.00,0.00,0.00,1.14,309,0,0,1.8,18.0,2026-03-22T14:15:00Z,90,False,18,0,0,0,4,0,31,3,624573,1,0,3,0,0.0,7,1915,4442,2527,46,False,0
Álex Jiménez Sánchez,DEF,Bournemouth,0.0,0,0,1,0,6,2.5,7,713,0.01,0.04,0.03,1.75,302,2,0,1.3,9.2,2026-03-20T20:00:00Z,72,False,14,0,0,0,7,0,31,0,33177,1,1,2,2,1.0,0,-2785,991,3776,45,True,1
Marko Stamenić,MID,Nott'm Forest,0.0,0,0,0,0,0,0.0,0,524,0.00,0.00,0.00,0.00,309,0,0,0.0,0.0,2026-03-22T14:15:00Z,0,False,18,0,0,0,0,0,31,0,2159,0,0,3,0,0.0,0,-5,0,5,45,False,0
Evan Ferguson,FWD,Brighton,0.0,0,0,0,0,0,0.0,0,179,0.00,0.00,0.00,0.00,303,0,0,0.0,0.0,2026-03-21T12:45:00Z,0,False,12,0,0,0,0,0,31,0,965,0,0,1,2,0.0,0,0,0,0,55,True,0
Idrissa Gana Gueye,MID,Everton,0.0,1,0,29,1,5,12.8,15,302,0.09,0.09,0.00,0.93,304,0,0,5.0,33.6,2026-03-21T17:30:00Z,90,False,7,0,0,0,7,0,31,0,12612,1,3,0,3,4.0,8,145,364,219,54,True,0
Karl Darlow,GK,Leeds,0.0,0,0,30,1,0,0.0,0,341,0.01,0.01,0.00,0.46,306,0,0,2.0,20.4,2026-03-21T20:00:00Z,90,False,5,0,0,0,14,0,31,2,343590,1,0,0,0,0.0,6,5007,8595,3588,39,True,0
Junior Kroupi,FWD,Bournemouth,0.0,0,0,16,0,1,2.4,3,100,0.03,0.84,0.81,0.02,302,0,1,5.5,33.6,2026-03-20T20:00:00Z,17,False,14,0,0,0,2,0,31,0,697716,0,0,2,2,19.0,5,-44139,7851,51990,47,True,0
Habib Diarra,MID,Sunderland,0.0,1,0,23,0,0,1.9,5,544,0.02,0.27,0.25,1.21,308,1,0,2.1,8.4,2026-03-22T12:00:00Z,84,False,15,0,0,0,2,0,31,0,13093,1,3,2,1,11.0,5,-1916,596,2512,53,False,0
Luis Sinisterra Lucumí,MID,Bournemouth,0.0,0,0,0,0,0,0.0,0,91,0.00,0.00,0.00,0.00,302,0,0,0.0,0.0,2026-03-20T20:00:00Z,0,False,14,0,0,0,0,0,31,0,1256,0,0,2,2,0.0,0,0,0,0,50,True,0
Antonín Kinský,GK,Spurs,0.0,0,0,0,0,0,0.0,0,567,0.00,0.00,0.00,0.00,309,0,0,0.0,0.0,2026-03-22T14:15:00Z,0,False,16,0,0,0,0,0,31,0,202893,0,0,3,0,0.0,0,-2272,458,2730,39,True,0
Đorđe Petrović,GK,Bournemouth,0.0,0,0,12,0,2,0.0,0,67,0.00,0.00,0.00,1.77,302,2,0,3.2,32.4,2026-03-20T20:00:00Z,90,False,14,0,0,0,6,0,31,4,683661,1,0,2,2,0.0,2,5423,22965,17542,45,True,0
Kim Ji-soo,DEF,Brentford,0.0,0,0,0,0,0,0.0,0,117,0.00,0.00,0.00,0.00,306,0,0,0.0,0.0,2026-03-21T20:00:00Z,0,False,11,0,0,0,0,0,31,0,10101,0,0,0,0,0.0,0,-30,0,30,39,False,0
Alphonse Areola,GK,West Ham,0.0,0,0,0,0,0,0.0,0,600,0.00,0.00,0.00,0.00,301,0,0,0.0,0.0,2026-03-22T14:15:00Z,0,False,2,0,0,0,0,0,31,0,257487,0,0,0,2,0.0,0,-3534,1289,4823,43,False,0
Jamaldeen Jimoh-Aloba,MID,Aston Villa,0.0,0,0,0,0,0,0.0,0,62,0.00,0.00,0.00,0.00,301,0,0,0.0,0.0,2026-03-22T14:15:00Z,0,False,19,0,0,0,0,0,31,0,7553,0,0,0,2,0.0,0,-61,0,61,45,True,0
George Brierley,MID,Burnley,0.0,0,0,0,0,0,0.0,0,784,0.00,0.00,0.00,0.00,305,0,0,0.0,0.0,2026-03-21T15:00:00Z,0,False,10,0,0,0,0,0,31,0,374,0,0,1,3,0.0,0,-2,15,17,45,False,0
Armando Broja,FWD,Burnley,0.0,0,0,0,0,0,0.0,0,680,0.00,0.00,0.00,0.00,305,0,0,0.0,0.0,2026-03-21T15:00:00Z,0,False,10,0,0,0,0,0,31,0,19719,0,0,1,3,0.0,0,-217,133,350,52,False,0
Benoît Badiashile Mukinayi,DEF,Chelsea,0.0,0,0,0,0,0,0.0,0,229,0.00,0.00,0.00,0.00,304,0,0,0.0,0.0,2026-03-21T17:30:00Z,0,False,9,0,0,0,0,0,31,0,3935,0,0,0,3,0.0,0,-172,30,202,44,False,0
Aarón Anselmino,DEF,Chelsea,0.0,0,0,0,0,0,0.0,0,234,0.00,0.00,0.00,0.00,304,0,0,0.0,0.0,2026-03-21T17:30:00Z,0,False,9,0,0,0,0,0,31,0,6930,0,0,0,3,0.0,0,-14,0,14,40,False,0
Luke Harris,MID,Fulham,0.0,0,0,0,0,0,0.0,0,334,0.00,0.00,0.00,0.00,305,0,0,0.0,0.0,2026-03-21T15:00:00Z,0,False,3,0,0,0,0,0,31,0,182,0,0,1,3,0.0,0,0,0,0,45,True,0
Ola Aina,DEF,Nott'm Forest,0.0,0,0,25,1,5,1.6,8,507,0.01,0.01,0.00,1.14,309,0,0,1.6,14.2,2026-03-22T14:15:00Z,90,False,18,0,0,0,1,0,31,0,326557,1,3,3,0,0.0,6,10385,11989,1604,47,False,0
Dominik Szoboszlai,MID,Liverpool,0.0,0,0,13,0,9,40.3,18,387,0.18,0.28,0.10,2.17,303,2,0,6.0,13.0,2026-03-21T12:45:00Z,90,False,6,0,0,0,8,0,31,0,2086721,1,1,1,2,7.0,3,229549,240779,11230,70,False,1
Arnaud Kalimuendo,FWD,Nott'm Forest,0.0,0,0,0,0,0,0.0,0,696,0.00,0.00,0.00,0.00,309,0,0,0.0,0.0,2026-03-22T14:15:00Z,0,False,18,0,0,0,0,0,31,0,15018,0,0,3,0,0.0,0,-42,0,42,60,False,0
Freddie Simmonds,DEF,Brighton,0.0,0,0,0,0,0,0.0,0,761,0.00,0.00,0.00,0.00,303,0,0,0.0,0.0,2026-03-21T12:45:00Z,0,False,12,0,0,0,0,0,31,0,2196,0,0,1,2,0.0,0,-1,49,50,40,True,0
Tomáš Souček,MID,West Ham,0.0,0,0,9,0,4,1.8,6,613,0.00,0.00,0.00,1.66,301,2,0,1.7,11.2,2026-03-22T14:15:00Z,82,False,2,0,0,0,2,0,31,0,40055,1,0,0,2,4.0,2,1081,1954,873,57,False,0
Jack Grealish,MID,Everton,0.0,0,0,0,0,0,0.0,0,419,0.00,0.00,0.00,0.00,304,0,0,0.0,0.0,2026-03-21T17:30:00Z,0,False,7,0,0,0,0,0,31,0,750969,0,0,0,3,0.0,0,-3955,56,4011,63,True,0
Ilia Gruev,MID,Leeds,0.0,0,0,0,0,0,0.0,0,356,0.00,0.00,0.00,0.00,306,0,0,0.0,0.0,2026-03-21T20:00:00Z,0,False,5,0,0,0,0,0,31,0,14244,0,0,0,0,0.0,0,-608,187,795,47,True,0
Kadan Young,MID,Aston Villa,0.0,0,0,0,0,0,0.0,0,63,0.00,0.00,0.00,0.00,301,0,0,0.0,0.0,2026-03-22T14:15:00Z,0,False,19,0,0,0,0,0,31,0,66304,0,0,0,2,0.0,0,-1324,0,1324,43,True,0
Endo Wataru,MID,Liverpool,0.0,0,0,0,0,0,0.0,0,392,0.00,0.00,0.00,0.00,303,0,0,0.0,0.0,2026-03-21T12:45:00Z,0,False,6,0,0,0,0,0,31,0,10754,0,0,1,2,0.0,0,-43,7,50,49,False,0
Samuel Chukwueze,MID,Fulham,0.0,0,0,-1,0,0,1.4,3,727,0.12,0.39,0.27,0.40,305,0,0,1.1,0.0,2026-03-21T15:00:00Z,29,False,3,0,0,0,3,0,31,0,11420,0,0,1,3,13.0,1,159,570,411,53,True,0
Oliver Pimlott,MID,Burnley,0.0,0,0,0,0,0,0.0,0,776,0.00,0.00,0.00,0.00,305,0,0,0.0,0.0,2026-03-21T15:00:00Z,0,False,10,0,0,0,0,0,31,0,536,0,0,1,3,0.0,0,51,91,40,45,False,0
Mats Wieffer,MID,Brighton,0.0,0,0,6,0,3,2.2,9,173,0.01,0.18,0.17,1.03,303,1,0,1.4,7.0,2026-03-21T12:45:00Z,90,False,12,0,0,0,4,0,31,0,15187,1,2,1,2,5.0,1,-15,299,314,49,True,1
Pedro Porro Sauceda,DEF,Spurs,0.0,0,0,5,0,1,46.8,3,568,0.24,0.24,0.00,1.48,309,3,0,6.5,16.0,2026-03-22T14:15:00Z,90,False,16,0,0,0,1,0,31,0,1313149,1,2,3,0,2.0,1,28802,32817,4015,51,True,0
Tyrique George,MID,Everton,0.0,0,0,0,0,0,0.0,0,243,0.00,0.00,0.00,0.00,304,0,0,0.0,0.0,2026-03-21T17:30:00Z,0,False,7,0,0,0,0,0,31,0,8372,0,0,0,3,0.0,0,-315,11,326,48,True,0
Alysson Edward Franco da Rocha dos Santos,MID,Aston Villa,0.0,0,0,0,0,0,0.0,0,792,0.00,0.00,0.00,0.00,301,0,0,0.0,0.0,2026-03-22T14:15:00Z,0,False,19,0,0,0,0,0,31,0,439,0,0,0,2,0.0,0,12,28,16,50,True,0
Andy Irving,MID,West Ham,0.0,0,0,0,0,0,0.0,0,621,0.00,0.00,0.00,0.00,301,0,0,0.0,0.0,2026-03-22T14:15:00Z,0,False,2,0,0,0,0,0,31,0,26846,0,0,0,2,0.0,0,-394,0,394,43,False,0
Nick Pope,GK,Newcastle,0.0,0,0,0,0,0,0.0,0,469,0.00,0.00,0.00,0.00,308,0,0,0.0,0.0,2026-03-22T12:00:00Z,0,False,17,0,0,0,0,0,31,0,619732,0,0,2,1,0.0,0,5134,12999,7865,51,True,0
Daniel James,MID,Leeds,0.0,0,0,7,0,0,0.4,4,353,0.00,0.00,0.00,0.10,306,0,0,0.9,2.6,2026-03-21T20:00:00Z,7,False,5,0,0,0,3,0,31,0,13075,0,1,0,0,6.0,1,50,123,73,52,True,0
Christopher Nkunku,MID,Chelsea,0.0,0,0,0,0,0,0.0,0,240,0.00,0.00,0.00,0.00,304,0,0,0.0,0.0,2026-03-21T17:30:00Z,0,False,9,0,0,0,0,0,31,0,10268,0,0,0,3,0.0,0,-9,0,9,59,False,0
Abdoullah Ba,MID,Sunderland,0.0,0,0,0,0,0,0.0,0,554,0.00,0.00,0.00,0.00,308,0,0,0.0,0.0,2026-03-22T12:00:00Z,0,False,15,0,0,0,0,0,31,0,41708,0,0,2,1,0.0,0,-838,101,939,43,False,0
Mike Trésor Ndayishimiye,MID,Burnley,0.0,0,0,0,0,0,0.0,0,214,0.00,0.00,0.00,0.00,305,0,0,0.0,0.0,2026-03-21T15:00:00Z,0,False,10,0,0,0,0,0,31,0,7640,0,0,1,3,0.0,0,-14,118,132,43,False,0
Joshua Stephenson,DEF,Brentford,0.0,0,0,0,0,0,0.0,0,823,0.00,0.00,0.00,0.00,306,0,0,0.0,0.0,2026-03-21T20:00:00Z,0,False,11,0,0,0,0,0,31,0,0,0,0,0,0,0.0,0,0,0,0,40,False,0
Matthew Cox,GK,Brentford,0.0,0,0,0,0,0,0.0,0,103,0.00,0.00,0.00,0.00,306,0,0,0.0,0.0,2026-03-21T20:00:00Z,0,False,11,0,0,0,0,0,31,0,17428,0,0,0,0,0.0,0,-282,0,282,39,False,0
Darko Gyabi,MID,Leeds,0.0,0,0,0,0,0,0.0,0,361,0.00,0.00,0.00,0.00,306,0,0,0.0,0.0,2026-03-21T20:00:00Z,0,False,5,0,0,0,0,0,31,0,3027,0,0,0,0,0.0,0,-13,0,13,45,True,0
Michael Obafemi,FWD,Burnley,0.0,0,0,0,0,0,0.0,0,219,0.00,0.00,0.00,0.00,305,0,0,0.0,0.0,2026-03-21T15:00:00Z,0,False,10,0,0,0,0,0,31,0,13800,0,0,1,3,0.0,0,-24,0,24,44,False,0
Dwight McNeil,MID,Everton,0.0,0,0,10,1,0,30.8,3,300,0.07,0.07,0.00,0.89,304,0,0,4.1,7.8,2026-03-21T17:30:00Z,77,False,7,0,0,0,3,0,31,0,19779,1,0,0,3,2.0,3,522,891,369,55,True,0
Jacob Ramsey,MID,Newcastle,0.0,0,0,16,0,3,4.9,11,52,0.02,0.05,0.03,2.45,308,2,0,1.5,9.2,2026-03-22T12:00:00Z,90,False,17,0,0,0,7,0,31,0,32730,1,1,2,1,1.0,2,956,1628,672,53,True,0
Veljko Milosavljevic,DEF,Bournemouth,0.0,0,0,0,0,0,0.0,0,721,0.00,0.00,0.00,0.00,302,0,0,0.0,0.0,2026-03-20T20:00:00Z,0,False,14,0,0,0,0,0,31,0,3722,0,0,2,2,0.0,0,-15,31,46,44,True,0
Coby Ebere,MID,Everton,0.0,0,0,0,0,0,0.0,0,307,0.00,0.00,0.00,0.00,304,0,0,0.0,0.0,2026-03-21T17:30:00Z,0,False,7,0,0,0,0,0,31,0,5721,0,0,0,3,0.0,0,-43,44,87,44,True,0
Diego Coppola,DEF,Brighton,0.0,0,0,0,0,0,0.0,0,144,0.00,0.00,0.00,0.00,303,0,0,0.0,0.0,2026-03-21T12:45:00Z,0,False,12,0,0,0,0,0,31,0,5775,0,0,1,2,0.0,0,-40,0,40,42,True,0
Lukasz Fabianski,GK,West Ham,0.0,0,0,0,0,0,0.0,0,738,0.00,0.00,0.00,0.00,301,0,0,0.0,0.0,2026-03-22T14:15:00Z,0,False,2,0,0,0,0,0,31,0,4124,0,0,0,2,0.0,0,-18,29,47,45,False,0
Amadou Onana,MID,Aston Villa,0.0,0,0,21,1,6,17.1,18,59,0.23,0.37,0.14,0.94,301,0,0,5.8,28.4,2026-03-22T14:15:00Z,90,False,19,0,0,0,5,0,31,0,88062,1,7,0,2,12.0,5,-382,1165,1547,48,True,0
Giorgi Mamardashvili,GK,Liverpool,0.0,0,0,9,0,1,0.0,0,367,0.00,0.00,0.00,2.17,303,2,0,2.7,26.6,2026-03-21T12:45:00Z,90,False,6,0,0,0,3,0,31,4,70929,1,0,1,2,0.0,2,-355,1062,1417,41,False,0
Leon Bailey,MID,Aston Villa,0.0,0,0,2,0,0,10.8,3,49,0.06,0.06,0.00,0.35,301,0,0,2.1,4.2,2026-03-22T14:15:00Z,23,False,19,0,0,0,2,0,31,0,14102,0,1,0,2,6.0,1,432,671,239,55,True,0
Federico Chiesa,MID,Liverpool,0.0,0,0,-1,0,0,0.0,1,385,0.00,0.07,0.07,0.21,303,0,0,0.5,0.0,2026-03-21T12:45:00Z,13,False,6,0,0,0,1,0,31,0,35675,0,0,1,2,7.0,0,-105,76,181,63,False,1
Ryan Sessegnon,MID,Fulham,0.0,0,0,10,0,1,2.3,8,328,0.04,0.04,0.00,0.40,305,0,0,1.6,9.2,2026-03-21T15:00:00Z,29,False,3,0,0,0,4,0,31,0,21173,0,3,1,3,4.0,1,116,582,466,54,True,0
Isaac Heath,MID,Everton,0.0,0,0,0,0,0,0.0,0,308,0.00,0.00,0.00,0.00,304,0,0,0.0,0.0,2026-03-21T17:30:00Z,0,False,7,0,0,0,0,0,31,0,2024,0,0,0,3,0.0,0,-6,0,6,45,True,0
Chris Rigg,MID,Sunderland,0.0,0,1,24,0,2,44.6,11,551,0.35,0.53,0.18,1.27,308,1,0,10.1,26.2,2026-03-22T12:00:00Z,90,False,15,0,0,0,5,0,31,0,5958,1,4,2,1,30.0,3,-12,45,57,47,False,0
Luke O'Nien,DEF,Sunderland,0.0,0,0,1,0,5,0.3,5,539,0.00,0.00,0.00,1.27,308,1,0,0.8,7.6,2026-03-22T12:00:00Z,90,False,15,0,0,0,0,0,31,0,8955,1,0,2,1,0.0,2,-25,154,179,40,False,0
Axel Tuanzebe,DEF,Burnley,0.0,0,0,0,0,0,0.0,0,198,0.00,0.00,0.00,0.00,305,0,0,0.0,0.0,2026-03-21T15:00:00Z,0,False,10,0,0,0,0,0,31,0,115702,0,0,1,3,0.0,0,-1926,107,2033,39,False,0
Teddy Sharman-Lowe,GK,Chelsea,0.0,0,0,0,0,0,0.0,0,803,0.00,0.00,0.00,0.00,304,0,0,0.0,0.0,2026-03-21T17:30:00Z,0,False,9,0,0,0,0,0,31,0,590,0,0,0,3,0.0,0,-1,27,28,40,False,0
Séamus Coleman,DEF,Everton,0.0,0,0,0,0,0,0.0,0,294,0.00,0.00,0.00,0.00,304,0,0,0.0,0.0,2026-03-21T17:30:00Z,0,False,7,0,0,0,0,0,31,0,12320,0,0,0,3,0.0,0,54,103,49,42,True,0
Carlos Alcaraz Durán,MID,Everton,0.0,0,0,0,0,0,0.0,0,301,0.00,0.00,0.00,0.00,304,0,0,0.0,0.0,2026-03-21T17:30:00Z,0,False,7,0,0,0,0,0,31,0,9973,0,0,0,3,0.0,0,-96,5,101,52,True,0
Jeremy Sarmiento Morante,MID,Brighton,0.0,0,0,0,0,0,0.0,0,171,0.00,0.00,0.00,0.00,303,0,0,0.0,0.0,2026-03-21T12:45:00Z,0,False,12,0,0,0,0,0,31,0,1939,0,0,1,2,0.0,0,0,0,0,49,True,0
Matt Turner,GK,Nott'm Forest,0.0,0,0,0,0,0,0.0,0,504,0.00,0.00,0.00,0.00,309,0,0,0.0,0.0,2026-03-22T14:15:00Z,0,False,18,0,0,0,0,0,31,0,9986,0,0,3,0,0.0,0,-58,0,58,40,False,0
Djiamgone Jocelin Ta Bi,MID,Sunderland,0.0,0,0,0,0,0,0.0,0,800,0.00,0.00,0.00,0.00,308,0,0,0.0,0.0,2026-03-22T12:00:00Z,0,False,15,0,0,0,0,0,31,0,90,0,0,2,1,0.0,0,-7,4,11,50,False,0
Ethan Wheatley,FWD,Man Utd,0.0,0,0,0,0,0,0.0,0,468,0.00,0.00,0.00,0.00,302,0,0,0.0,0.0,2026-03-20T20:00:00Z,0,False,4,0,0,0,0,0,31,0,10770,0,0,2,2,0.0,0,-33,0,33,45,False,0
Roman Dixon,DEF,Everton,0.0,0,0,0,0,0,0.0,0,297,0.00,0.00,0.00,0.00,304,0,0,0.0,0.0,2026-03-21T17:30:00Z,0,False,7,0,0,0,0,0,31,0,20735,0,0,0,3,0.0,0,-173,0,173,38,True,0
Merlin Röhl,MID,Everton,0.0,0,0,5,0,0,0.2,2,728,0.00,0.00,0.00,0.00,304,0,0,0.2,2.0,2026-03-21T17:30:00Z,1,False,7,0,0,0,1,0,31,0,1920,0,1,0,3,0.0,1,-21,15,36,50,True,0
Charlie Tasker,DEF,Brighton,0.0,0,0,0,0,0,0.0,0,156,0.00,0.00,0.00,0.00,303,0,0,0.0,0.0,2026-03-21T12:45:00Z,0,False,12,0,0,0,0,0,31,0,20452,0,0,1,2,0.0,0,-140,153,293,38,True,0
Yoane Wissa,FWD,Newcastle,0.0,0,0,4,0,0,0.3,1,135,0.00,0.00,0.00,0.93,308,1,0,0.4,2.0,2026-03-22T12:00:00Z,1,False,17,0,0,0,0,0,31,0,77882,0,1,2,1,2.0,1,255,1488,1233,73,True,0
Josh Cullen,MID,Burnley,0.0,0,0,0,0,0,0.0,0,205,0.00,0.00,0.00,0.00,305,0,0,0.0,0.0,2026-03-21T15:00:00Z,0,False,10,0,0,0,0,0,31,0,105165,0,0,1,3,0.0,0,-883,73,956,49,False,0
Djed Spence,DEF,Spurs,0.0,0,0,-2,0,0,0.7,4,573,0.00,0.00,0.00,0.20,309,1,0,0.8,7.4,2026-03-22T14:15:00Z,45,False,16,0,0,0,2,0,31,0,120835,1,4,3,0,0.0,1,770,1645,875,42,True,0
Julian Eyestone,GK,Brentford,0.0,0,0,0,0,0,0.0,0,104,0.00,0.00,0.00,0.00,306,0,0,0.0,0.0,2026-03-21T20:00:00Z,0,False,11,0,0,0,0,0,31,0,14031,0,0,0,0,0.0,0,-215,66,281,39,False,0
Ármin Pécsi,GK,Liverpool,0.0,0,0,0,0,0,0.0,0,368,0.00,0.00,0.00,0.00,303,0,0,0.0,0.0,2026-03-21T12:45:00Z,0,False,6,0,0,0,0,0,31,0,117749,0,0,1,2,0.0,0,-3531,2303,5834,38,False,0
Anton Stach,MID,Leeds,0.0,0,0,17,1,4,43.5,9,660,0.11,0.21,0.10,0.46,306,0,0,7.0,17.8,2026-03-21T20:00:00Z,90,False,5,0,0,0,4,0,31,0,354709,1,1,0,0,9.0,3,15670,26333,10663,47,True,0
Jordan Beyer,DEF,Burnley,0.0,0,0,0,0,0,0.0,0,194,0.00,0.00,0.00,0.00,305,0,0,0.0,0.0,2026-03-21T15:00:00Z,0,False,10,0,0,0,0,0,31,0,7625,0,0,1,3,0.0,0,35,97,62,39,False,0
Jayden Danns,FWD,Liverpool,0.0,0,0,0,0,0,0.0,0,398,0.00,0.00,0.00,0.00,303,0,0,0.0,0.0,2026-03-21T12:45:00Z,0,False,6,0,0,0,0,0,31,0,13240,0,0,1,2,0.0,0,-50,46,96,43,False,0
Rio Ngumoha,MID,Liverpool,0.0,0,0,6,0,0,5.3,1,686,0.03,0.03,0.00,0.57,303,0,0,1.1,4.0,2026-03-21T12:45:00Z,27,False,6,0,0,0,1,0,31,0,102508,0,0,1,2,2.0,1,-892,3211,4103,43,False,0
Brandon Austin,GK,Spurs,0.0,0,0,0,0,0,0.0,0,566,0.00,0.00,0.00,0.00,309,0,0,0.0,0.0,2026-03-22T14:15:00Z,0,False,16,0,0,0,0,0,31,0,37432,0,0,3,0,0.0,0,-333,54,387,39,True,0
Zain Silcott-Duberry,MID,Bournemouth,0.0,0,0,0,0,0,0.0,0,95,0.00,0.00,0.00,0.00,302,0,0,0.0,0.0,2026-03-20T20:00:00Z,0,False,14,0,0,0,0,0,31,0,6743,0,0,2,2,0.0,0,-28,0,28,44,True,0
Sepp van den Berg,DEF,Brentford,0.0,0,0,23,1,6,0.8,6,113,0.01,0.01,0.00,0.52,306,0,0,2.3,14.2,2026-03-21T20:00:00Z,90,False,11,0,0,0,3,0,31,0,216854,1,0,0,0,8.0,6,15113,19109,3996,45,False,0
Dominic Calvert-Lewin,FWD,Leeds,0.0,0,0,9,1,2,1.3,6,691,0.00,0.14,0.14,0.46,306,0,0,4.8,7.2,2026-03-21T20:00:00Z,90,False,5,0,0,0,4,0,31,0,980770,1,0,0,0,39.0,2,-20511,36998,57509,56,True,0
Aaron Wan-Bissaka,DEF,West Ham,0.0,0,0,-4,0,2,0.8,3,610,0.00,0.00,0.00,1.66,301,2,0,0.9,8.4,2026-03-22T14:15:00Z,82,False,2,0,0,0,2,0,31,0,596469,1,1,0,2,0.0,0,2438,6362,3924,41,False,1
Enzo Le Fée,MID,Sunderland,0.0,0,0,8,0,2,10.3,5,547,0.48,0.48,0.00,0.07,308,0,0,2.1,8.4,2026-03-22T12:00:00Z,5,False,15,0,0,0,1,0,31,0,130167,0,2,2,1,2.0,1,-28737,382,29119,50,False,0
Mark Gillespie,GK,Newcastle,0.0,0,0,0,0,0,0.0,0,471,0.00,0.00,0.00,0.00,308,0,0,0.0,0.0,2026-03-22T12:00:00Z,0,False,17,0,0,0,0,0,31,0,16798,0,0,2,1,0.0,0,-157,28,185,39,True,0
Ethan Ampadu,MID,Leeds,0.0,0,0,15,1,3,11.5,13,354,0.30,0.32,0.02,0.46,306,0,0,3.8,17.2,2026-03-21T20:00:00Z,90,False,5,0,0,0,7,0,31,0,24457,1,3,0,0,9.0,5,870,1808,938,49,True,0
Lino da Cruz Sousa,DEF,Aston Villa,0.0,0,0,0,0,0,0.0,0,45,0.00,0.00,0.00,0.00,301,0,0,0.0,0.0,2026-03-22T14:15:00Z,0,False,19,0,0,0,0,0,31,0,33342,0,0,0,2,0.0,0,-396,0,396,38,True,0
Nicolò Savona,DEF,Nott'm Forest,0.0,0,0,0,0,0,0.0,0,716,0.00,0.00,0.00,0.00,309,0,0,0.0,0.0,2026-03-22T14:15:00Z,0,False,18,0,0,0,0,0,31,0,6875,0,0,3,0,0.0,0,-190,6,196,45,False,0
Harrison Reed,MID,Fulham,0.0,0,0,4,0,0,10.3,0,336,0.12,0.21,0.09,0.10,305,0,0,1.6,2.0,2026-03-21T15:00:00Z,3,False,3,0,0,0,0,0,31,0,46113,0,0,1,3,4.0,1,-2124,361,2485,43,True,0
Vitalii Mykolenko,DEF,Everton,0.0,0,1,33,1,5,44.3,8,292,0.08,0.08,0.00,0.93,304,0,0,7.6,32.0,2026-03-21T17:30:00Z,90,False,7,0,0,0,4,0,31,0,81614,1,3,0,3,0.0,7,2535,4428,1893,49,True,0
Matt Targett,DEF,Newcastle,0.0,0,0,0,0,0,0.0,0,484,0.00,0.00,0.00,0.00,308,0,0,0.0,0.0,2026-03-22T12:00:00Z,0,False,17,0,0,0,0,0,31,0,18032,0,0,2,1,0.0,0,-62,0,62,40,True,0
Frank Onyeka,MID,Brentford,0.0,0,0,0,0,0,0.0,0,128,0.00,0.00,0.00,0.00,306,0,0,0.0,0.0,2026-03-21T20:00:00Z,0,False,11,0,0,0,0,0,31,0,5337,0,0,0,0,0.0,0,-12,0,12,48,False,0
Igor Julio dos Santos de Paulo,DEF,Brighton,0.0,0,0,0,0,0,0.0,0,149,0.00,0.00,0.00,0.00,303,0,0,0.0,0.0,2026-03-21T12:45:00Z,0,False,12,0,0,0,0,0,31,0,10206,0,0,1,2,0.0,0,86,200,114,45,True,0
Gabriel Słonina,GK,Chelsea,0.0,0,0,0,0,0,0.0,0,223,0.00,0.00,0.00,0.00,304,0,0,0.0,0.0,2026-03-21T17:30:00Z,0,False,9,0,0,0,0,0,31,0,13898,0,0,0,3,0.0,0,-125,38,163,39,False,0
Bryan Mbeumo,MID,Man Utd,0.0,0,0,11,0,4,13.5,6,119,0.01,0.03,0.02,0.83,302,1,0,3.4,12.6,2026-03-20T20:00:00Z,70,False,4,0,0,0,0,0,31,0,2990572,1,2,2,2,8.0,2,-25804,73653,99457,86,False,0
Reece Welch,DEF,Everton,0.0,0,0,0,0,0,0.0,0,298,0.00,0.00,0.00,0.00,304,0,0,0.0,0.0,2026-03-21T17:30:00Z,0,False,7,0,0,0,0,0,31,0,18777,0,0,0,3,0.0,0,-86,92,178,38,True,0
Tyler Dibling,MID,Everton,0.0,0,0,0,0,0,0.0,0,707,0.00,0.00,0.00,0.00,304,0,0,0.0,0.0,2026-03-21T17:30:00Z,0,False,7,0,0,0,0,0,31,0,3749,0,0,0,3,0.0,0,-26,25,51,53,True,0
Lewis Cook,MID,Bournemouth,0.0,0,0,0,0,0,0.0,0,88,0.00,0.00,0.00,0.00,302,0,0,0.0,0.0,2026-03-20T20:00:00Z,0,False,14,0,0,0,0,0,31,0,4815,0,0,2,2,0.0,0,-238,7,245,49,True,0
Tyler Adams,MID,Bournemouth,0.0,0,0,0,0,0,0.0,0,85,0.00,0.00,0.00,0.00,302,0,0,0.0,0.0,2026-03-20T20:00:00Z,0,False,14,0,0,0,0,0,31,0,34514,0,0,2,2,0.0,0,-956,33,989,49,True,0
Jamaal Lascelles,DEF,Newcastle,0.0,0,0,0,0,0,0.0,0,480,0.00,0.00,0.00,0.00,308,0,0,0.0,0.0,2026-03-22T12:00:00Z,0,False,17,0,0,0,0,0,31,0,6165,0,0,2,1,0.0,0,-16,0,16,43,True,0
Andrés García,DEF,Aston Villa,0.0,0,0,0,0,0,0.0,0,42,0.00,0.00,0.00,0.00,301,0,0,0.0,0.0,2026-03-22T14:15:00Z,0,False,19,0,0,0,0,0,31,0,26379,0,0,0,2,0.0,0,-82,183,265,39,True,0
Youri Tielemans,MID,Aston Villa,0.0,0,0,9,0,1,12.2,7,48,0.00,0.00,0.00,0.35,301,0,0,2.0,7.6,2026-03-22T14:15:00Z,23,False,19,0,0,0,4,0,31,0,79526,0,2,0,2,0.0,1,-491,35,526,59,True,0
Will Lankshear,FWD,Spurs,0.0,0,0,0,0,0,0.0,0,598,0.00,0.00,0.00,0.00,309,0,0,0.0,0.0,2026-03-22T14:15:00Z,0,False,16,0,0,0,0,0,31,0,2758,0,0,3,0,0.0,0,-6,0,6,45,True,0
Iwan Morgan,FWD,Brentford,0.0,0,0,0,0,0,0.0,0,137,0.00,0.00,0.00,0.00,306,0,0,0.0,0.0,2026-03-21T20:00:00Z,0,False,11,0,0,0,0,0,31,0,38015,0,0,0,0,0.0,0,-195,0,195,44,False,0
Victor Lindelöf,DEF,Aston Villa,0.0,0,0,0,0,0,0.0,0,719,0.00,0.00,0.00,0.00,301,0,0,0.0,0.0,2026-03-22T14:15:00Z,0,False,19,0,0,0,0,0,31,0,13217,0,0,0,2,0.0,0,-3,320,323,45,True,0
Pierre Ekwah Elimby,MID,Sunderland,0.0,0,0,0,0,0,0.0,0,556,0.00,0.00,0.00,0.00,308,0,0,0.0,0.0,2026-03-22T12:00:00Z,0,False,15,0,0,0,0,0,31,0,651,0,0,2,1,0.0,0,-1,0,1,45,False,0
Crysencio Summerville,MID,West Ham,0.0,0,0,0,0,0,0.0,0,615,0.00,0.00,0.00,0.00,301,0,0,0.0,0.0,2026-03-22T14:15:00Z,0,False,2,0,0,0,0,0,31,0,165146,0,0,0,2,0.0,0,-75166,295,75461,56,False,0
Kian McMahon-Brown,MID,Burnley,0.0,0,0,0,0,0,0.0,0,820,0.00,0.00,0.00,0.00,305,0,0,0.0,0.0,2026-03-21T15:00:00Z,0,False,10,0,0,0,0,0,31,0,134,0,0,1,3,0.0,0,13,26,13,45,False,0
Philip Billing,MID,Bournemouth,0.0,0,0,0,0,0,0.0,0,89,0.00,0.00,0.00,0.00,302,0,0,0.0,0.0,2026-03-20T20:00:00Z,0,False,14,0,0,0,0,0,31,0,2735,0,0,2,2,0.0,0,0,0,0,49,True,0
Bryan Gil Salvatierra,MID,Spurs,0.0,0,0,0,0,0,0.0,0,590,0.00,0.00,0.00,0.00,309,0,0,0.0,0.0,2026-03-22T14:15:00Z,0,False,16,0,0,0,0,0,31,0,3404,0,0,3,0,0.0,0,-6,0,6,49,True,0
Callum Olusesi,MID,Spurs,0.0,0,0,0,0,0,0.0,0,595,0.00,0.00,0.00,0.00,309,0,0,0.0,0.0,2026-03-22T14:15:00Z,0,False,16,0,0,0,0,0,31,0,27006,0,0,3,0,0.0,0,-223,155,378,43,True,0
Elyh Harrison,GK,Man Utd,0.0,0,0,0,0,0,0.0,0,433,0.00,0.00,0.00,0.00,302,0,0,0.0,0.0,2026-03-20T20:00:00Z,0,False,4,0,0,0,0,0,31,0,195,0,0,2,2,0.0,0,-1,0,1,40,False,0
Ellery Balcombe,GK,Brentford,0.0,0,0,0,0,0,0.0,0,102,0.00,0.00,0.00,0.00,306,0,0,0.0,0.0,2026-03-21T20:00:00Z,0,False,11,0,0,0,0,0,31,0,33526,0,0,0,0,0.0,0,-204,147,351,39,False,0
Gustavo Nunes Fernandes Gomes,MID,Brentford,0.0,0,0,0,0,0,0.0,0,127,0.00,0.00,0.00,0.00,306,0,0,0.0,0.0,2026-03-21T20:00:00Z,0,False,11,0,0,0,0,0,31,0,1668,0,0,0,0,0.0,0,-11,0,11,49,False,0
Luka Vušković,DEF,Spurs,0.0,0,0,0,0,0,0.0,0,578,0.00,0.00,0.00,0.00,309,0,0,0.0,0.0,2026-03-22T14:15:00Z,0,False,16,0,0,0,0,0,31,0,40340,0,0,3,0,0.0,0,-109,0,109,39,True,0
Mateus Gonçalo Espanha Fernandes,MID,West Ham,0.0,0,0,14,0,1,18.1,5,708,0.24,0.26,0.02,1.68,301,2,0,3.7,12.0,2026-03-22T14:15:00Z,90,False,2,0,0,0,1,0,31,0,48022,1,3,0,2,7.0,2,-621,2318,2939,55,False,0
Kenny Tete,DEF,Fulham,0.0,0,0,0,0,0,0.0,0,322,0.00,0.00,0.00,0.00,305,0,0,0.0,0.0,2026-03-21T15:00:00Z,0,False,3,0,0,0,0,0,31,0,76601,0,0,1,3,0.0,0,11657,14540,2883,45,True,0
Landon Emenalo,MID,Chelsea,0.0,0,0,0,0,0,0.0,0,743,0.00,0.00,0.00,0.00,304,0,0,0.0,0.0,2026-03-21T17:30:00Z,0,False,9,0,0,0,0,0,31,0,1554,0,0,0,3,0.0,0,-6,11,17,45,False,0
Dilane Bakwa,MID,Nott'm Forest,0.0,0,0,0,0,0,0.0,0,734,0.00,0.00,0.00,0.00,309,0,0,0.0,0.0,2026-03-22T14:15:00Z,0,False,18,0,0,0,0,0,31,0,2780,0,0,3,0,0.0,0,11,51,40,59,False,0
Matt O'Riley,MID,Brighton,0.0,0,0,0,0,0,0.0,0,164,0.00,0.00,0.00,0.00,303,0,0,0.0,0.0,2026-03-21T12:45:00Z,0,False,12,0,0,0,0,0,31,0,43987,0,0,1,2,0.0,0,-9,106,115,55,True,0
Senne Lammens,GK,Man Utd,0.0,0,0,8,0,1,0.0,0,733,0.00,0.00,0.00,1.80,302,2,0,1.6,16.2,2026-03-20T20:00:00Z,90,False,4,0,0,0,10,0,31,3,444093,1,0,2,2,0.0,2,27997,36376,8379,50,False,0
Carl Rushworth,GK,Brighton,0.0,0,0,0,0,0,0.0,0,141,0.00,0.00,0.00,0.00,303,0,0,0.0,0.0,2026-03-21T12:45:00Z,0,False,12,0,0,0,0,0,31,0,243,0,0,1,2,0.0,0,0,0,0,40,True,0
John Ruddy,GK,Newcastle,0.0,0,0,0,0,0,0.0,0,753,0.00,0.00,0.00,0.00,308,0,0,0.0,0.0,2026-03-22T12:00:00Z,0,False,17,0,0,0,0,0,31,0,2392,0,0,2,1,0.0,0,-37,35,72,40,True,0
Ibrahim Sangaré,MID,Nott'm Forest,0.0,0,0,10,1,8,3.0,17,521,0.00,0.00,0.00,1.14,309,0,0,3.2,29.2,2026-03-22T14:15:00Z,90,False,18,0,0,0,5,0,31,0,8676,1,4,3,0,0.0,4,128,298,170,49,False,1
Zak Johnson,DEF,Sunderland,0.0,0,0,0,0,0,0.0,0,538,0.00,0.00,0.00,0.00,308,0,0,0.0,0.0,2026-03-22T12:00:00Z,0,False,15,0,0,0,0,0,31,0,26043,0,0,2,1,0.0,0,-233,0,233,38,False,0
Dominic Sadi,MID,Bournemouth,0.0,0,0,0,0,0,0.0,0,94,0.00,0.00,0.00,0.00,302,0,0,0.0,0.0,2026-03-20T20:00:00Z,0,False,14,0,0,0,0,0,31,0,3856,0,0,2,2,0.0,0,-6,0,6,45,True,0
Ian Poveda-Ocampo,MID,Sunderland,0.0,0,0,0,0,0,0.0,0,550,0.00,0.00,0.00,0.00,308,0,0,0.0,0.0,2026-03-22T12:00:00Z,0,False,15,0,0,0,0,0,31,0,3253,0,0,2,1,0.0,0,-13,13,26,47,False,0
Carlos Baleba,MID,Brighton,0.0,0,0,3,0,0,0.1,0,167,0.00,0.00,0.00,0.10,303,0,0,0.1,0.6,2026-03-21T12:45:00Z,14,False,12,0,0,0,0,0,31,0,189033,0,0,1,2,0.0,1,-2634,957,3591,45,True,0
James Wright,GK,Aston Villa,0.0,0,0,0,0,0,0.0,0,688,0.00,0.00,0.00,0.00,301,0,0,0.0,0.0,2026-03-22T14:15:00Z,0,False,19,0,0,0,0,0,31,0,77606,0,0,0,2,0.0,0,-578,153,731,39,True,0
Jamie Bynoe-Gittens,MID,Chelsea,0.0,0,0,0,0,0,0.0,0,239,0.00,0.00,0.00,0.00,304,0,0,0.0,0.0,2026-03-21T17:30:00Z,0,False,9,0,0,0,0,0,31,0,13114,0,0,0,3,0.0,0,-26,25,51,60,False,0
Dejan Kulusevski,MID,Spurs,0.0,0,0,0,0,0,0.0,0,583,0.00,0.00,0.00,0.00,309,0,0,0.0,0.0,2026-03-22T14:15:00Z,0,False,16,0,0,0,0,0,31,0,1687,0,0,3,0,0.0,0,-21,19,40,64,True,0
Wilfried Gnonto,MID,Leeds,0.0,0,0,0,0,0,0.0,0,351,0.00,0.00,0.00,0.00,306,0,0,0.0,0.0,2026-03-21T20:00:00Z,0,False,5,0,0,0,0,0,31,0,10808,0,0,0,0,0.0,0,-34,50,84,51,True,0
Lisandro Martínez,DEF,Man Utd,0.0,0,0,0,0,0,0.0,0,437,0.00,0.00,0.00,0.00,302,0,0,0.0,0.0,2026-03-20T20:00:00Z,0,False,4,0,0,0,0,0,31,0,60958,0,0,2,2,0.0,0,-8207,29,8236,48,False,0
El Hadji Malick Diouf,DEF,West Ham,0.0,0,0,9,0,3,15.8,5,603,0.12,0.12,0.00,1.68,301,2,0,3.7,19.2,2026-03-22T14:15:00Z,90,False,2,0,0,0,4,0,31,0,318791,1,2,0,2,2.0,1,15134,19415,4281,40,False,0
Jaydon Banel,MID,Burnley,0.0,0,0,0,0,0,0.0,0,213,0.00,0.00,0.00,0.00,305,0,0,0.0,0.0,2026-03-21T15:00:00Z,0,False,10,0,0,0,0,0,31,0,4825,0,0,1,3,0.0,0,-35,0,35,45,False,0
Kjell Scherpen,GK,Brighton,0.0,0,0,0,0,0,0.0,0,142,0.00,0.00,0.00,0.00,303,0,0,0.0,0.0,2026-03-21T12:45:00Z,0,False,12,0,0,0,0,0,31,0,229,0,0,1,2,0.0,0,-1,0,1,40,True,0
Levi Samuels Colwill,DEF,Chelsea,0.0,0,0,0,0,0,0.0,0,227,0.00,0.00,0.00,0.00,304,0,0,0.0,0.0,2026-03-21T17:30:00Z,0,False,9,0,0,0,0,0,31,0,13448,0,0,0,3,0.0,0,13,40,27,47,False,0
Shea Lacey,MID,Man Utd,0.0,0,0,0,0,0,0.0,0,755,0.00,0.00,0.00,0.00,302,0,0,0.0,0.0,2026-03-20T20:00:00Z,0,False,4,0,0,0,0,0,31,0,1501,0,0,2,2,0.0,0,-68,15,83,45,False,0
Harvey Elliott,MID,Aston Villa,0.0,0,0,0,0,0,0.0,0,389,0.00,0.00,0.00,0.00,301,0,0,0.0,0.0,2026-03-22T14:15:00Z,0,False,19,0,0,0,0,0,31,0,21442,0,0,0,2,0.0,0,29,108,79,51,True,0
Olivier Boscagli,DEF,Brighton,0.0,0,0,0,0,0,0.0,0,143,0.00,0.00,0.00,0.00,303,0,0,0.0,0.0,2026-03-21T12:45:00Z,0,False,12,0,0,0,0,0,31,0,11047,0,0,1,2,0.0,0,-101,51,152,42,True,0
Takai Kōta,DEF,Spurs,0.0,0,0,0,0,0,0.0,0,577,0.00,0.00,0.00,0.00,309,0,0,0.0,0.0,2026-03-22T14:15:00Z,0,False,16,0,0,0,0,0,31,0,5664,0,0,3,0,0.0,0,-19,0,19,40,True,0
Jeremie Frimpong,DEF,Liverpool,0.0,0,0,1,0,2,22.3,3,370,0.04,0.04,0.00,1.60,303,2,0,3.9,8.8,2026-03-21T12:45:00Z,62,False,6,0,0,0,1,0,31,0,766916,1,1,1,2,8.0,0,47832,50642,2810,57,False,1
Nehemiah Oriola,MID,Brighton,0.0,0,0,0,0,0,0.0,0,744,0.00,0.00,0.00,0.00,303,0,0,0.0,0.0,2026-03-21T12:45:00Z,0,False,12,0,0,0,0,0,31,0,1810,0,0,1,2,0.0,0,-4,52,56,45,True,0
Joe Rodon,DEF,Leeds,0.0,0,0,25,1,6,7.3,6,348,0.09,0.09,0.00,0.46,306,0,0,2.8,14.4,2026-03-21T20:00:00Z,90,False,5,0,0,0,2,0,31,0,552663,1,0,0,0,6.0,6,23249,29443,6194,39,True,0
Jenson Seelt,DEF,Sunderland,0.0,0,0,0,0,0,0.0,0,542,0.00,0.00,0.00,0.00,308,0,0,0.0,0.0,2026-03-22T12:00:00Z,0,False,15,0,0,0,0,0,31,0,10926,0,0,2,1,0.0,0,-33,0,33,40,False,0
Rhys Williams,DEF,Liverpool,0.0,0,0,0,0,0,0.0,0,379,0.00,0.00,0.00,0.00,303,0,0,0.0,0.0,2026-03-21T12:45:00Z,0,False,6,0,0,0,0,0,31,0,73432,0,0,1,2,0.0,0,-2802,998,3800,37,False,0
Luis Eduardo Soares da Silva,DEF,Nott'm Forest,0.0,0,0,0,0,0,0.0,0,729,0.00,0.00,0.00,0.00,309,0,0,0.0,0.0,2026-03-22T14:15:00Z,0,False,18,0,0,0,0,0,31,0,135,0,0,3,0,0.0,0,-1,0,1,45,False,0
Josh Laurent,MID,Burnley,0.0,0,0,-9,0,0,2.4,6,209,0.00,0.25,0.25,2.07,305,3,0,0.2,0.0,2026-03-21T15:00:00Z,90,False,10,0,0,0,5,1,31,0,5043,1,1,1,3,8.0,-1,-49,67,116,48,False,0
Diego León Blanco,DEF,Man Utd,0.0,0,0,0,0,0,0.0,0,439,0.00,0.00,0.00,0.00,302,0,0,0.0,0.0,2026-03-20T20:00:00Z,0,False,4,0,0,0,0,0,31,0,7347,0,0,2,2,0.0,0,-18,28,46,42,False,0
Romaine Mundle,MID,Sunderland,0.0,0,0,0,0,0,0.0,0,548,0.00,0.00,0.00,0.00,308,0,0,0.0,0.0,2026-03-22T12:00:00Z,0,False,15,0,0,0,0,0,31,0,1065,0,0,2,1,0.0,0,-15,3,18,49,False,0
Will Dennis,GK,Bournemouth,0.0,0,0,0,0,0,0.0,0,68,0.00,0.00,0.00,0.00,302,0,0,0.0,0.0,2026-03-20T20:00:00Z,0,False,14,0,0,0,0,0,31,0,92967,0,0,2,2,0.0,0,-1021,0,1021,40,True,0
Harry Howell,MID,Brighton,0.0,0,0,0,0,0,0.0,0,795,0.00,0.00,0.00,0.00,303,0,0,0.0,0.0,2026-03-21T12:45:00Z,0,False,12,0,0,0,0,0,31,0,716,0,0,1,2,0.0,0,-28,21,49,45,True,0
Callum Wilson,FWD,West Ham,0.0,0,0,1,0,0,2.1,1,671,0.08,0.08,0.00,0.54,301,1,0,1.0,0.2,2026-03-22T14:15:00Z,45,False,2,0,0,0,1,0,31,0,67329,0,0,0,2,8.0,1,-663,519,1182,58,False,0
Ronnie Hollingshead,GK,Aston Villa,0.0,0,0,0,0,0,0.0,0,757,0.00,0.00,0.00,0.00,301,0,0,0.0,0.0,2026-03-22T14:15:00Z,0,False,19,0,0,0,0,0,31,0,2004,0,0,0,2,0.0,0,-18,22,40,40,True,0
Vitaly Janelt,MID,Brentford,0.0,0,0,0,0,0,0.0,0,125,0.00,0.00,0.00,0.00,306,0,0,0.0,0.0,2026-03-21T20:00:00Z,0,False,11,0,0,0,0,0,31,0,16719,0,0,0,0,0.0,0,-2813,9,2822,49,False,0
Douglas Luiz Soares de Paulo,MID,Aston Villa,0.0,0,0,3,0,1,2.2,1,699,0.01,0.01,0.00,0.35,301,0,0,0.7,4.6,2026-03-22T14:15:00Z,23,False,19,0,0,0,0,0,31,0,13000,0,0,0,2,0.0,1,24,648,624,49,True,0
Marcus Tavernier,MID,Bournemouth,0.0,0,0,13,0,3,27.3,9,84,0.06,0.32,0.26,1.77,302,2,0,6.6,21.0,2026-03-20T20:00:00Z,90,False,14,0,0,0,6,0,31,0,272678,1,0,2,2,18.0,2,-12159,8529,20688,54,True,0
Virgil van Dijk,DEF,Liverpool,0.0,0,0,4,0,11,1.7,12,373,0.01,0.01,0.00,2.17,303,2,0,3.4,24.0,2026-03-21T12:45:00Z,90,False,6,0,0,0,2,0,31,0,5087699,1,1,1,2,8.0,3,245145,268002,22857,63,False,0
Son Heung-min,MID,Spurs,0.0,0,0,0,0,0,0.0,0,579,0.00,0.00,0.00,0.00,309,0,0,0.0,0.0,2026-03-22T14:15:00Z,0,False,16,0,0,0,0,0,31,0,15212,0,0,3,0,0.0,0,-15,0,15,85,True,0
Axel Disasi,DEF,West Ham,0.0,0,0,4,0,5,0.9,6,815,0.00,0.41,0.41,1.68,301,2,0,4.7,18.6,2026-03-22T14:15:00Z,90,False,2,0,0,0,3,0,31,0,14139,1,1,0,2,27.0,1,955,1419,464,45,False,0
Luca Netz,DEF,Nott'm Forest,0.0,0,0,0,0,0,0.0,0,814,0.00,0.00,0.00,0.00,309,0,0,0.0,0.0,2026-03-22T14:15:00Z,0,False,18,0,0,0,0,0,31,0,633,0,0,3,0,0.0,0,5,35,30,45,False,0
Antoñito Cordero Campillo,MID,Newcastle,0.0,0,0,0,0,0,0.0,0,492,0.00,0.00,0.00,0.00,308,0,0,0.0,0.0,2026-03-22T12:00:00Z,0,False,17,0,0,0,0,0,31,0,2671,0,0,2,1,0.0,0,-1,0,1,49,True,0
Callum Marshall,FWD,West Ham,0.0,0,0,0,0,0,0.0,0,626,0.00,0.00,0.00,0.00,301,0,0,0.0,0.0,2026-03-22T14:15:00Z,0,False,2,0,0,0,0,0,31,0,66502,0,0,0,2,0.0,0,-427,0,427,43,False,0
Garang Kuol,MID,Newcastle,0.0,0,0,0,0,0,0.0,0,496,0.00,0.00,0.00,0.00,308,0,0,0.0,0.0,2026-03-22T12:00:00Z,0,False,17,0,0,0,0,0,31,0,4218,0,0,2,1,0.0,0,-9,0,9,44,True,0
Maximilian Kilman,DEF,West Ham,0.0,0,0,0,0,0,0.0,0,605,0.00,0.00,0.00,0.00,301,0,0,0.0,0.0,2026-03-22T14:15:00Z,0,False,2,0,0,0,0,0,31,0,18201,0,0,0,2,0.0,0,-246,77,323,41,False,0
Elijah Campbell,DEF,Everton,0.0,0,0,0,0,0,0.0,0,705,0.00,0.00,0.00,0.00,304,0,0,0.0,0.0,2026-03-21T17:30:00Z,0,False,7,0,0,0,0,0,31,0,19760,0,0,0,3,0.0,0,-113,0,113,39,True,0
Rayan Vitor Simplício Rocha,MID,Bournemouth,0.0,0,0,14,0,2,18.9,6,807,0.15,0.56,0.41,1.75,302,2,0,4.3,8.6,2026-03-20T20:00:00Z,86,False,14,0,0,0,3,0,31,0,247246,1,1,2,2,15.0,2,-36453,2460,38913,56,True,0
Harry Maguire,DEF,Man Utd,0.0,0,0,-10,0,11,0.4,11,442,0.04,0.07,0.03,0.91,302,2,0,1.9,8.4,2026-03-20T20:00:00Z,77,False,4,0,0,0,2,1,31,0,246460,1,0,2,2,10.0,0,10378,15358,4980,44,False,0
Hjalmar Ekdal,DEF,Burnley,0.0,0,0,0,0,0,0.0,0,190,0.00,0.00,0.00,0.00,305,0,0,0.0,0.0,2026-03-21T15:00:00Z,0,False,10,0,0,0,0,0,31,0,95658,0,0,1,3,0.0,0,-1677,689,2366,38,False,0
Mason Mount,MID,Man Utd,0.0,0,0,3,0,0,0.3,1,455,0.00,0.00,0.00,0.00,302,0,0,0.0,0.0,2026-03-20T20:00:00Z,1,False,4,0,0,0,1,0,31,0,36080,0,0,2,2,0.0,1,-178,93,271,59,False,0
Paris Maghoma,MID,Brentford,0.0,0,0,0,0,0,0.0,0,132,0.00,0.00,0.00,0.00,306,0,0,0.0,0.0,2026-03-21T20:00:00Z,0,False,11,0,0,0,0,0,31,0,2640,0,0,0,0,0.0,0,-42,0,42,45,False,0
Jair Paula da Cunha Filho,DEF,Nott'm Forest,0.0,0,0,0,0,0,0.0,0,510,0.00,0.00,0.00,0.00,309,0,0,0.0,0.0,2026-03-22T14:15:00Z,0,False,18,0,0,0,0,0,31,0,7924,0,0,3,0,0.0,0,-118,7,125,42,False,0
Freddie Potts,MID,West Ham,0.0,0,0,3,0,3,10.8,4,623,0.01,0.01,0.00,1.13,301,1,0,1.7,5.8,2026-03-22T14:15:00Z,45,False,2,0,0,0,1,0,31,0,68511,1,0,0,2,0.0,1,-3026,157,3183,44,False,0
Matthijs de Ligt,DEF,Man Utd,0.0,0,0,0,0,0,0.0,0,436,0.00,0.00,0.00,0.00,302,0,0,0.0,0.0,2026-03-20T20:00:00Z,0,False,4,0,0,0,0,0,31,0,235311,0,0,2,2,0.0,0,-885,43,928,49,False,0
Nick Woltemade,FWD,Newcastle,0.0,1,0,22,0,2,21.4,5,714,0.05,0.19,0.14,1.05,308,1,0,5.0,23.2,2026-03-22T12:00:00Z,64,False,17,0,0,0,2,0,31,0,895540,1,1,2,1,5.0,5,-3362,9826,13188,67,True,0
Airidas Golambeckis,DEF,West Ham,0.0,0,0,0,0,0,0.0,0,752,0.00,0.00,0.00,0.00,301,0,0,0.0,0.0,2026-03-22T14:15:00Z,0,False,2,0,0,0,0,0,31,0,3980,0,0,0,2,0.0,0,-3,61,64,40,False,0
Lucas Bergvall,MID,Spurs,0.0,0,0,1,0,2,9.4,2,586,0.01,0.23,0.22,1.28,309,2,0,1.9,5.8,2026-03-22T14:15:00Z,45,False,16,0,0,0,0,0,31,0,22112,0,0,3,0,4.0,1,14,99,85,52,True,0
Braiden Graham,FWD,Everton,0.0,0,0,0,0,0,0.0,0,779,0.00,0.00,0.00,0.00,304,0,0,0.0,0.0,2026-03-21T17:30:00Z,0,False,7,0,0,0,0,0,31,0,4516,0,0,0,3,0.0,0,-137,115,252,45,True,0
Joe Knight,MID,Brighton,0.0,0,0,0,0,0,0.0,0,175,0.00,0.00,0.00,0.00,303,0,0,0.0,0.0,2026-03-21T12:45:00Z,0,False,12,0,0,0,0,0,31,0,8870,0,0,1,2,0.0,0,-95,0,95,44,True,0
Zépiqueno Redmond,FWD,Aston Villa,0.0,0,0,0,0,0,0.0,0,65,0.00,0.00,0.00,0.00,301,0,0,0.0,0.0,2026-03-22T14:15:00Z,0,False,19,0,0,0,0,0,31,0,37310,0,0,0,2,0.0,0,-59,0,59,45,True,0
Matheus Santos Carneiro da Cunha,MID,Man Utd,0.0,1,1,25,0,3,20.2,11,450,0.21,0.28,0.07,1.70,302,2,0,7.2,18.8,2026-03-20T20:00:00Z,81,False,4,0,0,0,7,0,31,0,1207122,1,1,2,2,33.0,6,82342,94531,12189,80,False,0
Max Merrick,GK,Chelsea,0.0,0,0,0,0,0,0.0,0,789,0.00,0.00,0.00,0.00,304,0,0,0.0,0.0,2026-03-21T17:30:00Z,0,False,9,0,0,0,0,0,31,0,937,0,0,0,3,0.0,0,-1,19,20,40,False,0
Chemsdine Talbi,MID,Sunderland,0.0,0,1,24,0,1,11.9,3,553,0.05,0.59,0.54,1.24,308,1,1,9.1,33.6,2026-03-22T12:00:00Z,90,False,15,0,0,0,2,0,31,0,19484,1,0,2,1,45.0,8,-183,129,312,49,False,0
Zach Abbott,DEF,Nott'm Forest,0.0,0,0,0,0,0,0.0,0,513,0.00,0.00,0.00,0.00,309,0,0,0.0,0.0,2026-03-22T14:15:00Z,0,False,18,0,0,0,0,0,31,0,33761,0,0,3,0,0.0,0,-348,125,473,38,False,0
Mykhailo Mudryk,MID,Chelsea,0.0,0,0,0,0,0,0.0,0,245,0.00,0.00,0.00,0.00,304,0,0,0.0,0.0,2026-03-21T17:30:00Z,0,False,9,0,0,0,0,0,31,0,1168,0,0,0,3,0.0,0,-5,18,23,49,False,0
Emile Smith Rowe,MID,Fulham,0.0,0,0,5,0,0,31.0,0,325,0.05,0.05,0.00,0.12,305,0,0,4.1,6.4,2026-03-21T15:00:00Z,8,False,3,0,0,0,0,0,31,0,66161,0,0,1,3,4.0,1,-2542,493,3035,56,True,0
Yves Bissouma,MID,Spurs,0.0,0,0,0,0,0,0.0,0,587,0.00,0.00,0.00,0.00,309,0,0,0.0,0.0,2026-03-22T14:15:00Z,0,False,16,0,0,0,0,0,31,0,6079,0,0,3,0,0.0,0,-180,3,183,52,True,0
Zian Flemming,FWD,Burnley,0.0,0,1,31,0,2,24.2,6,215,0.02,0.79,0.77,3.15,305,3,1,10.9,45.4,2026-03-21T15:00:00Z,90,False,10,0,0,0,2,0,31,0,45976,1,2,1,3,39.0,7,2418,5106,2688,53,False,0
Fraser Forster,GK,Bournemouth,0.0,0,0,0,0,0,0.0,0,782,0.00,0.00,0.00,0.00,302,0,0,0.0,0.0,2026-03-20T20:00:00Z,0,False,14,0,0,0,0,0,31,0,3331,0,0,2,2,0.0,0,-20,102,122,40,True,0
Daniel Ballard,DEF,Sunderland,0.0,0,0,0,0,0,0.0,0,531,0.00,0.00,0.00,0.00,308,0,0,0.0,0.0,2026-03-22T12:00:00Z,0,False,15,0,0,0,0,0,31,0,466630,0,0,2,1,0.0,0,-29733,5909,35642,47,False,0
Tim Iroegbunam,MID,Everton,0.0,0,0,6,0,0,0.0,1,304,0.00,0.04,0.04,0.00,304,0,0,2.1,4.0,2026-03-21T17:30:00Z,1,False,7,0,0,0,1,0,31,0,4891,0,0,0,3,17.0,1,-12,55,67,48,True,0
Lucas Digne,DEF,Aston Villa,0.0,0,1,30,1,5,36.6,7,37,0.21,0.28,0.07,0.94,301,0,0,7.1,23.6,2026-03-22T14:15:00Z,90,False,19,0,0,0,4,0,31,0,225866,1,2,0,2,11.0,7,10493,12414,1921,45,True,0
Mads Hermansen,GK,West Ham,0.0,0,0,7,0,1,0.0,0,679,0.00,0.00,0.00,1.68,301,2,0,2.2,22.0,2026-03-22T14:15:00Z,90,False,2,0,0,0,8,0,31,4,72706,1,0,0,2,0.0,2,7513,8714,1201,42,False,0
Emiliano Buendía Stati,MID,Aston Villa,0.0,0,0,5,0,0,0.8,2,50,0.01,0.01,0.00,0.35,301,0,0,0.3,2.4,2026-03-22T14:15:00Z,13,False,19,0,0,0,1,0,31,0,51159,0,1,0,2,0.0,1,-1942,1406,3348,53,True,0
Benjamin Lecomte,GK,Fulham,0.0,0,0,0,0,0,0.0,0,664,0.00,0.00,0.00,0.00,305,0,0,0.0,0.0,2026-03-21T15:00:00Z,0,False,3,0,0,0,0,0,31,0,90586,0,0,1,3,0.0,0,-817,335,1152,39,True,0
Isaac Hayden,MID,Newcastle,0.0,0,0,0,0,0,0.0,0,495,0.00,0.00,0.00,0.00,308,0,0,0.0,0.0,2026-03-22T12:00:00Z,0,False,17,0,0,0,0,0,31,0,761,0,0,2,1,0.0,0,0,0,0,45,True,0
Adrian Mazilu,MID,Brighton,0.0,0,0,0,0,0,0.0,0,176,0.00,0.00,0.00,0.00,303,0,0,0.0,0.0,2026-03-21T12:45:00Z,0,False,12,0,0,0,0,0,31,0,2364,0,0,1,2,0.0,0,-4,0,4,45,True,0
Finlay Herrick,GK,West Ham,0.0,0,0,0,0,0,0.0,0,825,0.00,0.00,0.00,0.00,301,0,0,0.0,0.0,2026-03-22T14:15:00Z,0,False,2,0,0,0,0,0,31,0,0,0,0,0,2,0.0,0,0,0,0,40,False,0
Kyle Walker,DEF,Burnley,0.0,0,0,12,0,6,11.7,9,187,0.02,0.02,0.00,1.90,305,2,0,3.1,19.6,2026-03-21T15:00:00Z,86,False,10,0,0,0,3,0,31,0,147289,1,3,1,3,0.0,1,988,2485,1497,44,False,0
Cole Palmer,MID,Chelsea,0.0,0,0,14,0,0,17.5,4,235,0.09,0.13,0.04,1.18,304,3,0,2.8,7.4,2026-03-21T17:30:00Z,90,False,9,0,0,0,2,0,31,0,2515435,1,2,0,3,3.0,2,53003,94550,41547,106,False,0
Robert Lynch Sánchez,GK,Chelsea,0.0,0,0,7,0,1,0.0,0,220,0.00,0.00,0.00,1.18,304,3,0,3.2,32.4,2026-03-21T17:30:00Z,90,False,9,0,0,0,9,0,31,5,1679384,1,0,0,3,0.0,2,-4445,14986,19431,48,False,0
Benjamin Fredrick,DEF,Brentford,0.0,0,0,0,0,0,0.0,0,115,0.00,0.00,0.00,0.00,306,0,0,0.0,0.0,2026-03-21T20:00:00Z,0,False,11,0,0,0,0,0,31,0,9512,0,0,0,0,0.0,0,-20,0,20,40,False,0
Brajan Gruda,MID,Brighton,0.0,0,0,0,0,0,0.0,0,162,0.00,0.00,0.00,0.00,303,0,0,0.0,0.0,2026-03-21T12:45:00Z,0,False,12,0,0,0,0,0,31,0,5969,0,0,1,2,0.0,0,-37,0,37,54,True,0
Ben Gannon-Doak,MID,Bournemouth,0.0,0,0,-1,0,0,0.5,1,391,0.01,0.01,0.00,0.02,302,0,0,0.3,0.0,2026-03-20T20:00:00Z,3,False,14,0,0,0,1,0,31,0,3976,0,0,2,2,4.0,1,10,19,9,48,True,0
Mitoma Kaoru,MID,Brighton,0.0,0,0,1,0,1,0.8,1,157,0.29,0.39,0.10,0.10,303,0,0,3.0,4.0,2026-03-21T12:45:00Z,14,False,12,0,0,0,0,0,31,0,236448,0,0,1,2,25.0,1,-3140,534,3674,61,True,0
Michael Keane,DEF,Everton,0.0,0,0,30,1,9,0.8,12,295,0.00,0.00,0.00,0.93,304,0,0,2.9,25.8,2026-03-21T17:30:00Z,90,False,7,0,0,0,3,0,31,0,419100,1,3,0,3,2.0,8,-1536,13868,15404,46,True,0
Jenson Jones,DEF,Sunderland,0.0,0,0,0,0,0,0.0,0,774,0.00,0.00,0.00,0.00,308,0,0,0.0,0.0,2026-03-22T12:00:00Z,0,False,15,0,0,0,0,0,31,0,2548,0,0,2,1,0.0,0,-26,73,99,40,False,0
Jean-Clair Todibo,DEF,West Ham,0.0,0,0,0,0,0,0.0,0,609,0.00,0.00,0.00,0.00,301,0,0,0.0,0.0,2026-03-22T14:15:00Z,0,False,2,0,0,0,0,0,31,0,13428,0,0,0,2,0.0,0,279,375,96,43,False,0
Joelinton Cássio Apolinário de Lira,MID,Newcastle,0.0,0,0,8,0,6,1.7,12,490,0.01,0.06,0.05,2.45,308,2,0,1.7,13.4,2026-03-22T12:00:00Z,90,False,17,0,0,0,4,0,31,0,40846,1,2,2,1,2.0,3,1077,1921,844,59,True,1
Mohamadou Kanté,MID,West Ham,0.0,0,0,0,0,0,0.3,0,758,0.00,0.04,0.04,0.02,301,0,0,0.3,0.0,2026-03-22T14:15:00Z,7,False,2,0,0,0,0,0,31,0,1401,0,0,0,2,4.0,1,4,42,38,45,False,0
Francisco Evanilson de Lima Barbosa,FWD,Bournemouth,0.0,1,0,15,0,3,2.8,8,97,0.01,0.06,0.05,1.77,302,2,0,1.6,3.4,2026-03-20T20:00:00Z,90,False,14,0,0,0,5,0,31,0,278332,1,0,2,2,10.0,5,-11886,5908,17794,68,True,0
Nordi Mukiele,DEF,Sunderland,0.0,0,0,0,0,0,0.0,0,694,0.00,0.00,0.00,0.00,308,0,0,0.0,0.0,2026-03-22T12:00:00Z,0,False,15,0,0,0,0,0,31,0,804352,0,0,2,1,0.0,0,-136890,657,137547,45,False,0
Kevin Danso,DEF,Spurs,0.0,0,0,5,0,9,1.3,10,570,0.01,0.11,0.10,1.48,309,3,0,2.9,20.8,2026-03-22T14:15:00Z,90,False,16,0,0,0,1,0,31,0,17341,1,1,3,0,7.0,3,306,445,139,42,True,0
Adam Aznou,DEF,Everton,0.0,0,0,0,0,0,0.0,0,667,0.00,0.00,0.00,0.00,304,0,0,0.0,0.0,2026-03-21T17:30:00Z,0,False,7,0,0,0,0,0,31,0,7317,0,0,0,3,0.0,0,-40,34,74,42,True,0
Ben Davies,DEF,Spurs,0.0,0,0,0,0,0,0.0,0,571,0.00,0.00,0.00,0.00,309,0,0,0.0,0.0,2026-03-22T14:15:00Z,0,False,16,0,0,0,0,0,31,0,8501,0,0,3,0,0.0,0,-20,10,30,43,True,0
Trai Hume,DEF,Sunderland,0.0,0,0,3,0,3,5.7,5,532,0.50,0.77,0.27,1.27,308,1,0,2.2,6.0,2026-03-22T12:00:00Z,90,False,15,0,0,0,4,0,31,0,43209,1,2,2,1,10.0,1,-1341,942,2283,45,False,1
Tom Cairney,MID,Fulham,0.0,0,0,0,0,0,0.0,0,331,0.00,0.00,0.00,0.00,305,0,0,0.0,0.0,2026-03-21T15:00:00Z,0,False,3,0,0,0,0,0,31,0,4075,0,0,1,3,0.0,0,-9,28,37,48,True,0
Calvin Bassey,DEF,Fulham,0.0,0,0,10,0,3,2.1,4,318,0.02,0.02,0.00,1.24,305,1,0,2.4,19.6,2026-03-21T15:00:00Z,90,False,3,0,0,0,3,0,31,0,204430,1,1,1,3,2.0,2,47447,48685,1238,44,True,0
Alfie McNally,GK,Fulham,0.0,0,0,0,0,0,0.0,0,786,0.00,0.00,0.00,0.00,305,0,0,0.0,0.0,2026-03-21T15:00:00Z,0,False,3,0,0,0,0,0,31,0,1316,0,0,1,3,0.0,0,8,38,30,40,True,0
Matai Akinmboni,DEF,Bournemouth,0.0,0,0,0,0,0,0.0,0,75,0.00,0.00,0.00,0.00,302,0,0,0.0,0.0,2026-03-20T20:00:00Z,0,False,14,0,0,0,0,0,31,0,25144,0,0,2,2,0.0,0,6,174,168,38,True,0
Yehor Yarmoliuk,MID,Brentford,0.0,0,0,13,1,1,3.8,7,129,0.00,0.00,0.00,0.52,306,0,0,1.0,6.4,2026-03-21T20:00:00Z,90,False,11,0,0,0,4,0,31,0,12658,1,2,0,0,0.0,3,-168,135,303,50,False,0
Norberto Bercique Gomes Betuncal,FWD,Everton,0.0,1,3,65,1,0,21.7,2,311,0.05,0.65,0.60,0.89,304,0,2,16.3,84.2,2026-03-21T17:30:00Z,81,False,7,0,0,0,1,0,31,0,316353,1,1,0,3,57.0,16,-207,4768,4975,50,True,0
Dan Ndoye,MID,Nott'm Forest,0.0,0,0,5,0,0,0.3,1,669,0.00,0.00,0.00,0.27,309,0,0,0.0,0.0,2026-03-22T14:15:00Z,10,False,18,0,0,0,1,0,31,0,89071,0,0,3,0,0.0,1,-210,102,312,55,False,0
Soungoutou Magassa,MID,West Ham,0.0,0,0,3,0,0,0.0,0,718,0.00,0.00,0.00,0.02,301,0,0,0.1,0.6,2026-03-22T14:15:00Z,7,False,2,0,0,0,0,0,31,0,3423,0,0,0,2,0.0,1,-39,34,73,50,False,0
Bradley Burrowes,MID,Aston Villa,0.0,0,0,0,0,0,0.0,0,702,0.00,0.00,0.00,0.00,301,0,0,0.0,0.0,2026-03-22T14:15:00Z,0,False,19,0,0,0,0,0,31,0,9085,0,0,0,2,0.0,0,-38,34,72,44,True,0
Martin Sherif,FWD,Everton,0.0,0,0,0,0,0,0.0,0,313,0.00,0.00,0.00,0.00,304,0,0,0.0,0.0,2026-03-21T17:30:00Z,0,False,7,0,0,0,0,0,31,0,15014,0,0,0,3,0.0,0,-55,0,55,44,True,0
Malick Yalcouyé,MID,Brighton,0.0,0,0,0,0,0,0.0,0,174,0.00,0.00,0.00,0.00,303,0,0,0.0,0.0,2026-03-21T12:45:00Z,0,False,12,0,0,0,0,0,31,0,636,0,0,1,2,0.0,0,0,0,0,50,True,0
Charalampos Kostoulas,FWD,Brighton,0.0,0,0,0,0,0,0.0,0,181,0.00,0.00,0.00,0.00,303,0,0,0.0,0.0,2026-03-21T12:45:00Z,0,False,12,0,0,0,0,0,31,0,43724,0,0,1,2,0.0,0,-572,257,829,48,True,0
João Victor de Souza Menezes,DEF,Spurs,0.0,0,0,0,0,0,0.0,0,804,0.00,0.00,0.00,0.00,309,0,0,0.0,0.0,2026-03-22T14:15:00Z,0,False,16,0,0,0,0,0,31,0,2777,0,0,3,0,0.0,0,140,237,97,40,True,0
Mark Travers,GK,Everton,0.0,0,0,0,0,0,0.0,0,288,0.00,0.00,0.00,0.00,304,0,0,0.0,0.0,2026-03-21T17:30:00Z,0,False,7,0,0,0,0,0,31,0,14612,0,0,0,3,0.0,0,-23,65,88,43,True,0
Altay Bayındır,GK,Man Utd,0.0,0,0,0,0,0,0.0,0,431,0.00,0.00,0.00,0.00,302,0,0,0.0,0.0,2026-03-20T20:00:00Z,0,False,4,0,0,0,0,0,31,0,40848,0,0,2,2,0.0,0,-64,225,289,47,False,0
Largie Ramazani,MID,Leeds,0.0,0,0,0,0,0,0.0,0,357,0.00,0.00,0.00,0.00,306,0,0,0.0,0.0,2026-03-21T20:00:00Z,0,False,5,0,0,0,0,0,31,0,1857,0,0,0,0,0.0,0,-2,0,2,49,True,0
Malcom DaCosta,MID,Bournemouth,0.0,0,0,0,0,0,0.0,0,756,0.00,0.00,0.00,0.00,302,0,0,0.0,0.0,2026-03-20T20:00:00Z,0,False,14,0,0,0,0,0,31,0,1274,0,0,2,2,0.0,0,-23,23,46,45,True,0
Pedro Lomba Neto,MID,Chelsea,0.0,0,0,13,0,0,7.0,3,236,0.02,0.08,0.06,0.80,304,2,0,1.9,2.0,2026-03-21T17:30:00Z,69,False,9,0,0,0,3,0,31,0,543524,1,0,0,3,10.0,2,51,7113,7062,70,False,0
Iliman Ndiaye,MID,Everton,0.0,0,2,34,1,2,4.1,10,299,0.02,0.12,0.10,0.93,304,0,1,7.4,41.8,2026-03-21T17:30:00Z,88,False,7,0,0,0,6,0,31,0,541578,1,2,0,3,28.0,10,1707,12212,10505,62,True,0
Tyler Fletcher,MID,Man Utd,0.0,0,0,0,0,0,0.0,0,771,0.00,0.00,0.00,0.00,302,0,0,0.0,0.0,2026-03-20T20:00:00Z,0,False,4,0,0,0,0,0,31,0,1388,0,0,2,2,0.0,0,-52,34,86,44,False,0
Florentino Ibrain Morris Luís,MID,Burnley,0.0,0,0,0,0,0,0.0,0,722,0.00,0.00,0.00,0.00,305,0,0,0.0,0.0,2026-03-21T15:00:00Z,0,False,10,0,0,0,0,0,31,0,5148,0,0,1,3,0.0,0,-105,66,171,50,False,0
Nicolas Jackson,FWD,Chelsea,0.0,0,0,0,0,0,0.0,0,251,0.00,0.00,0.00,0.00,304,0,0,0.0,0.0,2026-03-21T17:30:00Z,0,False,9,0,0,0,0,0,31,0,9206,0,0,0,3,0.0,0,-9,0,9,65,False,0
Morgan Rogers,MID,Aston Villa,0.0,1,0,21,1,0,48.3,1,47,0.15,0.61,0.46,0.59,301,0,0,11.4,17.2,2026-03-22T14:15:00Z,76,False,19,0,0,0,1,0,31,0,3337366,1,0,0,2,48.0,6,37558,117894,80336,75,True,0
Reiss Nelson,MID,Brentford,0.0,0,0,0,0,0,0.0,0,27,0.00,0.00,0.00,0.00,306,0,0,0.0,0.0,2026-03-21T20:00:00Z,0,False,11,0,0,0,0,0,31,0,11972,0,0,0,0,0.0,0,-34,28,62,48,False,0
Dan Burn,DEF,Newcastle,0.0,0,0,20,0,17,1.0,17,476,0.00,0.20,0.20,2.45,308,2,0,8.0,39.6,2026-03-22T12:00:00Z,90,False,17,0,0,0,0,0,31,0,494734,1,0,2,1,39.0,3,22324,25261,2937,50,True,0
Andreas Hoelgebaum Pereira,MID,Fulham,0.0,0,0,0,0,0,0.0,0,327,0.00,0.00,0.00,0.00,305,0,0,0.0,0.0,2026-03-21T15:00:00Z,0,False,3,0,0,0,0,0,31,0,7542,0,0,1,3,0.0,0,-8,0,8,53,True,0
Lewis Miley,MID,Newcastle,0.0,0,0,0,0,0,0.0,0,497,0.00,0.00,0.00,0.00,308,0,0,0.0,0.0,2026-03-22T12:00:00Z,0,False,17,0,0,0,0,0,31,0,231624,0,0,2,1,0.0,0,-20249,154,20403,44,True,0
Ahmed Abdullahi,FWD,Sunderland,0.0,0,0,0,0,0,0.0,0,562,0.00,0.00,0.00,0.00,308,0,0,0.0,0.0,2026-03-22T12:00:00Z,0,False,15,0,0,0,0,0,31,0,57161,0,0,2,1,0.0,0,-954,498,1452,42,False,0
James McConnell,MID,Liverpool,0.0,0,0,0,0,0,0.0,0,394,0.00,0.00,0.00,0.00,303,0,0,0.0,0.0,2026-03-21T12:45:00Z,0,False,6,0,0,0,0,0,31,0,2596,0,0,1,2,0.0,0,-4,0,4,44,False,0
Tom McGill,GK,Brighton,0.0,0,0,0,0,0,0.0,0,140,0.00,0.00,0.00,0.00,303,0,0,0.0,0.0,2026-03-21T12:45:00Z,0,False,12,0,0,0,0,0,31,0,39402,0,0,1,2,0.0,0,-295,148,443,39,True,0
Joe Worrall,DEF,Burnley,0.0,0,0,0,0,0,0.0,0,199,0.00,0.00,0.00,0.00,305,0,0,0.0,0.0,2026-03-21T15:00:00Z,0,False,10,0,0,0,0,0,31,0,29688,0,0,1,3,0.0,0,549,1477,928,38,False,0
Owen Dodgson,DEF,Burnley,0.0,0,0,0,0,0,0.0,0,189,0.00,0.00,0.00,0.00,305,0,0,0.0,0.0,2026-03-21T15:00:00Z,0,False,10,0,0,0,0,0,31,0,1585,0,0,1,3,0.0,0,-1,0,1,40,False,0
Enzo Fernández,MID,Chelsea,0.0,0,0,14,0,1,34.8,5,237,0.19,0.56,0.37,1.18,304,3,0,11.4,26.4,2026-03-21T17:30:00Z,90,False,9,0,0,0,4,0,31,0,1893182,1,0,0,3,53.0,2,-44228,28563,72791,66,False,0
Julio Enciso Espínola,MID,Brighton,0.0,0,0,0,0,0,0.0,0,161,0.00,0.00,0.00,0.00,303,0,0,0.0,0.0,2026-03-21T12:45:00Z,0,False,12,0,0,0,0,0,31,0,1131,0,0,1,2,0.0,0,-2,0,2,54,True,0
Emil Krafth,DEF,Newcastle,0.0,0,0,0,0,0,0.0,0,479,0.00,0.00,0.00,0.00,308,0,0,0.0,0.0,2026-03-22T12:00:00Z,0,False,17,0,0,0,0,0,31,0,4749,0,0,2,1,0.0,0,-27,5,32,43,True,0
Boubacar Kamara,MID,Aston Villa,0.0,0,0,0,0,0,0.0,0,58,0.00,0.00,0.00,0.00,301,0,0,0.0,0.0,2026-03-22T14:15:00Z,0,False,19,0,0,0,0,0,31,0,23045,0,0,0,2,0.0,0,-401,18,419,49,True,0
Hugo Ekitiké,FWD,Liverpool,0.0,0,0,3,0,0,0.3,0,661,0.00,0.00,0.00,0.00,303,0,0,0.0,0.0,2026-03-21T12:45:00Z,7,False,6,0,0,0,0,0,31,0,4967710,1,0,1,2,0.0,1,165885,228543,62658,92,False,0
Amara Nallo,DEF,Liverpool,0.0,0,0,0,0,0,0.0,0,378,0.00,0.00,0.00,0.00,303,0,0,0.0,0.0,2026-03-21T12:45:00Z,0,False,6,0,0,0,0,0,31,0,122608,0,0,1,2,0.0,0,-6999,510,7509,37,False,0
Andrew Robertson,DEF,Liverpool,0.0,0,0,4,0,2,1.0,2,372,0.01,0.01,0.00,0.21,303,0,0,0.7,3.8,2026-03-21T12:45:00Z,14,False,6,0,0,0,0,0,31,0,133237,0,0,1,2,2.0,1,1453,2096,643,57,False,0
Seung-Soo Park,MID,Newcastle,0.0,0,0,0,0,0,0.0,0,689,0.00,0.00,0.00,0.00,308,0,0,0.0,0.0,2026-03-22T12:00:00Z,0,False,17,0,0,0,0,0,31,0,65114,0,0,2,1,0.0,0,-1755,931,2686,43,True,0
Randal Kolo Muani,FWD,Spurs,0.0,0,0,-3,0,0,1.3,0,726,0.00,0.09,0.09,0.49,309,1,0,0.5,0.0,2026-03-22T14:15:00Z,23,False,16,0,0,0,0,0,31,0,59611,0,0,3,0,7.0,1,3992,4887,895,69,True,0
Jason Steele,GK,Brighton,0.0,0,0,0,0,0,0.0,0,138,0.00,0.00,0.00,0.00,303,0,0,0.0,0.0,2026-03-21T12:45:00Z,0,False,12,0,0,0,0,0,31,0,31445,0,0,1,2,0.0,0,-216,154,370,42,True,0
Joe Gauci,GK,Aston Villa,0.0,0,0,0,0,0,0.0,0,34,0.00,0.00,0.00,0.00,301,0,0,0.0,0.0,2026-03-22T14:15:00Z,0,False,19,0,0,0,0,0,31,0,11483,0,0,0,2,0.0,0,-96,0,96,40,True,0
Callum Hudson-Odoi,MID,Nott'm Forest,0.0,1,0,22,1,1,23.6,2,516,0.37,0.37,0.00,0.63,309,0,0,5.0,20.6,2026-03-22T14:15:00Z,69,False,18,0,0,0,1,0,31,0,88378,1,0,3,0,6.0,6,-111,1198,1309,57,False,0
Trevoh Chalobah,DEF,Chelsea,0.0,0,0,0,0,0,0.0,0,226,0.00,0.00,0.00,0.00,304,0,0,0.0,0.0,2026-03-21T17:30:00Z,0,False,9,0,0,0,0,0,31,0,1762435,0,0,0,3,0.0,0,-361423,14980,376403,55,False,0
Jun'ai Byfield,DEF,Spurs,0.0,0,0,0,0,0,0.0,0,745,0.00,0.00,0.00,0.00,309,0,0,0.0,0.0,2026-03-22T14:15:00Z,0,False,16,0,0,0,0,0,31,0,4790,0,0,3,0,0.0,0,-30,32,62,40,True,0
Guido Rodríguez,MID,West Ham,0.0,0,0,0,0,0,0.0,0,618,0.00,0.00,0.00,0.00,301,0,0,0.0,0.0,2026-03-22T14:15:00Z,0,False,2,0,0,0,0,0,31,0,5274,0,0,0,2,0.0,0,-21,0,21,48,False,0
James Justin,DEF,Leeds,0.0,0,0,28,1,6,35.8,9,706,0.06,0.14,0.08,0.46,306,0,0,7.0,17.6,2026-03-21T20:00:00Z,90,False,5,0,0,0,5,0,31,0,123665,1,3,0,0,17.0,6,1834,4101,2267,39,True,0
Daniel Adu-Adjei,FWD,Bournemouth,0.0,0,0,0,0,0,0.0,0,99,0.00,0.00,0.00,0.00,302,0,0,0.0,0.0,2026-03-20T20:00:00Z,0,False,14,0,0,0,0,0,31,0,17372,0,0,2,2,0.0,0,-32,0,32,44,True,0
Youssef Ramalho Chermiti,FWD,Everton,0.0,0,0,0,0,0,0.0,0,312,0.00,0.00,0.00,0.00,304,0,0,0.0,0.0,2026-03-21T17:30:00Z,0,False,7,0,0,0,0,0,31,0,8270,0,0,0,3,0.0,0,-7,0,7,49,True,0
Yang Min-hyeok,MID,Spurs,0.0,0,0,0,0,0,0.0,0,594,0.00,0.00,0.00,0.00,309,0,0,0.0,0.0,2026-03-22T14:15:00Z,0,False,16,0,0,0,0,0,31,0,1407,0,0,3,0,0.0,0,-1,0,1,45,True,0
Ibrahima Konaté,DEF,Liverpool,0.0,0,0,5,0,5,1.2,7,374,0.01,0.01,0.00,1.96,303,2,0,1.5,14.2,2026-03-21T12:45:00Z,76,False,6,0,0,0,0,0,31,0,578969,1,2,1,2,0.0,0,12230,26517,14287,55,False,1
Lyle Foster,FWD,Burnley,0.0,1,0,15,0,3,15.3,7,217,0.06,0.06,0.00,1.85,305,2,0,4.3,25.6,2026-03-21T15:00:00Z,77,False,10,0,0,0,2,0,31,0,100331,1,2,1,3,2.0,5,-1809,724,2533,49,False,0
Valentín Castellanos,FWD,West Ham,0.0,0,0,0,0,1,2.2,2,791,0.00,0.12,0.12,1.13,301,1,0,0.4,0.0,2026-03-22T14:15:00Z,45,False,2,0,0,0,1,0,31,0,13258,1,0,0,2,4.0,1,205,1158,953,55,False,0
Manor Solomon,MID,Spurs,0.0,0,0,0,0,0,0.0,0,589,0.00,0.00,0.00,0.00,309,0,0,0.0,0.0,2026-03-22T14:15:00Z,0,False,16,0,0,0,0,0,31,0,846,0,0,3,0,0.0,0,0,0,0,54,True,0
Marcus Edwards,MID,Burnley,0.0,0,0,2,0,0,0.3,1,206,0.01,0.01,0.00,1.30,305,1,0,0.2,0.0,2026-03-21T15:00:00Z,12,False,10,0,0,0,1,0,31,0,12982,0,0,1,3,2.0,1,-465,102,567,47,False,0
Manuel Benson Hedilazio,MID,Burnley,0.0,0,0,0,0,0,0.0,0,201,0.00,0.00,0.00,0.00,305,0,0,0.0,0.0,2026-03-21T15:00:00Z,0,False,10,0,0,0,0,0,31,0,1904,0,0,1,3,0.0,0,-1,0,1,54,False,0
Remy Rees-Dottin,MID,Bournemouth,0.0,0,0,0,0,0,0.0,0,687,0.00,0.00,0.00,0.00,302,0,0,0.0,0.0,2026-03-20T20:00:00Z,0,False,14,0,0,0,0,0,31,0,23530,0,0,2,2,0.0,0,-289,360,649,43,True,0
John Victor Maciel Furtado,GK,Nott'm Forest,0.0,0,0,0,0,0,0.0,0,715,0.00,0.00,0.00,0.00,309,0,0,0.0,0.0,2026-03-22T14:15:00Z,0,False,18,0,0,0,0,0,31,0,40250,0,0,3,0,0.0,0,-946,37,983,40,False,0
Sam Proctor,GK,Aston Villa,0.0,0,0,0,0,0,0.0,0,703,0.00,0.00,0.00,0.00,301,0,0,0.0,0.0,2026-03-22T14:15:00Z,0,False,19,0,0,0,0,0,31,0,81311,0,0,0,2,0.0,0,-1178,533,1711,39,True,0
Harrison Jones,MID,Sunderland,0.0,0,0,0,0,0,0.0,0,557,0.00,0.00,0.00,0.00,308,0,0,0.0,0.0,2026-03-22T12:00:00Z,0,False,15,0,0,0,0,0,31,0,8865,0,0,2,1,0.0,0,-146,57,203,43,False,0
Alex Iwobi,MID,Fulham,0.0,0,0,9,0,1,41.2,9,324,0.26,0.34,0.08,1.24,305,1,0,5.5,7.0,2026-03-21T15:00:00Z,90,False,3,0,0,0,8,0,31,0,456843,1,0,1,3,7.0,1,47700,58346,10646,64,True,1
Timothy Castagne,DEF,Fulham,0.0,0,0,22,0,5,41.3,8,319,0.16,0.25,0.09,1.24,305,1,0,8.5,32.2,2026-03-21T15:00:00Z,90,False,3,0,0,0,4,0,31,0,14609,1,3,1,3,11.0,2,72,330,258,43,True,0
Bernd Leno,GK,Fulham,0.0,0,0,20,0,0,0.0,0,314,0.00,0.00,0.00,1.24,305,1,0,3.0,30.4,2026-03-21T15:00:00Z,90,False,3,0,0,0,9,0,31,4,625213,1,0,1,3,0.0,3,64684,67188,2504,49,True,0
Giovanni Leoni,DEF,Liverpool,0.0,0,0,0,0,0,0.0,0,692,0.00,0.00,0.00,0.00,303,0,0,0.0,0.0,2026-03-21T12:45:00Z,0,False,6,0,0,0,0,0,31,0,1796,0,0,1,2,0.0,0,2,14,12,49,False,0
Owen Bevan,DEF,Bournemouth,0.0,0,0,0,0,0,0.0,0,76,0.00,0.00,0.00,0.00,302,0,0,0.0,0.0,2026-03-20T20:00:00Z,0,False,14,0,0,0,0,0,31,0,23612,0,0,2,2,0.0,0,-260,95,355,38,True,0
Angus Gunn,GK,Nott'm Forest,0.0,0,0,0,0,0,0.0,0,675,0.00,0.00,0.00,0.00,309,0,0,0.0,0.0,2026-03-22T14:15:00Z,0,False,18,0,0,0,0,0,31,0,146761,0,0,3,0,0.0,0,-706,93,799,40,False,0
Cody Gakpo,MID,Liverpool,0.0,0,0,6,0,0,11.3,2,384,0.02,0.12,0.10,2.17,303,2,0,5.0,6.8,2026-03-21T12:45:00Z,90,False,6,0,0,0,2,0,31,0,762898,1,0,1,2,32.0,2,-4576,9000,13576,73,False,0
George Earthy,MID,West Ham,0.0,0,0,0,0,0,0.0,0,620,0.00,0.00,0.00,0.00,301,0,0,0.0,0.0,2026-03-22T14:15:00Z,0,False,2,0,0,0,0,0,31,0,5297,0,0,0,2,0.0,0,-25,0,25,45,False,0
Benjamin Arthur,DEF,Brentford,0.0,0,0,0,0,0,0.0,0,114,0.00,0.00,0.00,0.00,306,0,0,0.0,0.0,2026-03-21T20:00:00Z,0,False,11,0,0,0,0,0,31,0,24349,0,0,0,0,0.0,0,-226,0,226,38,False,0
Tyler Fredricson,DEF,Man Utd,0.0,0,0,0,0,0,0.0,0,446,0.00,0.00,0.00,0.00,302,0,0,0.0,0.0,2026-03-20T20:00:00Z,0,False,4,0,0,0,0,0,31,0,20682,0,0,2,2,0.0,0,292,685,393,37,False,0
Ross Barkley,MID,Aston Villa,0.0,0,0,20,1,2,15.2,6,55,0.33,0.37,0.04,0.59,301,0,0,4.1,12.6,2026-03-22T14:15:00Z,66,False,19,0,0,0,4,0,31,0,11116,1,0,0,2,13.0,3,2336,2509,173,48,True,0
James Wilson,FWD,Spurs,0.0,0,0,0,0,0,0.0,0,818,0.00,0.00,0.00,0.00,309,0,0,0.0,0.0,2026-03-22T14:15:00Z,0,False,16,0,0,0,0,0,31,0,2877,0,0,3,0,0.0,0,239,477,238,45,True,0
Darko Churlinov,MID,Burnley,0.0,0,0,0,0,0,0.0,0,204,0.00,0.00,0.00,0.00,305,0,0,0.0,0.0,2026-03-21T15:00:00Z,0,False,10,0,0,0,0,0,31,0,1586,0,0,1,3,0.0,0,0,0,0,49,False,0
Sam Byram,DEF,Leeds,0.0,0,0,0,0,0,0.0,0,346,0.00,0.00,0.00,0.00,306,0,0,0.0,0.0,2026-03-21T20:00:00Z,0,False,5,0,0,0,0,0,31,0,52013,0,0,0,0,0.0,0,3307,4232,925,37,True,0
Jacob Murphy,MID,Newcastle,0.0,0,0,5,0,1,0.8,2,489,0.01,0.04,0.03,1.40,308,1,0,1.6,8.4,2026-03-22T12:00:00Z,25,False,17,0,0,0,1,0,31,0,82693,0,0,2,1,7.0,1,1020,1734,714,59,True,0
Filip Jörgensen,GK,Chelsea,0.0,0,0,0,0,0,0.0,0,221,0.00,0.00,0.00,0.00,304,0,0,0.0,0.0,2026-03-21T17:30:00Z,0,False,9,0,0,0,0,0,31,0,21329,0,0,0,3,0.0,0,-424,78,502,43,False,0
Ryan Gravenberch,MID,Liverpool,0.0,0,1,23,0,2,2.3,7,390,0.04,0.04,0.00,2.17,303,2,0,1.6,13.4,2026-03-21T12:45:00Z,90,False,6,0,0,0,3,0,31,0,599725,1,2,1,2,0.0,3,-15803,7706,23509,55,False,0
Andrey Nascimento dos Santos,MID,Chelsea,0.0,0,0,3,0,1,2.0,2,246,0.02,0.02,0.00,0.47,304,2,0,0.8,5.8,2026-03-21T17:30:00Z,33,False,9,0,0,0,0,0,31,0,36689,0,1,0,3,0.0,1,-801,271,1072,45,False,0
Melker Ellborg,GK,Sunderland,0.0,0,0,13,0,2,0.0,0,812,0.00,0.00,0.00,1.27,308,1,0,2.1,20.6,2026-03-22T12:00:00Z,90,False,15,0,0,0,7,0,31,3,18953,1,0,2,1,0.0,3,-2862,1640,4502,40,False,0
Jake O'Brien,DEF,Everton,0.0,0,0,24,1,3,4.8,4,293,0.01,0.01,0.00,0.93,304,0,0,1.7,11.8,2026-03-21T17:30:00Z,90,False,7,0,0,0,3,0,31,0,90483,1,1,0,3,0.0,6,3798,5907,2109,49,True,0
Patrick Bamford,FWD,Leeds,0.0,0,0,0,0,0,0.0,0,363,0.00,0.00,0.00,0.00,306,0,0,0.0,0.0,2026-03-21T20:00:00Z,0,False,5,0,0,0,0,0,31,0,42476,0,0,0,0,0.0,0,-58,0,58,49,True,0
Ezra Mayers,DEF,West Ham,0.0,0,0,0,0,0,0.0,0,747,0.00,0.00,0.00,0.00,301,0,0,0.0,0.0,2026-03-22T14:15:00Z,0,False,2,0,0,0,0,0,31,0,4427,0,0,0,2,0.0,0,-30,34,64,40,False,0
Jay Matete,MID,Sunderland,0.0,0,0,0,0,0,0.0,0,558,0.00,0.00,0.00,0.00,308,0,0,0.0,0.0,2026-03-22T12:00:00Z,0,False,15,0,0,0,0,0,31,0,21094,0,0,2,1,0.0,0,-209,0,209,43,False,0
James Milner,MID,Brighton,0.0,0,0,11,0,6,14.7,10,170,0.01,0.08,0.07,0.92,303,1,0,2.9,9.6,2026-03-21T12:45:00Z,75,False,12,0,0,0,2,0,31,0,14176,1,2,1,2,5.0,2,40,185,145,49,True,0
João Pedro Ferreira da Silva,MID,Nott'm Forest,0.0,0,0,0,0,0,0.0,0,518,0.00,0.00,0.00,0.00,309,0,0,0.0,0.0,2026-03-22T14:15:00Z,0,False,18,0,0,0,0,0,31,0,4853,0,0,3,0,0.0,0,-4,0,4,54,False,0
Darwin Núñez Ribeiro,FWD,Liverpool,0.0,0,0,0,0,0,0.0,0,397,0.00,0.00,0.00,0.00,303,0,0,0.0,0.0,2026-03-21T12:45:00Z,0,False,6,0,0,0,0,0,31,0,7991,0,0,1,2,0.0,0,-5,0,5,65,False,0
Nazarii Rusyn,FWD,Sunderland,0.0,0,0,0,0,0,0.0,0,564,0.00,0.00,0.00,0.00,308,0,0,0.0,0.0,2026-03-22T12:00:00Z,0,False,15,0,0,0,0,0,31,0,10485,0,0,2,1,0.0,0,-16,0,16,44,False,0
Blondy Nna Noukeu,GK,Sunderland,0.0,0,0,0,0,0,0.0,0,530,0.00,0.00,0.00,0.00,308,0,0,0.0,0.0,2026-03-22T12:00:00Z,0,False,15,0,0,0,0,0,31,0,13902,0,0,2,1,0.0,0,-202,0,202,39,False,0
Stefan Bajčetić Maquieira,MID,Liverpool,0.0,0,0,0,0,0,0.0,0,393,0.00,0.00,0.00,0.00,303,0,0,0.0,0.0,2026-03-21T12:45:00Z,0,False,6,0,0,0,0,0,31,0,9055,0,0,1,2,0.0,0,6,868,862,42,False,0
Sean Longstaff,MID,Leeds,0.0,0,0,0,0,0,0.0,0,493,0.00,0.00,0.00,0.00,306,0,0,0.0,0.0,2026-03-21T20:00:00Z,0,False,5,0,0,0,0,0,31,0,29260,0,0,0,0,0.0,0,-227,95,322,48,True,0
Jenson Metcalfe,MID,Everton,0.0,0,0,0,0,0,0.0,0,309,0.00,0.00,0.00,0.00,304,0,0,0.0,0.0,2026-03-21T17:30:00Z,0,False,7,0,0,0,0,0,31,0,87,0,0,0,3,0.0,0,0,0,0,45,True,0
Pascal Struijk,DEF,Leeds,0.0,0,0,24,1,8,15.2,9,343,0.18,0.23,0.05,0.36,306,0,0,3.5,15.8,2026-03-21T20:00:00Z,82,False,5,0,0,0,2,0,31,0,73640,1,1,0,0,4.0,5,5406,6659,1253,43,True,1
Morgan Gibbs-White,MID,Nott'm Forest,0.0,0,0,26,1,3,2.1,5,515,0.01,0.64,0.63,1.14,309,0,1,5.7,38.0,2026-03-22T14:15:00Z,90,False,18,0,0,0,1,0,31,0,752159,1,1,3,0,17.0,8,56458,70064,13606,74,False,0
Joe Gelhardt,MID,Leeds,0.0,0,0,0,0,0,0.0,0,360,0.00,0.00,0.00,0.00,306,0,0,0.0,0.0,2026-03-21T20:00:00Z,0,False,5,0,0,0,0,0,31,0,963,0,0,0,0,0.0,0,-2,0,2,45,True,0
Mohamed Salah,MID,Liverpool,0.0,0,0,0,0,0,0.0,0,381,0.00,0.00,0.00,0.00,303,0,0,0.0,0.0,2026-03-21T12:45:00Z,0,False,6,0,0,0,0,0,31,0,1862092,0,0,1,2,0.0,0,-36542,10188,46730,140,False,0
Calvin Ramsay,DEF,Liverpool,0.0,0,0,0,0,0,0.0,0,380,0.00,0.00,0.00,0.00,303,0,0,0.0,0.0,2026-03-21T12:45:00Z,0,False,6,0,0,0,0,0,31,0,29800,0,0,1,2,0.0,0,-214,94,308,38,False,0
Benjamin Sesko,FWD,Man Utd,0.0,0,0,-1,0,0,3.2,0,681,0.00,0.00,0.00,0.98,302,1,0,0.1,0.0,2026-03-20T20:00:00Z,19,False,4,0,0,0,0,0,31,0,1066697,0,0,2,2,0.0,0,119645,130660,11015,74,False,1
João Pedro Junqueira de Jesus,FWD,Chelsea,0.0,0,0,8,0,0,15.7,1,249,0.14,0.24,0.10,0.90,304,3,0,4.1,2.8,2026-03-21T17:30:00Z,77,False,9,0,0,0,1,0,31,0,6882987,1,0,0,3,22.0,2,225190,257257,32067,78,False,0
Isaac Schmidt,DEF,Leeds,0.0,0,0,0,0,0,0.0,0,349,0.00,0.00,0.00,0.00,306,0,0,0.0,0.0,2026-03-21T20:00:00Z,0,False,5,0,0,0,0,0,31,0,7954,0,0,0,0,0.0,0,-17,0,17,40,True,0
Lutsharel Geertruida,DEF,Sunderland,0.0,0,0,8,0,7,6.0,10,724,0.03,0.03,0.00,1.27,308,1,0,3.1,20.8,2026-03-22T12:00:00Z,90,False,15,0,0,0,4,0,31,0,6846,1,3,2,1,4.0,3,8,239,231,45,False,1
James Hill,DEF,Bournemouth,0.0,0,0,4,0,6,11.5,7,77,0.02,0.02,0.00,1.77,302,2,0,3.0,16.4,2026-03-20T20:00:00Z,90,False,14,1,0,0,9,0,31,0,961038,1,1,2,2,2.0,-1,2488,24645,22157,42,True,0
Alex Tóth,MID,Bournemouth,0.0,0,0,0,0,0,0.0,0,801,0.00,0.00,0.00,0.00,302,0,0,0.0,0.0,2026-03-20T20:00:00Z,0,False,14,0,0,0,0,0,31,0,872,0,0,2,2,0.0,0,-17,11,28,49,True,0
Nicolás Domínguez,MID,Nott'm Forest,0.0,0,0,3,0,0,0.3,0,519,0.00,0.00,0.00,0.00,309,0,0,0.0,0.0,2026-03-22T14:15:00Z,1,False,18,0,0,0,0,0,31,0,4211,0,0,3,0,0.0,1,-41,54,95,50,False,0
Illan Meslier,GK,Leeds,0.0,0,0,0,0,0,0.0,0,339,0.00,0.00,0.00,0.00,306,0,0,0.0,0.0,2026-03-21T20:00:00Z,0,False,5,0,0,0,0,0,31,0,43270,0,0,0,0,0.0,0,-214,202,416,41,True,0
Martin Dúbravka,GK,Burnley,0.0,0,0,5,0,0,0.0,0,470,0.00,0.00,0.00,3.15,305,3,0,2.1,20.8,2026-03-21T15:00:00Z,90,False,10,0,0,0,9,0,31,3,4026574,1,0,1,3,0.0,2,-16272,14812,31084,40,False,0
Yasin Özcan,DEF,Aston Villa,0.0,0,0,0,0,0,0.0,0,46,0.00,0.00,0.00,0.00,301,0,0,0.0,0.0,2026-03-22T14:15:00Z,0,False,19,0,0,0,0,0,31,0,14052,0,0,0,2,0.0,0,-18,0,18,40,True,0
Connor Roberts,DEF,Burnley,0.0,0,0,0,0,0,0.0,0,186,0.00,0.00,0.00,0.00,305,0,0,0.0,0.0,2026-03-21T15:00:00Z,0,False,10,0,0,0,0,0,31,0,3698,0,0,1,3,0.0,0,53,89,36,43,False,0
Murillo Costa dos Santos,DEF,Nott'm Forest,0.0,0,0,29,1,9,1.2,11,506,0.00,0.00,0.00,1.14,309,0,0,2.2,20.8,2026-03-22T14:15:00Z,90,False,18,0,0,0,4,0,31,0,303502,1,2,3,0,0.0,8,16640,18724,2084,52,False,0
Ferdi Kadıoğlu,DEF,Brighton,0.0,0,0,10,0,4,7.8,4,148,0.04,0.06,0.02,1.03,303,1,0,3.1,14.6,2026-03-21T12:45:00Z,90,False,12,0,0,0,2,0,31,0,49005,1,0,1,2,9.0,2,1542,4142,2600,44,True,0
Aji Alese,DEF,Sunderland,0.0,0,0,0,0,0,0.0,0,533,0.00,0.00,0.00,0.00,308,0,0,0.0,0.0,2026-03-22T12:00:00Z,0,False,15,0,0,0,0,0,31,0,443,0,0,2,1,0.0,0,-2,0,2,40,False,0
Harry Gray,FWD,Leeds,0.0,0,0,0,0,0,0.0,0,741,0.00,0.00,0.00,0.00,306,0,0,0.0,0.0,2026-03-21T20:00:00Z,0,False,5,0,0,0,0,0,31,0,10570,0,0,0,0,0.0,0,-133,0,133,45,True,0
Odysseas Vlachodimos,GK,Newcastle,0.0,0,0,0,0,0,0.0,0,472,0.00,0.00,0.00,0.00,308,0,0,0.0,0.0,2026-03-22T12:00:00Z,0,False,17,0,0,0,0,0,31,0,1723,0,0,2,1,0.0,0,-9,0,9,40,True,0
Yunus Emre Konak,MID,Brentford,0.0,0,0,0,0,0,0.0,0,131,0.00,0.00,0.00,0.00,306,0,0,0.0,0.0,2026-03-21T20:00:00Z,0,False,11,0,0,0,0,0,31,0,18358,0,0,0,0,0.0,0,-309,0,309,43,False,0
Kyle Walker-Peters,DEF,West Ham,0.0,0,0,0,0,0,0.0,0,659,0.00,0.00,0.00,0.00,301,0,0,0.0,0.0,2026-03-22T14:15:00Z,0,False,2,0,0,0,0,0,31,0,31279,0,0,0,2,0.0,0,-230,146,376,42,False,0
Gabriel Gudmundsson,DEF,Leeds,0.0,0,0,0,0,0,0.0,0,347,0.00,0.00,0.00,0.00,306,0,0,0.0,0.0,2026-03-21T20:00:00Z,0,False,5,0,0,0,0,0,31,0,392128,0,0,0,0,0.0,0,-61229,1013,62242,38,True,0
Jacob Slater,DEF,Brighton,0.0,0,0,0,0,0,0.0,0,155,0.00,0.00,0.00,0.00,303,0,0,0.0,0.0,2026-03-21T12:45:00Z,0,False,12,0,0,0,0,0,31,0,11277,0,0,1,2,0.0,0,-24,0,24,40,True,0
Joe White,MID,Newcastle,0.0,0,0,0,0,0,0.0,0,498,0.00,0.00,0.00,0.00,308,0,0,0.0,0.0,2026-03-22T12:00:00Z,0,False,17,0,0,0,0,0,31,0,692,0,0,2,1,0.0,0,-1,0,1,45,True,0
Sam Alabi,MID,Newcastle,0.0,0,0,0,0,0,0.0,0,772,0.00,0.00,0.00,0.00,308,0,0,0.0,0.0,2026-03-22T12:00:00Z,0,False,17,0,0,0,0,0,31,0,641,0,0,2,1,0.0,0,-19,23,42,45,True,0
Tyrell Malacia,DEF,Man Utd,0.0,0,0,0,0,0,0.0,0,448,0.00,0.00,0.00,0.00,302,0,0,0.0,0.0,2026-03-20T20:00:00Z,0,False,4,0,0,0,0,0,31,0,47214,0,0,2,2,0.0,0,-534,119,653,38,False,0
Ian Maatsen,DEF,Aston Villa,0.0,0,0,0,0,0,0.0,0,39,0.00,0.00,0.00,0.00,301,0,0,0.0,0.0,2026-03-22T14:15:00Z,0,False,19,0,0,0,0,0,31,0,77297,0,0,0,2,0.0,0,-974,746,1720,42,True,0
Jayden Bogle,DEF,Leeds,0.0,0,0,24,1,4,19.3,5,342,0.08,0.11,0.03,0.46,306,0,0,4.8,16.0,2026-03-21T20:00:00Z,90,False,5,0,0,0,3,0,31,0,31480,1,1,0,0,13.0,5,389,1461,1072,44,True,1
James Maddison,MID,Spurs,0.0,0,0,0,0,0,0.0,0,581,0.00,0.00,0.00,0.00,309,0,0,0.0,0.0,2026-03-22T14:15:00Z,0,False,16,0,0,0,0,0,31,0,15314,0,0,3,0,0.0,0,-28,36,64,68,True,0
Pervis Estupiñán Tenorio,DEF,Brighton,0.0,0,0,0,0,0,0.0,0,147,0.00,0.00,0.00,0.00,303,0,0,0.0,0.0,2026-03-21T12:45:00Z,0,False,12,0,0,0,0,0,31,0,1164,0,0,1,2,0.0,0,-2,0,2,45,True,0
Solly March,MID,Brighton,0.0,0,0,0,0,0,0.0,0,159,0.00,0.00,0.00,0.00,303,0,0,0.0,0.0,2026-03-21T12:45:00Z,0,False,12,0,0,0,0,0,31,0,1707,0,0,1,2,0.0,0,110,213,103,58,True,0
Wes Foderingham,GK,West Ham,0.0,0,0,0,0,0,0.0,0,601,0.00,0.00,0.00,0.00,301,0,0,0.0,0.0,2026-03-22T14:15:00Z,0,False,2,0,0,0,0,0,31,0,29020,0,0,0,2,0.0,0,-174,0,174,40,False,0
Kobbie Mainoo,MID,Man Utd,0.0,0,0,12,0,2,16.7,8,458,0.10,0.10,0.00,1.80,302,2,0,3.1,14.0,2026-03-20T20:00:00Z,90,False,4,0,0,0,5,0,31,0,145132,1,1,2,2,0.0,2,-6106,2757,8863,46,False,0
Ryan Yates,MID,Nott'm Forest,0.0,0,0,8,0,0,0.3,3,522,0.00,0.00,0.00,0.51,309,0,0,0.7,6.2,2026-03-22T14:15:00Z,20,False,18,0,0,0,0,0,31,0,8152,0,3,3,0,0.0,1,-6,51,57,47,False,0
Luka Bentt,MID,Brentford,0.0,0,0,0,0,0,0.0,0,810,0.00,0.00,0.00,0.00,306,0,0,0.0,0.0,2026-03-21T20:00:00Z,0,False,11,0,0,0,0,0,31,0,380,0,0,0,0,0.0,0,14,30,16,45,False,0
Kevin Schade,MID,Brentford,0.0,0,0,4,1,2,4.2,2,120,0.00,0.17,0.17,0.44,306,0,0,0.7,0.0,2026-03-21T20:00:00Z,76,False,11,0,0,0,0,0,31,0,263088,1,0,0,0,4.0,3,4252,15069,10817,69,False,0
Arthur Masuaku,DEF,Sunderland,0.0,0,0,0,0,0,0.0,0,678,0.00,0.00,0.00,0.00,308,0,0,0.0,0.0,2026-03-22T12:00:00Z,0,False,15,0,0,0,0,0,31,0,62130,0,0,2,1,0.0,0,-358,0,358,39,False,0
Filip Marschall,GK,Aston Villa,0.0,0,0,0,0,0,0.0,0,35,0.00,0.00,0.00,0.00,301,0,0,0.0,0.0,2026-03-22T14:15:00Z,0,False,19,0,0,0,0,0,31,0,1060,0,0,0,2,0.0,0,-9,0,9,40,True,0
Keiber Lamadrid,MID,West Ham,0.0,0,0,0,0,0,0.0,0,802,0.00,0.00,0.00,0.00,301,0,0,0.0,0.0,2026-03-22T14:15:00Z,0,False,2,0,0,0,0,0,31,0,559,0,0,0,2,0.0,0,-23,11,34,50,False,0
Joe Gomez,DEF,Liverpool,0.0,0,0,0,0,0,0.0,0,376,0.00,0.00,0.00,0.00,303,0,0,0.0,0.0,2026-03-21T12:45:00Z,0,False,6,0,0,0,0,0,31,0,19574,0,0,1,2,0.0,0,32,299,267,49,False,0
Felipe Rodrigues da Silva,DEF,Nott'm Forest,0.0,0,0,0,0,0,0.0,0,511,0.00,0.00,0.00,0.00,309,0,0,0.0,0.0,2026-03-22T14:15:00Z,0,False,18,0,0,0,0,0,31,0,10943,0,0,3,0,0.0,0,-57,66,123,43,False,0
Mohammed Kudus,MID,Spurs,0.0,0,0,0,0,0,0.0,0,582,0.00,0.00,0.00,0.00,309,0,0,0.0,0.0,2026-03-22T14:15:00Z,0,False,16,0,0,0,0,0,31,0,1218066,0,0,3,0,0.0,0,-3707,35,3742,64,True,0
Richarlison de Andrade,FWD,Spurs,0.0,0,0,0,0,0,3.8,1,597,0.00,0.12,0.12,0.99,309,2,0,1.3,0.0,2026-03-22T14:15:00Z,66,False,16,0,0,0,1,0,31,0,821346,1,0,3,0,13.0,2,43095,45732,2637,63,True,0
Michael Kayode,DEF,Brentford,0.0,0,0,17,1,5,10.5,5,110,0.06,0.06,0.00,0.52,306,0,0,2.5,10.0,2026-03-21T20:00:00Z,90,False,11,0,0,0,5,0,31,0,163892,1,0,0,0,4.0,6,26803,28489,1686,45,False,0
Granit Xhaka,MID,Sunderland,0.0,0,0,12,0,6,16.2,12,668,0.03,0.09,0.06,1.27,308,1,0,3.3,13.8,2026-03-22T12:00:00Z,90,False,15,0,0,0,5,0,31,0,420294,1,1,2,1,3.0,4,-6239,2037,8276,51,False,0
Christos Mandas,GK,Bournemouth,0.0,0,0,0,0,0,0.0,0,806,0.00,0.00,0.00,0.00,302,0,0,0.0,0.0,2026-03-20T20:00:00Z,0,False,14,0,0,0,0,0,31,0,1015,0,0,2,2,0.0,0,-19,28,47,40,True,0
Mikkel Damsgaard,MID,Brentford,0.0,0,0,0,0,0,0.0,0,121,0.00,0.00,0.00,0.00,306,0,0,0.0,0.0,2026-03-21T20:00:00Z,0,False,11,0,0,0,0,0,31,0,132861,0,0,0,0,0.0,0,4283,13047,8764,56,False,0
Mathias Jensen,MID,Brentford,0.0,0,0,12,1,7,5.9,12,126,0.07,0.16,0.09,0.52,306,0,0,3.2,18.2,2026-03-21T20:00:00Z,90,False,11,0,0,0,4,0,31,0,12730,1,1,0,0,8.0,5,80,457,377,49,False,0
Joël Veltman,DEF,Brighton,0.0,0,0,3,0,0,0.0,0,152,0.00,0.00,0.00,0.00,303,0,0,0.0,0.0,2026-03-21T12:45:00Z,1,False,12,0,0,0,0,0,31,0,17292,0,0,1,2,0.0,1,-251,120,371,43,True,0
Joachim Andersen,DEF,Fulham,0.0,0,0,15,0,10,1.7,10,317,0.02,0.02,0.00,1.24,305,1,0,2.7,24.8,2026-03-21T15:00:00Z,90,False,3,0,0,0,7,0,31,0,1306971,1,0,1,3,0.0,4,271644,275472,3828,46,True,0
James Garner,MID,Everton,0.0,1,0,30,1,2,18.3,10,303,0.25,0.41,0.16,0.93,304,0,0,5.6,33.2,2026-03-21T17:30:00Z,90,False,7,0,0,0,4,0,31,0,523482,1,4,0,3,4.0,6,15077,31980,16903,52,True,0
Joshua Zirkzee,FWD,Man Utd,0.0,0,0,0,0,0,0.0,0,466,0.00,0.00,0.00,0.00,302,0,0,0.0,0.0,2026-03-20T20:00:00Z,0,False,4,0,0,0,0,0,31,0,53484,0,0,2,2,0.0,0,-236,290,526,58,False,0
Jayden Meghoma,DEF,Brentford,0.0,0,0,0,0,0,0.0,0,118,0.00,0.00,0.00,0.00,306,0,0,0.0,0.0,2026-03-21T20:00:00Z,0,False,11,0,0,0,0,0,31,0,5263,0,0,0,0,0.0,0,-10,0,10,40,False,0
Conor Bradley,DEF,Liverpool,0.0,0,0,0,0,0,0.0,0,375,0.00,0.00,0.00,0.00,303,0,0,0.0,0.0,2026-03-21T12:45:00Z,0,False,6,0,0,0,0,0,31,0,19075,0,0,1,2,0.0,0,-78,20,98,49,False,0
Igor Thiago Nascimento Rodrigues,FWD,Brentford,0.0,0,0,12,1,6,27.5,15,136,0.03,0.08,0.05,0.52,306,0,0,6.1,26.2,2026-03-21T20:00:00Z,90,False,11,0,0,0,6,0,31,0,4988770,1,3,0,0,7.0,4,189262,217967,28705,73,False,0
Florian Wirtz,MID,Liverpool,0.0,0,0,18,0,1,30.6,10,382,0.06,0.09,0.03,2.17,303,2,0,6.6,16.8,2026-03-21T12:45:00Z,90,False,6,0,0,0,7,0,31,0,1263240,1,2,1,2,19.0,2,17119,32871,15752,83,False,0
Harry Amass,DEF,Man Utd,0.0,0,0,0,0,0,0.0,0,445,0.00,0.00,0.00,0.00,302,0,0,0.0,0.0,2026-03-20T20:00:00Z,0,False,4,0,0,0,0,0,31,0,8666,0,0,2,2,0.0,0,-20,0,20,40,False,0
Anthony Elanga,MID,Newcastle,0.0,0,0,7,0,0,1.9,2,486,0.00,0.09,0.09,1.05,308,1,0,0.7,0.0,2026-03-22T12:00:00Z,64,False,17,0,0,0,1,0,31,0,358435,1,1,2,1,8.0,2,8950,10370,1420,65,True,0
Saša Lukić,MID,Fulham,0.0,0,0,0,0,0,0.0,0,332,0.00,0.00,0.00,0.00,305,0,0,0.0,0.0,2026-03-21T15:00:00Z,0,False,3,0,0,0,0,0,31,0,7170,0,0,1,3,0.0,0,15,52,37,49,True,0
Stefan Ortega Moreno,GK,Nott'm Forest,0.0,0,0,0,0,0,0.0,0,400,0.00,0.00,0.00,0.00,309,0,0,0.0,0.0,2026-03-22T14:15:00Z,0,False,18,0,0,0,0,0,31,0,23746,0,0,3,0,0.0,0,-217,196,413,47,False,0
Chris Mepham,DEF,Bournemouth,0.0,0,0,0,0,0,0.0,0,79,0.00,0.00,0.00,0.00,302,0,0,0.0,0.0,2026-03-20T20:00:00Z,0,False,14,0,0,0,0,0,31,0,8624,0,0,2,2,0.0,0,-18,0,18,40,True,0
Joe Willock,MID,Newcastle,0.0,0,0,7,0,2,21.0,6,494,0.01,0.01,0.00,1.40,308,1,0,3.3,9.8,2026-03-22T12:00:00Z,25,False,17,0,0,0,3,0,31,0,12032,0,1,2,1,2.0,1,531,698,167,50,True,0
Elliot Anderson,MID,Nott'm Forest,0.0,0,0,17,1,1,37.3,16,517,0.12,0.12,0.00,1.14,309,0,0,6.4,24.8,2026-03-22T14:15:00Z,90,False,18,0,0,0,9,0,31,0,1058931,1,6,3,0,2.0,5,30247,54463,24216,55,False,0
Jack Hinshelwood,MID,Brighton,0.0,1,0,16,0,0,12.0,2,163,0.78,0.82,0.04,0.99,303,1,0,3.1,9.8,2026-03-21T12:45:00Z,82,False,12,0,0,0,2,0,31,0,6983,1,0,1,2,9.0,5,102,498,396,51,True,0
David Brooks,MID,Bournemouth,0.0,0,0,3,0,0,3.2,0,86,0.01,0.07,0.06,0.02,302,0,0,0.6,0.4,2026-03-20T20:00:00Z,17,False,14,0,0,0,0,0,31,0,22443,0,0,2,2,2.0,1,-126,184,310,50,True,0
Kevin Santos Lopes de Macedo,MID,Fulham,0.0,0,0,0,0,0,0.0,0,731,0.00,0.00,0.00,0.00,305,0,0,0.0,0.0,2026-03-21T15:00:00Z,0,False,3,0,0,0,0,0,31,0,6879,0,0,1,3,0.0,0,-195,17,212,58,True,0
Nikola Milenković,DEF,Nott'm Forest,0.0,0,1,32,1,14,0.4,15,505,0.02,0.02,0.00,1.14,309,0,0,3.5,35.0,2026-03-22T14:15:00Z,90,False,18,0,0,0,4,0,31,0,428915,1,1,3,0,0.0,9,5844,8303,2459,51,False,0
Julio Soler Barreto,DEF,Bournemouth,0.0,0,0,0,0,0,0.0,0,80,0.00,0.00,0.00,0.00,302,0,0,0.0,0.0,2026-03-20T20:00:00Z,0,False,14,0,0,0,0,0,31,0,24531,0,0,2,2,0.0,0,-186,18,204,40,True,0
Pascal Groß,MID,Brighton,0.0,0,0,10,0,2,31.4,6,783,0.26,0.26,0.00,1.03,303,1,0,4.9,17.2,2026-03-21T12:45:00Z,90,False,12,0,0,0,3,0,31,0,14100,1,1,1,2,0.0,2,1744,2957,1213,55,True,0
Mamadou Sarr,DEF,Chelsea,0.0,0,0,0,0,0,0.0,0,231,0.00,0.00,0.00,0.00,304,0,0,0.0,0.0,2026-03-21T17:30:00Z,0,False,9,0,0,0,0,0,31,0,3553,0,0,0,3,0.0,0,86,310,224,45,False,0
Lukas Nmecha,FWD,Leeds,0.0,0,0,11,1,0,13.8,4,365,0.01,0.04,0.03,0.36,306,0,0,3.5,8.4,2026-03-21T20:00:00Z,68,False,5,0,0,0,2,0,31,0,75296,1,2,0,0,13.0,2,-732,1281,2013,50,True,0
Loum Tchaouna,MID,Burnley,0.0,0,0,5,0,0,0.5,0,210,0.00,0.10,0.10,1.25,305,1,0,2.1,3.0,2026-03-21T15:00:00Z,3,False,10,0,0,0,0,0,31,0,4401,0,0,1,3,17.0,1,-18,21,39,49,False,0
Ollie Watkins,FWD,Aston Villa,0.0,0,3,38,1,1,17.5,4,64,0.04,0.65,0.61,0.89,301,0,1,12.3,42.4,2026-03-22T14:15:00Z,86,False,19,0,0,0,2,0,31,0,1184275,1,1,0,2,63.0,9,50411,65734,15323,85,True,0
James Ward-Prowse,MID,Burnley,0.0,0,0,8,0,3,3.6,7,614,0.01,0.01,0.00,1.85,305,2,0,0.7,3.6,2026-03-21T15:00:00Z,77,False,10,0,0,0,4,0,31,0,23997,1,0,1,3,0.0,1,396,648,252,56,False,1
Jarrod Bowen,FWD,West Ham,0.0,0,0,9,0,3,19.9,7,624,0.16,0.29,0.13,1.68,301,2,0,4.4,15.0,2026-03-22T14:15:00Z,90,False,2,0,0,0,3,0,31,0,1252737,1,1,0,2,9.0,2,125090,136509,11419,75,False,0
Alan Browne,MID,Sunderland,0.0,0,0,0,0,0,0.0,0,555,0.00,0.00,0.00,0.00,308,0,0,0.0,0.0,2026-03-22T12:00:00Z,0,False,15,0,0,0,0,0,31,0,3807,0,0,2,1,0.0,0,-11,0,11,45,False,0
Jaka Bijol,DEF,Leeds,0.0,0,3,33,1,14,11.3,16,344,0.06,0.06,0.00,0.46,306,0,0,5.5,35.8,2026-03-21T20:00:00Z,90,False,5,0,0,0,3,0,31,0,48536,1,2,0,0,8.0,11,516,1335,819,39,True,0
Alex Scott,MID,Bournemouth,0.0,0,0,18,0,4,28.3,11,90,0.05,0.10,0.05,1.77,302,2,0,5.4,19.2,2026-03-20T20:00:00Z,90,False,14,0,0,0,6,0,31,0,139834,1,1,2,2,6.0,2,-7464,2098,9562,51,True,0
Lewis O'Brien,MID,Nott'm Forest,0.0,0,0,0,0,0,0.0,0,520,0.00,0.00,0.00,0.00,309,0,0,0.0,0.0,2026-03-22T14:15:00Z,0,False,18,0,0,0,0,0,31,0,102,0,0,3,0,0.0,0,0,0,0,50,False,0
Patrick Roberts,MID,Sunderland,0.0,0,0,0,0,0,0.0,0,545,0.00,0.00,0.00,0.00,308,0,0,0.0,0.0,2026-03-22T12:00:00Z,0,False,15,0,0,0,0,0,31,0,1564,0,0,2,1,0.0,0,-1,0,1,54,False,0
Álex Moreno Lopera,DEF,Aston Villa,0.0,0,0,0,0,0,0.0,0,43,0.00,0.00,0.00,0.00,301,0,0,0.0,0.0,2026-03-22T14:15:00Z,0,False,19,0,0,0,0,0,31,0,205050,0,0,0,2,0.0,0,-630,0,630,40,True,0
Eric da Silva Moreira,MID,Nott'm Forest,0.0,0,0,0,0,0,0.0,0,523,0.00,0.00,0.00,0.00,309,0,0,0.0,0.0,2026-03-22T14:15:00Z,0,False,18,0,0,0,0,0,31,0,7332,0,0,3,0,0.0,0,-17,33,50,45,False,0
Leny Yoro,DEF,Man Utd,0.0,0,0,0,0,6,0.0,7,444,0.00,0.20,0.20,1.80,302,2,0,1.5,5.8,2026-03-20T20:00:00Z,90,False,4,0,0,0,2,0,31,0,169532,1,1,2,2,9.0,1,3166,4608,1442,41,False,0
Shurandy Sambo,DEF,Burnley,0.0,0,0,0,0,0,0.0,0,196,0.00,0.00,0.00,0.00,305,0,0,0.0,0.0,2026-03-21T15:00:00Z,0,False,10,0,0,0,0,0,31,0,4970,0,0,1,3,0.0,0,-11,0,11,40,False,0
Diego Gómez Amarilla,MID,Brighton,0.0,1,0,20,0,3,13.6,14,169,0.26,0.61,0.35,1.03,303,1,0,5.5,24.2,2026-03-21T12:45:00Z,90,False,12,0,0,0,8,0,31,0,53480,1,3,1,2,17.0,6,5784,10479,4695,49,True,1
Lucá Williams-Barnett,MID,Spurs,0.0,0,0,0,0,0,0.0,0,790,0.00,0.00,0.00,0.00,309,0,0,0.0,0.0,2026-03-22T14:15:00Z,0,False,16,0,0,0,0,0,31,0,804,0,0,3,0,0.0,0,-6,27,33,45,True,0
Neco Williams,DEF,Nott'm Forest,0.0,2,3,46,1,5,30.5,6,508,0.39,0.47,0.08,1.14,309,0,0,11.0,51.6,2026-03-22T14:15:00Z,90,False,18,0,0,0,2,0,31,0,380809,1,1,3,0,28.0,15,4702,7148,2446,47,False,0
David Mota Veiga Teixeira do Carmo,DEF,Nott'm Forest,0.0,0,0,0,0,0,0.0,0,509,0.00,0.00,0.00,0.00,309,0,0,0.0,0.0,2026-03-22T14:15:00Z,0,False,18,0,0,0,0,0,31,0,2635,0,0,3,0,0.0,0,-3,0,3,45,False,0
Harrison Armstrong,MID,Everton,0.0,0,0,0,0,0,0.0,0,305,0.00,0.00,0.00,0.00,304,0,0,0.0,0.0,2026-03-21T17:30:00Z,0,False,7,0,0,0,0,0,31,0,10803,0,0,0,3,0.0,0,-304,144,448,45,True,0
Lucas Pires Silva,DEF,Burnley,0.0,0,0,0,0,0,0.0,0,195,0.00,0.00,0.00,0.00,305,0,0,0.0,0.0,2026-03-21T15:00:00Z,0,False,10,0,0,0,0,0,31,0,36731,0,0,1,3,0.0,0,-755,329,1084,38,False,0
Anthony Patterson,GK,Sunderland,0.0,0,0,0,0,0,0.0,0,528,0.00,0.00,0.00,0.00,308,0,0,0.0,0.0,2026-03-22T12:00:00Z,0,False,15,0,0,0,0,0,31,0,19860,0,0,2,1,0.0,0,-220,0,220,42,False,0
Wilson Isidor,FWD,Sunderland,0.0,0,0,0,0,0,0.0,0,560,0.00,0.00,0.00,0.00,308,0,0,0.0,0.0,2026-03-22T12:00:00Z,0,False,15,0,0,0,0,0,31,0,169972,0,0,2,1,0.0,0,-3653,731,4384,51,False,0
Jack Harrison,MID,Leeds,0.0,0,0,0,0,0,0.0,0,352,0.00,0.00,0.00,0.00,306,0,0,0.0,0.0,2026-03-21T20:00:00Z,0,False,5,0,0,0,0,0,31,0,5974,0,0,0,0,0.0,0,-19,0,19,51,True,0
Kieran Morrison,MID,Liverpool,0.0,0,0,0,0,0,0.0,0,746,0.00,0.00,0.00,0.00,303,0,0,0.0,0.0,2026-03-21T12:45:00Z,0,False,6,0,0,0,0,0,31,0,1208,0,0,1,2,0.0,0,-3,13,16,45,False,0
Dango Ouattara,MID,Brentford,0.0,0,0,5,0,1,1.3,4,83,0.00,0.00,0.00,0.08,306,0,0,0.3,2.0,2026-03-21T20:00:00Z,13,False,11,0,0,0,3,0,31,0,534834,0,0,0,0,0.0,1,31492,41813,10321,60,False,0
Mathys Tel,MID,Spurs,0.0,0,0,16,0,0,26.8,6,584,0.13,0.29,0.16,0.99,309,2,0,6.3,16.0,2026-03-22T14:15:00Z,66,False,16,0,0,0,3,0,31,0,20344,1,3,3,0,20.0,2,1255,1547,292,62,True,0
Charlie Crew,MID,Leeds,0.0,0,0,0,0,0,0.0,0,359,0.00,0.00,0.00,0.00,306,0,0,0.0,0.0,2026-03-21T20:00:00Z,0,False,5,0,0,0,0,0,31,0,423,0,0,0,0,0.0,0,0,0,0,45,True,0
Ryan Trevitt,MID,Brentford,0.0,0,0,0,0,0,0.0,0,134,0.00,0.00,0.00,0.00,306,0,0,0.0,0.0,2026-03-21T20:00:00Z,0,False,11,0,0,0,0,0,31,0,481,0,0,0,0,0.0,0,-1,0,1,45,False,0
Sandro Tonali,MID,Newcastle,0.0,0,0,0,0,0,0.0,0,491,0.00,0.00,0.00,0.00,308,0,0,0.0,0.0,2026-03-22T12:00:00Z,0,False,17,0,0,0,0,0,31,0,140934,0,0,2,1,0.0,0,-2364,3046,5410,53,True,0
Ben Broggio,MID,Aston Villa,0.0,0,0,0,0,0,0.0,0,60,0.00,0.00,0.00,0.00,301,0,0,0.0,0.0,2026-03-22T14:15:00Z,0,False,19,0,0,0,0,0,31,0,32406,0,0,0,2,0.0,0,-224,0,224,44,True,0
Josh Dasilva,MID,Brentford,0.0,0,0,0,0,0,0.0,0,748,0.00,0.00,0.00,0.00,306,0,0,0.0,0.0,2026-03-21T20:00:00Z,0,False,11,0,0,0,0,0,31,0,199,0,0,0,0,0.0,0,2,8,6,49,False,0
Niclas Füllkrug,FWD,West Ham,0.0,0,0,0,0,0,0.0,0,625,0.00,0.00,0.00,0.00,301,0,0,0.0,0.0,2026-03-22T14:15:00Z,0,False,2,0,0,0,0,0,31,0,74141,0,0,0,2,0.0,0,-122,0,122,56,False,0
Sam Chambers,MID,Leeds,0.0,0,0,0,0,0,0.0,0,787,0.00,0.00,0.00,0.00,306,0,0,0.0,0.0,2026-03-21T20:00:00Z,0,False,5,0,0,0,0,0,31,0,1438,0,0,0,0,0.0,0,-29,82,111,44,True,0
Donyell Malen,MID,Aston Villa,0.0,0,0,0,0,0,0.0,0,53,0.00,0.00,0.00,0.00,301,0,0,0.0,0.0,2026-03-22T14:15:00Z,0,False,19,0,0,0,0,0,31,0,51842,0,0,0,2,0.0,0,-275,0,275,51,True,0
Bafodé Diakité,DEF,Bournemouth,0.0,0,0,0,0,0,0.0,0,685,0.00,0.00,0.00,0.00,302,0,0,0.0,0.0,2026-03-20T20:00:00Z,0,False,14,0,0,0,0,0,31,0,35740,0,0,2,2,0.0,0,-435,112,547,42,True,0
Leander Dendoncker,MID,Aston Villa,0.0,0,0,0,0,0,0.0,0,61,0.00,0.00,0.00,0.00,301,0,0,0.0,0.0,2026-03-22T14:15:00Z,0,False,19,0,0,0,0,0,31,0,9005,0,0,0,2,0.0,0,-22,0,22,45,True,0
Robin Roefs,GK,Sunderland,0.0,0,0,0,0,0,0.0,0,670,0.00,0.00,0.00,0.00,308,0,0,0.0,0.0,2026-03-22T12:00:00Z,0,False,15,0,0,0,0,0,31,0,952754,0,0,2,1,0.0,0,-81389,499,81888,48,False,0
Tymur Tutierov,MID,Sunderland,0.0,0,0,0,0,0,0.0,0,775,0.00,0.00,0.00,0.00,308,0,0,0.0,0.0,2026-03-22T12:00:00Z,0,False,15,0,0,0,0,0,31,0,86,0,0,2,1,0.0,0,-1,0,1,45,False,0
Lesley Ugochukwu,MID,Burnley,0.0,0,0,6,0,1,1.8,3,676,0.02,0.02,0.00,3.10,305,3,0,1.1,7.2,2026-03-21T15:00:00Z,72,False,10,0,0,0,2,0,31,0,14029,0,0,1,3,2.0,2,-374,369,743,50,False,0
Kaelan Casey,DEF,West Ham,0.0,0,0,0,0,0,0.0,0,611,0.00,0.00,0.00,0.00,301,0,0,0.0,0.0,2026-03-22T14:15:00Z,0,False,2,0,0,0,0,0,31,0,8042,0,0,0,2,0.0,0,-31,0,31,40,False,0
Hamed Traorè,MID,Bournemouth,0.0,0,0,0,0,0,0.0,0,93,0.00,0.00,0.00,0.00,302,0,0,0.0,0.0,2026-03-20T20:00:00Z,0,False,14,0,0,0,0,0,31,0,35150,0,0,2,2,0.0,0,-89,0,89,45,True,0
Jack Fletcher,MID,Man Utd,0.0,0,0,0,0,0,0.0,0,462,0.00,0.00,0.00,0.00,302,0,0,0.0,0.0,2026-03-20T20:00:00Z,0,False,4,0,0,0,0,0,31,0,10127,0,0,2,2,0.0,0,-316,41,357,43,False,0
Nectarios Triantis,MID,Sunderland,0.0,0,0,0,0,0,0.0,0,559,0.00,0.00,0.00,0.00,308,0,0,0.0,0.0,2026-03-22T12:00:00Z,0,False,15,0,0,0,0,0,31,0,3839,0,0,2,1,0.0,0,-4,0,4,44,False,0
Romelle Donovan,MID,Brentford,0.0,0,0,0,0,0,0.0,0,130,0.00,0.00,0.00,0.00,306,0,0,0.0,0.0,2026-03-21T20:00:00Z,0,False,11,0,0,0,0,0,31,0,13618,0,0,0,0,0.0,0,-190,85,275,44,False,0
Maxim De Cuyper,DEF,Brighton,0.0,0,0,0,0,0,0.0,0,145,0.00,0.00,0.00,0.00,303,0,0,0.0,0.0,2026-03-21T12:45:00Z,0,False,12,0,0,0,0,0,31,0,210835,0,0,1,2,0.0,0,-3959,390,4349,43,True,0
Joël Piroe,FWD,Leeds,0.0,0,0,0,0,0,0.0,0,362,0.00,0.00,0.00,0.00,306,0,0,0.0,0.0,2026-03-21T20:00:00Z,0,False,5,0,0,0,0,0,31,0,44277,0,0,0,0,0.0,0,-101,173,274,49,True,0
Marco Bizot,GK,Aston Villa,0.0,0,0,0,0,0,0.0,0,33,0.00,0.00,0.00,0.00,301,0,0,0.0,0.0,2026-03-22T14:15:00Z,0,False,19,0,0,0,0,0,31,0,48708,0,0,0,2,0.0,0,-272,140,412,42,True,0
Xavi Simons,MID,Spurs,0.0,0,0,10,0,0,4.0,3,717,0.02,0.02,0.00,0.49,309,1,0,0.9,5.4,2026-03-22T14:15:00Z,23,False,16,0,0,0,1,0,31,0,174203,0,2,3,0,0.0,1,11446,13688,2242,65,True,0
Maxwel Cornet,MID,West Ham,0.0,0,0,0,0,0,0.0,0,617,0.00,0.00,0.00,0.00,301,0,0,0.0,0.0,2026-03-22T14:15:00Z,0,False,2,0,0,0,0,0,31,0,1913,0,0,0,2,0.0,0,-1,0,1,49,False,0
Antonee Robinson,DEF,Fulham,0.0,0,0,5,0,2,5.4,7,316,0.01,0.01,0.00,0.85,305,1,0,2.5,11.8,2026-03-21T15:00:00Z,60,False,3,0,0,0,3,0,31,0,182984,1,5,1,3,8.0,1,28333,29477,1144,49,True,1
Estêvão Almeida de Oliveira Gonçalves,MID,Chelsea,0.0,0,0,3,0,1,1.8,3,238,0.01,0.01,0.00,0.37,304,1,0,1.4,6.2,2026-03-21T17:30:00Z,20,False,9,0,0,0,1,0,31,0,225658,0,1,0,3,6.0,1,-1944,1099,3043,64,False,0
Tom Watson,MID,Brighton,0.0,0,0,0,0,0,0.0,0,172,0.00,0.00,0.00,0.00,303,0,0,0.0,0.0,2026-03-21T12:45:00Z,0,False,12,0,0,0,0,0,31,0,3728,0,0,1,2,0.0,0,-24,0,24,48,True,0
Lucas Estella Perri,GK,Leeds,0.0,0,0,0,0,0,0.0,0,665,0.00,0.00,0.00,0.00,306,0,0,0.0,0.0,2026-03-21T20:00:00Z,0,False,5,0,0,0,0,0,31,0,31989,0,0,0,0,0.0,0,109,768,659,44,True,0
Timothée Pembélé,DEF,Sunderland,0.0,0,0,0,0,0,0.0,0,540,0.00,0.00,0.00,0.00,308,0,0,0.0,0.0,2026-03-22T12:00:00Z,0,False,15,0,0,0,0,0,31,0,36118,0,0,2,1,0.0,0,-248,0,248,39,False,0
Roméo Lavia,MID,Chelsea,0.0,0,0,8,0,1,5.8,8,244,0.02,0.16,0.14,0.70,304,1,0,2.1,6.6,2026-03-21T17:30:00Z,56,False,9,0,0,0,5,0,31,0,2281,1,2,0,3,9.0,1,8,50,42,49,False,0
Jan Paul van Hecke,DEF,Brighton,0.0,0,0,18,0,9,4.9,10,151,0.02,0.07,0.05,1.03,303,1,0,3.9,27.2,2026-03-21T12:45:00Z,90,False,12,0,0,0,2,0,31,0,668701,1,1,1,2,7.0,4,71088,83832,12744,44,True,0
Mike Penders,GK,Chelsea,0.0,0,0,0,0,0,0.0,0,222,0.00,0.00,0.00,0.00,304,0,0,0.0,0.0,2026-03-21T17:30:00Z,0,False,9,0,0,0,0,0,31,0,355,0,0,0,3,0.0,0,-2,0,2,40,False,0
Rio Kyerematen,MID,Spurs,0.0,0,0,0,0,0,0.0,0,811,0.00,0.00,0.00,0.00,309,0,0,0.0,0.0,2026-03-22T14:15:00Z,0,False,16,0,0,0,0,0,31,0,409,0,0,3,0,0.0,0,-6,13,19,45,True,0
Oleksandr Zinchenko,DEF,Nott'm Forest,0.0,0,0,0,0,0,0.0,0,12,0.00,0.00,0.00,0.00,309,0,0,0.0,0.0,2026-03-22T14:15:00Z,0,False,18,0,0,0,0,0,31,0,27184,0,0,3,0,0.0,0,-87,0,87,49,False,0
Harvey Barnes,MID,Newcastle,0.0,0,0,5,0,2,12.4,5,487,0.01,0.05,0.04,1.34,308,1,0,2.2,5.0,2026-03-22T12:00:00Z,75,False,17,0,0,0,3,0,31,0,168652,1,0,2,1,5.0,2,10871,15400,4529,61,True,0
Chido Obi,FWD,Man Utd,0.0,0,0,0,0,0,0.0,0,467,0.00,0.00,0.00,0.00,302,0,0,0.0,0.0,2026-03-20T20:00:00Z,0,False,4,0,0,0,0,0,31,0,186956,0,0,2,2,0.0,0,-4079,257,4336,42,False,0
Marc Guiu Paz,FWD,Chelsea,0.0,0,0,0,0,0,0.0,0,252,0.00,0.00,0.00,0.00,304,0,0,0.0,0.0,2026-03-21T17:30:00Z,0,False,9,0,0,0,0,0,31,0,682328,0,0,0,3,0.0,0,-21209,3763,24972,41,False,0
Aaron Ramsey,MID,Burnley,0.0,0,0,0,0,0,0.0,0,211,0.00,0.00,0.00,0.00,305,0,0,0.0,0.0,2026-03-21T15:00:00Z,0,False,10,0,0,0,0,0,31,0,183741,0,0,1,3,0.0,0,-526,0,526,44,False,0
John McGinn,MID,Aston Villa,0.0,0,2,35,1,0,23.3,1,54,0.04,0.08,0.04,0.59,301,0,1,7.1,38.6,2026-03-22T14:15:00Z,66,False,19,0,0,0,1,0,31,0,67878,1,0,0,2,9.0,10,2845,3302,457,53,True,0
Hannes Delcroix,DEF,Burnley,0.0,0,0,0,0,0,0.0,0,188,0.00,0.00,0.00,0.00,305,0,0,0.0,0.0,2026-03-21T15:00:00Z,0,False,10,0,0,0,0,0,31,0,26143,0,0,1,3,0.0,0,-357,0,357,38,False,0
Jonah Kusi-Asare,FWD,Fulham,0.0,0,0,0,0,0,0.0,0,737,0.00,0.00,0.00,0.00,305,0,0,0.0,0.0,2026-03-21T15:00:00Z,0,False,3,0,0,0,0,0,31,0,12833,0,0,1,3,0.0,0,-149,173,322,45,True,0
Tom Heaton,GK,Man Utd,0.0,0,0,0,0,0,0.0,0,434,0.00,0.00,0.00,0.00,302,0,0,0.0,0.0,2026-03-20T20:00:00Z,0,False,4,0,0,0,0,0,31,0,46962,0,0,2,2,0.0,0,1377,2073,696,38,False,0
Wilson Odobert,MID,Spurs,0.0,0,0,0,0,0,0.0,0,588,0.00,0.00,0.00,0.00,309,0,0,0.0,0.0,2026-03-22T14:15:00Z,0,False,16,0,0,0,0,0,31,0,5586,0,0,3,0,0.0,0,-118,6,124,53,True,0
Omari Hutchinson,MID,Nott'm Forest,0.0,0,0,14,1,0,2.3,6,693,0.01,0.15,0.14,0.87,309,0,0,2.8,6.2,2026-03-22T14:15:00Z,79,False,18,0,0,0,6,0,31,0,9495,1,0,3,0,19.0,3,-155,106,261,54,False,0
Alex Murphy,DEF,Newcastle,0.0,0,0,0,0,0,0.0,0,481,0.00,0.00,0.00,0.00,308,0,0,0.0,0.0,2026-03-22T12:00:00Z,0,False,17,0,0,0,0,0,31,0,89236,0,0,2,1,0.0,0,-666,494,1160,38,True,0
Hannibal Mejbri,MID,Burnley,0.0,0,0,1,0,0,0.6,1,207,0.00,0.00,0.00,0.05,305,0,0,0.0,0.0,2026-03-21T15:00:00Z,17,False,10,0,0,0,1,0,31,0,23386,1,0,1,3,0.0,1,-741,763,1504,47,False,0
Jacob Bruun Larsen,MID,Burnley,0.0,0,0,0,0,0,0.0,0,202,0.00,0.00,0.00,0.00,305,0,0,0.0,0.0,2026-03-21T15:00:00Z,0,False,10,0,0,0,0,0,31,0,4640,0,0,1,3,0.0,0,-33,58,91,53,False,0
Dennis Cirkin,DEF,Sunderland,0.0,0,0,0,0,0,0.0,0,535,0.00,0.00,0.00,0.00,308,0,0,0.0,0.0,2026-03-22T12:00:00Z,0,False,15,0,0,0,0,0,31,0,5943,0,0,2,1,0.0,0,-59,64,123,40,False,0
Radu Drăgușin,DEF,Spurs,0.0,0,0,0,0,0,0.0,0,572,0.00,0.00,0.00,0.00,309,0,0,0.0,0.0,2026-03-22T14:15:00Z,0,False,16,0,0,0,0,0,31,0,4422,0,0,3,0,0.0,0,353,453,100,45,True,0
Noah Okafor,MID,Leeds,0.0,0,0,4,0,0,0.3,0,698,0.00,0.02,0.02,0.10,306,0,0,1.0,3.0,2026-03-21T20:00:00Z,21,False,5,0,0,0,0,0,31,0,10825,0,0,0,0,7.0,1,25,251,226,55,True,0
Jayce Fitzgerald,MID,Man Utd,0.0,0,0,0,0,0,0.0,0,461,0.00,0.00,0.00,0.00,302,0,0,0.0,0.0,2026-03-20T20:00:00Z,0,False,4,0,0,0,0,0,31,0,5602,0,0,2,2,0.0,0,-39,33,72,43,False,0
Nayef Aguerd,DEF,West Ham,0.0,0,0,0,0,0,0.0,0,607,0.00,0.00,0.00,0.00,301,0,0,0.0,0.0,2026-03-22T14:15:00Z,0,False,2,0,0,0,0,0,31,0,5342,0,0,0,2,0.0,0,-6,0,6,44,False,0
Danny Welbeck,FWD,Brighton,0.0,0,3,65,0,1,26.1,4,178,0.13,1.20,1.07,0.99,303,1,2,17.2,70.6,2026-03-21T12:45:00Z,82,False,12,0,0,0,3,0,31,0,518235,1,0,1,2,75.0,12,4864,21373,16509,61,True,1
Tom King,GK,Everton,0.0,0,0,0,0,0,0.0,0,630,0.00,0.00,0.00,0.00,304,0,0,0.0,0.0,2026-03-21T17:30:00Z,0,False,7,0,0,0,0,0,31,0,161219,0,0,0,3,0.0,0,-1371,284,1655,39,True,0
Maxime Estève,DEF,Burnley,0.0,0,0,4,0,9,0.1,10,191,0.00,0.00,0.00,3.15,305,3,0,2.4,23.6,2026-03-21T15:00:00Z,90,False,10,0,0,0,3,0,31,0,979299,1,1,1,3,0.0,3,-7588,5626,13214,39,False,0
Rodrigo Muniz Carvalho,FWD,Fulham,0.0,0,0,4,0,7,10.5,8,338,0.01,0.60,0.59,1.12,305,1,0,3.3,6.6,2026-03-21T15:00:00Z,81,False,3,0,0,0,1,0,31,0,93481,1,0,1,3,16.0,2,414,979,565,53,True,0
Sven Botman,DEF,Newcastle,0.0,0,0,8,0,3,10.3,5,475,0.08,0.22,0.14,0.19,308,0,0,3.3,9.6,2026-03-22T12:00:00Z,53,False,17,0,0,0,1,0,31,0,70460,1,2,2,1,13.0,1,8078,8543,465,49,True,0
Omar Alderete,DEF,Sunderland,0.0,0,0,6,0,8,10.6,9,683,0.02,0.02,0.00,1.27,308,1,0,2.5,14.8,2026-03-22T12:00:00Z,90,False,15,0,0,0,4,0,31,0,829151,1,1,2,1,0.0,1,-7865,13746,21611,41,False,1
Liam Delap,FWD,Chelsea,0.0,0,0,3,0,0,0.5,1,250,0.02,0.02,0.00,0.27,304,0,0,0.1,0.4,2026-03-21T17:30:00Z,12,False,9,0,0,0,1,0,31,0,118790,0,0,0,3,0.0,1,-362,429,791,62,False,0
Miodrag Pivaš,DEF,Newcastle,0.0,0,0,0,0,0,0.0,0,483,0.00,0.00,0.00,0.00,308,0,0,0.0,0.0,2026-03-22T12:00:00Z,0,False,17,0,0,0,0,0,31,0,47053,0,0,2,1,0.0,0,-655,148,803,38,True,0
Freddie Woodman,GK,Liverpool,0.0,0,0,0,0,0,0.0,0,369,0.00,0.00,0.00,0.00,303,0,0,0.0,0.0,2026-03-21T12:45:00Z,0,False,6,0,0,0,0,0,31,0,21389,0,0,1,2,0.0,0,-271,58,329,39,False,0
Adam Webster,DEF,Brighton,0.0,0,0,0,0,0,0.0,0,153,0.00,0.00,0.00,0.00,303,0,0,0.0,0.0,2026-03-21T12:45:00Z,0,False,12,0,0,0,0,0,31,0,910,0,0,1,2,0.0,0,7,25,18,44,True,0
Reece James,DEF,Chelsea,0.0,0,0,0,0,0,0.0,0,225,0.00,0.00,0.00,0.00,304,0,0,0.0,0.0,2026-03-21T17:30:00Z,0,False,9,0,0,0,0,0,31,0,967213,0,0,0,3,0.0,0,-90450,21538,111988,56,False,0
Alex Paulsen,GK,Bournemouth,0.0,0,0,0,0,0,0.0,0,70,0.00,0.00,0.00,0.00,302,0,0,0.0,0.0,2026-03-20T20:00:00Z,0,False,14,0,0,0,0,0,31,0,7007,0,0,2,2,0.0,0,-50,0,50,40,True,0
Chris Wood,FWD,Nott'm Forest,0.0,0,0,0,0,0,0.0,0,525,0.00,0.00,0.00,0.00,309,0,0,0.0,0.0,2026-03-22T14:15:00Z,0,False,18,0,0,0,0,0,31,0,589994,0,0,3,0,0.0,0,-931,52,983,71,False,0
Emiliano Martínez Romero,GK,Aston Villa,0.0,0,0,26,1,0,0.0,0,32,0.00,0.00,0.00,0.94,301,0,0,1.3,12.8,2026-03-22T14:15:00Z,90,False,19,0,0,0,7,0,31,1,853208,1,0,0,2,0.0,6,56929,65169,8240,51,True,0
Josh King,MID,Fulham,0.0,1,3,39,0,0,32.7,4,335,0.09,0.49,0.40,1.12,305,1,1,15.5,58.6,2026-03-21T15:00:00Z,81,False,3,0,0,0,3,0,31,0,213464,1,1,1,3,64.0,13,-5040,2143,7183,44,True,0
Lewis Dunk,DEF,Brighton,0.0,0,0,6,0,2,0.9,3,146,0.01,0.01,0.00,1.03,303,1,0,0.5,4.2,2026-03-21T12:45:00Z,90,False,12,0,0,0,5,0,31,0,138711,1,1,1,2,0.0,1,5273,7107,1834,45,True,1
Willy Boly,DEF,Nott'm Forest,0.0,0,0,0,0,0,0.0,0,514,0.00,0.00,0.00,0.00,309,0,0,0.0,0.0,2026-03-22T14:15:00Z,0,False,18,0,0,0,0,0,31,0,44644,0,0,3,0,0.0,0,-681,84,765,38,False,0
Yusuf Akhamrich,MID,Spurs,0.0,0,0,0,0,0,0.0,0,751,0.00,0.00,0.00,0.00,309,0,0,0.0,0.0,2026-03-22T14:15:00Z,0,False,16,0,0,0,0,0,31,0,587,0,0,3,0,0.0,0,-4,0,4,45,True,0
William Osula,FWD,Newcastle,0.0,0,0,6,0,1,0.3,5,500,0.01,0.01,0.00,1.10,308,1,0,0.2,1.2,2026-03-22T12:00:00Z,14,False,17,0,0,0,4,0,31,0,32284,0,0,2,1,0.0,1,740,1966,1226,54,True,0
Luca Koleosho,MID,Burnley,0.0,0,0,0,0,0,0.0,0,208,0.00,0.00,0.00,0.00,305,0,0,0.0,0.0,2026-03-21T15:00:00Z,0,False,10,0,0,0,0,0,31,0,1378,0,0,1,3,0.0,0,-2,0,2,50,False,0
Omar Richards,DEF,Nott'm Forest,0.0,0,0,0,0,0,0.0,0,512,0.00,0.00,0.00,0.00,309,0,0,0.0,0.0,2026-03-22T14:15:00Z,0,False,18,0,0,0,0,0,31,0,2452,0,0,3,0,0.0,0,-2,0,2,45,False,0
Anthony Gordon,MID,Newcastle,0.0,0,3,28,0,2,12.5,6,485,0.02,0.48,0.46,1.52,308,1,1,7.7,38.0,2026-03-22T12:00:00Z,88,False,17,0,0,0,3,0,31,0,1478899,1,1,2,1,26.0,10,511099,519760,8661,73,True,0
Antoni Milambo,MID,Brentford,0.0,0,0,0,0,0,0.0,0,122,0.00,0.00,0.00,0.00,306,0,0,0.0,0.0,2026-03-21T20:00:00Z,0,False,11,0,0,0,0,0,31,0,3596,0,0,0,0,0.0,0,0,7,7,52,False,0
Pablo Felipe Pereira de Jesus,FWD,West Ham,0.0,0,0,9,0,3,10.9,9,785,0.01,0.22,0.21,1.68,301,2,0,2.7,7.4,2026-03-22T14:15:00Z,90,False,2,0,0,0,4,0,31,0,1197,1,2,0,2,9.0,2,36,85,49,54,False,0
Jaidon Anthony,MID,Burnley,0.0,0,0,21,0,3,34.8,8,200,0.47,0.57,0.10,3.15,305,3,0,8.1,22.6,2026-03-21T15:00:00Z,90,False,10,0,0,0,5,0,31,0,251052,1,0,1,3,24.0,2,-776,5780,6556,50,False,0
Curtis Jones,MID,Liverpool,0.0,0,2,24,0,6,4.7,15,388,0.04,0.11,0.07,2.17,303,2,0,5.1,25.0,2026-03-21T12:45:00Z,82,False,6,0,0,0,6,0,31,0,13982,0,3,1,2,21.0,6,-148,145,293,54,False,0
Caoimhín Kelleher,GK,Brentford,0.0,0,2,32,1,2,0.0,0,101,0.00,0.00,0.00,0.52,306,0,0,2.3,22.6,2026-03-21T20:00:00Z,90,False,11,0,0,0,12,0,31,4,1805617,1,0,0,0,0.0,9,47265,63262,15997,48,False,0
Bertrand Traoré,MID,Sunderland,0.0,0,0,0,0,0,0.0,0,735,0.00,0.00,0.00,0.00,308,0,0,0.0,0.0,2026-03-22T12:00:00Z,0,False,15,0,0,0,0,0,31,0,3792,0,0,2,1,0.0,0,-62,6,68,55,False,0
Ollie Shield,DEF,Brentford,0.0,0,0,0,0,0,0.0,0,819,0.00,0.00,0.00,0.00,306,0,0,0.0,0.0,2026-03-21T20:00:00Z,0,False,11,0,0,0,0,0,31,0,694,0,0,0,0,0.0,0,34,57,23,40,False,0
James McAtee,MID,Nott'm Forest,0.0,0,0,3,0,0,0.0,0,426,0.00,0.00,0.00,0.00,309,0,0,0.0,0.0,2026-03-22T14:15:00Z,1,False,18,0,0,0,0,0,31,0,11531,0,0,3,0,0.0,1,-34,39,73,50,False,0
Guglielmo Vicario,GK,Spurs,0.0,0,0,8,0,1,0.0,0,565,0.00,0.00,0.00,1.48,309,3,0,3.2,31.8,2026-03-22T14:15:00Z,90,False,16,0,0,0,11,0,31,4,724343,1,0,3,0,0.0,2,-1951,5191,7142,47,True,0
Joe Anderson,DEF,Sunderland,0.0,0,0,0,0,0,0.0,0,534,0.00,0.00,0.00,0.00,308,0,0,0.0,0.0,2026-03-22T12:00:00Z,0,False,15,0,0,0,0,0,31,0,39793,0,0,2,1,0.0,0,-444,0,444,38,False,0
Noussair Mazraoui,DEF,Man Utd,0.0,0,0,0,0,0,0.0,0,438,0.00,0.00,0.00,0.00,302,0,0,0.0,0.0,2026-03-20T20:00:00Z,0,False,4,0,0,0,0,0,31,0,27610,0,0,2,2,0.0,0,-332,434,766,49,False,0
Cristian Romero,DEF,Spurs,0.0,0,0,6,0,4,12.4,6,569,0.04,0.06,0.02,1.48,309,3,0,4.0,19.4,2026-03-22T14:15:00Z,90,False,16,0,0,0,6,0,31,0,421695,1,2,3,0,8.0,1,5406,9463,4057,50,True,0
Václav Hladký,GK,Burnley,0.0,0,0,0,0,0,0.0,0,185,0.00,0.00,0.00,0.00,305,0,0,0.0,0.0,2026-03-21T15:00:00Z,0,False,10,0,0,0,0,0,31,0,20646,0,0,1,3,0.0,0,-238,104,342,39,False,0
Mads Roerslev Rasmussen,DEF,Brentford,0.0,0,0,0,0,0,0.0,0,112,0.00,0.00,0.00,0.00,306,0,0,0.0,0.0,2026-03-21T20:00:00Z,0,False,11,0,0,0,0,0,31,0,1836,0,0,0,0,0.0,0,-2,0,2,45,False,0
Diogo Dalot Teixeira,DEF,Man Utd,0.0,0,0,9,0,6,33.0,6,440,0.19,0.21,0.02,1.80,302,2,0,5.5,16.8,2026-03-20T20:00:00Z,90,False,4,0,0,0,5,0,31,0,691147,1,0,2,2,5.0,1,23223,39681,16458,46,False,0
Justin Kluivert,MID,Bournemouth,0.0,0,0,0,0,0,0.0,0,81,0.00,0.00,0.00,0.00,302,0,0,0.0,0.0,2026-03-20T20:00:00Z,0,False,14,0,0,0,0,0,31,0,77793,0,0,2,2,0.0,0,-261,69,330,69,True,0
Keane Lewis-Potter,DEF,Brentford,0.0,0,0,29,1,4,23.3,5,107,0.04,0.14,0.10,0.52,306,0,0,4.6,21.0,2026-03-21T20:00:00Z,90,False,11,0,0,0,7,0,31,0,235198,1,1,0,0,2.0,6,8740,13823,5083,48,False,0
Kristoffer Ajer,DEF,Brentford,0.0,0,0,0,0,0,0.0,0,108,0.00,0.00,0.00,0.00,306,0,0,0.0,0.0,2026-03-21T20:00:00Z,0,False,11,0,0,0,0,0,31,0,33533,0,0,0,0,0.0,0,-801,659,1460,44,False,0
Georginio Rutter,MID,Brighton,0.0,0,0,0,0,0,0.3,2,158,0.00,0.00,0.00,0.03,303,0,0,0.2,2.0,2026-03-21T12:45:00Z,7,False,12,0,0,0,1,0,31,0,39822,0,1,1,2,0.0,1,-1019,273,1292,56,True,0
Ashley Phillips,DEF,Spurs,0.0,0,0,0,0,0,0.0,0,576,0.00,0.00,0.00,0.00,309,0,0,0.0,0.0,2026-03-22T14:15:00Z,0,False,16,0,0,0,0,0,31,0,1418,0,0,3,0,0.0,0,-1,0,1,40,True,0
Quilindschy Hartman,DEF,Burnley,0.0,0,0,8,0,4,40.1,7,192,0.22,0.24,0.02,3.15,305,3,0,7.4,22.6,2026-03-21T15:00:00Z,90,False,10,0,0,0,4,0,31,0,79095,1,3,1,3,11.0,1,-444,790,1234,40,False,0
Bruno Guimarães Rodriguez Moura,MID,Newcastle,0.0,0,0,0,0,0,0.0,0,488,0.00,0.00,0.00,0.00,308,0,0,0.0,0.0,2026-03-22T12:00:00Z,0,False,17,0,0,0,0,0,31,0,585838,0,0,2,1,0.0,0,-22980,522,23502,68,True,0
Eiran Cashin,DEF,Brighton,0.0,0,0,0,0,0,0.0,0,154,0.00,0.00,0.00,0.00,303,0,0,0.0,0.0,2026-03-21T12:45:00Z,0,False,12,0,0,0,0,0,31,0,586,0,0,1,2,0.0,0,-4,0,4,40,True,0
Nathan Patterson,DEF,Everton,0.0,0,0,0,0,0,0.0,0,296,0.00,0.00,0.00,0.00,304,0,0,0.0,0.0,2026-03-21T17:30:00Z,0,False,7,0,0,0,0,0,31,0,4426,0,0,0,3,0.0,0,-93,49,142,44,True,0
Andrew Moran,MID,Brighton,0.0,0,0,0,0,0,0.0,0,177,0.00,0.00,0.00,0.00,303,0,0,0.0,0.0,2026-03-21T12:45:00Z,0,False,12,0,0,0,0,0,31,0,1990,0,0,1,2,0.0,0,-2,0,2,45,True,0
Adrien Truffert,DEF,Bournemouth,0.0,1,0,19,0,4,37.2,6,74,0.10,0.14,0.04,1.77,302,2,0,9.0,41.6,2026-03-20T20:00:00Z,90,False,14,0,0,0,5,0,31,0,501394,1,2,2,2,11.0,4,54159,66106,11947,46,True,0
Enes Ünal,FWD,Bournemouth,0.0,0,0,0,0,0,0.0,0,98,0.00,0.00,0.00,0.00,302,0,0,0.0,0.0,2026-03-20T20:00:00Z,0,False,14,0,0,0,0,0,31,0,6164,0,0,2,2,0.0,0,-52,182,234,54,True,0
Jack Whittaker,MID,Sunderland,0.0,0,0,0,0,0,0.0,0,821,0.00,0.00,0.00,0.00,308,0,0,0.0,0.0,2026-03-22T12:00:00Z,0,False,15,0,0,0,0,0,31,0,57,0,0,2,1,0.0,0,19,20,1,45,False,0
Dário Luís Essugo,MID,Chelsea,0.0,0,0,0,0,0,0.0,0,247,0.00,0.00,0.00,0.00,304,0,0,0.0,0.0,2026-03-21T17:30:00Z,0,False,9,0,0,0,0,0,31,0,7662,0,0,0,3,0.0,0,-8,210,218,43,False,0
Aaron Ramsdale,GK,Newcastle,0.0,0,0,13,0,2,0.0,0,674,0.00,0.00,0.00,2.45,308,2,0,3.4,34.4,2026-03-22T12:00:00Z,90,False,17,0,0,0,7,0,31,4,182351,1,0,2,1,0.0,2,19438,20978,1540,48,True,0
Moisés Caicedo Corozo,MID,Chelsea,0.0,0,0,12,0,2,7.1,10,241,0.05,0.14,0.09,0.90,304,3,0,2.5,10.0,2026-03-21T17:30:00Z,77,False,9,0,0,0,5,0,31,0,972887,1,3,0,3,8.0,2,-8232,3164,11396,57,False,0
Taiwo Awoniyi,FWD,Nott'm Forest,0.0,0,0,25,0,1,0.0,1,527,0.00,0.48,0.48,0.51,309,0,1,7.0,33.0,2026-03-22T14:15:00Z,19,False,18,0,0,0,0,0,31,0,37614,0,0,3,0,37.0,4,-96,199,295,52,False,1
Conor Gallagher,MID,Spurs,0.0,0,0,2,0,0,0.0,0,796,0.00,0.00,0.00,0.49,309,1,0,0.0,0.0,2026-03-22T14:15:00Z,6,False,16,0,0,0,0,0,31,0,11653,0,0,3,0,0.0,1,-1234,116,1350,51,True,0
Niall Huggins,DEF,Sunderland,0.0,0,0,0,0,0,0.0,0,537,0.00,0.00,0.00,0.00,308,0,0,0.0,0.0,2026-03-22T12:00:00Z,0,False,15,0,0,0,0,0,31,0,8649,0,0,2,1,0.0,0,-28,0,28,40,False,0
Konstantinos Tsimikas,DEF,Liverpool,0.0,0,0,0,0,0,0.0,0,377,0.00,0.00,0.00,0.00,303,0,0,0.0,0.0,2026-03-21T12:45:00Z,0,False,6,0,0,0,0,0,31,0,6102,0,0,1,2,0.0,0,-6,0,6,48,False,0
Adam Smith,DEF,Bournemouth,0.0,0,0,3,0,1,1.4,3,73,0.00,0.00,0.00,0.02,302,0,0,0.7,5.4,2026-03-20T20:00:00Z,17,False,14,0,0,0,2,0,31,0,24571,0,2,2,2,0.0,0,161,364,203,44,True,1
Tyrone Mings,DEF,Aston Villa,0.0,0,0,0,0,0,0.0,0,40,0.00,0.00,0.00,0.00,301,0,0,0.0,0.0,2026-03-22T14:15:00Z,0,False,19,0,0,0,0,0,31,0,92605,0,0,0,2,0.0,0,2442,3313,871,43,True,0
Luke Shaw,DEF,Man Utd,0.0,0,0,13,0,6,1.4,10,443,0.01,0.01,0.00,1.80,302,2,0,2.7,23.4,2026-03-20T20:00:00Z,90,False,4,0,0,0,5,0,31,0,108033,1,4,2,2,2.0,3,5395,7191,1796,45,False,0
James Rowswell,DEF,Spurs,0.0,0,0,0,0,0,0.0,0,750,0.00,0.00,0.00,0.00,309,0,0,0.0,0.0,2026-03-22T14:15:00Z,0,False,16,0,0,0,0,0,31,0,4073,0,0,3,0,0.0,0,-35,19,54,40,True,0
Aaron Hickey,DEF,Brentford,0.0,0,0,0,0,0,0.0,0,116,0.00,0.00,0.00,0.00,306,0,0,0.0,0.0,2026-03-21T20:00:00Z,0,False,11,0,0,0,0,0,31,0,45075,0,0,0,0,0.0,0,-1884,27,1911,40,False,0
Sékou Koné,MID,Man Utd,0.0,0,0,0,0,0,0.0,0,463,0.00,0.00,0.00,0.00,302,0,0,0.0,0.0,2026-03-20T20:00:00Z,0,False,4,0,0,0,0,0,31,0,10222,0,0,2,2,0.0,0,-79,0,79,43,False,0
Jordan Pickford,GK,Everton,0.0,0,0,32,1,2,0.0,0,287,0.00,0.00,0.00,0.93,304,0,0,3.8,38.2,2026-03-21T17:30:00Z,90,False,7,0,0,0,5,0,31,4,1819725,1,0,0,3,0.0,7,32435,53065,20630,56,True,0
Enzo Barrenechea,MID,Aston Villa,0.0,0,0,0,0,0,0.0,0,56,0.00,0.00,0.00,0.00,301,0,0,0.0,0.0,2026-03-22T14:15:00Z,0,False,19,0,0,0,0,0,31,0,45,0,0,0,2,0.0,0,0,0,0,50,True,0
Pau Torres,DEF,Aston Villa,0.0,0,0,28,1,4,2.9,5,41,0.02,0.02,0.00,0.94,301,0,0,1.9,16.0,2026-03-22T14:15:00Z,90,False,19,0,0,0,4,0,31,0,38892,1,1,0,2,0.0,6,-283,332,615,43,True,0
Bart Verbruggen,GK,Brighton,0.0,0,0,18,0,2,0.0,0,139,0.00,0.00,0.00,1.03,303,1,0,3.8,38.0,2026-03-21T12:45:00Z,90,False,12,0,0,0,11,0,31,4,685073,1,0,1,2,0.0,3,2544,13681,11137,45,True,0
Tariq Lamptey,DEF,Brighton,0.0,0,0,0,0,0,0.0,0,150,0.00,0.00,0.00,0.00,303,0,0,0.0,0.0,2026-03-21T12:45:00Z,0,False,12,0,0,0,0,0,31,0,10558,0,0,1,2,0.0,0,-15,0,15,44,True,0
Ashley Barnes,FWD,Burnley,0.0,0,0,3,0,0,0.0,0,218,0.00,0.00,0.00,1.30,305,1,0,0.0,0.0,2026-03-21T15:00:00Z,12,False,10,0,0,0,0,0,31,0,172947,0,0,1,3,0.0,1,-4516,1477,5993,42,False,0
Travis Patterson,DEF,Aston Villa,0.0,0,0,0,0,0,0.0,0,710,0.00,0.00,0.00,0.00,301,0,0,0.0,0.0,2026-03-22T14:15:00Z,0,False,19,0,0,0,0,0,31,0,25044,0,0,0,2,0.0,0,-147,57,204,39,True,0
George Hemmings,MID,Aston Villa,0.0,0,0,0,0,0,0.0,0,754,0.00,0.00,0.00,0.00,301,0,0,0.0,0.0,2026-03-22T14:15:00Z,0,False,19,0,0,0,0,0,31,0,1074,0,0,0,2,0.0,0,-18,14,32,45,True,0
Josh Acheampong,DEF,Chelsea,0.0,0,0,0,0,0,0.0,0,233,0.00,0.00,0.00,0.00,304,0,0,0.0,0.0,2026-03-21T17:30:00Z,0,False,9,0,0,0,0,0,31,0,223848,0,0,0,3,0.0,0,-4516,5135,9651,37,False,0
Igor Jesus Maciel da Cruz,FWD,Nott'm Forest,0.0,0,2,37,1,5,0.7,5,526,0.01,0.17,0.16,0.63,309,0,1,9.9,44.4,2026-03-22T14:15:00Z,70,False,18,0,0,0,0,0,31,0,160006,1,0,3,0,54.0,8,2136,7453,5317,58,False,0
Illia Zabarnyi,DEF,Bournemouth,0.0,0,0,0,0,0,0.0,0,71,0.00,0.00,0.00,0.00,302,0,0,0.0,0.0,2026-03-20T20:00:00Z,0,False,14,0,0,0,0,0,31,0,2929,0,0,2,2,0.0,0,-3,0,3,50,True,0
Julián Araujo Zúñiga,DEF,Bournemouth,0.0,0,0,0,0,0,0.0,0,78,0.00,0.00,0.00,0.00,302,0,0,0.0,0.0,2026-03-20T20:00:00Z,0,False,14,0,0,0,0,0,31,0,65711,0,0,2,2,0.0,0,-610,0,610,38,True,0
Milos Kerkez,DEF,Liverpool,0.0,0,0,15,0,4,1.8,4,371,0.01,0.53,0.52,1.96,303,2,1,5.6,37.4,2026-03-21T12:45:00Z,75,False,6,0,0,0,2,0,31,0,403111,1,0,1,2,17.0,7,2420,6322,3902,56,False,0
Lamare Bogarde,DEF,Aston Villa,0.0,0,0,0,0,0,0.0,0,44,0.00,0.00,0.00,0.00,301,0,0,0.0,0.0,2026-03-22T14:15:00Z,0,False,19,0,0,0,0,0,31,0,71335,0,0,0,2,0.0,0,-189,787,976,40,True,0
Dermot Mee,GK,Man Utd,0.0,0,0,0,0,0,0.0,0,435,0.00,0.00,0.00,0.00,302,0,0,0.0,0.0,2026-03-20T20:00:00Z,0,False,4,0,0,0,0,0,31,0,12729,0,0,2,2,0.0,0,-141,14,155,39,False,0
Alisson Becker,GK,Liverpool,0.0,0,0,0,0,0,0.0,0,366,0.00,0.00,0.00,0.00,303,0,0,0.0,0.0,2026-03-21T12:45:00Z,0,False,6,0,0,0,0,0,31,0,874770,0,0,1,2,0.0,0,16156,26715,10559,54,False,0
Fabian Schär,DEF,Newcastle,0.0,0,0,0,0,0,0.0,0,474,0.00,0.00,0.00,0.00,308,0,0,0.0,0.0,2026-03-22T12:00:00Z,0,False,17,0,0,0,0,0,31,0,149954,0,0,2,1,0.0,0,-875,97,972,52,True,0
Marc Cucurella Saseta,DEF,Chelsea,0.0,0,0,1,0,4,15.8,5,224,0.04,0.12,0.08,1.18,304,3,0,4.0,13.0,2026-03-21T17:30:00Z,90,False,9,0,0,0,2,0,31,0,2078202,1,1,0,3,11.0,1,65898,72896,6998,60,False,0
Norberto Murara Neto,GK,Bournemouth,0.0,0,0,0,0,0,0.0,0,66,0.00,0.00,0.00,0.00,302,0,0,0.0,0.0,2026-03-20T20:00:00Z,0,False,14,0,0,0,0,0,31,0,7194,0,0,2,2,0.0,0,-25,0,25,45,True,0
Max Weiß,GK,Burnley,0.0,0,0,0,0,0,0.0,0,183,0.00,0.00,0.00,0.00,305,0,0,0.0,0.0,2026-03-21T15:00:00Z,0,False,10,0,0,0,0,0,31,0,15409,0,0,1,3,0.0,0,-27,156,183,43,False,0
Amad Diallo,MID,Man Utd,0.0,0,0,19,0,1,4.4,10,452,0.03,0.30,0.27,1.80,302,2,0,4.2,9.4,2026-03-20T20:00:00Z,90,False,4,0,0,0,8,0,31,0,185171,1,1,2,2,28.0,2,-3324,2952,6276,62,False,0
Jorge Cuenca Barreno,DEF,Fulham,0.0,0,0,0,0,0,0.0,0,321,0.00,0.00,0.00,0.00,305,0,0,0.0,0.0,2026-03-21T15:00:00Z,0,False,3,0,0,0,0,0,31,0,7290,0,0,1,3,0.0,0,-139,64,203,43,True,0
Oliver Sonne,DEF,Burnley,0.0,0,0,0,0,0,0.0,0,197,0.00,0.00,0.00,0.00,305,0,0,0.0,0.0,2026-03-21T15:00:00Z,0,False,10,0,0,0,0,0,31,0,23640,0,0,1,3,0.0,0,-729,0,729,38,False,0
Edson Álvarez Velázquez,MID,West Ham,0.0,0,0,0,0,0,0.0,0,616,0.00,0.00,0.00,0.00,301,0,0,0.0,0.0,2026-03-22T14:15:00Z,0,False,2,0,0,0,0,0,31,0,5946,0,0,0,2,0.0,0,-7,0,7,49,False,0
Yankuba Minteh,MID,Brighton,0.0,0,0,9,0,2,32.3,6,160,0.39,0.62,0.23,0.92,303,1,0,7.1,11.4,2026-03-21T12:45:00Z,75,False,12,0,0,0,4,0,31,0,240881,1,0,1,2,27.0,1,4792,8121,3329,55,True,1
Lewis Orford,MID,West Ham,0.0,0,0,0,0,0,0.0,0,622,0.00,0.00,0.00,0.00,301,0,0,0.0,0.0,2026-03-22T14:15:00Z,0,False,2,0,0,0,0,0,31,0,6772,0,0,0,2,0.0,0,-13,0,13,44,False,0
Simon Adingra,MID,Sunderland,0.0,0,0,0,0,0,0.0,0,543,0.00,0.00,0.00,0.00,308,0,0,0.0,0.0,2026-03-22T12:00:00Z,0,False,15,0,0,0,0,0,31,0,44793,0,0,2,1,0.0,0,-297,0,297,49,False,0
Alexander Isak,FWD,Liverpool,0.0,0,0,0,0,0,0.0,0,499,0.00,0.00,0.00,0.00,303,0,0,0.0,0.0,2026-03-21T12:45:00Z,0,False,6,0,0,0,0,0,31,0,454251,0,0,1,2,0.0,0,-731,129,860,103,False,0
Dominic Solanke-Mitchell,FWD,Spurs,0.0,0,0,9,0,0,2.5,8,596,0.03,0.22,0.19,1.48,309,3,0,4.0,9.2,2026-03-22T14:15:00Z,90,False,16,0,0,0,8,0,31,0,152581,1,0,3,0,28.0,2,-1046,3786,4832,72,True,0
Rodrigo Bentancur,MID,Spurs,0.0,0,0,0,0,0,0.0,0,585,0.00,0.00,0.00,0.00,309,0,0,0.0,0.0,2026-03-22T14:15:00Z,0,False,16,0,0,0,0,0,31,0,20520,0,0,3,0,0.0,0,-133,8,141,52,True,0
Patrick Dorgu,DEF,Man Utd,0.0,0,0,0,0,0,0.0,0,441,0.00,0.00,0.00,0.00,302,0,0,0.0,0.0,2026-03-20T20:00:00Z,0,False,4,0,0,0,0,0,31,0,343097,0,0,2,2,0.0,0,-38176,166,38342,41,False,0
Ayden Heaven,DEF,Man Utd,0.0,0,0,3,0,1,0.0,1,447,0.00,0.00,0.00,0.11,302,0,0,0.2,2.4,2026-03-20T20:00:00Z,8,False,4,0,0,0,1,0,31,0,271371,0,0,2,2,0.0,1,-15382,4874,20256,37,False,0
James Tarkowski,DEF,Everton,0.0,0,0,27,1,6,0.3,6,291,0.00,0.04,0.04,0.93,304,0,0,4.4,19.8,2026-03-21T17:30:00Z,90,False,7,0,0,0,4,0,31,0,1423227,1,0,0,3,24.0,6,-24801,62358,87159,57,True,0
Facundo Buonanotte,MID,Leeds,0.0,0,0,0,0,0,0.0,0,168,0.00,0.00,0.00,0.00,306,0,0,0.0,0.0,2026-03-21T20:00:00Z,0,False,5,0,0,0,0,0,31,0,11982,0,0,0,0,0.0,0,-137,129,266,46,True,0
Jack Moorhouse,MID,Man Utd,0.0,0,0,0,0,0,0.0,0,464,0.00,0.00,0.00,0.00,302,0,0,0.0,0.0,2026-03-20T20:00:00Z,0,False,4,0,0,0,0,0,31,0,2173,0,0,2,2,0.0,0,-2,0,2,45,False,0
Carlos Henrique Casimiro,MID,Man Utd,0.0,0,0,7,0,1,11.6,7,457,0.03,0.03,0.00,1.70,302,2,0,2.5,11.2,2026-03-20T20:00:00Z,81,False,4,0,0,0,2,0,31,0,475231,1,4,2,2,2.0,1,57309,65464,8155,57,False,1
Callan McKenna,GK,Bournemouth,0.0,0,0,0,0,0,0.0,0,69,0.00,0.00,0.00,0.00,302,0,0,0.0,0.0,2026-03-20T20:00:00Z,0,False,14,0,0,0,0,0,31,0,33537,0,0,2,2,0.0,0,-407,274,681,39,True,0
Fábio Freitas Gouveia Carvalho,MID,Brentford,0.0,0,0,0,0,0,0.0,0,123,0.00,0.00,0.00,0.00,306,0,0,0.0,0.0,2026-03-21T20:00:00Z,0,False,11,0,0,0,0,0,31,0,13795,0,0,0,0,0.0,0,-25,14,39,47,False,0
Sean Neave,FWD,Newcastle,0.0,0,0,0,0,0,0.0,0,501,0.00,0.00,0.00,0.00,308,0,0,0.0,0.0,2026-03-22T12:00:00Z,0,False,17,0,0,0,0,0,31,0,32621,0,0,2,1,0.0,0,-214,195,409,43,True,0
Luis Díaz Marulanda,MID,Liverpool,0.0,0,0,0,0,0,0.0,0,383,0.00,0.00,0.00,0.00,303,0,0,0.0,0.0,2026-03-21T12:45:00Z,0,False,6,0,0,0,0,0,31,0,5512,0,0,1,2,0.0,0,-5,0,5,80,False,0
Sander Berge,MID,Fulham,0.0,1,0,24,0,1,16.3,8,330,0.05,0.05,0.00,1.24,305,1,0,3.0,12.0,2026-03-21T15:00:00Z,90,False,3,0,0,0,5,0,31,0,10659,1,2,1,3,2.0,5,278,474,196,49,True,0
Tanaka Ao,MID,Leeds,0.0,0,0,4,0,0,5.4,0,358,0.04,0.06,0.02,0.10,306,0,0,1.0,2.8,2026-03-21T20:00:00Z,22,False,5,0,0,0,0,0,31,0,23332,0,0,0,0,2.0,1,-481,97,578,48,True,0
Carlos Miguel dos Santos Pereira,GK,Nott'm Forest,0.0,0,0,0,0,0,0.0,0,503,0.00,0.00,0.00,0.00,309,0,0,0.0,0.0,2026-03-22T14:15:00Z,0,False,18,0,0,0,0,0,31,0,7989,0,0,3,0,0.0,0,-38,0,38,40,False,0
Matty Cash,DEF,Aston Villa,0.0,0,0,24,1,1,7.9,4,36,0.24,0.29,0.05,0.94,301,0,0,2.2,7.4,2026-03-22T14:15:00Z,90,False,19,0,0,0,0,0,31,0,1124827,1,3,0,2,7.0,6,-16706,35742,52448,47,True,0
Bendito Mantato,MID,Man Utd,0.0,0,0,0,0,0,0.0,0,769,0.00,0.00,0.00,0.00,302,0,0,0.0,0.0,2026-03-20T20:00:00Z,0,False,4,0,0,0,0,0,31,0,557,0,0,2,2,0.0,0,1,17,16,45,False,0
Bruno Borges Fernandes,MID,Man Utd,0.0,1,3,39,0,2,47.7,9,449,0.25,1.41,1.16,1.80,302,2,1,17.5,59.6,2026-03-20T20:00:00Z,90,False,4,0,0,0,5,0,31,0,6068501,1,2,2,2,68.0,13,289499,294309,4810,102,False,0
Stefanos Tzimas,FWD,Brighton,0.0,0,0,0,0,0,0.0,0,180,0.00,0.00,0.00,0.00,303,0,0,0.0,0.0,2026-03-21T12:45:00Z,0,False,12,0,0,0,0,0,31,0,9583,0,0,1,2,0.0,0,-13,51,64,52,True,0
Marcus Rashford,MID,Man Utd,0.0,0,0,0,0,0,0.0,0,451,0.00,0.00,0.00,0.00,302,0,0,0.0,0.0,2026-03-20T20:00:00Z,0,False,4,0,0,0,0,0,31,0,1951,0,0,2,2,0.0,0,-3,0,3,70,False,0
TJ Carroll,DEF,Aston Villa,0.0,0,0,0,0,0,0.0,0,781,0.00,0.00,0.00,0.00,301,0,0,0.0,0.0,2026-03-22T14:15:00Z,0,False,19,0,0,0,0,0,31,0,1884,0,0,0,2,0.0,0,-7,30,37,40,True,0
Rico Henry,DEF,Brentford,0.0,0,0,0,0,0,0.0,0,109,0.00,0.00,0.00,0.00,306,0,0,0.0,0.0,2026-03-21T20:00:00Z,0,False,11,0,0,0,0,0,31,0,18856,0,0,0,0,0.0,0,-2375,16,2391,43,False,0
Samuel Iling-Junior,MID,Aston Villa,0.0,0,0,0,0,0,0.0,0,51,0.00,0.00,0.00,0.00,301,0,0,0.0,0.0,2026-03-22T14:15:00Z,0,False,19,0,0,0,0,0,31,0,2430,0,0,0,2,0.0,0,-3,0,3,55,True,0
Abdallah Sima,MID,Brighton,0.0,0,0,0,0,0,0.0,0,165,0.00,0.00,0.00,0.00,303,0,0,0.0,0.0,2026-03-21T12:45:00Z,0,False,12,0,0,0,0,0,31,0,1426,0,0,1,2,0.0,0,-1,0,1,54,True,0
Tosin Adarabioyo,DEF,Chelsea,0.0,0,0,7,0,0,0.5,2,232,0.00,0.00,0.00,0.27,304,0,0,0.6,5.8,2026-03-21T17:30:00Z,12,False,9,0,0,0,1,0,31,0,33645,0,2,0,3,0.0,1,16,404,388,40,False,0
Sam Greenwood,MID,Leeds,0.0,0,0,0,0,0,0.0,0,355,0.00,0.00,0.00,0.00,306,0,0,0.0,0.0,2026-03-21T20:00:00Z,0,False,5,0,0,0,0,0,31,0,4160,0,0,0,0,0.0,0,-3,0,3,49,True,0
Jarrad Branthwaite,DEF,Everton,0.0,0,0,3,0,2,0.0,2,290,0.00,0.00,0.00,0.04,304,0,0,0.5,4.6,2026-03-21T17:30:00Z,12,False,7,0,0,0,0,0,31,0,84452,0,0,0,3,0.0,1,7212,12287,5075,53,True,0
Ethan Pinnock,DEF,Brentford,0.0,0,2,32,1,12,0.1,13,111,0.00,0.01,0.01,0.52,306,0,0,4.7,25.8,2026-03-21T20:00:00Z,90,False,11,0,0,0,2,0,31,0,14866,1,1,0,0,21.0,10,-16,166,182,42,False,0
Wellity Lucky,DEF,Liverpool,0.0,0,0,0,0,0,0.0,0,760,0.00,0.00,0.00,0.00,303,0,0,0.0,0.0,2026-03-21T12:45:00Z,0,False,6,0,0,0,0,0,31,0,2373,0,0,1,2,0.0,0,-29,24,53,40,False,0
Alex Cairns,GK,Leeds,0.0,0,0,0,0,0,0.0,0,340,0.00,0.00,0.00,0.00,306,0,0,0.0,0.0,2026-03-21T20:00:00Z,0,False,5,0,0,0,0,0,31,0,19359,0,0,0,0,0.0,0,-79,118,197,39,True,0
Mateo Joseph Fernández-Regatillo,FWD,Leeds,0.0,0,0,0,0,0,0.0,0,364,0.00,0.00,0.00,0.00,306,0,0,0.0,0.0,2026-03-21T20:00:00Z,0,False,5,0,0,0,0,0,31,0,1240,0,0,0,0,0.0,0,-2,0,2,50,True,0
Raúl Jiménez Rodríguez,FWD,Fulham,0.0,0,0,18,0,2,1.5,3,337,0.00,0.87,0.87,0.12,305,0,1,5.9,34.4,2026-03-21T15:00:00Z,8,False,3,0,0,0,1,0,31,0,489541,0,0,1,3,23.0,5,45068,56841,11773,62,True,0
Brian Brobbey,FWD,Sunderland,0.0,0,3,28,0,0,21.7,4,730,0.05,1.11,1.06,1.24,308,1,1,14.8,36.4,2026-03-22T12:00:00Z,90,False,15,0,0,0,4,0,31,0,72511,1,0,2,1,90.0,8,-2495,1612,4107,53,False,1
Kaye Furo,FWD,Brentford,0.0,0,0,0,0,0,0.0,0,797,0.00,0.00,0.00,0.00,306,0,0,0.0,0.0,2026-03-21T20:00:00Z,0,False,11,0,0,0,0,0,31,0,2100,0,0,0,0,0.0,0,9,129,120,45,False,0
Antony dos Santos,MID,Man Utd,0.0,0,0,0,0,0,0.0,0,454,0.00,0.00,0.00,0.00,302,0,0,0.0,0.0,2026-03-20T20:00:00Z,0,False,4,0,0,0,0,0,31,0,7330,0,0,2,2,0.0,0,-7,0,7,59,False,0
Tyler Onyango,MID,Everton,0.0,0,0,0,0,0,0.0,0,704,0.00,0.00,0.00,0.00,304,0,0,0.0,0.0,2026-03-21T17:30:00Z,0,False,7,0,0,0,0,0,31,0,6368,0,0,0,3,0.0,0,-11,0,11,45,True,0
