name,position,team,xP,assists,bonus,bps,clean_sheets,clearances_blocks_interceptions,creativity,defensive_contribution,element,expected_assists,expected_goal_involvements,expected_goals,expected_goals_conceded,fixture,goals_conceded,goals_scored,ict_index,influence,kickoff_time,minutes,modified,opponent_team,own_goals,penalties_missed,penalties_saved,recoveries,red_cards,round,saves,selected,starts,tackles,team_a_score,team_h_score,threat,total_points,transfers_balance,transfers_in,transfers_out,value,was_home,yellow_cards
Reinildo Mandava,DEF,Sunderland,0.0,0,1,32,1,4,2.4,8,541,0.02,0.02,0.00,0.84,319,0,0,2.1,18.6,2026-04-12T13:00:00Z,90,False,18,0,0,0,3,0,32,0,362124,1,4,0,1,0.0,7,-3153,4571,7724,38,True,0
Lorenzo Lucca,FWD,Nott'm Forest,0.0,0,0,0,0,0,0.0,0,805,0.00,0.00,0.00,0.00,318,0,0,0.0,0.0,2026-04-12T13:00:00Z,0,False,2,0,0,0,0,0,32,0,2092,0,0,1,1,0.0,0,-187,104,291,55,True,0
Lewis Dobbin,MID,Aston Villa,0.0,0,0,0,0,0,0.0,0,57,0.00,0.00,0.00,0.00,318,0,0,0.0,0.0,2026-04-12T13:00:00Z,0,False,16,0,0,0,0,0,32,0,3121,0,0,1,1,0.0,0,-3,0,3,50,False,0
Ryan Christie,MID,Bournemouth,0.0,0,0,11,0,3,3.3,6,87,0.02,0.06,0.04,1.91,311,1,0,1.3,6.4,2026-04-11T11:30:00Z,69,False,1,0,0,0,1,0,32,0,19710,1,2,2,1,3.0,2,11297,13859,2562,49,False,0
Leo Shahar,DEF,Newcastle,0.0,0,0,0,0,0,0.0,0,765,0.00,0.00,0.00,0.00,315,0,0,0.0,0.0,2026-04-12T13:00:00Z,0,False,8,0,0,0,0,0,32,0,3996,0,0,1,2,0.0,0,2,122,120,40,False,0
Zeki Amdouni,FWD,Burnley,0.0,0,0,0,0,0,0.0,0,216,0.00,0.00,0.00,0.00,313,0,0,0.0,0.0,2026-04-11T14:00:00Z,0,False,6,0,0,0,0,0,32,0,2979,0,0,2,0,0.0,0,-3,96,99,48,True,0
Lucas Tolentino Coelho de Lima,MID,West Ham,0.0,0,0,0,0,0,0.0,0,612,0.00,0.00,0.00,0.00,320,0,0,0.0,0.0,2026-04-10T19:00:00Z,0,False,20,0,0,0,0,0,32,0,139149,0,0,0,4,0.0,0,-919,0,919,59,True,0
Jorrel Hato,DEF,Chelsea,0.0,0,0,7,0,3,1.2,7,672,0.01,0.01,0.00,2.29,314,3,0,2.5,22.0,2026-04-12T15:30:00Z,90,False,13,0,0,0,3,0,32,0,23919,1,4,3,0,2.0,1,26,788,762,46,True,0
Myles Peart-Harris,MID,Brentford,0.0,0,0,0,0,0,0.0,0,133,0.00,0.00,0.00,0.00,312,0,0,0.0,0.0,2026-04-11T14:00:00Z,0,False,9,0,0,0,0,0,32,0,4073,0,0,2,2,0.0,0,-30,0,30,44,True,0
Bashir Humphreys,DEF,Burnley,0.0,0,0,14,0,5,21.5,7,193,0.03,0.08,0.05,1.81,313,1,0,5.9,24.4,2026-04-11T14:00:00Z,81,False,6,0,0,0,4,0,32,0,18084,1,2,2,0,13.0,2,-148,785,933,39,True,0
Romain Faivre,MID,Bournemouth,0.0,0,0,0,0,0,0.0,0,92,0.00,0.00,0.00,0.00,311,0,0,0.0,0.0,2026-04-11T11:30:00Z,0,False,1,0,0,0,0,0,32,0,7779,0,0,2,1,0.0,0,-30,0,30,45,False,0
Enock Agyei,MID,Burnley,0.0,0,0,0,0,0,0.0,0,203,0.00,0.00,0.00,0.00,313,0,0,0.0,0.0,2026-04-11T14:00:00Z,0,False,6,0,0,0,0,0,32,0,6124,0,0,2,0,0.0,0,10,114,104,47,True,0
Callum Bates,MID,Everton,0.0,0,0,0,0,0,0.0,0,306,0.00,0.00,0.00,0.00,312,0,0,0.0,0.0,2026-04-11T14:00:00Z,0,False,5,0,0,0,0,0,32,0,12611,0,0,2,2,0.0,0,-114,224,338,43,False,0
Harry Tyrer,GK,Everton,0.0,0,0,0,0,0,0.0,0,289,0.00,0.00,0.00,0.00,312,0,0,0.0,0.0,2026-04-11T14:00:00Z,0,False,5,0,0,0,0,0,32,0,11715,0,0,2,2,0.0,0,-133,0,133,39,False,0
Etienne Green,GK,Burnley,0.0,0,0,0,0,0,0.0,0,184,0.00,0.00,0.00,0.00,313,0,0,0.0,0.0,2026-04-11T14:00:00Z,0,False,6,0,0,0,0,0,32,0,20613,0,0,2,0,0.0,0,-93,0,93,40,True,0
Destiny Udogie,DEF,Spurs,0.0,0,0,12,0,4,18.4,5,574,0.04,0.04,0.00,1.33,319,1,0,3.2,11.8,2026-04-12T13:00:00Z,90,False,17,0,0,0,4,0,32,0,38806,1,1,0,1,2.0,2,254,422,168,43,False,0
Simon Moore,GK,Sunderland,0.0,0,0,0,0,0,0.0,0,529,0.00,0.00,0.00,0.00,319,0,0,0.0,0.0,2026-04-12T13:00:00Z,0,False,18,0,0,0,0,0,32,0,45762,0,0,0,1,0.0,0,-305,99,404,39,True,0
Ben Winterburn,MID,Bournemouth,0.0,0,0,0,0,0,0.0,0,96,0.00,0.00,0.00,0.00,311,0,0,0.0,0.0,2026-04-11T11:30:00Z,0,False,1,0,0,0,0,0,32,0,3866,0,0,2,1,0.0,0,-10,0,10,45,False,0
Mikey Moore,MID,Spurs,0.0,0,0,0,0,0,0.0,0,592,0.00,0.00,0.00,0.00,319,0,0,0.0,0.0,2026-04-12T13:00:00Z,0,False,17,0,0,0,0,0,32,0,419,0,0,0,1,0.0,0,0,0,0,50,False,0
Pape Matar Sarr,MID,Spurs,0.0,0,0,4,0,0,0.9,2,593,0.01,0.01,0.00,0.26,319,0,0,0.4,3.4,2026-04-12T13:00:00Z,29,False,17,0,0,0,2,0,32,0,144507,0,0,0,1,0.0,1,-4001,3745,7746,45,False,0
Hákon Rafn Valdimarsson,GK,Brentford,0.0,0,0,0,0,0,0.0,0,105,0.00,0.00,0.00,0.00,312,0,0,0.0,0.0,2026-04-11T14:00:00Z,0,False,9,0,0,0,0,0,32,0,81035,0,0,2,2,0.0,0,3055,4516,1461,38,True,0
Toby Collyer,MID,Man Utd,0.0,0,0,0,0,0,0.0,0,460,0.00,0.00,0.00,0.00,317,0,0,0.0,0.0,2026-04-13T19:00:00Z,0,False,11,0,0,0,0,0,32,0,3260,0,0,2,1,0.0,0,-17,0,17,45,True,0
Jaydon Jones,MID,Sunderland,0.0,0,0,0,0,0,0.0,0,822,0.00,0.00,0.00,0.00,319,0,0,0.0,0.0,2026-04-12T13:00:00Z,0,False,18,0,0,0,0,0,32,0,158,0,0,0,1,0.0,0,63,75,12,45,True,0
Marcos Senesi Barón,DEF,Bournemouth,0.0,0,0,11,0,6,1.3,10,72,0.02,0.02,0.00,2.32,311,1,0,2.6,24.8,2026-04-11T11:30:00Z,90,False,1,0,0,0,5,0,32,0,2732880,1,4,2,1,0.0,4,170089,279110,109021,51,False,0
Adam Armstrong,FWD,Wolves,0.0,0,0,4,0,0,0.8,0,817,0.01,0.17,0.16,1.66,320,3,0,2.9,0.0,2026-04-10T19:00:00Z,70,False,19,0,0,0,0,0,32,0,7615,1,0,0,4,30.0,2,1085,1935,850,52,False,0
Tyler Morton,MID,Liverpool,0.0,0,0,0,0,0,0.0,0,395,0.00,0.00,0.00,0.00,316,0,0,0.0,0.0,2026-04-11T16:30:00Z,0,False,10,0,0,0,0,0,32,0,266,0,0,0,2,0.0,0,0,0,0,45,True,0
Alexis Mac Allister,MID,Liverpool,0.0,0,0,2,0,0,10.3,1,386,0.02,0.12,0.10,0.45,316,0,0,1.2,0.8,2026-04-11T16:30:00Z,22,False,10,0,0,0,1,0,32,0,304712,0,0,0,2,1.0,1,-16329,11156,27485,63,True,0
André Trindade da Costa Neto,MID,Wolves,0.0,0,0,19,0,2,17.0,12,643,0.06,0.08,0.02,2.35,320,4,0,3.5,17.4,2026-04-10T19:00:00Z,90,False,19,0,0,0,6,0,32,0,14650,1,4,0,4,1.0,4,1613,2326,713,52,False,0
Harrison Ashby,DEF,Newcastle,0.0,0,0,0,0,0,0.0,0,482,0.00,0.00,0.00,0.00,315,0,0,0.0,0.0,2026-04-12T13:00:00Z,0,False,8,0,0,0,0,0,32,0,14227,0,0,1,2,0.0,0,-74,0,74,39,False,0
Samuel Amissah,DEF,Fulham,0.0,0,0,0,0,0,0.0,0,323,0.00,0.00,0.00,0.00,316,0,0,0.0,0.0,2026-04-11T16:30:00Z,0,False,12,0,0,0,0,0,32,0,18705,0,0,0,2,0.0,0,-61,116,177,38,False,0
Luís Hemir Silva Semedo,FWD,Sunderland,0.0,0,0,0,0,0,0.0,0,563,0.00,0.00,0.00,0.00,319,0,0,0.0,0.0,2026-04-12T13:00:00Z,0,False,18,0,0,0,0,0,32,0,10543,0,0,0,1,0.0,0,-34,0,34,44,True,0
Adama Traoré Diarra,MID,West Ham,0.0,0,0,-1,0,0,0.2,0,326,0.00,0.35,0.35,0.12,320,0,0,0.2,0.0,2026-04-10T19:00:00Z,12,False,20,0,0,0,0,0,32,0,20398,0,0,0,4,4.0,1,436,728,292,51,True,0
Yasin Ayari,MID,Brighton,0.0,1,0,30,1,4,22.9,17,166,0.02,0.02,0.00,0.88,313,0,0,7.0,40.6,2026-04-11T14:00:00Z,90,False,3,0,0,0,9,0,32,0,50975,1,4,2,0,6.0,8,-88,2824,2912,48,False,0
Mateo Kovačić,MID,Man City,0.0,0,0,4,0,0,2.8,0,422,0.03,0.03,0.00,0.62,314,0,0,0.5,1.8,2026-04-12T15:30:00Z,9,False,7,0,0,0,0,0,32,0,2673,0,0,3,0,0.0,1,52,68,16,58,False,0
Thierno Barry,FWD,Everton,0.0,0,0,3,0,0,10.3,0,310,0.01,0.01,0.00,0.97,312,1,0,1.3,1.0,2026-04-11T14:00:00Z,16,False,5,0,0,0,0,0,32,0,104614,0,0,2,2,2.0,1,-11055,1662,12717,57,False,0
Ollie Scarles,DEF,West Ham,0.0,0,0,0,0,0,0.0,0,608,0.00,0.00,0.00,0.00,320,0,0,0.0,0.0,2026-04-10T19:00:00Z,0,False,20,0,0,0,0,0,32,0,4817,0,0,0,4,0.0,0,4,56,52,43,True,0
Rico Lewis,DEF,Man City,0.0,0,0,0,0,0,0.0,0,410,0.00,0.00,0.00,0.00,314,0,0,0.0,0.0,2026-04-12T15:30:00Z,0,False,7,0,0,0,0,0,32,0,154680,0,0,3,0,0.0,0,-97,568,665,46,False,0
Brenden Aaronson,MID,Leeds,0.0,1,0,21,0,1,25.3,7,350,0.03,0.13,0.10,1.29,317,1,0,5.6,23.4,2026-04-13T19:00:00Z,85,False,14,0,0,0,5,0,32,0,90838,1,1,2,1,7.0,5,11973,25959,13986,54,False,0
Eliezer Mayenda Dossou,FWD,Sunderland,0.0,0,0,0,0,0,0.0,0,561,0.00,0.00,0.00,0.00,319,0,0,0.0,0.0,2026-04-12T13:00:00Z,0,False,18,0,0,0,0,0,32,0,66945,0,0,0,1,0.0,0,-883,244,1127,52,True,0
Seth Ridgeon,MID,Fulham,0.0,0,0,0,0,0,0.0,0,770,0.00,0.00,0.00,0.00,316,0,0,0.0,0.0,2026-04-11T16:30:00Z,0,False,12,0,0,0,0,0,32,0,654,0,0,0,2,0.0,0,14,50,36,45,False,0
Steven Benda,GK,Fulham,0.0,0,0,0,0,0,0.0,0,315,0.00,0.00,0.00,0.00,316,0,0,0.0,0.0,2026-04-11T16:30:00Z,0,False,12,0,0,0,0,0,32,0,927,0,0,0,2,0.0,0,-9,0,9,40,False,0
Myles Lewis-Skelly,DEF,Arsenal,0.0,0,0,5,0,3,2.3,5,10,0.02,0.07,0.05,1.19,311,2,0,2.3,14.0,2026-04-11T11:30:00Z,90,False,4,0,0,0,3,0,32,0,181952,1,2,2,1,7.0,1,54,829,775,50,True,0
Hugo Bueno López,DEF,Wolves,0.0,0,0,1,0,5,17.2,7,633,0.02,0.07,0.05,2.35,320,4,0,4.8,18.8,2026-04-10T19:00:00Z,90,False,19,0,0,0,6,0,32,0,26242,1,2,0,4,12.0,0,57,1507,1450,43,False,0
Milan Aleksić,MID,Sunderland,0.0,0,0,0,0,0,0.0,0,546,0.00,0.00,0.00,0.00,319,0,0,0.0,0.0,2026-04-12T13:00:00Z,0,False,18,0,0,0,0,0,32,0,2240,0,0,0,1,0.0,0,0,24,24,49,True,0
Toti Gomes,DEF,Wolves,0.0,0,0,0,0,0,0.0,0,637,0.00,0.00,0.00,0.00,320,0,0,0.0,0.0,2026-04-10T19:00:00Z,0,False,19,0,0,0,0,0,32,0,10566,0,0,0,4,0.0,0,12,93,81,42,False,0
Ismaïla Sarr,MID,Crystal Palace,0.0,0,0,5,0,0,4.3,4,267,0.07,0.13,0.06,0.02,315,0,0,1.8,4.4,2026-04-12T13:00:00Z,26,False,15,0,0,0,3,0,32,0,519480,0,1,1,2,9.0,1,28999,60435,31436,63,True,0
Abdukodir Khusanov,DEF,Man City,0.0,0,0,25,1,4,22.9,4,406,0.03,0.06,0.03,1.14,314,0,0,4.3,19.0,2026-04-12T15:30:00Z,90,False,7,0,0,0,3,0,32,0,53332,1,0,3,0,1.0,6,5738,6513,775,54,False,0
André Onana,GK,Man Utd,0.0,0,0,0,0,0,0.0,0,432,0.00,0.00,0.00,0.00,317,0,0,0.0,0.0,2026-04-13T19:00:00Z,0,False,11,0,0,0,0,0,32,0,18238,0,0,2,1,0.0,0,-31,0,31,49,True,0
Rio Cardines,MID,Crystal Palace,0.0,0,0,0,0,0,0.0,0,690,0.00,0.00,0.00,0.00,315,0,0,0.0,0.0,2026-04-12T13:00:00Z,0,False,15,0,0,0,0,0,32,0,33651,0,0,1,2,0.0,0,-62,58,120,44,True,0
Alejandro Garnacho Ferreyra,MID,Chelsea,0.0,0,0,3,0,0,1.7,1,453,0.01,0.01,0.00,0.53,314,1,0,0.4,0.2,2026-04-12T15:30:00Z,23,False,13,0,0,0,1,0,32,0,60793,0,0,3,0,2.0,1,-1124,1099,2223,64,True,0
Tammy Abraham,FWD,Aston Villa,0.0,0,0,3,0,0,0.0,0,808,0.00,0.00,0.00,0.00,318,0,0,0.0,0.0,2026-04-12T13:00:00Z,3,False,16,0,0,0,0,0,32,0,27516,0,0,1,1,0.0,1,-4932,770,5702,59,False,0
Dan Neil,MID,Sunderland,0.0,0,0,0,0,0,0.0,0,549,0.00,0.00,0.00,0.00,319,0,0,0.0,0.0,2026-04-12T13:00:00Z,0,False,18,0,0,0,0,0,32,0,3572,0,0,0,1,0.0,0,-27,0,27,48,True,0
Kiernan Dewsbury-Hall,MID,Everton,0.0,0,2,36,0,0,26.5,10,242,0.05,0.42,0.37,2.84,312,2,1,11.3,48.0,2026-04-11T14:00:00Z,90,False,5,0,0,0,8,0,32,0,623131,1,2,2,2,38.0,9,-34289,29144,63433,51,False,0
Kieran Trippier,DEF,Newcastle,0.0,0,0,0,0,0,0.0,0,478,0.00,0.00,0.00,0.00,315,0,0,0.0,0.0,2026-04-12T13:00:00Z,0,False,8,0,0,0,0,0,32,0,183959,0,0,1,2,0.0,0,682,2398,1716,49,False,0
João Maria Lobo Alves Palhares Costa Palhinha Gonçalves,MID,Spurs,0.0,0,0,2,0,1,0.4,4,673,0.00,0.00,0.00,0.26,319,0,0,0.4,3.4,2026-04-12T13:00:00Z,29,False,17,0,0,0,2,0,32,0,97676,0,1,0,1,0.0,1,-786,515,1301,55,False,0
Tino Livramento,DEF,Newcastle,0.0,0,0,8,0,2,7.0,2,477,0.03,0.03,0.00,2.56,315,2,0,1.7,10.2,2026-04-12T13:00:00Z,90,False,8,0,0,0,7,0,32,0,250373,1,0,1,2,0.0,1,1473,3679,2206,49,False,0
Issa Diop,DEF,Fulham,0.0,0,0,0,0,0,0.0,0,320,0.00,0.00,0.00,0.00,316,0,0,0.0,0.0,2026-04-11T16:30:00Z,0,False,12,0,0,0,0,0,32,0,9877,0,0,0,2,0.0,0,-48,147,195,43,False,0
Rasmus Højlund,FWD,Man Utd,0.0,0,0,0,0,0,0.0,0,465,0.00,0.00,0.00,0.00,317,0,0,0.0,0.0,2026-04-13T19:00:00Z,0,False,11,0,0,0,0,0,32,0,32934,0,0,2,1,0.0,0,-41,0,41,63,True,0
Dane Scarlett,FWD,Spurs,0.0,0,0,0,0,0,0.0,0,599,0.00,0.00,0.00,0.00,319,0,0,0.0,0.0,2026-04-12T13:00:00Z,0,False,17,0,0,0,0,0,32,0,69893,0,0,0,1,0.0,0,-585,0,585,43,False,0
Ezri Konsa Ngoyo,DEF,Aston Villa,0.0,0,0,0,0,0,0.0,0,38,0.00,0.00,0.00,0.00,318,0,0,0.0,0.0,2026-04-12T13:00:00Z,0,False,16,0,0,0,0,0,32,0,1048946,0,0,1,1,0.0,0,-15850,16412,32262,44,False,0
Caleb Kporha,DEF,Crystal Palace,0.0,0,0,0,0,0,0.0,0,265,0.00,0.00,0.00,0.00,315,0,0,0.0,0.0,2026-04-12T13:00:00Z,0,False,15,0,0,0,0,0,32,0,2320,0,0,1,2,0.0,0,4,49,45,40,True,0
Leon Routh,DEF,Aston Villa,0.0,0,0,0,0,0,0.0,0,768,0.00,0.00,0.00,0.00,318,0,0,0.0,0.0,2026-04-12T13:00:00Z,0,False,16,0,0,0,0,0,32,0,2299,0,0,1,1,0.0,0,-3,24,27,40,False,0
Archie Gray,MID,Spurs,0.0,0,0,7,0,3,0.8,5,591,0.00,0.00,0.00,1.07,319,1,0,0.4,3.6,2026-04-12T13:00:00Z,60,False,17,0,0,0,2,0,32,0,21143,1,0,0,1,0.0,2,-65,966,1031,48,False,0
Noah Sadiki,MID,Sunderland,0.0,0,0,15,1,4,24.8,11,552,0.04,0.20,0.16,0.84,319,0,0,5.3,15.2,2026-04-12T13:00:00Z,90,False,18,0,0,0,4,0,32,0,7422,1,3,0,1,13.0,3,-29,133,162,49,True,0
Sávio Moreira de Oliveira,MID,Man City,0.0,0,0,4,0,0,5.3,0,415,0.03,0.03,0.00,0.62,314,0,0,1.1,2.0,2026-04-12T15:30:00Z,14,False,7,0,0,0,0,0,32,0,51312,0,0,3,0,4.0,1,86,337,251,69,False,0
Nathan Collins,DEF,Brentford,0.0,0,0,10,0,10,1.2,11,106,0.01,0.25,0.24,1.53,312,2,0,3.2,19.0,2026-04-11T14:00:00Z,90,False,9,0,0,0,6,0,32,0,369169,1,1,2,2,12.0,3,-5296,12255,17551,49,True,0
Manuel Ugarte Ribeiro,MID,Man Utd,0.0,0,0,20,0,8,8.1,12,459,0.01,0.23,0.22,2.37,317,2,0,4.7,28.4,2026-04-13T19:00:00Z,90,False,11,0,0,0,1,0,32,0,18642,1,3,2,1,10.0,4,-91,196,287,47,True,0
Lewis Hall,DEF,Newcastle,0.0,0,0,9,0,4,20.4,4,473,0.07,0.11,0.04,2.56,315,2,0,4.9,17.8,2026-04-12T13:00:00Z,90,False,8,0,0,0,6,0,32,0,536267,1,0,1,2,11.0,1,-8165,45667,53832,54,False,0
Wesley Fofana,DEF,Chelsea,0.0,0,0,7,0,13,0.3,16,230,0.00,0.00,0.00,2.29,314,3,0,3.1,30.8,2026-04-12T15:30:00Z,90,False,13,0,0,0,1,0,32,0,49066,1,3,3,0,0.0,3,873,8527,7654,44,True,0
Martial Godo,MID,Fulham,0.0,0,0,0,0,0,0.0,0,333,0.00,0.00,0.00,0.00,316,0,0,0.0,0.0,2026-04-11T16:30:00Z,0,False,12,0,0,0,0,0,32,0,2985,0,0,0,2,0.0,0,-9,0,9,45,False,0
Leo Fuhr Hjelde,DEF,Sunderland,0.0,0,0,0,0,0,0.0,0,536,0.00,0.00,0.00,0.00,319,0,0,0.0,0.0,2026-04-12T13:00:00Z,0,False,18,0,0,0,0,0,32,0,1659,0,0,0,1,0.0,0,-16,0,16,40,True,0
Krisztián Hegyi,GK,West Ham,0.0,0,0,0,0,0,0.0,0,602,0.00,0.00,0.00,0.00,320,0,0,0.0,0.0,2026-04-10T19:00:00Z,0,False,20,0,0,0,0,0,32,0,25950,0,0,0,4,0.0,0,-289,0,289,39,True,0
Will Hughes,MID,Crystal Palace,0.0,0,0,10,0,4,2.1,8,270,0.01,0.01,0.00,1.12,315,1,0,0.9,6.8,2026-04-12T13:00:00Z,63,False,15,0,0,0,3,0,32,0,13013,1,1,1,2,0.0,2,-80,165,245,47,True,0
Jadon Sancho,MID,Aston Villa,0.0,0,0,0,0,0,0.0,0,456,0.00,0.00,0.00,0.00,318,0,0,0.0,0.0,2026-04-12T13:00:00Z,0,False,16,0,0,0,0,0,32,0,28509,0,0,1,1,0.0,0,-387,494,881,58,False,0
Amine Adli,MID,Bournemouth,0.0,0,0,0,0,0,0.0,0,697,0.00,0.00,0.00,0.00,311,0,0,0.0,0.0,2026-04-11T11:30:00Z,0,False,1,0,0,0,0,0,32,0,46780,0,0,2,1,0.0,0,-8219,601,8820,54,False,0
Micky van de Ven,DEF,Spurs,0.0,0,0,10,0,7,0.2,7,575,0.00,0.00,0.00,1.33,319,1,0,2.1,20.8,2026-04-12T13:00:00Z,90,False,17,0,0,0,3,0,32,0,2426214,1,0,0,1,0.0,1,-69020,12022,81042,44,False,1
Konstantinos Mavropanos,DEF,West Ham,0.0,0,3,59,1,6,10.7,9,606,0.05,0.40,0.35,0.59,320,0,2,15.0,87.0,2026-04-10T19:00:00Z,90,False,20,0,0,0,6,0,32,0,31836,1,3,0,4,52.0,21,9912,13087,3175,44,True,0
Emmanuel Agbadou,DEF,Wolves,0.0,0,0,0,0,0,0.0,0,631,0.00,0.00,0.00,0.00,320,0,0,0.0,0.0,2026-04-10T19:00:00Z,0,False,19,0,0,0,0,0,32,0,14571,0,0,0,4,0.0,0,-99,0,99,42,False,0
Oscar Bobb,MID,Fulham,0.0,0,0,11,0,0,15.2,2,424,0.04,0.13,0.09,0.81,316,2,0,4.7,10.4,2026-04-11T16:30:00Z,45,False,12,0,0,0,1,0,32,0,29573,1,1,0,2,21.0,1,-1126,308,1434,51,False,0
Oluwaseun Adewumi,MID,Burnley,0.0,0,0,0,0,0,0.0,0,212,0.00,0.00,0.00,0.00,313,0,0,0.0,0.0,2026-04-11T14:00:00Z,0,False,6,0,0,0,0,0,32,0,783,0,0,2,0,0.0,0,-1,0,1,45,True,0
Jordan Henderson,MID,Brentford,0.0,0,0,0,0,0,0.0,0,124,0.00,0.00,0.00,0.00,312,0,0,0.0,0.0,2026-04-11T14:00:00Z,0,False,9,0,0,0,0,0,32,0,43477,0,0,2,2,0.0,0,52,860,808,50,True,0
Harry Wilson,MID,Fulham,0.0,0,0,13,0,4,37.1,5,329,0.20,0.24,0.04,1.48,316,2,0,5.9,12.6,2026-04-11T16:30:00Z,79,False,12,0,0,0,1,0,32,0,3039496,1,0,0,2,9.0,2,-192827,143797,336624,61,False,0
Charlie Stevens,MID,Bournemouth,0.0,0,0,0,0,0,0.0,0,799,0.00,0.00,0.00,0.00,311,0,0,0.0,0.0,2026-04-11T11:30:00Z,0,False,1,0,0,0,0,0,32,0,686,0,0,2,1,0.0,0,12,50,38,45,False,0
Malick Thiaw,DEF,Newcastle,0.0,0,0,7,0,7,1.5,10,684,0.02,0.02,0.00,2.56,315,2,0,2.0,16.8,2026-04-12T13:00:00Z,90,False,8,0,0,0,1,0,32,0,917777,1,3,1,2,2.0,2,-146219,38483,184702,51,False,1
Emerson Palmieri dos Santos,DEF,West Ham,0.0,0,0,0,0,0,0.0,0,604,0.00,0.00,0.00,0.00,320,0,0,0.0,0.0,2026-04-10T19:00:00Z,0,False,20,0,0,0,0,0,32,0,6530,0,0,0,4,0.0,0,-13,0,13,44,True,0
Godwill Kukonki,DEF,Man Utd,0.0,0,0,0,0,0,0.0,0,788,0.00,0.00,0.00,0.00,317,0,0,0.0,0.0,2026-04-13T19:00:00Z,0,False,11,0,0,0,0,0,32,0,1572,0,0,2,1,0.0,0,-4,29,33,40,True,0
Trey Nyoni,MID,Liverpool,0.0,0,0,3,0,0,0.1,0,396,0.00,0.00,0.00,0.00,316,0,0,0.0,0.0,2026-04-11T16:30:00Z,1,False,10,0,0,0,0,0,32,0,39636,0,0,0,2,0.0,1,-315,244,559,43,True,0
Conor McManus,DEF,Brentford,0.0,0,0,0,0,0,0.0,0,824,0.00,0.00,0.00,0.00,312,0,0,0.0,0.0,2026-04-11T14:00:00Z,0,False,9,0,0,0,0,0,32,0,188,0,0,2,2,0.0,0,33,37,4,40,True,0
Nilson Angulo,MID,Sunderland,0.0,0,0,0,0,0,0.0,0,813,0.00,0.00,0.00,0.00,319,0,0,0.0,0.0,2026-04-12T13:00:00Z,0,False,18,0,0,0,0,0,32,0,612,0,0,0,1,0.0,0,-109,6,115,50,True,0
Angel Gomes,MID,Wolves,0.0,0,0,8,0,0,17.7,0,816,0.08,0.18,0.10,1.05,320,1,0,2.9,3.0,2026-04-10T19:00:00Z,60,False,19,0,0,0,0,0,32,0,1741,1,0,0,4,8.0,2,-86,103,189,47,False,0
Saheed Olagunju,DEF,Wolves,0.0,0,0,0,0,0,0.0,0,766,0.00,0.00,0.00,0.00,320,0,0,0.0,0.0,2026-04-10T19:00:00Z,0,False,19,0,0,0,0,0,32,0,3844,0,0,0,4,0.0,0,47,155,108,40,False,0
Ladislav Krejcí,DEF,Wolves,0.0,0,0,0,0,5,12.6,8,709,0.06,0.07,0.01,2.35,320,4,0,4.4,27.2,2026-04-10T19:00:00Z,90,False,19,0,0,0,7,0,32,0,8905,1,3,0,4,4.0,0,472,779,307,45,False,0
Malo Gusto,DEF,Chelsea,0.0,0,0,-1,0,1,2.3,6,228,0.01,0.01,0.00,2.12,314,3,0,1.6,13.2,2026-04-12T15:30:00Z,87,False,13,0,0,0,3,0,32,0,255203,1,5,3,0,0.0,1,9868,27962,18094,49,True,0
Riley Owen,MID,Brentford,0.0,0,0,0,0,0,0.0,0,826,0.00,0.00,0.00,0.00,312,0,0,0.0,0.0,2026-04-11T14:00:00Z,0,False,9,0,0,0,0,0,32,0,0,0,0,2,2,0.0,0,0,0,0,45,True,0
Jérémy Doku,MID,Man City,0.0,0,0,29,1,0,17.6,9,418,0.06,0.24,0.18,0.52,314,0,1,9.9,37.8,2026-04-12T15:30:00Z,75,False,7,0,0,0,8,0,32,0,309246,1,1,3,0,44.0,8,5698,8096,2398,64,False,0
Triston Rowe,DEF,Aston Villa,0.0,0,0,0,0,0,0.0,0,701,0.00,0.00,0.00,0.00,318,0,0,0.0,0.0,2026-04-12T13:00:00Z,0,False,16,0,0,0,0,0,32,0,8930,0,0,1,1,0.0,0,-19,0,19,40,False,0
Luis Guilherme Lira dos Santos,MID,West Ham,0.0,0,0,0,0,0,0.0,0,619,0.00,0.00,0.00,0.00,320,0,0,0.0,0.0,2026-04-10T19:00:00Z,0,False,20,0,0,0,0,0,32,0,2474,0,0,0,4,0.0,0,-13,0,13,49,True,0
Sebastiaan Bornauw,DEF,Leeds,0.0,0,0,0,0,0,0.0,0,345,0.00,0.00,0.00,0.00,317,0,0,0.0,0.0,2026-04-13T19:00:00Z,0,False,14,0,0,0,0,0,32,0,18067,0,0,2,1,0.0,0,-329,228,557,38,False,0
Kendry Páez Andrade,MID,Chelsea,0.0,0,0,0,0,0,0.0,0,248,0.00,0.00,0.00,0.00,314,0,0,0.0,0.0,2026-04-12T15:30:00Z,0,False,13,0,0,0,0,0,32,0,556,0,0,3,0,0.0,0,-2,0,2,45,True,0
Asher Agbinone,MID,Crystal Palace,0.0,0,0,0,0,0,0.0,0,274,0.00,0.00,0.00,0.00,315,0,0,0.0,0.0,2026-04-12T13:00:00Z,0,False,15,0,0,0,0,0,32,0,12809,0,0,1,2,0.0,0,-164,277,441,43,True,0
Matz Sels,GK,Nott'm Forest,0.0,0,0,16,0,0,0.0,0,502,0.00,0.00,0.00,1.02,318,1,0,3.6,35.6,2026-04-12T13:00:00Z,90,False,2,0,0,0,5,0,32,5,626569,1,0,1,1,0.0,3,5851,11527,5676,46,True,0
Álex Jiménez Sánchez,DEF,Bournemouth,0.0,0,0,9,0,2,1.5,4,713,0.01,0.01,0.00,2.19,311,1,0,0.8,6.6,2026-04-11T11:30:00Z,89,False,1,0,0,0,9,0,32,0,32831,1,2,2,1,0.0,2,-2670,1217,3887,45,False,0
Marko Stamenić,MID,Nott'm Forest,0.0,0,0,0,0,0,0.0,0,524,0.00,0.00,0.00,0.00,318,0,0,0.0,0.0,2026-04-12T13:00:00Z,0,False,2,0,0,0,0,0,32,0,2155,0,0,1,1,0.0,0,-6,0,6,45,True,0
Nathan Fraser,FWD,Wolves,0.0,0,0,0,0,0,0.0,0,658,0.00,0.00,0.00,0.00,320,0,0,0.0,0.0,2026-04-10T19:00:00Z,0,False,19,0,0,0,0,0,32,0,237714,0,0,0,4,0.0,0,-2420,1693,4113,42,False,0
Evan Ferguson,FWD,Brighton,0.0,0,0,0,0,0,0.0,0,179,0.00,0.00,0.00,0.00,313,0,0,0.0,0.0,2026-04-11T14:00:00Z,0,False,3,0,0,0,0,0,32,0,965,0,0,2,0,0.0,0,0,0,0,55,False,0
Idrissa Gana Gueye,MID,Everton,0.0,1,0,25,0,5,12.8,9,302,0.60,0.71,0.11,1.86,312,1,0,6.4,28.8,2026-04-11T14:00:00Z,73,False,5,0,0,0,3,0,32,0,14438,1,1,2,2,22.0,5,1614,1973,359,54,False,0
Justin Devenny,MID,Crystal Palace,0.0,0,0,0,0,0,0.0,0,276,0.00,0.00,0.00,0.00,315,0,0,0.0,0.0,2026-04-12T13:00:00Z,0,False,15,0,0,0,0,0,32,0,155372,0,0,1,2,0.0,0,-3581,2095,5676,43,True,0
Karl Darlow,GK,Leeds,0.0,0,0,23,0,3,0.0,0,341,0.00,0.00,0.00,1.31,317,1,0,4.9,48.8,2026-04-13T19:00:00Z,90,False,14,0,0,0,10,0,32,6,618171,1,0,2,1,0.0,4,280166,295833,15667,39,False,0
Junior Kroupi,FWD,Bournemouth,0.0,0,1,25,0,1,0.8,2,100,0.00,0.66,0.66,2.08,311,1,1,7.7,30.6,2026-04-11T11:30:00Z,84,False,1,0,0,0,1,0,32,0,702624,1,0,2,1,46.0,6,-97267,13289,110556,47,False,1
Habib Diarra,MID,Sunderland,0.0,1,0,16,1,0,26.8,2,544,0.03,0.07,0.04,0.84,319,0,0,5.4,16.4,2026-04-12T13:00:00Z,90,False,18,0,0,0,2,0,32,0,14407,1,0,0,1,11.0,6,527,1589,1062,53,True,0
Luis Sinisterra Lucumí,MID,Bournemouth,0.0,0,0,0,0,0,0.0,0,91,0.00,0.00,0.00,0.00,311,0,0,0.0,0.0,2026-04-11T11:30:00Z,0,False,1,0,0,0,0,0,32,0,1254,0,0,2,1,0.0,0,-3,0,3,50,False,0
Antonín Kinský,GK,Spurs,0.0,0,0,9,0,2,0.0,0,567,0.00,0.00,0.00,1.33,319,1,0,1.3,13.2,2026-04-12T13:00:00Z,90,False,17,0,0,0,9,0,32,1,202701,1,0,0,1,0.0,2,-1271,1075,2346,39,False,0
Jakub Kiwior,DEF,Arsenal,0.0,0,0,0,0,0,0.0,0,9,0.00,0.00,0.00,0.00,311,0,0,0.0,0.0,2026-04-11T11:30:00Z,0,False,4,0,0,0,0,0,32,0,6134,0,0,2,1,0.0,0,-8,0,8,54,True,0
Fábio Soares Silva,FWD,Wolves,0.0,0,0,0,0,0,0.0,0,655,0.00,0.00,0.00,0.00,320,0,0,0.0,0.0,2026-04-10T19:00:00Z,0,False,19,0,0,0,0,0,32,0,21378,0,0,0,4,0.0,0,-30,0,30,49,False,0
Đorđe Petrović,GK,Bournemouth,0.0,0,0,10,0,4,0.0,0,67,0.00,0.00,0.00,2.32,311,1,0,1.4,14.2,2026-04-11T11:30:00Z,90,False,1,0,0,0,5,0,32,2,689469,1,0,2,1,0.0,2,9555,57027,47472,46,False,0
Kim Ji-soo,DEF,Brentford,0.0,0,0,0,0,0,0.0,0,117,0.00,0.00,0.00,0.00,312,0,0,0.0,0.0,2026-04-11T14:00:00Z,0,False,9,0,0,0,0,0,32,0,10091,0,0,2,2,0.0,0,-39,0,39,39,True,0
Alphonse Areola,GK,West Ham,0.0,0,0,0,0,0,0.0,0,600,0.00,0.00,0.00,0.00,320,0,0,0.0,0.0,2026-04-10T19:00:00Z,0,False,20,0,0,0,0,0,32,0,258334,0,0,0,4,0.0,0,-2727,2593,5320,43,True,0
Gabriel dos Santos Magalhães,DEF,Arsenal,0.0,1,0,12,0,7,0.6,8,5,0.01,0.09,0.08,1.19,311,2,0,3.8,16.0,2026-04-11T11:30:00Z,90,False,4,0,0,0,5,0,32,0,5650544,1,1,2,1,21.0,4,67855,209462,141607,72,True,0
Jamaldeen Jimoh-Aloba,MID,Aston Villa,0.0,0,0,0,0,0,0.0,0,62,0.00,0.00,0.00,0.00,318,0,0,0.0,0.0,2026-04-12T13:00:00Z,0,False,16,0,0,0,0,0,32,0,7504,0,0,1,1,0.0,0,-77,0,77,45,False,0
George Brierley,MID,Burnley,0.0,0,0,0,0,0,0.0,0,784,0.00,0.00,0.00,0.00,313,0,0,0.0,0.0,2026-04-11T14:00:00Z,0,False,6,0,0,0,0,0,32,0,404,0,0,2,0,0.0,0,8,28,20,45,True,0
Armando Broja,FWD,Burnley,0.0,0,0,2,0,0,0.6,0,680,0.00,0.00,0.00,0.13,313,1,0,0.2,1.0,2026-04-11T14:00:00Z,8,False,6,0,0,0,0,0,32,0,19706,0,0,2,0,0.0,1,-239,159,398,52,True,0
Benoît Badiashile Mukinayi,DEF,Chelsea,0.0,0,0,0,0,0,0.0,0,229,0.00,0.00,0.00,0.00,314,0,0,0.0,0.0,2026-04-12T15:30:00Z,0,False,13,0,0,0,0,0,32,0,3903,0,0,3,0,0.0,0,-144,32,176,44,True,0
Reigan Heskey,MID,Man City,0.0,0,0,0,0,0,0.0,0,764,0.00,0.00,0.00,0.00,314,0,0,0.0,0.0,2026-04-12T15:30:00Z,0,False,7,0,0,0,0,0,32,0,447,0,0,3,0,0.0,0,2,18,16,45,False,0
Divine Mukasa,MID,Man City,0.0,0,0,0,0,0,0.0,0,739,0.00,0.00,0.00,0.00,314,0,0,0.0,0.0,2026-04-12T15:30:00Z,0,False,7,0,0,0,0,0,32,0,2364,0,0,3,0,0.0,0,-18,0,18,44,False,0
Aarón Anselmino,DEF,Chelsea,0.0,0,0,0,0,0,0.0,0,234,0.00,0.00,0.00,0.00,314,0,0,0.0,0.0,2026-04-12T15:30:00Z,0,False,13,0,0,0,0,0,32,0,6910,0,0,3,0,0.0,0,-22,0,22,40,True,0
Jean-Ricner Bellegarde,MID,Wolves,0.0,0,0,3,0,1,1.2,5,644,0.01,0.02,0.01,1.05,320,1,0,0.8,3.8,2026-04-10T19:00:00Z,60,False,19,0,0,0,3,0,32,0,6346,1,1,0,4,3.0,1,624,753,129,51,False,1
Luke Harris,MID,Fulham,0.0,0,0,0,0,0,0.0,0,334,0.00,0.00,0.00,0.00,316,0,0,0.0,0.0,2026-04-11T16:30:00Z,0,False,12,0,0,0,0,0,32,0,181,0,0,0,2,0.0,0,-1,0,1,45,False,0
Ola Aina,DEF,Nott'm Forest,0.0,0,0,20,0,4,26.2,7,507,0.13,0.13,0.00,1.02,318,1,0,4.8,19.6,2026-04-12T13:00:00Z,88,False,2,0,0,0,6,0,32,0,311780,1,3,1,1,2.0,2,3160,7722,4562,47,True,0
Dominik Szoboszlai,MID,Liverpool,0.0,0,0,18,1,8,25.4,15,387,0.05,0.07,0.02,1.04,316,0,0,5.6,23.6,2026-04-11T16:30:00Z,90,False,10,0,0,0,5,0,32,0,1778905,1,2,0,2,7.0,5,-12278,118336,130614,71,True,0
Arnaud Kalimuendo,FWD,Nott'm Forest,0.0,0,0,0,0,0,0.0,0,696,0.00,0.00,0.00,0.00,318,0,0,0.0,0.0,2026-04-12T13:00:00Z,0,False,2,0,0,0,0,0,32,0,14949,0,0,1,1,0.0,0,-69,0,69,60,True,0
Freddie Simmonds,DEF,Brighton,0.0,0,0,0,0,0,0.0,0,761,0.00,0.00,0.00,0.00,313,0,0,0.0,0.0,2026-04-11T14:00:00Z,0,False,3,0,0,0,0,0,32,0,2270,0,0,2,0,0.0,0,-17,44,61,40,False,0
Marcus Bettinelli,GK,Man City,0.0,0,0,0,0,0,0.0,0,401,0.00,0.00,0.00,0.00,314,0,0,0.0,0.0,2026-04-12T15:30:00Z,0,False,7,0,0,0,0,0,32,0,55131,0,0,3,0,0.0,0,-680,1406,2086,38,False,0
Tomáš Souček,MID,West Ham,0.0,0,0,14,1,5,6.0,8,613,0.01,0.05,0.04,0.59,320,0,0,2.9,13.6,2026-04-10T19:00:00Z,90,False,20,0,0,0,2,0,32,0,43014,1,1,0,4,9.0,3,3706,5114,1408,57,True,0
Jack Grealish,MID,Everton,0.0,0,0,0,0,0,0.0,0,419,0.00,0.00,0.00,0.00,312,0,0,0.0,0.0,2026-04-11T14:00:00Z,0,False,5,0,0,0,0,0,32,0,746293,0,0,2,2,0.0,0,-5397,80,5477,63,False,0
Ilia Gruev,MID,Leeds,0.0,0,0,3,0,2,2.9,3,356,0.01,0.04,0.03,0.64,317,0,0,0.6,2.2,2026-04-13T19:00:00Z,16,False,14,0,0,0,1,0,32,0,14841,0,0,2,1,1.0,1,-588,589,1177,47,False,0
Kadan Young,MID,Aston Villa,0.0,0,0,0,0,0,0.0,0,63,0.00,0.00,0.00,0.00,318,0,0,0.0,0.0,2026-04-12T13:00:00Z,0,False,16,0,0,0,0,0,32,0,66499,0,0,1,1,0.0,0,-1251,0,1251,43,False,0
Endo Wataru,MID,Liverpool,0.0,0,0,0,0,0,0.0,0,392,0.00,0.00,0.00,0.00,316,0,0,0.0,0.0,2026-04-11T16:30:00Z,0,False,10,0,0,0,0,0,32,0,10708,0,0,0,2,0.0,0,-59,8,67,49,True,0
Samuel Chukwueze,MID,Fulham,0.0,0,0,3,0,0,21.1,2,727,0.09,0.22,0.13,0.10,316,0,0,3.4,4.2,2026-04-11T16:30:00Z,10,False,12,0,0,0,2,0,32,0,11040,0,0,0,2,9.0,1,-619,232,851,53,False,0
Oliver Pimlott,MID,Burnley,0.0,0,0,0,0,0,0.0,0,776,0.00,0.00,0.00,0.00,313,0,0,0.0,0.0,2026-04-11T14:00:00Z,0,False,6,0,0,0,0,0,32,0,571,0,0,2,0,0.0,0,13,86,73,45,True,0
Mats Wieffer,MID,Brighton,0.0,0,3,60,1,4,0.8,14,173,0.00,0.25,0.25,0.88,313,0,2,11.5,90.4,2026-04-11T14:00:00Z,90,False,3,0,0,0,4,0,32,0,15923,1,6,2,0,24.0,18,561,1530,969,49,False,0
İlkay Gündoğan,MID,Man City,0.0,0,0,0,0,0,0.0,0,420,0.00,0.00,0.00,0.00,314,0,0,0.0,0.0,2026-04-12T15:30:00Z,0,False,7,0,0,0,0,0,32,0,7813,0,0,3,0,0.0,0,-16,0,16,63,False,0
Pedro Porro Sauceda,DEF,Spurs,0.0,0,0,15,0,5,47.5,6,568,0.16,0.26,0.10,1.33,319,1,0,11.7,28.6,2026-04-12T13:00:00Z,90,False,17,0,0,0,1,0,32,0,1224916,1,1,0,1,41.0,1,-293,10413,10706,51,False,1
Daichi Kamada,MID,Crystal Palace,0.0,0,0,3,0,0,0.3,2,271,0.01,0.01,0.00,0.00,315,0,0,0.3,0.4,2026-04-12T13:00:00Z,14,False,15,0,0,0,2,0,32,0,9895,0,0,1,2,2.0,1,36,127,91,50,True,0
Tyrique George,MID,Everton,0.0,0,0,5,0,0,5.0,2,243,0.04,0.12,0.08,0.97,312,1,0,3.4,5.4,2026-04-11T14:00:00Z,16,False,5,0,0,0,1,0,32,0,8534,0,1,2,2,24.0,1,-130,68,198,48,False,0
Alysson Edward Franco da Rocha dos Santos,MID,Aston Villa,0.0,0,0,0,0,0,0.0,0,792,0.00,0.00,0.00,0.00,318,0,0,0.0,0.0,2026-04-12T13:00:00Z,0,False,16,0,0,0,0,0,32,0,503,0,0,1,1,0.0,0,-1,25,26,50,False,0
Andy Irving,MID,West Ham,0.0,0,0,0,0,0,0.0,0,621,0.00,0.00,0.00,0.00,320,0,0,0.0,0.0,2026-04-10T19:00:00Z,0,False,20,0,0,0,0,0,32,0,26830,0,0,0,4,0.0,0,-345,0,345,43,True,0
Nick Pope,GK,Newcastle,0.0,0,0,0,0,0,0.0,0,469,0.00,0.00,0.00,0.00,315,0,0,0.0,0.0,2026-04-12T13:00:00Z,0,False,8,0,0,0,0,0,32,0,570591,0,0,1,2,0.0,0,-11756,2478,14234,50,False,0
Karl Hein,GK,Arsenal,0.0,0,0,0,0,0,0.0,0,3,0.00,0.00,0.00,0.00,311,0,0,0.0,0.0,2026-04-11T11:30:00Z,0,False,4,0,0,0,0,0,32,0,25957,0,0,2,1,0.0,0,-85,0,85,40,True,0
Ki-Jana Hoever,DEF,Wolves,0.0,0,0,0,0,0,0.0,0,638,0.00,0.00,0.00,0.00,320,0,0,0.0,0.0,2026-04-10T19:00:00Z,0,False,19,0,0,0,0,0,32,0,118789,0,0,0,4,0.0,0,-1733,0,1733,38,False,0
Fer López González,MID,Wolves,0.0,0,0,0,0,0,0.0,0,645,0.00,0.00,0.00,0.00,320,0,0,0.0,0.0,2026-04-10T19:00:00Z,0,False,19,0,0,0,0,0,32,0,3452,0,0,0,4,0.0,0,-14,0,14,51,False,0
Daniel James,MID,Leeds,0.0,0,0,0,0,0,0.0,0,353,0.00,0.00,0.00,0.00,317,0,0,0.0,0.0,2026-04-13T19:00:00Z,0,False,14,0,0,0,0,0,32,0,13049,0,0,2,1,0.0,0,-26,115,141,52,False,0
Christopher Nkunku,MID,Chelsea,0.0,0,0,0,0,0,0.0,0,240,0.00,0.00,0.00,0.00,314,0,0,0.0,0.0,2026-04-12T15:30:00Z,0,False,13,0,0,0,0,0,32,0,10250,0,0,3,0,0.0,0,-18,0,18,59,True,0
Abdoullah Ba,MID,Sunderland,0.0,0,0,0,0,0,0.0,0,554,0.00,0.00,0.00,0.00,319,0,0,0.0,0.0,2026-04-12T13:00:00Z,0,False,18,0,0,0,0,0,32,0,41801,0,0,0,1,0.0,0,-633,232,865,43,True,0
Mike Trésor Ndayishimiye,MID,Burnley,0.0,0,0,6,0,0,14.8,2,214,0.00,0.00,0.00,0.13,313,1,0,2.1,6.6,2026-04-11T14:00:00Z,15,False,6,0,0,0,1,0,32,0,7543,0,1,2,0,0.0,1,139,292,153,43,True,0
Joshua Stephenson,DEF,Brentford,0.0,0,0,0,0,0,0.0,0,823,0.00,0.00,0.00,0.00,312,0,0,0.0,0.0,2026-04-11T14:00:00Z,0,False,9,0,0,0,0,0,32,0,156,0,0,2,2,0.0,0,20,22,2,40,True,0
Matthew Cox,GK,Brentford,0.0,0,0,0,0,0,0.0,0,103,0.00,0.00,0.00,0.00,312,0,0,0.0,0.0,2026-04-11T14:00:00Z,0,False,9,0,0,0,0,0,32,0,17394,0,0,2,2,0.0,0,-271,0,271,39,True,0
Darko Gyabi,MID,Leeds,0.0,0,0,0,0,0,0.0,0,361,0.00,0.00,0.00,0.00,317,0,0,0.0,0.0,2026-04-13T19:00:00Z,0,False,14,0,0,0,0,0,32,0,3020,0,0,2,1,0.0,0,-14,0,14,45,False,0
Michael Obafemi,FWD,Burnley,0.0,0,0,0,0,0,0.0,0,219,0.00,0.00,0.00,0.00,313,0,0,0.0,0.0,2026-04-11T14:00:00Z,0,False,6,0,0,0,0,0,32,0,13796,0,0,2,0,0.0,0,-26,0,26,44,True,0
Dwight McNeil,MID,Everton,0.0,0,0,7,0,2,4.9,7,300,0.01,0.18,0.17,1.86,312,1,0,2.0,6.0,2026-04-11T14:00:00Z,73,False,5,0,0,0,5,0,32,0,19831,1,0,2,2,9.0,2,109,741,632,55,False,0
Jacob Ramsey,MID,Newcastle,0.0,0,0,6,0,0,0.6,1,52,0.01,0.01,0.00,0.85,315,1,0,0.5,4.2,2026-04-12T13:00:00Z,6,False,8,0,0,0,1,0,32,0,32186,0,0,1,2,0.0,1,-381,615,996,53,False,0
Veljko Milosavljevic,DEF,Bournemouth,0.0,0,0,0,0,0,0.0,0,721,0.00,0.00,0.00,0.00,311,0,0,0.0,0.0,2026-04-11T11:30:00Z,0,False,1,0,0,0,0,0,32,0,3774,0,0,2,1,0.0,0,9,53,44,44,False,0
Tom Edozie,MID,Wolves,0.0,0,0,2,0,0,0.3,1,651,0.00,0.06,0.06,0.00,320,0,0,0.6,0.0,2026-04-10T19:00:00Z,5,False,19,0,0,0,1,0,32,0,51472,0,0,0,4,6.0,1,-886,353,1239,43,False,0
Coby Ebere,MID,Everton,0.0,0,0,0,0,0,0.0,0,307,0.00,0.00,0.00,0.00,312,0,0,0.0,0.0,2026-04-11T14:00:00Z,0,False,5,0,0,0,0,0,32,0,5770,0,0,2,2,0.0,0,-20,46,66,44,False,0
Diego Coppola,DEF,Brighton,0.0,0,0,0,0,0,0.0,0,144,0.00,0.00,0.00,0.00,313,0,0,0.0,0.0,2026-04-11T14:00:00Z,0,False,3,0,0,0,0,0,32,0,5753,0,0,2,0,0.0,0,-35,0,35,42,False,0
Lukasz Fabianski,GK,West Ham,0.0,0,0,0,0,0,0.0,0,738,0.00,0.00,0.00,0.00,320,0,0,0.0,0.0,2026-04-10T19:00:00Z,0,False,20,0,0,0,0,0,32,0,4084,0,0,0,4,0.0,0,-31,32,63,45,True,0
Amadou Onana,MID,Aston Villa,0.0,0,1,21,0,4,15.1,11,59,0.04,0.06,0.02,1.15,318,1,0,4.4,21.8,2026-04-12T13:00:00Z,90,False,16,0,0,0,5,0,32,0,90127,1,2,1,1,7.0,3,371,2394,2023,48,False,0
Giorgi Mamardashvili,GK,Liverpool,0.0,0,2,35,1,1,0.0,0,367,0.00,0.00,0.00,1.04,316,0,0,3.3,33.0,2026-04-11T16:30:00Z,90,False,10,0,0,0,9,0,32,4,85584,1,0,0,2,0.0,9,13545,19086,5541,41,True,0
Leon Bailey,MID,Aston Villa,0.0,0,0,0,0,0,0.0,0,49,0.00,0.00,0.00,0.00,318,0,0,0.0,0.0,2026-04-12T13:00:00Z,0,False,16,0,0,0,0,0,32,0,13949,0,0,1,1,0.0,0,51,402,351,55,False,0
Federico Chiesa,MID,Liverpool,0.0,0,0,0,0,0,0.0,0,385,0.00,0.00,0.00,0.00,316,0,0,0.0,0.0,2026-04-11T16:30:00Z,0,False,10,0,0,0,0,0,32,0,35548,0,0,0,2,0.0,0,-175,93,268,63,True,0
Ethan Sutherland,MID,Wolves,0.0,0,0,0,0,0,0.0,0,778,0.00,0.00,0.00,0.00,320,0,0,0.0,0.0,2026-04-10T19:00:00Z,0,False,19,0,0,0,0,0,32,0,1026,0,0,0,4,0.0,0,-3,39,42,45,False,0
Ryan Sessegnon,MID,Fulham,0.0,0,0,3,0,1,0.7,3,328,0.00,0.00,0.00,0.43,316,0,0,1.1,7.8,2026-04-11T16:30:00Z,21,False,12,0,0,0,1,0,32,0,20673,0,1,0,2,2.0,1,-507,197,704,54,False,0
John Stones,DEF,Man City,0.0,0,0,0,0,0,0.0,0,409,0.00,0.00,0.00,0.00,314,0,0,0.0,0.0,2026-04-12T15:30:00Z,0,False,7,0,0,0,0,0,32,0,73682,0,0,3,0,0.0,0,-89,283,372,54,False,0
Isaac Heath,MID,Everton,0.0,0,0,0,0,0,0.0,0,308,0.00,0.00,0.00,0.00,312,0,0,0.0,0.0,2026-04-11T14:00:00Z,0,False,5,0,0,0,0,0,32,0,2023,0,0,2,2,0.0,0,-3,0,3,45,False,0
Chris Rigg,MID,Sunderland,0.0,0,0,7,1,0,14.9,4,551,0.14,0.19,0.05,0.78,319,0,0,1.8,1.4,2026-04-12T13:00:00Z,81,False,18,0,0,0,3,0,32,0,6237,1,1,0,1,2.0,2,207,291,84,47,True,1
Luke O'Nien,DEF,Sunderland,0.0,0,0,25,1,7,1.6,7,539,0.08,0.10,0.02,0.84,319,0,0,2.1,11.8,2026-04-12T13:00:00Z,90,False,18,0,0,0,0,0,32,0,9543,1,0,0,1,8.0,6,460,638,178,40,True,0
Axel Tuanzebe,DEF,Burnley,0.0,0,0,0,0,0,0.0,0,198,0.00,0.00,0.00,0.00,313,0,0,0.0,0.0,2026-04-11T14:00:00Z,0,False,6,0,0,0,0,0,32,0,116794,0,0,2,0,0.0,0,-984,274,1258,39,True,0
Teddy Sharman-Lowe,GK,Chelsea,0.0,0,0,0,0,0,0.0,0,803,0.00,0.00,0.00,0.00,314,0,0,0.0,0.0,2026-04-12T15:30:00Z,0,False,13,0,0,0,0,0,32,0,639,0,0,3,0,0.0,0,-15,11,26,40,True,0
Séamus Coleman,DEF,Everton,0.0,0,0,0,0,0,0.0,0,294,0.00,0.00,0.00,0.00,312,0,0,0.0,0.0,2026-04-11T14:00:00Z,0,False,5,0,0,0,0,0,32,0,12437,0,0,2,2,0.0,0,98,163,65,42,False,0
Carlos Alcaraz Durán,MID,Everton,0.0,0,0,0,0,0,0.0,0,301,0.00,0.00,0.00,0.00,312,0,0,0.0,0.0,2026-04-11T14:00:00Z,0,False,5,0,0,0,0,0,32,0,9927,0,0,2,2,0.0,0,-88,4,92,52,False,0
Jeremy Sarmiento Morante,MID,Brighton,0.0,0,0,0,0,0,0.0,0,171,0.00,0.00,0.00,0.00,313,0,0,0.0,0.0,2026-04-11T14:00:00Z,0,False,3,0,0,0,0,0,32,0,1929,0,0,2,0,0.0,0,-10,0,10,49,False,0
Matt Turner,GK,Nott'm Forest,0.0,0,0,0,0,0,0.0,0,504,0.00,0.00,0.00,0.00,318,0,0,0.0,0.0,2026-04-12T13:00:00Z,0,False,2,0,0,0,0,0,32,0,9983,0,0,1,1,0.0,0,-39,0,39,40,True,0
Djiamgone Jocelin Ta Bi,MID,Sunderland,0.0,0,0,0,0,0,0.0,0,800,0.00,0.00,0.00,0.00,319,0,0,0.0,0.0,2026-04-12T13:00:00Z,0,False,18,0,0,0,0,0,32,0,93,0,0,0,1,0.0,0,4,9,5,50,True,0
Ethan Wheatley,FWD,Man Utd,0.0,0,0,0,0,0,0.0,0,468,0.00,0.00,0.00,0.00,317,0,0,0.0,0.0,2026-04-13T19:00:00Z,0,False,11,0,0,0,0,0,32,0,10749,0,0,2,1,0.0,0,-32,0,32,45,True,0
Roman Dixon,DEF,Everton,0.0,0,0,0,0,0,0.0,0,297,0.00,0.00,0.00,0.00,312,0,0,0.0,0.0,2026-04-11T14:00:00Z,0,False,5,0,0,0,0,0,32,0,20633,0,0,2,2,0.0,0,-195,0,195,38,False,0
Merlin Röhl,MID,Everton,0.0,0,0,0,0,0,0.0,0,728,0.00,0.00,0.00,0.00,312,0,0,0.0,0.0,2026-04-11T14:00:00Z,0,False,5,0,0,0,0,0,32,0,1991,0,0,2,2,0.0,0,-2,30,32,50,False,0
Charlie Tasker,DEF,Brighton,0.0,0,0,0,0,0,0.0,0,156,0.00,0.00,0.00,0.00,313,0,0,0.0,0.0,2026-04-11T14:00:00Z,0,False,3,0,0,0,0,0,32,0,20443,0,0,2,0,0.0,0,-15,220,235,38,False,0
Charlie Gray,MID,Man City,0.0,0,0,0,0,0,0.0,0,763,0.00,0.00,0.00,0.00,314,0,0,0.0,0.0,2026-04-12T15:30:00Z,0,False,7,0,0,0,0,0,32,0,611,0,0,3,0,0.0,0,-3,16,19,45,False,0
Yoane Wissa,FWD,Newcastle,0.0,0,0,3,0,0,0.0,0,135,0.00,0.00,0.00,0.06,315,0,0,0.0,0.0,2026-04-12T13:00:00Z,1,False,8,0,0,0,0,0,32,0,75548,0,0,1,2,0.0,1,-781,590,1371,73,False,0
Marc Guéhi,DEF,Man City,0.0,0,3,48,1,6,16.8,9,260,0.04,0.37,0.33,1.14,314,0,1,10.5,67.6,2026-04-12T15:30:00Z,90,False,7,0,0,0,2,0,32,0,4318725,1,3,3,0,21.0,15,-98399,57381,155780,51,False,0
Josh Cullen,MID,Burnley,0.0,0,0,0,0,0,0.0,0,205,0.00,0.00,0.00,0.00,313,0,0,0.0,0.0,2026-04-11T14:00:00Z,0,False,6,0,0,0,0,0,32,0,104653,0,0,2,0,0.0,0,-1024,41,1065,49,True,0
Erling Haaland,FWD,Man City,0.0,0,0,5,1,1,2.5,6,430,0.00,0.58,0.58,1.14,314,0,0,4.3,3.0,2026-04-12T15:30:00Z,90,False,7,0,0,0,3,0,32,0,7506823,1,2,3,0,37.0,2,334283,428078,93795,144,False,0
Djed Spence,DEF,Spurs,0.0,0,0,0,0,0,0.0,0,573,0.00,0.00,0.00,0.00,319,0,0,0.0,0.0,2026-04-12T13:00:00Z,0,False,17,0,0,0,0,0,32,0,119008,0,0,0,1,0.0,0,-602,1189,1791,42,False,0
Julian Eyestone,GK,Brentford,0.0,0,0,0,0,0,0.0,0,104,0.00,0.00,0.00,0.00,312,0,0,0.0,0.0,2026-04-11T14:00:00Z,0,False,9,0,0,0,0,0,32,0,13959,0,0,2,2,0.0,0,-192,48,240,39,True,0
Ármin Pécsi,GK,Liverpool,0.0,0,0,0,0,0,0.0,0,368,0.00,0.00,0.00,0.00,316,0,0,0.0,0.0,2026-04-11T16:30:00Z,0,False,10,0,0,0,0,0,32,0,116858,0,0,0,2,0.0,0,-139,3121,3260,38,True,0
Anton Stach,MID,Leeds,0.0,0,0,0,0,0,0.0,0,660,0.00,0.00,0.00,0.00,317,0,0,0.0,0.0,2026-04-13T19:00:00Z,0,False,14,0,0,0,0,0,32,0,306885,0,0,2,1,0.0,0,-55140,29664,84804,48,False,0
Jefferson Lerma Solís,MID,Crystal Palace,0.0,1,0,20,0,1,2.8,10,272,0.03,0.66,0.63,1.13,315,1,0,1.7,3.6,2026-04-12T13:00:00Z,90,False,15,0,0,0,9,0,32,0,8095,1,0,1,2,11.0,5,-30,91,121,49,True,0
Jordan Beyer,DEF,Burnley,0.0,0,0,0,0,0,0.0,0,194,0.00,0.00,0.00,0.00,313,0,0,0.0,0.0,2026-04-11T14:00:00Z,0,False,6,0,0,0,0,0,32,0,7608,0,0,2,0,0.0,0,-4,66,70,39,True,0
Jayden Danns,FWD,Liverpool,0.0,0,0,0,0,0,0.0,0,398,0.00,0.00,0.00,0.00,316,0,0,0.0,0.0,2026-04-11T16:30:00Z,0,False,10,0,0,0,0,0,32,0,13333,0,0,0,2,0.0,0,74,154,80,43,True,0
Rio Ngumoha,MID,Liverpool,0.0,0,3,39,1,2,31.8,7,686,0.43,0.55,0.12,0.58,316,0,1,12.3,49.4,2026-04-11T16:30:00Z,68,False,10,0,0,0,5,0,32,0,109183,1,0,0,2,42.0,11,534,5261,4727,43,True,0
Brandon Austin,GK,Spurs,0.0,0,0,0,0,0,0.0,0,566,0.00,0.00,0.00,0.00,319,0,0,0.0,0.0,2026-04-12T13:00:00Z,0,False,17,0,0,0,0,0,32,0,37427,0,0,0,1,0.0,0,-138,161,299,39,False,0
Zain Silcott-Duberry,MID,Bournemouth,0.0,0,0,0,0,0,0.0,0,95,0.00,0.00,0.00,0.00,311,0,0,0.0,0.0,2026-04-11T11:30:00Z,0,False,1,0,0,0,0,0,32,0,6744,0,0,2,1,0.0,0,-22,0,22,44,False,0
Sepp van den Berg,DEF,Brentford,0.0,0,0,10,0,11,14.3,11,113,0.09,0.09,0.00,1.53,312,2,0,5.2,37.4,2026-04-11T14:00:00Z,90,False,9,0,0,0,7,0,32,0,184862,1,0,2,2,0.0,3,-13133,6249,19382,46,True,0
Dominic Calvert-Lewin,FWD,Leeds,0.0,0,0,4,0,2,7.1,4,691,0.02,1.33,1.31,1.31,317,1,0,8.5,7.2,2026-04-13T19:00:00Z,90,False,14,0,0,0,2,0,32,0,1214031,1,0,2,1,71.0,2,163267,289431,126164,56,False,0
Aaron Wan-Bissaka,DEF,West Ham,0.0,0,0,0,0,0,0.0,0,610,0.00,0.00,0.00,0.00,320,0,0,0.0,0.0,2026-04-10T19:00:00Z,0,False,20,0,0,0,0,0,32,0,602963,0,0,0,4,0.0,0,2934,9991,7057,41,True,0
Enzo Le Fée,MID,Sunderland,0.0,0,0,24,1,3,27.7,7,547,0.45,0.45,0.00,0.84,319,0,0,4.5,15.0,2026-04-12T13:00:00Z,90,False,18,0,0,0,3,0,32,0,145925,1,1,0,1,2.0,3,-10680,6911,17591,49,True,0
David Ozoh,MID,Crystal Palace,0.0,0,0,0,0,0,0.0,0,280,0.00,0.00,0.00,0.00,315,0,0,0.0,0.0,2026-04-12T13:00:00Z,0,False,15,0,0,0,0,0,32,0,147,0,0,1,2,0.0,0,0,0,0,45,True,0
Mark Gillespie,GK,Newcastle,0.0,0,0,0,0,0,0.0,0,471,0.00,0.00,0.00,0.00,315,0,0,0.0,0.0,2026-04-12T13:00:00Z,0,False,8,0,0,0,0,0,32,0,16812,0,0,1,2,0.0,0,-55,50,105,39,False,0
Ben Casey,FWD,Crystal Palace,0.0,0,0,0,0,0,0.0,0,780,0.00,0.00,0.00,0.00,315,0,0,0.0,0.0,2026-04-12T13:00:00Z,0,False,15,0,0,0,0,0,32,0,3369,0,0,1,2,0.0,0,-14,110,124,45,True,0
Ethan Ampadu,MID,Leeds,0.0,0,0,18,0,6,14.8,14,354,0.09,0.17,0.08,1.31,317,1,0,4.2,19.0,2026-04-13T19:00:00Z,90,False,14,0,0,0,6,0,32,0,55533,1,2,2,1,8.0,3,30198,40674,10476,49,False,1
Lino da Cruz Sousa,DEF,Aston Villa,0.0,0,0,0,0,0,0.0,0,45,0.00,0.00,0.00,0.00,318,0,0,0.0,0.0,2026-04-12T13:00:00Z,0,False,16,0,0,0,0,0,32,0,33275,0,0,1,1,0.0,0,-383,0,383,38,False,0
Nicolò Savona,DEF,Nott'm Forest,0.0,0,0,0,0,0,0.0,0,716,0.00,0.00,0.00,0.00,318,0,0,0.0,0.0,2026-04-12T13:00:00Z,0,False,2,0,0,0,0,0,32,0,6810,0,0,1,1,0.0,0,-152,25,177,45,True,0
Harrison Reed,MID,Fulham,0.0,0,0,0,0,0,0.0,0,336,0.00,0.00,0.00,0.00,316,0,0,0.0,0.0,2026-04-11T16:30:00Z,0,False,12,0,0,0,0,0,32,0,46643,0,0,0,2,0.0,0,-2183,603,2786,43,False,0
Vitalii Mykolenko,DEF,Everton,0.0,0,0,7,0,8,11.9,10,292,0.01,0.01,0.00,2.84,312,2,0,3.0,18.2,2026-04-11T14:00:00Z,90,False,5,0,0,0,5,0,32,0,80575,1,2,2,2,0.0,3,1389,4972,3583,49,False,0
Matt Targett,DEF,Newcastle,0.0,0,0,0,0,0,0.0,0,484,0.00,0.00,0.00,0.00,315,0,0,0.0,0.0,2026-04-12T13:00:00Z,0,False,8,0,0,0,0,0,32,0,18035,0,0,1,2,0.0,0,-44,0,44,40,False,0
Frank Onyeka,MID,Brentford,0.0,0,0,0,0,0,0.0,0,128,0.00,0.00,0.00,0.00,312,0,0,0.0,0.0,2026-04-11T14:00:00Z,0,False,9,0,0,0,0,0,32,0,5320,0,0,2,2,0.0,0,-20,0,20,48,True,0
Tijjani Reijnders,MID,Man City,0.0,0,0,0,0,0,0.0,0,427,0.00,0.00,0.00,0.00,314,0,0,0.0,0.0,2026-04-12T15:30:00Z,0,False,7,0,0,0,0,0,32,0,1209978,0,0,3,0,0.0,0,-10007,2290,12297,50,False,0
Igor Julio dos Santos de Paulo,DEF,Brighton,0.0,0,0,0,0,0,0.0,0,149,0.00,0.00,0.00,0.00,313,0,0,0.0,0.0,2026-04-11T14:00:00Z,0,False,3,0,0,0,0,0,32,0,10623,0,0,2,0,0.0,0,397,584,187,45,False,0
Gabriel Słonina,GK,Chelsea,0.0,0,0,0,0,0,0.0,0,223,0.00,0.00,0.00,0.00,314,0,0,0.0,0.0,2026-04-12T15:30:00Z,0,False,13,0,0,0,0,0,32,0,13925,0,0,3,0,0.0,0,-66,48,114,39,True,0
Manuel Akanji,DEF,Man City,0.0,0,0,0,0,0,0.0,0,404,0.00,0.00,0.00,0.00,314,0,0,0.0,0.0,2026-04-12T15:30:00Z,0,False,7,0,0,0,0,0,32,0,33114,0,0,3,0,0.0,0,-57,0,57,54,False,0
Bryan Mbeumo,MID,Man Utd,0.0,0,0,3,0,0,15.3,1,119,0.19,0.26,0.07,0.35,317,0,0,3.2,3.6,2026-04-13T19:00:00Z,20,False,11,0,0,0,1,0,32,0,2752615,0,0,2,1,13.0,1,-206458,61171,267629,86,True,0
Reece Welch,DEF,Everton,0.0,0,0,0,0,0,0.0,0,298,0.00,0.00,0.00,0.00,312,0,0,0.0,0.0,2026-04-11T14:00:00Z,0,False,5,0,0,0,0,0,32,0,18805,0,0,2,2,0.0,0,-28,124,152,38,False,0
Tyler Dibling,MID,Everton,0.0,0,0,0,0,0,0.0,0,707,0.00,0.00,0.00,0.00,312,0,0,0.0,0.0,2026-04-11T14:00:00Z,0,False,5,0,0,0,0,0,32,0,3805,0,0,2,2,0.0,0,-3,54,57,53,False,0
Lewis Cook,MID,Bournemouth,0.0,0,0,0,0,0,0.0,0,88,0.00,0.00,0.00,0.00,311,0,0,0.0,0.0,2026-04-11T11:30:00Z,0,False,1,0,0,0,0,0,32,0,4764,0,0,2,1,0.0,0,-195,27,222,49,False,0
Tyler Adams,MID,Bournemouth,0.0,0,0,5,0,1,0.2,3,85,0.00,0.05,0.05,0.41,311,0,0,1.0,4.4,2026-04-11T11:30:00Z,20,False,1,0,0,0,1,0,32,0,34396,0,1,2,1,5.0,1,-589,93,682,49,False,0
Jamaal Lascelles,DEF,Newcastle,0.0,0,0,0,0,0,0.0,0,480,0.00,0.00,0.00,0.00,315,0,0,0.0,0.0,2026-04-12T13:00:00Z,0,False,8,0,0,0,0,0,32,0,6149,0,0,1,2,0.0,0,-20,0,20,43,False,0
Andrés García,DEF,Aston Villa,0.0,0,0,3,0,0,0.3,0,42,0.00,0.00,0.00,0.00,318,0,0,0.1,0.2,2026-04-12T13:00:00Z,1,False,16,0,0,0,0,0,32,0,26597,0,0,1,1,0.0,1,39,295,256,39,False,0
Youri Tielemans,MID,Aston Villa,0.0,0,0,20,0,4,30.8,10,48,0.17,0.19,0.02,1.15,318,1,0,6.0,24.2,2026-04-12T13:00:00Z,90,False,16,0,0,0,3,0,32,0,81146,1,3,1,1,5.0,2,1258,1709,451,59,False,0
Will Lankshear,FWD,Spurs,0.0,0,0,0,0,0,0.0,0,598,0.00,0.00,0.00,0.00,319,0,0,0.0,0.0,2026-04-12T13:00:00Z,0,False,17,0,0,0,0,0,32,0,2757,0,0,0,1,0.0,0,-4,0,4,45,False,0
Iwan Morgan,FWD,Brentford,0.0,0,0,0,0,0,0.0,0,137,0.00,0.00,0.00,0.00,312,0,0,0.0,0.0,2026-04-11T14:00:00Z,0,False,9,0,0,0,0,0,32,0,37872,0,0,2,2,0.0,0,-240,0,240,44,True,0
Victor Lindelöf,DEF,Aston Villa,0.0,0,0,5,0,1,1.4,2,719,0.00,0.25,0.25,1.15,318,1,0,2.2,6.2,2026-04-12T13:00:00Z,90,False,16,0,0,0,1,0,32,0,13074,1,1,1,1,14.0,2,-62,243,305,45,False,0
Pierre Ekwah Elimby,MID,Sunderland,0.0,0,0,0,0,0,0.0,0,556,0.00,0.00,0.00,0.00,319,0,0,0.0,0.0,2026-04-12T13:00:00Z,0,False,18,0,0,0,0,0,32,0,651,0,0,0,1,0.0,0,-1,0,1,45,True,0
Crysencio Summerville,MID,West Ham,0.0,0,0,-3,1,0,12.0,5,615,0.01,0.42,0.41,0.46,320,0,0,2.4,0.0,2026-04-10T19:00:00Z,77,False,20,0,0,0,3,0,32,0,180748,1,2,0,4,15.0,3,-42715,5732,48447,55,True,0
Kian McMahon-Brown,MID,Burnley,0.0,0,0,0,0,0,0.0,0,820,0.00,0.00,0.00,0.00,313,0,0,0.0,0.0,2026-04-11T14:00:00Z,0,False,6,0,0,0,0,0,32,0,178,0,0,2,0,0.0,0,15,42,27,45,True,0
Philip Billing,MID,Bournemouth,0.0,0,0,0,0,0,0.0,0,89,0.00,0.00,0.00,0.00,311,0,0,0.0,0.0,2026-04-11T11:30:00Z,0,False,1,0,0,0,0,0,32,0,2733,0,0,2,1,0.0,0,-2,0,2,49,False,0
Cristhian Mosquera,DEF,Arsenal,0.0,0,0,3,0,1,0.9,1,662,0.01,0.01,0.00,0.01,311,0,0,0.4,3.0,2026-04-11T11:30:00Z,14,False,4,0,0,0,1,0,32,0,19970,0,0,2,1,0.0,1,1186,1559,373,53,True,0
Ethan Nwaneri,MID,Arsenal,0.0,0,0,0,0,0,0.0,0,25,0.00,0.00,0.00,0.00,311,0,0,0.0,0.0,2026-04-11T11:30:00Z,0,False,4,0,0,0,0,0,32,0,14783,0,0,2,1,0.0,0,-72,0,72,50,True,0
Bryan Gil Salvatierra,MID,Spurs,0.0,0,0,0,0,0,0.0,0,590,0.00,0.00,0.00,0.00,319,0,0,0.0,0.0,2026-04-12T13:00:00Z,0,False,17,0,0,0,0,0,32,0,3400,0,0,0,1,0.0,0,-4,0,4,49,False,0
Callum Olusesi,MID,Spurs,0.0,0,0,0,0,0,0.0,0,595,0.00,0.00,0.00,0.00,319,0,0,0.0,0.0,2026-04-12T13:00:00Z,0,False,17,0,0,0,0,0,32,0,26971,0,0,0,1,0.0,0,-59,260,319,43,False,0
Elyh Harrison,GK,Man Utd,0.0,0,0,0,0,0,0.0,0,433,0.00,0.00,0.00,0.00,317,0,0,0.0,0.0,2026-04-13T19:00:00Z,0,False,11,0,0,0,0,0,32,0,195,0,0,2,1,0.0,0,0,0,0,40,True,0
Ellery Balcombe,GK,Brentford,0.0,0,0,0,0,0,0.0,0,102,0.00,0.00,0.00,0.00,312,0,0,0.0,0.0,2026-04-11T14:00:00Z,0,False,9,0,0,0,0,0,32,0,33267,0,0,2,2,0.0,0,-133,123,256,39,True,0
Gustavo Nunes Fernandes Gomes,MID,Brentford,0.0,0,0,0,0,0,0.0,0,127,0.00,0.00,0.00,0.00,312,0,0,0.0,0.0,2026-04-11T14:00:00Z,0,False,9,0,0,0,0,0,32,0,1659,0,0,2,2,0.0,0,-12,0,12,49,True,0
Boubacar Traoré,MID,Wolves,0.0,0,0,0,0,0,0.0,0,649,0.00,0.00,0.00,0.00,320,0,0,0.0,0.0,2026-04-10T19:00:00Z,0,False,19,0,0,0,0,0,32,0,119,0,0,0,4,0.0,0,0,0,0,50,False,0
Luka Vušković,DEF,Spurs,0.0,0,0,0,0,0,0.0,0,578,0.00,0.00,0.00,0.00,319,0,0,0.0,0.0,2026-04-12T13:00:00Z,0,False,17,0,0,0,0,0,32,0,40304,0,0,0,1,0.0,0,-125,0,125,39,False,0
Mateus Gonçalo Espanha Fernandes,MID,West Ham,0.0,0,0,12,1,0,39.6,4,708,0.22,0.22,0.00,0.46,320,0,0,4.6,6.2,2026-04-10T19:00:00Z,84,False,20,0,0,0,3,0,32,0,58022,1,1,0,4,0.0,2,7443,11746,4303,55,True,1
Kenny Tete,DEF,Fulham,0.0,0,0,0,0,0,0.0,0,322,0.00,0.00,0.00,0.00,316,0,0,0.0,0.0,2026-04-11T16:30:00Z,0,False,12,0,0,0,0,0,32,0,39972,0,0,0,2,0.0,0,-11531,49,11580,45,False,0
Landon Emenalo,MID,Chelsea,0.0,0,0,0,0,0,0.0,0,743,0.00,0.00,0.00,0.00,314,0,0,0.0,0.0,2026-04-12T15:30:00Z,0,False,13,0,0,0,0,0,32,0,1578,0,0,3,0,0.0,0,-10,16,26,45,True,0
Dilane Bakwa,MID,Nott'm Forest,0.0,0,0,0,0,0,0.0,0,734,0.00,0.00,0.00,0.00,318,0,0,0.0,0.0,2026-04-12T13:00:00Z,0,False,2,0,0,0,0,0,32,0,2817,0,0,1,1,0.0,0,-3,51,54,59,True,0
Matt O'Riley,MID,Brighton,0.0,0,0,0,0,0,0.0,0,164,0.00,0.00,0.00,0.00,313,0,0,0.0,0.0,2026-04-11T14:00:00Z,0,False,3,0,0,0,0,0,32,0,44174,0,0,2,0,0.0,0,105,298,193,55,False,0
Senne Lammens,GK,Man Utd,0.0,0,0,9,0,0,0.0,0,733,0.00,0.00,0.00,2.37,317,2,0,2.8,27.6,2026-04-13T19:00:00Z,90,False,11,0,0,0,7,0,32,3,378295,1,0,2,1,0.0,2,10442,23352,12910,51,True,0
Dean Benamar,DEF,Crystal Palace,0.0,0,0,0,0,0,0.0,0,773,0.00,0.00,0.00,0.00,315,0,0,0.0,0.0,2026-04-12T13:00:00Z,0,False,15,0,0,0,0,0,32,0,2049,0,0,1,2,0.0,0,-2,27,29,40,True,0
Carl Rushworth,GK,Brighton,0.0,0,0,0,0,0,0.0,0,141,0.00,0.00,0.00,0.00,313,0,0,0.0,0.0,2026-04-11T14:00:00Z,0,False,3,0,0,0,0,0,32,0,243,0,0,2,0,0.0,0,0,0,0,40,False,0
Walter Benítez,GK,Crystal Palace,0.0,0,0,0,0,0,0.0,0,254,0.00,0.00,0.00,0.00,315,0,0,0.0,0.0,2026-04-12T13:00:00Z,0,False,15,0,0,0,0,0,32,0,43826,0,0,1,2,0.0,0,3915,4559,644,39,True,0
John Ruddy,GK,Newcastle,0.0,0,0,0,0,0,0.0,0,753,0.00,0.00,0.00,0.00,315,0,0,0.0,0.0,2026-04-12T13:00:00Z,0,False,8,0,0,0,0,0,32,0,2419,0,0,1,2,0.0,0,17,52,35,40,False,0
Ibrahim Sangaré,MID,Nott'm Forest,0.0,0,0,19,0,2,23.3,12,521,0.03,0.03,0.00,1.02,318,1,0,4.5,15.6,2026-04-12T13:00:00Z,90,False,2,0,0,0,6,0,32,0,8719,1,4,1,1,6.0,4,-115,249,364,49,True,0
Zak Johnson,DEF,Sunderland,0.0,0,0,0,0,0,0.0,0,538,0.00,0.00,0.00,0.00,319,0,0,0.0,0.0,2026-04-12T13:00:00Z,0,False,18,0,0,0,0,0,32,0,25910,0,0,0,1,0.0,0,-260,0,260,38,True,0
Brennan Johnson,MID,Crystal Palace,0.0,0,0,9,0,3,11.6,6,580,0.01,0.01,0.00,1.12,315,1,0,2.0,6.4,2026-04-12T13:00:00Z,63,False,15,0,0,0,3,0,32,0,303026,1,0,1,2,2.0,2,-831,930,1761,65,True,0
Dominic Sadi,MID,Bournemouth,0.0,0,0,0,0,0,0.0,0,94,0.00,0.00,0.00,0.00,311,0,0,0.0,0.0,2026-04-11T11:30:00Z,0,False,1,0,0,0,0,0,32,0,3848,0,0,2,1,0.0,0,-12,0,12,45,False,0
Ian Poveda-Ocampo,MID,Sunderland,0.0,0,0,0,0,0,0.0,0,550,0.00,0.00,0.00,0.00,319,0,0,0.0,0.0,2026-04-12T13:00:00Z,0,False,18,0,0,0,0,0,32,0,3280,0,0,0,1,0.0,0,-4,23,27,47,True,0
Rayan Aït-Nouri,DEF,Man City,0.0,0,0,1,0,0,12.8,2,402,0.11,0.11,0.00,0.89,314,0,0,1.9,5.8,2026-04-12T15:30:00Z,26,False,7,0,0,0,2,0,32,0,567648,0,2,3,0,0.0,1,-339,9438,9777,57,False,0
Carlos Baleba,MID,Brighton,0.0,0,0,3,0,1,0.1,2,167,0.00,0.00,0.00,0.04,313,0,0,0.2,1.4,2026-04-11T14:00:00Z,15,False,3,0,0,0,1,0,32,0,193720,0,0,2,0,0.0,1,175,3563,3388,45,False,0
James Wright,GK,Aston Villa,0.0,0,0,0,0,0,0.0,0,688,0.00,0.00,0.00,0.00,318,0,0,0.0,0.0,2026-04-12T13:00:00Z,0,False,16,0,0,0,0,0,32,0,77270,0,0,1,1,0.0,0,-362,129,491,39,False,0
Jamie Bynoe-Gittens,MID,Chelsea,0.0,0,0,0,0,0,0.0,0,239,0.00,0.00,0.00,0.00,314,0,0,0.0,0.0,2026-04-12T15:30:00Z,0,False,13,0,0,0,0,0,32,0,13058,0,0,3,0,0.0,0,-74,19,93,60,True,0
Dejan Kulusevski,MID,Spurs,0.0,0,0,0,0,0,0.0,0,583,0.00,0.00,0.00,0.00,319,0,0,0.0,0.0,2026-04-12T13:00:00Z,0,False,17,0,0,0,0,0,32,0,1720,0,0,0,1,0.0,0,25,48,23,64,False,0
Wilfried Gnonto,MID,Leeds,0.0,0,0,3,0,1,3.0,2,351,0.02,0.02,0.00,0.64,317,0,0,1.1,3.8,2026-04-13T19:00:00Z,16,False,14,0,0,0,1,0,32,0,10903,0,0,2,1,4.0,1,33,148,115,51,False,0
Lisandro Martínez,DEF,Man Utd,0.0,0,0,4,0,4,2.3,5,437,0.06,0.06,0.00,1.96,317,2,0,1.5,12.2,2026-04-13T19:00:00Z,55,False,11,0,0,0,5,1,32,0,60099,1,1,2,1,0.0,-3,-4384,221,4605,48,True,0
El Hadji Malick Diouf,DEF,West Ham,0.0,0,0,23,1,3,33.6,4,603,0.05,0.08,0.03,0.59,320,0,0,5.2,15.4,2026-04-10T19:00:00Z,90,False,20,0,0,0,8,0,32,0,323419,1,1,0,4,3.0,6,10161,23534,13373,41,True,0
Leon Chiwome,FWD,Wolves,0.0,0,0,0,0,0,0.0,0,657,0.00,0.00,0.00,0.00,320,0,0,0.0,0.0,2026-04-10T19:00:00Z,0,False,19,0,0,0,0,0,32,0,4242,0,0,0,4,0.0,0,48,144,96,44,False,0
João Victor Gomes da Silva,MID,Wolves,0.0,0,0,13,0,0,4.8,7,646,0.02,0.06,0.04,2.35,320,4,0,1.7,5.0,2026-04-10T19:00:00Z,84,False,19,0,0,0,4,0,32,0,56683,1,3,0,4,7.0,2,19818,23917,4099,53,False,0
Jaydon Banel,MID,Burnley,0.0,0,0,0,0,0,0.0,0,213,0.00,0.00,0.00,0.00,313,0,0,0.0,0.0,2026-04-11T14:00:00Z,0,False,6,0,0,0,0,0,32,0,4797,0,0,2,0,0.0,0,-42,0,42,45,True,0
Kjell Scherpen,GK,Brighton,0.0,0,0,0,0,0,0.0,0,142,0.00,0.00,0.00,0.00,313,0,0,0.0,0.0,2026-04-11T14:00:00Z,0,False,3,0,0,0,0,0,32,0,229,0,0,2,0,0.0,0,0,0,0,40,False,0
Levi Samuels Colwill,DEF,Chelsea,0.0,0,0,0,0,0,0.0,0,227,0.00,0.00,0.00,0.00,314,0,0,0.0,0.0,2026-04-12T15:30:00Z,0,False,13,0,0,0,0,0,32,0,13410,0,0,3,0,0.0,0,-24,25,49,47,True,0
Shea Lacey,MID,Man Utd,0.0,0,0,0,0,0,0.0,0,755,0.00,0.00,0.00,0.00,317,0,0,0.0,0.0,2026-04-13T19:00:00Z,0,False,11,0,0,0,0,0,32,0,1572,0,0,2,1,0.0,0,-7,44,51,45,True,0
Harvey Elliott,MID,Aston Villa,0.0,0,0,0,0,0,0.0,0,389,0.00,0.00,0.00,0.00,318,0,0,0.0,0.0,2026-04-12T13:00:00Z,0,False,16,0,0,0,0,0,32,0,21519,0,0,1,1,0.0,0,18,142,124,51,False,0
Olivier Boscagli,DEF,Brighton,0.0,0,2,36,1,15,11.1,17,143,0.02,0.02,0.00,0.88,313,0,0,4.4,32.6,2026-04-11T14:00:00Z,90,False,3,0,0,0,7,0,32,0,11633,1,2,2,0,0.0,10,427,604,177,42,False,0
Takai Kōta,DEF,Spurs,0.0,0,0,0,0,0,0.0,0,577,0.00,0.00,0.00,0.00,319,0,0,0.0,0.0,2026-04-12T13:00:00Z,0,False,17,0,0,0,0,0,32,0,5648,0,0,0,1,0.0,0,-23,0,23,40,False,0
Jeremie Frimpong,DEF,Liverpool,0.0,0,0,22,1,3,33.0,3,370,0.17,0.17,0.00,0.58,316,0,0,5.1,10.4,2026-04-11T16:30:00Z,68,False,10,0,0,0,2,0,32,0,674881,1,0,0,2,8.0,6,-3195,13203,16398,57,True,0
Nehemiah Oriola,MID,Brighton,0.0,0,0,0,0,0,0.0,0,744,0.00,0.00,0.00,0.00,313,0,0,0.0,0.0,2026-04-11T14:00:00Z,0,False,3,0,0,0,0,0,32,0,1844,0,0,2,0,0.0,0,-3,56,59,45,False,0
Joe Rodon,DEF,Leeds,0.0,0,0,0,0,0,0.0,0,348,0.00,0.00,0.00,0.00,317,0,0,0.0,0.0,2026-04-13T19:00:00Z,0,False,14,0,0,0,0,0,32,0,478119,0,0,2,1,0.0,0,-59073,28609,87682,39,False,0
Jenson Seelt,DEF,Sunderland,0.0,0,0,0,0,0,0.0,0,542,0.00,0.00,0.00,0.00,319,0,0,0.0,0.0,2026-04-12T13:00:00Z,0,False,18,0,0,0,0,0,32,0,10910,0,0,0,1,0.0,0,-33,0,33,40,True,0
Marshall Munetsi,MID,Wolves,0.0,0,0,0,0,0,0.0,0,648,0.00,0.00,0.00,0.00,320,0,0,0.0,0.0,2026-04-10T19:00:00Z,0,False,19,0,0,0,0,0,32,0,4514,0,0,0,4,0.0,0,-37,0,37,53,False,0
Mateus Mané,FWD,Wolves,0.0,0,0,1,0,0,3.8,0,749,0.01,0.01,0.00,1.30,320,3,0,0.0,0.0,2026-04-10T19:00:00Z,29,False,19,0,0,0,0,0,32,0,197192,0,0,0,4,0.0,1,-20903,10270,31173,44,False,0
Rhys Williams,DEF,Liverpool,0.0,0,0,0,0,0,0.0,0,379,0.00,0.00,0.00,0.00,316,0,0,0.0,0.0,2026-04-11T16:30:00Z,0,False,10,0,0,0,0,0,32,0,74831,0,0,0,2,0.0,0,-965,1300,2265,37,True,0
Luis Eduardo Soares da Silva,DEF,Nott'm Forest,0.0,0,0,0,0,0,0.0,0,729,0.00,0.00,0.00,0.00,318,0,0,0.0,0.0,2026-04-12T13:00:00Z,0,False,2,0,0,0,0,0,32,0,133,0,0,1,1,0.0,0,-3,0,3,45,True,0
Josh Laurent,MID,Burnley,0.0,0,0,0,0,0,0.0,0,209,0.00,0.00,0.00,0.00,313,0,0,0.0,0.0,2026-04-11T14:00:00Z,0,False,6,0,0,0,0,0,32,0,4834,0,0,2,0,0.0,0,-265,25,290,48,True,0
Diego León Blanco,DEF,Man Utd,0.0,0,0,0,0,0,0.0,0,439,0.00,0.00,0.00,0.00,317,0,0,0.0,0.0,2026-04-13T19:00:00Z,0,False,11,0,0,0,0,0,32,0,7415,0,0,2,1,0.0,0,24,67,43,41,True,0
Romaine Mundle,MID,Sunderland,0.0,0,0,0,0,0,0.0,0,548,0.00,0.00,0.00,0.00,319,0,0,0.0,0.0,2026-04-12T13:00:00Z,0,False,18,0,0,0,0,0,32,0,1048,0,0,0,1,0.0,0,-22,3,25,49,True,0
Will Dennis,GK,Bournemouth,0.0,0,0,0,0,0,0.0,0,68,0.00,0.00,0.00,0.00,311,0,0,0.0,0.0,2026-04-11T11:30:00Z,0,False,1,0,0,0,0,0,32,0,92856,0,0,2,1,0.0,0,-842,0,842,40,False,0
Harry Howell,MID,Brighton,0.0,0,0,0,0,0,0.0,0,795,0.00,0.00,0.00,0.00,313,0,0,0.0,0.0,2026-04-11T14:00:00Z,0,False,3,0,0,0,0,0,32,0,796,0,0,2,0,0.0,0,13,52,39,45,False,0
Callum Wilson,FWD,West Ham,0.0,0,0,3,0,1,0.1,2,671,0.00,0.00,0.00,0.12,320,0,0,0.1,1.0,2026-04-10T19:00:00Z,8,False,20,0,0,0,1,0,32,0,66696,0,0,0,4,0.0,1,-1173,598,1771,58,True,0
Ronnie Hollingshead,GK,Aston Villa,0.0,0,0,0,0,0,0.0,0,757,0.00,0.00,0.00,0.00,318,0,0,0.0,0.0,2026-04-12T13:00:00Z,0,False,16,0,0,0,0,0,32,0,2030,0,0,1,1,0.0,0,-9,26,35,40,False,0
Vitaly Janelt,MID,Brentford,0.0,0,0,0,0,0,0.0,0,125,0.00,0.00,0.00,0.00,312,0,0,0.0,0.0,2026-04-11T14:00:00Z,0,False,9,0,0,0,0,0,32,0,16848,0,0,2,2,0.0,0,-2046,16,2062,49,True,0
Douglas Luiz Soares de Paulo,MID,Aston Villa,0.0,0,0,4,0,1,1.5,2,699,0.00,0.00,0.00,0.00,318,0,0,0.5,3.0,2026-04-12T13:00:00Z,13,False,16,0,0,0,1,0,32,0,12514,0,0,1,1,0.0,1,-814,326,1140,49,False,0
Marcus Tavernier,MID,Bournemouth,0.0,0,0,14,0,1,17.8,9,84,0.05,0.06,0.01,2.32,311,1,0,3.2,10.8,2026-04-11T11:30:00Z,90,False,1,0,0,0,5,0,32,0,548745,1,3,2,1,3.0,2,265443,301805,36362,54,False,0
Virgil van Dijk,DEF,Liverpool,0.0,0,1,28,1,11,2.9,13,373,0.02,0.15,0.13,1.04,316,0,0,5.3,37.4,2026-04-11T16:30:00Z,90,False,10,0,0,0,1,0,32,0,4285111,1,2,0,2,13.0,9,-273488,71419,344907,63,True,0
Son Heung-min,MID,Spurs,0.0,0,0,0,0,0,0.0,0,579,0.00,0.00,0.00,0.00,319,0,0,0.0,0.0,2026-04-12T13:00:00Z,0,False,17,0,0,0,0,0,32,0,15192,0,0,0,1,0.0,0,-20,0,20,85,False,0
Axel Disasi,DEF,West Ham,0.0,0,0,25,1,3,0.5,6,815,0.00,0.00,0.00,0.59,320,0,0,1.6,15.6,2026-04-10T19:00:00Z,90,False,20,0,0,0,2,0,32,0,15611,1,3,0,4,0.0,6,2385,3272,887,45,True,0
Luca Netz,DEF,Nott'm Forest,0.0,0,0,0,0,0,0.0,0,814,0.00,0.00,0.00,0.00,318,0,0,0.0,0.0,2026-04-12T13:00:00Z,0,False,2,0,0,0,0,0,32,0,672,0,0,1,1,0.0,0,15,34,19,45,True,0
Antoñito Cordero Campillo,MID,Newcastle,0.0,0,0,0,0,0,0.0,0,492,0.00,0.00,0.00,0.00,315,0,0,0.0,0.0,2026-04-12T13:00:00Z,0,False,8,0,0,0,0,0,32,0,2664,0,0,1,2,0.0,0,-7,0,7,49,False,0
Callum Marshall,FWD,West Ham,0.0,0,0,0,0,0,0.0,0,626,0.00,0.00,0.00,0.00,320,0,0,0.0,0.0,2026-04-10T19:00:00Z,0,False,20,0,0,0,0,0,32,0,66118,0,0,0,4,0.0,0,-585,0,585,43,True,0
Garang Kuol,MID,Newcastle,0.0,0,0,0,0,0,0.0,0,496,0.00,0.00,0.00,0.00,315,0,0,0.0,0.0,2026-04-12T13:00:00Z,0,False,8,0,0,0,0,0,32,0,4209,0,0,1,2,0.0,0,-12,0,12,44,False,0
Fábio Ferreira Vieira,MID,Arsenal,0.0,0,0,0,0,0,0.0,0,23,0.00,0.00,0.00,0.00,311,0,0,0.0,0.0,2026-04-11T11:30:00Z,0,False,4,0,0,0,0,0,32,0,2457,0,0,2,1,0.0,0,-1,0,1,54,True,0
Jean-Philippe Mateta,FWD,Crystal Palace,0.0,0,3,53,0,2,10.1,5,283,0.00,1.08,1.08,0.02,315,0,2,11.7,73.0,2026-04-12T13:00:00Z,25,False,15,0,0,0,2,0,32,0,846086,0,1,1,2,34.0,12,563,5828,5265,75,True,0
Gabriel Fernando de Jesus,FWD,Arsenal,0.0,0,0,5,0,0,11.5,0,31,0.04,0.12,0.08,0.01,311,0,0,3.9,6.4,2026-04-11T11:30:00Z,14,False,4,0,0,0,0,0,32,0,43855,0,0,2,1,21.0,1,-1502,701,2203,64,True,0
Maximilian Kilman,DEF,West Ham,0.0,0,0,0,0,0,0.0,0,605,0.00,0.00,0.00,0.00,320,0,0,0.0,0.0,2026-04-10T19:00:00Z,0,False,20,0,0,0,0,0,32,0,18201,0,0,0,4,0.0,0,-152,157,309,41,True,0
Tawanda Chirewa,MID,Wolves,0.0,0,0,0,0,0,0.0,0,650,0.00,0.00,0.00,0.00,320,0,0,0.0,0.0,2026-04-10T19:00:00Z,0,False,19,0,0,0,0,0,32,0,25561,0,0,0,4,0.0,0,-240,0,240,43,False,0
Elijah Campbell,DEF,Everton,0.0,0,0,0,0,0,0.0,0,705,0.00,0.00,0.00,0.00,312,0,0,0.0,0.0,2026-04-11T14:00:00Z,0,False,5,0,0,0,0,0,32,0,19668,0,0,2,2,0.0,0,-141,0,141,39,False,0
Christantus Uche,FWD,Crystal Palace,0.0,0,0,0,0,0,0.0,0,732,0.00,0.00,0.00,0.00,315,0,0,0.0,0.0,2026-04-12T13:00:00Z,0,False,15,0,0,0,0,0,32,0,6826,0,0,1,2,0.0,0,-51,118,169,55,True,0
Rayan Vitor Simplício Rocha,MID,Bournemouth,0.0,0,0,10,0,2,17.7,4,807,0.06,0.06,0.00,1.91,311,1,0,2.9,7.4,2026-04-11T11:30:00Z,69,False,1,0,0,0,1,0,32,0,247848,1,1,2,1,4.0,2,-54230,16178,70408,55,False,0
Harry Maguire,DEF,Man Utd,0.0,0,0,0,0,0,0.0,0,442,0.00,0.00,0.00,0.00,317,0,0,0.0,0.0,2026-04-13T19:00:00Z,0,False,11,0,0,0,0,0,32,0,188879,0,0,2,1,0.0,0,-44957,682,45639,44,True,0
Hjalmar Ekdal,DEF,Burnley,0.0,0,0,15,0,7,0.9,8,190,0.01,0.01,0.00,1.93,313,2,0,2.4,22.6,2026-04-11T14:00:00Z,90,False,6,0,0,0,2,0,32,0,95842,1,1,2,0,0.0,1,-1408,742,2150,38,True,0
Mason Mount,MID,Man Utd,0.0,0,0,0,0,0,0.0,0,455,0.00,0.00,0.00,0.00,317,0,0,0.0,0.0,2026-04-13T19:00:00Z,0,False,11,0,0,0,0,0,32,0,36231,0,0,2,1,0.0,0,-38,217,255,59,True,0
Paris Maghoma,MID,Brentford,0.0,0,0,0,0,0,0.0,0,132,0.00,0.00,0.00,0.00,312,0,0,0.0,0.0,2026-04-11T14:00:00Z,0,False,9,0,0,0,0,0,32,0,2627,0,0,2,2,0.0,0,-31,0,31,45,True,0
Jair Paula da Cunha Filho,DEF,Nott'm Forest,0.0,0,0,0,0,0,0.0,0,510,0.00,0.00,0.00,0.00,318,0,0,0.0,0.0,2026-04-12T13:00:00Z,0,False,2,0,0,0,0,0,32,0,7821,0,0,1,1,0.0,0,-137,10,147,42,True,0
Freddie Potts,MID,West Ham,0.0,0,0,3,0,0,0.1,0,623,0.00,0.00,0.00,0.12,320,0,0,0.1,0.4,2026-04-10T19:00:00Z,12,False,20,0,0,0,0,0,32,0,68973,0,0,0,4,0.0,1,-2057,659,2716,44,True,0
Joško Gvardiol,DEF,Man City,0.0,0,0,0,0,0,0.0,0,403,0.00,0.00,0.00,0.00,314,0,0,0.0,0.0,2026-04-12T15:30:00Z,0,False,7,0,0,0,0,0,32,0,421951,0,0,3,0,0.0,0,-3062,138,3200,59,False,0
Matthijs de Ligt,DEF,Man Utd,0.0,0,0,0,0,0,0.0,0,436,0.00,0.00,0.00,0.00,317,0,0,0.0,0.0,2026-04-13T19:00:00Z,0,False,11,0,0,0,0,0,32,0,234402,0,0,2,1,0.0,0,-1025,48,1073,49,True,0
Matheus França de Oliveira,MID,Crystal Palace,0.0,0,0,0,0,0,0.0,0,279,0.00,0.00,0.00,0.00,315,0,0,0.0,0.0,2026-04-12T13:00:00Z,0,False,15,0,0,0,0,0,32,0,765,0,0,1,2,0.0,0,-2,0,2,45,True,0
Nick Woltemade,FWD,Newcastle,0.0,0,0,2,0,0,0.0,0,714,0.00,0.00,0.00,0.85,315,1,0,0.0,0.0,2026-04-12T13:00:00Z,6,False,8,0,0,0,0,0,32,0,875965,0,0,1,2,0.0,1,-11346,5478,16824,67,False,0
Airidas Golambeckis,DEF,West Ham,0.0,0,0,0,0,0,0.0,0,752,0.00,0.00,0.00,0.00,320,0,0,0.0,0.0,2026-04-10T19:00:00Z,0,False,20,0,0,0,0,0,32,0,3957,0,0,0,4,0.0,0,-22,45,67,40,True,0
Lucas Bergvall,MID,Spurs,0.0,0,0,-2,0,1,3.7,3,586,0.03,0.03,0.00,1.07,319,1,0,0.2,0.0,2026-04-12T13:00:00Z,60,False,17,0,0,0,2,0,32,0,22487,1,0,0,1,2.0,2,350,450,100,52,False,0
Mikel Merino Zazón,MID,Arsenal,0.0,0,0,0,0,0,0.0,0,22,0.00,0.00,0.00,0.00,311,0,0,0.0,0.0,2026-04-11T11:30:00Z,0,False,4,0,0,0,0,0,32,0,100907,0,0,2,1,0.0,0,-1363,27,1390,54,True,0
Braiden Graham,FWD,Everton,0.0,0,0,0,0,0,0.0,0,779,0.00,0.00,0.00,0.00,312,0,0,0.0,0.0,2026-04-11T14:00:00Z,0,False,5,0,0,0,0,0,32,0,4794,0,0,2,2,0.0,0,68,234,166,45,False,0
Odsonne Édouard,FWD,Crystal Palace,0.0,0,0,0,0,0,0.0,0,285,0.00,0.00,0.00,0.00,315,0,0,0.0,0.0,2026-04-12T13:00:00Z,0,False,15,0,0,0,0,0,32,0,26558,0,0,1,2,0.0,0,-54,0,54,50,True,0
Joe Knight,MID,Brighton,0.0,0,0,0,0,0,0.0,0,175,0.00,0.00,0.00,0.00,313,0,0,0.0,0.0,2026-04-11T14:00:00Z,0,False,3,0,0,0,0,0,32,0,8813,0,0,2,0,0.0,0,-97,0,97,44,False,0
Zépiqueno Redmond,FWD,Aston Villa,0.0,0,0,0,0,0,0.0,0,65,0.00,0.00,0.00,0.00,318,0,0,0.0,0.0,2026-04-12T13:00:00Z,0,False,16,0,0,0,0,0,32,0,37284,0,0,1,1,0.0,0,-72,0,72,45,False,0
Matheus Santos Carneiro da Cunha,MID,Man Utd,0.0,0,0,9,0,2,27.2,7,450,0.06,0.20,0.14,2.37,317,2,0,8.7,13.4,2026-04-13T19:00:00Z,90,False,11,0,0,0,3,0,32,0,1128854,1,2,2,1,46.0,1,67921,110241,42320,80,True,1
Max Merrick,GK,Chelsea,0.0,0,0,0,0,0,0.0,0,789,0.00,0.00,0.00,0.00,314,0,0,0.0,0.0,2026-04-12T15:30:00Z,0,False,13,0,0,0,0,0,32,0,1002,0,0,3,0,0.0,0,-3,24,27,40,True,0
Chemsdine Talbi,MID,Sunderland,0.0,0,0,5,0,1,0.4,3,553,0.00,0.00,0.00,0.06,319,0,0,0.3,3.0,2026-04-12T13:00:00Z,8,False,18,0,0,0,1,0,32,0,21437,0,1,0,1,0.0,1,1573,1929,356,49,True,0
Zach Abbott,DEF,Nott'm Forest,0.0,0,0,0,0,0,0.0,0,513,0.00,0.00,0.00,0.00,318,0,0,0.0,0.0,2026-04-12T13:00:00Z,0,False,2,0,0,0,0,0,32,0,33509,0,0,1,1,0.0,0,-301,113,414,38,True,0
Mykhailo Mudryk,MID,Chelsea,0.0,0,0,0,0,0,0.0,0,245,0.00,0.00,0.00,0.00,314,0,0,0.0,0.0,2026-04-12T15:30:00Z,0,False,13,0,0,0,0,0,32,0,1178,0,0,3,0,0.0,0,18,35,17,49,True,0
Emile Smith Rowe,MID,Fulham,0.0,0,0,0,0,2,2.7,4,325,0.01,0.23,0.22,0.78,316,0,0,2.5,5.4,2026-04-11T16:30:00Z,45,False,12,0,0,0,0,0,32,0,66410,0,2,0,2,17.0,1,-1591,578,2169,56,False,0
Yves Bissouma,MID,Spurs,0.0,0,0,0,0,0,0.0,0,587,0.00,0.00,0.00,0.00,319,0,0,0.0,0.0,2026-04-12T13:00:00Z,0,False,17,0,0,0,0,0,32,0,5970,0,0,0,1,0.0,0,-156,10,166,52,False,0
Zian Flemming,FWD,Burnley,0.0,0,0,10,0,2,4.0,3,215,0.00,0.39,0.39,1.93,313,2,0,5.4,5.4,2026-04-11T14:00:00Z,90,False,6,0,0,0,1,0,32,0,50642,1,0,2,0,45.0,2,3844,8427,4583,53,True,0
Alfie Pond,DEF,Wolves,0.0,0,0,0,0,0,0.0,0,641,0.00,0.00,0.00,0.00,320,0,0,0.0,0.0,2026-04-10T19:00:00Z,0,False,19,0,0,0,0,0,32,0,123110,0,0,0,4,0.0,0,-944,0,944,39,False,0
Fraser Forster,GK,Bournemouth,0.0,0,0,0,0,0,0.0,0,782,0.00,0.00,0.00,0.00,311,0,0,0.0,0.0,2026-04-11T11:30:00Z,0,False,1,0,0,0,0,0,32,0,3364,0,0,2,1,0.0,0,33,117,84,40,False,0
Daniel Ballard,DEF,Sunderland,0.0,0,0,0,0,0,0.0,0,531,0.00,0.00,0.00,0.00,319,0,0,0.0,0.0,2026-04-12T13:00:00Z,0,False,18,0,0,0,0,0,32,0,451061,0,0,0,1,0.0,0,-45793,1665,47458,47,True,0
Tim Iroegbunam,MID,Everton,0.0,0,0,5,0,0,0.3,2,304,0.00,0.00,0.00,0.97,312,1,0,0.5,4.6,2026-04-11T14:00:00Z,16,False,5,0,0,0,0,0,32,0,4951,0,2,2,2,0.0,1,-22,77,99,48,False,0
Lucas Digne,DEF,Aston Villa,0.0,0,0,16,0,4,30.8,8,37,0.07,0.07,0.00,1.15,318,1,0,5.8,22.8,2026-04-12T13:00:00Z,77,False,16,0,0,0,3,0,32,0,204600,1,4,1,1,4.0,2,2976,6861,3885,45,False,0
Mads Hermansen,GK,West Ham,0.0,0,0,27,1,1,0.0,0,679,0.00,0.00,0.00,0.59,320,0,0,2.5,24.6,2026-04-10T19:00:00Z,90,False,20,0,0,0,5,0,32,4,62527,1,0,0,4,0.0,7,3981,7779,3798,42,True,0
Viktor Gyökeres,FWD,Arsenal,0.0,0,0,6,0,0,3.1,0,666,0.01,1.03,1.02,1.19,311,2,1,6.5,26.2,2026-04-11T11:30:00Z,90,False,4,0,0,0,0,0,32,0,1547887,1,0,2,1,36.0,5,55438,83677,28239,88,True,1
Emiliano Buendía Stati,MID,Aston Villa,0.0,0,0,7,0,0,20.8,1,50,0.06,0.06,0.00,0.00,318,0,0,2.4,3.4,2026-04-12T13:00:00Z,12,False,16,0,0,0,1,0,32,0,51123,0,0,1,1,0.0,1,-2764,887,3651,53,False,0
Benjamin Lecomte,GK,Fulham,0.0,0,0,0,0,0,0.0,0,664,0.00,0.00,0.00,0.00,316,0,0,0.0,0.0,2026-04-11T16:30:00Z,0,False,12,0,0,0,0,0,32,0,90429,0,0,0,2,0.0,0,-432,245,677,39,False,0
Ismeal Kabia,MID,Arsenal,0.0,0,0,0,0,0,0.0,0,28,0.00,0.00,0.00,0.00,311,0,0,0.0,0.0,2026-04-11T11:30:00Z,0,False,4,0,0,0,0,0,32,0,12447,0,0,2,1,0.0,0,-19,0,19,45,True,0
Isaac Hayden,MID,Newcastle,0.0,0,0,0,0,0,0.0,0,495,0.00,0.00,0.00,0.00,315,0,0,0.0,0.0,2026-04-12T13:00:00Z,0,False,8,0,0,0,0,0,32,0,760,0,0,1,2,0.0,0,-1,0,1,45,False,0
Adrian Mazilu,MID,Brighton,0.0,0,0,0,0,0,0.0,0,176,0.00,0.00,0.00,0.00,313,0,0,0.0,0.0,2026-04-11T14:00:00Z,0,False,3,0,0,0,0,0,32,0,2360,0,0,2,0,0.0,0,-7,0,7,45,False,0
Jurriën Timber,DEF,Arsenal,0.0,0,0,0,0,0,0.0,0,8,0.00,0.00,0.00,0.00,311,0,0,0.0,0.0,2026-04-11T11:30:00Z,0,False,4,0,0,0,0,0,32,0,3245375,0,0,2,1,0.0,0,-244192,59282,303474,63,True,0
Finlay Herrick,GK,West Ham,0.0,0,0,0,0,0,0.0,0,825,0.00,0.00,0.00,0.00,320,0,0,0.0,0.0,2026-04-10T19:00:00Z,0,False,20,0,0,0,0,0,32,0,148,0,0,0,4,0.0,0,67,75,8,40,True,0
Kyle Walker,DEF,Burnley,0.0,0,0,3,0,2,0.8,3,187,0.00,0.00,0.00,0.13,313,1,0,0.6,5.4,2026-04-11T14:00:00Z,8,False,6,0,0,0,1,0,32,0,147578,0,1,2,0,0.0,1,479,2839,2360,44,True,0
Cole Palmer,MID,Chelsea,0.0,0,0,16,0,4,28.2,12,235,0.21,0.49,0.28,2.29,314,3,0,6.5,14.8,2026-04-12T15:30:00Z,90,False,13,0,0,0,8,0,32,0,2290218,1,0,3,0,22.0,4,104743,287351,182608,106,True,0
Maxence Lacroix,DEF,Crystal Palace,0.0,0,0,11,0,12,0.6,14,257,0.01,0.01,0.00,1.13,315,1,0,2.2,19.4,2026-04-12T13:00:00Z,90,False,15,0,0,0,3,0,32,0,631349,1,2,1,2,2.0,4,46381,60843,14462,51,True,0
Robert Lynch Sánchez,GK,Chelsea,0.0,0,0,11,0,0,0.0,0,220,0.00,0.00,0.00,2.29,314,3,0,3.9,39.4,2026-04-12T15:30:00Z,90,False,13,0,0,0,11,0,32,5,1631757,1,0,3,0,0.0,2,-87814,16727,104541,48,True,0
Benjamin Fredrick,DEF,Brentford,0.0,0,0,0,0,0,0.0,0,115,0.00,0.00,0.00,0.00,312,0,0,0.0,0.0,2026-04-11T14:00:00Z,0,False,9,0,0,0,0,0,32,0,9501,0,0,2,2,0.0,0,-21,0,21,40,True,0
Brajan Gruda,MID,Brighton,0.0,0,0,0,0,0,0.0,0,162,0.00,0.00,0.00,0.00,313,0,0,0.0,0.0,2026-04-11T14:00:00Z,0,False,3,0,0,0,0,0,32,0,5933,0,0,2,0,0.0,0,-46,0,46,54,False,0
James Trafford,GK,Man City,0.0,0,0,0,0,0,0.0,0,182,0.00,0.00,0.00,0.00,314,0,0,0.0,0.0,2026-04-12T15:30:00Z,0,False,7,0,0,0,0,0,32,0,119346,0,0,3,0,0.0,0,43,435,392,45,False,0
Ben Gannon-Doak,MID,Bournemouth,0.0,0,0,0,0,0,0.0,0,391,0.00,0.00,0.00,0.00,311,0,0,0.0,0.0,2026-04-11T11:30:00Z,0,False,1,0,0,0,0,0,32,0,4080,0,0,2,1,0.0,0,55,66,11,48,False,0
Max Alleyne,DEF,Man City,0.0,0,0,0,0,0,0.0,0,794,0.00,0.00,0.00,0.00,314,0,0,0.0,0.0,2026-04-12T15:30:00Z,0,False,7,0,0,0,0,0,32,0,1255,0,0,3,0,0.0,0,-3,71,74,39,False,0
Saša Kalajdžić,FWD,Wolves,0.0,0,0,0,0,0,0.0,0,656,0.00,0.00,0.00,0.00,320,0,0,0.0,0.0,2026-04-10T19:00:00Z,0,False,19,0,0,0,0,0,32,0,6185,0,0,0,4,0.0,0,-10,0,10,49,False,0
Mitoma Kaoru,MID,Brighton,0.0,0,0,7,0,0,1.3,4,157,0.06,0.06,0.00,0.04,313,0,0,1.2,5.0,2026-04-11T14:00:00Z,10,False,3,0,0,0,2,0,32,0,275546,0,2,2,0,6.0,1,36801,48803,12002,61,False,0
Michael Keane,DEF,Everton,0.0,0,0,0,0,0,0.0,0,295,0.00,0.00,0.00,0.00,312,0,0,0.0,0.0,2026-04-11T14:00:00Z,0,False,5,0,0,0,0,0,32,0,407882,0,0,2,2,0.0,0,-11438,20648,32086,46,False,0
Jenson Jones,DEF,Sunderland,0.0,0,0,0,0,0,0.0,0,774,0.00,0.00,0.00,0.00,319,0,0,0.0,0.0,2026-04-12T13:00:00Z,0,False,18,0,0,0,0,0,32,0,2612,0,0,0,1,0.0,0,-31,56,87,40,True,0
Jean-Clair Todibo,DEF,West Ham,0.0,0,0,0,0,0,0.0,0,609,0.00,0.00,0.00,0.00,320,0,0,0.0,0.0,2026-04-10T19:00:00Z,0,False,20,0,0,0,0,0,32,0,12836,0,0,0,4,0.0,0,-243,105,348,43,True,0
Joelinton Cássio Apolinário de Lira,MID,Newcastle,0.0,0,0,2,0,3,2.1,8,490,0.01,0.01,0.00,1.71,315,1,0,0.3,0.6,2026-04-12T13:00:00Z,83,False,8,0,0,0,5,0,32,0,40562,1,0,1,2,0.0,1,285,1346,1061,59,False,1
Mohamadou Kanté,MID,West Ham,0.0,0,0,0,0,0,0.0,0,758,0.00,0.00,0.00,0.00,320,0,0,0.0,0.0,2026-04-10T19:00:00Z,0,False,20,0,0,0,0,0,32,0,1535,0,0,0,4,0.0,0,86,141,55,45,True,0
Francisco Evanilson de Lima Barbosa,FWD,Bournemouth,0.0,1,0,22,0,3,13.9,6,97,0.03,0.07,0.04,2.19,311,1,0,6.2,25.2,2026-04-11T11:30:00Z,89,False,1,0,0,0,3,0,32,0,271323,1,0,2,1,23.0,5,-13945,14164,28109,68,False,0
Nordi Mukiele,DEF,Sunderland,0.0,0,2,35,1,1,9.8,5,694,0.06,0.32,0.26,0.78,319,0,1,8.0,45.4,2026-04-12T13:00:00Z,81,False,18,0,0,0,4,0,32,0,888469,1,4,0,1,25.0,14,-45124,27667,72791,45,True,0
Kevin Danso,DEF,Spurs,0.0,0,0,4,0,2,0.7,4,570,0.01,0.01,0.00,0.26,319,0,0,1.3,10.2,2026-04-12T13:00:00Z,20,False,17,0,0,0,1,0,32,0,16971,0,2,0,1,2.0,1,169,407,238,42,False,0
Adam Aznou,DEF,Everton,0.0,0,0,0,0,0,0.0,0,667,0.00,0.00,0.00,0.00,312,0,0,0.0,0.0,2026-04-11T14:00:00Z,0,False,5,0,0,0,0,0,32,0,7358,0,0,2,2,0.0,0,-4,44,48,42,False,0
Ben Davies,DEF,Spurs,0.0,0,0,0,0,0,0.0,0,571,0.00,0.00,0.00,0.00,319,0,0,0.0,0.0,2026-04-12T13:00:00Z,0,False,17,0,0,0,0,0,32,0,8503,0,0,0,1,0.0,0,-5,23,28,43,False,0
Trai Hume,DEF,Sunderland,0.0,0,0,1,0,0,14.2,2,532,0.12,0.12,0.00,0.06,319,0,0,2.1,6.4,2026-04-12T13:00:00Z,8,False,18,0,0,0,0,0,32,0,43385,0,2,0,1,0.0,0,203,1427,1224,45,True,1
Tom Cairney,MID,Fulham,0.0,0,0,0,0,0,0.0,0,331,0.00,0.00,0.00,0.00,316,0,0,0.0,0.0,2026-04-11T16:30:00Z,0,False,12,0,0,0,0,0,32,0,4107,0,0,0,2,0.0,0,-11,43,54,48,False,0
Calvin Bassey,DEF,Fulham,0.0,0,0,13,0,8,0.5,13,318,0.00,0.00,0.00,1.59,316,2,0,2.8,25.0,2026-04-11T16:30:00Z,90,False,12,0,0,0,1,0,32,0,89083,1,5,0,2,2.0,3,-19431,1347,20778,44,False,0
Alfie McNally,GK,Fulham,0.0,0,0,0,0,0,0.0,0,786,0.00,0.00,0.00,0.00,316,0,0,0.0,0.0,2026-04-11T16:30:00Z,0,False,12,0,0,0,0,0,32,0,1302,0,0,0,2,0.0,0,28,62,34,40,False,0
Matai Akinmboni,DEF,Bournemouth,0.0,0,0,0,0,0,0.0,0,75,0.00,0.00,0.00,0.00,311,0,0,0.0,0.0,2026-04-11T11:30:00Z,0,False,1,0,0,0,0,0,32,0,25122,0,0,2,1,0.0,0,117,296,179,38,False,0
Yehor Yarmoliuk,MID,Brentford,0.0,0,0,15,0,2,4.0,13,129,0.02,0.02,0.00,1.53,312,2,0,1.8,14.4,2026-04-11T14:00:00Z,90,False,9,0,0,0,8,0,32,0,12799,1,3,2,2,0.0,4,-258,160,418,50,True,0
Norberto Bercique Gomes Betuncal,FWD,Everton,0.0,0,1,27,0,2,12.7,2,311,0.01,0.58,0.57,1.86,312,1,1,9.0,37.2,2026-04-11T14:00:00Z,73,False,5,0,0,0,0,0,32,0,373821,1,0,2,2,40.0,7,49806,57635,7829,50,False,0
Christian Nørgaard,MID,Arsenal,0.0,0,0,0,0,0,0.0,0,24,0.00,0.00,0.00,0.00,311,0,0,0.0,0.0,2026-04-11T11:30:00Z,0,False,4,0,0,0,0,0,32,0,17082,0,0,2,1,0.0,0,18,117,99,51,True,0
Dan Ndoye,MID,Nott'm Forest,0.0,0,0,3,0,1,0.0,1,669,0.00,0.00,0.00,0.00,318,0,0,0.1,1.0,2026-04-12T13:00:00Z,1,False,2,0,0,0,0,0,32,0,88995,0,0,1,1,0.0,1,-199,151,350,55,True,0
Soungoutou Magassa,MID,West Ham,0.0,0,0,3,0,0,0.3,2,718,0.00,0.00,0.00,0.12,320,0,0,0.2,1.2,2026-04-10T19:00:00Z,5,False,20,0,0,0,2,0,32,0,3513,0,0,0,4,0.0,1,-11,75,86,50,True,0
Bradley Burrowes,MID,Aston Villa,0.0,0,0,0,0,0,0.0,0,702,0.00,0.00,0.00,0.00,318,0,0,0.0,0.0,2026-04-12T13:00:00Z,0,False,16,0,0,0,0,0,32,0,9125,0,0,1,1,0.0,0,-18,49,67,44,False,0
Martin Sherif,FWD,Everton,0.0,0,0,0,0,0,0.0,0,313,0.00,0.00,0.00,0.00,312,0,0,0.0,0.0,2026-04-11T14:00:00Z,0,False,5,0,0,0,0,0,32,0,14992,0,0,2,2,0.0,0,-61,0,61,44,False,0
Martin Ødegaard,MID,Arsenal,0.0,0,0,0,0,0,0.0,0,17,0.00,0.00,0.00,0.00,311,0,0,0.0,0.0,2026-04-11T11:30:00Z,0,False,4,0,0,0,0,0,32,0,202428,0,0,2,1,0.0,0,440,2372,1932,78,True,0
Malick Yalcouyé,MID,Brighton,0.0,0,0,0,0,0,0.0,0,174,0.00,0.00,0.00,0.00,313,0,0,0.0,0.0,2026-04-11T14:00:00Z,0,False,3,0,0,0,0,0,32,0,635,0,0,2,0,0.0,0,-1,0,1,50,False,0
Charalampos Kostoulas,FWD,Brighton,0.0,0,0,0,0,0,0.0,0,181,0.00,0.00,0.00,0.00,313,0,0,0.0,0.0,2026-04-11T14:00:00Z,0,False,3,0,0,0,0,0,32,0,43999,0,0,2,0,0.0,0,-463,438,901,48,False,0
Romain Esse,MID,Crystal Palace,0.0,0,0,0,0,0,0.0,0,269,0.00,0.00,0.00,0.00,315,0,0,0.0,0.0,2026-04-12T13:00:00Z,0,False,15,0,0,0,0,0,32,0,14429,0,0,1,2,0.0,0,-61,0,61,47,True,0
João Victor de Souza Menezes,DEF,Spurs,0.0,0,0,0,0,0,0.0,0,804,0.00,0.00,0.00,0.00,319,0,0,0.0,0.0,2026-04-12T13:00:00Z,0,False,17,0,0,0,0,0,32,0,2746,0,0,0,1,0.0,0,33,164,131,40,False,0
Mark Travers,GK,Everton,0.0,0,0,0,0,0,0.0,0,288,0.00,0.00,0.00,0.00,312,0,0,0.0,0.0,2026-04-11T14:00:00Z,0,False,5,0,0,0,0,0,32,0,14632,0,0,2,2,0.0,0,-40,79,119,43,False,0
Altay Bayındır,GK,Man Utd,0.0,0,0,0,0,0,0.0,0,431,0.00,0.00,0.00,0.00,317,0,0,0.0,0.0,2026-04-13T19:00:00Z,0,False,11,0,0,0,0,0,32,0,40853,0,0,2,1,0.0,0,59,336,277,47,True,0
Largie Ramazani,MID,Leeds,0.0,0,0,0,0,0,0.0,0,357,0.00,0.00,0.00,0.00,317,0,0,0.0,0.0,2026-04-13T19:00:00Z,0,False,14,0,0,0,0,0,32,0,1855,0,0,2,1,0.0,0,-2,0,2,49,False,0
Malcom DaCosta,MID,Bournemouth,0.0,0,0,0,0,0,0.0,0,756,0.00,0.00,0.00,0.00,311,0,0,0.0,0.0,2026-04-11T11:30:00Z,0,False,1,0,0,0,0,0,32,0,1345,0,0,2,1,0.0,0,23,66,43,45,False,0
Pedro Lomba Neto,MID,Chelsea,0.0,0,0,11,0,0,41.0,5,236,0.18,0.23,0.05,2.29,314,3,0,7.1,10.8,2026-04-12T15:30:00Z,90,False,13,0,0,0,5,0,32,0,545965,1,0,3,0,19.0,2,5648,22416,16768,70,True,0
Rodrigo Martins Gomes,DEF,Wolves,0.0,0,0,-9,0,0,2.3,1,635,0.00,0.00,0.00,1.30,320,3,0,0.7,2.4,2026-04-10T19:00:00Z,29,False,19,0,0,0,0,0,32,0,10719,0,1,0,4,2.0,0,805,1108,303,44,False,0
Yerson Mosquera Valdelamar,DEF,Wolves,0.0,0,0,-1,0,5,10.8,6,634,0.06,0.14,0.08,1.66,320,3,0,3.1,9.8,2026-04-10T19:00:00Z,70,False,19,0,0,0,1,0,32,0,14362,1,1,0,4,10.0,0,-40,684,724,43,False,1
Iliman Ndiaye,MID,Everton,0.0,0,0,15,0,2,34.4,10,299,0.07,0.14,0.07,2.84,312,2,0,7.4,18.6,2026-04-11T14:00:00Z,90,False,5,0,0,0,5,0,32,0,547483,1,3,2,2,21.0,2,1537,30177,28640,62,False,0
Tyler Fletcher,MID,Man Utd,0.0,0,0,0,0,0,0.0,0,771,0.00,0.00,0.00,0.00,317,0,0,0.0,0.0,2026-04-13T19:00:00Z,0,False,11,0,0,0,0,0,32,0,1481,0,0,2,1,0.0,0,-24,58,82,44,True,0
Florentino Ibrain Morris Luís,MID,Burnley,0.0,0,0,6,0,2,17.0,6,722,0.05,0.08,0.03,1.81,313,1,0,1.7,0.0,2026-04-11T14:00:00Z,81,False,6,0,0,0,4,0,32,0,5208,1,0,2,0,1.0,1,-83,108,191,50,True,1
Nicolas Jackson,FWD,Chelsea,0.0,0,0,0,0,0,0.0,0,251,0.00,0.00,0.00,0.00,314,0,0,0.0,0.0,2026-04-12T15:30:00Z,0,False,13,0,0,0,0,0,32,0,9193,0,0,3,0,0.0,0,-14,0,14,65,True,0
Morgan Rogers,MID,Aston Villa,0.0,1,0,14,0,2,18.3,11,47,0.03,0.21,0.18,1.15,318,1,0,3.6,6.0,2026-04-12T13:00:00Z,77,False,16,0,0,0,7,0,32,0,2995480,1,2,1,1,12.0,5,-210428,66682,277110,74,False,0
Reiss Nelson,MID,Brentford,0.0,0,0,5,0,0,13.8,4,27,0.02,0.05,0.03,0.74,312,1,0,2.4,5.6,2026-04-11T14:00:00Z,45,False,9,0,0,0,3,0,32,0,12033,0,1,2,2,5.0,1,35,85,50,48,True,0
Dan Burn,DEF,Newcastle,0.0,0,0,0,0,0,0.0,0,476,0.00,0.00,0.00,0.00,315,0,0,0.0,0.0,2026-04-12T13:00:00Z,0,False,8,0,0,0,0,0,32,0,452483,0,0,1,2,0.0,0,1567,8574,7007,50,False,0
Andreas Hoelgebaum Pereira,MID,Fulham,0.0,0,0,0,0,0,0.0,0,327,0.00,0.00,0.00,0.00,316,0,0,0.0,0.0,2026-04-11T16:30:00Z,0,False,12,0,0,0,0,0,32,0,7533,0,0,0,2,0.0,0,-10,0,10,53,False,0
Lewis Miley,MID,Newcastle,0.0,1,1,25,0,0,17.7,4,497,0.01,0.01,0.00,2.56,315,2,0,4.0,22.0,2026-04-12T13:00:00Z,90,False,8,0,0,0,3,0,32,0,240580,1,1,1,2,0.0,6,-12196,1369,13565,44,False,0
Ahmed Abdullahi,FWD,Sunderland,0.0,0,0,0,0,0,0.0,0,562,0.00,0.00,0.00,0.00,319,0,0,0.0,0.0,2026-04-12T13:00:00Z,0,False,18,0,0,0,0,0,32,0,57095,0,0,0,1,0.0,0,-820,516,1336,42,True,0
James McConnell,MID,Liverpool,0.0,0,0,0,0,0,0.0,0,394,0.00,0.00,0.00,0.00,316,0,0,0.0,0.0,2026-04-11T16:30:00Z,0,False,10,0,0,0,0,0,32,0,2593,0,0,0,2,0.0,0,-5,0,5,44,True,0
Tom McGill,GK,Brighton,0.0,0,0,0,0,0,0.0,0,140,0.00,0.00,0.00,0.00,313,0,0,0.0,0.0,2026-04-11T14:00:00Z,0,False,3,0,0,0,0,0,32,0,39299,0,0,2,0,0.0,0,-219,93,312,39,False,0
Brayden Clarke,DEF,Arsenal,0.0,0,0,0,0,0,0.0,0,13,0.00,0.00,0.00,0.00,311,0,0,0.0,0.0,2026-04-11T11:30:00Z,0,False,4,0,0,0,0,0,32,0,54447,0,0,2,1,0.0,0,682,1197,515,37,True,0
Joe Worrall,DEF,Burnley,0.0,0,0,0,0,0,0.0,0,199,0.00,0.00,0.00,0.00,313,0,0,0.0,0.0,2026-04-11T14:00:00Z,0,False,6,0,0,0,0,0,32,0,28546,0,0,2,0,0.0,0,-200,866,1066,38,True,0
Owen Dodgson,DEF,Burnley,0.0,0,0,0,0,0,0.0,0,189,0.00,0.00,0.00,0.00,313,0,0,0.0,0.0,2026-04-11T14:00:00Z,0,False,6,0,0,0,0,0,32,0,1584,0,0,2,0,0.0,0,-4,0,4,40,True,0
Enzo Fernández,MID,Chelsea,0.0,0,0,0,0,0,0.0,0,237,0.00,0.00,0.00,0.00,314,0,0,0.0,0.0,2026-04-12T15:30:00Z,0,False,13,0,0,0,0,0,32,0,1600499,0,0,3,0,0.0,0,-373617,12335,385952,65,True,0
Julio Enciso Espínola,MID,Brighton,0.0,0,0,0,0,0,0.0,0,161,0.00,0.00,0.00,0.00,313,0,0,0.0,0.0,2026-04-11T14:00:00Z,0,False,3,0,0,0,0,0,32,0,1129,0,0,2,0,0.0,0,-2,0,2,54,False,0
Emil Krafth,DEF,Newcastle,0.0,0,0,0,0,0,0.0,0,479,0.00,0.00,0.00,0.00,315,0,0,0.0,0.0,2026-04-12T13:00:00Z,0,False,8,0,0,0,0,0,32,0,4740,0,0,1,2,0.0,0,-5,26,31,43,False,0
Boubacar Kamara,MID,Aston Villa,0.0,0,0,0,0,0,0.0,0,58,0.00,0.00,0.00,0.00,318,0,0,0.0,0.0,2026-04-12T13:00:00Z,0,False,16,0,0,0,0,0,32,0,22918,0,0,1,1,0.0,0,-399,21,420,49,False,0
Hugo Ekitiké,FWD,Liverpool,0.0,0,0,0,0,0,0.0,0,661,0.00,0.00,0.00,0.00,316,0,0,0.0,0.0,2026-04-11T16:30:00Z,0,False,10,0,0,0,0,0,32,0,4094646,0,0,0,2,0.0,0,-626665,46067,672732,93,True,0
Amara Nallo,DEF,Liverpool,0.0,0,0,0,0,0,0.0,0,378,0.00,0.00,0.00,0.00,316,0,0,0.0,0.0,2026-04-11T16:30:00Z,0,False,10,0,0,0,0,0,32,0,128488,0,0,0,2,0.0,0,-3896,856,4752,37,True,0
Andrew Robertson,DEF,Liverpool,0.0,0,0,26,1,5,12.3,5,372,0.02,0.38,0.36,1.04,316,0,0,5.2,15.8,2026-04-11T16:30:00Z,90,False,10,0,0,0,1,0,32,0,130725,1,0,0,2,24.0,6,31,1111,1080,57,True,0
Seung-Soo Park,MID,Newcastle,0.0,0,0,0,0,0,0.0,0,689,0.00,0.00,0.00,0.00,315,0,0,0.0,0.0,2026-04-12T13:00:00Z,0,False,8,0,0,0,0,0,32,0,66253,0,0,1,2,0.0,0,-541,1615,2156,43,False,0
Randal Kolo Muani,FWD,Spurs,0.0,0,0,6,0,1,26.0,4,726,0.03,0.03,0.00,1.33,319,1,0,4.0,7.8,2026-04-12T13:00:00Z,90,False,17,0,0,0,3,0,32,0,50580,1,0,0,1,6.0,2,-1312,1442,2754,69,False,0
Jason Steele,GK,Brighton,0.0,0,0,0,0,0,0.0,0,138,0.00,0.00,0.00,0.00,313,0,0,0.0,0.0,2026-04-11T14:00:00Z,0,False,3,0,0,0,0,0,32,0,31581,0,0,2,0,0.0,0,41,327,286,42,False,0
Joe Gauci,GK,Aston Villa,0.0,0,0,0,0,0,0.0,0,34,0.00,0.00,0.00,0.00,318,0,0,0.0,0.0,2026-04-12T13:00:00Z,0,False,16,0,0,0,0,0,32,0,11472,0,0,1,1,0.0,0,-69,0,69,40,False,0
Callum Hudson-Odoi,MID,Nott'm Forest,0.0,1,2,23,0,2,57.5,5,516,0.30,0.38,0.08,1.02,318,1,0,11.4,32.0,2026-04-12T13:00:00Z,90,False,2,0,0,0,2,0,32,0,89389,1,1,1,1,24.0,7,482,2240,1758,57,True,0
Trevoh Chalobah,DEF,Chelsea,0.0,0,0,0,0,0,0.0,0,226,0.00,0.00,0.00,0.00,314,0,0,0.0,0.0,2026-04-12T15:30:00Z,0,False,13,0,0,0,0,0,32,0,1512920,0,0,3,0,0.0,0,-504170,237,504407,54,True,0
Jun'ai Byfield,DEF,Spurs,0.0,0,0,0,0,0,0.0,0,745,0.00,0.00,0.00,0.00,319,0,0,0.0,0.0,2026-04-12T13:00:00Z,0,False,17,0,0,0,0,0,32,0,4894,0,0,0,1,0.0,0,-22,36,58,40,False,0
Guido Rodríguez,MID,West Ham,0.0,0,0,0,0,0,0.0,0,618,0.00,0.00,0.00,0.00,320,0,0,0.0,0.0,2026-04-10T19:00:00Z,0,False,20,0,0,0,0,0,32,0,5255,0,0,0,4,0.0,0,-24,0,24,48,True,0
Kepa Arrizabalaga Revuelta,GK,Arsenal,0.0,0,0,0,0,0,0.0,0,2,0.00,0.00,0.00,0.00,311,0,0,0.0,0.0,2026-04-11T11:30:00Z,0,False,4,0,0,0,0,0,32,0,48893,0,0,2,1,0.0,0,21,375,354,40,True,0
James Justin,DEF,Leeds,0.0,0,0,17,0,9,6.1,9,706,0.03,0.06,0.03,1.31,317,1,0,3.1,20.8,2026-04-13T19:00:00Z,90,False,14,0,0,0,4,0,32,0,163624,1,0,2,1,4.0,1,36159,47929,11770,39,False,1
Daniel Adu-Adjei,FWD,Bournemouth,0.0,0,0,0,0,0,0.0,0,99,0.00,0.00,0.00,0.00,311,0,0,0.0,0.0,2026-04-11T11:30:00Z,0,False,1,0,0,0,0,0,32,0,17351,0,0,2,1,0.0,0,-54,0,54,44,False,0
Youssef Ramalho Chermiti,FWD,Everton,0.0,0,0,0,0,0,0.0,0,312,0.00,0.00,0.00,0.00,312,0,0,0.0,0.0,2026-04-11T14:00:00Z,0,False,5,0,0,0,0,0,32,0,8258,0,0,2,2,0.0,0,-12,0,12,49,False,0
Yang Min-hyeok,MID,Spurs,0.0,0,0,0,0,0,0.0,0,594,0.00,0.00,0.00,0.00,319,0,0,0.0,0.0,2026-04-12T13:00:00Z,0,False,17,0,0,0,0,0,32,0,1409,0,0,0,1,0.0,0,0,0,0,45,False,0
Ibrahima Konaté,DEF,Liverpool,0.0,0,0,24,1,3,2.2,3,374,0.01,0.01,0.00,1.04,316,0,0,1.2,9.6,2026-04-11T16:30:00Z,90,False,10,0,0,0,3,0,32,0,543885,1,0,0,2,0.0,6,-30053,13397,43450,55,True,0
Lyle Foster,FWD,Burnley,0.0,0,0,0,0,0,0.0,0,217,0.00,0.00,0.00,0.00,313,0,0,0.0,0.0,2026-04-11T14:00:00Z,0,False,6,0,0,0,0,0,32,0,101200,0,0,2,0,0.0,0,-252,1645,1897,49,True,0
Rob Holding,DEF,Crystal Palace,0.0,0,0,0,0,0,0.0,0,264,0.00,0.00,0.00,0.00,315,0,0,0.0,0.0,2026-04-12T13:00:00Z,0,False,15,0,0,0,0,0,32,0,2044,0,0,1,2,0.0,0,-9,0,9,40,True,0
Valentín Castellanos,FWD,West Ham,0.0,0,2,55,1,1,25.4,5,791,0.08,0.80,0.72,0.46,320,0,2,15.0,70.0,2026-04-10T19:00:00Z,81,False,20,0,0,0,3,0,32,0,15219,1,1,0,4,55.0,11,303,2088,1785,55,True,1
Manor Solomon,MID,Spurs,0.0,0,0,0,0,0,0.0,0,589,0.00,0.00,0.00,0.00,319,0,0,0.0,0.0,2026-04-12T13:00:00Z,0,False,17,0,0,0,0,0,32,0,843,0,0,0,1,0.0,0,-3,0,3,54,False,0
Tommy Setford,GK,Arsenal,0.0,0,0,0,0,0,0.0,0,4,0.00,0.00,0.00,0.00,311,0,0,0.0,0.0,2026-04-11T11:30:00Z,0,False,4,0,0,0,0,0,32,0,27762,0,0,2,1,0.0,0,-246,96,342,39,True,0
Marcus Edwards,MID,Burnley,0.0,0,0,9,0,0,4.5,3,206,0.02,0.04,0.02,1.81,313,1,0,2.8,4.2,2026-04-11T14:00:00Z,74,False,6,0,0,0,3,0,32,0,13408,1,0,2,0,19.0,2,-326,334,660,47,True,0
Manuel Benson Hedilazio,MID,Burnley,0.0,0,0,0,0,0,0.0,0,201,0.00,0.00,0.00,0.00,313,0,0,0.0,0.0,2026-04-11T14:00:00Z,0,False,6,0,0,0,0,0,32,0,1903,0,0,2,0,0.0,0,-1,0,1,54,True,0
Kalvin Phillips,MID,Man City,0.0,0,0,0,0,0,0.0,0,429,0.00,0.00,0.00,0.00,314,0,0,0.0,0.0,2026-04-12T15:30:00Z,0,False,7,0,0,0,0,0,32,0,7674,0,0,3,0,0.0,0,-34,0,34,47,False,0
Remy Rees-Dottin,MID,Bournemouth,0.0,0,0,0,0,0,0.0,0,687,0.00,0.00,0.00,0.00,311,0,0,0.0,0.0,2026-04-11T11:30:00Z,0,False,1,0,0,0,0,0,32,0,23648,0,0,2,1,0.0,0,39,635,596,43,False,0
John Victor Maciel Furtado,GK,Nott'm Forest,0.0,0,0,0,0,0,0.0,0,715,0.00,0.00,0.00,0.00,318,0,0,0.0,0.0,2026-04-12T13:00:00Z,0,False,2,0,0,0,0,0,32,0,39975,0,0,1,1,0.0,0,-1134,53,1187,40,True,0
Tyrick Mitchell,DEF,Crystal Palace,0.0,1,0,23,0,3,26.8,7,258,0.55,0.55,0.00,1.13,315,1,0,5.9,29.8,2026-04-12T13:00:00Z,90,False,15,0,0,0,6,0,32,0,280005,1,4,1,2,2.0,5,3704,8840,5136,50,True,0
Matheus Nunes,DEF,Man City,0.0,0,0,33,1,4,39.9,4,407,0.17,0.17,0.00,1.14,314,0,0,6.4,22.2,2026-04-12T15:30:00Z,90,False,7,0,0,0,6,0,32,0,389937,1,0,3,0,2.0,6,-1276,20671,21947,53,False,0
Sam Proctor,GK,Aston Villa,0.0,0,0,0,0,0,0.0,0,703,0.00,0.00,0.00,0.00,318,0,0,0.0,0.0,2026-04-12T13:00:00Z,0,False,16,0,0,0,0,0,32,0,79880,0,0,1,1,0.0,0,-864,324,1188,39,False,0
Harrison Jones,MID,Sunderland,0.0,0,0,0,0,0,0.0,0,557,0.00,0.00,0.00,0.00,319,0,0,0.0,0.0,2026-04-12T13:00:00Z,0,False,18,0,0,0,0,0,32,0,8976,0,0,0,1,0.0,0,-2,119,121,43,True,0
Alex Iwobi,MID,Fulham,0.0,0,0,20,0,3,32.7,9,324,0.32,0.36,0.04,1.59,316,2,0,8.7,27.4,2026-04-11T16:30:00Z,90,False,12,0,0,0,5,0,32,0,293768,1,1,0,2,27.0,2,-61732,4946,66678,64,False,0
Timothy Castagne,DEF,Fulham,0.0,0,0,15,0,6,40.5,8,319,0.12,0.14,0.02,1.59,316,2,0,8.9,29.2,2026-04-11T16:30:00Z,90,False,12,0,0,0,3,0,32,0,14415,1,2,0,2,19.0,1,-47,286,333,43,False,0
Bernd Leno,GK,Fulham,0.0,0,0,13,0,2,0.0,0,314,0.00,0.00,0.00,1.59,316,2,0,2.6,26.0,2026-04-11T16:30:00Z,90,False,12,0,0,0,8,0,32,3,242103,1,0,0,2,0.0,2,-22760,3204,25964,49,False,0
Claudio Echeverri,MID,Man City,0.0,0,0,0,0,0,0.0,0,425,0.00,0.00,0.00,0.00,314,0,0,0.0,0.0,2026-04-12T15:30:00Z,0,False,7,0,0,0,0,0,32,0,1229,0,0,3,0,0.0,0,-2,0,2,54,False,0
Giovanni Leoni,DEF,Liverpool,0.0,0,0,0,0,0,0.0,0,692,0.00,0.00,0.00,0.00,316,0,0,0.0,0.0,2026-04-11T16:30:00Z,0,False,10,0,0,0,0,0,32,0,1803,0,0,0,2,0.0,0,11,23,12,49,True,0
Owen Bevan,DEF,Bournemouth,0.0,0,0,0,0,0,0.0,0,76,0.00,0.00,0.00,0.00,311,0,0,0.0,0.0,2026-04-11T11:30:00Z,0,False,1,0,0,0,0,0,32,0,23761,0,0,2,1,0.0,0,-64,254,318,38,False,0
Angus Gunn,GK,Nott'm Forest,0.0,0,0,0,0,0,0.0,0,675,0.00,0.00,0.00,0.00,318,0,0,0.0,0.0,2026-04-12T13:00:00Z,0,False,2,0,0,0,0,0,32,0,146847,0,0,1,1,0.0,0,-422,111,533,40,True,0
Cody Gakpo,MID,Liverpool,0.0,1,0,14,1,0,11.3,6,384,0.05,0.18,0.13,1.04,316,0,0,5.4,17.8,2026-04-11T16:30:00Z,90,False,10,0,0,0,3,0,32,0,744997,1,3,0,2,25.0,6,-28231,5601,33832,73,True,0
George Earthy,MID,West Ham,0.0,0,0,0,0,0,0.0,0,620,0.00,0.00,0.00,0.00,320,0,0,0.0,0.0,2026-04-10T19:00:00Z,0,False,20,0,0,0,0,0,32,0,5290,0,0,0,4,0.0,0,-25,0,25,45,True,0
Benjamin Arthur,DEF,Brentford,0.0,0,0,0,0,0,0.0,0,114,0.00,0.00,0.00,0.00,312,0,0,0.0,0.0,2026-04-11T14:00:00Z,0,False,9,0,0,0,0,0,32,0,24246,0,0,2,2,0.0,0,-265,0,265,38,True,0
Adam Wharton,MID,Crystal Palace,0.0,0,0,4,0,3,0.3,4,273,0.01,0.01,0.00,0.02,315,0,0,0.6,5.8,2026-04-12T13:00:00Z,26,False,15,0,0,0,1,0,32,0,80621,0,0,1,2,0.0,1,-1189,2047,3236,50,True,0
Tyler Fredricson,DEF,Man Utd,0.0,0,0,0,0,0,0.0,0,446,0.00,0.00,0.00,0.00,317,0,0,0.0,0.0,2026-04-13T19:00:00Z,0,False,11,0,0,0,0,0,32,0,19366,0,0,2,1,0.0,0,336,702,366,37,True,0
Ross Barkley,MID,Aston Villa,0.0,0,0,13,0,1,4.5,6,55,0.03,0.05,0.02,1.15,318,1,0,3.1,9.2,2026-04-12T13:00:00Z,76,False,16,0,0,0,4,0,32,0,12691,1,1,1,1,17.0,2,4327,5124,797,48,False,0
James Wilson,FWD,Spurs,0.0,0,0,0,0,0,0.0,0,818,0.00,0.00,0.00,0.00,319,0,0,0.0,0.0,2026-04-12T13:00:00Z,0,False,17,0,0,0,0,0,32,0,3520,0,0,0,1,0.0,0,392,710,318,45,False,0
Darko Churlinov,MID,Burnley,0.0,0,0,0,0,0,0.0,0,204,0.00,0.00,0.00,0.00,313,0,0,0.0,0.0,2026-04-11T14:00:00Z,0,False,6,0,0,0,0,0,32,0,1586,0,0,2,0,0.0,0,0,0,0,49,True,0
Sam Byram,DEF,Leeds,0.0,0,0,0,0,0,0.0,0,346,0.00,0.00,0.00,0.00,317,0,0,0.0,0.0,2026-04-13T19:00:00Z,0,False,14,0,0,0,0,0,32,0,37233,0,0,2,1,0.0,0,4154,5358,1204,37,False,0
Chris Richards,DEF,Crystal Palace,0.0,0,0,10,0,8,1.0,9,261,0.01,0.01,0.00,1.13,315,1,0,1.3,12.2,2026-04-12T13:00:00Z,90,False,15,0,0,0,3,0,32,0,321701,1,1,1,2,0.0,2,7375,38024,30649,44,True,0
Jacob Murphy,MID,Newcastle,0.0,0,0,4,0,1,12.5,5,489,0.01,0.06,0.05,2.50,315,2,0,2.7,5.4,2026-04-12T13:00:00Z,90,False,8,0,0,0,3,0,32,0,81542,1,1,1,2,9.0,2,-229,838,1067,59,False,0
Filip Jörgensen,GK,Chelsea,0.0,0,0,0,0,0,0.0,0,221,0.00,0.00,0.00,0.00,314,0,0,0.0,0.0,2026-04-12T15:30:00Z,0,False,13,0,0,0,0,0,32,0,21197,0,0,3,0,0.0,0,-432,32,464,43,True,0
Rodrigo 'Rodri' Hernandez Cascante,MID,Man City,0.0,0,0,11,1,2,11.7,8,421,0.04,0.04,0.00,1.14,314,0,0,2.7,13.0,2026-04-12T15:30:00Z,90,False,7,0,0,0,4,0,32,0,66798,1,2,3,0,2.0,3,1688,3174,1486,63,False,0
Ryan Gravenberch,MID,Liverpool,0.0,0,0,7,0,4,1.7,7,390,0.02,0.02,0.00,0.84,316,0,0,1.6,13.8,2026-04-11T16:30:00Z,45,False,10,0,0,0,1,0,32,0,609698,0,2,0,2,0.0,1,-42533,7691,50224,55,True,0
Naouirou Ahamada,MID,Crystal Palace,0.0,0,0,0,0,0,0.0,0,275,0.00,0.00,0.00,0.00,315,0,0,0.0,0.0,2026-04-12T13:00:00Z,0,False,15,0,0,0,0,0,32,0,4612,0,0,1,2,0.0,0,-41,0,41,43,True,0
Danny Imray,DEF,Crystal Palace,0.0,0,0,0,0,0,0.0,0,798,0.00,0.00,0.00,0.00,315,0,0,0.0,0.0,2026-04-12T13:00:00Z,0,False,15,0,0,0,0,0,32,0,313,0,0,1,2,0.0,0,-6,0,6,40,True,0
Andrey Nascimento dos Santos,MID,Chelsea,0.0,0,0,12,0,4,11.1,7,246,0.02,0.07,0.05,1.76,314,2,0,3.0,15.0,2026-04-12T15:30:00Z,66,False,13,0,0,0,2,0,32,0,37870,1,1,3,0,4.0,2,-322,894,1216,45,True,0
Melker Ellborg,GK,Sunderland,0.0,0,0,0,0,0,0.0,0,812,0.00,0.00,0.00,0.00,319,0,0,0.0,0.0,2026-04-12T13:00:00Z,0,False,18,0,0,0,0,0,32,0,18727,0,0,0,1,0.0,0,42,2436,2394,40,True,0
Jake O'Brien,DEF,Everton,0.0,1,0,10,0,5,2.5,6,293,0.01,0.12,0.11,2.84,312,2,0,2.3,16.4,2026-04-11T14:00:00Z,90,False,5,0,0,0,5,0,32,0,88040,1,1,2,2,4.0,4,479,5136,4657,49,False,0
Gabriel Martinelli Silva,MID,Arsenal,0.0,0,0,3,0,0,10.8,1,19,0.01,0.01,0.00,0.70,311,1,0,1.4,1.2,2026-04-11T11:30:00Z,53,False,4,0,0,0,1,0,32,0,118993,1,0,2,1,2.0,1,2959,4731,1772,68,True,0
Omar Marmoush,MID,Man City,0.0,0,0,0,0,0,0.0,0,413,0.00,0.00,0.00,0.00,314,0,0,0.0,0.0,2026-04-12T15:30:00Z,0,False,7,0,0,0,0,0,32,0,330710,0,0,3,0,0.0,0,-2592,2719,5311,83,False,0
Patrick Bamford,FWD,Leeds,0.0,0,0,0,0,0,0.0,0,363,0.00,0.00,0.00,0.00,317,0,0,0.0,0.0,2026-04-13T19:00:00Z,0,False,14,0,0,0,0,0,32,0,42409,0,0,2,1,0.0,0,-85,0,85,49,False,0
Ezra Mayers,DEF,West Ham,0.0,0,0,0,0,0,0.0,0,747,0.00,0.00,0.00,0.00,320,0,0,0.0,0.0,2026-04-10T19:00:00Z,0,False,20,0,0,0,0,0,32,0,4582,0,0,0,4,0.0,0,-3,55,58,40,True,0
Ederson Santana de Moraes,GK,Man City,0.0,0,0,0,0,0,0.0,0,399,0.00,0.00,0.00,0.00,314,0,0,0.0,0.0,2026-04-12T15:30:00Z,0,False,7,0,0,0,0,0,32,0,104004,0,0,3,0,0.0,0,-193,0,193,53,False,0
Jay Matete,MID,Sunderland,0.0,0,0,0,0,0,0.0,0,558,0.00,0.00,0.00,0.00,319,0,0,0.0,0.0,2026-04-12T13:00:00Z,0,False,18,0,0,0,0,0,32,0,20995,0,0,0,1,0.0,0,-234,0,234,43,True,0
James Milner,MID,Brighton,0.0,0,0,0,0,0,0.0,0,170,0.00,0.00,0.00,0.00,313,0,0,0.0,0.0,2026-04-11T14:00:00Z,0,False,3,0,0,0,0,0,32,0,14401,0,0,2,0,0.0,0,156,378,222,49,False,0
João Pedro Ferreira da Silva,MID,Nott'm Forest,0.0,0,0,0,0,0,0.0,0,518,0.00,0.00,0.00,0.00,318,0,0,0.0,0.0,2026-04-12T13:00:00Z,0,False,2,0,0,0,0,0,32,0,4843,0,0,1,1,0.0,0,-9,0,9,54,True,0
Darwin Núñez Ribeiro,FWD,Liverpool,0.0,0,0,0,0,0,0.0,0,397,0.00,0.00,0.00,0.00,316,0,0,0.0,0.0,2026-04-11T16:30:00Z,0,False,10,0,0,0,0,0,32,0,7985,0,0,0,2,0.0,0,-6,0,6,65,True,0
Nazarii Rusyn,FWD,Sunderland,0.0,0,0,0,0,0,0.0,0,564,0.00,0.00,0.00,0.00,319,0,0,0.0,0.0,2026-04-12T13:00:00Z,0,False,18,0,0,0,0,0,32,0,10483,0,0,0,1,0.0,0,-18,0,18,44,True,0
Blondy Nna Noukeu,GK,Sunderland,0.0,0,0,0,0,0,0.0,0,530,0.00,0.00,0.00,0.00,319,0,0,0.0,0.0,2026-04-12T13:00:00Z,0,False,18,0,0,0,0,0,32,0,13897,0,0,0,1,0.0,0,-168,0,168,39,True,0
Andre Harriman-Annous,MID,Arsenal,0.0,0,0,0,0,0,0.0,0,711,0.00,0.00,0.00,0.00,311,0,0,0.0,0.0,2026-04-11T11:30:00Z,0,False,4,0,0,0,0,0,32,0,2025,0,0,2,1,0.0,0,0,25,25,44,True,0
Stefan Bajčetić Maquieira,MID,Liverpool,0.0,0,0,0,0,0,0.0,0,393,0.00,0.00,0.00,0.00,316,0,0,0.0,0.0,2026-04-11T16:30:00Z,0,False,10,0,0,0,0,0,32,0,11617,0,0,0,2,0.0,0,1809,2784,975,42,True,0
Eddie Nketiah,FWD,Crystal Palace,0.0,0,0,0,0,0,0.0,0,284,0.00,0.00,0.00,0.00,315,0,0,0.0,0.0,2026-04-12T13:00:00Z,0,False,15,0,0,0,0,0,32,0,37167,0,0,1,2,0.0,0,-277,52,329,54,True,0
Sean Longstaff,MID,Leeds,0.0,0,0,3,0,0,2.1,0,493,0.00,0.00,0.00,0.02,317,0,0,0.3,0.4,2026-04-13T19:00:00Z,4,False,14,0,0,0,0,0,32,0,29302,0,0,2,1,0.0,1,-190,180,370,48,False,0
Jenson Metcalfe,MID,Everton,0.0,0,0,0,0,0,0.0,0,309,0.00,0.00,0.00,0.00,312,0,0,0.0,0.0,2026-04-11T14:00:00Z,0,False,5,0,0,0,0,0,32,0,86,0,0,2,2,0.0,0,-1,0,1,45,False,0
Nathaniel Clyne,DEF,Crystal Palace,0.0,0,0,0,0,0,0.0,0,263,0.00,0.00,0.00,0.00,315,0,0,0.0,0.0,2026-04-12T13:00:00Z,0,False,15,0,0,0,0,0,32,0,67139,0,0,1,2,0.0,0,-1638,481,2119,38,True,0
Pascal Struijk,DEF,Leeds,0.0,0,0,18,0,8,0.5,9,343,0.00,0.23,0.23,1.31,317,1,0,4.8,23.6,2026-04-13T19:00:00Z,90,False,14,0,0,0,3,0,32,0,240909,1,1,2,1,24.0,2,173596,199706,26110,43,False,0
Morgan Gibbs-White,MID,Nott'm Forest,0.0,0,0,3,0,0,2.8,3,515,0.03,0.34,0.31,0.70,318,1,0,3.5,2.4,2026-04-12T13:00:00Z,83,False,2,0,0,0,3,0,32,0,676663,1,0,1,1,30.0,2,41701,74741,33040,74,True,0
Joe Gelhardt,MID,Leeds,0.0,0,0,0,0,0,0.0,0,360,0.00,0.00,0.00,0.00,317,0,0,0.0,0.0,2026-04-13T19:00:00Z,0,False,14,0,0,0,0,0,32,0,964,0,0,2,1,0.0,0,0,0,0,45,False,0
Mohamed Salah,MID,Liverpool,0.0,0,0,26,1,0,29.2,5,381,0.31,0.74,0.43,1.04,316,0,1,13.2,48.6,2026-04-11T16:30:00Z,89,False,10,0,0,0,1,0,32,0,1826185,1,4,0,2,54.0,8,-23246,6677,29923,140,True,0
Calvin Ramsay,DEF,Liverpool,0.0,0,0,0,0,0,0.0,0,380,0.00,0.00,0.00,0.00,316,0,0,0.0,0.0,2026-04-11T16:30:00Z,0,False,10,0,0,0,0,0,32,0,31395,0,0,0,2,0.0,0,887,1196,309,37,True,0
Benjamin Sesko,FWD,Man Utd,0.0,0,0,10,0,0,2.3,2,681,0.01,0.32,0.31,2.37,317,2,0,5.7,10.4,2026-04-13T19:00:00Z,90,False,11,0,0,0,2,0,32,0,872171,1,0,2,1,44.0,2,-37183,35965,73148,74,True,0
João Pedro Junqueira de Jesus,FWD,Chelsea,0.0,0,0,9,0,0,1.0,1,249,0.01,0.19,0.18,2.03,314,3,0,1.2,0.2,2026-04-12T15:30:00Z,81,False,13,0,0,0,1,0,32,0,6484958,1,0,3,0,11.0,2,-135346,227526,362872,78,True,0
Isaac Schmidt,DEF,Leeds,0.0,0,0,0,0,0,0.0,0,349,0.00,0.00,0.00,0.00,317,0,0,0.0,0.0,2026-04-13T19:00:00Z,0,False,14,0,0,0,0,0,32,0,7951,0,0,2,1,0.0,0,-19,0,19,40,False,0
Franco Umeh-Chibueze,MID,Crystal Palace,0.0,0,0,0,0,0,0.0,0,282,0.00,0.00,0.00,0.00,315,0,0,0.0,0.0,2026-04-12T13:00:00Z,0,False,15,0,0,0,0,0,32,0,1950,0,0,1,2,0.0,0,-4,0,4,45,True,0
Lutsharel Geertruida,DEF,Sunderland,0.0,0,0,0,0,0,0.0,0,724,0.00,0.00,0.00,0.00,319,0,0,0.0,0.0,2026-04-12T13:00:00Z,0,False,18,0,0,0,0,0,32,0,7289,0,0,0,1,0.0,0,448,676,228,45,True,0
James Hill,DEF,Bournemouth,0.0,0,0,14,0,9,10.4,12,77,0.01,0.01,0.00,2.32,311,1,0,4.1,30.4,2026-04-11T11:30:00Z,90,False,1,0,0,0,2,0,32,0,1120151,1,3,2,1,0.0,3,111789,184097,72308,42,False,1
Bukayo Saka,MID,Arsenal,0.0,0,0,0,0,0,0.0,0,16,0.00,0.00,0.00,0.00,311,0,0,0.0,0.0,2026-04-11T11:30:00Z,0,False,4,0,0,0,0,0,32,0,1005576,0,0,2,1,0.0,0,-25444,22081,47525,98,True,0
Santiago Ignacio Bueno,DEF,Wolves,0.0,0,0,-3,0,8,0.4,8,636,0.00,0.00,0.00,2.35,320,4,0,2.0,19.4,2026-04-10T19:00:00Z,90,False,19,0,0,0,2,0,32,0,14992,1,0,0,4,0.0,0,143,643,500,44,False,0
Alex Tóth,MID,Bournemouth,0.0,0,0,4,0,2,0.0,2,801,0.00,0.00,0.00,0.24,311,0,0,0.2,2.0,2026-04-11T11:30:00Z,5,False,1,0,0,0,0,0,32,0,920,0,0,2,1,0.0,1,-7,29,36,49,False,0
Nicolás Domínguez,MID,Nott'm Forest,0.0,0,0,2,0,0,0.3,0,519,0.00,0.00,0.00,0.33,318,0,0,0.0,0.0,2026-04-12T13:00:00Z,6,False,2,0,0,0,0,0,32,0,4248,0,0,1,1,0.0,1,-94,46,140,50,True,0
Remi Matthews,GK,Crystal Palace,0.0,0,0,0,0,0,0.0,0,255,0.00,0.00,0.00,0.00,315,0,0,0.0,0.0,2026-04-12T13:00:00Z,0,False,15,0,0,0,0,0,32,0,13232,0,0,1,2,0.0,0,-29,49,78,39,True,0
Illan Meslier,GK,Leeds,0.0,0,0,0,0,0,0.0,0,339,0.00,0.00,0.00,0.00,317,0,0,0.0,0.0,2026-04-13T19:00:00Z,0,False,14,0,0,0,0,0,32,0,43207,0,0,2,1,0.0,0,-55,306,361,41,False,0
Martin Dúbravka,GK,Burnley,0.0,0,0,12,0,1,0.0,0,470,0.00,0.00,0.00,1.93,313,2,0,3.1,30.6,2026-04-11T14:00:00Z,90,False,6,0,0,0,12,0,32,3,3889542,1,0,2,0,0.0,2,-274496,27504,302000,40,True,0
Yasin Özcan,DEF,Aston Villa,0.0,0,0,0,0,0,0.0,0,46,0.00,0.00,0.00,0.00,318,0,0,0.0,0.0,2026-04-12T13:00:00Z,0,False,16,0,0,0,0,0,32,0,14015,0,0,1,1,0.0,0,-48,0,48,40,False,0
Connor Roberts,DEF,Burnley,0.0,0,0,0,0,0,0.0,0,186,0.00,0.00,0.00,0.00,313,0,0,0.0,0.0,2026-04-11T14:00:00Z,0,False,6,0,0,0,0,0,32,0,3636,0,0,2,0,0.0,0,-45,24,69,43,True,0
Temple Ojinnaka,MID,Wolves,0.0,0,0,0,0,0,0.0,0,777,0.00,0.00,0.00,0.00,320,0,0,0.0,0.0,2026-04-10T19:00:00Z,0,False,19,0,0,0,0,0,32,0,251,0,0,0,4,0.0,0,-6,0,6,45,False,0
Murillo Costa dos Santos,DEF,Nott'm Forest,0.0,0,0,-4,0,8,1.7,8,506,0.01,0.14,0.13,1.02,318,1,0,1.2,3.6,2026-04-12T13:00:00Z,90,False,2,1,0,0,1,0,32,0,280530,1,0,1,1,7.0,-1,13161,17585,4424,52,True,1
Ferdi Kadıoğlu,DEF,Brighton,0.0,0,0,34,1,6,3.5,9,148,0.03,0.05,0.02,0.88,313,0,0,2.4,17.4,2026-04-11T14:00:00Z,90,False,3,0,0,0,3,0,32,0,73962,1,3,2,0,3.0,6,25245,32407,7162,44,False,0
Aji Alese,DEF,Sunderland,0.0,0,0,0,0,0,0.0,0,533,0.00,0.00,0.00,0.00,319,0,0,0.0,0.0,2026-04-12T13:00:00Z,0,False,18,0,0,0,0,0,32,0,444,0,0,0,1,0.0,0,-1,0,1,40,True,0
Harry Gray,FWD,Leeds,0.0,0,0,0,0,0,0.0,0,741,0.00,0.00,0.00,0.00,317,0,0,0.0,0.0,2026-04-13T19:00:00Z,0,False,14,0,0,0,0,0,32,0,10501,0,0,2,1,0.0,0,-129,0,129,45,False,0
Kaden Rodney,MID,Crystal Palace,0.0,0,0,0,0,0,0.0,0,281,0.00,0.00,0.00,0.00,315,0,0,0.0,0.0,2026-04-12T13:00:00Z,0,False,15,0,0,0,0,0,32,0,6474,0,0,1,2,0.0,0,12,81,69,44,True,0
Odysseas Vlachodimos,GK,Newcastle,0.0,0,0,0,0,0,0.0,0,472,0.00,0.00,0.00,0.00,315,0,0,0.0,0.0,2026-04-12T13:00:00Z,0,False,8,0,0,0,0,0,32,0,1725,0,0,1,2,0.0,0,-6,0,6,40,False,0
Yunus Emre Konak,MID,Brentford,0.0,0,0,0,0,0,0.0,0,131,0.00,0.00,0.00,0.00,312,0,0,0.0,0.0,2026-04-11T14:00:00Z,0,False,9,0,0,0,0,0,32,0,18387,0,0,2,2,0.0,0,-309,0,309,43,True,0
Kyle Walker-Peters,DEF,West Ham,0.0,0,0,40,1,3,26.9,7,659,0.08,0.08,0.00,0.59,320,0,0,5.7,26.2,2026-04-10T19:00:00Z,90,False,20,0,0,0,3,0,32,0,31467,1,4,0,4,4.0,6,20,364,344,42,True,0
Gabriel Gudmundsson,DEF,Leeds,0.0,0,0,18,0,4,16.6,6,347,0.29,0.29,0.00,1.31,317,1,0,4.1,18.8,2026-04-13T19:00:00Z,90,False,14,0,0,0,8,0,32,0,433996,1,2,2,1,6.0,2,-15592,22266,37858,38,False,0
Jacob Slater,DEF,Brighton,0.0,0,0,0,0,0,0.0,0,155,0.00,0.00,0.00,0.00,313,0,0,0.0,0.0,2026-04-11T14:00:00Z,0,False,3,0,0,0,0,0,32,0,11265,0,0,2,0,0.0,0,-26,0,26,40,False,0
Joe White,MID,Newcastle,0.0,0,0,0,0,0,0.0,0,498,0.00,0.00,0.00,0.00,315,0,0,0.0,0.0,2026-04-12T13:00:00Z,0,False,8,0,0,0,0,0,32,0,687,0,0,1,2,0.0,0,-5,0,5,45,False,0
Sam Alabi,MID,Newcastle,0.0,0,0,0,0,0,0.0,0,772,0.00,0.00,0.00,0.00,315,0,0,0.0,0.0,2026-04-12T13:00:00Z,0,False,8,0,0,0,0,0,32,0,673,0,0,1,2,0.0,0,-1,25,26,45,False,0
Tyrell Malacia,DEF,Man Utd,0.0,0,0,0,0,0,0.0,0,448,0.00,0.00,0.00,0.00,317,0,0,0.0,0.0,2026-04-13T19:00:00Z,0,False,11,0,0,0,0,0,32,0,50923,0,0,2,1,0.0,0,2441,3219,778,37,True,0
Ian Maatsen,DEF,Aston Villa,0.0,0,0,6,0,0,0.3,0,39,0.00,0.15,0.15,0.00,318,0,0,2.3,3.4,2026-04-12T13:00:00Z,12,False,16,0,0,0,0,0,32,0,76580,0,0,1,1,19.0,1,-2353,524,2877,42,False,0
Nathan Aké,DEF,Man City,0.0,0,0,0,0,0,0.0,0,405,0.00,0.00,0.00,0.00,314,0,0,0.0,0.0,2026-04-12T15:30:00Z,0,False,7,0,0,0,0,0,32,0,78435,0,0,3,0,0.0,0,354,773,419,52,False,0
Enso González Medina,MID,Wolves,0.0,0,0,0,0,0,0.0,0,652,0.00,0.00,0.00,0.00,320,0,0,0.0,0.0,2026-04-10T19:00:00Z,0,False,19,0,0,0,0,0,32,0,164108,0,0,0,4,0.0,0,-886,1158,2044,43,False,0
Jayden Bogle,DEF,Leeds,0.0,1,1,28,0,4,33.8,6,342,0.89,0.89,0.00,1.31,317,1,0,6.1,20.8,2026-04-13T19:00:00Z,90,False,14,0,0,0,2,0,32,0,35151,1,2,2,1,6.0,6,4654,8153,3499,44,False,0
James Maddison,MID,Spurs,0.0,0,0,0,0,0,0.0,0,581,0.00,0.00,0.00,0.00,319,0,0,0.0,0.0,2026-04-12T13:00:00Z,0,False,17,0,0,0,0,0,32,0,15293,0,0,0,1,0.0,0,-27,54,81,68,False,0
Pervis Estupiñán Tenorio,DEF,Brighton,0.0,0,0,0,0,0,0.0,0,147,0.00,0.00,0.00,0.00,313,0,0,0.0,0.0,2026-04-11T14:00:00Z,0,False,3,0,0,0,0,0,32,0,1163,0,0,2,0,0.0,0,-2,0,2,45,False,0
Solly March,MID,Brighton,0.0,0,0,0,0,0,0.0,0,159,0.00,0.00,0.00,0.00,313,0,0,0.0,0.0,2026-04-11T14:00:00Z,0,False,3,0,0,0,0,0,32,0,1929,0,0,2,0,0.0,0,253,452,199,58,False,0
Wes Foderingham,GK,West Ham,0.0,0,0,0,0,0,0.0,0,601,0.00,0.00,0.00,0.00,320,0,0,0.0,0.0,2026-04-10T19:00:00Z,0,False,20,0,0,0,0,0,32,0,29016,0,0,0,4,0.0,0,-132,0,132,40,True,0
Kobbie Mainoo,MID,Man Utd,0.0,0,0,0,0,0,0.0,0,458,0.00,0.00,0.00,0.00,317,0,0,0.0,0.0,2026-04-13T19:00:00Z,0,False,11,0,0,0,0,0,32,0,159128,0,0,2,1,0.0,0,-5750,6530,12280,46,True,0
Ryan Yates,MID,Nott'm Forest,0.0,0,0,3,0,0,0.0,0,522,0.00,0.00,0.00,0.00,318,0,0,0.0,0.0,2026-04-12T13:00:00Z,1,False,2,0,0,0,0,0,32,0,8274,0,0,1,1,0.0,1,80,143,63,47,True,0
Luka Bentt,MID,Brentford,0.0,0,0,0,0,0,0.0,0,810,0.00,0.00,0.00,0.00,312,0,0,0.0,0.0,2026-04-11T14:00:00Z,0,False,9,0,0,0,0,0,32,0,420,0,0,2,2,0.0,0,14,39,25,45,True,0
Kevin Schade,MID,Brentford,0.0,1,0,11,0,0,11.5,5,120,0.01,0.95,0.94,1.53,312,2,0,4.4,1.4,2026-04-11T14:00:00Z,90,False,9,0,0,0,2,0,32,0,237281,1,3,2,2,31.0,5,-22237,9875,32112,70,True,0
David Møller Wolfe,DEF,Wolves,0.0,0,0,0,0,0,0.0,0,682,0.00,0.00,0.00,0.00,320,0,0,0.0,0.0,2026-04-10T19:00:00Z,0,False,19,0,0,0,0,0,32,0,8371,0,0,0,4,0.0,0,-9,67,76,42,False,0
Arthur Masuaku,DEF,Sunderland,0.0,0,0,0,0,0,0.0,0,678,0.00,0.00,0.00,0.00,319,0,0,0.0,0.0,2026-04-12T13:00:00Z,0,False,18,0,0,0,0,0,32,0,61999,0,0,0,1,0.0,0,-398,0,398,39,True,0
Filip Marschall,GK,Aston Villa,0.0,0,0,0,0,0,0.0,0,35,0.00,0.00,0.00,0.00,318,0,0,0.0,0.0,2026-04-12T13:00:00Z,0,False,16,0,0,0,0,0,32,0,1057,0,0,1,1,0.0,0,-6,0,6,40,False,0
Keiber Lamadrid,MID,West Ham,0.0,0,0,0,0,0,0.0,0,802,0.00,0.00,0.00,0.00,320,0,0,0.0,0.0,2026-04-10T19:00:00Z,0,False,20,0,0,0,0,0,32,0,636,0,0,0,4,0.0,0,12,33,21,50,True,0
Joe Gomez,DEF,Liverpool,0.0,0,0,9,0,0,0.2,3,376,0.00,0.00,0.00,0.45,316,0,0,0.7,6.6,2026-04-11T16:30:00Z,21,False,10,0,0,0,2,0,32,0,19695,0,3,0,2,0.0,1,-38,289,327,49,True,0
Felipe Rodrigues da Silva,DEF,Nott'm Forest,0.0,0,0,0,0,0,0.0,0,511,0.00,0.00,0.00,0.00,318,0,0,0.0,0.0,2026-04-12T13:00:00Z,0,False,2,0,0,0,0,0,32,0,10916,0,0,1,1,0.0,0,-63,87,150,43,True,0
Mohammed Kudus,MID,Spurs,0.0,0,0,0,0,0,0.0,0,582,0.00,0.00,0.00,0.00,319,0,0,0.0,0.0,2026-04-12T13:00:00Z,0,False,17,0,0,0,0,0,32,0,1213752,0,0,0,1,0.0,0,-4854,330,5184,64,False,0
Richarlison de Andrade,FWD,Spurs,0.0,0,0,11,0,4,3.6,9,597,0.03,0.17,0.14,1.07,319,1,0,6.2,14.0,2026-04-12T13:00:00Z,60,False,17,0,0,0,4,0,32,0,734467,1,1,0,1,44.0,2,-7570,10383,17953,63,False,0
Michael Kayode,DEF,Brentford,0.0,1,0,21,0,5,13.0,7,110,0.01,0.10,0.09,1.53,312,2,0,5.9,37.0,2026-04-11T14:00:00Z,90,False,9,0,0,0,3,0,32,0,139379,1,2,2,2,9.0,4,8318,16866,8548,46,True,0
Granit Xhaka,MID,Sunderland,0.0,0,0,21,1,2,11.5,16,668,0.09,0.22,0.13,0.84,319,0,0,3.2,15.6,2026-04-12T13:00:00Z,90,False,18,0,0,0,9,0,32,0,425367,1,5,0,1,5.0,5,-4879,5331,10210,51,True,0
Christos Mandas,GK,Bournemouth,0.0,0,0,0,0,0,0.0,0,806,0.00,0.00,0.00,0.00,311,0,0,0.0,0.0,2026-04-11T11:30:00Z,0,False,1,0,0,0,0,0,32,0,1000,0,0,2,1,0.0,0,15,39,24,40,False,0
Mikkel Damsgaard,MID,Brentford,0.0,0,0,3,0,0,5.3,5,121,0.00,0.01,0.01,0.80,312,1,0,0.9,2.2,2026-04-11T14:00:00Z,45,False,9,0,0,0,3,0,32,0,114338,1,2,2,2,1.0,1,-12383,2268,14651,56,True,0
Albert Sambi Lokonga,MID,Arsenal,0.0,0,0,0,0,0,0.0,0,29,0.00,0.00,0.00,0.00,311,0,0,0.0,0.0,2026-04-11T11:30:00Z,0,False,4,0,0,0,0,0,32,0,6336,0,0,2,1,0.0,0,-13,0,13,45,True,0
Declan Rice,MID,Arsenal,0.0,0,2,26,0,1,39.3,8,21,0.33,0.43,0.10,1.19,311,2,0,7.3,20.4,2026-04-11T11:30:00Z,90,False,4,0,0,0,4,0,32,0,3342994,1,3,2,1,13.0,4,-65274,114037,179311,73,True,0
Mathias Jensen,MID,Brentford,0.0,0,0,20,0,4,47.9,10,126,0.20,0.25,0.05,1.53,312,2,0,8.4,16.6,2026-04-11T14:00:00Z,90,False,9,0,0,0,6,0,32,0,13188,1,0,2,2,19.0,2,-7,627,634,49,True,0
Joël Veltman,DEF,Brighton,0.0,0,0,3,0,0,0.0,0,152,0.00,0.00,0.00,0.00,313,0,0,0.0,0.0,2026-04-11T14:00:00Z,2,False,3,0,0,0,0,0,32,0,17724,0,0,2,0,0.0,1,200,551,351,43,False,0
Joachim Andersen,DEF,Fulham,0.0,0,0,8,0,6,2.3,6,317,0.22,0.28,0.06,1.59,316,2,0,3.5,17.4,2026-04-11T16:30:00Z,90,False,12,0,0,0,4,0,32,0,676148,1,0,0,2,15.0,1,-217487,7517,225004,46,False,0
James Garner,MID,Everton,0.0,0,0,17,0,8,17.3,17,303,0.02,0.02,0.00,2.84,312,2,0,4.0,18.8,2026-04-11T14:00:00Z,90,False,5,0,0,0,7,0,32,0,594442,1,2,2,2,4.0,3,57865,98009,40144,53,False,1
Stephen Mfuni,DEF,Man City,0.0,0,0,0,0,0,0.0,0,740,0.00,0.00,0.00,0.00,314,0,0,0.0,0.0,2026-04-12T15:30:00Z,0,False,7,0,0,0,0,0,32,0,4799,0,0,3,0,0.0,0,-24,0,24,39,False,0
Joshua Zirkzee,FWD,Man Utd,0.0,0,0,0,0,0,0.0,0,466,0.00,0.00,0.00,0.00,317,0,0,0.0,0.0,2026-04-13T19:00:00Z,0,False,11,0,0,0,0,0,32,0,53353,0,0,2,1,0.0,0,-373,311,684,58,True,0
Jayden Meghoma,DEF,Brentford,0.0,0,0,0,0,0,0.0,0,118,0.00,0.00,0.00,0.00,312,0,0,0.0,0.0,2026-04-11T14:00:00Z,0,False,9,0,0,0,0,0,32,0,5257,0,0,2,2,0.0,0,-10,0,10,40,True,0
Conor Bradley,DEF,Liverpool,0.0,0,0,0,0,0,0.0,0,375,0.00,0.00,0.00,0.00,316,0,0,0.0,0.0,2026-04-11T16:30:00Z,0,False,10,0,0,0,0,0,32,0,18978,0,0,0,2,0.0,0,-123,36,159,49,True,0
Igor Thiago Nascimento Rodrigues,FWD,Brentford,0.0,0,3,49,0,2,14.9,6,136,0.06,1.47,1.41,1.53,312,2,2,14.1,74.4,2026-04-11T14:00:00Z,90,False,9,0,0,0,4,0,32,0,4522945,1,0,2,2,52.0,13,-254824,124640,379464,73,True,0
Florian Wirtz,MID,Liverpool,0.0,1,0,21,1,2,42.9,7,382,0.24,0.54,0.30,0.58,316,0,0,8.7,26.2,2026-04-11T16:30:00Z,67,False,10,0,0,0,5,0,32,0,1194107,1,0,0,2,18.0,6,-33169,22170,55339,83,True,0
Leandro Trossard,MID,Arsenal,0.0,0,0,4,0,2,14.0,2,20,0.01,0.01,0.00,0.49,311,1,0,2.8,8.0,2026-04-11T11:30:00Z,36,False,4,0,0,0,0,0,32,0,102350,0,0,2,1,6.0,1,-831,4134,4965,65,True,0
William Saliba,DEF,Arsenal,0.0,0,0,12,0,5,10.8,6,6,0.00,0.00,0.00,1.19,311,2,0,2.9,16.6,2026-04-11T11:30:00Z,90,False,4,0,0,0,2,0,32,0,1804813,1,1,2,1,2.0,1,84679,123956,39277,61,True,0
Harry Amass,DEF,Man Utd,0.0,0,0,0,0,0,0.0,0,445,0.00,0.00,0.00,0.00,317,0,0,0.0,0.0,2026-04-13T19:00:00Z,0,False,11,0,0,0,0,0,32,0,8661,0,0,2,1,0.0,0,-21,0,21,40,True,0
Cheick Doucouré,MID,Crystal Palace,0.0,0,0,0,0,0,0.0,0,268,0.00,0.00,0.00,0.00,315,0,0,0.0,0.0,2026-04-12T13:00:00Z,0,False,15,0,0,0,0,0,32,0,412,0,0,1,2,0.0,0,4,17,13,49,True,0
Anthony Elanga,MID,Newcastle,0.0,0,0,3,0,0,3.0,0,486,0.00,0.00,0.00,0.06,315,0,0,0.3,0.0,2026-04-12T13:00:00Z,1,False,8,0,0,0,0,0,32,0,350468,0,0,1,2,0.0,1,3326,6290,2964,65,False,0
Noni Madueke,MID,Arsenal,0.0,0,0,4,0,0,5.9,2,18,0.07,0.07,0.00,0.70,311,1,0,1.3,3.4,2026-04-11T11:30:00Z,53,False,4,0,0,0,0,0,32,0,113582,1,2,2,1,4.0,1,47,4889,4842,68,True,0
Saša Lukić,MID,Fulham,0.0,0,0,5,0,4,24.6,7,332,0.09,0.09,0.00,0.78,316,0,0,4.5,14.6,2026-04-11T16:30:00Z,45,False,12,0,0,0,2,0,32,0,7207,0,1,0,2,6.0,1,-8,55,63,49,False,0
Luke Rawlings,MID,Wolves,0.0,0,0,0,0,0,0.0,0,767,0.00,0.00,0.00,0.00,320,0,0,0.0,0.0,2026-04-10T19:00:00Z,0,False,19,0,0,0,0,0,32,0,834,0,0,0,4,0.0,0,17,43,26,45,False,0
Max Dowman,MID,Arsenal,0.0,0,0,4,0,0,15.1,0,700,0.10,0.10,0.00,0.49,311,1,0,2.8,3.0,2026-04-11T11:30:00Z,36,False,4,0,0,0,0,0,32,0,88321,0,0,2,1,10.0,1,14349,18803,4454,42,True,0
Stefan Ortega Moreno,GK,Nott'm Forest,0.0,0,0,0,0,0,0.0,0,400,0.00,0.00,0.00,0.00,318,0,0,0.0,0.0,2026-04-12T13:00:00Z,0,False,2,0,0,0,0,0,32,0,23888,0,0,1,1,0.0,0,133,438,305,47,True,0
Rúben dos Santos Gato Alves Dias,DEF,Man City,0.0,0,0,0,0,0,0.0,0,408,0.00,0.00,0.00,0.00,314,0,0,0.0,0.0,2026-04-12T15:30:00Z,0,False,7,0,0,0,0,0,32,0,432728,0,0,3,0,0.0,0,-6305,2932,9237,55,False,0
Chris Mepham,DEF,Bournemouth,0.0,0,0,0,0,0,0.0,0,79,0.00,0.00,0.00,0.00,311,0,0,0.0,0.0,2026-04-11T11:30:00Z,0,False,1,0,0,0,0,0,32,0,8604,0,0,2,1,0.0,0,-26,0,26,40,False,0
Joe Willock,MID,Newcastle,0.0,0,0,0,0,0,0.0,0,494,0.00,0.00,0.00,0.00,315,0,0,0.0,0.0,2026-04-12T13:00:00Z,0,False,8,0,0,0,0,0,32,0,11902,0,0,1,2,0.0,0,27,329,302,50,False,0
Elliot Anderson,MID,Nott'm Forest,0.0,0,0,17,0,4,13.9,15,517,0.11,0.16,0.05,1.02,318,1,0,4.0,13.0,2026-04-12T13:00:00Z,90,False,2,0,0,0,10,0,32,0,1058141,1,1,1,1,13.0,4,-32187,70796,102983,55,True,0
Jack Hinshelwood,MID,Brighton,0.0,0,0,12,1,2,14.3,9,163,0.32,0.77,0.45,0.84,313,0,0,5.7,10.4,2026-04-11T14:00:00Z,74,False,3,0,0,0,5,0,32,0,54218,1,2,2,0,32.0,3,46669,59958,13289,51,False,0
David Brooks,MID,Bournemouth,0.0,0,0,6,0,1,0.8,5,86,0.03,0.03,0.00,0.41,311,0,0,0.5,4.6,2026-04-11T11:30:00Z,20,False,1,0,0,0,3,0,32,0,22645,0,1,2,1,0.0,1,-7,384,391,50,False,0
Kevin Santos Lopes de Macedo,MID,Fulham,0.0,0,0,0,0,0,0.0,0,731,0.00,0.00,0.00,0.00,316,0,0,0.0,0.0,2026-04-11T16:30:00Z,0,False,12,0,0,0,0,0,32,0,6776,0,0,0,2,0.0,0,-172,37,209,58,False,0
Nikola Milenković,DEF,Nott'm Forest,0.0,0,0,10,0,2,0.7,5,505,0.00,0.00,0.00,1.02,318,1,0,1.3,12.6,2026-04-12T13:00:00Z,90,False,2,0,0,0,2,0,32,0,418075,1,3,1,1,0.0,2,5534,10054,4520,51,True,0
Julio Soler Barreto,DEF,Bournemouth,0.0,0,0,0,0,0,0.0,0,80,0.00,0.00,0.00,0.00,311,0,0,0.0,0.0,2026-04-11T11:30:00Z,0,False,1,0,0,0,0,0,32,0,24465,0,0,2,1,0.0,0,-139,78,217,39,False,0
Pascal Groß,MID,Brighton,0.0,1,0,31,1,2,51.3,9,783,0.20,0.20,0.00,0.88,313,0,0,9.2,38.2,2026-04-11T14:00:00Z,90,False,3,0,0,0,5,0,32,0,186703,1,2,2,0,2.0,6,171340,207108,35768,55,False,0
Mamadou Sarr,DEF,Chelsea,0.0,0,0,0,0,0,0.0,0,231,0.00,0.00,0.00,0.00,314,0,0,0.0,0.0,2026-04-12T15:30:00Z,0,False,13,0,0,0,0,0,32,0,3416,0,0,3,0,0.0,0,-33,227,260,45,True,0
Lukas Nmecha,FWD,Leeds,0.0,0,0,0,0,0,0.0,0,365,0.00,0.00,0.00,0.00,317,0,0,0.0,0.0,2026-04-13T19:00:00Z,0,False,14,0,0,0,0,0,32,0,75389,0,0,2,1,0.0,0,-1688,998,2686,50,False,0
Loum Tchaouna,MID,Burnley,0.0,0,0,0,0,0,0.0,0,210,0.00,0.00,0.00,0.00,313,0,0,0.0,0.0,2026-04-11T14:00:00Z,0,False,6,0,0,0,0,0,32,0,4445,0,0,2,0,0.0,0,18,59,41,48,True,0
Ollie Watkins,FWD,Aston Villa,0.0,0,0,2,0,1,11.8,3,64,0.00,0.26,0.26,1.15,318,1,0,2.4,2.0,2026-04-12T13:00:00Z,86,False,16,0,0,0,1,0,32,0,1076898,1,1,1,1,10.0,2,21606,52835,31229,85,False,0
James Ward-Prowse,MID,Burnley,0.0,0,0,21,0,6,62.8,15,614,0.40,0.40,0.00,1.93,313,2,0,8.8,25.2,2026-04-11T14:00:00Z,90,False,6,0,0,0,7,0,32,0,24478,1,2,2,0,0.0,4,550,1155,605,56,True,0
Jarrod Bowen,FWD,West Ham,0.0,3,1,46,1,4,37.1,12,624,0.11,0.45,0.34,0.59,320,0,0,11.7,51.4,2026-04-10T19:00:00Z,90,False,20,0,0,0,6,0,32,0,1331103,1,2,0,4,28.0,14,231670,291960,60290,76,True,0
Nico González Iglesias,MID,Man City,0.0,0,0,0,0,0,0.0,0,423,0.00,0.00,0.00,0.00,314,0,0,0.0,0.0,2026-04-12T15:30:00Z,0,False,7,0,0,0,0,0,32,0,13377,0,0,3,0,0.0,0,-57,69,126,59,False,0
Gonçalo Manuel Ganchinho Guedes,MID,Wolves,0.0,0,0,0,0,0,0.0,0,647,0.00,0.00,0.00,0.00,320,0,0,0.0,0.0,2026-04-10T19:00:00Z,0,False,19,0,0,0,0,0,32,0,395,0,0,0,4,0.0,0,0,0,0,55,False,0
Alan Browne,MID,Sunderland,0.0,0,0,0,0,0,0.0,0,555,0.00,0.00,0.00,0.00,319,0,0,0.0,0.0,2026-04-12T13:00:00Z,0,False,18,0,0,0,0,0,32,0,3807,0,0,0,1,0.0,0,-7,0,7,45,True,0
Jaka Bijol,DEF,Leeds,0.0,0,0,11,0,8,0.3,10,344,0.00,0.04,0.04,1.31,317,1,0,2.7,20.6,2026-04-13T19:00:00Z,90,False,14,0,0,0,0,0,32,0,74538,1,2,2,1,6.0,4,24603,41910,17307,39,False,0
Alex Scott,MID,Bournemouth,0.0,0,3,33,0,4,12.4,13,90,0.05,0.44,0.39,2.32,311,1,1,8.7,54.4,2026-04-11T11:30:00Z,90,False,1,0,0,0,8,0,32,0,159650,1,1,2,1,20.0,12,2262,21256,18994,50,False,0
Lewis O'Brien,MID,Nott'm Forest,0.0,0,0,0,0,0,0.0,0,520,0.00,0.00,0.00,0.00,318,0,0,0.0,0.0,2026-04-12T13:00:00Z,0,False,2,0,0,0,0,0,32,0,102,0,0,1,1,0.0,0,0,0,0,50,True,0
Patrick Roberts,MID,Sunderland,0.0,0,0,0,0,0,0.0,0,545,0.00,0.00,0.00,0.00,319,0,0,0.0,0.0,2026-04-12T13:00:00Z,0,False,18,0,0,0,0,0,32,0,1562,0,0,0,1,0.0,0,-2,0,2,54,True,0
Álex Moreno Lopera,DEF,Aston Villa,0.0,0,0,0,0,0,0.0,0,43,0.00,0.00,0.00,0.00,318,0,0,0.0,0.0,2026-04-12T13:00:00Z,0,False,16,0,0,0,0,0,32,0,204961,0,0,1,1,0.0,0,-704,0,704,40,False,0
Eric da Silva Moreira,MID,Nott'm Forest,0.0,0,0,0,0,0,0.0,0,523,0.00,0.00,0.00,0.00,318,0,0,0.0,0.0,2026-04-12T13:00:00Z,0,False,2,0,0,0,0,0,32,0,7404,0,0,1,1,0.0,0,15,75,60,45,True,0
Leny Yoro,DEF,Man Utd,0.0,0,0,15,0,15,12.8,15,444,0.19,0.39,0.20,2.37,317,2,0,6.7,29.4,2026-04-13T19:00:00Z,90,False,11,0,0,0,8,0,32,0,171494,1,0,2,1,25.0,3,2998,5326,2328,41,True,0
Shurandy Sambo,DEF,Burnley,0.0,0,0,0,0,0,0.0,0,196,0.00,0.00,0.00,0.00,313,0,0,0.0,0.0,2026-04-11T14:00:00Z,0,False,6,0,0,0,0,0,32,0,4962,0,0,2,0,0.0,0,-14,0,14,40,True,0
Diego Gómez Amarilla,MID,Brighton,0.0,0,0,9,1,1,6.8,12,169,0.11,0.15,0.04,0.88,313,0,0,2.2,7.0,2026-04-11T14:00:00Z,87,False,3,0,0,0,8,0,32,0,101660,1,3,2,0,8.0,5,49997,67781,17784,49,False,0
Piero Hincapié,DEF,Arsenal,0.0,0,0,0,0,0,0.0,0,725,0.00,0.00,0.00,0.00,311,0,0,0.0,0.0,2026-04-11T11:30:00Z,0,False,4,0,0,0,0,0,32,0,96674,0,0,2,1,0.0,0,-12405,5775,18180,51,True,0
Lucá Williams-Barnett,MID,Spurs,0.0,0,0,0,0,0,0.0,0,790,0.00,0.00,0.00,0.00,319,0,0,0.0,0.0,2026-04-12T13:00:00Z,0,False,17,0,0,0,0,0,32,0,862,0,0,0,1,0.0,0,15,46,31,45,False,0
Neco Williams,DEF,Nott'm Forest,0.0,0,3,27,0,3,31.1,6,508,0.29,0.41,0.12,1.02,318,1,1,12.0,56.4,2026-04-12T13:00:00Z,90,False,2,0,0,0,2,0,32,0,425764,1,3,1,1,32.0,11,50921,59950,9029,47,True,0
David Mota Veiga Teixeira do Carmo,DEF,Nott'm Forest,0.0,0,0,0,0,0,0.0,0,509,0.00,0.00,0.00,0.00,318,0,0,0.0,0.0,2026-04-12T13:00:00Z,0,False,2,0,0,0,0,0,32,0,2629,0,0,1,1,0.0,0,-5,0,5,45,True,0
Harrison Armstrong,MID,Everton,0.0,0,0,0,0,0,0.0,0,305,0.00,0.00,0.00,0.00,312,0,0,0.0,0.0,2026-04-11T14:00:00Z,0,False,5,0,0,0,0,0,32,0,11095,0,0,2,2,0.0,0,-206,217,423,45,False,0
Jackson Tchatchoua,DEF,Wolves,0.0,0,0,-2,0,3,27.2,5,695,0.10,0.10,0.00,2.35,320,4,0,4.7,13.4,2026-04-10T19:00:00Z,90,False,19,0,0,0,3,0,32,0,4337,1,2,0,4,6.0,0,136,219,83,44,False,0
Lucas Pires Silva,DEF,Burnley,0.0,0,0,-1,0,2,0.3,2,195,0.00,0.00,0.00,0.13,313,1,0,0.2,2.0,2026-04-11T14:00:00Z,8,False,6,0,0,0,1,0,32,0,37038,0,0,2,0,0.0,1,-811,459,1270,38,True,0
Anthony Patterson,GK,Sunderland,0.0,0,0,0,0,0,0.0,0,528,0.00,0.00,0.00,0.00,319,0,0,0.0,0.0,2026-04-12T13:00:00Z,0,False,18,0,0,0,0,0,32,0,19780,0,0,0,1,0.0,0,-182,0,182,42,True,0
Wilson Isidor,FWD,Sunderland,0.0,0,0,3,0,0,0.0,0,560,0.00,0.00,0.00,0.00,319,0,0,0.0,0.0,2026-04-12T13:00:00Z,1,False,18,0,0,0,0,0,32,0,170153,0,0,0,1,0.0,1,-3068,1033,4101,50,True,0
Jack Harrison,MID,Leeds,0.0,0,0,0,0,0,0.0,0,352,0.00,0.00,0.00,0.00,317,0,0,0.0,0.0,2026-04-13T19:00:00Z,0,False,14,0,0,0,0,0,32,0,5945,0,0,2,1,0.0,0,-34,0,34,51,False,0
Kieran Morrison,MID,Liverpool,0.0,0,0,0,0,0,0.0,0,746,0.00,0.00,0.00,0.00,316,0,0,0.0,0.0,2026-04-11T16:30:00Z,0,False,10,0,0,0,0,0,32,0,1241,0,0,0,2,0.0,0,-10,17,27,45,True,0
Dango Ouattara,MID,Brentford,0.0,0,0,12,0,3,28.2,8,83,0.32,0.41,0.09,1.53,312,2,0,8.8,12.6,2026-04-11T14:00:00Z,90,False,9,0,0,0,5,0,32,0,407653,1,0,2,2,47.0,2,-107680,14162,121842,60,True,0
Mathys Tel,MID,Spurs,0.0,0,0,1,0,0,14.6,1,584,0.08,0.08,0.00,0.26,319,0,0,2.3,4.6,2026-04-12T13:00:00Z,29,False,17,0,0,0,1,0,32,0,17592,0,0,0,1,4.0,1,-680,308,988,62,False,0
Charlie Crew,MID,Leeds,0.0,0,0,0,0,0,0.0,0,359,0.00,0.00,0.00,0.00,317,0,0,0.0,0.0,2026-04-13T19:00:00Z,0,False,14,0,0,0,0,0,32,0,420,0,0,2,1,0.0,0,-3,0,3,45,False,0
Ryan Trevitt,MID,Brentford,0.0,0,0,0,0,0,0.0,0,134,0.00,0.00,0.00,0.00,312,0,0,0.0,0.0,2026-04-11T14:00:00Z,0,False,9,0,0,0,0,0,32,0,480,0,0,2,2,0.0,0,-1,0,1,45,True,0
Sandro Tonali,MID,Newcastle,0.0,0,0,13,0,2,15.2,8,491,0.05,0.05,0.00,2.50,315,2,0,2.3,7.8,2026-04-12T13:00:00Z,90,False,8,0,0,0,6,0,32,0,142059,1,0,1,2,0.0,2,-1703,3013,4716,53,False,0
Marli Salmon,DEF,Arsenal,0.0,0,0,0,0,0,0.0,0,759,0.00,0.00,0.00,0.00,311,0,0,0.0,0.0,2026-04-11T11:30:00Z,0,False,4,0,0,0,0,0,32,0,2792,0,0,2,1,0.0,0,1,56,55,40,True,0
Ben Broggio,MID,Aston Villa,0.0,0,0,0,0,0,0.0,0,60,0.00,0.00,0.00,0.00,318,0,0,0.0,0.0,2026-04-12T13:00:00Z,0,False,16,0,0,0,0,0,32,0,32268,0,0,1,1,0.0,0,-265,0,265,44,False,0
Josh Dasilva,MID,Brentford,0.0,0,0,0,0,0,0.0,0,748,0.00,0.00,0.00,0.00,312,0,0,0.0,0.0,2026-04-11T14:00:00Z,0,False,9,0,0,0,0,0,32,0,204,0,0,2,2,0.0,0,6,12,6,49,True,0
Matt Doherty,DEF,Wolves,0.0,0,0,0,0,0,0.0,0,632,0.00,0.00,0.00,0.00,320,0,0,0.0,0.0,2026-04-10T19:00:00Z,0,False,19,0,0,0,0,0,32,0,11202,0,0,0,4,0.0,0,-55,68,123,44,False,0
Niclas Füllkrug,FWD,West Ham,0.0,0,0,0,0,0,0.0,0,625,0.00,0.00,0.00,0.00,320,0,0,0.0,0.0,2026-04-10T19:00:00Z,0,False,20,0,0,0,0,0,32,0,73997,0,0,0,4,0.0,0,-160,0,160,56,True,0
Sam Chambers,MID,Leeds,0.0,0,0,0,0,0,0.0,0,787,0.00,0.00,0.00,0.00,317,0,0,0.0,0.0,2026-04-13T19:00:00Z,0,False,14,0,0,0,0,0,32,0,1493,0,0,2,1,0.0,0,9,119,110,44,False,0
Maldini Kacurri,DEF,Arsenal,0.0,0,0,0,0,0,0.0,0,14,0.00,0.00,0.00,0.00,311,0,0,0.0,0.0,2026-04-11T11:30:00Z,0,False,4,0,0,0,0,0,32,0,12120,0,0,2,1,0.0,0,-15,0,15,39,True,0
Donyell Malen,MID,Aston Villa,0.0,0,0,0,0,0,0.0,0,53,0.00,0.00,0.00,0.00,318,0,0,0.0,0.0,2026-04-12T13:00:00Z,0,False,16,0,0,0,0,0,32,0,51556,0,0,1,1,0.0,0,-349,0,349,51,False,0
Bafodé Diakité,DEF,Bournemouth,0.0,0,0,0,0,0,0.0,0,685,0.00,0.00,0.00,0.00,311,0,0,0.0,0.0,2026-04-11T11:30:00Z,0,False,1,0,0,0,0,0,32,0,35768,0,0,2,1,0.0,0,-317,239,556,41,False,0
Leander Dendoncker,MID,Aston Villa,0.0,0,0,0,0,0,0.0,0,61,0.00,0.00,0.00,0.00,318,0,0,0.0,0.0,2026-04-12T13:00:00Z,0,False,16,0,0,0,0,0,32,0,9014,0,0,1,1,0.0,0,-16,0,16,45,False,0
Robin Roefs,GK,Sunderland,0.0,0,3,42,1,0,0.0,0,670,0.00,0.00,0.00,0.84,319,0,0,5.5,55.4,2026-04-12T13:00:00Z,90,False,18,0,0,0,13,0,32,7,1005075,1,0,0,1,0.0,11,-76171,3727,79898,48,True,0
Tymur Tutierov,MID,Sunderland,0.0,0,0,0,0,0,0.0,0,775,0.00,0.00,0.00,0.00,319,0,0,0.0,0.0,2026-04-12T13:00:00Z,0,False,18,0,0,0,0,0,32,0,89,0,0,0,1,0.0,0,0,0,0,45,True,0
Lesley Ugochukwu,MID,Burnley,0.0,0,0,5,0,0,2.3,2,676,0.00,0.05,0.05,1.81,313,1,0,0.7,0.6,2026-04-11T14:00:00Z,66,False,6,0,0,0,2,0,32,0,14262,1,0,2,0,4.0,2,-93,515,608,50,True,0
Borna Sosa,DEF,Crystal Palace,0.0,0,0,3,0,0,0.3,0,259,0.00,0.00,0.00,0.00,315,0,0,0.1,0.2,2026-04-12T13:00:00Z,1,False,15,0,0,0,0,0,32,0,15897,0,0,1,2,0.0,1,74,221,147,48,True,0
Kaelan Casey,DEF,West Ham,0.0,0,0,0,0,0,0.0,0,611,0.00,0.00,0.00,0.00,320,0,0,0.0,0.0,2026-04-10T19:00:00Z,0,False,20,0,0,0,0,0,32,0,8029,0,0,0,4,0.0,0,-37,0,37,40,True,0
Hamed Traorè,MID,Bournemouth,0.0,0,0,0,0,0,0.0,0,93,0.00,0.00,0.00,0.00,311,0,0,0.0,0.0,2026-04-11T11:30:00Z,0,False,1,0,0,0,0,0,32,0,35109,0,0,2,1,0.0,0,-89,0,89,45,False,0
Jack Fletcher,MID,Man Utd,0.0,0,0,0,0,0,0.0,0,462,0.00,0.00,0.00,0.00,317,0,0,0.0,0.0,2026-04-13T19:00:00Z,0,False,11,0,0,0,0,0,32,0,10313,0,0,2,1,0.0,0,-179,95,274,43,True,0
Riccardo Calafiori,DEF,Arsenal,0.0,0,0,0,0,0,0.0,0,7,0.00,0.00,0.00,0.00,311,0,0,0.0,0.0,2026-04-11T11:30:00Z,0,False,4,0,0,0,0,0,32,0,797214,0,0,2,1,0.0,0,22138,27934,5796,56,True,0
David Raya Martín,GK,Arsenal,0.0,0,0,8,0,0,0.0,0,1,0.00,0.00,0.00,1.19,311,2,0,1.4,14.4,2026-04-11T11:30:00Z,90,False,4,0,0,0,12,0,32,1,4440947,1,0,2,1,0.0,1,-41455,123268,164723,60,True,0
Jesurun Rak-Sakyi,MID,Crystal Palace,0.0,0,0,0,0,0,0.0,0,278,0.00,0.00,0.00,0.00,315,0,0,0.0,0.0,2026-04-12T13:00:00Z,0,False,15,0,0,0,0,0,32,0,3674,0,0,1,2,0.0,0,-19,0,19,44,True,0
Nectarios Triantis,MID,Sunderland,0.0,0,0,0,0,0,0.0,0,559,0.00,0.00,0.00,0.00,319,0,0,0.0,0.0,2026-04-12T13:00:00Z,0,False,18,0,0,0,0,0,32,0,3831,0,0,0,1,0.0,0,-11,0,11,44,True,0
Romelle Donovan,MID,Brentford,0.0,0,0,0,0,0,0.0,0,130,0.00,0.00,0.00,0.00,312,0,0,0.0,0.0,2026-04-11T14:00:00Z,0,False,9,0,0,0,0,0,32,0,13791,0,0,2,2,0.0,0,-98,194,292,44,True,0
Maxim De Cuyper,DEF,Brighton,0.0,0,0,0,0,0,0.0,0,145,0.00,0.00,0.00,0.00,313,0,0,0.0,0.0,2026-04-11T14:00:00Z,0,False,3,0,0,0,0,0,32,0,212043,0,0,2,0,0.0,0,-4039,1602,5641,43,False,0
Joël Piroe,FWD,Leeds,0.0,0,0,0,0,0,0.0,0,362,0.00,0.00,0.00,0.00,317,0,0,0.0,0.0,2026-04-13T19:00:00Z,0,False,14,0,0,0,0,0,32,0,44350,0,0,2,1,0.0,0,-196,209,405,49,False,0
Marco Bizot,GK,Aston Villa,0.0,0,0,14,0,1,0.0,0,33,0.00,0.00,0.00,1.15,318,1,0,2.5,25.4,2026-04-12T13:00:00Z,90,False,16,0,0,0,9,0,32,4,48274,1,0,1,1,0.0,3,-227,125,352,42,False,0
Xavi Simons,MID,Spurs,0.0,0,0,4,0,0,1.4,0,717,0.01,0.01,0.00,0.16,319,0,0,0.4,0.8,2026-04-12T13:00:00Z,5,False,17,0,0,0,0,0,32,0,154365,0,0,0,1,2.0,1,1548,7611,6063,65,False,0
Maxwel Cornet,MID,West Ham,0.0,0,0,0,0,0,0.0,0,617,0.00,0.00,0.00,0.00,320,0,0,0.0,0.0,2026-04-10T19:00:00Z,0,False,20,0,0,0,0,0,32,0,1914,0,0,0,4,0.0,0,0,0,0,49,True,0
Vitor de Oliveira Nunes dos Reis,DEF,Man City,0.0,0,0,0,0,0,0.0,0,412,0.00,0.00,0.00,0.00,314,0,0,0.0,0.0,2026-04-12T15:30:00Z,0,False,7,0,0,0,0,0,32,0,578,0,0,3,0,0.0,0,-2,0,2,50,False,0
Sam Johnstone,GK,Wolves,0.0,0,0,0,0,0,0.0,0,627,0.00,0.00,0.00,0.00,320,0,0,0.0,0.0,2026-04-10T19:00:00Z,0,False,19,0,0,0,0,0,32,0,18054,0,0,0,4,0.0,0,-159,169,328,44,False,0
Antonee Robinson,DEF,Fulham,0.0,0,0,9,0,6,12.3,10,316,0.03,0.03,0.00,1.15,316,2,0,3.7,23.0,2026-04-11T16:30:00Z,68,False,12,0,0,0,3,0,32,0,108213,1,4,0,2,2.0,3,-9604,1630,11234,49,False,0
Jørgen Strand Larsen,FWD,Crystal Palace,0.0,0,0,7,0,1,5.2,5,654,0.02,0.04,0.02,1.12,315,1,0,1.0,1.2,2026-04-12T13:00:00Z,64,False,15,0,0,0,3,0,32,0,227286,1,1,1,2,4.0,2,-19307,4543,23850,60,True,0
Estêvão Almeida de Oliveira Gonçalves,MID,Chelsea,0.0,0,0,-4,0,0,10.8,2,238,0.01,0.01,0.00,1.76,314,2,0,1.4,0.0,2026-04-12T15:30:00Z,66,False,13,0,0,0,2,0,32,0,232565,1,0,3,0,4.0,1,5571,9759,4188,64,True,1
Tom Watson,MID,Brighton,0.0,0,0,0,0,0,0.0,0,172,0.00,0.00,0.00,0.00,313,0,0,0.0,0.0,2026-04-11T14:00:00Z,0,False,3,0,0,0,0,0,32,0,3703,0,0,2,0,0.0,0,-29,0,29,48,False,0
Lucas Estella Perri,GK,Leeds,0.0,0,0,0,0,0,0.0,0,665,0.00,0.00,0.00,0.00,317,0,0,0.0,0.0,2026-04-13T19:00:00Z,0,False,14,0,0,0,0,0,32,0,32304,0,0,2,1,0.0,0,847,2547,1700,44,False,0
Timothée Pembélé,DEF,Sunderland,0.0,0,0,0,0,0,0.0,0,540,0.00,0.00,0.00,0.00,319,0,0,0.0,0.0,2026-04-12T13:00:00Z,0,False,18,0,0,0,0,0,32,0,36005,0,0,0,1,0.0,0,-305,0,305,39,True,0
Roméo Lavia,MID,Chelsea,0.0,0,0,10,0,0,14.5,4,244,0.34,0.34,0.00,0.53,314,1,0,2.1,6.0,2026-04-12T15:30:00Z,23,False,13,0,0,0,3,0,32,0,2399,0,1,3,0,0.0,1,65,122,57,49,True,0
Jan Paul van Hecke,DEF,Brighton,0.0,0,0,24,1,4,14.6,6,151,0.11,0.11,0.00,0.88,313,0,0,3.2,17.8,2026-04-11T14:00:00Z,90,False,3,0,0,0,3,0,32,0,1165585,1,2,2,0,0.0,5,561917,583937,22020,45,False,1
Mike Penders,GK,Chelsea,0.0,0,0,0,0,0,0.0,0,222,0.00,0.00,0.00,0.00,314,0,0,0.0,0.0,2026-04-12T15:30:00Z,0,False,13,0,0,0,0,0,32,0,356,0,0,3,0,0.0,0,0,0,0,40,True,0
Rio Kyerematen,MID,Spurs,0.0,0,0,0,0,0,0.0,0,811,0.00,0.00,0.00,0.00,319,0,0,0.0,0.0,2026-04-12T13:00:00Z,0,False,17,0,0,0,0,0,32,0,461,0,0,0,1,0.0,0,1,26,25,45,False,0
Oleksandr Zinchenko,DEF,Nott'm Forest,0.0,0,0,0,0,0,0.0,0,12,0.00,0.00,0.00,0.00,318,0,0,0.0,0.0,2026-04-12T13:00:00Z,0,False,2,0,0,0,0,0,32,0,27059,0,0,1,1,0.0,0,-144,0,144,49,True,0
Harvey Barnes,MID,Newcastle,0.0,0,0,3,0,0,1.4,0,487,0.01,0.01,0.00,1.14,315,2,0,0.4,0.4,2026-04-12T13:00:00Z,19,False,8,0,0,0,0,0,32,0,152157,0,0,1,2,2.0,1,-3880,5029,8909,61,False,0
Josh Nichols,DEF,Arsenal,0.0,0,0,0,0,0,0.0,0,15,0.00,0.00,0.00,0.00,311,0,0,0.0,0.0,2026-04-11T11:30:00Z,0,False,4,0,0,0,0,0,32,0,32186,0,0,2,1,0.0,0,-107,700,807,37,True,0
Jhon Arias,MID,Wolves,0.0,0,0,0,0,0,0.0,0,663,0.00,0.00,0.00,0.00,320,0,0,0.0,0.0,2026-04-10T19:00:00Z,0,False,19,0,0,0,0,0,32,0,16732,0,0,0,4,0.0,0,-133,0,133,49,False,0
Chido Obi,FWD,Man Utd,0.0,0,0,0,0,0,0.0,0,467,0.00,0.00,0.00,0.00,317,0,0,0.0,0.0,2026-04-13T19:00:00Z,0,False,11,0,0,0,0,0,32,0,187048,0,0,2,1,0.0,0,-4363,485,4848,42,True,0
Marc Guiu Paz,FWD,Chelsea,0.0,0,0,0,0,0,0.0,0,252,0.00,0.00,0.00,0.00,314,0,0,0.0,0.0,2026-04-12T15:30:00Z,0,False,13,0,0,0,0,0,32,0,678227,0,0,3,0,0.0,0,-25761,11029,36790,40,True,0
Aaron Ramsey,MID,Burnley,0.0,0,0,0,0,0,0.0,0,211,0.00,0.00,0.00,0.00,313,0,0,0.0,0.0,2026-04-11T14:00:00Z,0,False,6,0,0,0,0,0,32,0,183756,0,0,2,0,0.0,0,-540,0,540,44,True,0
John McGinn,MID,Aston Villa,0.0,0,0,16,0,1,14.8,5,54,0.07,0.17,0.10,1.15,318,1,0,4.4,9.4,2026-04-12T13:00:00Z,90,False,16,0,0,0,4,0,32,0,76995,1,0,1,1,20.0,1,11066,12531,1465,53,False,1
Chadi Riad Dnanou,DEF,Crystal Palace,0.0,0,0,0,0,0,0.0,0,262,0.00,0.00,0.00,0.00,315,0,0,0.0,0.0,2026-04-12T13:00:00Z,0,False,15,0,0,0,0,0,32,0,6451,0,0,1,2,0.0,0,16,222,206,40,True,0
Pedro Cardoso de Lima,DEF,Wolves,0.0,0,0,0,0,0,0.0,0,640,0.00,0.00,0.00,0.00,320,0,0,0.0,0.0,2026-04-10T19:00:00Z,0,False,19,0,0,0,0,0,32,0,47687,0,0,0,4,0.0,0,-46,150,196,40,False,0
Hannes Delcroix,DEF,Burnley,0.0,0,0,0,0,0,0.0,0,188,0.00,0.00,0.00,0.00,313,0,0,0.0,0.0,2026-04-11T14:00:00Z,0,False,6,0,0,0,0,0,32,0,26110,0,0,2,0,0.0,0,-380,0,380,38,True,0
Phil Foden,MID,Man City,0.0,0,0,6,0,0,24.7,4,414,0.04,0.04,0.00,0.62,314,0,0,3.7,8.6,2026-04-12T15:30:00Z,14,False,7,0,0,0,2,0,32,0,1037958,0,2,3,0,4.0,1,-20777,2550,23327,80,False,0
Jonah Kusi-Asare,FWD,Fulham,0.0,0,0,0,0,0,0.0,0,737,0.00,0.00,0.00,0.00,316,0,0,0.0,0.0,2026-04-11T16:30:00Z,0,False,12,0,0,0,0,0,32,0,13154,0,0,0,2,0.0,0,-75,305,380,45,False,0
Tom Heaton,GK,Man Utd,0.0,0,0,0,0,0,0.0,0,434,0.00,0.00,0.00,0.00,317,0,0,0.0,0.0,2026-04-13T19:00:00Z,0,False,11,0,0,0,0,0,32,0,40447,0,0,2,1,0.0,0,5278,6283,1005,38,True,0
Yéremy Pino Santos,MID,Crystal Palace,0.0,0,0,22,0,1,38.9,11,712,0.67,0.82,0.15,1.13,315,1,0,6.2,10.0,2026-04-12T13:00:00Z,75,False,15,0,0,0,8,0,32,0,21803,1,2,1,2,13.0,2,-521,242,763,58,True,0
Wilson Odobert,MID,Spurs,0.0,0,0,0,0,0,0.0,0,588,0.00,0.00,0.00,0.00,319,0,0,0.0,0.0,2026-04-12T13:00:00Z,0,False,17,0,0,0,0,0,32,0,5520,0,0,0,1,0.0,0,-116,10,126,53,False,0
Omari Hutchinson,MID,Nott'm Forest,0.0,0,0,3,0,2,1.8,6,693,0.01,0.01,0.00,0.30,318,1,0,0.7,1.0,2026-04-12T13:00:00Z,64,False,2,0,0,0,4,0,32,0,9524,1,0,1,1,4.0,1,-242,130,372,54,True,1
Alex Murphy,DEF,Newcastle,0.0,0,0,0,0,0,0.0,0,481,0.00,0.00,0.00,0.00,315,0,0,0.0,0.0,2026-04-12T13:00:00Z,0,False,8,0,0,0,0,0,32,0,89367,0,0,1,2,0.0,0,-469,518,987,38,False,0
Bernardo Mota Veiga de Carvalho e Silva,MID,Man City,0.0,0,0,16,1,2,7.6,9,416,0.08,0.33,0.25,0.52,314,0,0,5.2,14.2,2026-04-12T15:30:00Z,80,False,7,0,0,0,3,0,32,0,85661,1,4,3,0,30.0,3,11177,13564,2387,62,False,0
Hannibal Mejbri,MID,Burnley,0.0,0,0,0,0,0,0.0,0,207,0.00,0.00,0.00,0.00,313,0,0,0.0,0.0,2026-04-11T14:00:00Z,0,False,6,0,0,0,0,0,32,0,22066,0,0,2,0,0.0,0,-2691,255,2946,47,True,0
Jacob Bruun Larsen,MID,Burnley,0.0,0,0,3,0,0,2.4,1,202,0.00,0.00,0.00,0.13,313,1,0,0.7,0.4,2026-04-11T14:00:00Z,23,False,6,0,0,0,1,0,32,0,4707,0,0,2,0,4.0,1,16,107,91,52,True,0
Dennis Cirkin,DEF,Sunderland,0.0,0,0,0,0,0,0.0,0,535,0.00,0.00,0.00,0.00,319,0,0,0.0,0.0,2026-04-12T13:00:00Z,0,False,18,0,0,0,0,0,32,0,6098,0,0,0,1,0.0,0,-9,92,101,40,True,0
Daniel Muñoz Mejía,DEF,Crystal Palace,0.0,0,0,13,0,6,7.0,12,256,0.05,0.32,0.27,1.13,315,1,0,8.8,22.0,2026-04-12T13:00:00Z,90,False,15,0,0,0,1,0,32,0,952255,1,6,1,2,59.0,4,13256,41451,28195,58,True,0
Bastien Meupiyou Menadjou,DEF,Wolves,0.0,0,0,0,0,0,0.0,0,639,0.00,0.00,0.00,0.00,320,0,0,0.0,0.0,2026-04-10T19:00:00Z,0,False,19,0,0,0,0,0,32,0,787,0,0,0,4,0.0,0,-3,0,3,40,False,0
Radu Drăgușin,DEF,Spurs,0.0,0,0,0,0,0,0.0,0,572,0.00,0.00,0.00,0.00,319,0,0,0.0,0.0,2026-04-12T13:00:00Z,0,False,17,0,0,0,0,0,32,0,3239,0,0,0,1,0.0,0,-60,132,192,45,False,0
Noah Okafor,MID,Leeds,0.0,0,3,46,0,3,2.1,3,698,0.04,0.19,0.15,0.67,317,1,2,10.3,73.2,2026-04-13T19:00:00Z,73,False,14,0,0,0,0,0,32,0,11150,1,0,2,1,28.0,15,238,1025,787,55,False,0
Dean Henderson,GK,Crystal Palace,0.0,0,0,12,0,2,0.0,0,253,0.00,0.00,0.00,1.13,315,1,0,1.5,14.8,2026-04-12T13:00:00Z,90,False,15,0,0,0,12,0,32,2,1062165,1,0,1,2,0.0,2,-7626,24220,31846,51,True,0
Jayce Fitzgerald,MID,Man Utd,0.0,0,0,0,0,0,0.0,0,461,0.00,0.00,0.00,0.00,317,0,0,0.0,0.0,2026-04-13T19:00:00Z,0,False,11,0,0,0,0,0,32,0,5700,0,0,2,1,0.0,0,12,73,61,43,True,0
Nayef Aguerd,DEF,West Ham,0.0,0,0,0,0,0,0.0,0,607,0.00,0.00,0.00,0.00,320,0,0,0.0,0.0,2026-04-10T19:00:00Z,0,False,20,0,0,0,0,0,32,0,5336,0,0,0,4,0.0,0,-11,0,11,44,True,0
Danny Welbeck,FWD,Brighton,0.0,0,0,9,1,4,11.8,6,178,0.03,1.09,1.06,0.84,313,0,0,12.0,17.4,2026-04-11T14:00:00Z,74,False,3,0,0,0,2,0,32,0,1017157,1,0,2,0,91.0,2,486115,533921,47806,62,False,0
Tom King,GK,Everton,0.0,0,0,0,0,0,0.0,0,630,0.00,0.00,0.00,0.00,312,0,0,0.0,0.0,2026-04-11T14:00:00Z,0,False,5,0,0,0,0,0,32,0,160857,0,0,2,2,0.0,0,-882,294,1176,39,False,0
Maxime Estève,DEF,Burnley,0.0,0,0,6,0,9,0.9,11,191,0.00,0.00,0.00,1.93,313,2,0,2.3,20.0,2026-04-11T14:00:00Z,90,False,6,0,0,0,9,0,32,0,974149,1,2,2,0,2.0,2,-27197,17521,44718,39,True,1
Antoine Semenyo,MID,Man City,0.0,0,0,13,1,1,18.7,3,82,0.03,0.32,0.29,1.14,314,0,0,6.7,10.6,2026-04-12T15:30:00Z,90,False,7,0,0,0,2,0,32,0,7289095,1,0,3,0,38.0,2,322359,386543,64184,82,False,1
Rodrigo Muniz Carvalho,FWD,Fulham,0.0,0,0,2,0,1,21.8,4,338,0.06,0.33,0.27,1.48,316,2,0,4.7,2.4,2026-04-11T16:30:00Z,79,False,12,0,0,0,3,0,32,0,93169,1,0,0,2,23.0,2,-60,906,966,53,False,0
Gianluigi Donnarumma,GK,Man City,0.0,0,0,29,1,2,0.0,0,736,0.00,0.00,0.00,1.14,314,0,0,2.5,25.4,2026-04-12T15:30:00Z,90,False,7,0,0,0,8,0,32,3,1189325,1,0,3,0,0.0,7,-23572,18963,42535,56,False,0
Sven Botman,DEF,Newcastle,0.0,0,0,3,0,12,1.2,12,475,0.01,0.08,0.07,2.56,315,2,0,3.3,24.0,2026-04-12T13:00:00Z,90,False,8,0,0,0,5,0,32,0,51678,1,0,1,2,8.0,3,-3716,370,4086,49,False,0
Omar Alderete,DEF,Sunderland,0.0,0,0,29,1,9,0.8,10,683,0.00,0.00,0.00,0.84,319,0,0,2.3,22.4,2026-04-12T13:00:00Z,90,False,18,0,0,0,5,0,32,0,815238,1,1,0,1,0.0,8,-50038,23519,73557,41,True,0
Nico O'Reilly,DEF,Man City,0.0,0,2,44,1,1,25.8,5,411,0.33,0.76,0.43,0.25,314,0,1,11.1,46.2,2026-04-12T15:30:00Z,63,False,7,0,0,0,1,0,32,0,1614606,1,4,3,0,39.0,14,487457,507966,20509,50,False,0
Liam Delap,FWD,Chelsea,0.0,0,0,2,0,1,0.0,1,250,0.00,0.00,0.00,0.26,314,0,0,0.0,0.0,2026-04-12T15:30:00Z,9,False,13,0,0,0,0,0,32,0,118492,0,0,3,0,0.0,1,-767,302,1069,62,True,0
Malcolm Ebiowei,MID,Crystal Palace,0.0,0,0,0,0,0,0.0,0,277,0.00,0.00,0.00,0.00,315,0,0,0.0,0.0,2026-04-12T13:00:00Z,0,False,15,0,0,0,0,0,32,0,353,0,0,1,2,0.0,0,-1,0,1,45,True,0
Jerome Abbey,MID,Wolves,0.0,0,0,0,0,0,0.0,0,809,0.00,0.00,0.00,0.00,320,0,0,0.0,0.0,2026-04-10T19:00:00Z,0,False,19,0,0,0,0,0,32,0,1185,0,0,0,4,0.0,0,79,151,72,45,False,0
Benjamin White,DEF,Arsenal,0.0,0,0,13,0,7,12.3,9,11,0.02,0.04,0.02,1.18,311,2,0,3.5,20.2,2026-04-11T11:30:00Z,75,False,4,0,0,0,3,0,32,0,64600,1,2,2,1,2.0,1,5055,5897,842,51,True,0
Miodrag Pivaš,DEF,Newcastle,0.0,0,0,0,0,0,0.0,0,483,0.00,0.00,0.00,0.00,315,0,0,0.0,0.0,2026-04-12T13:00:00Z,0,False,8,0,0,0,0,0,32,0,47003,0,0,1,2,0.0,0,-332,257,589,38,False,0
Freddie Woodman,GK,Liverpool,0.0,0,0,0,0,0,0.0,0,369,0.00,0.00,0.00,0.00,316,0,0,0.0,0.0,2026-04-11T16:30:00Z,0,False,10,0,0,0,0,0,32,0,21654,0,0,0,2,0.0,0,-140,85,225,39,True,0
Adam Webster,DEF,Brighton,0.0,0,0,0,0,0,0.0,0,153,0.00,0.00,0.00,0.00,313,0,0,0.0,0.0,2026-04-11T14:00:00Z,0,False,3,0,0,0,0,0,32,0,897,0,0,2,0,0.0,0,6,27,21,44,False,0
Reece James,DEF,Chelsea,0.0,0,0,0,0,0,0.0,0,225,0.00,0.00,0.00,0.00,314,0,0,0.0,0.0,2026-04-12T15:30:00Z,0,False,13,0,0,0,0,0,32,0,897630,0,0,3,0,0.0,0,-108932,863,109795,56,True,0
Alex Paulsen,GK,Bournemouth,0.0,0,0,0,0,0,0.0,0,70,0.00,0.00,0.00,0.00,311,0,0,0.0,0.0,2026-04-11T11:30:00Z,0,False,1,0,0,0,0,0,32,0,7007,0,0,2,1,0.0,0,-23,0,23,40,False,0
Chris Wood,FWD,Nott'm Forest,0.0,0,0,1,0,0,1.8,0,525,0.01,0.18,0.17,0.72,318,0,0,0.9,0.0,2026-04-12T13:00:00Z,25,False,2,0,0,0,0,0,32,0,589958,0,0,1,1,9.0,1,-192,1098,1290,71,True,0
Rayan Cherki,MID,Man City,0.0,2,1,41,1,0,36.5,2,417,0.65,0.85,0.20,0.52,314,0,0,10.7,44.6,2026-04-12T15:30:00Z,75,False,7,0,0,0,2,0,32,0,917566,1,0,3,0,26.0,10,13739,43210,29471,63,False,0
Emiliano Martínez Romero,GK,Aston Villa,0.0,0,0,0,0,0,0.0,0,32,0.00,0.00,0.00,0.00,318,0,0,0.0,0.0,2026-04-12T13:00:00Z,0,False,16,0,0,0,0,0,32,0,625249,0,0,1,1,0.0,0,654,27961,27307,51,False,0
Josh King,MID,Fulham,0.0,0,0,4,0,2,1.6,4,335,0.01,0.01,0.00,0.81,316,2,0,0.6,2.6,2026-04-11T16:30:00Z,45,False,12,0,0,0,2,0,32,0,236657,1,0,0,2,2.0,1,9929,21924,11995,44,False,0
Lewis Dunk,DEF,Brighton,0.0,0,0,0,0,0,0.0,0,146,0.00,0.00,0.00,0.00,313,0,0,0.0,0.0,2026-04-11T14:00:00Z,0,False,3,0,0,0,0,0,32,0,120790,0,0,2,0,0.0,0,-11956,782,12738,45,False,0
Willy Boly,DEF,Nott'm Forest,0.0,0,0,0,0,0,0.0,0,514,0.00,0.00,0.00,0.00,318,0,0,0.0,0.0,2026-04-12T13:00:00Z,0,False,2,0,0,0,0,0,32,0,44383,0,0,1,1,0.0,0,-504,117,621,38,True,0
Yusuf Akhamrich,MID,Spurs,0.0,0,0,0,0,0,0.0,0,751,0.00,0.00,0.00,0.00,319,0,0,0.0,0.0,2026-04-12T13:00:00Z,0,False,17,0,0,0,0,0,32,0,575,0,0,0,1,0.0,0,-12,0,12,45,False,0
William Osula,FWD,Newcastle,0.0,0,2,29,0,0,1.8,3,500,0.01,0.95,0.94,1.71,315,1,1,8.6,34.0,2026-04-12T13:00:00Z,83,False,8,0,0,0,2,0,32,0,31201,1,1,1,2,50.0,8,-505,775,1280,54,False,0
Luca Koleosho,MID,Burnley,0.0,0,0,0,0,0,0.0,0,208,0.00,0.00,0.00,0.00,313,0,0,0.0,0.0,2026-04-11T14:00:00Z,0,False,6,0,0,0,0,0,32,0,1377,0,0,2,0,0.0,0,-1,0,1,50,True,0
Omar Richards,DEF,Nott'm Forest,0.0,0,0,0,0,0,0.0,0,512,0.00,0.00,0.00,0.00,318,0,0,0.0,0.0,2026-04-12T13:00:00Z,0,False,2,0,0,0,0,0,32,0,2450,0,0,1,1,0.0,0,-3,0,3,45,True,0
Anthony Gordon,MID,Newcastle,0.0,0,0,5,1,0,6.3,2,485,0.03,0.07,0.04,1.42,315,0,0,1.6,0.2,2026-04-12T13:00:00Z,70,False,8,0,0,0,2,0,32,0,999646,1,0,1,2,9.0,3,104481,235366,130885,74,False,0
Antoni Milambo,MID,Brentford,0.0,0,0,0,0,0,0.0,0,122,0.00,0.00,0.00,0.00,312,0,0,0.0,0.0,2026-04-11T14:00:00Z,0,False,9,0,0,0,0,0,32,0,3598,0,0,2,2,0.0,0,3,24,21,52,True,0
Pablo Felipe Pereira de Jesus,FWD,West Ham,0.0,1,0,24,1,2,30.9,10,785,0.28,0.38,0.10,0.46,320,0,0,8.9,37.0,2026-04-10T19:00:00Z,77,False,20,0,0,0,3,0,32,0,1449,1,5,0,4,21.0,5,221,299,78,54,True,0
Martín Zubimendi Ibáñez,MID,Arsenal,0.0,0,0,14,0,4,4.9,10,26,0.01,0.01,0.00,1.18,311,2,0,2.0,10.6,2026-04-11T11:30:00Z,75,False,4,0,0,0,3,0,32,0,450103,1,3,2,1,4.0,2,-24206,10804,35010,51,True,0
Jaidon Anthony,MID,Burnley,0.0,0,0,5,0,0,14.4,4,200,0.03,0.37,0.34,1.93,313,2,0,6.3,13.6,2026-04-11T14:00:00Z,90,False,6,0,0,0,2,0,32,0,261819,1,2,2,0,35.0,2,6138,18116,11978,50,True,0
Curtis Jones,MID,Liverpool,0.0,0,0,10,0,0,3.8,6,388,0.03,0.03,0.00,0.20,316,0,0,1.3,5.0,2026-04-11T16:30:00Z,45,False,10,0,0,0,5,0,32,0,14249,1,1,0,2,4.0,1,-6,270,276,54,True,0
Caoimhín Kelleher,GK,Brentford,0.0,0,0,14,0,3,0.0,0,101,0.00,0.00,0.00,1.53,312,2,0,3.8,37.6,2026-04-11T14:00:00Z,90,False,9,0,0,0,5,0,32,4,1720259,1,0,2,2,0.0,2,-35046,47866,82912,48,True,0
Bertrand Traoré,MID,Sunderland,0.0,0,0,0,0,0,0.0,0,735,0.00,0.00,0.00,0.00,319,0,0,0.0,0.0,2026-04-12T13:00:00Z,0,False,18,0,0,0,0,0,32,0,3761,0,0,0,1,0.0,0,-45,14,59,55,True,0
Ollie Shield,DEF,Brentford,0.0,0,0,0,0,0,0.0,0,819,0.00,0.00,0.00,0.00,312,0,0,0.0,0.0,2026-04-11T14:00:00Z,0,False,9,0,0,0,0,0,32,0,773,0,0,2,2,0.0,0,17,47,30,40,True,0
James McAtee,MID,Nott'm Forest,0.0,0,0,0,0,0,0.0,0,426,0.00,0.00,0.00,0.00,318,0,0,0.0,0.0,2026-04-12T13:00:00Z,0,False,2,0,0,0,0,0,32,0,11587,0,0,1,1,0.0,0,-30,70,100,50,True,0
Guglielmo Vicario,GK,Spurs,0.0,0,0,0,0,0,0.0,0,565,0.00,0.00,0.00,0.00,319,0,0,0.0,0.0,2026-04-12T13:00:00Z,0,False,17,0,0,0,0,0,32,0,683353,0,0,0,1,0.0,0,-31622,410,32032,47,False,0
Jaydee Canvot,DEF,Crystal Palace,0.0,0,0,9,0,10,4.9,12,723,0.05,0.42,0.37,1.13,315,1,0,4.3,31.4,2026-04-12T13:00:00Z,90,False,15,0,0,0,5,0,32,0,20127,1,2,1,2,7.0,4,13660,14720,1060,45,True,0
Zach Marsh,FWD,Crystal Palace,0.0,0,0,0,0,0,0.0,0,286,0.00,0.00,0.00,0.00,315,0,0,0.0,0.0,2026-04-12T13:00:00Z,0,False,15,0,0,0,0,0,32,0,40644,0,0,1,2,0.0,0,-272,224,496,44,True,0
Joe Anderson,DEF,Sunderland,0.0,0,0,0,0,0,0.0,0,534,0.00,0.00,0.00,0.00,319,0,0,0.0,0.0,2026-04-12T13:00:00Z,0,False,18,0,0,0,0,0,32,0,39606,0,0,0,1,0.0,0,-446,0,446,38,True,0
Noussair Mazraoui,DEF,Man Utd,0.0,0,0,5,0,5,2.1,9,438,0.01,0.03,0.02,2.01,317,2,0,1.7,11.6,2026-04-13T19:00:00Z,69,False,11,0,0,0,2,0,32,0,27995,1,4,2,1,3.0,1,145,761,616,49,True,0
Cristian Romero,DEF,Spurs,0.0,0,0,11,0,6,10.4,9,569,0.01,0.05,0.04,1.07,319,1,0,3.2,12.2,2026-04-12T13:00:00Z,69,False,17,0,0,0,2,0,32,0,403937,1,3,0,1,9.0,1,18,4461,4443,50,False,1
Václav Hladký,GK,Burnley,0.0,0,0,0,0,0,0.0,0,185,0.00,0.00,0.00,0.00,313,0,0,0.0,0.0,2026-04-11T14:00:00Z,0,False,6,0,0,0,0,0,32,0,20542,0,0,2,0,0.0,0,-212,117,329,39,True,0
Mads Roerslev Rasmussen,DEF,Brentford,0.0,0,0,0,0,0,0.0,0,112,0.00,0.00,0.00,0.00,312,0,0,0.0,0.0,2026-04-11T14:00:00Z,0,False,9,0,0,0,0,0,32,0,1836,0,0,2,2,0.0,0,-1,0,1,45,True,0
Diogo Dalot Teixeira,DEF,Man Utd,0.0,0,0,6,0,2,1.1,4,440,0.01,0.03,0.02,0.35,317,0,0,1.1,7.2,2026-04-13T19:00:00Z,20,False,11,0,0,0,2,0,32,0,646518,0,2,2,1,3.0,1,-20404,30095,50499,46,True,0
Justin Kluivert,MID,Bournemouth,0.0,0,0,0,0,0,0.0,0,81,0.00,0.00,0.00,0.00,311,0,0,0.0,0.0,2026-04-11T11:30:00Z,0,False,1,0,0,0,0,0,32,0,77468,0,0,2,1,0.0,0,-354,84,438,69,False,0
Keane Lewis-Potter,DEF,Brentford,0.0,0,0,10,0,3,39.8,6,107,0.52,0.54,0.02,1.53,312,2,0,6.8,20.0,2026-04-11T14:00:00Z,90,False,9,0,0,0,5,0,32,0,216297,1,3,2,2,8.0,1,-3577,7421,10998,48,True,0
Kristoffer Ajer,DEF,Brentford,0.0,0,0,0,0,0,0.0,0,108,0.00,0.00,0.00,0.00,312,0,0,0.0,0.0,2026-04-11T14:00:00Z,0,False,9,0,0,0,0,0,32,0,32112,0,0,2,2,0.0,0,-2319,269,2588,44,True,0
Georginio Rutter,MID,Brighton,0.0,0,0,3,0,1,0.4,4,158,0.00,0.02,0.02,0.04,313,0,0,1.0,3.6,2026-04-11T14:00:00Z,15,False,3,0,0,0,2,0,32,0,40583,0,1,2,0,6.0,1,131,1336,1205,56,False,0
Hwang Hee-chan,MID,Wolves,0.0,0,0,3,0,0,1.5,1,642,0.01,0.05,0.04,0.69,320,1,0,0.4,0.0,2026-04-10T19:00:00Z,19,False,19,0,0,0,1,0,32,0,13817,0,0,0,4,4.0,1,166,417,251,56,False,0
Ashley Phillips,DEF,Spurs,0.0,0,0,0,0,0,0.0,0,576,0.00,0.00,0.00,0.00,319,0,0,0.0,0.0,2026-04-12T13:00:00Z,0,False,17,0,0,0,0,0,32,0,1415,0,0,0,1,0.0,0,-4,0,4,40,False,0
Quilindschy Hartman,DEF,Burnley,0.0,0,0,5,0,4,2.6,4,192,0.02,0.02,0.00,1.81,313,1,0,1.1,8.6,2026-04-11T14:00:00Z,81,False,6,0,0,0,5,0,32,0,79196,1,0,2,0,0.0,2,-864,1838,2702,40,True,0
George King,DEF,Crystal Palace,0.0,0,0,0,0,0,0.0,0,793,0.00,0.00,0.00,0.00,315,0,0,0.0,0.0,2026-04-12T13:00:00Z,0,False,15,0,0,0,0,0,32,0,2373,0,0,1,2,0.0,0,58,110,52,40,True,0
Bruno Guimarães Rodriguez Moura,MID,Newcastle,0.0,0,0,0,0,0,0.0,0,488,0.00,0.00,0.00,0.00,315,0,0,0.0,0.0,2026-04-12T13:00:00Z,0,False,8,0,0,0,0,0,32,0,576887,0,0,1,2,0.0,0,-19714,3365,23079,68,False,0
Eiran Cashin,DEF,Brighton,0.0,0,0,0,0,0,0.0,0,154,0.00,0.00,0.00,0.00,313,0,0,0.0,0.0,2026-04-11T14:00:00Z,0,False,3,0,0,0,0,0,32,0,586,0,0,2,0,0.0,0,0,0,0,40,False,0
Nathan Patterson,DEF,Everton,0.0,0,0,0,0,0,0.0,0,296,0.00,0.00,0.00,0.00,312,0,0,0.0,0.0,2026-04-11T14:00:00Z,0,False,5,0,0,0,0,0,32,0,4486,0,0,2,2,0.0,0,-62,69,131,44,False,0
Tolu Arokodare,FWD,Wolves,0.0,0,0,4,0,0,10.4,0,720,0.00,0.00,0.00,0.69,320,1,0,1.4,2.0,2026-04-10T19:00:00Z,19,False,19,0,0,0,0,0,32,0,18202,0,0,0,4,2.0,1,211,1928,1717,53,False,0
Andrew Moran,MID,Brighton,0.0,0,0,0,0,0,0.0,0,177,0.00,0.00,0.00,0.00,313,0,0,0.0,0.0,2026-04-11T14:00:00Z,0,False,3,0,0,0,0,0,32,0,1988,0,0,2,0,0.0,0,-3,0,3,45,False,0
Adrien Truffert,DEF,Bournemouth,0.0,1,0,9,0,5,2.6,7,74,0.01,0.01,0.00,2.32,311,1,0,1.1,6.6,2026-04-11T11:30:00Z,90,False,1,0,0,0,2,0,32,0,468121,1,2,2,1,2.0,4,60183,91803,31620,47,False,1
Enes Ünal,FWD,Bournemouth,0.0,0,0,3,0,0,0.0,0,98,0.00,0.00,0.00,0.13,311,0,0,0.1,1.0,2026-04-11T11:30:00Z,1,False,1,0,0,0,0,0,32,0,6186,0,0,2,1,0.0,1,-42,222,264,54,False,0
Jack Whittaker,MID,Sunderland,0.0,0,0,0,0,0,0.0,0,821,0.00,0.00,0.00,0.00,319,0,0,0.0,0.0,2026-04-12T13:00:00Z,0,False,18,0,0,0,0,0,32,0,97,0,0,0,1,0.0,0,21,28,7,45,True,0
Dário Luís Essugo,MID,Chelsea,0.0,0,0,0,0,1,0.3,4,247,0.00,0.00,0.00,0.26,314,0,0,0.5,4.6,2026-04-12T15:30:00Z,8,False,13,0,0,0,0,0,32,0,7864,0,3,3,0,0.0,0,212,444,232,43,True,1
Aaron Ramsdale,GK,Newcastle,0.0,0,0,8,0,0,0.0,0,674,0.00,0.00,0.00,2.56,315,2,0,2.3,22.6,2026-04-12T13:00:00Z,90,False,8,0,0,0,11,0,32,3,106250,1,0,1,2,0.0,1,-1166,3978,5144,48,False,1
Moisés Caicedo Corozo,MID,Chelsea,0.0,0,0,8,0,0,1.8,4,241,0.01,0.04,0.03,2.03,314,3,0,0.3,0.0,2026-04-12T15:30:00Z,81,False,13,0,0,0,3,0,32,0,974146,1,1,3,0,2.0,2,-10990,9210,20200,57,True,0
Taiwo Awoniyi,FWD,Nott'm Forest,0.0,0,0,0,0,0,0.0,0,527,0.00,0.00,0.00,0.00,318,0,0,0.0,0.0,2026-04-12T13:00:00Z,0,False,2,0,0,0,0,0,32,0,37822,0,0,1,1,0.0,0,65,367,302,52,True,0
Joél Drakes-Thomas,MID,Crystal Palace,0.0,0,0,0,0,0,0.0,0,762,0.00,0.00,0.00,0.00,315,0,0,0.0,0.0,2026-04-12T13:00:00Z,0,False,15,0,0,0,0,0,32,0,660,0,0,1,2,0.0,0,1,19,18,45,True,0
Conor Gallagher,MID,Spurs,0.0,0,0,13,0,3,15.9,7,796,0.04,0.04,0.00,1.16,319,1,0,2.8,12.2,2026-04-12T13:00:00Z,84,False,17,0,0,0,4,0,32,0,11678,1,0,0,1,0.0,2,-840,264,1104,51,False,0
Niall Huggins,DEF,Sunderland,0.0,0,0,0,0,0,0.0,0,537,0.00,0.00,0.00,0.00,319,0,0,0.0,0.0,2026-04-12T13:00:00Z,0,False,18,0,0,0,0,0,32,0,8637,0,0,0,1,0.0,0,-23,0,23,40,True,0
Konstantinos Tsimikas,DEF,Liverpool,0.0,0,0,0,0,0,0.0,0,377,0.00,0.00,0.00,0.00,316,0,0,0.0,0.0,2026-04-11T16:30:00Z,0,False,10,0,0,0,0,0,32,0,6099,0,0,0,2,0.0,0,-5,0,5,48,True,0
Adam Smith,DEF,Bournemouth,0.0,0,0,3,0,0,0.0,0,73,0.00,0.00,0.00,0.13,311,0,0,0.0,0.0,2026-04-11T11:30:00Z,1,False,1,0,0,0,0,0,32,0,24595,0,0,2,1,0.0,1,161,628,467,44,False,0
Tyrone Mings,DEF,Aston Villa,0.0,0,0,0,0,0,0.0,0,40,0.00,0.00,0.00,0.00,318,0,0,0.0,0.0,2026-04-12T13:00:00Z,0,False,16,0,0,0,0,0,32,0,88503,0,0,1,1,0.0,0,-1577,981,2558,43,False,0
Luke Shaw,DEF,Man Utd,0.0,0,0,5,0,3,14.8,5,443,0.04,0.07,0.03,2.37,317,2,0,3.6,12.0,2026-04-13T19:00:00Z,90,False,11,0,0,0,3,0,32,0,105594,1,2,2,1,9.0,0,5910,9462,3552,45,True,1
James Rowswell,DEF,Spurs,0.0,0,0,0,0,0,0.0,0,750,0.00,0.00,0.00,0.00,319,0,0,0.0,0.0,2026-04-12T13:00:00Z,0,False,17,0,0,0,0,0,32,0,4187,0,0,0,1,0.0,0,5,48,43,40,False,0
Aaron Hickey,DEF,Brentford,0.0,0,0,0,0,0,0.0,0,116,0.00,0.00,0.00,0.00,312,0,0,0.0,0.0,2026-04-11T14:00:00Z,0,False,9,0,0,0,0,0,32,0,45248,0,0,2,2,0.0,0,-1468,38,1506,40,True,0
Sékou Koné,MID,Man Utd,0.0,0,0,0,0,0,0.0,0,463,0.00,0.00,0.00,0.00,317,0,0,0.0,0.0,2026-04-13T19:00:00Z,0,False,11,0,0,0,0,0,32,0,10205,0,0,2,1,0.0,0,-75,0,75,43,True,0
Ryan McAidoo,MID,Man City,0.0,0,0,0,0,0,0.0,0,742,0.00,0.00,0.00,0.00,314,0,0,0.0,0.0,2026-04-12T15:30:00Z,0,False,7,0,0,0,0,0,32,0,1499,0,0,3,0,0.0,0,-11,14,25,45,False,0
Jordan Pickford,GK,Everton,0.0,0,0,0,0,0,0.0,0,287,0.00,0.00,0.00,2.84,312,2,0,1.3,13.4,2026-04-11T14:00:00Z,90,False,5,0,0,0,5,0,32,2,1763473,1,0,2,2,0.0,0,13986,58140,44154,56,False,1
Enzo Barrenechea,MID,Aston Villa,0.0,0,0,0,0,0,0.0,0,56,0.00,0.00,0.00,0.00,318,0,0,0.0,0.0,2026-04-12T13:00:00Z,0,False,16,0,0,0,0,0,32,0,45,0,0,1,1,0.0,0,0,0,0,50,False,0
Pau Torres,DEF,Aston Villa,0.0,0,0,8,0,1,1.4,2,41,0.01,0.01,0.00,1.15,318,1,0,1.6,14.4,2026-04-12T13:00:00Z,90,False,16,0,0,0,4,0,32,0,39404,1,1,1,1,0.0,2,308,933,625,43,False,0
Bart Verbruggen,GK,Brighton,0.0,0,2,36,1,0,0.0,0,139,0.00,0.00,0.00,0.88,313,0,0,4.0,40.0,2026-04-11T14:00:00Z,90,False,3,0,0,0,7,0,32,4,1059886,1,0,2,0,0.0,9,343543,367676,24133,45,False,0
Tariq Lamptey,DEF,Brighton,0.0,0,0,0,0,0,0.0,0,150,0.00,0.00,0.00,0.00,313,0,0,0.0,0.0,2026-04-11T14:00:00Z,0,False,3,0,0,0,0,0,32,0,10544,0,0,2,0,0.0,0,-16,0,16,44,False,0
Ashley Barnes,FWD,Burnley,0.0,0,0,0,0,0,0.0,0,218,0.00,0.00,0.00,0.00,313,0,0,0.0,0.0,2026-04-11T14:00:00Z,0,False,6,0,0,0,0,0,32,0,174765,0,0,2,0,0.0,0,-3369,2855,6224,42,True,0
Travis Patterson,DEF,Aston Villa,0.0,0,0,0,0,0,0.0,0,710,0.00,0.00,0.00,0.00,318,0,0,0.0,0.0,2026-04-12T13:00:00Z,0,False,16,0,0,0,0,0,32,0,25106,0,0,1,1,0.0,0,-107,89,196,39,False,0
George Hemmings,MID,Aston Villa,0.0,0,0,0,0,0,0.0,0,754,0.00,0.00,0.00,0.00,318,0,0,0.0,0.0,2026-04-12T13:00:00Z,0,False,16,0,0,0,0,0,32,0,1098,0,0,1,1,0.0,0,-5,23,28,45,False,0
Sverre Nypan,MID,Man City,0.0,0,0,0,0,0,0.0,0,428,0.00,0.00,0.00,0.00,314,0,0,0.0,0.0,2026-04-12T15:30:00Z,0,False,7,0,0,0,0,0,32,0,1886,0,0,3,0,0.0,0,-5,13,18,50,False,0
Josh Acheampong,DEF,Chelsea,0.0,0,0,4,0,0,0.4,1,233,0.00,0.00,0.00,0.17,314,0,0,0.2,2.0,2026-04-12T15:30:00Z,2,False,13,0,0,0,0,0,32,0,224801,0,1,3,0,0.0,1,2463,11316,8853,37,True,0
Igor Jesus Maciel da Cruz,FWD,Nott'm Forest,0.0,0,0,7,0,2,12.3,4,526,0.09,0.38,0.29,1.02,318,1,0,2.4,0.0,2026-04-12T13:00:00Z,88,False,2,0,0,0,2,0,32,0,167167,1,0,1,1,12.0,2,6149,14402,8253,58,True,0
Illia Zabarnyi,DEF,Bournemouth,0.0,0,0,0,0,0,0.0,0,71,0.00,0.00,0.00,0.00,311,0,0,0.0,0.0,2026-04-11T11:30:00Z,0,False,1,0,0,0,0,0,32,0,2924,0,0,2,1,0.0,0,-5,0,5,50,False,0
Julián Araujo Zúñiga,DEF,Bournemouth,0.0,0,0,0,0,0,0.0,0,78,0.00,0.00,0.00,0.00,311,0,0,0.0,0.0,2026-04-11T11:30:00Z,0,False,1,0,0,0,0,0,32,0,65570,0,0,2,1,0.0,0,-645,0,645,38,False,0
Milos Kerkez,DEF,Liverpool,0.0,0,0,0,0,0,0.0,0,371,0.00,0.00,0.00,0.00,316,0,0,0.0,0.0,2026-04-11T16:30:00Z,0,False,10,0,0,0,0,0,32,0,407206,0,0,0,2,0.0,0,7204,12578,5374,56,True,0
Lamare Bogarde,DEF,Aston Villa,0.0,0,0,0,0,0,0.0,0,44,0.00,0.00,0.00,0.00,318,0,0,0.0,0.0,2026-04-12T13:00:00Z,0,False,16,0,0,0,0,0,32,0,71023,0,0,1,1,0.0,0,-344,860,1204,40,False,0
Dermot Mee,GK,Man Utd,0.0,0,0,0,0,0,0.0,0,435,0.00,0.00,0.00,0.00,317,0,0,0.0,0.0,2026-04-13T19:00:00Z,0,False,11,0,0,0,0,0,32,0,12777,0,0,2,1,0.0,0,-71,47,118,39,True,0
Alisson Becker,GK,Liverpool,0.0,0,0,0,0,0,0.0,0,366,0.00,0.00,0.00,0.00,316,0,0,0.0,0.0,2026-04-11T16:30:00Z,0,False,10,0,0,0,0,0,32,0,755131,0,0,0,2,0.0,0,-67210,434,67644,54,True,0
Fabian Schär,DEF,Newcastle,0.0,0,0,0,0,0,0.0,0,474,0.00,0.00,0.00,0.00,315,0,0,0.0,0.0,2026-04-12T13:00:00Z,0,False,8,0,0,0,0,0,32,0,149208,0,0,1,2,0.0,0,-921,50,971,52,False,0
Marc Cucurella Saseta,DEF,Chelsea,0.0,0,0,-1,0,5,25.9,7,224,0.04,0.58,0.54,2.29,314,3,0,8.8,25.6,2026-04-12T15:30:00Z,90,False,13,0,0,0,3,0,32,0,1881972,1,2,3,0,36.0,0,24101,65761,41660,60,True,1
Norberto Murara Neto,GK,Bournemouth,0.0,0,0,0,0,0,0.0,0,66,0.00,0.00,0.00,0.00,311,0,0,0.0,0.0,2026-04-11T11:30:00Z,0,False,1,0,0,0,0,0,32,0,7185,0,0,2,1,0.0,0,-17,0,17,45,False,0
Max Weiß,GK,Burnley,0.0,0,0,0,0,0,0.0,0,183,0.00,0.00,0.00,0.00,313,0,0,0.0,0.0,2026-04-11T14:00:00Z,0,False,6,0,0,0,0,0,32,0,15439,0,0,2,0,0.0,0,-13,160,173,43,True,0
Amad Diallo,MID,Man Utd,0.0,0,0,11,0,0,3.8,2,452,0.01,0.06,0.05,2.01,317,2,0,2.1,3.8,2026-04-13T19:00:00Z,69,False,11,0,0,0,0,0,32,0,186853,1,2,2,1,13.0,2,-2266,4530,6796,62,True,0
Jorge Cuenca Barreno,DEF,Fulham,0.0,0,0,0,0,0,0.0,0,321,0.00,0.00,0.00,0.00,316,0,0,0.0,0.0,2026-04-11T16:30:00Z,0,False,12,0,0,0,0,0,32,0,7210,0,0,0,2,0.0,0,-175,33,208,43,False,0
Oliver Sonne,DEF,Burnley,0.0,0,0,0,0,0,0.0,0,197,0.00,0.00,0.00,0.00,313,0,0,0.0,0.0,2026-04-11T14:00:00Z,0,False,6,0,0,0,0,0,32,0,23631,0,0,2,0,0.0,0,-724,0,724,38,True,0
Edson Álvarez Velázquez,MID,West Ham,0.0,0,0,0,0,0,0.0,0,616,0.00,0.00,0.00,0.00,320,0,0,0.0,0.0,2026-04-10T19:00:00Z,0,False,20,0,0,0,0,0,32,0,5939,0,0,0,4,0.0,0,-7,0,7,49,True,0
Yankuba Minteh,MID,Brighton,0.0,0,0,13,1,2,40.5,7,160,0.20,0.29,0.09,0.84,313,0,0,7.3,11.0,2026-04-11T14:00:00Z,79,False,3,0,0,0,3,0,32,0,306444,1,2,2,0,21.0,3,65522,89357,23835,55,False,0
Eberechi Eze,MID,Arsenal,0.0,0,0,8,0,0,12.4,5,266,0.08,0.08,0.00,0.49,311,1,0,1.9,6.8,2026-04-11T11:30:00Z,36,False,4,0,0,0,4,0,32,0,1010343,0,1,2,1,0.0,1,-22547,10437,32984,72,True,0
Lewis Orford,MID,West Ham,0.0,0,0,0,0,0,0.0,0,622,0.00,0.00,0.00,0.00,320,0,0,0.0,0.0,2026-04-10T19:00:00Z,0,False,20,0,0,0,0,0,32,0,6770,0,0,0,4,0.0,0,-14,0,14,44,True,0
Simon Adingra,MID,Sunderland,0.0,0,0,0,0,0,0.0,0,543,0.00,0.00,0.00,0.00,319,0,0,0.0,0.0,2026-04-12T13:00:00Z,0,False,18,0,0,0,0,0,32,0,44592,0,0,0,1,0.0,0,-308,0,308,49,True,0
Alexander Isak,FWD,Liverpool,0.0,0,0,1,0,2,1.1,2,499,0.00,0.00,0.00,0.45,316,0,0,0.9,8.0,2026-04-11T16:30:00Z,21,False,10,0,0,0,0,0,32,0,456954,0,0,0,2,0.0,1,2272,3729,1457,103,True,0
Dominic Solanke-Mitchell,FWD,Spurs,0.0,0,0,6,0,0,1.2,2,596,0.00,0.56,0.56,1.33,319,1,0,7.1,5.0,2026-04-12T13:00:00Z,90,False,17,0,0,0,1,0,32,0,149610,1,1,0,1,65.0,2,-483,4332,4815,72,False,0
Rodrigo Bentancur,MID,Spurs,0.0,0,0,0,0,0,0.0,0,585,0.00,0.00,0.00,0.00,319,0,0,0.0,0.0,2026-04-12T13:00:00Z,0,False,17,0,0,0,0,0,32,0,20420,0,0,0,1,0.0,0,-123,7,130,52,False,0
Patrick Dorgu,DEF,Man Utd,0.0,0,0,0,0,0,0.0,0,441,0.00,0.00,0.00,0.00,317,0,0,0.0,0.0,2026-04-13T19:00:00Z,0,False,11,0,0,0,0,0,32,0,342865,0,0,2,1,0.0,0,-25840,849,26689,41,True,0
Ayden Heaven,DEF,Man Utd,0.0,0,0,0,0,0,0.0,0,447,0.00,0.00,0.00,0.00,317,0,0,0.0,0.0,2026-04-13T19:00:00Z,0,False,11,0,0,0,0,0,32,0,275009,0,0,2,1,0.0,0,-4004,11284,15288,37,True,0
James Tarkowski,DEF,Everton,0.0,0,0,11,0,13,0.6,14,291,0.00,0.00,0.00,2.84,312,2,0,3.3,32.4,2026-04-11T14:00:00Z,90,False,5,0,0,0,2,0,32,0,1564436,1,1,2,2,0.0,3,132608,197049,64441,57,False,0
Facundo Buonanotte,MID,Leeds,0.0,0,0,0,0,0,0.0,0,168,0.00,0.00,0.00,0.00,317,0,0,0.0,0.0,2026-04-13T19:00:00Z,0,False,14,0,0,0,0,0,32,0,12127,0,0,2,1,0.0,0,-55,257,312,46,False,0
Jack Moorhouse,MID,Man Utd,0.0,0,0,0,0,0,0.0,0,464,0.00,0.00,0.00,0.00,317,0,0,0.0,0.0,2026-04-13T19:00:00Z,0,False,11,0,0,0,0,0,32,0,2168,0,0,2,1,0.0,0,-6,0,6,45,True,0
Carlos Henrique Casimiro,MID,Man Utd,0.0,0,2,38,0,5,50.0,11,457,0.12,0.36,0.24,2.37,317,2,1,15.0,51.6,2026-04-13T19:00:00Z,90,False,11,0,0,0,6,0,32,0,428817,1,0,2,1,48.0,9,12307,39504,27197,57,True,0
José Malheiro de Sá,GK,Wolves,0.0,0,0,2,0,2,0.0,0,628,0.00,0.00,0.00,2.35,320,4,0,2.3,23.4,2026-04-10T19:00:00Z,90,False,19,0,0,0,9,0,32,3,159060,1,0,0,4,0.0,1,54,4297,4243,42,False,0
Callan McKenna,GK,Bournemouth,0.0,0,0,0,0,0,0.0,0,69,0.00,0.00,0.00,0.00,311,0,0,0.0,0.0,2026-04-11T11:30:00Z,0,False,1,0,0,0,0,0,32,0,32620,0,0,2,1,0.0,0,-197,203,400,39,False,0
Fábio Freitas Gouveia Carvalho,MID,Brentford,0.0,0,0,0,0,0,0.0,0,123,0.00,0.00,0.00,0.00,312,0,0,0.0,0.0,2026-04-11T14:00:00Z,0,False,9,0,0,0,0,0,32,0,13781,0,0,2,2,0.0,0,-32,25,57,46,True,0
Sean Neave,FWD,Newcastle,0.0,0,0,0,0,0,0.0,0,501,0.00,0.00,0.00,0.00,315,0,0,0.0,0.0,2026-04-12T13:00:00Z,0,False,8,0,0,0,0,0,32,0,32818,0,0,1,2,0.0,0,-137,245,382,43,False,0
Luis Díaz Marulanda,MID,Liverpool,0.0,0,0,0,0,0,0.0,0,383,0.00,0.00,0.00,0.00,316,0,0,0.0,0.0,2026-04-11T16:30:00Z,0,False,10,0,0,0,0,0,32,0,5502,0,0,0,2,0.0,0,-11,0,11,80,True,0
Joe Hodge,MID,Wolves,0.0,0,0,0,0,0,0.0,0,653,0.00,0.00,0.00,0.00,320,0,0,0.0,0.0,2026-04-10T19:00:00Z,0,False,19,0,0,0,0,0,32,0,3234,0,0,0,4,0.0,0,-7,0,7,45,False,0
Sander Berge,MID,Fulham,0.0,0,0,22,0,4,14.6,12,330,0.15,0.18,0.03,1.59,316,2,0,4.3,20.0,2026-04-11T16:30:00Z,90,False,12,0,0,0,5,0,32,0,10715,1,3,0,2,8.0,4,-90,285,375,49,False,0
Tanaka Ao,MID,Leeds,0.0,0,0,19,0,4,69.6,8,358,0.47,0.89,0.42,0.67,317,1,0,10.8,27.6,2026-04-13T19:00:00Z,73,False,14,0,0,0,2,0,32,0,24051,1,2,2,1,11.0,2,215,997,782,48,False,0
Carlos Miguel dos Santos Pereira,GK,Nott'm Forest,0.0,0,0,0,0,0,0.0,0,503,0.00,0.00,0.00,0.00,318,0,0,0.0,0.0,2026-04-12T13:00:00Z,0,False,2,0,0,0,0,0,32,0,7969,0,0,1,1,0.0,0,-39,0,39,40,True,0
Matty Cash,DEF,Aston Villa,0.0,0,0,5,0,4,4.3,4,36,0.02,0.05,0.03,1.15,318,1,0,2.9,11.6,2026-04-12T13:00:00Z,90,False,16,0,0,0,2,0,32,0,1099357,1,0,1,1,13.0,1,-23761,31043,54804,47,False,1
Bendito Mantato,MID,Man Utd,0.0,0,0,0,0,0,0.0,0,769,0.00,0.00,0.00,0.00,317,0,0,0.0,0.0,2026-04-13T19:00:00Z,0,False,11,0,0,0,0,0,32,0,602,0,0,2,1,0.0,0,5,22,17,45,True,0
Bruno Borges Fernandes,MID,Man Utd,0.0,1,0,27,0,1,71.8,6,449,0.49,0.51,0.02,2.37,317,2,0,11.4,36.4,2026-04-13T19:00:00Z,90,False,11,0,0,0,3,0,32,0,5979594,1,2,2,1,6.0,4,296562,315642,19080,103,True,1
Stefanos Tzimas,FWD,Brighton,0.0,0,0,0,0,0,0.0,0,180,0.00,0.00,0.00,0.00,313,0,0,0.0,0.0,2026-04-11T14:00:00Z,0,False,3,0,0,0,0,0,32,0,9586,0,0,2,0,0.0,0,11,93,82,52,False,0
Daniel Bentley,GK,Wolves,0.0,0,0,0,0,0,0.0,0,629,0.00,0.00,0.00,0.00,320,0,0,0.0,0.0,2026-04-10T19:00:00Z,0,False,19,0,0,0,0,0,32,0,62279,0,0,0,4,0.0,0,-18,392,410,39,False,0
Marcus Rashford,MID,Man Utd,0.0,0,0,0,0,0,0.0,0,451,0.00,0.00,0.00,0.00,317,0,0,0.0,0.0,2026-04-13T19:00:00Z,0,False,11,0,0,0,0,0,32,0,1933,0,0,2,1,0.0,0,-18,0,18,70,True,0
TJ Carroll,DEF,Aston Villa,0.0,0,0,0,0,0,0.0,0,781,0.00,0.00,0.00,0.00,318,0,0,0.0,0.0,2026-04-12T13:00:00Z,0,False,16,0,0,0,0,0,32,0,2002,0,0,1,1,0.0,0,12,50,38,40,False,0
Rico Henry,DEF,Brentford,0.0,0,0,0,0,0,0.0,0,109,0.00,0.00,0.00,0.00,312,0,0,0.0,0.0,2026-04-11T14:00:00Z,0,False,9,0,0,0,0,0,32,0,18682,0,0,2,2,0.0,0,-1535,22,1557,43,True,0
Samuel Iling-Junior,MID,Aston Villa,0.0,0,0,0,0,0,0.0,0,51,0.00,0.00,0.00,0.00,318,0,0,0.0,0.0,2026-04-12T13:00:00Z,0,False,16,0,0,0,0,0,32,0,2424,0,0,1,1,0.0,0,-7,0,7,55,False,0
Abdallah Sima,MID,Brighton,0.0,0,0,0,0,0,0.0,0,165,0.00,0.00,0.00,0.00,313,0,0,0.0,0.0,2026-04-11T14:00:00Z,0,False,3,0,0,0,0,0,32,0,1423,0,0,2,0,0.0,0,-3,0,3,54,False,0
Tosin Adarabioyo,DEF,Chelsea,0.0,0,0,0,0,0,0.0,0,232,0.00,0.00,0.00,0.00,314,0,0,0.0,0.0,2026-04-12T15:30:00Z,0,False,13,0,0,0,0,0,32,0,34035,0,0,3,0,0.0,0,285,921,636,40,True,0
Sam Greenwood,MID,Leeds,0.0,0,0,0,0,0,0.0,0,355,0.00,0.00,0.00,0.00,317,0,0,0.0,0.0,2026-04-13T19:00:00Z,0,False,14,0,0,0,0,0,32,0,4152,0,0,2,1,0.0,0,-7,0,7,49,False,0
Jarrad Branthwaite,DEF,Everton,0.0,0,0,7,0,11,0.8,12,290,0.00,0.06,0.06,2.84,312,2,0,3.1,29.2,2026-04-11T14:00:00Z,90,False,5,0,0,0,3,0,32,0,63143,1,1,2,2,1.0,3,-99,5106,5205,53,False,0
Ethan Pinnock,DEF,Brentford,0.0,0,0,0,0,0,0.0,0,111,0.00,0.00,0.00,0.00,312,0,0,0.0,0.0,2026-04-11T14:00:00Z,0,False,9,0,0,0,0,0,32,0,17261,0,0,2,2,0.0,0,2228,2560,332,42,True,0
Wellity Lucky,DEF,Liverpool,0.0,0,0,0,0,0,0.0,0,760,0.00,0.00,0.00,0.00,316,0,0,0.0,0.0,2026-04-11T16:30:00Z,0,False,10,0,0,0,0,0,32,0,2495,0,0,0,2,0.0,0,-6,57,63,40,True,0
Alex Cairns,GK,Leeds,0.0,0,0,0,0,0,0.0,0,340,0.00,0.00,0.00,0.00,317,0,0,0.0,0.0,2026-04-13T19:00:00Z,0,False,14,0,0,0,0,0,32,0,19173,0,0,2,1,0.0,0,-132,92,224,39,False,0
Mateo Joseph Fernández-Regatillo,FWD,Leeds,0.0,0,0,0,0,0,0.0,0,364,0.00,0.00,0.00,0.00,317,0,0,0.0,0.0,2026-04-13T19:00:00Z,0,False,14,0,0,0,0,0,32,0,1239,0,0,2,1,0.0,0,-1,0,1,50,False,0
Kai Havertz,FWD,Arsenal,0.0,0,0,-5,0,2,1.3,7,30,0.01,0.97,0.96,0.70,311,1,0,1.6,1.0,2026-04-11T11:30:00Z,53,False,4,0,0,0,3,0,32,0,63824,1,2,2,1,14.0,1,3556,5443,1887,73,True,0
Raúl Jiménez Rodríguez,FWD,Fulham,0.0,0,0,1,0,0,11.5,0,337,0.01,0.16,0.15,0.10,316,0,0,2.0,0.0,2026-04-11T16:30:00Z,10,False,12,0,0,0,0,0,32,0,335768,0,0,0,2,10.0,1,-77335,7171,84506,62,False,0
Brian Brobbey,FWD,Sunderland,0.0,0,0,-6,1,1,1.7,4,730,0.00,0.67,0.67,0.84,319,0,0,4.4,0.0,2026-04-12T13:00:00Z,90,False,18,0,0,0,3,0,32,0,88952,1,0,0,1,44.0,1,10705,15604,4899,53,True,1
Evann Guessand,MID,Crystal Palace,0.0,0,0,0,0,0,0.0,0,677,0.00,0.00,0.00,0.00,315,0,0,0.0,0.0,2026-04-12T13:00:00Z,0,False,15,0,0,0,0,0,32,0,6853,0,0,1,2,0.0,0,-152,210,362,62,True,0
Kaye Furo,FWD,Brentford,0.0,0,0,0,0,0,0.0,0,797,0.00,0.00,0.00,0.00,312,0,0,0.0,0.0,2026-04-11T14:00:00Z,0,False,9,0,0,0,0,0,32,0,2239,0,0,2,2,0.0,0,-24,105,129,45,True,0
Antony dos Santos,MID,Man Utd,0.0,0,0,0,0,0,0.0,0,454,0.00,0.00,0.00,0.00,317,0,0,0.0,0.0,2026-04-13T19:00:00Z,0,False,11,0,0,0,0,0,32,0,7320,0,0,2,1,0.0,0,-9,0,9,59,True,0
Tyler Onyango,MID,Everton,0.0,0,0,0,0,0,0.0,0,704,0.00,0.00,0.00,0.00,312,0,0,0.0,0.0,2026-04-11T14:00:00Z,0,False,5,0,0,0,0,0,32,0,6356,0,0,2,2,0.0,0,-13,0,13,45,False,0
