name,position,team,xP,assists,bonus,bps,clean_sheets,clearances_blocks_interceptions,creativity,defensive_contribution,element,expected_assists,expected_goal_involvements,expected_goals,expected_goals_conceded,fixture,goals_conceded,goals_scored,ict_index,influence,kickoff_time,minutes,modified,opponent_team,own_goals,penalties_missed,penalties_saved,recoveries,red_cards,round,saves,selected,starts,tackles,team_a_score,team_h_score,threat,total_points,transfers_balance,transfers_in,transfers_out,value,was_home,yellow_cards
Reinildo Mandava,DEF,Sunderland,0.0,0,0,-5,0,3,15.3,3,541,0.01,0.01,0.00,1.86,321,3,0,2.5,7.8,2026-04-19T13:00:00Z,62,False,2,0,0,0,2,0,33,0,356373,1,0,3,4,2.0,1,-94,5975,6069,38,False,0
Lorenzo Lucca,FWD,Nott'm Forest,0.0,0,0,0,0,0,0.0,0,805,0.00,0.00,0.00,0.00,329,0,0,0.0,0.0,2026-04-19T13:00:00Z,0,False,3,0,0,0,0,0,33,0,1917,0,0,1,4,0.0,0,-169,47,216,54,True,0
Lewis Dobbin,MID,Aston Villa,0.0,0,0,0,0,0,0.0,0,57,0.00,0.00,0.00,0.00,321,0,0,0.0,0.0,2026-04-19T13:00:00Z,0,False,17,0,0,0,0,0,33,0,3120,0,0,3,4,0.0,0,-1,0,1,50,True,0
Ryan Christie,MID,Bournemouth,0.0,0,0,9,1,3,14.5,10,87,0.13,0.14,0.01,0.47,328,0,0,2.6,10.8,2026-04-18T14:00:00Z,64,False,15,0,0,0,5,0,33,0,30909,1,2,2,1,1.0,2,6624,7656,1032,49,False,1
Ryan Christie,MID,Bournemouth,0.0,0,0,15,0,1,13.7,8,87,0.05,0.22,0.17,0.45,332,1,0,8.1,10.8,2026-04-22T19:00:00Z,72,False,11,0,0,0,7,0,33,0,30909,1,0,2,2,56.0,2,6624,7656,1032,49,True,0
Leo Shahar,DEF,Newcastle,0.0,0,0,0,0,0,0.0,0,765,0.00,0.00,0.00,0.00,328,0,0,0.0,0.0,2026-04-18T14:00:00Z,0,False,4,0,0,0,0,0,33,0,4066,0,0,2,1,0.0,0,-14,116,130,40,True,0
Zeki Amdouni,FWD,Burnley,0.0,0,0,0,0,0,0.0,0,216,0.00,0.00,0.00,0.00,329,0,0,0.0,0.0,2026-04-19T13:00:00Z,0,False,16,0,0,0,0,0,33,0,2896,0,0,1,4,0.0,0,-85,26,111,48,False,0
Zeki Amdouni,FWD,Burnley,0.0,0,0,0,0,0,0.0,0,216,0.00,0.00,0.00,0.00,334,0,0,0.0,0.0,2026-04-22T19:00:00Z,0,False,13,0,0,0,0,0,33,0,2896,0,0,1,0,0.0,0,-85,26,111,48,True,0
Lucas Tolentino Coelho de Lima,MID,West Ham,0.0,0,0,0,0,0,0.0,0,612,0.00,0.00,0.00,0.00,324,0,0,0.0,0.0,2026-04-20T19:00:00Z,0,False,8,0,0,0,0,0,33,0,138568,0,0,0,0,0.0,0,-556,0,556,59,False,0
Jorrel Hato,DEF,Chelsea,0.0,0,0,12,0,4,3.1,6,672,0.02,0.02,0.00,0.29,323,1,0,1.7,14.0,2026-04-18T19:00:00Z,90,False,14,0,0,0,6,0,33,0,25468,1,2,1,0,0.0,1,999,1357,358,46,True,1
Jorrel Hato,DEF,Chelsea,0.0,0,0,9,0,5,1.8,9,672,0.01,0.01,0.00,2.14,333,3,0,2.8,26.4,2026-04-21T19:00:00Z,90,False,6,0,0,0,6,0,33,0,25468,1,4,0,3,0.0,1,999,1357,358,46,False,0
Myles Peart-Harris,MID,Brentford,0.0,0,0,0,0,0,0.0,0,133,0.00,0.00,0.00,0.00,322,0,0,0.0,0.0,2026-04-18T11:30:00Z,0,False,10,0,0,0,0,0,33,0,4043,0,0,0,0,0.0,0,-30,0,30,44,True,0
Bashir Humphreys,DEF,Burnley,0.0,0,0,0,0,0,0.0,0,193,0.00,0.00,0.00,0.00,329,0,0,0.0,0.0,2026-04-19T13:00:00Z,0,False,16,0,0,0,0,0,33,0,17554,0,0,1,4,0.0,0,-690,299,989,39,False,0
Bashir Humphreys,DEF,Burnley,0.0,0,0,10,0,6,11.5,6,193,0.01,0.01,0.00,2.41,334,1,0,2.9,13.4,2026-04-22T19:00:00Z,81,False,13,0,0,0,4,0,33,0,17554,1,0,1,0,4.0,2,-690,299,989,39,True,0
Romain Faivre,MID,Bournemouth,0.0,0,0,0,0,0,0.0,0,92,0.00,0.00,0.00,0.00,328,0,0,0.0,0.0,2026-04-18T14:00:00Z,0,False,15,0,0,0,0,0,33,0,7747,0,0,2,1,0.0,0,-28,0,28,45,False,0
Romain Faivre,MID,Bournemouth,0.0,0,0,0,0,0,0.0,0,92,0.00,0.00,0.00,0.00,332,0,0,0.0,0.0,2026-04-22T19:00:00Z,0,False,11,0,0,0,0,0,33,0,7747,0,0,2,2,0.0,0,-28,0,28,45,True,0
Enock Agyei,MID,Burnley,0.0,0,0,0,0,0,0.0,0,203,0.00,0.00,0.00,0.00,329,0,0,0.0,0.0,2026-04-19T13:00:00Z,0,False,16,0,0,0,0,0,33,0,6152,0,0,1,4,0.0,0,-3,73,76,47,False,0
Enock Agyei,MID,Burnley,0.0,0,0,0,0,0,0.0,0,203,0.00,0.00,0.00,0.00,334,0,0,0.0,0.0,2026-04-22T19:00:00Z,0,False,13,0,0,0,0,0,33,0,6152,0,0,1,0,0.0,0,-3,73,76,47,True,0
Callum Bates,MID,Everton,0.0,0,0,0,0,0,0.0,0,306,0.00,0.00,0.00,0.00,325,0,0,0.0,0.0,2026-04-19T13:00:00Z,0,False,12,0,0,0,0,0,33,0,12296,0,0,2,1,0.0,0,-267,116,383,43,True,0
Harry Tyrer,GK,Everton,0.0,0,0,0,0,0,0.0,0,289,0.00,0.00,0.00,0.00,325,0,0,0.0,0.0,2026-04-19T13:00:00Z,0,False,12,0,0,0,0,0,33,0,11536,0,0,2,1,0.0,0,-138,0,138,39,True,0
Etienne Green,GK,Burnley,0.0,0,0,0,0,0,0.0,0,184,0.00,0.00,0.00,0.00,329,0,0,0.0,0.0,2026-04-19T13:00:00Z,0,False,16,0,0,0,0,0,33,0,20481,0,0,1,4,0.0,0,-98,0,98,40,False,0
Etienne Green,GK,Burnley,0.0,0,0,0,0,0,0.0,0,184,0.00,0.00,0.00,0.00,334,0,0,0.0,0.0,2026-04-22T19:00:00Z,0,False,13,0,0,0,0,0,33,0,20481,0,0,1,0,0.0,0,-98,0,98,40,True,0
Destiny Udogie,DEF,Spurs,0.0,0,0,9,0,2,0.5,4,574,0.00,0.00,0.00,0.50,330,1,0,0.9,6.8,2026-04-18T16:30:00Z,75,False,6,0,0,0,3,0,33,0,39492,1,2,2,2,2.0,2,597,751,154,43,True,0
Simon Moore,GK,Sunderland,0.0,0,0,0,0,0,0.0,0,529,0.00,0.00,0.00,0.00,321,0,0,0.0,0.0,2026-04-19T13:00:00Z,0,False,2,0,0,0,0,0,33,0,44608,0,0,3,4,0.0,0,-992,35,1027,39,False,0
Ben Winterburn,MID,Bournemouth,0.0,0,0,0,0,0,0.0,0,96,0.00,0.00,0.00,0.00,328,0,0,0.0,0.0,2026-04-18T14:00:00Z,0,False,15,0,0,0,0,0,33,0,3863,0,0,2,1,0.0,0,-4,0,4,45,False,0
Ben Winterburn,MID,Bournemouth,0.0,0,0,0,0,0,0.0,0,96,0.00,0.00,0.00,0.00,332,0,0,0.0,0.0,2026-04-22T19:00:00Z,0,False,11,0,0,0,0,0,33,0,3863,0,0,2,2,0.0,0,-4,0,4,45,True,0
Mikey Moore,MID,Spurs,0.0,0,0,0,0,0,0.0,0,592,0.00,0.00,0.00,0.00,330,0,0,0.0,0.0,2026-04-18T16:30:00Z,0,False,6,0,0,0,0,0,33,0,419,0,0,2,2,0.0,0,0,0,0,50,True,0
Jesse Derry,MID,Chelsea,0.0,0,0,0,0,0,0.0,0,829,0.00,0.00,0.00,0.00,323,0,0,0.0,0.0,2026-04-18T19:00:00Z,0,False,14,0,0,0,0,0,33,0,0,0,0,1,0,0.0,0,0,0,0,45,True,0
Jesse Derry,MID,Chelsea,0.0,0,0,0,0,0,0.0,0,829,0.00,0.00,0.00,0.00,333,0,0,0.0,0.0,2026-04-21T19:00:00Z,0,False,6,0,0,0,0,0,33,0,0,0,0,0,3,0.0,0,0,0,0,45,False,0
Pape Matar Sarr,MID,Spurs,0.0,0,0,0,0,0,0.0,0,593,0.00,0.00,0.00,0.00,330,0,0,0.0,0.0,2026-04-18T16:30:00Z,0,False,6,0,0,0,0,0,33,0,136386,0,0,2,2,0.0,0,-5731,2645,8376,45,True,0
Hákon Rafn Valdimarsson,GK,Brentford,0.0,0,0,0,0,0,0.0,0,105,0.00,0.00,0.00,0.00,322,0,0,0.0,0.0,2026-04-18T11:30:00Z,0,False,10,0,0,0,0,0,33,0,91306,0,0,0,0,0.0,0,2706,4635,1929,38,True,0
Toby Collyer,MID,Man Utd,0.0,0,0,0,0,0,0.0,0,460,0.00,0.00,0.00,0.00,323,0,0,0.0,0.0,2026-04-18T19:00:00Z,0,False,7,0,0,0,0,0,33,0,3248,0,0,1,0,0.0,0,-10,0,10,45,False,0
Jaydon Jones,MID,Sunderland,0.0,0,0,0,0,0,0.0,0,822,0.00,0.00,0.00,0.00,321,0,0,0.0,0.0,2026-04-19T13:00:00Z,0,False,2,0,0,0,0,0,33,0,210,0,0,3,4,0.0,0,24,41,17,45,False,0
Marcos Senesi Barón,DEF,Bournemouth,0.0,0,0,10,0,5,11.6,7,72,0.09,0.09,0.00,1.59,328,1,0,4.2,28.2,2026-04-18T14:00:00Z,90,False,15,0,0,0,5,0,33,0,3393356,1,2,2,1,2.0,2,343642,367889,24247,52,False,0
Marcos Senesi Barón,DEF,Bournemouth,0.0,1,0,18,0,6,20.2,6,72,0.32,0.45,0.13,0.83,332,2,0,6.3,30.6,2026-04-22T19:00:00Z,90,False,11,0,0,0,4,0,33,0,3393356,1,0,2,2,12.0,4,343642,367889,24247,52,True,0
Adam Armstrong,FWD,Wolves,0.0,0,0,7,0,1,6.1,1,817,0.05,0.21,0.16,2.82,326,3,0,2.4,4.2,2026-04-18T14:00:00Z,90,False,11,0,0,0,0,0,33,0,6814,1,0,0,3,14.0,2,-419,1029,1448,52,False,0
Tyler Morton,MID,Liverpool,0.0,0,0,0,0,0,0.0,0,395,0.00,0.00,0.00,0.00,325,0,0,0.0,0.0,2026-04-19T13:00:00Z,0,False,9,0,0,0,0,0,33,0,266,0,0,2,1,0.0,0,0,0,0,45,False,0
Alexis Mac Allister,MID,Liverpool,0.0,0,0,2,0,0,11.5,0,386,0.00,0.00,0.00,0.00,325,0,0,1.2,0.2,2026-04-19T13:00:00Z,6,False,9,0,0,0,0,0,33,0,257090,0,0,2,1,0.0,1,-36430,1328,37758,63,False,0
André Trindade da Costa Neto,MID,Wolves,0.0,0,0,22,0,4,3.8,14,643,0.02,0.02,0.00,2.82,326,3,0,2.1,17.2,2026-04-18T14:00:00Z,90,False,11,0,0,0,6,0,33,0,14509,1,4,0,3,0.0,4,106,1338,1232,52,False,0
Harrison Ashby,DEF,Newcastle,0.0,0,0,0,0,0,0.0,0,482,0.00,0.00,0.00,0.00,328,0,0,0.0,0.0,2026-04-18T14:00:00Z,0,False,4,0,0,0,0,0,33,0,14148,0,0,2,1,0.0,0,-70,0,70,39,True,0
Samuel Amissah,DEF,Fulham,0.0,0,0,0,0,0,0.0,0,323,0.00,0.00,0.00,0.00,322,0,0,0.0,0.0,2026-04-18T11:30:00Z,0,False,5,0,0,0,0,0,33,0,18675,0,0,0,0,0.0,0,-80,114,194,38,False,0
Luís Hemir Silva Semedo,FWD,Sunderland,0.0,0,0,0,0,0,0.0,0,563,0.00,0.00,0.00,0.00,321,0,0,0.0,0.0,2026-04-19T13:00:00Z,0,False,2,0,0,0,0,0,33,0,10515,0,0,3,4,0.0,0,-26,0,26,44,False,0
Adama Traoré Diarra,MID,West Ham,0.0,0,0,0,0,0,0.0,0,326,0.00,0.00,0.00,0.00,324,0,0,0.0,0.0,2026-04-20T19:00:00Z,0,False,8,0,0,0,0,0,33,0,20088,0,0,0,0,0.0,0,-268,181,449,51,False,0
Yasin Ayari,MID,Brighton,0.0,0,0,10,0,1,2.7,3,166,0.01,0.10,0.09,1.05,330,2,0,0.8,2.8,2026-04-18T16:30:00Z,81,False,18,0,0,0,2,0,33,0,61591,1,0,2,2,2.0,2,7000,8311,1311,48,False,0
Yasin Ayari,MID,Brighton,0.0,0,0,2,0,1,0.0,1,166,0.00,0.00,0.00,0.02,333,0,0,0.2,0.0,2026-04-21T19:00:00Z,8,False,7,0,0,0,0,0,33,0,61591,0,0,0,3,2.0,1,7000,8311,1311,48,True,0
Mateo Kovačić,MID,Man City,0.0,0,0,0,0,0,0.0,0,422,0.00,0.00,0.00,0.00,327,0,0,0.0,0.0,2026-04-19T15:30:00Z,0,False,1,0,0,0,0,0,33,0,2745,0,0,1,2,0.0,0,35,62,27,58,True,0
Mateo Kovačić,MID,Man City,0.0,0,0,0,0,0,0.0,0,422,0.00,0.00,0.00,0.00,334,0,0,0.0,0.0,2026-04-22T19:00:00Z,0,False,3,0,0,0,0,0,33,0,2745,0,0,1,0,0.0,0,35,62,27,58,False,0
Thierno Barry,FWD,Everton,0.0,0,0,1,0,0,0.8,0,310,0.01,0.01,0.00,0.39,325,1,0,0.0,0.0,2026-04-19T13:00:00Z,17,False,12,0,0,0,0,0,33,0,92032,0,0,2,1,0.0,1,-10243,554,10797,57,True,0
Ollie Scarles,DEF,West Ham,0.0,0,0,0,0,0,0.0,0,608,0.00,0.00,0.00,0.00,324,0,0,0.0,0.0,2026-04-20T19:00:00Z,0,False,8,0,0,0,0,0,33,0,4784,0,0,0,0,0.0,0,-55,21,76,43,False,0
Rico Lewis,DEF,Man City,0.0,0,0,0,0,0,0.0,0,410,0.00,0.00,0.00,0.00,327,0,0,0.0,0.0,2026-04-19T15:30:00Z,0,False,1,0,0,0,0,0,33,0,154444,0,0,1,2,0.0,0,-306,541,847,46,True,0
Rico Lewis,DEF,Man City,0.0,0,0,0,0,0,0.0,0,410,0.00,0.00,0.00,0.00,334,0,0,0.0,0.0,2026-04-22T19:00:00Z,0,False,3,0,0,0,0,0,33,0,154444,0,0,1,0,0.0,0,-306,541,847,46,False,0
Brenden Aaronson,MID,Leeds,0.0,1,0,19,1,2,11.8,7,350,0.01,0.01,0.00,0.57,326,0,0,3.4,20.6,2026-04-18T14:00:00Z,77,False,20,0,0,0,5,0,33,0,255202,1,0,0,3,2.0,5,90633,96188,5555,54,True,1
Brenden Aaronson,MID,Leeds,0.0,0,0,12,0,4,23.0,7,350,0.09,0.12,0.03,1.01,332,1,0,6.3,14.8,2026-04-22T19:00:00Z,83,False,4,0,0,0,3,0,33,0,255202,1,0,2,2,25.0,2,90633,96188,5555,54,False,0
Eliezer Mayenda Dossou,FWD,Sunderland,0.0,0,0,0,0,0,0.0,0,561,0.00,0.00,0.00,0.00,321,0,0,0.0,0.0,2026-04-19T13:00:00Z,0,False,2,0,0,0,0,0,33,0,65990,0,0,3,4,0.0,0,-823,94,917,52,False,0
Seth Ridgeon,MID,Fulham,0.0,0,0,0,0,0,0.0,0,770,0.00,0.00,0.00,0.00,322,0,0,0.0,0.0,2026-04-18T11:30:00Z,0,False,5,0,0,0,0,0,33,0,665,0,0,0,0,0.0,0,-4,29,33,45,False,0
Steven Benda,GK,Fulham,0.0,0,0,0,0,0,0.0,0,315,0.00,0.00,0.00,0.00,322,0,0,0.0,0.0,2026-04-18T11:30:00Z,0,False,5,0,0,0,0,0,33,0,908,0,0,0,0,0.0,0,-16,0,16,40,False,0
Myles Lewis-Skelly,DEF,Arsenal,0.0,0,0,0,0,0,0.0,0,10,0.00,0.00,0.00,0.00,327,0,0,0.0,0.0,2026-04-19T15:30:00Z,0,False,13,0,0,0,0,0,33,0,181911,0,0,1,2,0.0,0,-189,527,716,50,False,0
Hugo Bueno López,DEF,Wolves,0.0,0,0,-4,0,2,26.7,5,633,0.11,0.11,0.00,2.82,326,3,0,3.8,9.2,2026-04-18T14:00:00Z,90,False,11,0,0,0,1,0,33,0,24969,1,3,0,3,2.0,0,-316,2299,2615,43,False,1
Milan Aleksić,MID,Sunderland,0.0,0,0,0,0,0,0.0,0,546,0.00,0.00,0.00,0.00,321,0,0,0.0,0.0,2026-04-19T13:00:00Z,0,False,2,0,0,0,0,0,33,0,2262,0,0,3,4,0.0,0,7,16,9,49,False,0
Toti Gomes,DEF,Wolves,0.0,0,0,6,0,16,0.3,18,637,0.00,0.00,0.00,2.82,326,3,0,3.4,31.2,2026-04-18T14:00:00Z,90,False,11,0,0,0,3,0,33,0,10595,1,2,0,3,2.0,3,-2,88,90,42,False,0
Ismaïla Sarr,MID,Crystal Palace,0.0,0,0,4,0,0,11.8,2,267,0.01,0.01,0.00,0.06,324,0,0,1.6,2.2,2026-04-20T19:00:00Z,31,False,19,0,0,0,2,0,33,0,477289,0,0,0,0,2.0,1,-23028,13624,36652,63,True,0
Abdukodir Khusanov,DEF,Man City,0.0,0,0,18,0,10,25.4,11,406,0.11,0.22,0.11,1.62,327,1,0,6.0,28.2,2026-04-19T15:30:00Z,90,False,1,0,0,0,4,0,33,0,70789,1,1,1,2,6.0,4,14665,16369,1704,54,True,0
Abdukodir Khusanov,DEF,Man City,0.0,0,3,32,1,9,3.1,10,406,0.10,0.10,0.00,0.61,334,0,0,3.0,24.4,2026-04-22T19:00:00Z,90,False,3,0,0,0,7,0,33,0,70789,1,1,1,0,2.0,11,14665,16369,1704,54,False,0
André Onana,GK,Man Utd,0.0,0,0,0,0,0,0.0,0,432,0.00,0.00,0.00,0.00,323,0,0,0.0,0.0,2026-04-18T19:00:00Z,0,False,7,0,0,0,0,0,33,0,18224,0,0,1,0,0.0,0,-15,0,15,49,False,0
Rio Cardines,MID,Crystal Palace,0.0,0,0,0,0,0,0.0,0,690,0.00,0.00,0.00,0.00,324,0,0,0.0,0.0,2026-04-20T19:00:00Z,0,False,19,0,0,0,0,0,33,0,33581,0,0,0,0,0.0,0,-83,36,119,44,True,0
Alejandro Garnacho Ferreyra,MID,Chelsea,0.0,0,0,17,0,1,26.2,6,453,0.06,0.22,0.16,0.26,323,1,0,6.5,11.0,2026-04-18T19:00:00Z,74,False,14,0,0,0,4,0,33,0,60992,0,1,1,0,28.0,2,-206,1102,1308,64,True,0
Alejandro Garnacho Ferreyra,MID,Chelsea,0.0,0,0,-3,0,0,11.3,0,453,0.02,0.20,0.18,0.85,333,2,0,2.8,0.0,2026-04-21T19:00:00Z,45,False,6,0,0,0,0,0,33,0,60992,0,0,0,3,17.0,1,-206,1102,1308,64,False,0
Tammy Abraham,FWD,Aston Villa,0.0,0,0,34,0,0,0.0,2,808,0.00,0.50,0.50,1.40,321,2,1,6.8,35.0,2026-04-19T13:00:00Z,10,False,17,0,0,0,1,0,33,0,22623,0,1,3,4,33.0,5,-4214,327,4541,58,True,0
Dan Neil,MID,Sunderland,0.0,0,0,0,0,0,0.0,0,549,0.00,0.00,0.00,0.00,321,0,0,0.0,0.0,2026-04-19T13:00:00Z,0,False,2,0,0,0,0,0,33,0,3556,0,0,3,4,0.0,0,-14,0,14,48,False,0
Kiernan Dewsbury-Hall,MID,Everton,0.0,1,1,28,0,0,28.2,11,242,0.64,0.64,0.00,1.45,325,2,0,6.3,30.6,2026-04-19T13:00:00Z,90,False,12,0,0,0,8,0,33,0,545243,1,3,2,1,4.0,6,-24713,22039,46752,51,True,0
Kieran Trippier,DEF,Newcastle,0.0,0,0,0,0,0,5.3,1,478,0.04,0.04,0.00,0.81,328,1,0,1.3,5.2,2026-04-18T14:00:00Z,45,False,4,0,0,0,3,0,33,0,182533,0,1,2,1,2.0,1,-1042,1245,2287,49,True,0
João Maria Lobo Alves Palhares Costa Palhinha Gonçalves,MID,Spurs,0.0,0,0,5,0,0,0.3,0,673,0.05,0.17,0.12,0.32,330,1,0,2.1,3.4,2026-04-18T16:30:00Z,23,False,6,0,0,0,0,0,33,0,97243,0,0,2,2,17.0,1,-359,1009,1368,55,True,0
Tino Livramento,DEF,Newcastle,0.0,0,0,7,0,3,4.4,5,477,0.03,0.03,0.00,2.27,328,1,0,1.8,9.2,2026-04-18T14:00:00Z,73,False,4,0,0,0,1,0,33,0,250273,1,2,2,1,4.0,2,677,2532,1855,49,True,0
Issa Diop,DEF,Fulham,0.0,0,0,0,0,0,0.0,0,320,0.00,0.00,0.00,0.00,322,0,0,0.0,0.0,2026-04-18T11:30:00Z,0,False,5,0,0,0,0,0,33,0,9860,0,0,0,0,0.0,0,-47,100,147,43,False,0
Rasmus Højlund,FWD,Man Utd,0.0,0,0,0,0,0,0.0,0,465,0.00,0.00,0.00,0.00,323,0,0,0.0,0.0,2026-04-18T19:00:00Z,0,False,7,0,0,0,0,0,33,0,32928,0,0,1,0,0.0,0,-15,0,15,63,False,0
Dane Scarlett,FWD,Spurs,0.0,0,0,0,0,0,0.0,0,599,0.00,0.00,0.00,0.00,330,0,0,0.0,0.0,2026-04-18T16:30:00Z,0,False,6,0,0,0,0,0,33,0,69366,0,0,2,2,0.0,0,-459,0,459,43,True,0
Ezri Konsa Ngoyo,DEF,Aston Villa,0.0,0,0,4,0,3,0.8,4,38,0.00,0.00,0.00,1.73,321,3,0,1.3,10.2,2026-04-19T13:00:00Z,90,False,17,0,0,0,6,0,33,0,980231,1,1,3,4,2.0,1,-29505,6664,36169,44,True,0
Caleb Kporha,DEF,Crystal Palace,0.0,0,0,0,0,0,0.0,0,265,0.00,0.00,0.00,0.00,324,0,0,0.0,0.0,2026-04-20T19:00:00Z,0,False,19,0,0,0,0,0,33,0,2406,0,0,0,0,0.0,0,9,47,38,40,True,0
Leon Routh,DEF,Aston Villa,0.0,0,0,0,0,0,0.0,0,768,0.00,0.00,0.00,0.00,321,0,0,0.0,0.0,2026-04-19T13:00:00Z,0,False,17,0,0,0,0,0,33,0,2390,0,0,3,4,0.0,0,-15,11,26,40,True,0
Archie Gray,MID,Spurs,0.0,0,0,6,0,2,0.2,2,591,0.00,0.04,0.04,0.37,330,1,0,2.4,6.8,2026-04-18T16:30:00Z,33,False,6,0,0,0,0,0,33,0,20383,0,0,2,2,17.0,1,-441,796,1237,48,True,0
Noah Sadiki,MID,Sunderland,0.0,1,0,16,0,2,27.3,8,552,0.03,0.11,0.08,2.84,321,4,0,6.6,29.2,2026-04-19T13:00:00Z,90,False,2,0,0,0,2,0,33,0,7386,1,4,3,4,9.0,4,-42,117,159,49,False,1
Sávio Moreira de Oliveira,MID,Man City,0.0,0,0,3,0,1,0.1,1,415,0.00,0.00,0.00,0.12,327,0,0,0.1,1.0,2026-04-19T15:30:00Z,2,False,1,0,0,0,0,0,33,0,51592,0,0,1,2,0.0,1,171,428,257,69,True,0
Sávio Moreira de Oliveira,MID,Man City,0.0,0,0,4,0,1,2.0,4,415,0.05,0.19,0.14,0.08,334,0,0,3.2,7.2,2026-04-22T19:00:00Z,25,False,3,0,0,0,2,0,33,0,51592,0,1,1,0,23.0,1,171,428,257,69,False,0
Nathan Collins,DEF,Brentford,0.0,0,0,19,1,6,0.4,6,106,0.00,0.28,0.28,0.77,322,0,0,2.3,9.6,2026-04-18T11:30:00Z,90,False,10,0,0,0,1,0,33,0,340699,1,0,0,0,13.0,6,-13814,6840,20654,49,True,0
Manuel Ugarte Ribeiro,MID,Man Utd,0.0,0,0,0,0,0,0.0,0,459,0.00,0.00,0.00,0.00,323,0,0,0.0,0.0,2026-04-18T19:00:00Z,0,False,7,0,0,0,0,0,33,0,18660,0,0,1,0,0.0,0,-11,269,280,47,False,0
Lewis Hall,DEF,Newcastle,0.0,0,0,4,0,0,0.9,3,473,0.00,0.00,0.00,2.17,328,1,0,0.8,7.2,2026-04-18T14:00:00Z,45,False,4,0,0,0,2,0,33,0,472003,1,3,2,1,0.0,1,-21785,17443,39228,54,True,0
Wesley Fofana,DEF,Chelsea,0.0,0,0,14,0,8,1.5,8,230,0.01,0.13,0.12,0.29,323,1,0,5.6,30.0,2026-04-18T19:00:00Z,80,False,14,0,0,0,2,0,33,0,65487,1,0,1,0,24.0,2,8854,10547,1693,44,True,0
Wesley Fofana,DEF,Chelsea,0.0,0,0,-2,0,5,0.7,5,230,0.01,0.01,0.00,1.28,333,1,0,1.3,8.0,2026-04-21T19:00:00Z,45,False,6,0,0,0,2,0,33,0,65487,1,0,0,3,4.0,0,8854,10547,1693,44,False,1
Martial Godo,MID,Fulham,0.0,0,0,0,0,0,0.0,0,333,0.00,0.00,0.00,0.00,322,0,0,0.0,0.0,2026-04-18T11:30:00Z,0,False,5,0,0,0,0,0,33,0,2979,0,0,0,0,0.0,0,-6,0,6,45,False,0
Leo Fuhr Hjelde,DEF,Sunderland,0.0,0,0,0,0,0,0.0,0,536,0.00,0.00,0.00,0.00,321,0,0,0.0,0.0,2026-04-19T13:00:00Z,0,False,2,0,0,0,0,0,33,0,1642,0,0,3,4,0.0,0,-18,0,18,40,False,0
Krisztián Hegyi,GK,West Ham,0.0,0,0,0,0,0,0.0,0,602,0.00,0.00,0.00,0.00,324,0,0,0.0,0.0,2026-04-20T19:00:00Z,0,False,8,0,0,0,0,0,33,0,25611,0,0,0,0,0.0,0,-288,0,288,39,False,0
Will Hughes,MID,Crystal Palace,0.0,0,0,2,0,0,2.0,2,270,0.01,0.01,0.00,0.56,324,0,0,0.3,0.0,2026-04-20T19:00:00Z,58,False,19,0,0,0,2,0,33,0,12972,1,0,0,0,2.0,1,-31,232,263,47,True,0
Jadon Sancho,MID,Aston Villa,0.0,0,0,-1,0,0,0.0,1,456,0.00,0.00,0.00,1.40,321,2,0,0.0,0.0,2026-04-19T13:00:00Z,10,False,17,0,0,0,1,0,33,0,27977,0,0,3,4,0.0,1,-540,174,714,58,True,0
Amine Adli,MID,Bournemouth,0.0,0,0,0,0,0,0.0,0,697,0.00,0.00,0.00,0.00,328,0,0,0.0,0.0,2026-04-18T14:00:00Z,0,False,15,0,0,0,0,0,33,0,40697,0,0,2,1,0.0,0,-4810,763,5573,54,False,0
Amine Adli,MID,Bournemouth,0.0,0,0,4,0,0,11.7,1,697,0.03,0.08,0.05,0.38,332,1,0,2.1,2.4,2026-04-22T19:00:00Z,17,False,11,0,0,0,1,0,33,0,40697,0,0,2,2,7.0,1,-4810,763,5573,54,True,0
Micky van de Ven,DEF,Spurs,0.0,0,0,6,0,4,10.5,6,575,0.01,0.01,0.00,0.82,330,2,0,3.5,20.2,2026-04-18T16:30:00Z,90,False,6,0,0,0,4,0,33,0,2303167,1,2,2,2,4.0,1,-79512,7983,87495,44,True,0
Konstantinos Mavropanos,DEF,West Ham,0.0,0,0,26,1,7,0.2,8,606,0.00,0.12,0.12,0.73,324,0,0,5.6,19.4,2026-04-20T19:00:00Z,90,False,8,0,0,0,4,0,33,0,85033,1,1,0,0,36.0,6,47312,50860,3548,44,False,0
Emmanuel Agbadou,DEF,Wolves,0.0,0,0,0,0,0,0.0,0,631,0.00,0.00,0.00,0.00,326,0,0,0.0,0.0,2026-04-18T14:00:00Z,0,False,11,0,0,0,0,0,33,0,14506,0,0,0,3,0.0,0,-56,0,56,42,False,0
Oscar Bobb,MID,Fulham,0.0,0,0,6,0,2,0.1,4,424,0.00,0.02,0.02,0.71,322,0,0,0.5,1.2,2026-04-18T11:30:00Z,9,False,5,0,0,0,1,0,33,0,28215,0,1,0,0,4.0,1,-975,203,1178,51,False,0
Oluwaseun Adewumi,MID,Burnley,0.0,0,0,0,0,0,0.0,0,212,0.00,0.00,0.00,0.00,329,0,0,0.0,0.0,2026-04-19T13:00:00Z,0,False,16,0,0,0,0,0,33,0,782,0,0,1,4,0.0,0,-1,0,1,45,False,0
Oluwaseun Adewumi,MID,Burnley,0.0,0,0,0,0,0,0.0,0,212,0.00,0.00,0.00,0.00,334,0,0,0.0,0.0,2026-04-22T19:00:00Z,0,False,13,0,0,0,0,0,33,0,782,0,0,1,0,0.0,0,-1,0,1,45,True,0
Jordan Henderson,MID,Brentford,0.0,0,0,0,0,0,0.0,0,124,0.00,0.00,0.00,0.00,322,0,0,0.0,0.0,2026-04-18T11:30:00Z,0,False,10,0,0,0,0,0,33,0,40658,0,0,0,0,0.0,0,-2528,63,2591,50,True,0
Harry Wilson,MID,Fulham,0.0,0,0,5,1,1,21.0,6,329,0.06,0.38,0.32,1.43,322,0,0,4.0,7.8,2026-04-18T11:30:00Z,90,False,5,0,0,0,4,0,33,0,2524675,1,1,0,0,11.0,3,-195026,62254,257280,60,False,0
Charlie Stevens,MID,Bournemouth,0.0,0,0,0,0,0,0.0,0,799,0.00,0.00,0.00,0.00,328,0,0,0.0,0.0,2026-04-18T14:00:00Z,0,False,15,0,0,0,0,0,33,0,718,0,0,2,1,0.0,0,10,60,50,45,False,0
Charlie Stevens,MID,Bournemouth,0.0,0,0,0,0,0,0.0,0,799,0.00,0.00,0.00,0.00,332,0,0,0.0,0.0,2026-04-22T19:00:00Z,0,False,11,0,0,0,0,0,33,0,718,0,0,2,2,0.0,0,10,60,50,45,True,0
Malick Thiaw,DEF,Newcastle,0.0,0,0,11,0,4,1.2,5,684,0.01,0.25,0.24,2.99,328,2,0,3.0,14.4,2026-04-18T14:00:00Z,90,False,4,0,0,0,4,0,33,0,678065,1,1,2,1,14.0,1,-92215,12519,104734,51,True,0
Emerson Palmieri dos Santos,DEF,West Ham,0.0,0,0,0,0,0,0.0,0,604,0.00,0.00,0.00,0.00,324,0,0,0.0,0.0,2026-04-20T19:00:00Z,0,False,8,0,0,0,0,0,33,0,6524,0,0,0,0,0.0,0,-6,0,6,44,False,0
Godwill Kukonki,DEF,Man Utd,0.0,0,0,0,0,0,0.0,0,788,0.00,0.00,0.00,0.00,323,0,0,0.0,0.0,2026-04-18T19:00:00Z,0,False,7,0,0,0,0,0,33,0,1650,0,0,1,0,0.0,0,-14,13,27,40,False,0
Trey Nyoni,MID,Liverpool,0.0,0,0,0,0,0,0.0,0,396,0.00,0.00,0.00,0.00,325,0,0,0.0,0.0,2026-04-19T13:00:00Z,0,False,9,0,0,0,0,0,33,0,39143,0,0,2,1,0.0,0,-402,183,585,43,False,0
Conor McManus,DEF,Brentford,0.0,0,0,0,0,0,0.0,0,824,0.00,0.00,0.00,0.00,322,0,0,0.0,0.0,2026-04-18T11:30:00Z,0,False,10,0,0,0,0,0,33,0,314,0,0,0,0,0.0,0,24,37,13,40,True,0
Nilson Angulo,MID,Sunderland,0.0,0,0,0,0,0,0.0,0,813,0.00,0.00,0.00,0.00,321,0,0,0.0,0.0,2026-04-19T13:00:00Z,0,False,2,0,0,0,0,0,33,0,547,0,0,3,4,0.0,0,-65,4,69,50,False,0
Angel Gomes,MID,Wolves,0.0,0,0,2,0,1,0.8,2,816,0.00,0.00,0.00,1.75,326,2,0,0.6,1.2,2026-04-18T14:00:00Z,37,False,11,0,0,0,1,0,33,0,1697,1,0,0,3,4.0,1,-37,196,233,47,False,0
Saheed Olagunju,DEF,Wolves,0.0,0,0,0,0,0,0.0,0,766,0.00,0.00,0.00,0.00,326,0,0,0.0,0.0,2026-04-18T14:00:00Z,0,False,11,0,0,0,0,0,33,0,4326,0,0,0,3,0.0,0,181,300,119,40,False,0
Ladislav Krejcí,DEF,Wolves,0.0,0,0,7,0,4,4.7,6,709,0.03,0.18,0.15,1.88,326,2,0,7.2,23.2,2026-04-18T14:00:00Z,74,False,11,0,0,0,3,0,33,0,9309,1,2,0,3,44.0,1,392,956,564,45,False,0
Malo Gusto,DEF,Chelsea,0.0,0,0,15,0,2,44.4,3,228,0.18,0.18,0.00,0.29,323,1,0,6.5,20.4,2026-04-18T19:00:00Z,80,False,14,0,0,0,8,0,33,0,300447,1,1,1,0,0.0,2,26547,32045,5498,49,True,0
Malo Gusto,DEF,Chelsea,0.0,0,0,12,0,6,13.2,6,228,0.22,0.22,0.00,2.14,333,3,0,3.1,15.8,2026-04-21T19:00:00Z,90,False,6,0,0,0,0,0,33,0,300447,1,0,0,3,2.0,1,26547,32045,5498,49,False,0
Riley Owen,MID,Brentford,0.0,0,0,0,0,0,0.0,0,826,0.00,0.00,0.00,0.00,322,0,0,0.0,0.0,2026-04-18T11:30:00Z,0,False,10,0,0,0,0,0,33,0,61,0,0,0,0,0.0,0,29,33,4,45,True,0
Jérémy Doku,MID,Man City,0.0,0,0,17,0,1,16.9,9,418,0.11,0.22,0.11,1.50,327,1,0,5.4,8.0,2026-04-19T15:30:00Z,87,False,1,0,0,0,7,0,33,0,349585,1,1,1,2,29.0,2,30316,33137,2821,64,True,0
Jérémy Doku,MID,Man City,0.0,1,0,25,1,1,31.0,10,418,0.26,0.35,0.09,0.61,334,0,0,7.0,20.0,2026-04-22T19:00:00Z,90,False,3,0,0,0,8,0,33,0,349585,1,1,1,0,19.0,6,30316,33137,2821,64,False,0
Triston Rowe,DEF,Aston Villa,0.0,0,0,0,0,0,0.0,0,701,0.00,0.00,0.00,0.00,321,0,0,0.0,0.0,2026-04-19T13:00:00Z,0,False,17,0,0,0,0,0,33,0,8914,0,0,3,4,0.0,0,-17,0,17,40,True,0
Luis Guilherme Lira dos Santos,MID,West Ham,0.0,0,0,0,0,0,0.0,0,619,0.00,0.00,0.00,0.00,324,0,0,0.0,0.0,2026-04-20T19:00:00Z,0,False,8,0,0,0,0,0,33,0,2465,0,0,0,0,0.0,0,-10,0,10,49,False,0
Sebastiaan Bornauw,DEF,Leeds,0.0,0,0,0,0,0,0.0,0,345,0.00,0.00,0.00,0.00,326,0,0,0.0,0.0,2026-04-18T14:00:00Z,0,False,20,0,0,0,0,0,33,0,17387,0,0,0,3,0.0,0,-535,159,694,38,True,0
Sebastiaan Bornauw,DEF,Leeds,0.0,0,0,0,0,0,0.0,0,345,0.00,0.00,0.00,0.00,332,0,0,0.0,0.0,2026-04-22T19:00:00Z,0,False,4,0,0,0,0,0,33,0,17387,0,0,2,2,0.0,0,-535,159,694,38,False,0
Kendry Páez Andrade,MID,Chelsea,0.0,0,0,0,0,0,0.0,0,248,0.00,0.00,0.00,0.00,323,0,0,0.0,0.0,2026-04-18T19:00:00Z,0,False,14,0,0,0,0,0,33,0,556,0,0,1,0,0.0,0,0,0,0,45,True,0
Kendry Páez Andrade,MID,Chelsea,0.0,0,0,0,0,0,0.0,0,248,0.00,0.00,0.00,0.00,333,0,0,0.0,0.0,2026-04-21T19:00:00Z,0,False,6,0,0,0,0,0,33,0,556,0,0,0,3,0.0,0,0,0,0,45,False,0
Asher Agbinone,MID,Crystal Palace,0.0,0,0,0,0,0,0.0,0,274,0.00,0.00,0.00,0.00,324,0,0,0.0,0.0,2026-04-20T19:00:00Z,0,False,19,0,0,0,0,0,33,0,12344,0,0,0,0,0.0,0,-407,112,519,43,True,0
Matz Sels,GK,Nott'm Forest,0.0,0,0,9,0,0,0.0,0,502,0.00,0.00,0.00,0.36,329,1,0,1.4,13.8,2026-04-19T13:00:00Z,90,False,3,0,0,0,6,0,33,2,644129,1,0,1,4,0.0,2,9578,14349,4771,46,True,0
Álex Jiménez Sánchez,DEF,Bournemouth,0.0,0,0,13,0,3,15.5,9,713,0.03,0.03,0.00,1.59,328,1,0,3.9,21.4,2026-04-18T14:00:00Z,90,False,15,0,0,0,6,0,33,0,37346,1,6,2,1,2.0,2,3142,4340,1198,45,False,0
Álex Jiménez Sánchez,DEF,Bournemouth,0.0,0,0,2,0,3,3.2,6,713,0.03,0.03,0.00,0.83,332,2,0,2.6,15.0,2026-04-22T19:00:00Z,90,False,11,0,0,0,5,0,33,0,37346,1,3,2,2,8.0,0,3142,4340,1198,45,True,1
Marko Stamenić,MID,Nott'm Forest,0.0,0,0,0,0,0,0.0,0,524,0.00,0.00,0.00,0.00,329,0,0,0.0,0.0,2026-04-19T13:00:00Z,0,False,3,0,0,0,0,0,33,0,2148,0,0,1,4,0.0,0,-7,0,7,45,True,0
Nathan Fraser,FWD,Wolves,0.0,0,0,0,0,0,0.0,0,658,0.00,0.00,0.00,0.00,326,0,0,0.0,0.0,2026-04-18T14:00:00Z,0,False,11,0,0,0,0,0,33,0,234057,0,0,0,3,0.0,0,-3189,1673,4862,42,False,0
Evan Ferguson,FWD,Brighton,0.0,0,0,0,0,0,0.0,0,179,0.00,0.00,0.00,0.00,330,0,0,0.0,0.0,2026-04-18T16:30:00Z,0,False,18,0,0,0,0,0,33,0,964,0,0,2,2,0.0,0,-1,0,1,55,False,0
Evan Ferguson,FWD,Brighton,0.0,0,0,0,0,0,0.0,0,179,0.00,0.00,0.00,0.00,333,0,0,0.0,0.0,2026-04-21T19:00:00Z,0,False,7,0,0,0,0,0,33,0,964,0,0,0,3,0.0,0,-1,0,1,55,True,0
Idrissa Gana Gueye,MID,Everton,0.0,0,0,17,0,2,2.4,6,302,0.02,0.02,0.00,1.45,325,2,0,0.6,3.8,2026-04-19T13:00:00Z,90,False,12,0,0,0,4,0,33,0,15496,1,0,2,1,0.0,2,881,1577,696,54,True,0
Justin Devenny,MID,Crystal Palace,0.0,0,0,3,0,0,0.7,1,276,0.00,0.00,0.00,0.05,324,0,0,0.1,0.2,2026-04-20T19:00:00Z,12,False,19,0,0,0,1,0,33,0,146973,0,0,0,0,0.0,1,-5980,746,6726,43,True,0
Karl Darlow,GK,Leeds,0.0,0,0,26,1,0,0.0,0,341,0.00,0.00,0.00,0.57,326,0,0,1.3,12.8,2026-04-18T14:00:00Z,90,False,20,0,0,0,5,0,33,1,1085408,1,0,0,3,0.0,6,151688,156843,5155,39,True,0
Karl Darlow,GK,Leeds,0.0,0,0,17,0,3,0.0,0,341,0.00,0.00,0.00,1.45,332,2,0,3.8,37.8,2026-04-22T19:00:00Z,90,False,4,0,0,0,16,0,33,5,1085408,1,1,2,2,0.0,2,151688,156843,5155,39,False,0
Junior Kroupi,FWD,Bournemouth,0.0,0,0,6,1,2,1.0,4,100,0.04,0.18,0.14,0.47,328,0,0,1.4,2.0,2026-04-18T14:00:00Z,65,False,15,0,0,0,2,0,33,0,815862,1,0,2,1,11.0,2,104151,122780,18629,46,False,0
Junior Kroupi,FWD,Bournemouth,0.0,0,3,31,0,1,23.7,2,100,0.23,0.44,0.21,0.45,332,1,1,8.8,37.0,2026-04-22T19:00:00Z,72,False,11,0,0,0,1,0,33,0,815862,1,0,2,2,27.0,8,104151,122780,18629,46,True,1
Habib Diarra,MID,Sunderland,0.0,0,0,14,0,1,17.5,7,544,0.07,0.72,0.65,2.84,321,4,0,4.5,8.6,2026-04-19T13:00:00Z,90,False,2,0,0,0,6,0,33,0,13796,1,0,3,4,19.0,2,-152,1151,1303,53,False,0
Luis Sinisterra Lucumí,MID,Bournemouth,0.0,0,0,0,0,0,0.0,0,91,0.00,0.00,0.00,0.00,328,0,0,0.0,0.0,2026-04-18T14:00:00Z,0,False,15,0,0,0,0,0,33,0,1252,0,0,2,1,0.0,0,-2,0,2,50,False,0
Luis Sinisterra Lucumí,MID,Bournemouth,0.0,0,0,0,0,0,0.0,0,91,0.00,0.00,0.00,0.00,332,0,0,0.0,0.0,2026-04-22T19:00:00Z,0,False,11,0,0,0,0,0,33,0,1252,0,0,2,2,0.0,0,-2,0,2,50,True,0
Antonín Kinský,GK,Spurs,0.0,0,0,6,0,4,0.0,0,567,0.00,0.00,0.00,0.82,330,2,0,1.4,13.8,2026-04-18T16:30:00Z,90,False,6,0,0,0,6,0,33,1,203988,1,0,2,2,0.0,1,1148,3324,2176,39,True,0
Jakub Kiwior,DEF,Arsenal,0.0,0,0,0,0,0,0.0,0,9,0.00,0.00,0.00,0.00,327,0,0,0.0,0.0,2026-04-19T15:30:00Z,0,False,13,0,0,0,0,0,33,0,6128,0,0,1,2,0.0,0,-6,0,6,54,False,0
Fábio Soares Silva,FWD,Wolves,0.0,0,0,0,0,0,0.0,0,655,0.00,0.00,0.00,0.00,326,0,0,0.0,0.0,2026-04-18T14:00:00Z,0,False,11,0,0,0,0,0,33,0,21348,0,0,0,3,0.0,0,-29,0,29,49,False,0
Đorđe Petrović,GK,Bournemouth,0.0,0,0,4,0,0,0.0,0,67,0.00,0.00,0.00,1.59,328,1,0,1.3,13.4,2026-04-18T14:00:00Z,90,False,15,0,0,0,6,0,33,2,825501,1,0,2,1,0.0,1,66390,80028,13638,46,False,1
Đorđe Petrović,GK,Bournemouth,0.0,0,0,5,0,0,0.0,0,67,0.00,0.00,0.00,0.83,332,2,0,1.8,17.8,2026-04-22T19:00:00Z,90,False,11,0,0,0,3,0,33,2,825501,1,0,2,2,0.0,1,66390,80028,13638,46,True,0
Kim Ji-soo,DEF,Brentford,0.0,0,0,0,0,0,0.0,0,117,0.00,0.00,0.00,0.00,322,0,0,0.0,0.0,2026-04-18T11:30:00Z,0,False,10,0,0,0,0,0,33,0,10055,0,0,0,0,0.0,0,-27,0,27,39,True,0
Alphonse Areola,GK,West Ham,0.0,0,0,0,0,0,0.0,0,600,0.00,0.00,0.00,0.00,324,0,0,0.0,0.0,2026-04-20T19:00:00Z,0,False,8,0,0,0,0,0,33,0,250745,0,0,0,0,0.0,0,-5123,1061,6184,42,False,0
Gabriel dos Santos Magalhães,DEF,Arsenal,0.0,0,0,2,0,6,0.2,7,5,0.01,0.03,0.02,1.36,327,2,0,2.8,22.6,2026-04-19T15:30:00Z,90,False,13,0,0,0,3,0,33,0,5104085,1,1,1,2,5.0,0,-171715,58425,230140,71,False,1
Jamaldeen Jimoh-Aloba,MID,Aston Villa,0.0,0,0,0,0,0,0.0,0,62,0.00,0.00,0.00,0.00,321,0,0,0.0,0.0,2026-04-19T13:00:00Z,0,False,17,0,0,0,0,0,33,0,7447,0,0,3,4,0.0,0,-53,0,53,45,True,0
George Brierley,MID,Burnley,0.0,0,0,0,0,0,0.0,0,784,0.00,0.00,0.00,0.00,329,0,0,0.0,0.0,2026-04-19T13:00:00Z,0,False,16,0,0,0,0,0,33,0,425,0,0,1,4,0.0,0,-7,17,24,45,False,0
George Brierley,MID,Burnley,0.0,0,0,0,0,0,0.0,0,784,0.00,0.00,0.00,0.00,334,0,0,0.0,0.0,2026-04-22T19:00:00Z,0,False,13,0,0,0,0,0,33,0,425,0,0,1,0,0.0,0,-7,17,24,45,True,0
Armando Broja,FWD,Burnley,0.0,0,0,4,0,0,4.8,0,680,0.01,0.01,0.00,0.22,329,1,0,0.7,2.2,2026-04-19T13:00:00Z,6,False,16,0,0,0,0,0,33,0,19527,0,0,1,4,0.0,1,-181,167,348,52,False,0
Armando Broja,FWD,Burnley,0.0,0,0,3,0,1,0.3,1,680,0.00,0.00,0.00,1.13,334,0,0,0.3,2.2,2026-04-22T19:00:00Z,8,False,13,0,0,0,0,0,33,0,19527,0,0,1,0,0.0,1,-181,167,348,52,True,0
Benoît Badiashile Mukinayi,DEF,Chelsea,0.0,0,0,0,0,0,0.0,0,229,0.00,0.00,0.00,0.00,323,0,0,0.0,0.0,2026-04-18T19:00:00Z,0,False,14,0,0,0,0,0,33,0,3879,0,0,1,0,0.0,0,-77,47,124,44,True,0
Benoît Badiashile Mukinayi,DEF,Chelsea,0.0,0,0,0,0,0,0.0,0,229,0.00,0.00,0.00,0.00,333,0,0,0.0,0.0,2026-04-21T19:00:00Z,0,False,6,0,0,0,0,0,33,0,3879,0,0,0,3,0.0,0,-77,47,124,44,False,0
Reigan Heskey,MID,Man City,0.0,0,0,0,0,0,0.0,0,764,0.00,0.00,0.00,0.00,327,0,0,0.0,0.0,2026-04-19T15:30:00Z,0,False,1,0,0,0,0,0,33,0,455,0,0,1,2,0.0,0,-10,5,15,45,True,0
Reigan Heskey,MID,Man City,0.0,0,0,0,0,0,0.0,0,764,0.00,0.00,0.00,0.00,334,0,0,0.0,0.0,2026-04-22T19:00:00Z,0,False,3,0,0,0,0,0,33,0,455,0,0,1,0,0.0,0,-10,5,15,45,False,0
Divine Mukasa,MID,Man City,0.0,0,0,0,0,0,0.0,0,739,0.00,0.00,0.00,0.00,327,0,0,0.0,0.0,2026-04-19T15:30:00Z,0,False,1,0,0,0,0,0,33,0,2344,0,0,1,2,0.0,0,-21,0,21,44,True,0
Divine Mukasa,MID,Man City,0.0,0,0,0,0,0,0.0,0,739,0.00,0.00,0.00,0.00,334,0,0,0.0,0.0,2026-04-22T19:00:00Z,0,False,3,0,0,0,0,0,33,0,2344,0,0,1,0,0.0,0,-21,0,21,44,False,0
Aarón Anselmino,DEF,Chelsea,0.0,0,0,0,0,0,0.0,0,234,0.00,0.00,0.00,0.00,323,0,0,0.0,0.0,2026-04-18T19:00:00Z,0,False,14,0,0,0,0,0,33,0,6894,0,0,1,0,0.0,0,-16,0,16,40,True,0
Aarón Anselmino,DEF,Chelsea,0.0,0,0,0,0,0,0.0,0,234,0.00,0.00,0.00,0.00,333,0,0,0.0,0.0,2026-04-21T19:00:00Z,0,False,6,0,0,0,0,0,33,0,6894,0,0,0,3,0.0,0,-16,0,16,40,False,0
Jean-Ricner Bellegarde,MID,Wolves,0.0,0,0,9,0,1,1.3,4,644,0.03,0.03,0.00,1.86,326,2,0,0.9,6.0,2026-04-18T14:00:00Z,66,False,11,0,0,0,1,0,33,0,6273,1,2,0,3,2.0,2,-16,325,341,51,False,0
Luke Harris,MID,Fulham,0.0,0,0,0,0,0,0.0,0,334,0.00,0.00,0.00,0.00,322,0,0,0.0,0.0,2026-04-18T11:30:00Z,0,False,5,0,0,0,0,0,33,0,181,0,0,0,0,0.0,0,-1,0,1,45,False,0
Ola Aina,DEF,Nott'm Forest,0.0,0,0,9,0,3,2.6,4,507,0.01,0.01,0.00,0.36,329,1,0,1.5,12.2,2026-04-19T13:00:00Z,90,False,3,0,0,0,6,0,33,0,308296,1,1,1,4,0.0,2,-186,3851,4037,47,True,0
Dominik Szoboszlai,MID,Liverpool,0.0,1,0,20,0,0,18.5,6,387,0.22,0.29,0.07,0.79,325,1,0,4.5,22.2,2026-04-19T13:00:00Z,90,False,9,0,0,0,4,0,33,0,1535980,1,2,2,1,4.0,5,-106280,37142,143422,71,False,0
Arnaud Kalimuendo,FWD,Nott'm Forest,0.0,0,0,0,0,0,0.0,0,696,0.00,0.00,0.00,0.00,329,0,0,0.0,0.0,2026-04-19T13:00:00Z,0,False,3,0,0,0,0,0,33,0,14908,0,0,1,4,0.0,0,-42,0,42,60,True,0
Freddie Simmonds,DEF,Brighton,0.0,0,0,0,0,0,0.0,0,761,0.00,0.00,0.00,0.00,330,0,0,0.0,0.0,2026-04-18T16:30:00Z,0,False,18,0,0,0,0,0,33,0,2474,0,0,2,2,0.0,0,58,110,52,40,False,0
Freddie Simmonds,DEF,Brighton,0.0,0,0,0,0,0,0.0,0,761,0.00,0.00,0.00,0.00,333,0,0,0.0,0.0,2026-04-21T19:00:00Z,0,False,7,0,0,0,0,0,33,0,2474,0,0,0,3,0.0,0,58,110,52,40,True,0
Marcus Bettinelli,GK,Man City,0.0,0,0,0,0,0,0.0,0,401,0.00,0.00,0.00,0.00,327,0,0,0.0,0.0,2026-04-19T15:30:00Z,0,False,1,0,0,0,0,0,33,0,48835,0,0,1,2,0.0,0,-4480,271,4751,38,True,0
Marcus Bettinelli,GK,Man City,0.0,0,0,0,0,0,0.0,0,401,0.00,0.00,0.00,0.00,334,0,0,0.0,0.0,2026-04-22T19:00:00Z,0,False,3,0,0,0,0,0,33,0,48835,0,0,1,0,0.0,0,-4480,271,4751,38,False,0
Tomáš Souček,MID,West Ham,0.0,0,0,14,1,3,4.4,9,613,0.02,0.02,0.00,0.73,324,0,0,1.9,12.6,2026-04-20T19:00:00Z,90,False,8,0,0,0,4,0,33,0,40168,1,2,0,0,2.0,3,-2037,878,2915,57,False,0
Jack Grealish,MID,Everton,0.0,0,0,0,0,0,0.0,0,419,0.00,0.00,0.00,0.00,325,0,0,0.0,0.0,2026-04-19T13:00:00Z,0,False,12,0,0,0,0,0,33,0,742798,0,0,2,1,0.0,0,-3486,31,3517,63,True,0
Ilia Gruev,MID,Leeds,0.0,0,0,3,0,1,0.1,2,356,0.00,0.00,0.00,0.00,326,0,0,0.2,1.6,2026-04-18T14:00:00Z,12,False,20,0,0,0,1,0,33,0,14586,0,0,0,3,0.0,1,-149,769,918,47,True,0
Ilia Gruev,MID,Leeds,0.0,0,0,0,0,0,0.0,0,356,0.00,0.00,0.00,0.00,332,0,0,0.0,0.0,2026-04-22T19:00:00Z,0,False,4,0,0,0,0,0,33,0,14586,0,0,2,2,0.0,0,-149,769,918,47,False,0
Kadan Young,MID,Aston Villa,0.0,0,0,0,0,0,0.0,0,63,0.00,0.00,0.00,0.00,321,0,0,0.0,0.0,2026-04-19T13:00:00Z,0,False,17,0,0,0,0,0,33,0,65093,0,0,3,4,0.0,0,-1188,0,1188,43,True,0
Endo Wataru,MID,Liverpool,0.0,0,0,0,0,0,0.0,0,392,0.00,0.00,0.00,0.00,325,0,0,0.0,0.0,2026-04-19T13:00:00Z,0,False,9,0,0,0,0,0,33,0,10701,0,0,2,1,0.0,0,-21,5,26,49,False,0
Samuel Chukwueze,MID,Fulham,0.0,0,0,0,0,1,2.0,2,727,0.08,0.08,0.00,1.13,322,0,0,0.4,2.2,2026-04-18T11:30:00Z,47,False,5,0,0,0,1,0,33,0,10364,0,0,0,0,0.0,1,-584,154,738,53,False,0
Oliver Pimlott,MID,Burnley,0.0,0,0,0,0,0,0.0,0,776,0.00,0.00,0.00,0.00,329,0,0,0.0,0.0,2026-04-19T13:00:00Z,0,False,16,0,0,0,0,0,33,0,524,0,0,1,4,0.0,0,-76,25,101,45,False,0
Oliver Pimlott,MID,Burnley,0.0,0,0,0,0,0,0.0,0,776,0.00,0.00,0.00,0.00,334,0,0,0.0,0.0,2026-04-22T19:00:00Z,0,False,13,0,0,0,0,0,33,0,524,0,0,1,0,0.0,0,-76,25,101,45,True,0
Mats Wieffer,MID,Brighton,0.0,0,0,5,0,3,15.4,4,173,0.04,0.04,0.00,1.09,330,2,0,3.0,4.6,2026-04-18T16:30:00Z,90,False,18,0,0,0,1,0,33,0,165269,1,0,2,2,10.0,1,83844,87586,3742,49,False,1
Mats Wieffer,MID,Brighton,0.0,0,0,4,0,0,2.0,3,173,0.01,0.01,0.00,0.04,333,0,0,0.2,0.0,2026-04-21T19:00:00Z,45,False,7,0,0,0,3,0,33,0,165269,1,0,0,3,0.0,1,83844,87586,3742,49,True,0
İlkay Gündoğan,MID,Man City,0.0,0,0,0,0,0,0.0,0,420,0.00,0.00,0.00,0.00,327,0,0,0.0,0.0,2026-04-19T15:30:00Z,0,False,1,0,0,0,0,0,33,0,7804,0,0,1,2,0.0,0,-9,0,9,63,True,0
İlkay Gündoğan,MID,Man City,0.0,0,0,0,0,0,0.0,0,420,0.00,0.00,0.00,0.00,334,0,0,0.0,0.0,2026-04-22T19:00:00Z,0,False,3,0,0,0,0,0,33,0,7804,0,0,1,0,0.0,0,-9,0,9,63,False,0
Pedro Porro Sauceda,DEF,Spurs,0.0,0,1,25,0,9,19.4,11,568,0.06,0.24,0.18,0.82,330,2,1,11.2,56.6,2026-04-18T16:30:00Z,90,False,6,0,0,0,4,0,33,0,1216969,1,2,2,2,36.0,10,-3833,7724,11557,51,True,0
Daichi Kamada,MID,Crystal Palace,0.0,0,0,9,0,2,31.2,5,271,0.17,0.17,0.00,0.06,324,0,0,4.1,10.0,2026-04-20T19:00:00Z,31,False,19,0,0,0,2,0,33,0,9957,0,1,0,0,0.0,1,2,103,101,50,True,0
Tyrique George,MID,Everton,0.0,0,0,3,0,0,0.0,3,243,0.00,0.00,0.00,0.34,325,1,0,0.6,4.0,2026-04-19T13:00:00Z,10,False,12,0,0,0,1,0,33,0,8483,0,2,2,1,2.0,1,-62,73,135,48,True,0
Alysson Edward Franco da Rocha dos Santos,MID,Aston Villa,0.0,0,0,0,0,0,0.0,0,792,0.00,0.00,0.00,0.00,321,0,0,0.0,0.0,2026-04-19T13:00:00Z,0,False,17,0,0,0,0,0,33,0,538,0,0,3,4,0.0,0,1,15,14,50,True,0
Andy Irving,MID,West Ham,0.0,0,0,0,0,0,0.0,0,621,0.00,0.00,0.00,0.00,324,0,0,0.0,0.0,2026-04-20T19:00:00Z,0,False,8,0,0,0,0,0,33,0,26419,0,0,0,0,0.0,0,-337,0,337,43,False,0
Nick Pope,GK,Newcastle,0.0,0,0,0,0,0,0.0,0,469,0.00,0.00,0.00,0.00,328,0,0,0.0,0.0,2026-04-18T14:00:00Z,0,False,4,0,0,0,0,0,33,0,558759,0,0,2,1,0.0,0,-7566,3266,10832,50,True,0
Karl Hein,GK,Arsenal,0.0,0,0,0,0,0,0.0,0,3,0.00,0.00,0.00,0.00,327,0,0,0.0,0.0,2026-04-19T15:30:00Z,0,False,13,0,0,0,0,0,33,0,25886,0,0,1,2,0.0,0,-57,0,57,40,False,0
Ki-Jana Hoever,DEF,Wolves,0.0,0,0,0,0,0,0.0,0,638,0.00,0.00,0.00,0.00,326,0,0,0.0,0.0,2026-04-18T14:00:00Z,0,False,11,0,0,0,0,0,33,0,116590,0,0,0,3,0.0,0,-1832,0,1832,38,False,0
Fer López González,MID,Wolves,0.0,0,0,0,0,0,0.0,0,645,0.00,0.00,0.00,0.00,326,0,0,0.0,0.0,2026-04-18T14:00:00Z,0,False,11,0,0,0,0,0,33,0,3446,0,0,0,3,0.0,0,-7,0,7,51,False,0
Daniel James,MID,Leeds,0.0,0,0,0,0,0,0.0,0,353,0.00,0.00,0.00,0.00,326,0,0,0.0,0.0,2026-04-18T14:00:00Z,0,False,20,0,0,0,0,0,33,0,12895,0,0,0,3,0.0,0,-150,14,164,52,True,0
Daniel James,MID,Leeds,0.0,0,0,0,0,0,0.0,0,353,0.00,0.00,0.00,0.00,332,0,0,0.0,0.0,2026-04-22T19:00:00Z,0,False,4,0,0,0,0,0,33,0,12895,0,0,2,2,0.0,0,-150,14,164,52,False,0
Christopher Nkunku,MID,Chelsea,0.0,0,0,0,0,0,0.0,0,240,0.00,0.00,0.00,0.00,323,0,0,0.0,0.0,2026-04-18T19:00:00Z,0,False,14,0,0,0,0,0,33,0,10243,0,0,1,0,0.0,0,-7,0,7,59,True,0
Christopher Nkunku,MID,Chelsea,0.0,0,0,0,0,0,0.0,0,240,0.00,0.00,0.00,0.00,333,0,0,0.0,0.0,2026-04-21T19:00:00Z,0,False,6,0,0,0,0,0,33,0,10243,0,0,0,3,0.0,0,-7,0,7,59,False,0
Abdoullah Ba,MID,Sunderland,0.0,0,0,0,0,0,0.0,0,554,0.00,0.00,0.00,0.00,321,0,0,0.0,0.0,2026-04-19T13:00:00Z,0,False,2,0,0,0,0,0,33,0,40956,0,0,3,4,0.0,0,-669,136,805,43,False,0
Mike Trésor Ndayishimiye,MID,Burnley,0.0,0,0,0,0,0,0.0,0,214,0.00,0.00,0.00,0.00,329,0,0,0.0,0.0,2026-04-19T13:00:00Z,0,False,16,0,0,0,0,0,33,0,8410,0,0,1,4,0.0,0,405,574,169,43,False,0
Mike Trésor Ndayishimiye,MID,Burnley,0.0,0,0,2,0,0,0.0,1,214,0.00,0.00,0.00,1.06,334,0,0,0.0,0.0,2026-04-22T19:00:00Z,3,False,13,0,0,0,1,0,33,0,8410,0,0,1,0,0.0,1,405,574,169,43,True,0
Joshua Stephenson,DEF,Brentford,0.0,0,0,0,0,0,0.0,0,823,0.00,0.00,0.00,0.00,322,0,0,0.0,0.0,2026-04-18T11:30:00Z,0,False,10,0,0,0,0,0,33,0,272,0,0,0,0,0.0,0,17,31,14,40,True,0
Matthew Cox,GK,Brentford,0.0,0,0,0,0,0,0.0,0,103,0.00,0.00,0.00,0.00,322,0,0,0.0,0.0,2026-04-18T11:30:00Z,0,False,10,0,0,0,0,0,33,0,17050,0,0,0,0,0.0,0,-285,0,285,39,True,0
Darko Gyabi,MID,Leeds,0.0,0,0,0,0,0,0.0,0,361,0.00,0.00,0.00,0.00,326,0,0,0.0,0.0,2026-04-18T14:00:00Z,0,False,20,0,0,0,0,0,33,0,3008,0,0,0,3,0.0,0,-12,0,12,45,True,0
Darko Gyabi,MID,Leeds,0.0,0,0,0,0,0,0.0,0,361,0.00,0.00,0.00,0.00,332,0,0,0.0,0.0,2026-04-22T19:00:00Z,0,False,4,0,0,0,0,0,33,0,3008,0,0,2,2,0.0,0,-12,0,12,45,False,0
Michael Obafemi,FWD,Burnley,0.0,0,0,0,0,0,0.0,0,219,0.00,0.00,0.00,0.00,329,0,0,0.0,0.0,2026-04-19T13:00:00Z,0,False,16,0,0,0,0,0,33,0,13752,0,0,1,4,0.0,0,-36,0,36,44,False,0
Michael Obafemi,FWD,Burnley,0.0,0,0,0,0,0,0.0,0,219,0.00,0.00,0.00,0.00,334,0,0,0.0,0.0,2026-04-22T19:00:00Z,0,False,13,0,0,0,0,0,33,0,13752,0,0,1,0,0.0,0,-36,0,36,44,True,0
Dwight McNeil,MID,Everton,0.0,0,0,6,0,3,16.9,9,300,0.11,0.21,0.10,1.11,325,1,0,2.8,2.2,2026-04-19T13:00:00Z,79,False,12,0,0,0,4,0,33,0,19090,1,2,2,1,9.0,2,-615,157,772,55,True,0
Jacob Ramsey,MID,Newcastle,0.0,0,0,5,0,1,24.3,3,52,0.06,0.13,0.07,2.27,328,1,0,4.3,8.0,2026-04-18T14:00:00Z,61,False,4,0,0,0,1,0,33,0,31173,1,1,2,1,11.0,2,-794,376,1170,53,True,0
Veljko Milosavljevic,DEF,Bournemouth,0.0,0,0,0,0,0,0.0,0,721,0.00,0.00,0.00,0.00,328,0,0,0.0,0.0,2026-04-18T14:00:00Z,0,False,15,0,0,0,0,0,33,0,3978,0,0,2,1,0.0,0,91,141,50,44,False,0
Veljko Milosavljevic,DEF,Bournemouth,0.0,0,0,0,0,0,0.0,0,721,0.00,0.00,0.00,0.00,332,0,0,0.0,0.0,2026-04-22T19:00:00Z,0,False,11,0,0,0,0,0,33,0,3978,0,0,2,2,0.0,0,91,141,50,44,True,0
Tom Edozie,MID,Wolves,0.0,0,0,0,0,0,0.0,0,651,0.00,0.00,0.00,0.00,326,0,0,0.0,0.0,2026-04-18T14:00:00Z,0,False,11,0,0,0,0,0,33,0,49957,0,0,0,3,0.0,0,-1252,249,1501,43,False,0
Coby Ebere,MID,Everton,0.0,0,0,0,0,0,0.0,0,307,0.00,0.00,0.00,0.00,325,0,0,0.0,0.0,2026-04-19T13:00:00Z,0,False,12,0,0,0,0,0,33,0,5757,0,0,2,1,0.0,0,-40,27,67,44,True,0
Diego Coppola,DEF,Brighton,0.0,0,0,0,0,0,0.0,0,144,0.00,0.00,0.00,0.00,330,0,0,0.0,0.0,2026-04-18T16:30:00Z,0,False,18,0,0,0,0,0,33,0,5714,0,0,2,2,0.0,0,-36,0,36,42,False,0
Diego Coppola,DEF,Brighton,0.0,0,0,0,0,0,0.0,0,144,0.00,0.00,0.00,0.00,333,0,0,0.0,0.0,2026-04-21T19:00:00Z,0,False,7,0,0,0,0,0,33,0,5714,0,0,0,3,0.0,0,-36,0,36,42,True,0
Lukasz Fabianski,GK,West Ham,0.0,0,0,0,0,0,0.0,0,738,0.00,0.00,0.00,0.00,324,0,0,0.0,0.0,2026-04-20T19:00:00Z,0,False,8,0,0,0,0,0,33,0,4142,0,0,0,0,0.0,0,2,53,51,45,False,0
Amadou Onana,MID,Aston Villa,0.0,0,0,7,0,2,13.7,7,59,0.01,0.29,0.28,1.73,321,3,0,3.3,10.0,2026-04-19T13:00:00Z,90,False,17,0,0,0,3,0,33,0,88875,1,2,3,4,9.0,1,-651,1631,2282,48,True,1
Giorgi Mamardashvili,GK,Liverpool,0.0,0,0,6,0,0,0.0,0,367,0.00,0.00,0.00,0.63,325,1,0,1.6,16.0,2026-04-19T13:00:00Z,57,False,9,0,0,0,4,0,33,2,92771,1,0,2,1,0.0,1,6762,9782,3020,41,False,0
Leon Bailey,MID,Aston Villa,0.0,0,0,0,0,0,0.0,0,49,0.00,0.00,0.00,0.00,321,0,0,0.0,0.0,2026-04-19T13:00:00Z,0,False,17,0,0,0,0,0,33,0,13724,0,0,3,4,0.0,0,-224,205,429,55,True,0
Federico Chiesa,MID,Liverpool,0.0,0,0,0,0,0,0.0,0,385,0.00,0.00,0.00,0.00,325,0,0,0.0,0.0,2026-04-19T13:00:00Z,0,False,9,0,0,0,0,0,33,0,35541,0,0,2,1,0.0,0,-57,62,119,63,False,0
Ethan Sutherland,MID,Wolves,0.0,0,0,0,0,0,0.0,0,778,0.00,0.00,0.00,0.00,326,0,0,0.0,0.0,2026-04-18T14:00:00Z,0,False,11,0,0,0,0,0,33,0,1107,0,0,0,3,0.0,0,39,79,40,45,False,0
Ryan Sessegnon,MID,Fulham,0.0,0,0,10,1,2,22.8,6,328,0.04,0.22,0.18,0.72,322,0,0,5.1,8.8,2026-04-18T11:30:00Z,80,False,5,0,0,0,3,0,33,0,20153,1,1,0,0,19.0,3,-447,120,567,54,False,0
John Stones,DEF,Man City,0.0,0,0,0,0,0,0.0,0,409,0.00,0.00,0.00,0.00,327,0,0,0.0,0.0,2026-04-19T15:30:00Z,0,False,1,0,0,0,0,0,33,0,73451,0,0,1,2,0.0,0,-254,43,297,54,True,0
John Stones,DEF,Man City,0.0,0,0,0,0,0,0.0,0,409,0.00,0.00,0.00,0.00,334,0,0,0.0,0.0,2026-04-22T19:00:00Z,0,False,3,0,0,0,0,0,33,0,73451,0,0,1,0,0.0,0,-254,43,297,54,False,0
Isaac Heath,MID,Everton,0.0,0,0,0,0,0,0.0,0,308,0.00,0.00,0.00,0.00,325,0,0,0.0,0.0,2026-04-19T13:00:00Z,0,False,12,0,0,0,0,0,33,0,2015,0,0,2,1,0.0,0,-7,0,7,45,True,0
Chris Rigg,MID,Sunderland,0.0,0,0,25,0,1,8.1,4,551,0.01,0.11,0.10,1.86,321,3,1,6.5,35.8,2026-04-19T13:00:00Z,62,False,2,0,0,0,2,0,33,0,6308,1,1,3,4,21.0,7,81,190,109,47,False,0
Luke O'Nien,DEF,Sunderland,0.0,0,0,2,0,6,1.8,7,539,0.01,0.01,0.00,2.84,321,4,0,1.9,17.2,2026-04-19T13:00:00Z,90,False,2,0,0,0,4,0,33,0,10439,1,1,3,4,0.0,0,664,892,228,40,False,0
Axel Tuanzebe,DEF,Burnley,0.0,0,0,0,0,0,0.0,0,198,0.00,0.00,0.00,0.00,329,0,0,0.0,0.0,2026-04-19T13:00:00Z,0,False,16,0,0,0,0,0,33,0,115706,0,0,1,4,0.0,0,-912,188,1100,39,False,0
Axel Tuanzebe,DEF,Burnley,0.0,0,0,0,0,0,0.0,0,198,0.00,0.00,0.00,0.00,334,0,0,0.0,0.0,2026-04-22T19:00:00Z,0,False,13,0,0,0,0,0,33,0,115706,0,0,1,0,0.0,0,-912,188,1100,39,True,0
Teddy Sharman-Lowe,GK,Chelsea,0.0,0,0,0,0,0,0.0,0,803,0.00,0.00,0.00,0.00,323,0,0,0.0,0.0,2026-04-18T19:00:00Z,0,False,14,0,0,0,0,0,33,0,694,0,0,1,0,0.0,0,3,15,12,40,True,0
Teddy Sharman-Lowe,GK,Chelsea,0.0,0,0,0,0,0,0.0,0,803,0.00,0.00,0.00,0.00,333,0,0,0.0,0.0,2026-04-21T19:00:00Z,0,False,6,0,0,0,0,0,33,0,694,0,0,0,3,0.0,0,3,15,12,40,False,0
Séamus Coleman,DEF,Everton,0.0,0,0,0,0,0,0.0,0,294,0.00,0.00,0.00,0.00,325,0,0,0.0,0.0,2026-04-19T13:00:00Z,0,False,12,0,0,0,0,0,33,0,12527,0,0,2,1,0.0,0,16,98,82,42,True,0
Carlos Alcaraz Durán,MID,Everton,0.0,0,0,0,0,0,0.0,0,301,0.00,0.00,0.00,0.00,325,0,0,0.0,0.0,2026-04-19T13:00:00Z,0,False,12,0,0,0,0,0,33,0,9885,0,0,2,1,0.0,0,-50,19,69,52,True,0
Jeremy Sarmiento Morante,MID,Brighton,0.0,0,0,0,0,0,0.0,0,171,0.00,0.00,0.00,0.00,330,0,0,0.0,0.0,2026-04-18T16:30:00Z,0,False,18,0,0,0,0,0,33,0,1925,0,0,2,2,0.0,0,-4,0,4,49,False,0
Jeremy Sarmiento Morante,MID,Brighton,0.0,0,0,0,0,0,0.0,0,171,0.00,0.00,0.00,0.00,333,0,0,0.0,0.0,2026-04-21T19:00:00Z,0,False,7,0,0,0,0,0,33,0,1925,0,0,0,3,0.0,0,-4,0,4,49,True,0
Matt Turner,GK,Nott'm Forest,0.0,0,0,0,0,0,0.0,0,504,0.00,0.00,0.00,0.00,329,0,0,0.0,0.0,2026-04-19T13:00:00Z,0,False,3,0,0,0,0,0,33,0,9932,0,0,1,4,0.0,0,-45,0,45,40,True,0
Djiamgone Jocelin Ta Bi,MID,Sunderland,0.0,0,0,0,0,0,0.0,0,800,0.00,0.00,0.00,0.00,321,0,0,0.0,0.0,2026-04-19T13:00:00Z,0,False,2,0,0,0,0,0,33,0,100,0,0,3,4,0.0,0,0,4,4,49,False,0
Ethan Wheatley,FWD,Man Utd,0.0,0,0,0,0,0,0.0,0,468,0.00,0.00,0.00,0.00,323,0,0,0.0,0.0,2026-04-18T19:00:00Z,0,False,7,0,0,0,0,0,33,0,10727,0,0,1,0,0.0,0,-23,0,23,45,False,0
Roman Dixon,DEF,Everton,0.0,0,0,0,0,0,0.0,0,297,0.00,0.00,0.00,0.00,325,0,0,0.0,0.0,2026-04-19T13:00:00Z,0,False,12,0,0,0,0,0,33,0,20444,0,0,2,1,0.0,0,-169,0,169,38,True,0
Merlin Röhl,MID,Everton,0.0,0,0,0,0,0,0.0,0,728,0.00,0.00,0.00,0.00,325,0,0,0.0,0.0,2026-04-19T13:00:00Z,0,False,12,0,0,0,0,0,33,0,2013,0,0,2,1,0.0,0,-13,11,24,50,True,0
Charlie Tasker,DEF,Brighton,0.0,0,0,0,0,0,0.0,0,156,0.00,0.00,0.00,0.00,330,0,0,0.0,0.0,2026-04-18T16:30:00Z,0,False,18,0,0,0,0,0,33,0,20452,0,0,2,2,0.0,0,-109,195,304,38,False,0
Charlie Tasker,DEF,Brighton,0.0,0,0,0,0,0,0.0,0,156,0.00,0.00,0.00,0.00,333,0,0,0.0,0.0,2026-04-21T19:00:00Z,0,False,7,0,0,0,0,0,33,0,20452,0,0,0,3,0.0,0,-109,195,304,38,True,0
Charlie Gray,MID,Man City,0.0,0,0,0,0,0,0.0,0,763,0.00,0.00,0.00,0.00,327,0,0,0.0,0.0,2026-04-19T15:30:00Z,0,False,1,0,0,0,0,0,33,0,629,0,0,1,2,0.0,0,-8,17,25,45,True,0
Charlie Gray,MID,Man City,0.0,0,0,0,0,0,0.0,0,763,0.00,0.00,0.00,0.00,334,0,0,0.0,0.0,2026-04-22T19:00:00Z,0,False,3,0,0,0,0,0,33,0,629,0,0,1,0,0.0,0,-8,17,25,45,False,0
Yoane Wissa,FWD,Newcastle,0.0,0,0,0,0,0,0.0,0,135,0.00,0.00,0.00,0.00,328,0,0,0.0,0.0,2026-04-18T14:00:00Z,0,False,4,0,0,0,0,0,33,0,75029,0,0,2,1,0.0,0,-476,593,1069,73,True,0
Marc Guéhi,DEF,Man City,0.0,0,0,12,0,6,5.5,7,260,0.02,0.05,0.03,1.62,327,1,0,4.4,21.6,2026-04-19T15:30:00Z,90,False,1,0,0,0,5,0,33,0,4568833,1,1,1,2,17.0,1,196102,258094,61992,51,True,1
Marc Guéhi,DEF,Man City,0.0,0,1,29,1,8,18.3,8,260,0.07,0.07,0.00,0.61,334,0,0,4.0,19.4,2026-04-22T19:00:00Z,90,False,3,0,0,0,1,0,33,0,4568833,1,0,1,0,2.0,7,196102,258094,61992,51,False,0
Josh Cullen,MID,Burnley,0.0,0,0,0,0,0,0.0,0,205,0.00,0.00,0.00,0.00,329,0,0,0.0,0.0,2026-04-19T13:00:00Z,0,False,16,0,0,0,0,0,33,0,103668,0,0,1,4,0.0,0,-917,23,940,49,False,0
Josh Cullen,MID,Burnley,0.0,0,0,0,0,0,0.0,0,205,0.00,0.00,0.00,0.00,334,0,0,0.0,0.0,2026-04-22T19:00:00Z,0,False,13,0,0,0,0,0,33,0,103668,0,0,1,0,0.0,0,-917,23,940,49,True,0
Erling Haaland,FWD,Man City,0.0,0,1,25,0,2,14.0,4,430,0.04,0.85,0.81,1.62,327,1,1,8.6,31.4,2026-04-19T15:30:00Z,90,False,1,0,0,0,2,0,33,0,8147972,1,0,1,2,41.0,6,362476,393033,30557,145,True,1
Erling Haaland,FWD,Man City,0.0,0,1,29,1,1,1.3,3,430,0.07,1.14,1.07,0.61,334,0,1,9.0,33.6,2026-04-22T19:00:00Z,90,False,3,0,0,0,2,0,33,0,8147972,1,0,1,0,55.0,7,362476,393033,30557,145,False,0
Djed Spence,DEF,Spurs,0.0,0,0,-1,0,0,0.0,1,573,0.00,0.00,0.00,0.32,330,1,0,0.2,2.0,2026-04-18T16:30:00Z,14,False,6,0,0,0,0,0,33,0,116500,0,1,2,2,0.0,1,-1802,525,2327,41,True,0
Julian Eyestone,GK,Brentford,0.0,0,0,0,0,0,0.0,0,104,0.00,0.00,0.00,0.00,322,0,0,0.0,0.0,2026-04-18T11:30:00Z,0,False,10,0,0,0,0,0,33,0,13720,0,0,0,0,0.0,0,-193,61,254,39,True,0
Ármin Pécsi,GK,Liverpool,0.0,0,0,0,0,0,0.0,0,368,0.00,0.00,0.00,0.00,325,0,0,0.0,0.0,2026-04-19T13:00:00Z,0,False,9,0,0,0,0,0,33,0,113172,0,0,2,1,0.0,0,-3381,1565,4946,38,False,0
Anton Stach,MID,Leeds,0.0,0,0,0,0,0,0.0,0,660,0.00,0.00,0.00,0.00,326,0,0,0.0,0.0,2026-04-18T14:00:00Z,0,False,20,0,0,0,0,0,33,0,215849,0,0,0,3,0.0,0,-70112,439,70551,48,True,0
Anton Stach,MID,Leeds,0.0,0,0,0,0,0,0.0,0,660,0.00,0.00,0.00,0.00,332,0,0,0.0,0.0,2026-04-22T19:00:00Z,0,False,4,0,0,0,0,0,33,0,215849,0,0,2,2,0.0,0,-70112,439,70551,48,False,0
Jefferson Lerma Solís,MID,Crystal Palace,0.0,0,0,18,1,3,16.1,11,272,0.16,0.29,0.13,0.61,324,0,0,5.3,13.0,2026-04-20T19:00:00Z,90,False,19,0,0,0,8,0,33,0,8430,1,0,0,0,24.0,3,250,373,123,49,True,0
Jordan Beyer,DEF,Burnley,0.0,0,0,0,0,0,0.0,0,194,0.00,0.00,0.00,0.00,329,0,0,0.0,0.0,2026-04-19T13:00:00Z,0,False,16,0,0,0,0,0,33,0,7574,0,0,1,4,0.0,0,-78,35,113,39,False,0
Jordan Beyer,DEF,Burnley,0.0,0,0,0,0,0,0.0,0,194,0.00,0.00,0.00,0.00,334,0,0,0.0,0.0,2026-04-22T19:00:00Z,0,False,13,0,0,0,0,0,33,0,7574,0,0,1,0,0.0,0,-78,35,113,39,True,0
Jayden Danns,FWD,Liverpool,0.0,0,0,0,0,0,0.0,0,398,0.00,0.00,0.00,0.00,325,0,0,0.0,0.0,2026-04-19T13:00:00Z,0,False,9,0,0,0,0,0,33,0,13280,0,0,2,1,0.0,0,-67,45,112,43,False,0
Rio Ngumoha,MID,Liverpool,0.0,0,0,1,0,0,1.0,0,686,0.01,0.11,0.10,0.02,325,0,0,1.0,0.0,2026-04-19T13:00:00Z,18,False,9,0,0,0,0,0,33,0,126376,0,0,2,1,11.0,1,16099,19498,3399,43,False,0
Brandon Austin,GK,Spurs,0.0,0,0,0,0,0,0.0,0,566,0.00,0.00,0.00,0.00,330,0,0,0.0,0.0,2026-04-18T16:30:00Z,0,False,6,0,0,0,0,0,33,0,37173,0,0,2,2,0.0,0,-218,151,369,39,True,0
Zain Silcott-Duberry,MID,Bournemouth,0.0,0,0,0,0,0,0.0,0,95,0.00,0.00,0.00,0.00,328,0,0,0.0,0.0,2026-04-18T14:00:00Z,0,False,15,0,0,0,0,0,33,0,6701,0,0,2,1,0.0,0,-34,0,34,44,False,0
Zain Silcott-Duberry,MID,Bournemouth,0.0,0,0,0,0,0,0.0,0,95,0.00,0.00,0.00,0.00,332,0,0,0.0,0.0,2026-04-22T19:00:00Z,0,False,11,0,0,0,0,0,33,0,6701,0,0,2,2,0.0,0,-34,0,34,44,True,0
Alfie Brooks,GK,Wolves,0.0,0,0,0,0,0,0.0,0,828,0.00,0.00,0.00,0.00,326,0,0,0.0,0.0,2026-04-18T14:00:00Z,0,False,11,0,0,0,0,0,33,0,0,0,0,0,3,0.0,0,0,0,0,40,False,0
Sepp van den Berg,DEF,Brentford,0.0,0,0,24,1,5,0.7,6,113,0.00,0.00,0.00,0.77,322,0,0,2.3,22.0,2026-04-18T11:30:00Z,90,False,10,0,0,0,0,0,33,0,156690,1,1,0,0,0.0,6,-11424,2130,13554,46,True,0
Dominic Calvert-Lewin,FWD,Leeds,0.0,0,0,25,1,3,4.0,3,691,0.00,1.09,1.09,0.57,326,0,1,9.8,41.2,2026-04-18T14:00:00Z,90,False,20,0,0,0,0,0,33,0,1962051,1,0,0,3,53.0,6,414031,442097,28066,56,True,0
Dominic Calvert-Lewin,FWD,Leeds,0.0,0,0,5,0,6,4.9,7,691,0.01,0.01,0.00,1.45,332,2,0,1.9,10.0,2026-04-22T19:00:00Z,90,False,4,0,0,0,1,0,33,0,1962051,1,0,2,2,4.0,2,414031,442097,28066,56,False,0
Aaron Wan-Bissaka,DEF,West Ham,0.0,0,0,0,0,0,0.0,0,610,0.00,0.00,0.00,0.00,324,0,0,0.0,0.0,2026-04-20T19:00:00Z,0,False,8,0,0,0,0,0,33,0,579161,0,0,0,0,0.0,0,-15499,1665,17164,41,False,0
Enzo Le Fée,MID,Sunderland,0.0,1,2,37,0,2,39.2,12,547,0.33,0.39,0.06,2.84,321,4,0,10.4,36.6,2026-04-19T13:00:00Z,90,False,2,0,0,0,7,0,33,0,124778,1,3,3,4,28.0,9,-12710,3238,15948,49,False,0
David Ozoh,MID,Crystal Palace,0.0,0,0,0,0,0,0.0,0,280,0.00,0.00,0.00,0.00,324,0,0,0.0,0.0,2026-04-20T19:00:00Z,0,False,19,0,0,0,0,0,33,0,147,0,0,0,0,0.0,0,0,0,0,45,True,0
Mark Gillespie,GK,Newcastle,0.0,0,0,0,0,0,0.0,0,471,0.00,0.00,0.00,0.00,328,0,0,0.0,0.0,2026-04-18T14:00:00Z,0,False,4,0,0,0,0,0,33,0,16710,0,0,2,1,0.0,0,-97,64,161,39,True,0
Ben Casey,FWD,Crystal Palace,0.0,0,0,0,0,0,0.0,0,780,0.00,0.00,0.00,0.00,324,0,0,0.0,0.0,2026-04-20T19:00:00Z,0,False,19,0,0,0,0,0,33,0,3392,0,0,0,0,0.0,0,-41,59,100,45,True,0
Ethan Ampadu,MID,Leeds,0.0,0,0,8,1,1,5.1,5,354,0.01,0.52,0.51,0.57,326,0,0,4.9,4.8,2026-04-18T14:00:00Z,90,False,20,0,0,0,4,0,33,0,95647,1,0,0,3,39.0,3,22399,25462,3063,49,True,0
Ethan Ampadu,MID,Leeds,0.0,1,2,30,0,7,11.5,16,354,0.03,0.03,0.00,1.45,332,2,0,3.3,21.0,2026-04-22T19:00:00Z,90,False,4,0,0,0,5,0,33,0,95647,1,4,2,2,0.0,9,22399,25462,3063,49,False,0
Lino da Cruz Sousa,DEF,Aston Villa,0.0,0,0,0,0,0,0.0,0,45,0.00,0.00,0.00,0.00,321,0,0,0.0,0.0,2026-04-19T13:00:00Z,0,False,17,0,0,0,0,0,33,0,32878,0,0,3,4,0.0,0,-350,0,350,38,True,0
Nicolò Savona,DEF,Nott'm Forest,0.0,0,0,0,0,0,0.0,0,716,0.00,0.00,0.00,0.00,329,0,0,0.0,0.0,2026-04-19T13:00:00Z,0,False,3,0,0,0,0,0,33,0,6665,0,0,1,4,0.0,0,-128,11,139,45,True,0
Harrison Reed,MID,Fulham,0.0,0,0,0,0,0,0.0,0,336,0.00,0.00,0.00,0.00,322,0,0,0.0,0.0,2026-04-18T11:30:00Z,0,False,5,0,0,0,0,0,33,0,42549,0,0,0,0,0.0,0,-3430,161,3591,43,False,0
Vitalii Mykolenko,DEF,Everton,0.0,0,0,11,0,8,2.2,12,292,0.02,0.02,0.00,1.45,325,2,0,2.6,23.8,2026-04-19T13:00:00Z,90,False,12,0,0,0,4,0,33,0,75145,1,4,2,1,0.0,3,-3191,2027,5218,49,True,0
Matt Targett,DEF,Newcastle,0.0,0,0,0,0,0,0.0,0,484,0.00,0.00,0.00,0.00,328,0,0,0.0,0.0,2026-04-18T14:00:00Z,0,False,4,0,0,0,0,0,33,0,17958,0,0,2,1,0.0,0,-67,0,67,40,True,0
Frank Onyeka,MID,Brentford,0.0,0,0,0,0,0,0.0,0,128,0.00,0.00,0.00,0.00,322,0,0,0.0,0.0,2026-04-18T11:30:00Z,0,False,10,0,0,0,0,0,33,0,5308,0,0,0,0,0.0,0,-16,0,16,48,True,0
Tijjani Reijnders,MID,Man City,0.0,0,0,0,0,0,0.0,0,427,0.00,0.00,0.00,0.00,327,0,0,0.0,0.0,2026-04-19T15:30:00Z,0,False,1,0,0,0,0,0,33,0,1195974,0,0,1,2,0.0,0,-12190,1423,13613,50,True,0
Tijjani Reijnders,MID,Man City,0.0,0,0,0,0,0,0.0,0,427,0.00,0.00,0.00,0.00,334,0,0,0.0,0.0,2026-04-22T19:00:00Z,0,False,3,0,0,0,0,0,33,0,1195974,0,0,1,0,0.0,0,-12190,1423,13613,50,False,0
Igor Julio dos Santos de Paulo,DEF,Brighton,0.0,0,0,0,0,0,0.0,0,149,0.00,0.00,0.00,0.00,330,0,0,0.0,0.0,2026-04-18T16:30:00Z,0,False,18,0,0,0,0,0,33,0,12561,0,0,2,2,0.0,0,625,899,274,45,False,0
Igor Julio dos Santos de Paulo,DEF,Brighton,0.0,0,0,0,0,0,0.0,0,149,0.00,0.00,0.00,0.00,333,0,0,0.0,0.0,2026-04-21T19:00:00Z,0,False,7,0,0,0,0,0,33,0,12561,0,0,0,3,0.0,0,625,899,274,45,True,0
Gabriel Słonina,GK,Chelsea,0.0,0,0,0,0,0,0.0,0,223,0.00,0.00,0.00,0.00,323,0,0,0.0,0.0,2026-04-18T19:00:00Z,0,False,14,0,0,0,0,0,33,0,13769,0,0,1,0,0.0,0,-131,30,161,39,True,0
Gabriel Słonina,GK,Chelsea,0.0,0,0,0,0,0,0.0,0,223,0.00,0.00,0.00,0.00,333,0,0,0.0,0.0,2026-04-21T19:00:00Z,0,False,6,0,0,0,0,0,33,0,13769,0,0,0,3,0.0,0,-131,30,161,39,False,0
Manuel Akanji,DEF,Man City,0.0,0,0,0,0,0,0.0,0,404,0.00,0.00,0.00,0.00,327,0,0,0.0,0.0,2026-04-19T15:30:00Z,0,False,1,0,0,0,0,0,33,0,33089,0,0,1,2,0.0,0,-25,0,25,54,True,0
Manuel Akanji,DEF,Man City,0.0,0,0,0,0,0,0.0,0,404,0.00,0.00,0.00,0.00,334,0,0,0.0,0.0,2026-04-22T19:00:00Z,0,False,3,0,0,0,0,0,33,0,33089,0,0,1,0,0.0,0,-25,0,25,54,False,0
Bryan Mbeumo,MID,Man Utd,0.0,0,0,5,1,1,3.8,4,119,0.03,0.03,0.00,1.57,323,0,0,1.0,0.0,2026-04-18T19:00:00Z,86,False,7,0,0,0,3,0,33,0,2286492,1,0,1,0,6.0,3,-303876,12705,316581,85,False,0
Reece Welch,DEF,Everton,0.0,0,0,0,0,0,0.0,0,298,0.00,0.00,0.00,0.00,325,0,0,0.0,0.0,2026-04-19T13:00:00Z,0,False,12,0,0,0,0,0,33,0,18731,0,0,2,1,0.0,0,-123,75,198,38,True,0
Tyler Dibling,MID,Everton,0.0,0,0,0,0,0,0.0,0,707,0.00,0.00,0.00,0.00,325,0,0,0.0,0.0,2026-04-19T13:00:00Z,0,False,12,0,0,0,0,0,33,0,3807,0,0,2,1,0.0,0,-24,27,51,53,True,0
Lewis Cook,MID,Bournemouth,0.0,0,0,0,0,0,0.0,0,88,0.00,0.00,0.00,0.00,328,0,0,0.0,0.0,2026-04-18T14:00:00Z,0,False,15,0,0,0,0,0,33,0,4553,0,0,2,1,0.0,0,-202,17,219,49,False,0
Lewis Cook,MID,Bournemouth,0.0,0,0,0,0,0,0.0,0,88,0.00,0.00,0.00,0.00,332,0,0,0.0,0.0,2026-04-22T19:00:00Z,0,False,11,0,0,0,0,0,33,0,4553,0,0,2,2,0.0,0,-202,17,219,49,True,0
Tyler Adams,MID,Bournemouth,0.0,0,0,3,0,1,0.4,3,85,0.00,0.00,0.00,1.12,328,1,0,0.4,3.6,2026-04-18T14:00:00Z,25,False,15,0,0,0,1,0,33,0,34758,0,1,2,1,0.0,1,231,492,261,49,False,0
Tyler Adams,MID,Bournemouth,0.0,1,0,18,0,2,14.6,3,85,0.14,0.14,0.00,0.38,332,1,0,3.6,21.8,2026-04-22T19:00:00Z,17,False,11,0,0,0,1,0,33,0,34758,0,0,2,2,0.0,4,231,492,261,49,True,0
Jamaal Lascelles,DEF,Newcastle,0.0,0,0,0,0,0,0.0,0,480,0.00,0.00,0.00,0.00,328,0,0,0.0,0.0,2026-04-18T14:00:00Z,0,False,4,0,0,0,0,0,33,0,6133,0,0,2,1,0.0,0,-18,0,18,43,True,0
Andrés García,DEF,Aston Villa,0.0,0,0,0,0,0,0.0,0,42,0.00,0.00,0.00,0.00,321,0,0,0.0,0.0,2026-04-19T13:00:00Z,0,False,17,0,0,0,0,0,33,0,26510,0,0,3,4,0.0,0,-119,209,328,39,True,0
Youri Tielemans,MID,Aston Villa,0.0,0,0,21,0,4,9.0,8,48,0.14,0.14,0.00,1.73,321,3,0,2.6,17.0,2026-04-19T13:00:00Z,90,False,17,0,0,0,1,0,33,0,82357,1,3,3,4,0.0,2,1017,1503,486,59,True,0
Will Lankshear,FWD,Spurs,0.0,0,0,0,0,0,0.0,0,598,0.00,0.00,0.00,0.00,330,0,0,0.0,0.0,2026-04-18T16:30:00Z,0,False,6,0,0,0,0,0,33,0,2748,0,0,2,2,0.0,0,-9,0,9,45,True,0
Iwan Morgan,FWD,Brentford,0.0,0,0,0,0,0,0.0,0,137,0.00,0.00,0.00,0.00,322,0,0,0.0,0.0,2026-04-18T11:30:00Z,0,False,10,0,0,0,0,0,33,0,37638,0,0,0,0,0.0,0,-200,0,200,44,True,0
Victor Lindelöf,DEF,Aston Villa,0.0,0,0,0,0,0,0.0,0,719,0.00,0.00,0.00,0.00,321,0,0,0.0,0.0,2026-04-19T13:00:00Z,0,False,17,0,0,0,0,0,33,0,13129,0,0,3,4,0.0,0,-22,249,271,45,True,0
Pierre Ekwah Elimby,MID,Sunderland,0.0,0,0,0,0,0,0.0,0,556,0.00,0.00,0.00,0.00,321,0,0,0.0,0.0,2026-04-19T13:00:00Z,0,False,2,0,0,0,0,0,33,0,650,0,0,3,4,0.0,0,-1,0,1,45,False,0
Crysencio Summerville,MID,West Ham,0.0,0,0,9,1,2,4.9,8,615,0.02,0.14,0.12,0.73,324,0,0,2.3,8.6,2026-04-20T19:00:00Z,90,False,8,0,0,0,5,0,33,0,167854,1,1,0,0,9.0,3,-9225,6088,15313,55,False,0
Kian McMahon-Brown,MID,Burnley,0.0,0,0,0,0,0,0.0,0,820,0.00,0.00,0.00,0.00,329,0,0,0.0,0.0,2026-04-19T13:00:00Z,0,False,16,0,0,0,0,0,33,0,204,0,0,1,4,0.0,0,-3,20,23,45,False,0
Kian McMahon-Brown,MID,Burnley,0.0,0,0,0,0,0,0.0,0,820,0.00,0.00,0.00,0.00,334,0,0,0.0,0.0,2026-04-22T19:00:00Z,0,False,13,0,0,0,0,0,33,0,204,0,0,1,0,0.0,0,-3,20,23,45,True,0
Philip Billing,MID,Bournemouth,0.0,0,0,0,0,0,0.0,0,89,0.00,0.00,0.00,0.00,328,0,0,0.0,0.0,2026-04-18T14:00:00Z,0,False,15,0,0,0,0,0,33,0,2730,0,0,2,1,0.0,0,-2,0,2,49,False,0
Philip Billing,MID,Bournemouth,0.0,0,0,0,0,0,0.0,0,89,0.00,0.00,0.00,0.00,332,0,0,0.0,0.0,2026-04-22T19:00:00Z,0,False,11,0,0,0,0,0,33,0,2730,0,0,2,2,0.0,0,-2,0,2,49,True,0
Cristhian Mosquera,DEF,Arsenal,0.0,0,0,6,0,4,1.3,7,662,0.01,0.11,0.10,1.36,327,2,0,1.5,9.8,2026-04-19T15:30:00Z,73,False,13,0,0,0,3,0,33,0,20008,1,3,1,2,4.0,0,19,552,533,53,False,1
Ethan Nwaneri,MID,Arsenal,0.0,0,0,0,0,0,0.0,0,25,0.00,0.00,0.00,0.00,327,0,0,0.0,0.0,2026-04-19T15:30:00Z,0,False,13,0,0,0,0,0,33,0,14754,0,0,1,2,0.0,0,-30,0,30,50,False,0
Bryan Gil Salvatierra,MID,Spurs,0.0,0,0,0,0,0,0.0,0,590,0.00,0.00,0.00,0.00,330,0,0,0.0,0.0,2026-04-18T16:30:00Z,0,False,6,0,0,0,0,0,33,0,3395,0,0,2,2,0.0,0,-5,0,5,49,True,0
Callum Olusesi,MID,Spurs,0.0,0,0,0,0,0,0.0,0,595,0.00,0.00,0.00,0.00,330,0,0,0.0,0.0,2026-04-18T16:30:00Z,0,False,6,0,0,0,0,0,33,0,26751,0,0,2,2,0.0,0,-219,100,319,43,True,0
Elyh Harrison,GK,Man Utd,0.0,0,0,0,0,0,0.0,0,433,0.00,0.00,0.00,0.00,323,0,0,0.0,0.0,2026-04-18T19:00:00Z,0,False,7,0,0,0,0,0,33,0,193,0,0,1,0,0.0,0,-2,0,2,40,False,0
Ellery Balcombe,GK,Brentford,0.0,0,0,0,0,0,0.0,0,102,0.00,0.00,0.00,0.00,322,0,0,0.0,0.0,2026-04-18T11:30:00Z,0,False,10,0,0,0,0,0,33,0,32920,0,0,0,0,0.0,0,-281,93,374,39,True,0
Gustavo Nunes Fernandes Gomes,MID,Brentford,0.0,0,0,0,0,0,0.0,0,127,0.00,0.00,0.00,0.00,322,0,0,0.0,0.0,2026-04-18T11:30:00Z,0,False,10,0,0,0,0,0,33,0,1650,0,0,0,0,0.0,0,-9,0,9,49,True,0
Boubacar Traoré,MID,Wolves,0.0,0,0,0,0,0,0.0,0,649,0.00,0.00,0.00,0.00,326,0,0,0.0,0.0,2026-04-18T14:00:00Z,0,False,11,0,0,0,0,0,33,0,119,0,0,0,3,0.0,0,0,0,0,50,False,0
Luka Vušković,DEF,Spurs,0.0,0,0,0,0,0,0.0,0,578,0.00,0.00,0.00,0.00,330,0,0,0.0,0.0,2026-04-18T16:30:00Z,0,False,6,0,0,0,0,0,33,0,40175,0,0,2,2,0.0,0,-104,0,104,39,True,0
Mateus Gonçalo Espanha Fernandes,MID,West Ham,0.0,0,0,22,1,0,5.3,13,708,0.04,0.04,0.00,0.73,324,0,0,1.6,8.6,2026-04-20T19:00:00Z,90,False,8,0,0,0,10,0,33,0,48420,1,3,0,0,2.0,5,-6882,1815,8697,55,False,0
Kenny Tete,DEF,Fulham,0.0,0,0,0,0,0,0.0,0,322,0.00,0.00,0.00,0.00,322,0,0,0.0,0.0,2026-04-18T11:30:00Z,0,False,5,0,0,0,0,0,33,0,31796,0,0,0,0,0.0,0,-6022,31,6053,45,False,0
Landon Emenalo,MID,Chelsea,0.0,0,0,0,0,0,0.0,0,743,0.00,0.00,0.00,0.00,323,0,0,0.0,0.0,2026-04-18T19:00:00Z,0,False,14,0,0,0,0,0,33,0,1605,0,0,1,0,0.0,0,-4,17,21,45,True,0
Landon Emenalo,MID,Chelsea,0.0,0,0,0,0,0,0.0,0,743,0.00,0.00,0.00,0.00,333,0,0,0.0,0.0,2026-04-21T19:00:00Z,0,False,6,0,0,0,0,0,33,0,1605,0,0,0,3,0.0,0,-4,17,21,45,False,0
Dilane Bakwa,MID,Nott'm Forest,0.0,0,0,5,0,0,15.8,4,734,0.04,0.04,0.00,0.21,329,1,0,2.5,5.2,2026-04-19T13:00:00Z,45,False,3,0,0,0,3,0,33,0,2858,1,1,1,4,4.0,1,10,54,44,59,True,0
Matt O'Riley,MID,Brighton,0.0,0,0,3,0,0,0.3,1,164,0.00,0.00,0.00,0.12,330,1,0,0.4,3.6,2026-04-18T16:30:00Z,15,False,18,0,0,0,0,0,33,0,44558,0,1,2,2,0.0,1,166,345,179,55,False,0
Matt O'Riley,MID,Brighton,0.0,0,0,3,0,0,0.0,0,164,0.00,0.00,0.00,0.00,333,0,0,0.0,0.2,2026-04-21T19:00:00Z,1,False,7,0,0,0,0,0,33,0,44558,0,0,0,3,0.0,1,166,345,179,55,True,0
Senne Lammens,GK,Man Utd,0.0,0,3,30,1,0,0.0,0,733,0.00,0.00,0.00,1.57,323,0,0,2.4,24.0,2026-04-18T19:00:00Z,90,False,7,0,0,0,6,0,33,3,352656,1,0,1,0,0.0,10,-13392,6632,20024,51,False,0
Dean Benamar,DEF,Crystal Palace,0.0,0,0,0,0,0,0.0,0,773,0.00,0.00,0.00,0.00,324,0,0,0.0,0.0,2026-04-20T19:00:00Z,0,False,19,0,0,0,0,0,33,0,2135,0,0,0,0,0.0,0,-7,16,23,40,True,0
Carl Rushworth,GK,Brighton,0.0,0,0,0,0,0,0.0,0,141,0.00,0.00,0.00,0.00,330,0,0,0.0,0.0,2026-04-18T16:30:00Z,0,False,18,0,0,0,0,0,33,0,243,0,0,2,2,0.0,0,0,0,0,40,False,0
Carl Rushworth,GK,Brighton,0.0,0,0,0,0,0,0.0,0,141,0.00,0.00,0.00,0.00,333,0,0,0.0,0.0,2026-04-21T19:00:00Z,0,False,7,0,0,0,0,0,33,0,243,0,0,0,3,0.0,0,0,0,0,40,True,0
Walter Benítez,GK,Crystal Palace,0.0,0,0,0,0,0,0.0,0,254,0.00,0.00,0.00,0.00,324,0,0,0.0,0.0,2026-04-20T19:00:00Z,0,False,19,0,0,0,0,0,33,0,42911,0,0,0,0,0.0,0,-651,419,1070,39,True,0
John Ruddy,GK,Newcastle,0.0,0,0,0,0,0,0.0,0,753,0.00,0.00,0.00,0.00,328,0,0,0.0,0.0,2026-04-18T14:00:00Z,0,False,4,0,0,0,0,0,33,0,2507,0,0,2,1,0.0,0,5,42,37,40,True,0
Ibrahim Sangaré,MID,Nott'm Forest,0.0,0,0,12,0,3,14.6,12,521,0.05,0.05,0.00,0.36,329,1,0,2.9,12.8,2026-04-19T13:00:00Z,90,False,3,0,0,0,7,0,33,0,8841,1,2,1,4,2.0,4,103,345,242,49,True,0
Zak Johnson,DEF,Sunderland,0.0,0,0,0,0,0,0.0,0,538,0.00,0.00,0.00,0.00,321,0,0,0.0,0.0,2026-04-19T13:00:00Z,0,False,2,0,0,0,0,0,33,0,25640,0,0,3,4,0.0,0,-236,0,236,38,False,0
Brennan Johnson,MID,Crystal Palace,0.0,0,0,-1,1,1,1.7,7,580,0.04,0.42,0.38,0.57,324,0,0,0.5,0.0,2026-04-20T19:00:00Z,77,False,19,0,0,0,4,0,33,0,302375,1,2,0,0,7.0,2,-737,860,1597,65,True,1
Dominic Sadi,MID,Bournemouth,0.0,0,0,0,0,0,0.0,0,94,0.00,0.00,0.00,0.00,328,0,0,0.0,0.0,2026-04-18T14:00:00Z,0,False,15,0,0,0,0,0,33,0,3837,0,0,2,1,0.0,0,-11,0,11,45,False,0
Dominic Sadi,MID,Bournemouth,0.0,0,0,0,0,0,0.0,0,94,0.00,0.00,0.00,0.00,332,0,0,0.0,0.0,2026-04-22T19:00:00Z,0,False,11,0,0,0,0,0,33,0,3837,0,0,2,2,0.0,0,-11,0,11,45,True,0
Ian Poveda-Ocampo,MID,Sunderland,0.0,0,0,0,0,0,0.0,0,550,0.00,0.00,0.00,0.00,321,0,0,0.0,0.0,2026-04-19T13:00:00Z,0,False,2,0,0,0,0,0,33,0,3309,0,0,3,4,0.0,0,-1,22,23,47,False,0
Rayan Aït-Nouri,DEF,Man City,0.0,0,0,0,0,0,0.0,0,402,0.00,0.00,0.00,0.00,327,0,0,0.0,0.0,2026-04-19T15:30:00Z,0,False,1,0,0,0,0,0,33,0,559149,0,0,1,2,0.0,0,-6659,8212,14871,57,True,0
Rayan Aït-Nouri,DEF,Man City,0.0,0,2,31,1,0,27.9,1,402,0.03,0.10,0.07,0.53,334,0,0,5.0,8.6,2026-04-22T19:00:00Z,64,False,3,0,0,0,4,0,33,0,559149,1,1,1,0,13.0,8,-6659,8212,14871,57,False,0
Carlos Baleba,MID,Brighton,0.0,0,0,0,0,0,0.0,0,167,0.00,0.00,0.00,0.00,330,0,0,0.0,0.0,2026-04-18T16:30:00Z,0,False,18,0,0,0,0,0,33,0,192811,0,0,2,2,0.0,0,-535,2976,3511,45,False,0
Carlos Baleba,MID,Brighton,0.0,0,0,17,1,3,12.8,10,167,0.33,0.33,0.00,0.37,333,0,0,3.0,15.2,2026-04-21T19:00:00Z,90,False,7,0,0,0,6,0,33,0,192811,1,1,0,3,2.0,3,-535,2976,3511,45,True,0
James Wright,GK,Aston Villa,0.0,0,0,0,0,0,0.0,0,688,0.00,0.00,0.00,0.00,321,0,0,0.0,0.0,2026-04-19T13:00:00Z,0,False,17,0,0,0,0,0,33,0,76748,0,0,3,4,0.0,0,-478,113,591,39,True,0
Jamie Bynoe-Gittens,MID,Chelsea,0.0,0,0,0,0,0,0.0,0,239,0.00,0.00,0.00,0.00,323,0,0,0.0,0.0,2026-04-18T19:00:00Z,0,False,14,0,0,0,0,0,33,0,13022,0,0,1,0,0.0,0,-45,5,50,60,True,0
Jamie Bynoe-Gittens,MID,Chelsea,0.0,0,0,0,0,0,0.0,0,239,0.00,0.00,0.00,0.00,333,0,0,0.0,0.0,2026-04-21T19:00:00Z,0,False,6,0,0,0,0,0,33,0,13022,0,0,0,3,0.0,0,-45,5,50,60,False,0
Dejan Kulusevski,MID,Spurs,0.0,0,0,0,0,0,0.0,0,583,0.00,0.00,0.00,0.00,330,0,0,0.0,0.0,2026-04-18T16:30:00Z,0,False,6,0,0,0,0,0,33,0,1767,0,0,2,2,0.0,0,9,27,18,64,True,0
Wilfried Gnonto,MID,Leeds,0.0,0,0,5,0,0,10.8,1,351,0.00,0.00,0.00,0.11,326,0,0,1.8,3.2,2026-04-18T14:00:00Z,23,False,20,0,0,0,1,0,33,0,11381,0,0,0,3,4.0,1,253,395,142,51,True,0
Wilfried Gnonto,MID,Leeds,0.0,1,0,20,0,2,14.9,6,351,0.17,0.24,0.07,0.62,332,1,0,3.1,9.6,2026-04-22T19:00:00Z,26,False,4,0,0,0,2,0,33,0,11381,0,2,2,2,6.0,4,253,395,142,51,False,0
Lisandro Martínez,DEF,Man Utd,0.0,0,0,0,0,0,0.0,0,437,0.00,0.00,0.00,0.00,323,0,0,0.0,0.0,2026-04-18T19:00:00Z,0,False,7,0,0,0,0,0,33,0,56144,0,0,1,0,0.0,0,-3760,141,3901,48,False,0
El Hadji Malick Diouf,DEF,West Ham,0.0,0,0,22,1,5,32.8,5,603,0.13,0.14,0.01,0.73,324,0,0,4.9,15.2,2026-04-20T19:00:00Z,90,False,8,0,0,0,2,0,33,0,297447,1,0,0,0,1.0,5,-9987,4147,14134,41,False,1
Leon Chiwome,FWD,Wolves,0.0,0,0,0,0,0,0.0,0,657,0.00,0.00,0.00,0.00,326,0,0,0.0,0.0,2026-04-18T14:00:00Z,0,False,11,0,0,0,0,0,33,0,4330,0,0,0,3,0.0,0,25,135,110,44,False,0
João Victor Gomes da Silva,MID,Wolves,0.0,0,0,8,0,2,3.9,10,646,0.02,0.02,0.00,2.82,326,3,0,0.7,3.4,2026-04-18T14:00:00Z,90,False,11,0,0,0,7,0,33,0,46664,1,1,0,3,0.0,2,-6372,3119,9491,53,False,0
Jaydon Banel,MID,Burnley,0.0,0,0,0,0,0,0.0,0,213,0.00,0.00,0.00,0.00,329,0,0,0.0,0.0,2026-04-19T13:00:00Z,0,False,16,0,0,0,0,0,33,0,4754,0,0,1,4,0.0,0,-34,0,34,45,False,0
Jaydon Banel,MID,Burnley,0.0,0,0,0,0,0,0.0,0,213,0.00,0.00,0.00,0.00,334,0,0,0.0,0.0,2026-04-22T19:00:00Z,0,False,13,0,0,0,0,0,33,0,4754,0,0,1,0,0.0,0,-34,0,34,45,True,0
Kjell Scherpen,GK,Brighton,0.0,0,0,0,0,0,0.0,0,142,0.00,0.00,0.00,0.00,330,0,0,0.0,0.0,2026-04-18T16:30:00Z,0,False,18,0,0,0,0,0,33,0,227,0,0,2,2,0.0,0,-2,0,2,40,False,0
Kjell Scherpen,GK,Brighton,0.0,0,0,0,0,0,0.0,0,142,0.00,0.00,0.00,0.00,333,0,0,0.0,0.0,2026-04-21T19:00:00Z,0,False,7,0,0,0,0,0,33,0,227,0,0,0,3,0.0,0,-2,0,2,40,True,0
Levi Samuels Colwill,DEF,Chelsea,0.0,0,0,0,0,0,0.0,0,227,0.00,0.00,0.00,0.00,323,0,0,0.0,0.0,2026-04-18T19:00:00Z,0,False,14,0,0,0,0,0,33,0,13398,0,0,1,0,0.0,0,-22,14,36,47,True,0
Levi Samuels Colwill,DEF,Chelsea,0.0,0,0,0,0,0,0.0,0,227,0.00,0.00,0.00,0.00,333,0,0,0.0,0.0,2026-04-21T19:00:00Z,0,False,6,0,0,0,0,0,33,0,13398,0,0,0,3,0.0,0,-22,14,36,47,False,0
Shea Lacey,MID,Man Utd,0.0,0,0,0,0,0,0.0,0,755,0.00,0.00,0.00,0.00,323,0,0,0.0,0.0,2026-04-18T19:00:00Z,0,False,7,0,0,0,0,0,33,0,1597,0,0,1,0,0.0,0,-22,42,64,45,False,0
Harvey Elliott,MID,Aston Villa,0.0,0,0,0,0,0,0.0,0,389,0.00,0.00,0.00,0.00,321,0,0,0.0,0.0,2026-04-19T13:00:00Z,0,False,17,0,0,0,0,0,33,0,21564,0,0,3,4,0.0,0,-10,101,111,51,True,0
Olivier Boscagli,DEF,Brighton,0.0,0,0,11,0,8,6.1,8,143,0.04,0.04,0.00,1.09,330,2,0,2.7,21.0,2026-04-18T16:30:00Z,90,False,18,0,0,0,7,0,33,0,30287,1,0,2,2,0.0,1,8629,9396,767,42,False,0
Olivier Boscagli,DEF,Brighton,0.0,0,0,28,1,5,1.3,7,143,0.03,0.03,0.00,0.37,333,0,0,1.7,15.6,2026-04-21T19:00:00Z,90,False,7,0,0,0,1,0,33,0,30287,1,2,0,3,0.0,6,8629,9396,767,42,True,0
Takai Kōta,DEF,Spurs,0.0,0,0,0,0,0,0.0,0,577,0.00,0.00,0.00,0.00,330,0,0,0.0,0.0,2026-04-18T16:30:00Z,0,False,6,0,0,0,0,0,33,0,5615,0,0,2,2,0.0,0,-30,0,30,40,True,0
Jeremie Frimpong,DEF,Liverpool,0.0,0,0,0,0,0,0.1,0,370,0.00,0.00,0.00,0.00,325,0,0,0.0,0.0,2026-04-19T13:00:00Z,6,False,9,0,0,0,0,0,33,0,662617,0,0,2,1,0.0,1,-3494,7468,10962,57,False,0
Nehemiah Oriola,MID,Brighton,0.0,0,0,0,0,0,0.0,0,744,0.00,0.00,0.00,0.00,330,0,0,0.0,0.0,2026-04-18T16:30:00Z,0,False,18,0,0,0,0,0,33,0,1895,0,0,2,2,0.0,0,13,61,48,45,False,0
Nehemiah Oriola,MID,Brighton,0.0,0,0,0,0,0,0.0,0,744,0.00,0.00,0.00,0.00,333,0,0,0.0,0.0,2026-04-21T19:00:00Z,0,False,7,0,0,0,0,0,33,0,1895,0,0,0,3,0.0,0,13,61,48,45,True,0
Joe Rodon,DEF,Leeds,0.0,0,0,3,0,0,0.2,0,348,0.00,0.00,0.00,0.00,326,0,0,0.1,0.4,2026-04-18T14:00:00Z,1,False,20,0,0,0,0,0,33,0,365843,0,0,0,3,0.0,1,-76405,505,76910,39,True,0
Joe Rodon,DEF,Leeds,0.0,0,0,1,0,7,0.8,8,348,0.08,0.10,0.02,1.10,332,2,0,3.7,16.8,2026-04-22T19:00:00Z,45,False,4,0,0,0,0,0,33,0,365843,0,1,2,2,19.0,0,-76405,505,76910,39,False,0
Jenson Seelt,DEF,Sunderland,0.0,0,0,0,0,0,0.0,0,542,0.00,0.00,0.00,0.00,321,0,0,0.0,0.0,2026-04-19T13:00:00Z,0,False,2,0,0,0,0,0,33,0,10875,0,0,3,4,0.0,0,-23,0,23,40,False,0
Marshall Munetsi,MID,Wolves,0.0,0,0,0,0,0,0.0,0,648,0.00,0.00,0.00,0.00,326,0,0,0.0,0.0,2026-04-18T14:00:00Z,0,False,11,0,0,0,0,0,33,0,4502,0,0,0,3,0.0,0,-11,0,11,53,False,0
Mateus Mané,FWD,Wolves,0.0,0,0,4,0,1,14.3,8,749,0.03,0.16,0.13,1.07,326,1,0,3.3,8.2,2026-04-18T14:00:00Z,52,False,11,0,0,0,3,0,33,0,151057,0,4,0,3,10.0,1,-28243,3525,31768,43,False,0
Rhys Williams,DEF,Liverpool,0.0,0,0,0,0,0,0.0,0,379,0.00,0.00,0.00,0.00,325,0,0,0.0,0.0,2026-04-19T13:00:00Z,0,False,9,0,0,0,0,0,33,0,72455,0,0,2,1,0.0,0,-2077,579,2656,37,False,0
Luis Eduardo Soares da Silva,DEF,Nott'm Forest,0.0,0,0,0,0,0,0.0,0,729,0.00,0.00,0.00,0.00,329,0,0,0.0,0.0,2026-04-19T13:00:00Z,0,False,3,0,0,0,0,0,33,0,133,0,0,1,4,0.0,0,0,0,0,45,True,0
Josh Laurent,MID,Burnley,0.0,0,0,7,0,1,0.6,3,209,0.01,0.01,0.00,0.22,329,1,0,0.8,5.4,2026-04-19T13:00:00Z,7,False,16,0,0,0,0,0,33,0,4853,0,2,1,4,2.0,1,-30,77,107,48,False,0
Josh Laurent,MID,Burnley,0.0,0,0,7,0,3,13.4,10,209,0.03,0.03,0.00,2.48,334,1,0,2.5,7.2,2026-04-22T19:00:00Z,86,False,13,0,0,0,5,0,33,0,4853,1,2,1,0,4.0,2,-30,77,107,48,True,0
Diego León Blanco,DEF,Man Utd,0.0,0,0,0,0,0,0.0,0,439,0.00,0.00,0.00,0.00,323,0,0,0.0,0.0,2026-04-18T19:00:00Z,0,False,7,0,0,0,0,0,33,0,7468,0,0,1,0,0.0,0,-3,34,37,41,False,0
Romaine Mundle,MID,Sunderland,0.0,0,0,0,0,0,0.0,0,548,0.00,0.00,0.00,0.00,321,0,0,0.0,0.0,2026-04-19T13:00:00Z,0,False,2,0,0,0,0,0,33,0,1048,0,0,3,4,0.0,0,-5,6,11,49,False,0
Will Dennis,GK,Bournemouth,0.0,0,0,0,0,0,0.0,0,68,0.00,0.00,0.00,0.00,328,0,0,0.0,0.0,2026-04-18T14:00:00Z,0,False,15,0,0,0,0,0,33,0,91582,0,0,2,1,0.0,0,-988,0,988,40,False,0
Will Dennis,GK,Bournemouth,0.0,0,0,0,0,0,0.0,0,68,0.00,0.00,0.00,0.00,332,0,0,0.0,0.0,2026-04-22T19:00:00Z,0,False,11,0,0,0,0,0,33,0,91582,0,0,2,2,0.0,0,-988,0,988,40,True,0
Harry Howell,MID,Brighton,0.0,0,0,0,0,0,0.0,0,795,0.00,0.00,0.00,0.00,330,0,0,0.0,0.0,2026-04-18T16:30:00Z,0,False,18,0,0,0,0,0,33,0,826,0,0,2,2,0.0,0,11,52,41,45,False,0
Harry Howell,MID,Brighton,0.0,0,0,0,0,0,0.0,0,795,0.00,0.00,0.00,0.00,333,0,0,0.0,0.0,2026-04-21T19:00:00Z,0,False,7,0,0,0,0,0,33,0,826,0,0,0,3,0.0,0,11,52,41,45,True,0
Callum Wilson,FWD,West Ham,0.0,0,0,2,0,0,0.0,0,671,0.00,0.00,0.00,0.12,324,0,0,0.2,0.2,2026-04-20T19:00:00Z,15,False,8,0,0,0,0,0,33,0,65608,0,0,0,0,2.0,1,-963,300,1263,58,False,0
Ronnie Hollingshead,GK,Aston Villa,0.0,0,0,0,0,0,0.0,0,757,0.00,0.00,0.00,0.00,321,0,0,0.0,0.0,2026-04-19T13:00:00Z,0,False,17,0,0,0,0,0,33,0,2087,0,0,3,4,0.0,0,-6,23,29,40,True,0
Vitaly Janelt,MID,Brentford,0.0,0,0,0,0,0,0.0,0,125,0.00,0.00,0.00,0.00,322,0,0,0.0,0.0,2026-04-18T11:30:00Z,0,False,10,0,0,0,0,0,33,0,14662,0,0,0,0,0.0,0,-1941,13,1954,49,True,0
Douglas Luiz Soares de Paulo,MID,Aston Villa,0.0,0,0,0,0,0,0.0,0,699,0.00,0.00,0.00,0.00,321,0,0,0.0,0.0,2026-04-19T13:00:00Z,0,False,17,0,0,0,0,0,33,0,11267,0,0,3,4,0.0,0,-861,151,1012,49,True,0
Marcus Tavernier,MID,Bournemouth,0.0,0,1,26,0,2,42.3,9,84,0.48,1.66,1.18,1.01,328,1,1,14.3,46.0,2026-04-18T14:00:00Z,88,False,15,0,0,0,7,0,33,0,1033677,1,0,2,1,55.0,7,200661,212043,11382,54,False,1
Marcus Tavernier,MID,Bournemouth,0.0,0,0,15,0,0,30.5,7,84,0.11,0.17,0.06,0.47,332,1,0,5.0,8.0,2026-04-22T19:00:00Z,90,False,11,0,0,0,6,0,33,0,1033677,1,1,2,2,11.0,2,200661,212043,11382,54,True,0
Virgil van Dijk,DEF,Liverpool,0.0,0,0,27,0,8,0.6,8,373,0.00,0.23,0.23,0.79,325,1,1,8.4,50.0,2026-04-19T13:00:00Z,90,False,9,0,0,0,4,0,33,0,3884894,1,0,2,1,33.0,8,-123729,43995,167724,63,False,0
Son Heung-min,MID,Spurs,0.0,0,0,0,0,0,0.0,0,579,0.00,0.00,0.00,0.00,330,0,0,0.0,0.0,2026-04-18T16:30:00Z,0,False,6,0,0,0,0,0,33,0,15182,0,0,2,2,0.0,0,-10,0,10,85,True,0
Axel Disasi,DEF,West Ham,0.0,0,1,33,1,11,0.3,14,815,0.00,0.00,0.00,0.73,324,0,0,2.9,29.0,2026-04-20T19:00:00Z,90,False,8,0,0,0,3,0,33,0,15101,1,3,0,0,0.0,9,-33,1158,1191,45,False,0
Luca Netz,DEF,Nott'm Forest,0.0,0,0,0,0,0,0.0,0,814,0.00,0.00,0.00,0.00,329,0,0,0.0,0.0,2026-04-19T13:00:00Z,0,False,3,0,0,0,0,0,33,0,719,0,0,1,4,0.0,0,5,30,25,45,True,0
Antoñito Cordero Campillo,MID,Newcastle,0.0,0,0,0,0,0,0.0,0,492,0.00,0.00,0.00,0.00,328,0,0,0.0,0.0,2026-04-18T14:00:00Z,0,False,4,0,0,0,0,0,33,0,2664,0,0,2,1,0.0,0,0,0,0,49,True,0
Callum Marshall,FWD,West Ham,0.0,0,0,0,0,0,0.0,0,626,0.00,0.00,0.00,0.00,324,0,0,0.0,0.0,2026-04-20T19:00:00Z,0,False,8,0,0,0,0,0,33,0,65689,0,0,0,0,0.0,0,-347,0,347,43,False,0
Garang Kuol,MID,Newcastle,0.0,0,0,0,0,0,0.0,0,496,0.00,0.00,0.00,0.00,328,0,0,0.0,0.0,2026-04-18T14:00:00Z,0,False,4,0,0,0,0,0,33,0,4205,0,0,2,1,0.0,0,-6,0,6,44,True,0
Fábio Ferreira Vieira,MID,Arsenal,0.0,0,0,0,0,0,0.0,0,23,0.00,0.00,0.00,0.00,327,0,0,0.0,0.0,2026-04-19T15:30:00Z,0,False,13,0,0,0,0,0,33,0,2453,0,0,1,2,0.0,0,-3,0,3,54,False,0
Jean-Philippe Mateta,FWD,Crystal Palace,0.0,0,0,0,0,0,1.9,1,283,0.01,0.01,0.00,0.06,324,0,0,0.5,0.0,2026-04-20T19:00:00Z,31,False,19,0,0,0,1,0,33,0,936538,0,0,0,0,4.0,1,85078,90468,5390,75,True,0
Gabriel Fernando de Jesus,FWD,Arsenal,0.0,0,0,0,0,0,0.0,0,31,0.00,0.00,0.00,0.00,327,0,0,0.0,0.0,2026-04-19T15:30:00Z,0,False,13,0,0,0,0,0,33,0,42596,0,0,1,2,0.0,0,-1425,338,1763,64,False,0
Maximilian Kilman,DEF,West Ham,0.0,0,0,0,0,0,0.0,0,605,0.00,0.00,0.00,0.00,324,0,0,0.0,0.0,2026-04-20T19:00:00Z,0,False,8,0,0,0,0,0,33,0,17875,0,0,0,0,0.0,0,-275,69,344,41,False,0
Tawanda Chirewa,MID,Wolves,0.0,0,0,0,0,0,0.0,0,650,0.00,0.00,0.00,0.00,326,0,0,0.0,0.0,2026-04-18T14:00:00Z,0,False,11,0,0,0,0,0,33,0,25295,0,0,0,3,0.0,0,-215,0,215,43,False,0
Elijah Campbell,DEF,Everton,0.0,0,0,0,0,0,0.0,0,705,0.00,0.00,0.00,0.00,325,0,0,0.0,0.0,2026-04-19T13:00:00Z,0,False,12,0,0,0,0,0,33,0,19556,0,0,2,1,0.0,0,-108,0,108,39,True,0
Christantus Uche,FWD,Crystal Palace,0.0,0,0,0,0,0,0.0,0,732,0.00,0.00,0.00,0.00,324,0,0,0.0,0.0,2026-04-20T19:00:00Z,0,False,19,0,0,0,0,0,33,0,6746,0,0,0,0,0.0,0,-75,82,157,55,True,0
Rayan Vitor Simplício Rocha,MID,Bournemouth,0.0,1,0,20,0,1,13.0,7,807,0.27,0.30,0.03,0.76,328,1,0,3.7,18.6,2026-04-18T14:00:00Z,77,False,15,0,0,0,5,0,33,0,239772,1,1,2,1,5.0,5,-548,16132,16680,55,False,0
Rayan Vitor Simplício Rocha,MID,Bournemouth,0.0,0,0,20,0,1,1.6,1,807,0.00,0.30,0.30,0.56,332,2,1,7.4,36.0,2026-04-22T19:00:00Z,23,False,11,0,0,0,0,0,33,0,239772,0,0,2,2,36.0,6,-548,16132,16680,55,True,0
Harry Maguire,DEF,Man Utd,0.0,0,0,0,0,0,0.0,0,442,0.00,0.00,0.00,0.00,323,0,0,0.0,0.0,2026-04-18T19:00:00Z,0,False,7,0,0,0,0,0,33,0,147513,0,0,1,0,0.0,0,-24652,1295,25947,44,False,0
Hjalmar Ekdal,DEF,Burnley,0.0,0,0,-1,0,9,0.2,9,190,0.00,0.00,0.00,1.19,329,4,0,1.8,17.6,2026-04-19T13:00:00Z,90,False,16,0,0,0,4,0,33,0,94264,1,0,1,4,0.0,0,-1464,596,2060,38,False,0
Hjalmar Ekdal,DEF,Burnley,0.0,0,0,12,0,9,0.3,10,190,0.06,0.10,0.04,3.54,334,1,0,3.8,27.8,2026-04-22T19:00:00Z,90,False,13,0,0,0,3,0,33,0,94264,1,1,1,0,10.0,4,-1464,596,2060,38,True,0
Mason Mount,MID,Man Utd,0.0,0,0,-2,0,1,1.8,3,455,0.01,0.01,0.00,0.08,323,0,0,0.6,2.6,2026-04-18T19:00:00Z,9,False,7,0,0,0,1,0,33,0,36220,0,1,1,0,2.0,0,-88,116,204,59,False,1
Paris Maghoma,MID,Brentford,0.0,0,0,0,0,0,0.0,0,132,0.00,0.00,0.00,0.00,322,0,0,0.0,0.0,2026-04-18T11:30:00Z,0,False,10,0,0,0,0,0,33,0,2595,0,0,0,0,0.0,0,-29,0,29,45,True,0
Jair Paula da Cunha Filho,DEF,Nott'm Forest,0.0,0,0,6,0,6,1.6,6,510,0.00,0.00,0.00,0.32,329,1,0,1.7,15.8,2026-04-19T13:00:00Z,48,False,3,0,0,0,1,0,33,0,7784,0,0,1,4,0.0,1,-62,20,82,42,True,0
Freddie Potts,MID,West Ham,0.0,0,0,0,0,0,0.0,0,623,0.00,0.00,0.00,0.00,324,0,0,0.0,0.0,2026-04-20T19:00:00Z,0,False,8,0,0,0,0,0,33,0,66359,0,0,0,0,0.0,0,-1693,361,2054,43,False,0
Joško Gvardiol,DEF,Man City,0.0,0,0,0,0,0,0.0,0,403,0.00,0.00,0.00,0.00,327,0,0,0.0,0.0,2026-04-19T15:30:00Z,0,False,1,0,0,0,0,0,33,0,419914,0,0,1,2,0.0,0,-2041,95,2136,58,True,0
Joško Gvardiol,DEF,Man City,0.0,0,0,0,0,0,0.0,0,403,0.00,0.00,0.00,0.00,334,0,0,0.0,0.0,2026-04-22T19:00:00Z,0,False,3,0,0,0,0,0,33,0,419914,0,0,1,0,0.0,0,-2041,95,2136,58,False,0
Matthijs de Ligt,DEF,Man Utd,0.0,0,0,0,0,0,0.0,0,436,0.00,0.00,0.00,0.00,323,0,0,0.0,0.0,2026-04-18T19:00:00Z,0,False,7,0,0,0,0,0,33,0,233875,0,0,1,0,0.0,0,-579,21,600,49,False,0
Matheus França de Oliveira,MID,Crystal Palace,0.0,0,0,0,0,0,0.0,0,279,0.00,0.00,0.00,0.00,324,0,0,0.0,0.0,2026-04-20T19:00:00Z,0,False,19,0,0,0,0,0,33,0,764,0,0,0,0,0.0,0,-1,0,1,45,True,0
Nick Woltemade,FWD,Newcastle,0.0,0,0,2,0,0,0.3,1,714,0.01,0.01,0.00,0.00,328,0,0,0.2,0.0,2026-04-18T14:00:00Z,4,False,4,0,0,0,1,0,33,0,859500,0,0,2,1,2.0,1,-14323,3083,17406,67,True,0
Airidas Golambeckis,DEF,West Ham,0.0,0,0,0,0,0,0.0,0,752,0.00,0.00,0.00,0.00,324,0,0,0.0,0.0,2026-04-20T19:00:00Z,0,False,8,0,0,0,0,0,33,0,4085,0,0,0,0,0.0,0,-13,60,73,40,False,0
Lucas Bergvall,MID,Spurs,0.0,1,0,14,0,1,10.5,4,586,0.00,0.00,0.00,0.32,330,1,0,3.3,20.4,2026-04-18T16:30:00Z,14,False,6,0,0,0,2,0,33,0,22745,0,1,2,2,2.0,4,235,403,168,52,True,0
Mikel Merino Zazón,MID,Arsenal,0.0,0,0,0,0,0,0.0,0,22,0.00,0.00,0.00,0.00,327,0,0,0.0,0.0,2026-04-19T15:30:00Z,0,False,13,0,0,0,0,0,33,0,99970,0,0,1,2,0.0,0,-929,26,955,54,False,0
Braiden Graham,FWD,Everton,0.0,0,0,0,0,0,0.0,0,779,0.00,0.00,0.00,0.00,325,0,0,0.0,0.0,2026-04-19T13:00:00Z,0,False,12,0,0,0,0,0,33,0,4770,0,0,2,1,0.0,0,-82,114,196,45,True,0
Odsonne Édouard,FWD,Crystal Palace,0.0,0,0,0,0,0,0.0,0,285,0.00,0.00,0.00,0.00,324,0,0,0.0,0.0,2026-04-20T19:00:00Z,0,False,19,0,0,0,0,0,33,0,26532,0,0,0,0,0.0,0,-26,0,26,50,True,0
Joe Knight,MID,Brighton,0.0,0,0,0,0,0,0.0,0,175,0.00,0.00,0.00,0.00,330,0,0,0.0,0.0,2026-04-18T16:30:00Z,0,False,18,0,0,0,0,0,33,0,8723,0,0,2,2,0.0,0,-76,0,76,44,False,0
Joe Knight,MID,Brighton,0.0,0,0,0,0,0,0.0,0,175,0.00,0.00,0.00,0.00,333,0,0,0.0,0.0,2026-04-21T19:00:00Z,0,False,7,0,0,0,0,0,33,0,8723,0,0,0,3,0.0,0,-76,0,76,44,True,0
Zépiqueno Redmond,FWD,Aston Villa,0.0,0,0,0,0,0,0.0,0,65,0.00,0.00,0.00,0.00,321,0,0,0.0,0.0,2026-04-19T13:00:00Z,0,False,17,0,0,0,0,0,33,0,37229,0,0,3,4,0.0,0,-57,0,57,45,True,0
Matheus Santos Carneiro da Cunha,MID,Man Utd,0.0,0,0,25,1,2,12.8,6,450,0.02,0.24,0.22,1.49,323,0,1,6.8,33.8,2026-04-18T19:00:00Z,80,False,7,0,0,0,4,0,33,0,1001006,1,0,1,0,21.0,7,-78356,14895,93251,80,False,1
Max Merrick,GK,Chelsea,0.0,0,0,0,0,0,0.0,0,789,0.00,0.00,0.00,0.00,323,0,0,0.0,0.0,2026-04-18T19:00:00Z,0,False,14,0,0,0,0,0,33,0,1061,0,0,1,0,0.0,0,-4,15,19,40,True,0
Max Merrick,GK,Chelsea,0.0,0,0,0,0,0,0.0,0,789,0.00,0.00,0.00,0.00,333,0,0,0.0,0.0,2026-04-21T19:00:00Z,0,False,6,0,0,0,0,0,33,0,1061,0,0,0,3,0.0,0,-4,15,19,40,False,0
Chemsdine Talbi,MID,Sunderland,0.0,0,0,2,0,0,1.1,1,553,0.00,0.00,0.00,0.98,321,1,0,0.3,0.0,2026-04-19T13:00:00Z,27,False,2,0,0,0,1,0,33,0,20570,0,0,3,4,2.0,1,-589,235,824,49,False,0
Zach Abbott,DEF,Nott'm Forest,0.0,0,0,0,0,0,0.0,0,513,0.00,0.00,0.00,0.00,329,0,0,0.0,0.0,2026-04-19T13:00:00Z,0,False,3,0,0,0,0,0,33,0,33117,0,0,1,4,0.0,0,-400,90,490,38,True,0
Mykhailo Mudryk,MID,Chelsea,0.0,0,0,0,0,0,0.0,0,245,0.00,0.00,0.00,0.00,323,0,0,0.0,0.0,2026-04-18T19:00:00Z,0,False,14,0,0,0,0,0,33,0,1229,0,0,1,0,0.0,0,-5,15,20,49,True,0
Mykhailo Mudryk,MID,Chelsea,0.0,0,0,0,0,0,0.0,0,245,0.00,0.00,0.00,0.00,333,0,0,0.0,0.0,2026-04-21T19:00:00Z,0,False,6,0,0,0,0,0,33,0,1229,0,0,0,3,0.0,0,-5,15,20,49,False,0
Emile Smith Rowe,MID,Fulham,0.0,0,0,11,1,2,16.7,4,325,0.04,0.04,0.00,0.64,322,0,0,2.7,6.2,2026-04-18T11:30:00Z,66,False,5,0,0,0,1,0,33,0,64969,1,1,0,0,4.0,3,-1223,600,1823,56,False,0
Yves Bissouma,MID,Spurs,0.0,0,0,-3,0,0,1.7,4,587,0.00,0.00,0.00,0.44,330,1,0,0.0,0.0,2026-04-18T16:30:00Z,56,False,6,0,0,0,4,0,33,0,6010,1,0,2,2,0.0,0,5,55,50,52,True,1
Zian Flemming,FWD,Burnley,0.0,0,1,30,0,4,1.3,7,215,0.00,0.17,0.17,0.97,329,3,1,5.6,35.2,2026-04-19T13:00:00Z,83,False,16,0,0,0,2,0,33,0,52645,1,1,1,4,19.0,7,-1450,3870,5320,53,False,0
Zian Flemming,FWD,Burnley,0.0,0,0,2,0,3,1.7,5,215,0.02,0.29,0.27,2.41,334,1,0,0.8,0.0,2026-04-22T19:00:00Z,81,False,13,0,0,0,2,0,33,0,52645,1,0,1,0,8.0,2,-1450,3870,5320,53,True,0
Alfie Pond,DEF,Wolves,0.0,0,0,0,0,0,0.0,0,641,0.00,0.00,0.00,0.00,326,0,0,0.0,0.0,2026-04-18T14:00:00Z,0,False,11,0,0,0,0,0,33,0,121966,0,0,0,3,0.0,0,-990,0,990,39,False,0
Fraser Forster,GK,Bournemouth,0.0,0,0,0,0,0,0.0,0,782,0.00,0.00,0.00,0.00,328,0,0,0.0,0.0,2026-04-18T14:00:00Z,0,False,15,0,0,0,0,0,33,0,3544,0,0,2,1,0.0,0,52,174,122,40,False,0
Fraser Forster,GK,Bournemouth,0.0,0,0,0,0,0,0.0,0,782,0.00,0.00,0.00,0.00,332,0,0,0.0,0.0,2026-04-22T19:00:00Z,0,False,11,0,0,0,0,0,33,0,3544,0,0,2,2,0.0,0,52,174,122,40,True,0
Daniel Ballard,DEF,Sunderland,0.0,0,0,-4,0,1,1.2,2,531,0.00,0.00,0.00,0.98,321,1,0,0.7,6.2,2026-04-19T13:00:00Z,27,False,2,0,0,0,2,0,33,0,391765,0,1,3,4,0.0,0,-48031,1222,49253,47,False,1
Tim Iroegbunam,MID,Everton,0.0,0,0,0,0,0,0.0,0,304,0.00,0.00,0.00,0.00,325,0,0,0.0,0.0,2026-04-19T13:00:00Z,0,False,12,0,0,0,0,0,33,0,4877,0,0,2,1,0.0,0,-70,25,95,48,True,0
Lucas Digne,DEF,Aston Villa,0.0,1,0,10,0,1,14.1,1,37,0.29,0.29,0.00,1.45,321,2,0,3.6,21.4,2026-04-19T13:00:00Z,20,False,17,0,0,0,0,0,33,0,202288,0,0,3,4,0.0,3,199,4994,4795,45,True,0
Mads Hermansen,GK,West Ham,0.0,0,0,26,1,0,10.0,0,679,0.00,0.00,0.00,0.73,324,0,0,2.2,12.0,2026-04-20T19:00:00Z,90,False,8,0,0,0,12,0,33,1,60804,1,0,0,0,0.0,6,416,3146,2730,42,False,0
Viktor Gyökeres,FWD,Arsenal,0.0,0,0,3,0,0,0.0,0,666,0.00,0.00,0.00,0.00,327,0,0,0.0,0.0,2026-04-19T15:30:00Z,6,False,13,0,0,0,0,0,33,0,1480943,0,0,1,2,0.0,1,-41255,35537,76792,88,False,0
Emiliano Buendía Stati,MID,Aston Villa,0.0,0,0,4,0,1,1.6,3,50,0.00,0.21,0.21,1.45,321,2,0,1.2,0.2,2026-04-19T13:00:00Z,20,False,17,0,0,0,2,0,33,0,47012,0,0,3,4,10.0,1,-3116,612,3728,53,True,0
Benjamin Lecomte,GK,Fulham,0.0,0,0,0,0,0,0.0,0,664,0.00,0.00,0.00,0.00,322,0,0,0.0,0.0,2026-04-18T11:30:00Z,0,False,5,0,0,0,0,0,33,0,89493,0,0,0,0,0.0,0,-740,156,896,39,False,0
Ismeal Kabia,MID,Arsenal,0.0,0,0,0,0,0,0.0,0,28,0.00,0.00,0.00,0.00,327,0,0,0.0,0.0,2026-04-19T15:30:00Z,0,False,13,0,0,0,0,0,33,0,12442,0,0,1,2,0.0,0,-8,0,8,45,False,0
Isaac Hayden,MID,Newcastle,0.0,0,0,0,0,0,0.0,0,495,0.00,0.00,0.00,0.00,328,0,0,0.0,0.0,2026-04-18T14:00:00Z,0,False,4,0,0,0,0,0,33,0,760,0,0,2,1,0.0,0,0,0,0,45,True,0
Adrian Mazilu,MID,Brighton,0.0,0,0,0,0,0,0.0,0,176,0.00,0.00,0.00,0.00,330,0,0,0.0,0.0,2026-04-18T16:30:00Z,0,False,18,0,0,0,0,0,33,0,2355,0,0,2,2,0.0,0,-5,0,5,45,False,0
Adrian Mazilu,MID,Brighton,0.0,0,0,0,0,0,0.0,0,176,0.00,0.00,0.00,0.00,333,0,0,0.0,0.0,2026-04-21T19:00:00Z,0,False,7,0,0,0,0,0,33,0,2355,0,0,0,3,0.0,0,-5,0,5,45,True,0
Jurriën Timber,DEF,Arsenal,0.0,0,0,0,0,0,0.0,0,8,0.00,0.00,0.00,0.00,327,0,0,0.0,0.0,2026-04-19T15:30:00Z,0,False,13,0,0,0,0,0,33,0,2706001,0,0,1,2,0.0,0,-421063,3728,424791,62,False,0
Finlay Herrick,GK,West Ham,0.0,0,0,0,0,0,0.0,0,825,0.00,0.00,0.00,0.00,324,0,0,0.0,0.0,2026-04-20T19:00:00Z,0,False,8,0,0,0,0,0,33,0,287,0,0,0,0,0.0,0,20,41,21,40,False,0
Kyle Walker,DEF,Burnley,0.0,0,0,-5,0,4,3.1,5,187,0.02,0.02,0.00,1.19,329,4,0,1.6,10.6,2026-04-19T13:00:00Z,90,False,16,0,0,0,3,0,33,0,151777,1,1,1,4,2.0,-1,-499,2260,2759,44,False,1
Kyle Walker,DEF,Burnley,0.0,0,0,15,0,2,11.0,4,187,0.03,0.03,0.00,3.54,334,1,0,2.1,10.4,2026-04-22T19:00:00Z,90,False,13,0,0,0,7,0,33,0,151777,1,2,1,0,0.0,2,-499,2260,2759,44,True,0
Cole Palmer,MID,Chelsea,0.0,0,0,9,0,0,16.8,3,235,0.04,0.38,0.34,0.29,323,1,0,3.1,1.8,2026-04-18T19:00:00Z,90,False,14,0,0,0,2,0,33,0,2989978,1,1,1,0,12.0,2,263665,303185,39520,105,True,0
Cole Palmer,MID,Chelsea,0.0,0,0,0,0,0,0.0,0,235,0.00,0.00,0.00,0.00,333,0,0,0.0,0.0,2026-04-21T19:00:00Z,0,False,6,0,0,0,0,0,33,0,2989978,0,0,0,3,0.0,0,263665,303185,39520,105,False,0
Maxence Lacroix,DEF,Crystal Palace,0.0,0,3,38,1,10,10.8,10,257,0.01,0.01,0.00,0.61,324,0,0,4.5,30.6,2026-04-20T19:00:00Z,90,False,19,0,0,0,2,0,33,0,615762,1,0,0,0,4.0,11,-6992,23656,30648,51,True,0
Robert Lynch Sánchez,GK,Chelsea,0.0,0,0,7,0,1,0.0,0,220,0.00,0.00,0.00,0.29,323,1,0,0.9,9.2,2026-04-18T19:00:00Z,90,False,14,0,0,0,6,0,33,1,1617349,1,0,1,0,0.0,2,714,30335,29621,48,True,0
Robert Lynch Sánchez,GK,Chelsea,0.0,0,0,7,0,1,0.0,0,220,0.00,0.00,0.00,2.14,333,3,0,2.9,29.0,2026-04-21T19:00:00Z,90,False,6,0,0,0,10,0,33,4,1617349,1,0,0,3,0.0,2,714,30335,29621,48,False,0
Benjamin Fredrick,DEF,Brentford,0.0,0,0,0,0,0,0.0,0,115,0.00,0.00,0.00,0.00,322,0,0,0.0,0.0,2026-04-18T11:30:00Z,0,False,10,0,0,0,0,0,33,0,9469,0,0,0,0,0.0,0,-28,0,28,40,True,0
Brajan Gruda,MID,Brighton,0.0,0,0,0,0,0,0.0,0,162,0.00,0.00,0.00,0.00,330,0,0,0.0,0.0,2026-04-18T16:30:00Z,0,False,18,0,0,0,0,0,33,0,5900,0,0,2,2,0.0,0,-35,0,35,54,False,0
Brajan Gruda,MID,Brighton,0.0,0,0,0,0,0,0.0,0,162,0.00,0.00,0.00,0.00,333,0,0,0.0,0.0,2026-04-21T19:00:00Z,0,False,7,0,0,0,0,0,33,0,5900,0,0,0,3,0.0,0,-35,0,35,54,True,0
James Trafford,GK,Man City,0.0,0,0,0,0,0,0.0,0,182,0.00,0.00,0.00,0.00,327,0,0,0.0,0.0,2026-04-19T15:30:00Z,0,False,1,0,0,0,0,0,33,0,119224,0,0,1,2,0.0,0,-251,259,510,45,True,0
James Trafford,GK,Man City,0.0,0,0,0,0,0,0.0,0,182,0.00,0.00,0.00,0.00,334,0,0,0.0,0.0,2026-04-22T19:00:00Z,0,False,3,0,0,0,0,0,33,0,119224,0,0,1,0,0.0,0,-251,259,510,45,False,0
Ben Gannon-Doak,MID,Bournemouth,0.0,0,0,5,0,0,0.4,5,391,0.00,0.00,0.00,0.83,328,0,0,1.0,7.2,2026-04-18T14:00:00Z,12,False,15,0,0,0,2,0,33,0,4127,0,3,2,1,2.0,1,35,52,17,48,False,0
Ben Gannon-Doak,MID,Bournemouth,0.0,0,0,0,0,0,0.0,0,391,0.00,0.00,0.00,0.00,332,0,0,0.0,0.0,2026-04-22T19:00:00Z,0,False,11,0,0,0,0,0,33,0,4127,0,0,2,2,0.0,0,35,52,17,48,True,0
Max Alleyne,DEF,Man City,0.0,0,0,0,0,0,0.0,0,794,0.00,0.00,0.00,0.00,327,0,0,0.0,0.0,2026-04-19T15:30:00Z,0,False,1,0,0,0,0,0,33,0,1236,0,0,1,2,0.0,0,-62,40,102,39,True,0
Max Alleyne,DEF,Man City,0.0,0,0,0,0,0,0.0,0,794,0.00,0.00,0.00,0.00,334,0,0,0.0,0.0,2026-04-22T19:00:00Z,0,False,3,0,0,0,0,0,33,0,1236,0,0,1,0,0.0,0,-62,40,102,39,False,0
Saša Kalajdžić,FWD,Wolves,0.0,0,0,0,0,0,0.0,0,656,0.00,0.00,0.00,0.00,326,0,0,0.0,0.0,2026-04-18T14:00:00Z,0,False,11,0,0,0,0,0,33,0,6176,0,0,0,3,0.0,0,-7,0,7,49,False,0
Mitoma Kaoru,MID,Brighton,0.0,0,0,24,0,2,3.3,4,157,0.10,0.19,0.09,0.96,330,1,1,7.2,40.8,2026-04-18T16:30:00Z,54,False,18,0,0,0,0,0,33,0,308232,0,2,2,2,28.0,6,11272,22702,11430,61,False,0
Mitoma Kaoru,MID,Brighton,0.0,0,0,17,1,3,35.0,11,157,0.08,0.36,0.28,0.35,333,0,0,8.1,13.0,2026-04-21T19:00:00Z,81,False,7,0,0,0,7,0,33,0,308232,1,1,0,3,33.0,3,11272,22702,11430,61,True,0
Michael Keane,DEF,Everton,0.0,0,0,0,0,2,0.0,2,295,0.00,0.00,0.00,0.31,325,1,0,0.3,3.0,2026-04-19T13:00:00Z,3,False,12,0,0,0,0,0,33,0,346282,0,0,2,1,0.0,1,-38444,3871,42315,45,True,0
Jenson Jones,DEF,Sunderland,0.0,0,0,0,0,0,0.0,0,774,0.00,0.00,0.00,0.00,321,0,0,0.0,0.0,2026-04-19T13:00:00Z,0,False,2,0,0,0,0,0,33,0,2693,0,0,3,4,0.0,0,-22,42,64,40,False,0
Jean-Clair Todibo,DEF,West Ham,0.0,0,0,0,0,0,0.0,0,609,0.00,0.00,0.00,0.00,324,0,0,0.0,0.0,2026-04-20T19:00:00Z,0,False,8,0,0,0,0,0,33,0,12773,0,0,0,0,0.0,0,-94,96,190,43,False,0
Joelinton Cássio Apolinário de Lira,MID,Newcastle,0.0,0,0,0,0,0,0.0,0,490,0.00,0.00,0.00,0.00,328,0,0,0.0,0.0,2026-04-18T14:00:00Z,0,False,4,0,0,0,0,0,33,0,38024,0,0,2,1,0.0,0,-2334,223,2557,59,True,0
Mohamadou Kanté,MID,West Ham,0.0,0,0,6,0,0,0.3,3,758,0.01,0.01,0.00,0.09,324,0,0,1.0,5.2,2026-04-20T19:00:00Z,6,False,8,0,0,0,1,0,33,0,1547,0,2,0,0,4.0,1,-5,61,66,45,False,0
Francisco Evanilson de Lima Barbosa,FWD,Bournemouth,0.0,1,0,11,0,1,12.1,5,97,0.03,1.15,1.12,1.01,328,1,0,3.6,4.8,2026-04-18T14:00:00Z,88,False,15,0,0,0,1,0,33,0,436313,1,3,2,1,19.0,5,111986,120627,8641,67,False,0
Francisco Evanilson de Lima Barbosa,FWD,Bournemouth,0.0,0,0,0,0,2,25.7,2,97,0.06,0.17,0.11,0.83,332,2,0,5.4,4.2,2026-04-22T19:00:00Z,90,False,11,0,0,0,0,0,33,0,436313,1,0,2,2,24.0,1,111986,120627,8641,67,True,1
Nordi Mukiele,DEF,Sunderland,0.0,0,0,-6,0,6,16.9,7,694,0.03,0.03,0.00,2.84,321,4,0,3.0,13.0,2026-04-19T13:00:00Z,90,False,2,0,0,0,4,0,33,0,867866,1,1,3,4,0.0,-1,26441,53203,26762,45,False,1
Kevin Danso,DEF,Spurs,0.0,0,0,1,0,12,0.3,12,570,0.00,0.00,0.00,0.82,330,2,0,1.8,17.6,2026-04-18T16:30:00Z,90,False,6,0,0,0,1,0,33,0,17312,1,0,2,2,0.0,2,306,548,242,42,True,1
Adam Aznou,DEF,Everton,0.0,0,0,0,0,0,0.0,0,667,0.00,0.00,0.00,0.00,325,0,0,0.0,0.0,2026-04-19T13:00:00Z,0,False,12,0,0,0,0,0,33,0,7350,0,0,2,1,0.0,0,-50,25,75,42,True,0
Ben Davies,DEF,Spurs,0.0,0,0,0,0,0,0.0,0,571,0.00,0.00,0.00,0.00,330,0,0,0.0,0.0,2026-04-18T16:30:00Z,0,False,6,0,0,0,0,0,33,0,8489,0,0,2,2,0.0,0,-27,9,36,43,True,0
Trai Hume,DEF,Sunderland,0.0,0,0,18,0,2,0.3,4,532,0.00,0.08,0.08,0.98,321,1,1,6.1,43.8,2026-04-19T13:00:00Z,27,False,2,0,0,0,1,0,33,0,40999,0,2,3,4,17.0,7,-1723,224,1947,45,False,0
Tom Cairney,MID,Fulham,0.0,0,0,15,1,0,31.8,4,331,0.25,0.25,0.00,0.72,322,0,0,4.4,11.8,2026-04-18T11:30:00Z,80,False,5,0,0,0,3,0,33,0,4096,1,1,0,0,0.0,3,-23,28,51,48,False,0
Calvin Bassey,DEF,Fulham,0.0,0,0,22,1,1,0.5,2,318,0.00,0.07,0.07,1.43,322,0,0,1.6,4.6,2026-04-18T11:30:00Z,90,False,5,0,0,0,2,0,33,0,77225,1,1,0,0,11.0,6,-5499,2095,7594,44,False,0
Alfie McNally,GK,Fulham,0.0,0,0,0,0,0,0.0,0,786,0.00,0.00,0.00,0.00,322,0,0,0.0,0.0,2026-04-18T11:30:00Z,0,False,5,0,0,0,0,0,33,0,1416,0,0,0,0,0.0,0,37,81,44,40,False,0
Matai Akinmboni,DEF,Bournemouth,0.0,0,0,0,0,0,0.0,0,75,0.00,0.00,0.00,0.00,328,0,0,0.0,0.0,2026-04-18T14:00:00Z,0,False,15,0,0,0,0,0,33,0,25109,0,0,2,1,0.0,0,-64,185,249,38,False,0
Matai Akinmboni,DEF,Bournemouth,0.0,0,0,0,0,0,0.0,0,75,0.00,0.00,0.00,0.00,332,0,0,0.0,0.0,2026-04-22T19:00:00Z,0,False,11,0,0,0,0,0,33,0,25109,0,0,2,2,0.0,0,-64,185,249,38,True,0
Yehor Yarmoliuk,MID,Brentford,0.0,0,0,12,1,1,3.4,7,129,0.02,0.02,0.00,0.77,322,0,0,1.4,10.8,2026-04-18T11:30:00Z,90,False,10,0,0,0,5,0,33,0,12667,1,1,0,0,0.0,3,-104,335,439,50,True,0
Norberto Bercique Gomes Betuncal,FWD,Everton,0.0,0,3,31,0,3,12.3,4,311,0.00,0.47,0.47,1.06,325,1,1,11.9,39.0,2026-04-19T13:00:00Z,72,False,12,0,0,0,0,0,33,0,372344,1,1,2,1,68.0,9,4442,20742,16300,50,True,0
Christian Nørgaard,MID,Arsenal,0.0,0,0,0,0,0,0.0,0,24,0.00,0.00,0.00,0.00,327,0,0,0.0,0.0,2026-04-19T15:30:00Z,0,False,13,0,0,0,0,0,33,0,17084,0,0,1,2,0.0,0,-31,50,81,51,False,0
Dan Ndoye,MID,Nott'm Forest,0.0,0,0,0,0,0,0.0,0,669,0.00,0.00,0.00,0.00,329,0,0,0.0,0.0,2026-04-19T13:00:00Z,0,False,3,0,0,0,0,0,33,0,88963,0,0,1,4,0.0,0,-69,208,277,55,True,0
Soungoutou Magassa,MID,West Ham,0.0,0,0,0,0,0,0.0,0,718,0.00,0.00,0.00,0.00,324,0,0,0.0,0.0,2026-04-20T19:00:00Z,0,False,8,0,0,0,0,0,33,0,3486,0,0,0,0,0.0,0,-61,26,87,50,False,0
Bradley Burrowes,MID,Aston Villa,0.0,0,0,0,0,0,0.0,0,702,0.00,0.00,0.00,0.00,321,0,0,0.0,0.0,2026-04-19T13:00:00Z,0,False,17,0,0,0,0,0,33,0,10306,0,0,3,4,0.0,0,657,812,155,43,True,0
Martin Sherif,FWD,Everton,0.0,0,0,0,0,0,0.0,0,313,0.00,0.00,0.00,0.00,325,0,0,0.0,0.0,2026-04-19T13:00:00Z,0,False,12,0,0,0,0,0,33,0,14931,0,0,2,1,0.0,0,-57,0,57,44,True,0
Martin Ødegaard,MID,Arsenal,0.0,0,0,13,0,0,52.8,8,17,0.35,0.35,0.00,1.36,327,2,0,6.3,8.2,2026-04-19T15:30:00Z,90,False,13,0,0,0,8,0,33,0,200200,1,0,1,2,2.0,2,-2074,131,2205,78,False,0
Malick Yalcouyé,MID,Brighton,0.0,0,0,0,0,0,0.0,0,174,0.00,0.00,0.00,0.00,330,0,0,0.0,0.0,2026-04-18T16:30:00Z,0,False,18,0,0,0,0,0,33,0,635,0,0,2,2,0.0,0,0,0,0,50,False,0
Malick Yalcouyé,MID,Brighton,0.0,0,0,0,0,0,0.0,0,174,0.00,0.00,0.00,0.00,333,0,0,0.0,0.0,2026-04-21T19:00:00Z,0,False,7,0,0,0,0,0,33,0,635,0,0,0,3,0.0,0,0,0,0,50,True,0
Charalampos Kostoulas,FWD,Brighton,0.0,0,0,6,0,0,11.8,0,181,0.05,0.15,0.10,0.04,330,0,0,1.8,0.4,2026-04-18T16:30:00Z,8,False,18,0,0,0,0,0,33,0,43607,0,0,2,2,6.0,1,-432,332,764,48,False,0
Charalampos Kostoulas,FWD,Brighton,0.0,0,0,0,0,0,0.0,0,181,0.00,0.00,0.00,0.00,333,0,0,0.0,0.0,2026-04-21T19:00:00Z,0,False,7,0,0,0,0,0,33,0,43607,0,0,0,3,0.0,0,-432,332,764,48,True,0
Romain Esse,MID,Crystal Palace,0.0,0,0,0,0,0,0.0,0,269,0.00,0.00,0.00,0.00,324,0,0,0.0,0.0,2026-04-20T19:00:00Z,0,False,19,0,0,0,0,0,33,0,14383,0,0,0,0,0.0,0,-47,0,47,47,True,0
João Victor de Souza Menezes,DEF,Spurs,0.0,0,0,0,0,0,0.0,0,804,0.00,0.00,0.00,0.00,330,0,0,0.0,0.0,2026-04-18T16:30:00Z,0,False,6,0,0,0,0,0,33,0,2762,0,0,2,2,0.0,0,-59,93,152,40,True,0
Mark Travers,GK,Everton,0.0,0,0,0,0,0,0.0,0,288,0.00,0.00,0.00,0.00,325,0,0,0.0,0.0,2026-04-19T13:00:00Z,0,False,12,0,0,0,0,0,33,0,14595,0,0,2,1,0.0,0,-65,80,145,42,True,0
Altay Bayındır,GK,Man Utd,0.0,0,0,0,0,0,0.0,0,431,0.00,0.00,0.00,0.00,323,0,0,0.0,0.0,2026-04-18T19:00:00Z,0,False,7,0,0,0,0,0,33,0,40806,0,0,1,0,0.0,0,-108,137,245,47,False,0
Largie Ramazani,MID,Leeds,0.0,0,0,0,0,0,0.0,0,357,0.00,0.00,0.00,0.00,326,0,0,0.0,0.0,2026-04-18T14:00:00Z,0,False,20,0,0,0,0,0,33,0,1853,0,0,0,3,0.0,0,-2,0,2,49,True,0
Largie Ramazani,MID,Leeds,0.0,0,0,0,0,0,0.0,0,357,0.00,0.00,0.00,0.00,332,0,0,0.0,0.0,2026-04-22T19:00:00Z,0,False,4,0,0,0,0,0,33,0,1853,0,0,2,2,0.0,0,-2,0,2,49,False,0
Malcom DaCosta,MID,Bournemouth,0.0,0,0,0,0,0,0.0,0,756,0.00,0.00,0.00,0.00,328,0,0,0.0,0.0,2026-04-18T14:00:00Z,0,False,15,0,0,0,0,0,33,0,1369,0,0,2,1,0.0,0,-6,61,67,45,False,0
Malcom DaCosta,MID,Bournemouth,0.0,0,0,0,0,0,0.0,0,756,0.00,0.00,0.00,0.00,332,0,0,0.0,0.0,2026-04-22T19:00:00Z,0,False,11,0,0,0,0,0,33,0,1369,0,0,2,2,0.0,0,-6,61,67,45,True,0
Pedro Lomba Neto,MID,Chelsea,0.0,0,0,13,0,0,41.1,2,236,0.84,0.97,0.13,0.29,323,1,0,7.0,11.8,2026-04-18T19:00:00Z,90,False,14,0,0,0,1,0,33,0,637655,1,1,1,0,17.0,2,53118,59892,6774,70,True,0
Pedro Lomba Neto,MID,Chelsea,0.0,0,0,9,0,2,10.9,2,236,0.03,0.03,0.00,2.14,333,3,0,2.0,4.8,2026-04-21T19:00:00Z,90,False,6,0,0,0,0,0,33,0,637655,1,0,0,3,4.0,2,53118,59892,6774,70,False,0
Rodrigo Martins Gomes,DEF,Wolves,0.0,0,0,-4,0,0,0.3,0,635,0.00,0.11,0.11,0.96,326,1,0,0.3,0.0,2026-04-18T14:00:00Z,23,False,11,0,0,0,0,0,33,0,10168,0,0,0,3,4.0,1,-444,193,637,44,False,0
Yerson Mosquera Valdelamar,DEF,Wolves,0.0,0,0,0,0,0,0.0,0,634,0.00,0.00,0.00,0.00,326,0,0,0.0,0.0,2026-04-18T14:00:00Z,0,False,11,0,0,0,0,0,33,0,11715,0,0,0,3,0.0,0,-2118,85,2203,43,False,0
Iliman Ndiaye,MID,Everton,0.0,0,0,21,0,1,16.0,13,299,0.01,0.08,0.07,1.45,325,2,0,5.6,17.4,2026-04-19T13:00:00Z,90,False,12,0,0,0,8,0,33,0,526024,1,4,2,1,23.0,4,-8348,14037,22385,62,True,0
Tyler Fletcher,MID,Man Utd,0.0,0,0,0,0,0,0.0,0,771,0.00,0.00,0.00,0.00,323,0,0,0.0,0.0,2026-04-18T19:00:00Z,0,False,7,0,0,0,0,0,33,0,1464,0,0,1,0,0.0,0,-47,25,72,44,False,0
Florentino Ibrain Morris Luís,MID,Burnley,0.0,0,0,8,0,3,4.8,13,722,0.01,0.01,0.00,0.97,329,3,0,1.4,9.4,2026-04-19T13:00:00Z,82,False,16,0,0,0,5,0,33,0,5211,1,5,1,4,0.0,3,-112,60,172,50,False,1
Florentino Ibrain Morris Luís,MID,Burnley,0.0,0,0,3,0,1,0.3,3,722,0.00,0.00,0.00,1.13,334,0,0,0.6,5.2,2026-04-22T19:00:00Z,8,False,13,0,0,0,2,0,33,0,5211,0,0,1,0,0.0,1,-112,60,172,50,True,0
Nicolas Jackson,FWD,Chelsea,0.0,0,0,0,0,0,0.0,0,251,0.00,0.00,0.00,0.00,323,0,0,0.0,0.0,2026-04-18T19:00:00Z,0,False,14,0,0,0,0,0,33,0,9186,0,0,1,0,0.0,0,-8,0,8,65,True,0
Nicolas Jackson,FWD,Chelsea,0.0,0,0,0,0,0,0.0,0,251,0.00,0.00,0.00,0.00,333,0,0,0.0,0.0,2026-04-21T19:00:00Z,0,False,6,0,0,0,0,0,33,0,9186,0,0,0,3,0.0,0,-8,0,8,65,False,0
Morgan Rogers,MID,Aston Villa,0.0,0,2,37,0,1,13.5,4,47,0.49,0.99,0.50,1.73,321,3,1,8.0,38.6,2026-04-19T13:00:00Z,90,False,17,0,0,0,3,0,33,0,2739781,1,0,3,4,28.0,9,-78949,81932,160881,74,True,0
Reiss Nelson,MID,Brentford,0.0,0,0,0,0,0,0.0,0,27,0.00,0.00,0.00,0.00,322,0,0,0.0,0.0,2026-04-18T11:30:00Z,0,False,10,0,0,0,0,0,33,0,12064,0,0,0,0,0.0,0,7,72,65,48,True,0
Dan Burn,DEF,Newcastle,0.0,0,0,-6,0,1,0.3,1,476,0.00,0.41,0.41,0.71,328,1,0,0.8,0.6,2026-04-18T14:00:00Z,16,False,4,0,0,0,0,0,33,0,445673,0,0,2,1,7.0,1,-4026,3870,7896,50,True,0
Andreas Hoelgebaum Pereira,MID,Fulham,0.0,0,0,0,0,0,0.0,0,327,0.00,0.00,0.00,0.00,322,0,0,0.0,0.0,2026-04-18T11:30:00Z,0,False,5,0,0,0,0,0,33,0,7527,0,0,0,0,0.0,0,-6,0,6,53,False,0
Lewis Miley,MID,Newcastle,0.0,0,0,14,0,5,4.3,12,497,0.03,0.03,0.00,2.99,328,2,0,2.4,17.6,2026-04-18T14:00:00Z,90,False,4,0,0,0,5,0,33,0,234567,1,2,2,1,2.0,4,-3160,4221,7381,44,True,0
Ahmed Abdullahi,FWD,Sunderland,0.0,0,0,0,0,0,0.0,0,562,0.00,0.00,0.00,0.00,321,0,0,0.0,0.0,2026-04-19T13:00:00Z,0,False,2,0,0,0,0,0,33,0,55850,0,0,3,4,0.0,0,-1098,314,1412,42,False,0
James McConnell,MID,Liverpool,0.0,0,0,0,0,0,0.0,0,394,0.00,0.00,0.00,0.00,325,0,0,0.0,0.0,2026-04-19T13:00:00Z,0,False,9,0,0,0,0,0,33,0,2590,0,0,2,1,0.0,0,-2,0,2,44,False,0
Tom McGill,GK,Brighton,0.0,0,0,0,0,0,0.0,0,140,0.00,0.00,0.00,0.00,330,0,0,0.0,0.0,2026-04-18T16:30:00Z,0,False,18,0,0,0,0,0,33,0,38865,0,0,2,2,0.0,0,-369,110,479,39,False,0
Tom McGill,GK,Brighton,0.0,0,0,0,0,0,0.0,0,140,0.00,0.00,0.00,0.00,333,0,0,0.0,0.0,2026-04-21T19:00:00Z,0,False,7,0,0,0,0,0,33,0,38865,0,0,0,3,0.0,0,-369,110,479,39,True,0
Brayden Clarke,DEF,Arsenal,0.0,0,0,0,0,0,0.0,0,13,0.00,0.00,0.00,0.00,327,0,0,0.0,0.0,2026-04-19T15:30:00Z,0,False,13,0,0,0,0,0,33,0,59653,0,0,1,2,0.0,0,908,1573,665,37,False,0
Joe Worrall,DEF,Burnley,0.0,0,0,0,0,0,0.0,0,199,0.00,0.00,0.00,0.00,329,0,0,0.0,0.0,2026-04-19T13:00:00Z,0,False,16,0,0,0,0,0,33,0,27128,0,0,1,4,0.0,0,-1157,79,1236,38,False,0
Joe Worrall,DEF,Burnley,0.0,0,0,0,0,0,0.0,0,199,0.00,0.00,0.00,0.00,334,0,0,0.0,0.0,2026-04-22T19:00:00Z,0,False,13,0,0,0,0,0,33,0,27128,0,0,1,0,0.0,0,-1157,79,1236,38,True,0
Owen Dodgson,DEF,Burnley,0.0,0,0,0,0,0,0.0,0,189,0.00,0.00,0.00,0.00,329,0,0,0.0,0.0,2026-04-19T13:00:00Z,0,False,16,0,0,0,0,0,33,0,1582,0,0,1,4,0.0,0,-1,0,1,40,False,0
Owen Dodgson,DEF,Burnley,0.0,0,0,0,0,0,0.0,0,189,0.00,0.00,0.00,0.00,334,0,0,0.0,0.0,2026-04-22T19:00:00Z,0,False,13,0,0,0,0,0,33,0,1582,0,0,1,0,0.0,0,-1,0,1,40,True,0
Enzo Fernández,MID,Chelsea,0.0,0,0,18,0,3,68.3,8,237,0.22,0.59,0.37,0.29,323,1,0,11.2,22.6,2026-04-18T19:00:00Z,87,False,14,0,0,0,4,0,33,0,1754669,1,1,1,0,21.0,2,43030,119168,76138,65,True,0
Enzo Fernández,MID,Chelsea,0.0,0,0,11,0,0,22.3,2,237,0.20,0.20,0.00,2.14,333,3,0,2.9,6.8,2026-04-21T19:00:00Z,90,False,6,0,0,0,1,0,33,0,1754669,1,1,0,3,0.0,2,43030,119168,76138,65,False,0
Julio Enciso Espínola,MID,Brighton,0.0,0,0,0,0,0,0.0,0,161,0.00,0.00,0.00,0.00,330,0,0,0.0,0.0,2026-04-18T16:30:00Z,0,False,18,0,0,0,0,0,33,0,1128,0,0,2,2,0.0,0,-1,0,1,54,False,0
Julio Enciso Espínola,MID,Brighton,0.0,0,0,0,0,0,0.0,0,161,0.00,0.00,0.00,0.00,333,0,0,0.0,0.0,2026-04-21T19:00:00Z,0,False,7,0,0,0,0,0,33,0,1128,0,0,0,3,0.0,0,-1,0,1,54,True,0
Emil Krafth,DEF,Newcastle,0.0,0,0,0,0,0,0.0,0,479,0.00,0.00,0.00,0.00,328,0,0,0.0,0.0,2026-04-18T14:00:00Z,0,False,4,0,0,0,0,0,33,0,4753,0,0,2,1,0.0,0,0,16,16,43,True,0
Boubacar Kamara,MID,Aston Villa,0.0,0,0,0,0,0,0.0,0,58,0.00,0.00,0.00,0.00,321,0,0,0.0,0.0,2026-04-19T13:00:00Z,0,False,17,0,0,0,0,0,33,0,22536,0,0,3,4,0.0,0,-336,15,351,49,True,0
Hugo Ekitiké,FWD,Liverpool,0.0,0,0,0,0,0,0.0,0,661,0.00,0.00,0.00,0.00,325,0,0,0.0,0.0,2026-04-19T13:00:00Z,0,False,9,0,0,0,0,0,33,0,2661891,0,0,2,1,0.0,0,-1151729,3750,1155479,92,False,0
Amara Nallo,DEF,Liverpool,0.0,0,0,0,0,0,0.0,0,378,0.00,0.00,0.00,0.00,325,0,0,0.0,0.0,2026-04-19T13:00:00Z,0,False,9,0,0,0,0,0,33,0,122400,0,0,2,1,0.0,0,-5038,547,5585,37,False,0
Andrew Robertson,DEF,Liverpool,0.0,0,0,8,0,1,13.2,2,372,0.01,0.03,0.02,0.79,325,1,0,2.5,6.6,2026-04-19T13:00:00Z,85,False,9,0,0,0,3,0,33,0,131235,1,1,2,1,5.0,2,300,1074,774,57,False,0
Seung-Soo Park,MID,Newcastle,0.0,0,0,0,0,0,0.0,0,689,0.00,0.00,0.00,0.00,328,0,0,0.0,0.0,2026-04-18T14:00:00Z,0,False,4,0,0,0,0,0,33,0,64346,0,0,2,1,0.0,0,-1655,490,2145,43,True,0
Randal Kolo Muani,FWD,Spurs,0.0,0,0,3,0,2,1.8,3,726,0.02,0.09,0.07,0.44,330,1,0,1.2,0.0,2026-04-18T16:30:00Z,56,False,6,0,0,0,0,0,33,0,49868,1,1,2,2,10.0,1,-646,1310,1956,69,True,0
Jason Steele,GK,Brighton,0.0,0,0,0,0,0,0.0,0,138,0.00,0.00,0.00,0.00,330,0,0,0.0,0.0,2026-04-18T16:30:00Z,0,False,18,0,0,0,0,0,33,0,32218,0,0,2,2,0.0,0,33,409,376,42,False,0
Jason Steele,GK,Brighton,0.0,0,0,0,0,0,0.0,0,138,0.00,0.00,0.00,0.00,333,0,0,0.0,0.0,2026-04-21T19:00:00Z,0,False,7,0,0,0,0,0,33,0,32218,0,0,0,3,0.0,0,33,409,376,42,True,0
Joe Gauci,GK,Aston Villa,0.0,0,0,0,0,0,0.0,0,34,0.00,0.00,0.00,0.00,321,0,0,0.0,0.0,2026-04-19T13:00:00Z,0,False,17,0,0,0,0,0,33,0,11402,0,0,3,4,0.0,0,-63,0,63,40,True,0
Callum Hudson-Odoi,MID,Nott'm Forest,0.0,0,0,0,0,0,0.0,0,516,0.00,0.00,0.00,0.00,329,0,0,0.0,0.0,2026-04-19T13:00:00Z,0,False,3,0,0,0,0,0,33,0,91224,0,0,1,4,0.0,0,1390,4909,3519,57,True,0
Trevoh Chalobah,DEF,Chelsea,0.0,0,0,3,0,0,0.3,0,226,0.00,0.00,0.00,0.00,323,0,0,0.2,1.4,2026-04-18T19:00:00Z,9,False,14,0,0,0,1,0,33,0,1289498,0,0,1,0,0.0,1,-202801,2069,204870,54,True,0
Trevoh Chalobah,DEF,Chelsea,0.0,0,0,9,0,6,11.7,6,226,0.01,0.05,0.04,2.14,333,3,0,2.9,15.0,2026-04-21T19:00:00Z,90,False,6,0,0,0,4,0,33,0,1289498,1,0,0,3,2.0,1,-202801,2069,204870,54,False,0
Jun'ai Byfield,DEF,Spurs,0.0,0,0,0,0,0,0.0,0,745,0.00,0.00,0.00,0.00,330,0,0,0.0,0.0,2026-04-18T16:30:00Z,0,False,6,0,0,0,0,0,33,0,4981,0,0,2,2,0.0,0,-18,49,67,40,True,0
Guido Rodríguez,MID,West Ham,0.0,0,0,0,0,0,0.0,0,618,0.00,0.00,0.00,0.00,324,0,0,0.0,0.0,2026-04-20T19:00:00Z,0,False,8,0,0,0,0,0,33,0,5243,0,0,0,0,0.0,0,-13,0,13,48,False,0
Kepa Arrizabalaga Revuelta,GK,Arsenal,0.0,0,0,0,0,0,0.0,0,2,0.00,0.00,0.00,0.00,327,0,0,0.0,0.0,2026-04-19T15:30:00Z,0,False,13,0,0,0,0,0,33,0,49062,0,0,1,2,0.0,0,-106,224,330,40,False,0
James Justin,DEF,Leeds,0.0,0,3,42,1,10,2.6,17,706,0.07,0.63,0.56,0.57,326,0,1,10.6,63.2,2026-04-18T14:00:00Z,90,False,20,0,0,0,1,0,33,0,188043,1,7,0,3,40.0,16,16655,20480,3825,39,True,1
James Justin,DEF,Leeds,0.0,0,0,5,0,7,2.5,10,706,0.00,0.00,0.00,1.45,332,2,0,2.5,22.4,2026-04-22T19:00:00Z,90,False,4,0,0,0,2,0,33,0,188043,1,3,2,2,0.0,3,16655,20480,3825,39,False,0
Daniel Adu-Adjei,FWD,Bournemouth,0.0,0,0,0,0,0,0.0,0,99,0.00,0.00,0.00,0.00,328,0,0,0.0,0.0,2026-04-18T14:00:00Z,0,False,15,0,0,0,0,0,33,0,17288,0,0,2,1,0.0,0,-53,0,53,44,False,0
Daniel Adu-Adjei,FWD,Bournemouth,0.0,0,0,0,0,0,0.0,0,99,0.00,0.00,0.00,0.00,332,0,0,0.0,0.0,2026-04-22T19:00:00Z,0,False,11,0,0,0,0,0,33,0,17288,0,0,2,2,0.0,0,-53,0,53,44,True,0
Youssef Ramalho Chermiti,FWD,Everton,0.0,0,0,0,0,0,0.0,0,312,0.00,0.00,0.00,0.00,325,0,0,0.0,0.0,2026-04-19T13:00:00Z,0,False,12,0,0,0,0,0,33,0,8252,0,0,2,1,0.0,0,-6,0,6,49,True,0
Yang Min-hyeok,MID,Spurs,0.0,0,0,0,0,0,0.0,0,594,0.00,0.00,0.00,0.00,330,0,0,0.0,0.0,2026-04-18T16:30:00Z,0,False,6,0,0,0,0,0,33,0,1407,0,0,2,2,0.0,0,-2,0,2,45,True,0
Ibrahima Konaté,DEF,Liverpool,0.0,0,0,20,0,11,0.7,14,374,0.01,0.01,0.00,0.79,325,1,0,3.1,29.8,2026-04-19T13:00:00Z,90,False,9,0,0,0,5,0,33,0,501316,1,3,2,1,0.0,4,-20465,7914,28379,55,False,0
Lyle Foster,FWD,Burnley,0.0,0,0,3,0,0,1.7,4,217,0.01,0.10,0.09,0.33,329,3,0,4.0,4.6,2026-04-19T13:00:00Z,26,False,16,0,0,0,3,0,33,0,99913,0,1,1,4,34.0,1,-1307,601,1908,49,False,0
Lyle Foster,FWD,Burnley,0.0,0,0,3,0,1,0.1,3,217,0.01,0.09,0.08,1.34,334,0,0,0.5,1.2,2026-04-22T19:00:00Z,18,False,13,0,0,0,1,0,33,0,99913,0,1,1,0,4.0,1,-1307,601,1908,49,True,0
Rob Holding,DEF,Crystal Palace,0.0,0,0,0,0,0,0.0,0,264,0.00,0.00,0.00,0.00,324,0,0,0.0,0.0,2026-04-20T19:00:00Z,0,False,19,0,0,0,0,0,33,0,2037,0,0,0,0,0.0,0,-7,0,7,40,True,0
Valentín Castellanos,FWD,West Ham,0.0,0,0,9,1,3,3.8,5,791,0.02,0.32,0.30,0.64,324,0,0,4.5,7.8,2026-04-20T19:00:00Z,83,False,8,0,0,0,2,0,33,0,16206,1,0,0,0,33.0,2,1868,3853,1985,55,False,0
Manor Solomon,MID,Spurs,0.0,0,0,0,0,0,0.0,0,589,0.00,0.00,0.00,0.00,330,0,0,0.0,0.0,2026-04-18T16:30:00Z,0,False,6,0,0,0,0,0,33,0,843,0,0,2,2,0.0,0,0,0,0,54,True,0
Tommy Setford,GK,Arsenal,0.0,0,0,0,0,0,0.0,0,4,0.00,0.00,0.00,0.00,327,0,0,0.0,0.0,2026-04-19T15:30:00Z,0,False,13,0,0,0,0,0,33,0,27573,0,0,1,2,0.0,0,-218,73,291,39,False,0
Marcus Edwards,MID,Burnley,0.0,0,0,7,0,0,2.5,7,206,0.02,0.02,0.00,0.86,329,1,0,1.1,6.0,2026-04-19T13:00:00Z,63,False,16,0,0,0,4,0,33,0,13227,1,3,1,4,2.0,2,-160,356,516,47,False,0
Marcus Edwards,MID,Burnley,0.0,0,0,3,0,0,0.0,0,206,0.00,0.00,0.00,1.06,334,0,0,0.0,0.0,2026-04-22T19:00:00Z,3,False,13,0,0,0,0,0,33,0,13227,0,0,1,0,0.0,1,-160,356,516,47,True,0
Manuel Benson Hedilazio,MID,Burnley,0.0,0,0,0,0,0,0.0,0,201,0.00,0.00,0.00,0.00,329,0,0,0.0,0.0,2026-04-19T13:00:00Z,0,False,16,0,0,0,0,0,33,0,1901,0,0,1,4,0.0,0,-2,0,2,54,False,0
Manuel Benson Hedilazio,MID,Burnley,0.0,0,0,0,0,0,0.0,0,201,0.00,0.00,0.00,0.00,334,0,0,0.0,0.0,2026-04-22T19:00:00Z,0,False,13,0,0,0,0,0,33,0,1901,0,0,1,0,0.0,0,-2,0,2,54,True,0
Kalvin Phillips,MID,Man City,0.0,0,0,0,0,0,0.0,0,429,0.00,0.00,0.00,0.00,327,0,0,0.0,0.0,2026-04-19T15:30:00Z,0,False,1,0,0,0,0,0,33,0,7653,0,0,1,2,0.0,0,-22,0,22,47,True,0
Kalvin Phillips,MID,Man City,0.0,0,0,0,0,0,0.0,0,429,0.00,0.00,0.00,0.00,334,0,0,0.0,0.0,2026-04-22T19:00:00Z,0,False,3,0,0,0,0,0,33,0,7653,0,0,1,0,0.0,0,-22,0,22,47,False,0
Remy Rees-Dottin,MID,Bournemouth,0.0,0,0,0,0,0,0.0,0,687,0.00,0.00,0.00,0.00,328,0,0,0.0,0.0,2026-04-18T14:00:00Z,0,False,15,0,0,0,0,0,33,0,23259,0,0,2,1,0.0,0,-363,288,651,43,False,0
Remy Rees-Dottin,MID,Bournemouth,0.0,0,0,0,0,0,0.0,0,687,0.00,0.00,0.00,0.00,332,0,0,0.0,0.0,2026-04-22T19:00:00Z,0,False,11,0,0,0,0,0,33,0,23259,0,0,2,2,0.0,0,-363,288,651,43,True,0
John Victor Maciel Furtado,GK,Nott'm Forest,0.0,0,0,0,0,0,0.0,0,715,0.00,0.00,0.00,0.00,329,0,0,0.0,0.0,2026-04-19T13:00:00Z,0,False,3,0,0,0,0,0,33,0,38061,0,0,1,4,0.0,0,-1015,14,1029,40,True,0
Tyrick Mitchell,DEF,Crystal Palace,0.0,0,1,33,1,2,17.3,5,258,0.09,0.15,0.06,0.61,324,0,0,3.5,14.0,2026-04-20T19:00:00Z,90,False,19,0,0,0,7,0,33,0,285424,1,3,0,0,4.0,7,5348,11326,5978,50,True,0
Matheus Nunes,DEF,Man City,0.0,1,0,23,0,3,13.9,5,407,0.08,0.08,0.00,1.62,327,1,0,4.8,31.8,2026-04-19T15:30:00Z,90,False,1,0,0,0,3,0,33,0,421905,1,2,1,2,2.0,5,21478,39845,18367,53,True,0
Matheus Nunes,DEF,Man City,0.0,0,0,28,1,4,17.6,5,407,0.04,0.04,0.00,0.61,334,0,0,4.2,22.6,2026-04-22T19:00:00Z,90,False,3,0,0,0,4,0,33,0,421905,1,1,1,0,2.0,6,21478,39845,18367,53,False,0
Sam Proctor,GK,Aston Villa,0.0,0,0,0,0,0,0.0,0,703,0.00,0.00,0.00,0.00,321,0,0,0.0,0.0,2026-04-19T13:00:00Z,0,False,17,0,0,0,0,0,33,0,78456,0,0,3,4,0.0,0,-1188,151,1339,39,True,0
Harrison Jones,MID,Sunderland,0.0,0,0,0,0,0,0.0,0,557,0.00,0.00,0.00,0.00,321,0,0,0.0,0.0,2026-04-19T13:00:00Z,0,False,2,0,0,0,0,0,33,0,8913,0,0,3,4,0.0,0,-74,83,157,43,False,0
Alex Iwobi,MID,Fulham,0.0,0,0,8,0,1,13.2,7,324,0.07,0.10,0.03,0.30,322,0,0,3.0,8.6,2026-04-18T11:30:00Z,42,False,5,0,0,0,3,0,33,0,234331,1,3,0,0,8.0,1,-41582,3761,45343,63,False,0
Timothy Castagne,DEF,Fulham,0.0,0,1,26,1,3,1.3,4,319,0.01,0.01,0.00,1.43,322,0,0,1.4,12.4,2026-04-18T11:30:00Z,90,False,5,0,0,0,2,0,33,0,14357,1,1,0,0,0.0,7,-4,360,364,43,False,0
Bernd Leno,GK,Fulham,0.0,0,3,34,1,4,0.0,0,314,0.00,0.00,0.00,1.43,322,0,0,3.4,34.4,2026-04-18T11:30:00Z,90,False,5,0,0,0,9,0,33,4,226187,1,0,0,0,0.0,10,-6849,5029,11878,49,False,0
Claudio Echeverri,MID,Man City,0.0,0,0,0,0,0,0.0,0,425,0.00,0.00,0.00,0.00,327,0,0,0.0,0.0,2026-04-19T15:30:00Z,0,False,1,0,0,0,0,0,33,0,1229,0,0,1,2,0.0,0,0,0,0,54,True,0
Claudio Echeverri,MID,Man City,0.0,0,0,0,0,0,0.0,0,425,0.00,0.00,0.00,0.00,334,0,0,0.0,0.0,2026-04-22T19:00:00Z,0,False,3,0,0,0,0,0,33,0,1229,0,0,1,0,0.0,0,0,0,0,54,False,0
Giovanni Leoni,DEF,Liverpool,0.0,0,0,0,0,0,0.0,0,692,0.00,0.00,0.00,0.00,325,0,0,0.0,0.0,2026-04-19T13:00:00Z,0,False,9,0,0,0,0,0,33,0,1832,0,0,2,1,0.0,0,-7,9,16,49,False,0
Owen Bevan,DEF,Bournemouth,0.0,0,0,0,0,0,0.0,0,76,0.00,0.00,0.00,0.00,328,0,0,0.0,0.0,2026-04-18T14:00:00Z,0,False,15,0,0,0,0,0,33,0,23465,0,0,2,1,0.0,0,-301,133,434,38,False,0
Owen Bevan,DEF,Bournemouth,0.0,0,0,0,0,0,0.0,0,76,0.00,0.00,0.00,0.00,332,0,0,0.0,0.0,2026-04-22T19:00:00Z,0,False,11,0,0,0,0,0,33,0,23465,0,0,2,2,0.0,0,-301,133,434,38,True,0
Angus Gunn,GK,Nott'm Forest,0.0,0,0,0,0,0,0.0,0,675,0.00,0.00,0.00,0.00,329,0,0,0.0,0.0,2026-04-19T13:00:00Z,0,False,3,0,0,0,0,0,33,0,146171,0,0,1,4,0.0,0,-544,117,661,40,True,0
Cody Gakpo,MID,Liverpool,0.0,1,0,25,0,1,45.4,3,384,0.27,0.63,0.36,0.79,325,1,0,11.7,33.0,2026-04-19T13:00:00Z,83,False,9,0,0,0,1,0,33,0,711975,1,1,2,1,39.0,5,-21299,4229,25528,73,False,0
George Earthy,MID,West Ham,0.0,0,0,0,0,0,0.0,0,620,0.00,0.00,0.00,0.00,324,0,0,0.0,0.0,2026-04-20T19:00:00Z,0,False,8,0,0,0,0,0,33,0,5269,0,0,0,0,0.0,0,-19,0,19,45,False,0
Benjamin Arthur,DEF,Brentford,0.0,0,0,0,0,0,0.0,0,114,0.00,0.00,0.00,0.00,322,0,0,0.0,0.0,2026-04-18T11:30:00Z,0,False,10,0,0,0,0,0,33,0,23997,0,0,0,0,0.0,0,-215,0,215,38,True,0
Adam Wharton,MID,Crystal Palace,0.0,0,0,0,0,0,0.0,0,273,0.00,0.00,0.00,0.00,324,0,0,0.0,0.0,2026-04-20T19:00:00Z,0,False,19,0,0,0,0,0,33,0,76060,0,0,0,0,0.0,0,-3992,743,4735,50,True,0
Tyler Fredricson,DEF,Man Utd,0.0,0,0,0,0,0,0.0,0,446,0.00,0.00,0.00,0.00,323,0,0,0.0,0.0,2026-04-18T19:00:00Z,0,False,7,0,0,0,0,0,33,0,19879,0,0,1,0,0.0,0,59,342,283,37,False,0
Ross Barkley,MID,Aston Villa,0.0,0,0,5,0,1,2.7,4,55,0.01,0.07,0.06,0.28,321,1,0,2.9,6.8,2026-04-19T13:00:00Z,69,False,17,0,0,0,3,0,33,0,12073,1,0,3,4,19.0,2,-52,1191,1243,48,True,0
James Wilson,FWD,Spurs,0.0,0,0,0,0,0,0.0,0,818,0.00,0.00,0.00,0.00,330,0,0,0.0,0.0,2026-04-18T16:30:00Z,0,False,6,0,0,0,0,0,33,0,3733,0,0,2,2,0.0,0,50,356,306,45,True,0
Darko Churlinov,MID,Burnley,0.0,0,0,0,0,0,0.0,0,204,0.00,0.00,0.00,0.00,329,0,0,0.0,0.0,2026-04-19T13:00:00Z,0,False,16,0,0,0,0,0,33,0,1585,0,0,1,4,0.0,0,-1,0,1,49,False,0
Darko Churlinov,MID,Burnley,0.0,0,0,0,0,0,0.0,0,204,0.00,0.00,0.00,0.00,334,0,0,0.0,0.0,2026-04-22T19:00:00Z,0,False,13,0,0,0,0,0,33,0,1585,0,0,1,0,0.0,0,-1,0,1,49,True,0
Sam Byram,DEF,Leeds,0.0,0,0,0,0,0,0.0,0,346,0.00,0.00,0.00,0.00,326,0,0,0.0,0.0,2026-04-18T14:00:00Z,0,False,20,0,0,0,0,0,33,0,39005,0,0,0,3,0.0,0,1108,2819,1711,37,True,0
Sam Byram,DEF,Leeds,0.0,0,0,0,0,0,0.0,0,346,0.00,0.00,0.00,0.00,332,0,0,0.0,0.0,2026-04-22T19:00:00Z,0,False,4,0,0,0,0,0,33,0,39005,0,0,2,2,0.0,0,1108,2819,1711,37,False,0
Chris Richards,DEF,Crystal Palace,0.0,0,0,24,1,9,1.4,9,261,0.02,0.02,0.00,0.61,324,0,0,2.4,22.4,2026-04-20T19:00:00Z,90,False,19,0,0,0,2,0,33,0,292769,1,0,0,0,0.0,6,-8291,7842,16133,44,True,0
Jacob Murphy,MID,Newcastle,0.0,0,0,-2,0,1,4.7,1,489,0.01,0.09,0.08,0.71,328,1,0,0.7,0.0,2026-04-18T14:00:00Z,28,False,4,0,0,0,0,0,33,0,81487,0,0,2,1,4.0,0,56,1165,1109,59,True,1
Filip Jörgensen,GK,Chelsea,0.0,0,0,0,0,0,0.0,0,221,0.00,0.00,0.00,0.00,323,0,0,0.0,0.0,2026-04-18T19:00:00Z,0,False,14,0,0,0,0,0,33,0,20816,0,0,1,0,0.0,0,-320,10,330,43,True,0
Filip Jörgensen,GK,Chelsea,0.0,0,0,0,0,0,0.0,0,221,0.00,0.00,0.00,0.00,333,0,0,0.0,0.0,2026-04-21T19:00:00Z,0,False,6,0,0,0,0,0,33,0,20816,0,0,0,3,0.0,0,-320,10,330,43,False,0
Rodrigo 'Rodri' Hernandez Cascante,MID,Man City,0.0,0,0,18,0,5,8.3,11,421,0.15,0.19,0.04,1.50,327,1,0,3.2,19.2,2026-04-19T15:30:00Z,87,False,1,0,0,0,4,0,33,0,67949,1,2,1,2,4.0,2,529,1870,1341,63,True,0
Rodrigo 'Rodri' Hernandez Cascante,MID,Man City,0.0,0,0,0,0,0,0.0,0,421,0.00,0.00,0.00,0.00,334,0,0,0.0,0.0,2026-04-22T19:00:00Z,0,False,3,0,0,0,0,0,33,0,67949,0,0,1,0,0.0,0,529,1870,1341,63,False,0
Ryan Gravenberch,MID,Liverpool,0.0,0,0,9,0,2,15.8,6,390,0.04,0.07,0.03,0.79,325,1,0,2.2,5.6,2026-04-19T13:00:00Z,90,False,9,0,0,0,3,0,33,0,533608,1,1,2,1,1.0,2,-57391,2780,60171,55,False,0
Naouirou Ahamada,MID,Crystal Palace,0.0,0,0,0,0,0,0.0,0,275,0.00,0.00,0.00,0.00,324,0,0,0.0,0.0,2026-04-20T19:00:00Z,0,False,19,0,0,0,0,0,33,0,4574,0,0,0,0,0.0,0,-34,0,34,43,True,0
Danny Imray,DEF,Crystal Palace,0.0,0,0,0,0,0,0.0,0,798,0.00,0.00,0.00,0.00,324,0,0,0.0,0.0,2026-04-20T19:00:00Z,0,False,19,0,0,0,0,0,33,0,309,0,0,0,0,0.0,0,-2,0,2,40,True,0
Andrey Nascimento dos Santos,MID,Chelsea,0.0,0,0,0,0,0,0.0,0,246,0.00,0.00,0.00,0.00,323,0,0,0.0,0.0,2026-04-18T19:00:00Z,0,False,14,0,0,0,0,0,33,0,37526,0,0,1,0,0.0,0,-155,1048,1203,45,True,0
Andrey Nascimento dos Santos,MID,Chelsea,0.0,0,0,0,0,0,0.0,0,246,0.00,0.00,0.00,0.00,333,0,0,0.0,0.0,2026-04-21T19:00:00Z,0,False,6,0,0,0,0,0,33,0,37526,0,0,0,3,0.0,0,-155,1048,1203,45,False,0
Melker Ellborg,GK,Sunderland,0.0,0,0,0,0,0,0.0,0,812,0.00,0.00,0.00,0.00,321,0,0,0.0,0.0,2026-04-19T13:00:00Z,0,False,2,0,0,0,0,0,33,0,14018,0,0,3,4,0.0,0,-3641,371,4012,40,False,0
Jake O'Brien,DEF,Everton,0.0,0,0,5,0,8,15.4,8,293,0.06,0.06,0.00,1.45,325,2,0,4.1,25.4,2026-04-19T13:00:00Z,90,False,12,0,0,0,2,0,33,0,81435,1,0,2,1,0.0,1,-3764,2036,5800,49,True,0
Gabriel Martinelli Silva,MID,Arsenal,0.0,0,0,1,0,1,4.4,3,19,0.01,0.35,0.34,0.69,327,1,0,1.1,2.2,2026-04-19T15:30:00Z,45,False,13,0,0,0,1,0,33,0,116213,0,1,1,2,4.0,1,-2356,958,3314,68,False,0
Omar Marmoush,MID,Man City,0.0,0,0,0,0,0,0.0,0,413,0.00,0.00,0.00,0.00,327,0,0,0.0,0.0,2026-04-19T15:30:00Z,0,False,1,0,0,0,0,0,33,0,328653,0,0,1,2,0.0,0,-2621,2992,5613,83,True,0
Omar Marmoush,MID,Man City,0.0,0,0,0,0,0,0.0,0,413,0.00,0.00,0.00,0.00,334,0,0,0.0,0.0,2026-04-22T19:00:00Z,0,False,3,0,0,0,0,0,33,0,328653,0,0,1,0,0.0,0,-2621,2992,5613,83,False,0
Patrick Bamford,FWD,Leeds,0.0,0,0,0,0,0,0.0,0,363,0.00,0.00,0.00,0.00,326,0,0,0.0,0.0,2026-04-18T14:00:00Z,0,False,20,0,0,0,0,0,33,0,42352,0,0,0,3,0.0,0,-54,0,54,49,True,0
Patrick Bamford,FWD,Leeds,0.0,0,0,0,0,0,0.0,0,363,0.00,0.00,0.00,0.00,332,0,0,0.0,0.0,2026-04-22T19:00:00Z,0,False,4,0,0,0,0,0,33,0,42352,0,0,2,2,0.0,0,-54,0,54,49,False,0
Ezra Mayers,DEF,West Ham,0.0,0,0,0,0,0,0.0,0,747,0.00,0.00,0.00,0.00,324,0,0,0.0,0.0,2026-04-20T19:00:00Z,0,False,8,0,0,0,0,0,33,0,4661,0,0,0,0,0.0,0,-35,41,76,40,False,0
Ederson Santana de Moraes,GK,Man City,0.0,0,0,0,0,0,0.0,0,399,0.00,0.00,0.00,0.00,327,0,0,0.0,0.0,2026-04-19T15:30:00Z,0,False,1,0,0,0,0,0,33,0,103909,0,0,1,2,0.0,0,-106,0,106,53,True,0
Ederson Santana de Moraes,GK,Man City,0.0,0,0,0,0,0,0.0,0,399,0.00,0.00,0.00,0.00,334,0,0,0.0,0.0,2026-04-22T19:00:00Z,0,False,3,0,0,0,0,0,33,0,103909,0,0,1,0,0.0,0,-106,0,106,53,False,0
Jay Matete,MID,Sunderland,0.0,0,0,0,0,0,0.0,0,558,0.00,0.00,0.00,0.00,321,0,0,0.0,0.0,2026-04-19T13:00:00Z,0,False,2,0,0,0,0,0,33,0,20774,0,0,3,4,0.0,0,-197,0,197,43,False,0
James Milner,MID,Brighton,0.0,0,0,0,0,0,0.0,0,170,0.00,0.00,0.00,0.00,330,0,0,0.0,0.0,2026-04-18T16:30:00Z,0,False,18,0,0,0,0,0,33,0,14026,0,0,2,2,0.0,0,-387,45,432,49,False,0
James Milner,MID,Brighton,0.0,0,0,0,0,0,0.0,0,170,0.00,0.00,0.00,0.00,333,0,0,0.0,0.0,2026-04-21T19:00:00Z,0,False,7,0,0,0,0,0,33,0,14026,0,0,0,3,0.0,0,-387,45,432,49,True,0
João Pedro Ferreira da Silva,MID,Nott'm Forest,0.0,0,0,0,0,0,0.0,0,518,0.00,0.00,0.00,0.00,329,0,0,0.0,0.0,2026-04-19T13:00:00Z,0,False,3,0,0,0,0,0,33,0,4843,0,0,1,4,0.0,0,-1,0,1,54,True,0
Darwin Núñez Ribeiro,FWD,Liverpool,0.0,0,0,0,0,0,0.0,0,397,0.00,0.00,0.00,0.00,325,0,0,0.0,0.0,2026-04-19T13:00:00Z,0,False,9,0,0,0,0,0,33,0,7983,0,0,2,1,0.0,0,-2,0,2,65,False,0
Nazarii Rusyn,FWD,Sunderland,0.0,0,0,0,0,0,0.0,0,564,0.00,0.00,0.00,0.00,321,0,0,0.0,0.0,2026-04-19T13:00:00Z,0,False,2,0,0,0,0,0,33,0,10462,0,0,3,4,0.0,0,-18,0,18,44,False,0
Blondy Nna Noukeu,GK,Sunderland,0.0,0,0,0,0,0,0.0,0,530,0.00,0.00,0.00,0.00,321,0,0,0.0,0.0,2026-04-19T13:00:00Z,0,False,2,0,0,0,0,0,33,0,13659,0,0,3,4,0.0,0,-194,0,194,39,False,0
Andre Harriman-Annous,MID,Arsenal,0.0,0,0,0,0,0,0.0,0,711,0.00,0.00,0.00,0.00,327,0,0,0.0,0.0,2026-04-19T15:30:00Z,0,False,13,0,0,0,0,0,33,0,2041,0,0,1,2,0.0,0,-15,15,30,44,False,0
Stefan Bajčetić Maquieira,MID,Liverpool,0.0,0,0,0,0,0,0.0,0,393,0.00,0.00,0.00,0.00,325,0,0,0.0,0.0,2026-04-19T13:00:00Z,0,False,9,0,0,0,0,0,33,0,12463,0,0,2,1,0.0,0,228,1384,1156,42,False,0
Eddie Nketiah,FWD,Crystal Palace,0.0,0,0,0,0,0,0.0,0,284,0.00,0.00,0.00,0.00,324,0,0,0.0,0.0,2026-04-20T19:00:00Z,0,False,19,0,0,0,0,0,33,0,36976,0,0,0,0,0.0,0,-198,49,247,54,True,0
Sean Longstaff,MID,Leeds,0.0,0,0,4,0,0,10.6,0,493,0.13,0.13,0.00,0.00,326,0,0,1.6,3.2,2026-04-18T14:00:00Z,1,False,20,0,0,0,0,0,33,0,29339,0,0,0,3,2.0,1,-7,269,276,48,True,0
Sean Longstaff,MID,Leeds,0.0,0,1,22,0,0,0.3,1,493,0.00,0.15,0.15,0.44,332,1,1,4.9,32.0,2026-04-22T19:00:00Z,6,False,4,0,0,0,1,0,33,0,29339,0,0,2,2,17.0,7,-7,269,276,48,False,0
Jenson Metcalfe,MID,Everton,0.0,0,0,0,0,0,0.0,0,309,0.00,0.00,0.00,0.00,325,0,0,0.0,0.0,2026-04-19T13:00:00Z,0,False,12,0,0,0,0,0,33,0,86,0,0,2,1,0.0,0,0,0,0,45,True,0
Nathaniel Clyne,DEF,Crystal Palace,0.0,0,0,0,0,0,0.0,0,263,0.00,0.00,0.00,0.00,324,0,0,0.0,0.0,2026-04-20T19:00:00Z,0,False,19,0,0,0,0,0,33,0,64859,0,0,0,0,0.0,0,-1571,308,1879,38,True,0
Pascal Struijk,DEF,Leeds,0.0,0,1,31,1,6,10.8,8,343,0.00,0.17,0.17,0.57,326,0,0,3.7,17.8,2026-04-18T14:00:00Z,90,False,20,0,0,0,1,0,33,0,632521,1,2,0,3,8.0,7,159751,166067,6316,43,True,0
Pascal Struijk,DEF,Leeds,0.0,0,0,11,0,16,0.2,19,343,0.00,0.00,0.00,1.45,332,2,0,4.3,42.8,2026-04-22T19:00:00Z,90,False,4,0,0,0,3,0,33,0,632521,1,3,2,2,0.0,3,159751,166067,6316,43,False,0
Morgan Gibbs-White,MID,Nott'm Forest,0.0,0,3,71,0,0,15.5,4,515,0.02,0.75,0.73,0.36,329,1,3,19.1,101.8,2026-04-19T13:00:00Z,88,False,3,0,0,0,2,0,33,0,701165,1,2,1,4,74.0,20,21339,54030,32691,74,True,0
Joe Gelhardt,MID,Leeds,0.0,0,0,0,0,0,0.0,0,360,0.00,0.00,0.00,0.00,326,0,0,0.0,0.0,2026-04-18T14:00:00Z,0,False,20,0,0,0,0,0,33,0,958,0,0,0,3,0.0,0,-5,0,5,45,True,0
Joe Gelhardt,MID,Leeds,0.0,0,0,0,0,0,0.0,0,360,0.00,0.00,0.00,0.00,332,0,0,0.0,0.0,2026-04-22T19:00:00Z,0,False,4,0,0,0,0,0,33,0,958,0,0,2,2,0.0,0,-5,0,5,45,False,0
Mohamed Salah,MID,Liverpool,0.0,0,3,31,0,1,20.4,6,381,0.11,0.63,0.52,0.79,325,1,1,8.9,50.0,2026-04-19T13:00:00Z,90,False,9,0,0,0,3,0,33,0,1819204,1,2,2,1,19.0,10,-5877,6520,12397,140,False,0
Calvin Ramsay,DEF,Liverpool,0.0,0,0,0,0,0,0.0,0,380,0.00,0.00,0.00,0.00,325,0,0,0.0,0.0,2026-04-19T13:00:00Z,0,False,9,0,0,0,0,0,33,0,33305,0,0,2,1,0.0,0,659,1170,511,37,False,0
Benjamin Sesko,FWD,Man Utd,0.0,0,0,6,1,1,3.2,2,681,0.01,0.04,0.03,1.49,323,0,0,0.7,2.2,2026-04-18T19:00:00Z,79,False,7,0,0,0,1,0,33,0,745528,1,0,1,0,2.0,2,-93101,7080,100181,73,False,0
João Pedro Junqueira de Jesus,FWD,Chelsea,0.0,0,0,0,0,0,0.0,0,249,0.00,0.00,0.00,0.00,323,0,0,0.0,0.0,2026-04-18T19:00:00Z,0,False,14,0,0,0,0,0,33,0,6876672,0,0,1,0,0.0,0,192758,297554,104796,77,True,0
João Pedro Junqueira de Jesus,FWD,Chelsea,0.0,0,0,0,0,0,0.0,0,249,0.00,0.00,0.00,0.00,333,0,0,0.0,0.0,2026-04-21T19:00:00Z,0,False,6,0,0,0,0,0,33,0,6876672,0,0,0,3,0.0,0,192758,297554,104796,77,False,0
Isaac Schmidt,DEF,Leeds,0.0,0,0,0,0,0,0.0,0,349,0.00,0.00,0.00,0.00,326,0,0,0.0,0.0,2026-04-18T14:00:00Z,0,False,20,0,0,0,0,0,33,0,7929,0,0,0,3,0.0,0,-18,0,18,40,True,0
Isaac Schmidt,DEF,Leeds,0.0,0,0,0,0,0,0.0,0,349,0.00,0.00,0.00,0.00,332,0,0,0.0,0.0,2026-04-22T19:00:00Z,0,False,4,0,0,0,0,0,33,0,7929,0,0,2,2,0.0,0,-18,0,18,40,False,0
Franco Umeh-Chibueze,MID,Crystal Palace,0.0,0,0,0,0,0,0.0,0,282,0.00,0.00,0.00,0.00,324,0,0,0.0,0.0,2026-04-20T19:00:00Z,0,False,19,0,0,0,0,0,33,0,1948,0,0,0,0,0.0,0,-2,0,2,45,True,0
Lutsharel Geertruida,DEF,Sunderland,0.0,0,0,0,0,0,0.0,0,724,0.00,0.00,0.00,0.00,321,0,0,0.0,0.0,2026-04-19T13:00:00Z,0,False,2,0,0,0,0,0,33,0,6960,0,0,3,4,0.0,0,-273,108,381,45,False,0
James Hill,DEF,Bournemouth,0.0,0,0,19,0,11,0.7,12,77,0.03,0.05,0.02,1.59,328,1,0,4.6,27.2,2026-04-18T14:00:00Z,90,False,15,0,0,0,2,0,33,0,1259061,1,1,2,1,18.0,4,57407,74803,17396,42,False,0
James Hill,DEF,Bournemouth,0.0,0,0,5,0,8,10.8,10,77,0.01,0.11,0.10,0.83,332,2,0,2.8,13.2,2026-04-22T19:00:00Z,90,False,11,1,0,0,6,0,33,0,1259061,1,2,2,2,4.0,1,57407,74803,17396,42,True,0
Bukayo Saka,MID,Arsenal,0.0,0,0,0,0,0,0.0,0,16,0.00,0.00,0.00,0.00,327,0,0,0.0,0.0,2026-04-19T15:30:00Z,0,False,13,0,0,0,0,0,33,0,929261,0,0,1,2,0.0,0,-67648,686,68334,98,False,0
Santiago Ignacio Bueno,DEF,Wolves,0.0,0,0,3,0,6,1.0,11,636,0.02,0.02,0.00,2.82,326,3,0,2.5,24.2,2026-04-18T14:00:00Z,90,False,11,0,0,0,5,0,33,0,15263,1,5,0,3,0.0,3,451,1550,1099,44,False,0
Alex Tóth,MID,Bournemouth,0.0,0,0,3,0,0,0.0,0,801,0.00,0.00,0.00,0.58,328,0,0,0.0,0.0,2026-04-18T14:00:00Z,1,False,15,0,0,0,0,0,33,0,914,0,0,2,1,0.0,1,-15,22,37,49,False,0
Alex Tóth,MID,Bournemouth,0.0,0,0,3,0,0,0.8,0,801,0.00,0.00,0.00,0.36,332,1,0,0.1,0.2,2026-04-22T19:00:00Z,1,False,11,0,0,0,0,0,33,0,914,0,0,2,2,0.0,1,-15,22,37,49,True,0
Nicolás Domínguez,MID,Nott'm Forest,0.0,1,0,17,0,0,14.6,5,519,0.18,0.18,0.00,0.00,329,0,0,3.8,23.6,2026-04-19T13:00:00Z,1,False,3,0,0,0,2,0,33,0,4205,0,3,1,4,0.0,4,-71,40,111,50,True,0
Remi Matthews,GK,Crystal Palace,0.0,0,0,0,0,0,0.0,0,255,0.00,0.00,0.00,0.00,324,0,0,0.0,0.0,2026-04-20T19:00:00Z,0,False,19,0,0,0,0,0,33,0,13161,0,0,0,0,0.0,0,-95,38,133,39,True,0
Illan Meslier,GK,Leeds,0.0,0,0,0,0,0,0.0,0,339,0.00,0.00,0.00,0.00,326,0,0,0.0,0.0,2026-04-18T14:00:00Z,0,False,20,0,0,0,0,0,33,0,43772,0,0,0,3,0.0,0,90,575,485,41,True,0
Illan Meslier,GK,Leeds,0.0,0,0,0,0,0,0.0,0,339,0.00,0.00,0.00,0.00,332,0,0,0.0,0.0,2026-04-22T19:00:00Z,0,False,4,0,0,0,0,0,33,0,43772,0,0,2,2,0.0,0,90,575,485,41,False,0
Martin Dúbravka,GK,Burnley,0.0,0,0,-3,0,2,0.0,0,470,0.00,0.00,0.00,1.19,329,4,0,0.6,6.4,2026-04-19T13:00:00Z,90,False,16,0,0,0,14,0,33,0,3657445,1,0,1,4,0.0,0,-88276,10612,98888,40,False,0
Martin Dúbravka,GK,Burnley,0.0,0,0,26,0,2,0.0,0,470,0.00,0.00,0.00,3.54,334,1,0,5.8,57.6,2026-04-22T19:00:00Z,90,False,13,0,0,0,8,0,33,8,3657445,1,0,1,0,0.0,4,-88276,10612,98888,40,True,0
Yasin Özcan,DEF,Aston Villa,0.0,0,0,0,0,0,0.0,0,46,0.00,0.00,0.00,0.00,321,0,0,0.0,0.0,2026-04-19T13:00:00Z,0,False,17,0,0,0,0,0,33,0,13988,0,0,3,4,0.0,0,-28,0,28,40,True,0
Connor Roberts,DEF,Burnley,0.0,0,0,0,0,0,0.0,0,186,0.00,0.00,0.00,0.00,329,0,0,0.0,0.0,2026-04-19T13:00:00Z,0,False,16,0,0,0,0,0,33,0,3630,0,0,1,4,0.0,0,-31,15,46,43,False,0
Connor Roberts,DEF,Burnley,0.0,0,0,0,0,0,0.0,0,186,0.00,0.00,0.00,0.00,334,0,0,0.0,0.0,2026-04-22T19:00:00Z,0,False,13,0,0,0,0,0,33,0,3630,0,0,1,0,0.0,0,-31,15,46,43,True,0
Temple Ojinnaka,MID,Wolves,0.0,0,0,0,0,0,0.0,0,777,0.00,0.00,0.00,0.00,326,0,0,0.0,0.0,2026-04-18T14:00:00Z,0,False,11,0,0,0,0,0,33,0,244,0,0,0,3,0.0,0,-7,0,7,45,False,0
Murillo Costa dos Santos,DEF,Nott'm Forest,0.0,0,0,8,0,3,0.3,6,506,0.00,0.00,0.00,0.04,329,0,0,1.2,11.6,2026-04-19T13:00:00Z,41,False,3,0,0,0,3,0,33,0,277867,1,3,1,4,0.0,1,-1902,9888,11790,52,True,0
Ferdi Kadıoğlu,DEF,Brighton,0.0,0,0,-2,0,5,4.6,5,148,0.01,0.15,0.14,1.09,330,2,0,2.2,6.6,2026-04-18T16:30:00Z,90,False,18,0,0,0,2,0,33,0,137748,1,0,2,2,11.0,1,18647,23428,4781,44,False,0
Ferdi Kadıoğlu,DEF,Brighton,0.0,0,3,51,1,6,4.1,7,148,0.09,0.35,0.26,0.37,333,0,1,10.2,54.6,2026-04-21T19:00:00Z,90,False,7,0,0,0,3,0,33,0,137748,1,1,0,3,43.0,15,18647,23428,4781,44,True,0
Aji Alese,DEF,Sunderland,0.0,0,0,0,0,0,0.0,0,533,0.00,0.00,0.00,0.00,321,0,0,0.0,0.0,2026-04-19T13:00:00Z,0,False,2,0,0,0,0,0,33,0,443,0,0,3,4,0.0,0,-1,0,1,40,False,0
Harry Gray,FWD,Leeds,0.0,0,0,0,0,0,0.0,0,741,0.00,0.00,0.00,0.00,326,0,0,0.0,0.0,2026-04-18T14:00:00Z,0,False,20,0,0,0,0,0,33,0,10373,0,0,0,3,0.0,0,-110,0,110,45,True,0
Harry Gray,FWD,Leeds,0.0,0,0,0,0,0,0.0,0,741,0.00,0.00,0.00,0.00,332,0,0,0.0,0.0,2026-04-22T19:00:00Z,0,False,4,0,0,0,0,0,33,0,10373,0,0,2,2,0.0,0,-110,0,110,45,False,0
Kaden Rodney,MID,Crystal Palace,0.0,0,0,0,0,0,0.0,0,281,0.00,0.00,0.00,0.00,324,0,0,0.0,0.0,2026-04-20T19:00:00Z,0,False,19,0,0,0,0,0,33,0,6456,0,0,0,0,0.0,0,-37,36,73,44,True,0
Odysseas Vlachodimos,GK,Newcastle,0.0,0,0,0,0,0,0.0,0,472,0.00,0.00,0.00,0.00,328,0,0,0.0,0.0,2026-04-18T14:00:00Z,0,False,4,0,0,0,0,0,33,0,1717,0,0,2,1,0.0,0,-8,0,8,40,True,0
Yunus Emre Konak,MID,Brentford,0.0,0,0,0,0,0,0.0,0,131,0.00,0.00,0.00,0.00,322,0,0,0.0,0.0,2026-04-18T11:30:00Z,0,False,10,0,0,0,0,0,33,0,18062,0,0,0,0,0.0,0,-266,0,266,43,True,0
Kyle Walker-Peters,DEF,West Ham,0.0,0,0,27,1,2,3.3,4,659,0.01,0.01,0.00,0.73,324,0,0,1.9,13.2,2026-04-20T19:00:00Z,90,False,8,0,0,0,6,0,33,0,31658,1,2,0,0,2.0,6,156,510,354,42,False,0
Gabriel Gudmundsson,DEF,Leeds,0.0,0,0,23,1,7,2.2,8,347,0.00,0.00,0.00,0.57,326,0,0,1.7,15.2,2026-04-18T14:00:00Z,90,False,20,0,0,0,1,0,33,0,462541,1,1,0,3,0.0,6,14181,25508,11327,38,True,0
Gabriel Gudmundsson,DEF,Leeds,0.0,0,0,10,0,6,15.0,8,347,0.56,0.56,0.00,1.45,332,2,0,3.8,19.4,2026-04-22T19:00:00Z,90,False,4,0,0,0,1,0,33,0,462541,1,2,2,2,4.0,1,14181,25508,11327,38,False,0
Jacob Slater,DEF,Brighton,0.0,0,0,0,0,0,0.0,0,155,0.00,0.00,0.00,0.00,330,0,0,0.0,0.0,2026-04-18T16:30:00Z,0,False,18,0,0,0,0,0,33,0,11232,0,0,2,2,0.0,0,-28,0,28,40,False,0
Jacob Slater,DEF,Brighton,0.0,0,0,0,0,0,0.0,0,155,0.00,0.00,0.00,0.00,333,0,0,0.0,0.0,2026-04-21T19:00:00Z,0,False,7,0,0,0,0,0,33,0,11232,0,0,0,3,0.0,0,-28,0,28,40,True,0
Joe White,MID,Newcastle,0.0,0,0,0,0,0,0.0,0,498,0.00,0.00,0.00,0.00,328,0,0,0.0,0.0,2026-04-18T14:00:00Z,0,False,4,0,0,0,0,0,33,0,687,0,0,2,1,0.0,0,0,0,0,45,True,0
Sam Alabi,MID,Newcastle,0.0,0,0,0,0,0,0.0,0,772,0.00,0.00,0.00,0.00,328,0,0,0.0,0.0,2026-04-18T14:00:00Z,0,False,4,0,0,0,0,0,33,0,720,0,0,2,1,0.0,0,34,50,16,45,True,0
Tyrell Malacia,DEF,Man Utd,0.0,0,0,0,0,0,0.0,0,448,0.00,0.00,0.00,0.00,323,0,0,0.0,0.0,2026-04-18T19:00:00Z,0,False,7,0,0,0,0,0,33,0,60205,0,0,1,0,0.0,0,3311,4522,1211,37,False,0
Ian Maatsen,DEF,Aston Villa,0.0,1,0,16,0,2,26.0,2,39,0.39,0.39,0.00,0.28,321,1,0,5.5,22.8,2026-04-19T13:00:00Z,69,False,17,0,0,0,1,0,33,0,72610,1,0,3,4,6.0,5,-2596,337,2933,42,True,0
Nathan Aké,DEF,Man City,0.0,0,0,3,0,1,0.0,1,405,0.00,0.00,0.00,0.00,327,0,0,0.2,2.0,2026-04-19T15:30:00Z,1,False,1,0,0,0,0,0,33,0,78669,0,0,1,2,0.0,1,62,533,471,52,True,0
Nathan Aké,DEF,Man City,0.0,0,0,0,0,0,0.0,0,405,0.00,0.00,0.00,0.00,334,0,0,0.0,0.0,2026-04-22T19:00:00Z,0,False,3,0,0,0,0,0,33,0,78669,0,0,1,0,0.0,0,62,533,471,52,False,0
Enso González Medina,MID,Wolves,0.0,0,0,0,0,0,0.0,0,652,0.00,0.00,0.00,0.00,326,0,0,0.0,0.0,2026-04-18T14:00:00Z,0,False,11,0,0,0,0,0,33,0,161900,0,0,0,3,0.0,0,-1761,609,2370,43,False,0
Jayden Bogle,DEF,Leeds,0.0,0,0,20,1,3,12.0,4,342,0.04,0.04,0.00,0.57,326,0,0,2.3,8.6,2026-04-18T14:00:00Z,90,False,20,0,0,0,3,0,33,0,199476,1,1,0,3,2.0,6,68515,70998,2483,44,True,0
Jayden Bogle,DEF,Leeds,0.0,0,0,4,0,2,0.9,6,342,0.00,0.00,0.00,0.35,332,0,0,0.9,7.6,2026-04-22T19:00:00Z,45,False,4,0,0,0,1,0,33,0,199476,1,4,2,2,0.0,1,68515,70998,2483,44,False,0
James Maddison,MID,Spurs,0.0,0,0,0,0,0,0.0,0,581,0.00,0.00,0.00,0.00,330,0,0,0.0,0.0,2026-04-18T16:30:00Z,0,False,6,0,0,0,0,0,33,0,15341,0,0,2,2,0.0,0,-2,40,42,68,True,0
Pervis Estupiñán Tenorio,DEF,Brighton,0.0,0,0,0,0,0,0.0,0,147,0.00,0.00,0.00,0.00,330,0,0,0.0,0.0,2026-04-18T16:30:00Z,0,False,18,0,0,0,0,0,33,0,1163,0,0,2,2,0.0,0,0,0,0,45,False,0
Pervis Estupiñán Tenorio,DEF,Brighton,0.0,0,0,0,0,0,0.0,0,147,0.00,0.00,0.00,0.00,333,0,0,0.0,0.0,2026-04-21T19:00:00Z,0,False,7,0,0,0,0,0,33,0,1163,0,0,0,3,0.0,0,0,0,0,45,True,0
Solly March,MID,Brighton,0.0,0,0,0,0,0,0.0,0,159,0.00,0.00,0.00,0.00,330,0,0,0.0,0.0,2026-04-18T16:30:00Z,0,False,18,0,0,0,0,0,33,0,3609,0,0,2,2,0.0,0,723,990,267,58,False,0
Solly March,MID,Brighton,0.0,0,0,0,0,0,0.0,0,159,0.00,0.00,0.00,0.00,333,0,0,0.0,0.0,2026-04-21T19:00:00Z,0,False,7,0,0,0,0,0,33,0,3609,0,0,0,3,0.0,0,723,990,267,58,True,0
Wes Foderingham,GK,West Ham,0.0,0,0,0,0,0,0.0,0,601,0.00,0.00,0.00,0.00,324,0,0,0.0,0.0,2026-04-20T19:00:00Z,0,False,8,0,0,0,0,0,33,0,28864,0,0,0,0,0.0,0,-121,0,121,40,False,0
Kobbie Mainoo,MID,Man Utd,0.0,0,0,16,1,4,3.6,12,458,0.02,0.02,0.00,1.57,323,0,0,2.0,16.4,2026-04-18T19:00:00Z,90,False,7,0,0,0,5,0,33,0,130511,1,3,1,0,0.0,4,-22159,1080,23239,47,False,1
Ryan Yates,MID,Nott'm Forest,0.0,1,0,14,0,0,16.6,1,522,0.03,0.03,0.00,0.06,329,0,0,3.6,19.2,2026-04-19T13:00:00Z,14,False,3,0,0,0,1,0,33,0,8293,0,0,1,4,0.0,4,1,79,78,47,True,0
Luka Bentt,MID,Brentford,0.0,0,0,0,0,0,0.0,0,810,0.00,0.00,0.00,0.00,322,0,0,0.0,0.0,2026-04-18T11:30:00Z,0,False,10,0,0,0,0,0,33,0,444,0,0,0,0,0.0,0,-8,26,34,45,True,0
Kevin Schade,MID,Brentford,0.0,0,0,12,1,1,32.0,6,120,0.17,0.33,0.16,0.77,322,0,0,7.0,11.4,2026-04-18T11:30:00Z,90,False,10,0,0,0,5,0,33,0,210464,1,0,0,0,27.0,3,-11120,10202,21322,70,True,0
David Møller Wolfe,DEF,Wolves,0.0,0,0,0,0,0,0.0,0,682,0.00,0.00,0.00,0.00,326,0,0,0.0,0.0,2026-04-18T14:00:00Z,0,False,11,0,0,0,0,0,33,0,8374,0,0,0,3,0.0,0,-29,47,76,42,False,0
Arthur Masuaku,DEF,Sunderland,0.0,0,0,0,0,0,0.0,0,678,0.00,0.00,0.00,0.00,321,0,0,0.0,0.0,2026-04-19T13:00:00Z,0,False,2,0,0,0,0,0,33,0,61563,0,0,3,4,0.0,0,-371,0,371,39,False,0
Filip Marschall,GK,Aston Villa,0.0,0,0,0,0,0,0.0,0,35,0.00,0.00,0.00,0.00,321,0,0,0.0,0.0,2026-04-19T13:00:00Z,0,False,17,0,0,0,0,0,33,0,1054,0,0,3,4,0.0,0,-2,0,2,40,True,0
Keiber Lamadrid,MID,West Ham,0.0,0,0,0,0,0,0.0,0,802,0.00,0.00,0.00,0.00,324,0,0,0.0,0.0,2026-04-20T19:00:00Z,0,False,8,0,0,0,0,0,33,0,703,0,0,0,0,0.0,0,4,26,22,50,False,0
Joe Gomez,DEF,Liverpool,0.0,0,0,0,0,0,0.0,0,376,0.00,0.00,0.00,0.00,325,0,0,0.0,0.0,2026-04-19T13:00:00Z,0,False,9,0,0,0,0,0,33,0,19516,0,0,2,1,0.0,0,-230,152,382,49,False,0
Felipe Rodrigues da Silva,DEF,Nott'm Forest,0.0,0,0,3,0,0,0.2,0,511,0.00,0.00,0.00,0.00,329,0,0,0.1,1.2,2026-04-19T13:00:00Z,2,False,3,0,0,0,0,0,33,0,10898,0,0,1,4,0.0,1,-53,88,141,43,True,0
Mohammed Kudus,MID,Spurs,0.0,0,0,0,0,0,0.0,0,582,0.00,0.00,0.00,0.00,330,0,0,0.0,0.0,2026-04-18T16:30:00Z,0,False,6,0,0,0,0,0,33,0,1210132,0,0,2,2,0.0,0,-3562,54,3616,64,True,0
Richarlison de Andrade,FWD,Spurs,0.0,0,0,0,0,0,0.0,0,597,0.00,0.00,0.00,0.00,330,0,0,0.0,0.0,2026-04-18T16:30:00Z,0,False,6,0,0,0,0,0,33,0,719553,0,0,2,2,0.0,0,-8694,4942,13636,63,True,0
Michael Kayode,DEF,Brentford,0.0,0,2,27,1,2,11.8,3,110,0.06,0.06,0.00,0.77,322,0,0,2.7,13.4,2026-04-18T11:30:00Z,90,False,10,0,0,0,3,0,33,0,133891,1,1,0,0,2.0,8,1813,9299,7486,46,True,0
Granit Xhaka,MID,Sunderland,0.0,0,0,13,0,3,7.1,11,668,0.04,0.05,0.01,2.84,321,4,0,1.6,7.4,2026-04-19T13:00:00Z,90,False,2,0,0,0,8,0,33,0,415503,1,0,3,4,1.0,2,-5845,3735,9580,51,False,0
Christos Mandas,GK,Bournemouth,0.0,0,0,0,0,0,0.0,0,806,0.00,0.00,0.00,0.00,328,0,0,0.0,0.0,2026-04-18T14:00:00Z,0,False,15,0,0,0,0,0,33,0,1027,0,0,2,1,0.0,0,-13,33,46,40,False,0
Christos Mandas,GK,Bournemouth,0.0,0,0,0,0,0,0.0,0,806,0.00,0.00,0.00,0.00,332,0,0,0.0,0.0,2026-04-22T19:00:00Z,0,False,11,0,0,0,0,0,33,0,1027,0,0,2,2,0.0,0,-13,33,46,40,True,0
Mikkel Damsgaard,MID,Brentford,0.0,0,0,13,1,1,17.5,12,121,0.03,0.20,0.17,0.77,322,0,0,3.7,11.2,2026-04-18T11:30:00Z,90,False,10,0,0,0,7,0,33,0,98888,1,4,0,0,8.0,5,-11437,1547,12984,56,True,0
Albert Sambi Lokonga,MID,Arsenal,0.0,0,0,0,0,0,0.0,0,29,0.00,0.00,0.00,0.00,327,0,0,0.0,0.0,2026-04-19T15:30:00Z,0,False,13,0,0,0,0,0,33,0,6321,0,0,1,2,0.0,0,-14,0,14,45,False,0
Declan Rice,MID,Arsenal,0.0,0,0,13,0,3,22.8,11,21,0.07,0.07,0.00,1.36,327,2,0,3.4,11.4,2026-04-19T15:30:00Z,90,False,13,0,0,0,5,0,33,0,2987572,1,3,1,2,0.0,2,-228268,32855,261123,72,False,0
Mathias Jensen,MID,Brentford,0.0,0,0,21,1,0,62.3,7,126,0.53,0.53,0.00,0.77,322,0,0,7.8,15.2,2026-04-18T11:30:00Z,90,False,10,0,0,0,5,0,33,0,12654,1,2,0,0,0.0,3,-324,444,768,49,True,0
Joël Veltman,DEF,Brighton,0.0,0,0,0,0,0,0.0,0,152,0.00,0.00,0.00,0.00,330,0,0,0.0,0.0,2026-04-18T16:30:00Z,0,False,18,0,0,0,0,0,33,0,18285,0,0,2,2,0.0,0,98,521,423,43,False,0
Joël Veltman,DEF,Brighton,0.0,0,0,6,0,4,1.1,4,152,0.00,0.00,0.00,0.33,333,0,0,1.3,11.8,2026-04-21T19:00:00Z,45,False,7,0,0,0,2,0,33,0,18285,0,0,0,3,0.0,1,98,521,423,43,True,0
Joachim Andersen,DEF,Fulham,0.0,0,0,24,1,7,0.8,8,317,0.01,0.07,0.06,1.43,322,0,0,2.2,15.8,2026-04-18T11:30:00Z,90,False,5,0,0,0,1,0,33,0,487462,1,1,0,0,5.0,6,-66583,4762,71345,45,False,0
Jim Thwaites,MID,Man Utd,0.0,0,0,0,0,0,0.0,0,827,0.00,0.00,0.00,0.00,323,0,0,0.0,0.0,2026-04-18T19:00:00Z,0,False,7,0,0,0,0,0,33,0,0,0,0,1,0,0.0,0,0,0,0,45,False,0
James Garner,MID,Everton,0.0,0,0,17,0,1,17.2,13,303,0.10,0.12,0.02,1.45,325,2,0,4.2,24.2,2026-04-19T13:00:00Z,90,False,12,0,0,0,3,0,33,0,497457,1,9,2,1,1.0,3,-54229,16324,70553,53,True,1
Stephen Mfuni,DEF,Man City,0.0,0,0,0,0,0,0.0,0,740,0.00,0.00,0.00,0.00,327,0,0,0.0,0.0,2026-04-19T15:30:00Z,0,False,1,0,0,0,0,0,33,0,4769,0,0,1,2,0.0,0,-27,0,27,39,True,0
Stephen Mfuni,DEF,Man City,0.0,0,0,0,0,0,0.0,0,740,0.00,0.00,0.00,0.00,334,0,0,0.0,0.0,2026-04-22T19:00:00Z,0,False,3,0,0,0,0,0,33,0,4769,0,0,1,0,0.0,0,-27,0,27,39,False,0
Joshua Zirkzee,FWD,Man Utd,0.0,0,0,4,0,1,0.2,1,466,0.00,0.00,0.00,0.00,323,0,0,0.1,1.2,2026-04-18T19:00:00Z,3,False,7,0,0,0,0,0,33,0,53098,0,0,1,0,0.0,1,-314,165,479,58,False,0
Jayden Meghoma,DEF,Brentford,0.0,0,0,0,0,0,0.0,0,118,0.00,0.00,0.00,0.00,322,0,0,0.0,0.0,2026-04-18T11:30:00Z,0,False,10,0,0,0,0,0,33,0,5244,0,0,0,0,0.0,0,-12,0,12,40,True,0
Conor Bradley,DEF,Liverpool,0.0,0,0,0,0,0,0.0,0,375,0.00,0.00,0.00,0.00,325,0,0,0.0,0.0,2026-04-19T13:00:00Z,0,False,9,0,0,0,0,0,33,0,18906,0,0,2,1,0.0,0,-97,8,105,49,False,0
Igor Thiago Nascimento Rodrigues,FWD,Brentford,0.0,0,0,7,1,3,7.7,9,136,0.01,0.19,0.18,0.77,322,0,0,3.0,7.2,2026-04-18T11:30:00Z,90,False,10,0,0,0,3,0,33,0,4103681,1,3,0,0,15.0,2,-38872,199720,238592,73,True,0
Florian Wirtz,MID,Liverpool,0.0,0,0,13,0,1,53.3,5,382,0.25,0.25,0.00,0.79,325,1,0,6.7,11.8,2026-04-19T13:00:00Z,83,False,9,0,0,0,4,0,33,0,1141064,1,0,2,1,2.0,2,-25969,13729,39698,83,False,0
Leandro Trossard,MID,Arsenal,0.0,0,0,10,0,2,14.5,4,20,0.09,0.09,0.00,0.00,327,0,0,2.6,9.2,2026-04-19T15:30:00Z,16,False,13,0,0,0,1,0,33,0,96832,0,1,1,2,2.0,1,-4939,1161,6100,65,False,0
William Saliba,DEF,Arsenal,0.0,0,0,13,0,8,2.5,10,6,0.02,0.02,0.00,1.36,327,2,0,2.6,23.8,2026-04-19T15:30:00Z,90,False,13,0,0,0,2,0,33,0,1726037,1,2,1,2,0.0,3,-41281,27928,69209,61,False,0
Harry Amass,DEF,Man Utd,0.0,0,0,0,0,0,0.0,0,445,0.00,0.00,0.00,0.00,323,0,0,0.0,0.0,2026-04-18T19:00:00Z,0,False,7,0,0,0,0,0,33,0,8631,0,0,1,0,0.0,0,-26,0,26,40,False,0
Cheick Doucouré,MID,Crystal Palace,0.0,0,0,0,0,0,0.0,0,268,0.00,0.00,0.00,0.00,324,0,0,0.0,0.0,2026-04-20T19:00:00Z,0,False,19,0,0,0,0,0,33,0,412,0,0,0,0,0.0,0,-2,6,8,49,True,0
Anthony Elanga,MID,Newcastle,0.0,0,0,6,0,1,4.1,2,486,0.03,0.03,0.00,2.27,328,1,0,1.8,4.2,2026-04-18T14:00:00Z,61,False,4,0,0,0,1,0,33,0,347779,1,0,2,1,10.0,2,-1864,2015,3879,65,True,0
Noni Madueke,MID,Arsenal,0.0,0,0,5,0,0,4.7,7,18,0.01,0.01,0.00,0.67,327,1,0,1.5,6.2,2026-04-19T15:30:00Z,45,False,13,0,0,0,4,0,33,0,104589,1,3,1,2,4.0,1,-7935,542,8477,68,False,0
Saša Lukić,MID,Fulham,0.0,0,0,12,1,1,14.4,6,332,0.21,0.29,0.08,1.43,322,0,0,2.1,5.2,2026-04-18T11:30:00Z,90,False,5,0,0,0,3,0,33,0,7239,1,2,0,0,1.0,2,3,59,56,49,False,1
Luke Rawlings,MID,Wolves,0.0,0,0,0,0,0,0.0,0,767,0.00,0.00,0.00,0.00,326,0,0,0.0,0.0,2026-04-18T14:00:00Z,0,False,11,0,0,0,0,0,33,0,879,0,0,0,3,0.0,0,29,62,33,45,False,0
Max Dowman,MID,Arsenal,0.0,0,0,0,0,0,0.0,0,700,0.00,0.00,0.00,0.00,327,0,0,0.0,0.0,2026-04-19T15:30:00Z,0,False,13,0,0,0,0,0,33,0,99191,0,0,1,2,0.0,0,5622,12015,6393,42,False,0
Stefan Ortega Moreno,GK,Nott'm Forest,0.0,0,0,0,0,0,0.0,0,400,0.00,0.00,0.00,0.00,329,0,0,0.0,0.0,2026-04-19T13:00:00Z,0,False,3,0,0,0,0,0,33,0,25385,0,0,1,4,0.0,0,695,1115,420,47,True,0
Rúben dos Santos Gato Alves Dias,DEF,Man City,0.0,0,0,0,0,0,0.0,0,408,0.00,0.00,0.00,0.00,327,0,0,0.0,0.0,2026-04-19T15:30:00Z,0,False,1,0,0,0,0,0,33,0,418598,0,0,1,2,0.0,0,-13418,75,13493,55,True,0
Rúben dos Santos Gato Alves Dias,DEF,Man City,0.0,0,0,0,0,0,0.0,0,408,0.00,0.00,0.00,0.00,334,0,0,0.0,0.0,2026-04-22T19:00:00Z,0,False,3,0,0,0,0,0,33,0,418598,0,0,1,0,0.0,0,-13418,75,13493,55,False,0
Chris Mepham,DEF,Bournemouth,0.0,0,0,0,0,0,0.0,0,79,0.00,0.00,0.00,0.00,328,0,0,0.0,0.0,2026-04-18T14:00:00Z,0,False,15,0,0,0,0,0,33,0,8575,0,0,2,1,0.0,0,-24,0,24,40,False,0
Chris Mepham,DEF,Bournemouth,0.0,0,0,0,0,0,0.0,0,79,0.00,0.00,0.00,0.00,332,0,0,0.0,0.0,2026-04-22T19:00:00Z,0,False,11,0,0,0,0,0,33,0,8575,0,0,2,2,0.0,0,-24,0,24,40,True,0
Joe Willock,MID,Newcastle,0.0,0,0,0,0,0,0.0,0,494,0.00,0.00,0.00,0.00,328,0,0,0.0,0.0,2026-04-18T14:00:00Z,0,False,4,0,0,0,0,0,33,0,11694,0,0,2,1,0.0,0,-191,130,321,50,True,0
Elliot Anderson,MID,Nott'm Forest,0.0,0,0,13,0,1,13.3,11,517,0.05,0.05,0.00,0.36,329,1,0,2.7,14.0,2026-04-19T13:00:00Z,90,False,3,0,0,0,7,0,33,0,893204,1,3,1,4,0.0,2,-76694,26027,102721,56,True,0
Jack Hinshelwood,MID,Brighton,0.0,0,0,4,0,0,7.8,2,163,0.02,0.06,0.04,0.97,330,1,0,1.3,0.0,2026-04-18T16:30:00Z,74,False,18,0,0,0,2,0,33,0,78051,1,0,2,2,8.0,2,6232,8689,2457,51,False,0
Jack Hinshelwood,MID,Brighton,0.0,0,0,21,1,0,4.7,1,163,0.03,1.06,1.03,0.37,333,0,1,6.3,35.2,2026-04-21T19:00:00Z,90,False,7,0,0,0,0,0,33,0,78051,1,1,0,3,23.0,8,6232,8689,2457,51,True,0
David Brooks,MID,Bournemouth,0.0,0,0,3,0,0,1.0,1,86,0.00,0.00,0.00,1.12,328,1,0,0.3,2.2,2026-04-18T14:00:00Z,24,False,15,0,0,0,0,0,33,0,23292,0,1,2,1,0.0,1,344,726,382,50,False,0
David Brooks,MID,Bournemouth,0.0,0,0,1,1,1,17.8,2,86,0.07,0.27,0.20,0.27,332,0,0,3.0,0.4,2026-04-22T19:00:00Z,66,False,11,0,0,0,1,0,33,0,23292,1,0,2,2,12.0,3,344,726,382,50,True,0
Kevin Santos Lopes de Macedo,MID,Fulham,0.0,0,0,0,0,0,0.0,0,731,0.00,0.00,0.00,0.00,322,0,0,0.0,0.0,2026-04-18T11:30:00Z,0,False,5,0,0,0,0,0,33,0,6648,0,0,0,0,0.0,0,-136,16,152,57,False,0
Nikola Milenković,DEF,Nott'm Forest,0.0,1,0,15,0,7,0.4,7,505,0.00,0.00,0.00,0.36,329,1,0,0.8,7.4,2026-04-19T13:00:00Z,90,False,3,0,0,0,4,0,33,0,427524,1,0,1,4,0.0,5,6205,11719,5514,51,True,0
Julio Soler Barreto,DEF,Bournemouth,0.0,0,0,0,0,0,0.0,0,80,0.00,0.00,0.00,0.00,328,0,0,0.0,0.0,2026-04-18T14:00:00Z,0,False,15,0,0,0,0,0,33,0,24657,0,0,2,1,0.0,0,69,197,128,39,False,0
Julio Soler Barreto,DEF,Bournemouth,0.0,0,0,0,0,0,0.0,0,80,0.00,0.00,0.00,0.00,332,0,0,0.0,0.0,2026-04-22T19:00:00Z,0,False,11,0,0,0,0,0,33,0,24657,0,0,2,2,0.0,0,69,197,128,39,True,0
Pascal Groß,MID,Brighton,0.0,1,3,35,0,1,61.8,7,783,0.31,0.31,0.00,1.09,330,2,0,10.1,37.4,2026-04-18T16:30:00Z,90,False,18,0,0,0,4,0,33,0,409159,1,2,2,2,2.0,8,73935,80379,6444,55,False,0
Pascal Groß,MID,Brighton,0.0,1,2,32,1,2,69.1,7,783,0.20,0.26,0.06,0.37,333,0,0,9.6,21.0,2026-04-21T19:00:00Z,90,False,7,0,0,0,4,0,33,0,409159,1,1,0,3,6.0,8,73935,80379,6444,55,True,0
Mamadou Sarr,DEF,Chelsea,0.0,0,0,0,0,0,0.0,0,231,0.00,0.00,0.00,0.00,323,0,0,0.0,0.0,2026-04-18T19:00:00Z,0,False,14,0,0,0,0,0,33,0,3460,0,0,1,0,0.0,0,-34,195,229,45,True,0
Mamadou Sarr,DEF,Chelsea,0.0,0,0,0,0,0,0.0,0,231,0.00,0.00,0.00,0.00,333,0,0,0.0,0.0,2026-04-21T19:00:00Z,0,False,6,0,0,0,0,0,33,0,3460,0,0,0,3,0.0,0,-34,195,229,45,False,0
Lukas Nmecha,FWD,Leeds,0.0,0,0,3,0,0,0.2,0,365,0.00,0.06,0.06,0.00,326,0,0,0.5,0.2,2026-04-18T14:00:00Z,1,False,20,0,0,0,0,0,33,0,74736,0,0,0,3,5.0,1,-823,1589,2412,50,True,0
Lukas Nmecha,FWD,Leeds,0.0,0,0,0,0,0,11.0,0,365,0.08,0.45,0.37,0.62,332,1,0,3.8,0.0,2026-04-22T19:00:00Z,26,False,4,0,0,0,0,0,33,0,74736,0,0,2,2,28.0,1,-823,1589,2412,50,False,0
Loum Tchaouna,MID,Burnley,0.0,0,0,2,0,0,2.0,0,210,0.00,0.00,0.00,0.22,329,1,0,0.3,0.6,2026-04-19T13:00:00Z,7,False,16,0,0,0,0,0,33,0,4436,0,0,1,4,0.0,1,-35,20,55,48,False,0
Loum Tchaouna,MID,Burnley,0.0,0,0,6,0,1,24.8,2,210,0.01,0.02,0.01,2.20,334,1,0,2.9,2.4,2026-04-22T19:00:00Z,71,False,13,0,0,0,1,0,33,0,4436,1,0,1,0,2.0,2,-35,20,55,48,True,0
Ollie Watkins,FWD,Aston Villa,0.0,1,3,70,0,1,31.3,5,64,0.06,1.28,1.22,0.33,321,1,2,20.4,86.2,2026-04-19T13:00:00Z,79,False,17,0,0,0,3,0,33,0,1079464,1,1,3,4,86.0,16,23622,61187,37565,85,True,0
James Ward-Prowse,MID,Burnley,0.0,0,0,13,0,6,21.2,9,614,0.04,0.08,0.04,1.19,329,4,0,4.2,13.8,2026-04-19T13:00:00Z,90,False,16,0,0,0,3,0,33,0,30913,1,0,1,4,7.0,2,2190,2803,613,56,False,0
James Ward-Prowse,MID,Burnley,0.0,0,0,20,0,5,8.7,19,614,0.04,0.07,0.03,3.54,334,1,0,3.0,19.0,2026-04-22T19:00:00Z,90,False,13,0,0,0,9,0,33,0,30913,1,5,1,0,2.0,4,2190,2803,613,56,True,0
Jarrod Bowen,FWD,West Ham,0.0,0,0,9,1,3,16.5,8,624,0.10,0.14,0.04,0.73,324,0,0,3.5,11.6,2026-04-20T19:00:00Z,90,False,8,0,0,0,4,0,33,0,1222467,1,1,0,0,7.0,2,19066,132216,113150,76,False,0
Nico González Iglesias,MID,Man City,0.0,0,0,3,0,0,0.1,0,423,0.00,0.00,0.00,0.12,327,0,0,0.0,0.0,2026-04-19T15:30:00Z,2,False,1,0,0,0,0,0,33,0,13377,0,0,1,2,0.0,1,-27,77,104,59,True,0
Nico González Iglesias,MID,Man City,0.0,0,0,13,0,1,15.2,5,423,0.02,0.04,0.02,0.08,334,0,0,2.3,7.2,2026-04-22T19:00:00Z,25,False,3,0,0,0,2,0,33,0,13377,0,2,1,0,1.0,1,-27,77,104,59,False,0
Gonçalo Manuel Ganchinho Guedes,MID,Wolves,0.0,0,0,0,0,0,0.0,0,647,0.00,0.00,0.00,0.00,326,0,0,0.0,0.0,2026-04-18T14:00:00Z,0,False,11,0,0,0,0,0,33,0,395,0,0,0,3,0.0,0,0,0,0,55,False,0
Alan Browne,MID,Sunderland,0.0,0,0,0,0,0,0.0,0,555,0.00,0.00,0.00,0.00,321,0,0,0.0,0.0,2026-04-19T13:00:00Z,0,False,2,0,0,0,0,0,33,0,3799,0,0,3,4,0.0,0,-4,0,4,45,False,0
Jaka Bijol,DEF,Leeds,0.0,0,0,27,1,3,10.8,3,344,0.00,0.06,0.06,0.57,326,0,0,2.8,8.0,2026-04-18T14:00:00Z,90,False,20,0,0,0,6,0,33,0,263038,1,0,0,3,9.0,6,89804,93876,4072,39,True,0
Jaka Bijol,DEF,Leeds,0.0,0,0,7,0,11,0.0,11,344,0.00,0.00,0.00,0.82,332,1,0,2.6,23.6,2026-04-22T19:00:00Z,63,False,4,0,0,0,0,0,33,0,263038,1,0,2,2,2.0,4,89804,93876,4072,39,False,0
Alex Scott,MID,Bournemouth,0.0,0,0,23,0,2,23.3,10,90,0.61,0.61,0.00,1.59,328,1,0,3.9,13.6,2026-04-18T14:00:00Z,90,False,15,0,0,0,5,0,33,0,640338,1,3,2,1,2.0,1,291863,299905,8042,50,False,1
Alex Scott,MID,Bournemouth,0.0,0,0,21,0,7,42.0,15,90,0.23,0.27,0.04,0.83,332,2,0,7.5,23.0,2026-04-22T19:00:00Z,90,False,11,0,0,0,7,0,33,0,640338,1,1,2,2,10.0,4,291863,299905,8042,50,True,0
Lewis O'Brien,MID,Nott'm Forest,0.0,0,0,0,0,0,0.0,0,520,0.00,0.00,0.00,0.00,329,0,0,0.0,0.0,2026-04-19T13:00:00Z,0,False,3,0,0,0,0,0,33,0,102,0,0,1,4,0.0,0,0,0,0,50,True,0
Patrick Roberts,MID,Sunderland,0.0,0,0,0,0,0,0.0,0,545,0.00,0.00,0.00,0.00,321,0,0,0.0,0.0,2026-04-19T13:00:00Z,0,False,2,0,0,0,0,0,33,0,1561,0,0,3,4,0.0,0,-1,0,1,54,False,0
Álex Moreno Lopera,DEF,Aston Villa,0.0,0,0,0,0,0,0.0,0,43,0.00,0.00,0.00,0.00,321,0,0,0.0,0.0,2026-04-19T13:00:00Z,0,False,17,0,0,0,0,0,33,0,204074,0,0,3,4,0.0,0,-758,0,758,40,True,0
Eric da Silva Moreira,MID,Nott'm Forest,0.0,0,0,0,0,0,0.0,0,523,0.00,0.00,0.00,0.00,329,0,0,0.0,0.0,2026-04-19T13:00:00Z,0,False,3,0,0,0,0,0,33,0,7441,0,0,1,4,0.0,0,1,56,55,45,True,0
Leny Yoro,DEF,Man Utd,0.0,0,0,0,0,0,0.0,0,444,0.00,0.00,0.00,0.00,323,0,0,0.0,0.0,2026-04-18T19:00:00Z,0,False,7,0,0,0,0,0,33,0,167840,0,0,1,0,0.0,0,-2228,1379,3607,41,False,0
Shurandy Sambo,DEF,Burnley,0.0,0,0,0,0,0,0.0,0,196,0.00,0.00,0.00,0.00,329,0,0,0.0,0.0,2026-04-19T13:00:00Z,0,False,16,0,0,0,0,0,33,0,4954,0,0,1,4,0.0,0,-8,0,8,40,False,0
Shurandy Sambo,DEF,Burnley,0.0,0,0,0,0,0,0.0,0,196,0.00,0.00,0.00,0.00,334,0,0,0.0,0.0,2026-04-22T19:00:00Z,0,False,13,0,0,0,0,0,33,0,4954,0,0,1,0,0.0,0,-8,0,8,40,True,0
Diego Gómez Amarilla,MID,Brighton,0.0,0,0,1,0,0,0.0,1,169,0.00,0.00,0.00,0.01,330,0,0,0.0,0.0,2026-04-18T16:30:00Z,19,False,18,0,0,0,1,0,33,0,193385,1,0,2,2,0.0,1,34737,41025,6288,49,False,0
Diego Gómez Amarilla,MID,Brighton,0.0,0,0,0,0,0,0.0,0,169,0.00,0.00,0.00,0.00,333,0,0,0.0,0.0,2026-04-21T19:00:00Z,0,False,7,0,0,0,0,0,33,0,193385,0,0,0,3,0.0,0,34737,41025,6288,49,True,0
Piero Hincapié,DEF,Arsenal,0.0,0,0,7,0,6,0.8,9,725,0.01,0.01,0.00,1.36,327,2,0,2.4,21.6,2026-04-19T15:30:00Z,90,False,13,0,0,0,1,0,33,0,85559,1,3,1,2,2.0,1,-8325,1665,9990,51,False,0
Lucá Williams-Barnett,MID,Spurs,0.0,0,0,0,0,0,0.0,0,790,0.00,0.00,0.00,0.00,330,0,0,0.0,0.0,2026-04-18T16:30:00Z,0,False,6,0,0,0,0,0,33,0,877,0,0,2,2,0.0,0,-9,28,37,45,True,0
Neco Williams,DEF,Nott'm Forest,0.0,0,0,8,0,0,16.4,3,508,0.19,0.26,0.07,0.36,329,1,0,4.9,14.8,2026-04-19T13:00:00Z,90,False,3,0,0,0,4,0,33,0,559726,1,3,1,4,18.0,2,88937,95194,6257,48,True,0
David Mota Veiga Teixeira do Carmo,DEF,Nott'm Forest,0.0,0,0,0,0,0,0.0,0,509,0.00,0.00,0.00,0.00,329,0,0,0.0,0.0,2026-04-19T13:00:00Z,0,False,3,0,0,0,0,0,33,0,2629,0,0,1,4,0.0,0,-1,0,1,45,True,0
Harrison Armstrong,MID,Everton,0.0,0,0,0,0,0,0.0,0,305,0.00,0.00,0.00,0.00,325,0,0,0.0,0.0,2026-04-19T13:00:00Z,0,False,12,0,0,0,0,0,33,0,10677,0,0,2,1,0.0,0,-352,152,504,45,True,0
Jackson Tchatchoua,DEF,Wolves,0.0,0,0,-4,0,1,1.3,1,695,0.00,0.00,0.00,1.78,326,2,0,0.2,0.4,2026-04-18T14:00:00Z,45,False,11,0,0,0,0,0,33,0,4477,1,0,0,3,0.0,0,111,254,143,44,False,0
Lucas Pires Silva,DEF,Burnley,0.0,0,0,0,0,0,0.0,0,195,0.00,0.00,0.00,0.00,329,0,0,0.0,0.0,2026-04-19T13:00:00Z,0,False,16,0,0,0,0,0,33,0,35607,0,0,1,4,0.0,0,-1039,200,1239,38,False,0
Lucas Pires Silva,DEF,Burnley,0.0,0,0,0,0,0,0.0,0,195,0.00,0.00,0.00,0.00,334,0,0,0.0,0.0,2026-04-22T19:00:00Z,0,False,13,0,0,0,0,0,33,0,35607,0,0,1,0,0.0,0,-1039,200,1239,38,True,0
Anthony Patterson,GK,Sunderland,0.0,0,0,0,0,0,0.0,0,528,0.00,0.00,0.00,0.00,321,0,0,0.0,0.0,2026-04-19T13:00:00Z,0,False,2,0,0,0,0,0,33,0,19586,0,0,3,4,0.0,0,-170,0,170,42,False,0
Wilson Isidor,FWD,Sunderland,0.0,0,0,28,0,0,0.1,0,560,0.00,0.65,0.65,0.67,321,1,1,4.9,32.0,2026-04-19T13:00:00Z,6,False,2,0,0,0,0,0,33,0,165552,0,0,3,4,17.0,5,-3826,459,4285,50,False,0
Jack Harrison,MID,Leeds,0.0,0,0,0,0,0,0.0,0,352,0.00,0.00,0.00,0.00,326,0,0,0.0,0.0,2026-04-18T14:00:00Z,0,False,20,0,0,0,0,0,33,0,5924,0,0,0,3,0.0,0,-20,0,20,51,True,0
Jack Harrison,MID,Leeds,0.0,0,0,0,0,0,0.0,0,352,0.00,0.00,0.00,0.00,332,0,0,0.0,0.0,2026-04-22T19:00:00Z,0,False,4,0,0,0,0,0,33,0,5924,0,0,2,2,0.0,0,-20,0,20,51,False,0
Kieran Morrison,MID,Liverpool,0.0,0,0,0,0,0,0.0,0,746,0.00,0.00,0.00,0.00,325,0,0,0.0,0.0,2026-04-19T13:00:00Z,0,False,9,0,0,0,0,0,33,0,1259,0,0,2,1,0.0,0,-2,14,16,45,False,0
Dango Ouattara,MID,Brentford,0.0,0,0,11,1,0,31.2,1,83,0.09,0.36,0.27,0.77,322,0,0,9.2,16.0,2026-04-18T11:30:00Z,90,False,10,0,0,0,1,0,33,0,252271,1,0,0,0,45.0,3,-66880,5735,72615,59,True,0
Mathys Tel,MID,Spurs,0.0,0,0,4,0,1,14.9,2,584,0.04,0.04,0.00,0.37,330,1,0,2.5,8.4,2026-04-18T16:30:00Z,33,False,6,0,0,0,1,0,33,0,17552,0,0,2,2,2.0,1,25,608,583,62,True,0
Charlie Crew,MID,Leeds,0.0,0,0,0,0,0,0.0,0,359,0.00,0.00,0.00,0.00,326,0,0,0.0,0.0,2026-04-18T14:00:00Z,0,False,20,0,0,0,0,0,33,0,419,0,0,0,3,0.0,0,-1,0,1,45,True,0
Charlie Crew,MID,Leeds,0.0,0,0,0,0,0,0.0,0,359,0.00,0.00,0.00,0.00,332,0,0,0.0,0.0,2026-04-22T19:00:00Z,0,False,4,0,0,0,0,0,33,0,419,0,0,2,2,0.0,0,-1,0,1,45,False,0
Ryan Trevitt,MID,Brentford,0.0,0,0,0,0,0,0.0,0,134,0.00,0.00,0.00,0.00,322,0,0,0.0,0.0,2026-04-18T11:30:00Z,0,False,10,0,0,0,0,0,33,0,478,0,0,0,0,0.0,0,-2,0,2,45,True,0
Sandro Tonali,MID,Newcastle,0.0,0,0,14,0,1,11.7,5,491,0.08,0.15,0.07,2.99,328,2,0,2.7,6.8,2026-04-18T14:00:00Z,85,False,4,0,0,0,2,0,33,0,141193,1,2,2,1,8.0,2,-630,2680,3310,53,True,0
Marli Salmon,DEF,Arsenal,0.0,0,0,0,0,0,0.0,0,759,0.00,0.00,0.00,0.00,327,0,0,0.0,0.0,2026-04-19T15:30:00Z,0,False,13,0,0,0,0,0,33,0,2904,0,0,1,2,0.0,0,-16,26,42,40,False,0
Ben Broggio,MID,Aston Villa,0.0,0,0,0,0,0,0.0,0,60,0.00,0.00,0.00,0.00,321,0,0,0.0,0.0,2026-04-19T13:00:00Z,0,False,17,0,0,0,0,0,33,0,32069,0,0,3,4,0.0,0,-178,0,178,44,True,0
Josh Dasilva,MID,Brentford,0.0,0,0,0,0,0,0.0,0,748,0.00,0.00,0.00,0.00,322,0,0,0.0,0.0,2026-04-18T11:30:00Z,0,False,10,0,0,0,0,0,33,0,207,0,0,0,0,0.0,0,-1,3,4,49,True,0
Matt Doherty,DEF,Wolves,0.0,0,0,0,0,0,0.0,0,632,0.00,0.00,0.00,0.00,326,0,0,0.0,0.0,2026-04-18T14:00:00Z,0,False,11,0,0,0,0,0,33,0,11073,0,0,0,3,0.0,0,-115,43,158,44,False,0
Niclas Füllkrug,FWD,West Ham,0.0,0,0,0,0,0,0.0,0,625,0.00,0.00,0.00,0.00,324,0,0,0.0,0.0,2026-04-20T19:00:00Z,0,False,8,0,0,0,0,0,33,0,73893,0,0,0,0,0.0,0,-105,0,105,56,False,0
Sam Chambers,MID,Leeds,0.0,0,0,0,0,0,0.0,0,787,0.00,0.00,0.00,0.00,326,0,0,0.0,0.0,2026-04-18T14:00:00Z,0,False,20,0,0,0,0,0,33,0,1589,0,0,0,3,0.0,0,24,124,100,44,True,0
Sam Chambers,MID,Leeds,0.0,0,0,0,0,0,0.0,0,787,0.00,0.00,0.00,0.00,332,0,0,0.0,0.0,2026-04-22T19:00:00Z,0,False,4,0,0,0,0,0,33,0,1589,0,0,2,2,0.0,0,24,124,100,44,False,0
Maldini Kacurri,DEF,Arsenal,0.0,0,0,0,0,0,0.0,0,14,0.00,0.00,0.00,0.00,327,0,0,0.0,0.0,2026-04-19T15:30:00Z,0,False,13,0,0,0,0,0,33,0,12102,0,0,1,2,0.0,0,-14,0,14,39,False,0
Donyell Malen,MID,Aston Villa,0.0,0,0,0,0,0,0.0,0,53,0.00,0.00,0.00,0.00,321,0,0,0.0,0.0,2026-04-19T13:00:00Z,0,False,17,0,0,0,0,0,33,0,51314,0,0,3,4,0.0,0,-229,0,229,51,True,0
Bafodé Diakité,DEF,Bournemouth,0.0,0,0,0,0,0,0.0,0,685,0.00,0.00,0.00,0.00,328,0,0,0.0,0.0,2026-04-18T14:00:00Z,0,False,15,0,0,0,0,0,33,0,35646,0,0,2,1,0.0,0,-183,374,557,41,False,0
Bafodé Diakité,DEF,Bournemouth,0.0,0,0,0,0,0,0.0,0,685,0.00,0.00,0.00,0.00,332,0,0,0.0,0.0,2026-04-22T19:00:00Z,0,False,11,0,0,0,0,0,33,0,35646,0,0,2,2,0.0,0,-183,374,557,41,True,0
Leander Dendoncker,MID,Aston Villa,0.0,0,0,0,0,0,0.0,0,61,0.00,0.00,0.00,0.00,321,0,0,0.0,0.0,2026-04-19T13:00:00Z,0,False,17,0,0,0,0,0,33,0,8989,0,0,3,4,0.0,0,-18,0,18,45,True,0
Robin Roefs,GK,Sunderland,0.0,0,0,-1,0,0,0.0,0,670,0.00,0.00,0.00,2.84,321,4,0,2.0,20.0,2026-04-19T13:00:00Z,90,False,2,0,0,0,7,0,33,3,981227,1,0,3,4,0.0,1,7859,34061,26202,48,False,0
Tymur Tutierov,MID,Sunderland,0.0,0,0,0,0,0,0.0,0,775,0.00,0.00,0.00,0.00,321,0,0,0.0,0.0,2026-04-19T13:00:00Z,0,False,2,0,0,0,0,0,33,0,88,0,0,3,4,0.0,0,-1,0,1,45,False,0
Lesley Ugochukwu,MID,Burnley,0.0,0,0,6,0,2,0.9,4,676,0.00,0.00,0.00,0.93,329,2,0,0.9,7.8,2026-04-19T13:00:00Z,75,False,16,0,0,0,1,0,33,0,14781,1,1,1,4,0.0,2,-196,586,782,50,False,0
Lesley Ugochukwu,MID,Burnley,0.0,0,0,0,0,0,0.0,0,676,0.00,0.00,0.00,0.00,334,0,0,0.0,0.0,2026-04-22T19:00:00Z,0,False,13,0,0,0,0,0,33,0,14781,0,0,1,0,0.0,0,-196,586,782,50,True,0
Borna Sosa,DEF,Crystal Palace,0.0,0,0,0,0,0,0.0,0,259,0.00,0.00,0.00,0.00,324,0,0,0.0,0.0,2026-04-20T19:00:00Z,0,False,19,0,0,0,0,0,33,0,16116,0,0,0,0,0.0,0,124,267,143,48,True,0
Kaelan Casey,DEF,West Ham,0.0,0,0,0,0,0,0.0,0,611,0.00,0.00,0.00,0.00,324,0,0,0.0,0.0,2026-04-20T19:00:00Z,0,False,8,0,0,0,0,0,33,0,7998,0,0,0,0,0.0,0,-25,0,25,40,False,0
Hamed Traorè,MID,Bournemouth,0.0,0,0,0,0,0,0.0,0,93,0.00,0.00,0.00,0.00,328,0,0,0.0,0.0,2026-04-18T14:00:00Z,0,False,15,0,0,0,0,0,33,0,35002,0,0,2,1,0.0,0,-93,0,93,45,False,0
Hamed Traorè,MID,Bournemouth,0.0,0,0,0,0,0,0.0,0,93,0.00,0.00,0.00,0.00,332,0,0,0.0,0.0,2026-04-22T19:00:00Z,0,False,11,0,0,0,0,0,33,0,35002,0,0,2,2,0.0,0,-93,0,93,45,True,0
Jack Fletcher,MID,Man Utd,0.0,0,0,0,0,0,0.0,0,462,0.00,0.00,0.00,0.00,323,0,0,0.0,0.0,2026-04-18T19:00:00Z,0,False,7,0,0,0,0,0,33,0,10099,0,0,1,0,0.0,0,-220,69,289,43,False,0
Riccardo Calafiori,DEF,Arsenal,0.0,0,0,0,0,0,0.0,0,7,0.00,0.00,0.00,0.00,327,0,0,0.0,0.0,2026-04-19T15:30:00Z,0,False,13,0,0,0,0,0,33,0,773117,0,0,1,2,0.0,0,-20043,812,20855,56,False,0
David Raya Martín,GK,Arsenal,0.0,0,0,8,0,2,0.0,0,1,0.00,0.00,0.00,1.36,327,2,0,2.1,21.0,2026-04-19T15:30:00Z,90,False,13,0,0,0,8,0,33,2,4135968,1,0,1,2,0.0,1,-121948,28089,150037,60,False,0
Jesurun Rak-Sakyi,MID,Crystal Palace,0.0,0,0,0,0,0,0.0,0,278,0.00,0.00,0.00,0.00,324,0,0,0.0,0.0,2026-04-20T19:00:00Z,0,False,19,0,0,0,0,0,33,0,3656,0,0,0,0,0.0,0,-17,0,17,44,True,0
Nectarios Triantis,MID,Sunderland,0.0,0,0,0,0,0,0.0,0,559,0.00,0.00,0.00,0.00,321,0,0,0.0,0.0,2026-04-19T13:00:00Z,0,False,2,0,0,0,0,0,33,0,3819,0,0,3,4,0.0,0,-10,0,10,44,False,0
Romelle Donovan,MID,Brentford,0.0,0,0,0,0,0,0.0,0,130,0.00,0.00,0.00,0.00,322,0,0,0.0,0.0,2026-04-18T11:30:00Z,0,False,10,0,0,0,0,0,33,0,13557,0,0,0,0,0.0,0,-202,102,304,44,True,0
Maxim De Cuyper,DEF,Brighton,0.0,0,0,-2,0,1,0.8,1,145,0.00,0.00,0.00,0.12,330,1,0,0.3,2.0,2026-04-18T16:30:00Z,15,False,18,0,0,0,1,0,33,0,208077,0,0,2,2,0.0,1,-3954,1337,5291,43,False,0
Maxim De Cuyper,DEF,Brighton,0.0,1,0,19,0,1,10.5,2,145,0.10,0.10,0.00,0.11,333,0,0,3.6,25.2,2026-04-21T19:00:00Z,13,False,7,0,0,0,1,0,33,0,208077,0,1,0,3,0.0,4,-3954,1337,5291,43,True,0
Joël Piroe,FWD,Leeds,0.0,0,0,0,0,0,0.0,0,362,0.00,0.00,0.00,0.00,326,0,0,0.0,0.0,2026-04-18T14:00:00Z,0,False,20,0,0,0,0,0,33,0,44290,0,0,0,3,0.0,0,-147,171,318,49,True,0
Joël Piroe,FWD,Leeds,0.0,0,0,3,0,0,1.0,0,362,0.00,0.00,0.00,0.00,332,0,0,0.1,0.0,2026-04-22T19:00:00Z,1,False,4,0,0,0,0,0,33,0,44290,0,0,2,2,0.0,1,-147,171,318,49,False,0
Marco Bizot,GK,Aston Villa,0.0,0,0,0,0,0,0.0,0,33,0.00,0.00,0.00,0.00,321,0,0,0.0,0.0,2026-04-19T13:00:00Z,0,False,17,0,0,0,0,0,33,0,48620,0,0,3,4,0.0,0,127,448,321,42,True,0
Xavi Simons,MID,Spurs,0.0,1,2,33,0,1,23.6,4,717,0.27,0.90,0.63,0.82,330,2,1,9.9,51.2,2026-04-18T16:30:00Z,90,False,6,0,0,0,3,0,33,0,147482,1,0,2,2,24.0,11,-4624,2868,7492,65,True,1
Maxwel Cornet,MID,West Ham,0.0,0,0,0,0,0,0.0,0,617,0.00,0.00,0.00,0.00,324,0,0,0.0,0.0,2026-04-20T19:00:00Z,0,False,8,0,0,0,0,0,33,0,1913,0,0,0,0,0.0,0,-1,0,1,49,False,0
Vitor de Oliveira Nunes dos Reis,DEF,Man City,0.0,0,0,0,0,0,0.0,0,412,0.00,0.00,0.00,0.00,327,0,0,0.0,0.0,2026-04-19T15:30:00Z,0,False,1,0,0,0,0,0,33,0,578,0,0,1,2,0.0,0,0,0,0,50,True,0
Vitor de Oliveira Nunes dos Reis,DEF,Man City,0.0,0,0,0,0,0,0.0,0,412,0.00,0.00,0.00,0.00,334,0,0,0.0,0.0,2026-04-22T19:00:00Z,0,False,3,0,0,0,0,0,33,0,578,0,0,1,0,0.0,0,0,0,0,50,False,0
Sam Johnstone,GK,Wolves,0.0,0,0,0,0,0,0.0,0,627,0.00,0.00,0.00,0.00,326,0,0,0.0,0.0,2026-04-18T14:00:00Z,0,False,11,0,0,0,0,0,33,0,17610,0,0,0,3,0.0,0,-401,115,516,44,False,0
Antonee Robinson,DEF,Fulham,0.0,0,0,4,0,1,10.3,1,316,0.01,0.01,0.00,0.71,322,0,0,1.4,3.6,2026-04-18T11:30:00Z,9,False,5,0,0,0,1,0,33,0,101429,0,0,0,0,0.0,1,-3568,2025,5593,49,False,0
Jørgen Strand Larsen,FWD,Crystal Palace,0.0,0,0,0,0,0,2.2,1,654,0.01,0.16,0.15,0.56,324,0,0,0.8,0.0,2026-04-20T19:00:00Z,58,False,19,0,0,0,1,0,33,0,197461,1,0,0,0,8.0,1,-24186,1398,25584,59,True,0
Estêvão Almeida de Oliveira Gonçalves,MID,Chelsea,0.0,0,0,4,0,0,0.0,0,238,0.00,0.09,0.09,0.03,323,0,0,2.1,0.0,2026-04-18T19:00:00Z,15,False,14,0,0,0,0,0,33,0,243540,1,0,1,0,21.0,1,7443,10115,2672,64,True,0
Estêvão Almeida de Oliveira Gonçalves,MID,Chelsea,0.0,0,0,0,0,0,0.0,0,238,0.00,0.00,0.00,0.00,333,0,0,0.0,0.0,2026-04-21T19:00:00Z,0,False,6,0,0,0,0,0,33,0,243540,0,0,0,3,0.0,0,7443,10115,2672,64,False,0
Tom Watson,MID,Brighton,0.0,0,0,0,0,0,0.0,0,172,0.00,0.00,0.00,0.00,330,0,0,0.0,0.0,2026-04-18T16:30:00Z,0,False,18,0,0,0,0,0,33,0,3687,0,0,2,2,0.0,0,-15,0,15,48,False,0
Tom Watson,MID,Brighton,0.0,0,0,0,0,0,0.0,0,172,0.00,0.00,0.00,0.00,333,0,0,0.0,0.0,2026-04-21T19:00:00Z,0,False,7,0,0,0,0,0,33,0,3687,0,0,0,3,0.0,0,-15,0,15,48,True,0
Lucas Estella Perri,GK,Leeds,0.0,0,0,0,0,0,0.0,0,665,0.00,0.00,0.00,0.00,326,0,0,0.0,0.0,2026-04-18T14:00:00Z,0,False,20,0,0,0,0,0,33,0,41379,0,0,0,3,0.0,0,3014,5326,2312,44,True,0
Lucas Estella Perri,GK,Leeds,0.0,0,0,0,0,0,0.0,0,665,0.00,0.00,0.00,0.00,332,0,0,0.0,0.0,2026-04-22T19:00:00Z,0,False,4,0,0,0,0,0,33,0,41379,0,0,2,2,0.0,0,3014,5326,2312,44,False,0
Timothée Pembélé,DEF,Sunderland,0.0,0,0,0,0,0,0.0,0,540,0.00,0.00,0.00,0.00,321,0,0,0.0,0.0,2026-04-19T13:00:00Z,0,False,2,0,0,0,0,0,33,0,35731,0,0,3,4,0.0,0,-239,0,239,39,False,0
Roméo Lavia,MID,Chelsea,0.0,0,0,3,0,0,0.0,1,244,0.00,0.00,0.00,0.00,323,0,0,0.0,0.0,2026-04-18T19:00:00Z,2,False,14,0,0,0,1,0,33,0,2451,0,0,1,0,0.0,1,20,76,56,49,True,0
Roméo Lavia,MID,Chelsea,0.0,0,0,14,0,1,3.0,5,244,0.02,0.07,0.05,1.89,333,2,0,0.6,2.2,2026-04-21T19:00:00Z,72,False,6,0,0,0,4,0,33,0,2451,1,0,0,3,1.0,2,20,76,56,49,False,0
Jan Paul van Hecke,DEF,Brighton,0.0,1,0,16,0,13,13.7,16,151,0.07,0.13,0.06,1.09,330,2,0,6.9,44.8,2026-04-18T16:30:00Z,90,False,18,0,0,0,6,0,33,0,1736026,1,3,2,2,10.0,6,230494,251130,20636,46,False,0
Jan Paul van Hecke,DEF,Brighton,0.0,0,0,28,1,5,4.9,6,151,0.01,0.14,0.13,0.37,333,0,0,4.8,19.2,2026-04-21T19:00:00Z,90,False,7,0,0,0,5,0,33,0,1736026,1,1,0,3,24.0,6,230494,251130,20636,46,True,0
Mike Penders,GK,Chelsea,0.0,0,0,0,0,0,0.0,0,222,0.00,0.00,0.00,0.00,323,0,0,0.0,0.0,2026-04-18T19:00:00Z,0,False,14,0,0,0,0,0,33,0,356,0,0,1,0,0.0,0,0,0,0,40,True,0
Mike Penders,GK,Chelsea,0.0,0,0,0,0,0,0.0,0,222,0.00,0.00,0.00,0.00,333,0,0,0.0,0.0,2026-04-21T19:00:00Z,0,False,6,0,0,0,0,0,33,0,356,0,0,0,3,0.0,0,0,0,0,40,False,0
Rio Kyerematen,MID,Spurs,0.0,0,0,0,0,0,0.0,0,811,0.00,0.00,0.00,0.00,330,0,0,0.0,0.0,2026-04-18T16:30:00Z,0,False,6,0,0,0,0,0,33,0,503,0,0,2,2,0.0,0,9,27,18,45,True,0
Oleksandr Zinchenko,DEF,Nott'm Forest,0.0,0,0,0,0,0,0.0,0,12,0.00,0.00,0.00,0.00,329,0,0,0.0,0.0,2026-04-19T13:00:00Z,0,False,3,0,0,0,0,0,33,0,26979,0,0,1,4,0.0,0,-81,0,81,49,True,0
Harvey Barnes,MID,Newcastle,0.0,0,0,1,0,0,3.3,6,487,0.08,0.25,0.17,2.99,328,2,0,2.6,0.0,2026-04-18T14:00:00Z,90,False,4,0,0,0,5,0,33,0,139872,1,1,2,1,23.0,2,-8935,2450,11385,61,True,0
Josh Nichols,DEF,Arsenal,0.0,0,0,0,0,0,0.0,0,15,0.00,0.00,0.00,0.00,327,0,0,0.0,0.0,2026-04-19T15:30:00Z,0,False,13,0,0,0,0,0,33,0,32821,0,0,1,2,0.0,0,-397,356,753,37,False,0
Jhon Arias,MID,Wolves,0.0,0,0,0,0,0,0.0,0,663,0.00,0.00,0.00,0.00,326,0,0,0.0,0.0,2026-04-18T14:00:00Z,0,False,11,0,0,0,0,0,33,0,16653,0,0,0,3,0.0,0,-75,0,75,49,False,0
Chido Obi,FWD,Man Utd,0.0,0,0,0,0,0,0.0,0,467,0.00,0.00,0.00,0.00,323,0,0,0.0,0.0,2026-04-18T19:00:00Z,0,False,7,0,0,0,0,0,33,0,182986,0,0,1,0,0.0,0,-3067,346,3413,42,False,0
Marc Guiu Paz,FWD,Chelsea,0.0,0,0,0,0,0,0.0,0,252,0.00,0.00,0.00,0.00,323,0,0,0.0,0.0,2026-04-18T19:00:00Z,0,False,14,0,0,0,0,0,33,0,650968,0,0,1,0,0.0,0,-16261,5197,21458,40,True,0
Marc Guiu Paz,FWD,Chelsea,0.0,0,0,0,0,0,1.3,1,252,0.00,0.08,0.08,0.24,333,1,0,0.5,0.0,2026-04-21T19:00:00Z,18,False,6,0,0,0,1,0,33,0,650968,0,0,0,3,5.0,1,-16261,5197,21458,40,False,0
Aaron Ramsey,MID,Burnley,0.0,0,0,0,0,0,0.0,0,211,0.00,0.00,0.00,0.00,329,0,0,0.0,0.0,2026-04-19T13:00:00Z,0,False,16,0,0,0,0,0,33,0,183062,0,0,1,4,0.0,0,-559,0,559,44,False,0
Aaron Ramsey,MID,Burnley,0.0,0,0,0,0,0,0.0,0,211,0.00,0.00,0.00,0.00,334,0,0,0.0,0.0,2026-04-22T19:00:00Z,0,False,13,0,0,0,0,0,33,0,183062,0,0,1,0,0.0,0,-559,0,559,44,True,0
John McGinn,MID,Aston Villa,0.0,1,0,21,0,1,54.8,3,54,1.03,1.03,0.00,0.33,321,1,0,8.1,22.6,2026-04-19T13:00:00Z,79,False,17,0,0,0,2,0,33,0,77499,1,0,3,4,4.0,5,1521,4246,2725,53,True,0
Chadi Riad Dnanou,DEF,Crystal Palace,0.0,0,0,0,0,0,0.0,0,262,0.00,0.00,0.00,0.00,324,0,0,0.0,0.0,2026-04-20T19:00:00Z,0,False,19,0,0,0,0,0,33,0,6302,0,0,0,0,0.0,0,-177,114,291,40,True,0
Pedro Cardoso de Lima,DEF,Wolves,0.0,0,0,-3,0,1,0.3,1,640,0.00,0.02,0.02,1.04,326,1,0,0.5,0.0,2026-04-18T14:00:00Z,45,False,11,0,0,0,3,0,33,0,47712,0,0,0,3,5.0,1,-47,222,269,40,False,0
Hannes Delcroix,DEF,Burnley,0.0,0,0,0,0,0,0.0,0,188,0.00,0.00,0.00,0.00,329,0,0,0.0,0.0,2026-04-19T13:00:00Z,0,False,16,0,0,0,0,0,33,0,25606,0,0,1,4,0.0,0,-408,0,408,38,False,0
Hannes Delcroix,DEF,Burnley,0.0,0,0,0,0,0,0.0,0,188,0.00,0.00,0.00,0.00,334,0,0,0.0,0.0,2026-04-22T19:00:00Z,0,False,13,0,0,0,0,0,33,0,25606,0,0,1,0,0.0,0,-408,0,408,38,True,0
Phil Foden,MID,Man City,0.0,0,0,3,0,0,1.1,2,414,0.00,0.00,0.00,0.12,327,0,0,0.1,0.2,2026-04-19T15:30:00Z,5,False,1,0,0,0,2,0,33,0,1026345,0,0,1,2,0.0,1,-12616,5195,17811,80,True,0
Phil Foden,MID,Man City,0.0,0,0,0,0,0,0.0,0,414,0.00,0.00,0.00,0.00,334,0,0,0.0,0.0,2026-04-22T19:00:00Z,0,False,3,0,0,0,0,0,33,0,1026345,0,0,1,0,0.0,0,-12616,5195,17811,80,False,0
Jonah Kusi-Asare,FWD,Fulham,0.0,0,0,0,0,0,0.0,0,737,0.00,0.00,0.00,0.00,322,0,0,0.0,0.0,2026-04-18T11:30:00Z,0,False,5,0,0,0,0,0,33,0,12966,0,0,0,0,0.0,0,-224,149,373,45,False,0
Tom Heaton,GK,Man Utd,0.0,0,0,0,0,0,0.0,0,434,0.00,0.00,0.00,0.00,323,0,0,0.0,0.0,2026-04-18T19:00:00Z,0,False,7,0,0,0,0,0,33,0,53533,0,0,1,0,0.0,0,4158,5492,1334,38,False,0
Yéremy Pino Santos,MID,Crystal Palace,0.0,0,0,3,0,1,24.4,7,712,0.04,0.04,0.00,0.56,324,0,0,3.7,8.2,2026-04-20T19:00:00Z,58,False,19,0,0,0,5,0,33,0,21429,1,1,0,0,4.0,1,-391,337,728,58,True,0
Wilson Odobert,MID,Spurs,0.0,0,0,0,0,0,0.0,0,588,0.00,0.00,0.00,0.00,330,0,0,0.0,0.0,2026-04-18T16:30:00Z,0,False,6,0,0,0,0,0,33,0,5455,0,0,2,2,0.0,0,-65,21,86,53,True,0
Omari Hutchinson,MID,Nott'm Forest,0.0,1,0,15,0,0,14.7,4,693,0.10,0.10,0.00,0.36,329,1,0,4.2,21.4,2026-04-19T13:00:00Z,87,False,3,0,0,0,3,0,33,0,9409,1,1,1,4,6.0,5,-72,238,310,54,True,0
Alex Murphy,DEF,Newcastle,0.0,0,0,0,0,0,0.0,0,481,0.00,0.00,0.00,0.00,328,0,0,0.0,0.0,2026-04-18T14:00:00Z,0,False,4,0,0,0,0,0,33,0,88569,0,0,2,1,0.0,0,-705,374,1079,38,True,0
Bernardo Mota Veiga de Carvalho e Silva,MID,Man City,0.0,0,0,15,0,2,14.6,10,416,0.02,0.11,0.09,1.62,327,1,0,3.8,13.2,2026-04-19T15:30:00Z,90,False,1,0,0,0,5,0,33,0,89471,1,3,1,2,10.0,2,3336,6579,3243,62,True,0
Bernardo Mota Veiga de Carvalho e Silva,MID,Man City,0.0,0,0,24,1,2,81.7,12,416,0.21,0.48,0.27,0.61,334,0,0,14.0,27.6,2026-04-22T19:00:00Z,90,False,3,0,0,0,7,0,33,0,89471,1,3,1,0,31.0,5,3336,6579,3243,62,False,0
Hannibal Mejbri,MID,Burnley,0.0,0,0,0,0,0,0.0,0,207,0.00,0.00,0.00,0.00,329,0,0,0.0,0.0,2026-04-19T13:00:00Z,0,False,16,0,0,0,0,0,33,0,18724,0,0,1,4,0.0,0,-2946,19,2965,47,False,0
Hannibal Mejbri,MID,Burnley,0.0,0,0,0,0,0,0.0,0,207,0.00,0.00,0.00,0.00,334,0,0,0.0,0.0,2026-04-22T19:00:00Z,0,False,13,0,0,0,0,0,33,0,18724,0,0,1,0,0.0,0,-2946,19,2965,47,True,0
Jacob Bruun Larsen,MID,Burnley,0.0,0,0,2,0,0,1.1,1,202,0.01,0.01,0.00,0.26,329,2,0,0.1,0.0,2026-04-19T13:00:00Z,14,False,16,0,0,0,1,0,33,0,4998,0,0,1,4,0.0,1,106,214,108,52,False,0
Jacob Bruun Larsen,MID,Burnley,0.0,0,0,0,0,0,0.0,0,202,0.00,0.00,0.00,0.00,334,0,0,0.0,0.0,2026-04-22T19:00:00Z,0,False,13,0,0,0,0,0,33,0,4998,0,0,1,0,0.0,0,106,214,108,52,True,0
Dennis Cirkin,DEF,Sunderland,0.0,0,0,0,0,0,0.0,0,535,0.00,0.00,0.00,0.00,321,0,0,0.0,0.0,2026-04-19T13:00:00Z,0,False,2,0,0,0,0,0,33,0,6070,0,0,3,4,0.0,0,-90,64,154,40,False,0
Daniel Muñoz Mejía,DEF,Crystal Palace,0.0,0,0,22,1,8,2.7,10,256,0.02,0.02,0.00,0.61,324,0,0,1.9,12.0,2026-04-20T19:00:00Z,90,False,19,0,0,0,1,0,33,0,969502,1,2,0,0,4.0,7,23731,41168,17437,58,True,1
Bastien Meupiyou Menadjou,DEF,Wolves,0.0,0,0,0,0,0,0.0,0,639,0.00,0.00,0.00,0.00,326,0,0,0.0,0.0,2026-04-18T14:00:00Z,0,False,11,0,0,0,0,0,33,0,781,0,0,0,3,0.0,0,-6,0,6,40,False,0
Radu Drăgușin,DEF,Spurs,0.0,0,0,0,0,0,0.0,0,572,0.00,0.00,0.00,0.00,330,0,0,0.0,0.0,2026-04-18T16:30:00Z,0,False,6,0,0,0,0,0,33,0,3168,0,0,2,2,0.0,0,-115,97,212,45,True,0
Noah Okafor,MID,Leeds,0.0,1,3,42,1,3,44.3,9,698,0.17,0.53,0.36,0.46,326,0,1,15.2,65.2,2026-04-18T14:00:00Z,66,False,20,0,0,0,5,0,33,0,316799,1,1,0,3,42.0,14,175380,179126,3746,55,True,0
Noah Okafor,MID,Leeds,0.0,0,0,4,0,1,1.2,8,698,0.00,0.19,0.19,0.82,332,1,0,1.3,1.4,2026-04-22T19:00:00Z,63,False,4,0,0,0,6,0,33,0,316799,1,1,2,2,10.0,2,175380,179126,3746,55,False,0
Dean Henderson,GK,Crystal Palace,0.0,0,0,30,1,2,0.0,0,253,0.00,0.00,0.00,0.61,324,0,0,2.7,26.8,2026-04-20T19:00:00Z,90,False,19,0,0,0,6,0,33,3,1039909,1,0,0,0,0.0,7,-6916,22286,29202,51,True,0
Jayce Fitzgerald,MID,Man Utd,0.0,0,0,0,0,0,0.0,0,461,0.00,0.00,0.00,0.00,323,0,0,0.0,0.0,2026-04-18T19:00:00Z,0,False,7,0,0,0,0,0,33,0,5717,0,0,1,0,0.0,0,-36,42,78,43,False,0
Nayef Aguerd,DEF,West Ham,0.0,0,0,0,0,0,0.0,0,607,0.00,0.00,0.00,0.00,324,0,0,0.0,0.0,2026-04-20T19:00:00Z,0,False,8,0,0,0,0,0,33,0,5329,0,0,0,0,0.0,0,-7,0,7,44,False,0
Danny Welbeck,FWD,Brighton,0.0,0,0,5,0,2,1.0,3,178,0.01,0.22,0.21,0.97,330,1,0,2.5,5.4,2026-04-18T16:30:00Z,74,False,18,0,0,0,1,0,33,0,1308989,1,0,2,2,19.0,2,180864,222012,41148,63,False,0
Danny Welbeck,FWD,Brighton,0.0,0,1,29,0,0,0.3,0,178,0.00,0.24,0.24,0.02,333,0,1,5.1,33.4,2026-04-21T19:00:00Z,7,False,7,0,0,0,0,0,33,0,1308989,0,0,0,3,17.0,6,180864,222012,41148,63,True,0
Tom King,GK,Everton,0.0,0,0,0,0,0,0.0,0,630,0.00,0.00,0.00,0.00,325,0,0,0.0,0.0,2026-04-19T13:00:00Z,0,False,12,0,0,0,0,0,33,0,159298,0,0,2,1,0.0,0,-1321,173,1494,39,True,0
Maxime Estève,DEF,Burnley,0.0,0,0,-1,0,12,0.8,16,191,0.00,0.06,0.06,1.19,329,4,0,4.1,34.8,2026-04-19T13:00:00Z,90,False,16,0,0,0,1,0,33,0,964426,1,4,1,4,5.0,2,-10134,9100,19234,39,False,0
Maxime Estève,DEF,Burnley,0.0,0,0,10,0,9,0.3,10,191,0.00,0.00,0.00,3.54,334,1,0,3.4,33.8,2026-04-22T19:00:00Z,90,False,13,0,0,0,1,0,33,0,964426,1,1,1,0,0.0,4,-10134,9100,19234,39,True,0
Antoine Semenyo,MID,Man City,0.0,0,0,6,0,1,6.1,4,82,0.04,0.08,0.05,1.62,327,1,0,2.7,5.4,2026-04-19T15:30:00Z,90,False,1,0,0,0,2,0,33,0,7592852,1,1,1,2,15.0,2,148511,233766,85255,82,True,0
Antoine Semenyo,MID,Man City,0.0,0,0,14,1,1,17.5,3,82,0.27,0.54,0.27,0.53,334,0,0,3.6,3.8,2026-04-22T19:00:00Z,64,False,3,0,0,0,1,0,33,0,7592852,1,1,1,0,15.0,3,148511,233766,85255,82,False,0
Rodrigo Muniz Carvalho,FWD,Fulham,0.0,0,0,6,1,3,0.1,3,338,0.00,0.00,0.00,0.64,322,0,0,1.0,8.2,2026-04-18T11:30:00Z,66,False,5,0,0,0,0,0,33,0,93163,1,0,0,0,2.0,2,24,896,872,53,False,0
Gianluigi Donnarumma,GK,Man City,0.0,0,0,7,0,1,0.0,0,736,0.00,0.00,0.00,1.62,327,1,0,0.9,8.6,2026-04-19T15:30:00Z,90,False,1,0,0,0,11,0,33,1,1249594,1,0,1,2,0.0,2,47449,76267,28818,56,True,0
Gianluigi Donnarumma,GK,Man City,0.0,0,0,22,1,0,0.0,0,736,0.00,0.00,0.00,0.61,334,0,0,1.1,11.4,2026-04-22T19:00:00Z,90,False,3,0,0,0,4,0,33,1,1249594,1,0,1,0,0.0,6,47449,76267,28818,56,False,0
Sven Botman,DEF,Newcastle,0.0,0,0,7,0,12,10.9,12,475,0.07,0.07,0.00,2.99,328,2,0,5.4,34.8,2026-04-18T14:00:00Z,90,False,4,0,0,0,6,0,33,0,51552,1,0,2,1,8.0,2,163,1443,1280,49,True,1
Omar Alderete,DEF,Sunderland,0.0,0,0,-3,0,5,4.4,6,683,0.01,0.01,0.00,1.86,321,3,0,2.2,15.6,2026-04-19T13:00:00Z,62,False,2,0,0,0,3,0,33,0,715006,1,1,3,4,2.0,1,-31834,11767,43601,41,False,0
Nico O'Reilly,DEF,Man City,0.0,1,2,31,0,7,15.6,8,411,0.35,0.35,0.00,1.62,327,1,0,4.7,23.8,2026-04-19T15:30:00Z,90,False,1,0,0,0,5,0,33,0,2011941,1,1,1,2,8.0,7,252403,314769,62366,51,True,0
Nico O'Reilly,DEF,Man City,0.0,0,0,23,1,6,2.3,6,411,0.01,0.81,0.80,0.61,334,0,0,9.1,24.0,2026-04-22T19:00:00Z,90,False,3,0,0,0,5,0,33,0,2011941,1,0,1,0,65.0,6,252403,314769,62366,51,False,0
Liam Delap,FWD,Chelsea,0.0,0,0,2,0,0,12.2,2,250,0.01,0.30,0.29,0.29,323,1,0,3.0,0.0,2026-04-18T19:00:00Z,90,False,14,0,0,0,2,0,33,0,118751,1,0,1,0,19.0,2,-102,558,660,62,True,0
Liam Delap,FWD,Chelsea,0.0,0,0,5,0,1,1.4,3,250,0.00,0.00,0.00,1.89,333,2,0,0.6,2.4,2026-04-21T19:00:00Z,71,False,6,0,0,0,2,0,33,0,118751,1,0,0,3,2.0,2,-102,558,660,62,False,0
Malcolm Ebiowei,MID,Crystal Palace,0.0,0,0,0,0,0,0.0,0,277,0.00,0.00,0.00,0.00,324,0,0,0.0,0.0,2026-04-20T19:00:00Z,0,False,19,0,0,0,0,0,33,0,353,0,0,0,0,0.0,0,0,0,0,45,True,0
Jerome Abbey,MID,Wolves,0.0,0,0,0,0,0,0.0,0,809,0.00,0.00,0.00,0.00,326,0,0,0.0,0.0,2026-04-18T14:00:00Z,0,False,11,0,0,0,0,0,33,0,1453,0,0,0,3,0.0,0,165,244,79,45,False,0
Benjamin White,DEF,Arsenal,0.0,0,0,3,0,1,3.4,1,11,0.00,0.00,0.00,0.00,327,0,0,0.5,1.6,2026-04-19T15:30:00Z,16,False,13,0,0,0,0,0,33,0,63417,0,0,1,2,0.0,1,-954,1208,2162,51,False,0
Miodrag Pivaš,DEF,Newcastle,0.0,0,0,0,0,0,0.0,0,483,0.00,0.00,0.00,0.00,328,0,0,0.0,0.0,2026-04-18T14:00:00Z,0,False,4,0,0,0,0,0,33,0,46716,0,0,2,1,0.0,0,-382,217,599,38,True,0
Freddie Woodman,GK,Liverpool,0.0,0,0,7,0,1,0.0,0,369,0.00,0.00,0.00,0.16,325,0,0,1.0,9.6,2026-04-19T13:00:00Z,32,False,9,0,0,0,3,0,33,1,21515,0,0,2,1,0.0,1,-164,52,216,39,False,0
Adam Webster,DEF,Brighton,0.0,0,0,0,0,0,0.0,0,153,0.00,0.00,0.00,0.00,330,0,0,0.0,0.0,2026-04-18T16:30:00Z,0,False,18,0,0,0,0,0,33,0,909,0,0,2,2,0.0,0,2,20,18,44,False,0
Adam Webster,DEF,Brighton,0.0,0,0,0,0,0,0.0,0,153,0.00,0.00,0.00,0.00,333,0,0,0.0,0.0,2026-04-21T19:00:00Z,0,False,7,0,0,0,0,0,33,0,909,0,0,0,3,0.0,0,2,20,18,44,True,0
Reece James,DEF,Chelsea,0.0,0,0,0,0,0,0.0,0,225,0.00,0.00,0.00,0.00,323,0,0,0.0,0.0,2026-04-18T19:00:00Z,0,False,14,0,0,0,0,0,33,0,817747,0,0,1,0,0.0,0,-75919,174,76093,56,True,0
Reece James,DEF,Chelsea,0.0,0,0,0,0,0,0.0,0,225,0.00,0.00,0.00,0.00,333,0,0,0.0,0.0,2026-04-21T19:00:00Z,0,False,6,0,0,0,0,0,33,0,817747,0,0,0,3,0.0,0,-75919,174,76093,56,False,0
Alex Paulsen,GK,Bournemouth,0.0,0,0,0,0,0,0.0,0,70,0.00,0.00,0.00,0.00,328,0,0,0.0,0.0,2026-04-18T14:00:00Z,0,False,15,0,0,0,0,0,33,0,6945,0,0,2,1,0.0,0,-53,0,53,40,False,0
Alex Paulsen,GK,Bournemouth,0.0,0,0,0,0,0,0.0,0,70,0.00,0.00,0.00,0.00,332,0,0,0.0,0.0,2026-04-22T19:00:00Z,0,False,11,0,0,0,0,0,33,0,6945,0,0,2,2,0.0,0,-53,0,53,40,True,0
Chris Wood,FWD,Nott'm Forest,0.0,0,0,7,0,0,13.3,1,525,0.02,0.17,0.15,0.30,329,1,0,2.6,0.0,2026-04-19T13:00:00Z,75,False,3,0,0,0,1,0,33,0,590516,1,0,1,4,13.0,2,493,1530,1037,71,True,0
Rayan Cherki,MID,Man City,0.0,0,3,33,0,0,32.9,2,417,0.13,0.27,0.14,1.50,327,1,1,11.4,42.2,2026-04-19T15:30:00Z,84,False,1,0,0,0,2,0,33,0,1497730,1,0,1,2,39.0,10,375368,388027,12659,64,True,0
Rayan Cherki,MID,Man City,0.0,0,0,19,1,0,100.8,5,417,0.41,1.26,0.85,0.61,334,0,0,19.4,22.6,2026-04-22T19:00:00Z,90,False,3,0,0,0,5,0,33,0,1497730,1,0,1,0,71.0,3,375368,388027,12659,64,False,0
Emiliano Martínez Romero,GK,Aston Villa,0.0,0,0,9,0,1,0.0,0,32,0.01,0.01,0.00,1.73,321,3,0,3.4,34.2,2026-04-19T13:00:00Z,90,False,17,0,0,0,12,0,33,4,564123,1,0,3,4,0.0,2,-33176,13740,46916,51,True,0
Josh King,MID,Fulham,0.0,0,0,4,0,0,0.1,0,335,0.00,0.00,0.00,0.79,322,0,0,0.1,0.4,2026-04-18T11:30:00Z,23,False,5,0,0,0,0,0,33,0,225385,0,0,0,0,0.0,1,-5637,6902,12539,44,False,0
Lewis Dunk,DEF,Brighton,0.0,0,0,0,0,0,0.0,0,146,0.00,0.00,0.00,0.00,330,0,0,0.0,0.0,2026-04-18T16:30:00Z,0,False,18,0,0,0,0,0,33,0,111729,0,0,2,2,0.0,0,-8242,93,8335,45,False,0
Lewis Dunk,DEF,Brighton,0.0,0,0,0,0,0,0.0,0,146,0.00,0.00,0.00,0.00,333,0,0,0.0,0.0,2026-04-21T19:00:00Z,0,False,7,0,0,0,0,0,33,0,111729,0,0,0,3,0.0,0,-8242,93,8335,45,True,0
Willy Boly,DEF,Nott'm Forest,0.0,0,0,0,0,0,0.0,0,514,0.00,0.00,0.00,0.00,329,0,0,0.0,0.0,2026-04-19T13:00:00Z,0,False,3,0,0,0,0,0,33,0,43800,0,0,1,4,0.0,0,-594,99,693,38,True,0
Yusuf Akhamrich,MID,Spurs,0.0,0,0,0,0,0,0.0,0,751,0.00,0.00,0.00,0.00,330,0,0,0.0,0.0,2026-04-18T16:30:00Z,0,False,6,0,0,0,0,0,33,0,570,0,0,2,2,0.0,0,-5,0,5,45,True,0
William Osula,FWD,Newcastle,0.0,0,3,30,0,0,12.4,2,500,0.04,0.43,0.39,2.99,328,2,1,7.8,35.4,2026-04-18T14:00:00Z,90,False,4,0,0,0,2,0,33,0,33656,1,0,2,1,30.0,9,2334,3244,910,54,True,0
Luca Koleosho,MID,Burnley,0.0,0,0,0,0,0,0.0,0,208,0.00,0.00,0.00,0.00,329,0,0,0.0,0.0,2026-04-19T13:00:00Z,0,False,16,0,0,0,0,0,33,0,1374,0,0,1,4,0.0,0,-2,0,2,50,False,0
Luca Koleosho,MID,Burnley,0.0,0,0,0,0,0,0.0,0,208,0.00,0.00,0.00,0.00,334,0,0,0.0,0.0,2026-04-22T19:00:00Z,0,False,13,0,0,0,0,0,33,0,1374,0,0,1,0,0.0,0,-2,0,2,50,True,0
Omar Richards,DEF,Nott'm Forest,0.0,0,0,0,0,0,0.0,0,512,0.00,0.00,0.00,0.00,329,0,0,0.0,0.0,2026-04-19T13:00:00Z,0,False,3,0,0,0,0,0,33,0,2450,0,0,1,4,0.0,0,0,0,0,45,True,0
Anthony Gordon,MID,Newcastle,0.0,0,0,0,0,0,0.0,0,485,0.00,0.00,0.00,0.00,328,0,0,0.0,0.0,2026-04-18T14:00:00Z,0,False,4,0,0,0,0,0,33,0,808739,0,0,2,1,0.0,0,-56073,46441,102514,74,True,0
Antoni Milambo,MID,Brentford,0.0,0,0,0,0,0,0.0,0,122,0.00,0.00,0.00,0.00,322,0,0,0.0,0.0,2026-04-18T11:30:00Z,0,False,10,0,0,0,0,0,33,0,3607,0,0,0,0,0.0,0,1,12,11,52,True,0
Pablo Felipe Pereira de Jesus,FWD,West Ham,0.0,0,0,6,1,1,3.2,3,785,0.01,0.03,0.02,0.61,324,0,0,2.2,3.4,2026-04-20T19:00:00Z,74,False,8,0,0,0,1,0,33,0,1492,1,1,0,0,15.0,2,38,183,145,54,False,0
Martín Zubimendi Ibáñez,MID,Arsenal,0.0,0,0,12,0,6,0.3,12,26,0.00,0.00,0.00,1.36,327,2,0,1.4,13.8,2026-04-19T15:30:00Z,83,False,13,0,0,0,2,0,33,0,394001,1,4,1,2,0.0,4,-46513,3439,49952,50,False,0
Jaidon Anthony,MID,Burnley,0.0,0,0,11,0,1,16.3,2,200,0.04,0.04,0.00,0.97,329,3,0,2.9,6.2,2026-04-19T13:00:00Z,82,False,16,0,0,0,1,0,33,0,279777,1,0,1,4,6.0,2,2083,10658,8575,50,False,0
Jaidon Anthony,MID,Burnley,0.0,0,0,15,0,1,13.3,7,200,0.04,0.11,0.07,2.48,334,1,0,4.9,10.4,2026-04-22T19:00:00Z,86,False,13,0,0,0,4,0,33,0,279777,1,2,1,0,25.0,2,2083,10658,8575,50,True,0
Curtis Jones,MID,Liverpool,0.0,0,0,23,0,10,6.0,28,388,0.20,0.20,0.00,0.79,325,1,0,2.9,23.0,2026-04-19T13:00:00Z,90,False,9,0,0,0,16,0,33,0,13955,1,2,2,1,0.0,4,-311,91,402,54,False,0
Caoimhín Kelleher,GK,Brentford,0.0,0,0,23,1,1,0.0,0,101,0.00,0.00,0.00,0.77,322,0,0,0.8,7.8,2026-04-18T11:30:00Z,90,False,10,0,0,0,14,0,33,0,1565952,1,0,0,0,0.0,6,-37889,25913,63802,48,True,0
Bertrand Traoré,MID,Sunderland,0.0,0,0,0,0,0,0.0,0,735,0.00,0.00,0.00,0.00,321,0,0,0.0,0.0,2026-04-19T13:00:00Z,0,False,2,0,0,0,0,0,33,0,3735,0,0,3,4,0.0,0,-28,10,38,55,False,0
Ollie Shield,DEF,Brentford,0.0,0,0,0,0,0,0.0,0,819,0.00,0.00,0.00,0.00,322,0,0,0.0,0.0,2026-04-18T11:30:00Z,0,False,10,0,0,0,0,0,33,0,876,0,0,0,0,0.0,0,-5,33,38,40,True,0
James McAtee,MID,Nott'm Forest,0.0,0,0,0,0,0,0.0,0,426,0.00,0.00,0.00,0.00,329,0,0,0.0,0.0,2026-04-19T13:00:00Z,0,False,3,0,0,0,0,0,33,0,11605,0,0,1,4,0.0,0,-31,48,79,50,True,0
Guglielmo Vicario,GK,Spurs,0.0,0,0,0,0,0,0.0,0,565,0.00,0.00,0.00,0.00,330,0,0,0.0,0.0,2026-04-18T16:30:00Z,0,False,6,0,0,0,0,0,33,0,655047,0,0,2,2,0.0,0,-23562,173,23735,47,True,0
Jaydee Canvot,DEF,Crystal Palace,0.0,0,2,34,1,11,2.1,15,723,0.01,0.02,0.01,0.61,324,0,0,3.4,31.0,2026-04-20T19:00:00Z,90,False,19,0,0,0,5,0,33,0,19311,1,4,0,0,1.0,10,212,1848,1636,45,True,0
Zach Marsh,FWD,Crystal Palace,0.0,0,0,0,0,0,0.0,0,286,0.00,0.00,0.00,0.00,324,0,0,0.0,0.0,2026-04-20T19:00:00Z,0,False,19,0,0,0,0,0,33,0,40423,0,0,0,0,0.0,0,-259,175,434,44,True,0
Joe Anderson,DEF,Sunderland,0.0,0,0,0,0,0,0.0,0,534,0.00,0.00,0.00,0.00,321,0,0,0.0,0.0,2026-04-19T13:00:00Z,0,False,2,0,0,0,0,0,33,0,39105,0,0,3,4,0.0,0,-422,0,422,38,False,0
Noussair Mazraoui,DEF,Man Utd,0.0,0,0,24,1,1,4.7,3,438,0.01,0.01,0.00,1.57,323,0,0,1.1,5.8,2026-04-18T19:00:00Z,90,False,7,0,0,0,0,0,33,0,27908,1,2,1,0,0.0,6,-165,343,508,49,False,0
Cristian Romero,DEF,Spurs,0.0,0,0,0,0,0,0.0,0,569,0.00,0.00,0.00,0.00,330,0,0,0.0,0.0,2026-04-18T16:30:00Z,0,False,6,0,0,0,0,0,33,0,391102,0,0,2,2,0.0,0,-10852,622,11474,50,True,0
Václav Hladký,GK,Burnley,0.0,0,0,0,0,0,0.0,0,185,0.00,0.00,0.00,0.00,329,0,0,0.0,0.0,2026-04-19T13:00:00Z,0,False,16,0,0,0,0,0,33,0,20122,0,0,1,4,0.0,0,-411,66,477,39,False,0
Václav Hladký,GK,Burnley,0.0,0,0,0,0,0,0.0,0,185,0.00,0.00,0.00,0.00,334,0,0,0.0,0.0,2026-04-22T19:00:00Z,0,False,13,0,0,0,0,0,33,0,20122,0,0,1,0,0.0,0,-411,66,477,39,True,0
Mads Roerslev Rasmussen,DEF,Brentford,0.0,0,0,0,0,0,0.0,0,112,0.00,0.00,0.00,0.00,322,0,0,0.0,0.0,2026-04-18T11:30:00Z,0,False,10,0,0,0,0,0,33,0,1835,0,0,0,0,0.0,0,0,0,0,45,True,0
Diogo Dalot Teixeira,DEF,Man Utd,0.0,0,0,29,1,3,1.5,6,440,0.00,0.00,0.00,1.57,323,0,0,2.0,14.4,2026-04-18T19:00:00Z,90,False,7,0,0,0,5,0,33,0,510222,1,3,1,0,4.0,6,-79522,2592,82114,46,False,0
Justin Kluivert,MID,Bournemouth,0.0,0,0,0,0,0,0.0,0,81,0.00,0.00,0.00,0.00,328,0,0,0.0,0.0,2026-04-18T14:00:00Z,0,False,15,0,0,0,0,0,33,0,77298,0,0,2,1,0.0,0,-199,129,328,69,False,0
Justin Kluivert,MID,Bournemouth,0.0,0,0,0,0,0,0.0,0,81,0.00,0.00,0.00,0.00,332,0,0,0.0,0.0,2026-04-22T19:00:00Z,0,False,11,0,0,0,0,0,33,0,77298,0,0,2,2,0.0,0,-199,129,328,69,True,0
Keane Lewis-Potter,DEF,Brentford,0.0,0,0,21,1,3,29.1,3,107,0.26,0.63,0.37,0.77,322,0,0,5.8,12.4,2026-04-18T11:30:00Z,90,False,10,0,0,0,1,0,33,0,195882,1,0,0,0,16.0,6,-11190,3563,14753,48,True,0
Kristoffer Ajer,DEF,Brentford,0.0,0,0,0,0,0,0.0,0,108,0.00,0.00,0.00,0.00,322,0,0,0.0,0.0,2026-04-18T11:30:00Z,0,False,10,0,0,0,0,0,33,0,28622,0,0,0,0,0.0,0,-2287,161,2448,44,True,0
Georginio Rutter,MID,Brighton,0.0,0,0,22,0,0,0.7,1,158,0.01,0.09,0.08,0.12,330,1,1,5.7,35.4,2026-04-18T16:30:00Z,15,False,18,0,0,0,0,0,33,0,42665,0,1,2,2,21.0,6,759,1724,965,56,False,0
Georginio Rutter,MID,Brighton,0.0,1,0,18,1,1,26.8,5,158,0.11,0.23,0.12,0.35,333,0,0,6.0,18.8,2026-04-21T19:00:00Z,82,False,7,0,0,0,3,0,33,0,42665,1,1,0,3,14.0,6,759,1724,965,56,True,0
Hwang Hee-chan,MID,Wolves,0.0,0,0,2,0,1,1.3,2,642,0.00,0.00,0.00,0.94,326,1,0,0.3,1.2,2026-04-18T14:00:00Z,15,False,11,0,0,0,1,0,33,0,13934,0,0,0,3,0.0,1,104,432,328,56,False,0
Ashley Phillips,DEF,Spurs,0.0,0,0,0,0,0,0.0,0,576,0.00,0.00,0.00,0.00,330,0,0,0.0,0.0,2026-04-18T16:30:00Z,0,False,6,0,0,0,0,0,33,0,1414,0,0,2,2,0.0,0,-1,0,1,40,True,0
Quilindschy Hartman,DEF,Burnley,0.0,1,0,13,0,5,12.3,9,192,0.22,0.22,0.00,1.19,329,4,0,4.7,33.0,2026-04-19T13:00:00Z,90,False,16,0,0,0,5,0,33,0,79550,1,4,1,4,2.0,3,-468,1373,1841,40,False,0
Quilindschy Hartman,DEF,Burnley,0.0,0,0,13,0,6,1.0,16,192,0.00,0.11,0.11,3.54,334,1,0,4.0,28.2,2026-04-22T19:00:00Z,90,False,13,0,0,0,2,0,33,0,79550,1,10,1,0,11.0,4,-468,1373,1841,40,True,0
George King,DEF,Crystal Palace,0.0,0,0,0,0,0,0.0,0,793,0.00,0.00,0.00,0.00,324,0,0,0.0,0.0,2026-04-20T19:00:00Z,0,False,19,0,0,0,0,0,33,0,2527,0,0,0,0,0.0,0,22,73,51,40,True,0
Bruno Guimarães Rodriguez Moura,MID,Newcastle,0.0,0,0,8,0,0,15.9,4,488,0.19,0.36,0.17,0.71,328,1,0,6.0,10.8,2026-04-18T14:00:00Z,28,False,4,0,0,0,2,0,33,0,560216,0,2,2,1,33.0,1,-15702,980,16682,68,True,0
Eiran Cashin,DEF,Brighton,0.0,0,0,0,0,0,0.0,0,154,0.00,0.00,0.00,0.00,330,0,0,0.0,0.0,2026-04-18T16:30:00Z,0,False,18,0,0,0,0,0,33,0,584,0,0,2,2,0.0,0,-2,0,2,40,False,0
Eiran Cashin,DEF,Brighton,0.0,0,0,0,0,0,0.0,0,154,0.00,0.00,0.00,0.00,333,0,0,0.0,0.0,2026-04-21T19:00:00Z,0,False,7,0,0,0,0,0,33,0,584,0,0,0,3,0.0,0,-2,0,2,40,True,0
Nathan Patterson,DEF,Everton,0.0,0,0,0,0,0,0.0,0,296,0.00,0.00,0.00,0.00,325,0,0,0.0,0.0,2026-04-19T13:00:00Z,0,False,12,0,0,0,0,0,33,0,4401,0,0,2,1,0.0,0,-124,39,163,44,True,0
Tolu Arokodare,FWD,Wolves,0.0,0,0,0,0,0,0.0,0,720,0.00,0.00,0.00,0.00,326,0,0,0.0,0.0,2026-04-18T14:00:00Z,0,False,11,0,0,0,0,0,33,0,15927,0,0,0,3,0.0,0,-1627,766,2393,52,False,0
Andrew Moran,MID,Brighton,0.0,0,0,0,0,0,0.0,0,177,0.00,0.00,0.00,0.00,330,0,0,0.0,0.0,2026-04-18T16:30:00Z,0,False,18,0,0,0,0,0,33,0,1984,0,0,2,2,0.0,0,-4,0,4,45,False,0
Andrew Moran,MID,Brighton,0.0,0,0,0,0,0,0.0,0,177,0.00,0.00,0.00,0.00,333,0,0,0.0,0.0,2026-04-21T19:00:00Z,0,False,7,0,0,0,0,0,33,0,1984,0,0,0,3,0.0,0,-4,0,4,45,True,0
Adrien Truffert,DEF,Bournemouth,0.0,0,2,27,0,6,2.2,8,74,0.02,0.51,0.49,1.59,328,1,1,8.4,47.0,2026-04-18T14:00:00Z,90,False,15,0,0,0,4,0,33,0,745452,1,2,2,1,35.0,10,150266,160698,10432,47,False,0
Adrien Truffert,DEF,Bournemouth,0.0,0,0,17,0,7,17.5,10,74,0.15,0.21,0.06,0.83,332,2,0,6.0,31.2,2026-04-22T19:00:00Z,90,False,11,0,0,0,5,0,33,0,745452,1,3,2,2,11.0,3,150266,160698,10432,47,True,0
Enes Ünal,FWD,Bournemouth,0.0,0,0,4,0,2,0.0,3,98,0.00,0.00,0.00,0.58,328,0,0,0.4,4.2,2026-04-18T14:00:00Z,1,False,15,0,0,0,1,0,33,0,6382,0,0,2,1,0.0,1,100,357,257,54,False,0
Enes Ünal,FWD,Bournemouth,0.0,0,0,0,0,0,0.0,0,98,0.00,0.00,0.00,0.00,332,0,0,0.0,0.0,2026-04-22T19:00:00Z,0,False,11,0,0,0,0,0,33,0,6382,0,0,2,2,0.0,0,100,357,257,54,True,0
Jack Whittaker,MID,Sunderland,0.0,0,0,0,0,0,0.0,0,821,0.00,0.00,0.00,0.00,321,0,0,0.0,0.0,2026-04-19T13:00:00Z,0,False,2,0,0,0,0,0,33,0,131,0,0,3,4,0.0,0,11,21,10,45,False,0
Dário Luís Essugo,MID,Chelsea,0.0,0,0,0,0,0,0.0,0,247,0.00,0.00,0.00,0.00,323,0,0,0.0,0.0,2026-04-18T19:00:00Z,0,False,14,0,0,0,0,0,33,0,7729,0,0,1,0,0.0,0,-94,165,259,43,True,0
Dário Luís Essugo,MID,Chelsea,0.0,0,0,7,0,0,1.8,1,247,0.01,0.01,0.00,0.24,333,1,0,0.9,4.8,2026-04-21T19:00:00Z,17,False,6,0,0,0,0,0,33,0,7729,0,1,0,3,2.0,1,-94,165,259,43,False,0
Aaron Ramsdale,GK,Newcastle,0.0,0,0,3,0,1,0.0,0,674,0.00,0.00,0.00,2.99,328,2,0,1.3,12.6,2026-04-18T14:00:00Z,90,False,4,0,0,0,8,0,33,1,104769,1,0,2,1,0.0,1,327,3521,3194,48,True,0
Moisés Caicedo Corozo,MID,Chelsea,0.0,0,0,14,0,1,6.7,11,241,0.02,0.08,0.06,0.29,323,1,0,1.8,8.6,2026-04-18T19:00:00Z,90,False,14,0,0,0,8,0,33,0,985713,1,2,1,0,3.0,2,6290,15863,9573,57,True,0
Moisés Caicedo Corozo,MID,Chelsea,0.0,0,0,18,0,4,3.8,11,241,0.01,0.03,0.02,2.14,333,3,0,1.9,13.2,2026-04-21T19:00:00Z,90,False,6,0,0,0,6,0,33,0,985713,1,1,0,3,2.0,2,6290,15863,9573,57,False,0
Taiwo Awoniyi,FWD,Nott'm Forest,0.0,0,0,0,0,0,0.0,0,527,0.00,0.00,0.00,0.00,329,0,0,0.0,0.0,2026-04-19T13:00:00Z,0,False,3,0,0,0,0,0,33,0,37649,0,0,1,4,0.0,0,-167,187,354,52,True,0
Joél Drakes-Thomas,MID,Crystal Palace,0.0,0,0,0,0,0,0.0,0,762,0.00,0.00,0.00,0.00,324,0,0,0.0,0.0,2026-04-20T19:00:00Z,0,False,19,0,0,0,0,0,33,0,670,0,0,0,0,0.0,0,-1,14,15,45,True,0
Conor Gallagher,MID,Spurs,0.0,0,0,15,0,3,11.6,7,796,0.04,0.08,0.04,0.50,330,1,0,4.3,9.2,2026-04-18T16:30:00Z,75,False,6,0,0,0,4,0,33,0,11142,1,0,2,2,22.0,2,-489,587,1076,50,True,0
Niall Huggins,DEF,Sunderland,0.0,0,0,0,0,0,0.0,0,537,0.00,0.00,0.00,0.00,321,0,0,0.0,0.0,2026-04-19T13:00:00Z,0,False,2,0,0,0,0,0,33,0,8618,0,0,3,4,0.0,0,-15,0,15,40,False,0
Konstantinos Tsimikas,DEF,Liverpool,0.0,0,0,0,0,0,0.0,0,377,0.00,0.00,0.00,0.00,325,0,0,0.0,0.0,2026-04-19T13:00:00Z,0,False,9,0,0,0,0,0,33,0,6090,0,0,2,1,0.0,0,-7,0,7,48,False,0
Adam Smith,DEF,Bournemouth,0.0,0,0,0,0,0,0.0,0,73,0.00,0.00,0.00,0.00,328,0,0,0.0,0.0,2026-04-18T14:00:00Z,0,False,15,0,0,0,0,0,33,0,25584,0,0,2,1,0.0,0,549,879,330,44,False,0
Adam Smith,DEF,Bournemouth,0.0,0,0,0,0,0,0.0,0,73,0.00,0.00,0.00,0.00,332,0,0,0.0,0.0,2026-04-22T19:00:00Z,0,False,11,0,0,0,0,0,33,0,25584,0,0,2,2,0.0,0,549,879,330,44,True,0
Tyrone Mings,DEF,Aston Villa,0.0,0,0,4,0,6,1.6,6,40,0.02,0.09,0.07,1.73,321,3,0,5.3,16.2,2026-04-19T13:00:00Z,90,False,17,0,0,0,4,0,33,0,83757,1,0,3,4,35.0,1,-3380,285,3665,43,True,0
Luke Shaw,DEF,Man Utd,0.0,0,3,30,1,9,0.8,10,443,0.00,0.00,0.00,1.57,323,0,0,1.4,13.0,2026-04-18T19:00:00Z,90,False,7,0,0,0,3,0,33,0,94908,1,1,1,0,0.0,11,-6389,1439,7828,45,False,0
James Rowswell,DEF,Spurs,0.0,0,0,0,0,0,0.0,0,750,0.00,0.00,0.00,0.00,330,0,0,0.0,0.0,2026-04-18T16:30:00Z,0,False,6,0,0,0,0,0,33,0,4274,0,0,2,2,0.0,0,-4,59,63,40,True,0
Aaron Hickey,DEF,Brentford,0.0,0,0,0,0,0,0.0,0,116,0.00,0.00,0.00,0.00,322,0,0,0.0,0.0,2026-04-18T11:30:00Z,0,False,10,0,0,0,0,0,33,0,44128,0,0,0,0,0.0,0,-996,134,1130,40,True,0
Sékou Koné,MID,Man Utd,0.0,0,0,0,0,0,0.0,0,463,0.00,0.00,0.00,0.00,323,0,0,0.0,0.0,2026-04-18T19:00:00Z,0,False,7,0,0,0,0,0,33,0,10144,0,0,1,0,0.0,0,-58,0,58,43,False,0
Ryan McAidoo,MID,Man City,0.0,0,0,0,0,0,0.0,0,742,0.00,0.00,0.00,0.00,327,0,0,0.0,0.0,2026-04-19T15:30:00Z,0,False,1,0,0,0,0,0,33,0,1503,0,0,1,2,0.0,0,-9,14,23,45,True,0
Ryan McAidoo,MID,Man City,0.0,0,0,0,0,0,0.0,0,742,0.00,0.00,0.00,0.00,334,0,0,0.0,0.0,2026-04-22T19:00:00Z,0,False,3,0,0,0,0,0,33,0,1503,0,0,1,0,0.0,0,-9,14,23,45,False,0
Jordan Pickford,GK,Everton,0.0,0,0,8,0,2,10.0,0,287,0.00,0.00,0.00,1.45,325,2,0,3.8,28.0,2026-04-19T13:00:00Z,90,False,12,0,0,0,10,0,33,3,1664297,1,0,2,1,0.0,1,-41287,24074,65361,56,True,1
Enzo Barrenechea,MID,Aston Villa,0.0,0,0,0,0,0,0.0,0,56,0.00,0.00,0.00,0.00,321,0,0,0.0,0.0,2026-04-19T13:00:00Z,0,False,17,0,0,0,0,0,33,0,45,0,0,3,4,0.0,0,0,0,0,50,True,0
Pau Torres,DEF,Aston Villa,0.0,0,0,0,0,0,0.0,0,41,0.00,0.00,0.00,0.00,321,0,0,0.0,0.0,2026-04-19T13:00:00Z,0,False,17,0,0,0,0,0,33,0,39791,0,0,3,4,0.0,0,393,962,569,43,True,0
Bart Verbruggen,GK,Brighton,0.0,0,0,13,0,3,0.0,0,139,0.00,0.00,0.00,1.09,330,2,0,3.3,33.0,2026-04-18T16:30:00Z,90,False,18,0,0,0,9,0,33,4,1444765,1,0,2,2,0.0,2,145783,163303,17520,45,False,0
Bart Verbruggen,GK,Brighton,0.0,0,0,22,1,0,0.0,0,139,0.01,0.01,0.00,0.37,333,0,0,1.0,10.0,2026-04-21T19:00:00Z,90,False,7,0,0,0,8,0,33,0,1444765,1,0,0,3,0.0,6,145783,163303,17520,45,True,0
Tariq Lamptey,DEF,Brighton,0.0,0,0,0,0,0,0.0,0,150,0.00,0.00,0.00,0.00,330,0,0,0.0,0.0,2026-04-18T16:30:00Z,0,False,18,0,0,0,0,0,33,0,10524,0,0,2,2,0.0,0,-19,0,19,44,False,0
Tariq Lamptey,DEF,Brighton,0.0,0,0,0,0,0,0.0,0,150,0.00,0.00,0.00,0.00,333,0,0,0.0,0.0,2026-04-21T19:00:00Z,0,False,7,0,0,0,0,0,33,0,10524,0,0,0,3,0.0,0,-19,0,19,44,True,0
Ashley Barnes,FWD,Burnley,0.0,0,0,0,0,0,0.0,0,218,0.00,0.00,0.00,0.00,329,0,0,0.0,0.0,2026-04-19T13:00:00Z,0,False,16,0,0,0,0,0,33,0,168021,0,0,1,4,0.0,0,-4941,1333,6274,42,False,0
Ashley Barnes,FWD,Burnley,0.0,0,0,0,0,0,0.0,0,218,0.00,0.00,0.00,0.00,334,0,0,0.0,0.0,2026-04-22T19:00:00Z,0,False,13,0,0,0,0,0,33,0,168021,0,0,1,0,0.0,0,-4941,1333,6274,42,True,0
Travis Patterson,DEF,Aston Villa,0.0,0,0,0,0,0,0.0,0,710,0.00,0.00,0.00,0.00,321,0,0,0.0,0.0,2026-04-19T13:00:00Z,0,False,17,0,0,0,0,0,33,0,25040,0,0,3,4,0.0,0,-97,76,173,39,True,0
George Hemmings,MID,Aston Villa,0.0,0,0,0,0,0,0.0,0,754,0.00,0.00,0.00,0.00,321,0,0,0.0,0.0,2026-04-19T13:00:00Z,0,False,17,0,0,0,0,0,33,0,1133,0,0,3,4,0.0,0,2,29,27,45,True,0
Sverre Nypan,MID,Man City,0.0,0,0,0,0,0,0.0,0,428,0.00,0.00,0.00,0.00,327,0,0,0.0,0.0,2026-04-19T15:30:00Z,0,False,1,0,0,0,0,0,33,0,1917,0,0,1,2,0.0,0,-9,9,18,50,True,0
Sverre Nypan,MID,Man City,0.0,0,0,0,0,0,0.0,0,428,0.00,0.00,0.00,0.00,334,0,0,0.0,0.0,2026-04-22T19:00:00Z,0,False,3,0,0,0,0,0,33,0,1917,0,0,1,0,0.0,0,-9,9,18,50,False,0
Josh Acheampong,DEF,Chelsea,0.0,0,0,2,0,0,0.6,0,233,0.00,0.00,0.00,0.00,323,0,0,0.1,0.4,2026-04-18T19:00:00Z,9,False,14,0,0,0,0,0,33,0,215859,0,0,1,0,0.0,1,-6186,5801,11987,37,True,0
Josh Acheampong,DEF,Chelsea,0.0,0,0,3,0,0,0.1,0,233,0.00,0.00,0.00,0.00,333,0,0,0.0,0.2,2026-04-21T19:00:00Z,1,False,6,0,0,0,0,0,33,0,215859,0,0,0,3,0.0,1,-6186,5801,11987,37,False,0
Igor Jesus Maciel da Cruz,FWD,Nott'm Forest,0.0,0,2,34,0,0,6.3,4,526,0.00,0.24,0.24,0.14,329,0,1,6.8,40.4,2026-04-19T13:00:00Z,45,False,3,0,0,0,1,0,33,0,161944,0,3,1,4,21.0,7,-1691,8448,10139,58,True,0
Illia Zabarnyi,DEF,Bournemouth,0.0,0,0,0,0,0,0.0,0,71,0.00,0.00,0.00,0.00,328,0,0,0.0,0.0,2026-04-18T14:00:00Z,0,False,15,0,0,0,0,0,33,0,2921,0,0,2,1,0.0,0,-3,0,3,50,False,0
Illia Zabarnyi,DEF,Bournemouth,0.0,0,0,0,0,0,0.0,0,71,0.00,0.00,0.00,0.00,332,0,0,0.0,0.0,2026-04-22T19:00:00Z,0,False,11,0,0,0,0,0,33,0,2921,0,0,2,2,0.0,0,-3,0,3,50,True,0
Julián Araujo Zúñiga,DEF,Bournemouth,0.0,0,0,0,0,0,0.0,0,78,0.00,0.00,0.00,0.00,328,0,0,0.0,0.0,2026-04-18T14:00:00Z,0,False,15,0,0,0,0,0,33,0,64665,0,0,2,1,0.0,0,-740,0,740,38,False,0
Julián Araujo Zúñiga,DEF,Bournemouth,0.0,0,0,0,0,0,0.0,0,78,0.00,0.00,0.00,0.00,332,0,0,0.0,0.0,2026-04-22T19:00:00Z,0,False,11,0,0,0,0,0,33,0,64665,0,0,2,2,0.0,0,-740,0,740,38,True,0
Milos Kerkez,DEF,Liverpool,0.0,0,0,3,0,0,0.2,0,371,0.00,0.00,0.00,0.00,325,0,0,0.3,0.4,2026-04-19T13:00:00Z,4,False,9,0,0,0,0,0,33,0,395523,0,0,2,1,2.0,1,-8119,2756,10875,56,False,0
Lamare Bogarde,DEF,Aston Villa,0.0,0,0,0,0,0,0.0,0,44,0.00,0.00,0.00,0.00,321,0,0,0.0,0.0,2026-04-19T13:00:00Z,0,False,17,0,0,0,0,0,33,0,70044,0,0,3,4,0.0,0,-865,649,1514,40,True,0
Dermot Mee,GK,Man Utd,0.0,0,0,0,0,0,0.0,0,435,0.00,0.00,0.00,0.00,323,0,0,0.0,0.0,2026-04-18T19:00:00Z,0,False,7,0,0,0,0,0,33,0,12738,0,0,1,0,0.0,0,-83,30,113,39,False,0
Alisson Becker,GK,Liverpool,0.0,0,0,0,0,0,0.0,0,366,0.00,0.00,0.00,0.00,325,0,0,0.0,0.0,2026-04-19T13:00:00Z,0,False,9,0,0,0,0,0,33,0,710598,0,0,2,1,0.0,0,-36728,89,36817,54,False,0
Fabian Schär,DEF,Newcastle,0.0,0,0,0,0,0,0.0,0,474,0.00,0.00,0.00,0.00,328,0,0,0.0,0.0,2026-04-18T14:00:00Z,0,False,4,0,0,0,0,0,33,0,148456,0,0,2,1,0.0,0,-748,48,796,52,True,0
Marc Cucurella Saseta,DEF,Chelsea,0.0,0,0,14,0,6,27.5,7,224,0.05,0.05,0.00,0.29,323,1,0,5.3,13.0,2026-04-18T19:00:00Z,90,False,14,0,0,0,4,0,33,0,2214293,1,1,1,0,12.0,2,140011,154956,14945,60,True,0
Marc Cucurella Saseta,DEF,Chelsea,0.0,0,0,0,0,6,2.2,6,224,0.00,0.00,0.00,2.14,333,3,0,1.3,9.2,2026-04-21T19:00:00Z,90,False,6,0,0,0,1,0,33,0,2214293,1,0,0,3,2.0,1,140011,154956,14945,60,False,0
Norberto Murara Neto,GK,Bournemouth,0.0,0,0,0,0,0,0.0,0,66,0.00,0.00,0.00,0.00,328,0,0,0.0,0.0,2026-04-18T14:00:00Z,0,False,15,0,0,0,0,0,33,0,7155,0,0,2,1,0.0,0,-25,0,25,45,False,0
Norberto Murara Neto,GK,Bournemouth,0.0,0,0,0,0,0,0.0,0,66,0.00,0.00,0.00,0.00,332,0,0,0.0,0.0,2026-04-22T19:00:00Z,0,False,11,0,0,0,0,0,33,0,7155,0,0,2,2,0.0,0,-25,0,25,45,True,0
Max Weiß,GK,Burnley,0.0,0,0,0,0,0,0.0,0,183,0.00,0.00,0.00,0.00,329,0,0,0.0,0.0,2026-04-19T13:00:00Z,0,False,16,0,0,0,0,0,33,0,15821,0,0,1,4,0.0,0,-50,199,249,42,False,0
Max Weiß,GK,Burnley,0.0,0,0,0,0,0,0.0,0,183,0.00,0.00,0.00,0.00,334,0,0,0.0,0.0,2026-04-22T19:00:00Z,0,False,13,0,0,0,0,0,33,0,15821,0,0,1,0,0.0,0,-50,199,249,42,True,0
Amad Diallo,MID,Man Utd,0.0,0,0,4,0,2,0.1,2,452,0.00,0.00,0.00,0.08,323,0,0,0.8,6.2,2026-04-18T19:00:00Z,10,False,7,0,0,0,0,0,33,0,177451,0,0,1,0,2.0,1,-7609,1315,8924,62,False,0
Jorge Cuenca Barreno,DEF,Fulham,0.0,0,0,0,0,0,0.0,0,321,0.00,0.00,0.00,0.00,322,0,0,0.0,0.0,2026-04-18T11:30:00Z,0,False,5,0,0,0,0,0,33,0,7041,0,0,0,0,0.0,0,-161,39,200,43,False,0
Oliver Sonne,DEF,Burnley,0.0,0,0,0,0,0,0.0,0,197,0.00,0.00,0.00,0.00,329,0,0,0.0,0.0,2026-04-19T13:00:00Z,0,False,16,0,0,0,0,0,33,0,22742,0,0,1,4,0.0,0,-689,0,689,38,False,0
Oliver Sonne,DEF,Burnley,0.0,0,0,0,0,0,0.0,0,197,0.00,0.00,0.00,0.00,334,0,0,0.0,0.0,2026-04-22T19:00:00Z,0,False,13,0,0,0,0,0,33,0,22742,0,0,1,0,0.0,0,-689,0,689,38,True,0
Edson Álvarez Velázquez,MID,West Ham,0.0,0,0,0,0,0,0.0,0,616,0.00,0.00,0.00,0.00,324,0,0,0.0,0.0,2026-04-20T19:00:00Z,0,False,8,0,0,0,0,0,33,0,5930,0,0,0,0,0.0,0,-9,0,9,49,False,0
Yankuba Minteh,MID,Brighton,0.0,0,0,19,0,0,24.6,9,160,0.34,0.34,0.00,1.09,330,2,0,5.2,21.6,2026-04-18T16:30:00Z,90,False,18,0,0,0,4,0,33,0,417700,1,5,2,2,6.0,2,48613,58235,9622,55,False,0
Yankuba Minteh,MID,Brighton,0.0,0,0,3,1,1,2.7,8,160,0.05,0.07,0.02,0.26,333,0,0,2.4,5.8,2026-04-21T19:00:00Z,76,False,7,0,0,0,3,0,33,0,417700,1,4,0,3,15.0,2,48613,58235,9622,55,True,1
Eberechi Eze,MID,Arsenal,0.0,0,0,4,0,2,7.2,6,266,0.20,0.28,0.08,1.36,327,2,0,0.7,0.0,2026-04-19T15:30:00Z,73,False,13,0,0,0,3,0,33,0,997814,1,1,1,2,1.0,2,-11390,5553,16943,72,False,0
Lewis Orford,MID,West Ham,0.0,0,0,0,0,0,0.0,0,622,0.00,0.00,0.00,0.00,324,0,0,0.0,0.0,2026-04-20T19:00:00Z,0,False,8,0,0,0,0,0,33,0,6756,0,0,0,0,0.0,0,-13,0,13,44,False,0
Simon Adingra,MID,Sunderland,0.0,0,0,0,0,0,0.0,0,543,0.00,0.00,0.00,0.00,321,0,0,0.0,0.0,2026-04-19T13:00:00Z,0,False,2,0,0,0,0,0,33,0,44368,0,0,3,4,0.0,0,-209,0,209,49,False,0
Alexander Isak,FWD,Liverpool,0.0,0,0,6,0,0,0.5,0,499,0.00,0.12,0.12,0.78,325,1,0,2.2,2.0,2026-04-19T13:00:00Z,71,False,9,0,0,0,0,0,33,0,475129,1,0,2,1,19.0,2,17320,19475,2155,103,False,0
Dominic Solanke-Mitchell,FWD,Spurs,0.0,0,0,11,0,1,12.3,6,596,0.03,0.08,0.05,0.82,330,2,0,4.7,10.4,2026-04-18T16:30:00Z,90,False,6,0,0,0,4,0,33,0,148977,1,1,2,2,24.0,2,762,5921,5159,72,True,0
Rodrigo Bentancur,MID,Spurs,0.0,0,0,21,0,4,0.8,12,585,0.00,0.01,0.01,0.50,330,1,0,1.5,11.0,2026-04-18T16:30:00Z,66,False,6,0,0,0,4,0,33,0,20408,1,4,2,2,3.0,4,-23,61,84,52,True,0
Patrick Dorgu,DEF,Man Utd,0.0,0,0,0,0,0,0.0,0,441,0.00,0.00,0.00,0.00,323,0,0,0.0,0.0,2026-04-18T19:00:00Z,0,False,7,0,0,0,0,0,33,0,317583,0,0,1,0,0.0,0,-19620,248,19868,41,False,0
Ayden Heaven,DEF,Man Utd,0.0,0,3,30,1,8,0.2,10,447,0.00,0.00,0.00,1.57,323,0,0,3.1,31.2,2026-04-18T19:00:00Z,90,False,7,0,0,0,1,0,33,0,266514,1,2,1,0,0.0,11,-8215,6459,14674,37,False,0
James Tarkowski,DEF,Everton,0.0,0,0,16,0,6,0.5,6,291,0.00,0.13,0.13,1.45,325,2,0,4.2,20.2,2026-04-19T13:00:00Z,90,False,12,0,0,0,3,0,33,0,1444845,1,0,2,1,21.0,1,-52137,42974,95111,57,True,0
Facundo Buonanotte,MID,Leeds,0.0,0,0,0,0,0,0.0,0,168,0.00,0.00,0.00,0.00,326,0,0,0.0,0.0,2026-04-18T14:00:00Z,0,False,20,0,0,0,0,0,33,0,12260,0,0,0,3,0.0,0,77,361,284,46,True,0
Facundo Buonanotte,MID,Leeds,0.0,0,0,0,0,0,0.0,0,168,0.00,0.00,0.00,0.00,332,0,0,0.0,0.0,2026-04-22T19:00:00Z,0,False,4,0,0,0,0,0,33,0,12260,0,0,2,2,0.0,0,77,361,284,46,False,0
Jack Moorhouse,MID,Man Utd,0.0,0,0,0,0,0,0.0,0,464,0.00,0.00,0.00,0.00,323,0,0,0.0,0.0,2026-04-18T19:00:00Z,0,False,7,0,0,0,0,0,33,0,2165,0,0,1,0,0.0,0,-4,0,4,45,False,0
Carlos Henrique Casimiro,MID,Man Utd,0.0,0,0,20,1,15,3.2,23,457,0.01,0.01,0.00,1.57,323,0,0,5.8,55.0,2026-04-18T19:00:00Z,90,False,7,0,0,0,5,0,33,0,404697,1,3,1,0,0.0,5,-6953,25047,32000,57,False,0
José Malheiro de Sá,GK,Wolves,0.0,0,0,0,0,0,0.0,0,628,0.00,0.00,0.00,0.00,326,0,0,0.0,0.0,2026-04-18T14:00:00Z,0,False,11,0,0,0,0,0,33,0,151760,0,0,0,3,0.0,0,-693,4066,4759,42,False,0
Callan McKenna,GK,Bournemouth,0.0,0,0,0,0,0,0.0,0,69,0.00,0.00,0.00,0.00,328,0,0,0.0,0.0,2026-04-18T14:00:00Z,0,False,15,0,0,0,0,0,33,0,31663,0,0,2,1,0.0,0,-652,190,842,39,False,0
Callan McKenna,GK,Bournemouth,0.0,0,0,0,0,0,0.0,0,69,0.00,0.00,0.00,0.00,332,0,0,0.0,0.0,2026-04-22T19:00:00Z,0,False,11,0,0,0,0,0,33,0,31663,0,0,2,2,0.0,0,-652,190,842,39,True,0
Fábio Freitas Gouveia Carvalho,MID,Brentford,0.0,0,0,0,0,0,0.0,0,123,0.00,0.00,0.00,0.00,322,0,0,0.0,0.0,2026-04-18T11:30:00Z,0,False,10,0,0,0,0,0,33,0,13756,0,0,0,0,0.0,0,-34,13,47,46,True,0
Sean Neave,FWD,Newcastle,0.0,0,0,0,0,0,0.0,0,501,0.00,0.00,0.00,0.00,328,0,0,0.0,0.0,2026-04-18T14:00:00Z,0,False,4,0,0,0,0,0,33,0,32660,0,0,2,1,0.0,0,-207,160,367,43,True,0
Luis Díaz Marulanda,MID,Liverpool,0.0,0,0,0,0,0,0.0,0,383,0.00,0.00,0.00,0.00,325,0,0,0.0,0.0,2026-04-19T13:00:00Z,0,False,9,0,0,0,0,0,33,0,5501,0,0,2,1,0.0,0,-1,0,1,80,False,0
Joe Hodge,MID,Wolves,0.0,0,0,0,0,0,0.0,0,653,0.00,0.00,0.00,0.00,326,0,0,0.0,0.0,2026-04-18T14:00:00Z,0,False,11,0,0,0,0,0,33,0,3229,0,0,0,3,0.0,0,-6,0,6,45,False,0
Sander Berge,MID,Fulham,0.0,0,0,0,0,0,0.0,0,330,0.00,0.00,0.00,0.00,322,0,0,0.0,0.0,2026-04-18T11:30:00Z,0,False,5,0,0,0,0,0,33,0,10775,0,0,0,0,0.0,0,80,498,418,49,False,0
Tanaka Ao,MID,Leeds,0.0,0,0,18,1,2,59.5,7,358,0.16,0.19,0.03,0.57,326,0,0,7.2,8.8,2026-04-18T14:00:00Z,90,False,20,0,0,0,5,0,33,0,27397,1,0,0,3,4.0,3,2309,2903,594,48,True,0
Tanaka Ao,MID,Leeds,0.0,0,0,17,0,2,12.5,10,358,0.02,0.02,0.00,1.45,332,2,0,2.0,7.4,2026-04-22T19:00:00Z,88,False,4,0,0,0,7,0,33,0,27397,1,1,2,2,0.0,2,2309,2903,594,48,False,0
Carlos Miguel dos Santos Pereira,GK,Nott'm Forest,0.0,0,0,0,0,0,0.0,0,503,0.00,0.00,0.00,0.00,329,0,0,0.0,0.0,2026-04-19T13:00:00Z,0,False,3,0,0,0,0,0,33,0,7926,0,0,1,4,0.0,0,-37,0,37,40,True,0
Matty Cash,DEF,Aston Villa,0.0,0,0,-4,0,2,1.7,4,36,0.02,0.03,0.01,1.73,321,3,0,1.3,6.0,2026-04-19T13:00:00Z,90,False,17,0,0,0,4,0,33,0,1017795,1,2,3,4,5.0,1,-31849,17633,49482,47,True,0
Bendito Mantato,MID,Man Utd,0.0,0,0,0,0,0,0.0,0,769,0.00,0.00,0.00,0.00,323,0,0,0.0,0.0,2026-04-18T19:00:00Z,0,False,7,0,0,0,0,0,33,0,631,0,0,1,0,0.0,0,1,12,11,45,False,0
Bruno Borges Fernandes,MID,Man Utd,0.0,1,0,23,1,0,49.0,3,449,0.08,0.12,0.04,1.57,323,0,0,8.1,28.6,2026-04-18T19:00:00Z,90,False,7,0,0,0,2,0,33,0,5515014,1,1,1,0,3.0,6,-94747,79074,173821,103,False,0
Stefanos Tzimas,FWD,Brighton,0.0,0,0,0,0,0,0.0,0,180,0.00,0.00,0.00,0.00,330,0,0,0.0,0.0,2026-04-18T16:30:00Z,0,False,18,0,0,0,0,0,33,0,9574,0,0,2,2,0.0,0,-16,38,54,52,False,0
Stefanos Tzimas,FWD,Brighton,0.0,0,0,0,0,0,0.0,0,180,0.00,0.00,0.00,0.00,333,0,0,0.0,0.0,2026-04-21T19:00:00Z,0,False,7,0,0,0,0,0,33,0,9574,0,0,0,3,0.0,0,-16,38,54,52,True,0
Daniel Bentley,GK,Wolves,0.0,0,0,5,0,2,0.0,0,629,0.00,0.00,0.00,2.82,326,3,0,2.8,27.6,2026-04-18T14:00:00Z,90,False,11,0,0,0,5,0,33,3,62557,1,0,0,3,0.0,2,-141,456,597,39,False,0
Marcus Rashford,MID,Man Utd,0.0,0,0,0,0,0,0.0,0,451,0.00,0.00,0.00,0.00,323,0,0,0.0,0.0,2026-04-18T19:00:00Z,0,False,7,0,0,0,0,0,33,0,1931,0,0,1,0,0.0,0,-2,0,2,70,False,0
TJ Carroll,DEF,Aston Villa,0.0,0,0,0,0,0,0.0,0,781,0.00,0.00,0.00,0.00,321,0,0,0.0,0.0,2026-04-19T13:00:00Z,0,False,17,0,0,0,0,0,33,0,2119,0,0,3,4,0.0,0,-4,34,38,40,True,0
Rico Henry,DEF,Brentford,0.0,0,0,0,0,0,0.0,0,109,0.00,0.00,0.00,0.00,322,0,0,0.0,0.0,2026-04-18T11:30:00Z,0,False,10,0,0,0,0,0,33,0,17449,0,0,0,0,0.0,0,-1113,12,1125,43,True,0
Samuel Iling-Junior,MID,Aston Villa,0.0,0,0,0,0,0,0.0,0,51,0.00,0.00,0.00,0.00,321,0,0,0.0,0.0,2026-04-19T13:00:00Z,0,False,17,0,0,0,0,0,33,0,2420,0,0,3,4,0.0,0,-4,0,4,55,True,0
Abdallah Sima,MID,Brighton,0.0,0,0,0,0,0,0.0,0,165,0.00,0.00,0.00,0.00,330,0,0,0.0,0.0,2026-04-18T16:30:00Z,0,False,18,0,0,0,0,0,33,0,1421,0,0,2,2,0.0,0,-2,0,2,54,False,0
Abdallah Sima,MID,Brighton,0.0,0,0,0,0,0,0.0,0,165,0.00,0.00,0.00,0.00,333,0,0,0.0,0.0,2026-04-21T19:00:00Z,0,False,7,0,0,0,0,0,33,0,1421,0,0,0,3,0.0,0,-2,0,2,54,True,0
Tosin Adarabioyo,DEF,Chelsea,0.0,0,0,0,0,0,0.0,0,232,0.00,0.00,0.00,0.00,323,0,0,0.0,0.0,2026-04-18T19:00:00Z,0,False,14,0,0,0,0,0,33,0,34200,0,0,1,0,0.0,0,52,555,503,40,True,0
Tosin Adarabioyo,DEF,Chelsea,0.0,0,0,0,0,0,0.0,0,232,0.00,0.00,0.00,0.00,333,0,0,0.0,0.0,2026-04-21T19:00:00Z,0,False,6,0,0,0,0,0,33,0,34200,0,0,0,3,0.0,0,52,555,503,40,False,0
Sam Greenwood,MID,Leeds,0.0,0,0,0,0,0,0.0,0,355,0.00,0.00,0.00,0.00,326,0,0,0.0,0.0,2026-04-18T14:00:00Z,0,False,20,0,0,0,0,0,33,0,4148,0,0,0,3,0.0,0,-5,0,5,49,True,0
Sam Greenwood,MID,Leeds,0.0,0,0,0,0,0,0.0,0,355,0.00,0.00,0.00,0.00,332,0,0,0.0,0.0,2026-04-22T19:00:00Z,0,False,4,0,0,0,0,0,33,0,4148,0,0,2,2,0.0,0,-5,0,5,49,False,0
Jarrad Branthwaite,DEF,Everton,0.0,0,0,14,0,7,10.4,11,290,0.02,0.02,0.00,1.14,325,1,0,3.0,20.0,2026-04-19T13:00:00Z,86,False,12,0,0,0,7,0,33,0,59757,1,4,2,1,0.0,4,-1965,2717,4682,53,True,0
Ethan Pinnock,DEF,Brentford,0.0,0,0,0,0,0,0.0,0,111,0.00,0.00,0.00,0.00,322,0,0,0.0,0.0,2026-04-18T11:30:00Z,0,False,10,0,0,0,0,0,33,0,17084,0,0,0,0,0.0,0,-107,632,739,42,True,0
Wellity Lucky,DEF,Liverpool,0.0,0,0,0,0,0,0.0,0,760,0.00,0.00,0.00,0.00,325,0,0,0.0,0.0,2026-04-19T13:00:00Z,0,False,9,0,0,0,0,0,33,0,2677,0,0,2,1,0.0,0,-20,32,52,40,False,0
Alex Cairns,GK,Leeds,0.0,0,0,0,0,0,0.0,0,340,0.00,0.00,0.00,0.00,326,0,0,0.0,0.0,2026-04-18T14:00:00Z,0,False,20,0,0,0,0,0,33,0,19072,0,0,0,3,0.0,0,-130,139,269,39,True,0
Alex Cairns,GK,Leeds,0.0,0,0,0,0,0,0.0,0,340,0.00,0.00,0.00,0.00,332,0,0,0.0,0.0,2026-04-22T19:00:00Z,0,False,4,0,0,0,0,0,33,0,19072,0,0,2,2,0.0,0,-130,139,269,39,False,0
Mateo Joseph Fernández-Regatillo,FWD,Leeds,0.0,0,0,0,0,0,0.0,0,364,0.00,0.00,0.00,0.00,326,0,0,0.0,0.0,2026-04-18T14:00:00Z,0,False,20,0,0,0,0,0,33,0,1238,0,0,0,3,0.0,0,-1,0,1,50,True,0
Mateo Joseph Fernández-Regatillo,FWD,Leeds,0.0,0,0,0,0,0,0.0,0,364,0.00,0.00,0.00,0.00,332,0,0,0.0,0.0,2026-04-22T19:00:00Z,0,False,4,0,0,0,0,0,33,0,1238,0,0,2,2,0.0,0,-1,0,1,50,False,0
Kai Havertz,FWD,Arsenal,0.0,0,0,21,0,0,2.1,3,30,0.00,1.25,1.25,1.36,327,2,1,10.5,33.4,2026-04-19T15:30:00Z,90,False,13,0,0,0,3,0,33,0,60304,1,0,1,2,69.0,6,-2854,1218,4072,73,False,0
Raúl Jiménez Rodríguez,FWD,Fulham,0.0,0,0,5,0,0,0.1,3,337,0.00,0.00,0.00,0.79,322,0,0,0.0,0.2,2026-04-18T11:30:00Z,23,False,5,0,0,0,3,0,33,0,262752,0,0,0,0,0.0,1,-50251,3786,54037,61,False,0
Brian Brobbey,FWD,Sunderland,0.0,0,0,7,0,1,1.5,1,730,0.00,0.08,0.08,2.17,321,3,0,2.2,3.0,2026-04-19T13:00:00Z,83,False,2,0,0,0,0,0,33,0,79346,1,0,3,4,17.0,2,-4952,4499,9451,53,False,0
Evann Guessand,MID,Crystal Palace,0.0,0,0,0,0,0,0.0,0,677,0.00,0.00,0.00,0.00,324,0,0,0.0,0.0,2026-04-20T19:00:00Z,0,False,19,0,0,0,0,0,33,0,6062,0,0,0,0,0.0,0,-730,12,742,62,True,0
Kaye Furo,FWD,Brentford,0.0,0,0,0,0,0,0.0,0,797,0.00,0.00,0.00,0.00,322,0,0,0.0,0.0,2026-04-18T11:30:00Z,0,False,10,0,0,0,0,0,33,0,2226,0,0,0,0,0.0,0,-82,48,130,45,True,0
Antony dos Santos,MID,Man Utd,0.0,0,0,0,0,0,0.0,0,454,0.00,0.00,0.00,0.00,323,0,0,0.0,0.0,2026-04-18T19:00:00Z,0,False,7,0,0,0,0,0,33,0,7317,0,0,1,0,0.0,0,-4,0,4,59,False,0
Tyler Onyango,MID,Everton,0.0,0,0,0,0,0,0.0,0,704,0.00,0.00,0.00,0.00,325,0,0,0.0,0.0,2026-04-19T13:00:00Z,0,False,12,0,0,0,0,0,33,0,6343,0,0,2,1,0.0,0,-12,0,12,45,True,0
