name,position,team,xP,assists,bonus,bps,clean_sheets,clearances_blocks_interceptions,creativity,defensive_contribution,element,expected_assists,expected_goal_involvements,expected_goals,expected_goals_conceded,fixture,goals_conceded,goals_scored,ict_index,influence,kickoff_time,minutes,modified,opponent_team,own_goals,penalties_missed,penalties_saved,recoveries,red_cards,round,saves,selected,starts,tackles,team_a_score,team_h_score,threat,total_points,transfers_balance,transfers_in,transfers_out,value,was_home,yellow_cards
Reinildo Mandava,DEF,Sunderland,0.0,0,0,7,0,3,2.1,3,541,0.09,0.09,0.00,0.16,338,1,0,0.7,5.0,2026-04-24T19:00:00Z,45,False,16,0,0,0,3,0,34,0,467361,0,0,5,0,0.0,1,13615,17327,3712,38,True,0
Lorenzo Lucca,FWD,Nott'm Forest,0.0,0,0,0,0,0,0.0,0,805,0.00,0.00,0.00,0.00,338,0,0,0.0,0.0,2026-04-24T19:00:00Z,0,False,17,0,0,0,0,0,34,0,2013,0,0,5,0,0.0,0,-10,121,131,54,False,0
Lewis Dobbin,MID,Aston Villa,0.0,0,0,0,0,0,0.0,0,57,0.00,0.00,0.00,0.00,335,0,0,0.0,0.0,2026-04-25T11:30:00Z,0,False,10,0,0,0,0,0,34,0,3114,0,0,0,1,0.0,0,-4,0,4,50,False,0
Leo Shahar,DEF,Newcastle,0.0,0,0,0,0,0,0.0,0,765,0.00,0.00,0.00,0.00,331,0,0,0.0,0.0,2026-04-25T16:30:00Z,0,False,1,0,0,0,0,0,34,0,4298,0,0,0,1,0.0,0,2,126,124,40,False,0
Lucas Tolentino Coelho de Lima,MID,West Ham,0.0,0,0,0,0,0,0.0,0,612,0.00,0.00,0.00,0.00,339,0,0,0.0,0.0,2026-04-25T14:00:00Z,0,False,9,0,0,0,0,0,34,0,138171,0,0,1,2,0.0,0,-416,0,416,59,True,0
Myles Peart-Harris,MID,Brentford,0.0,0,0,0,0,0,0.0,0,133,0.00,0.00,0.00,0.00,337,0,0,0.0,0.0,2026-04-27T19:00:00Z,0,False,14,0,0,0,0,0,34,0,4024,0,0,1,2,0.0,0,-17,0,17,44,False,0
Callum Bates,MID,Everton,0.0,0,0,0,0,0,0.0,0,306,0.00,0.00,0.00,0.00,339,0,0,0.0,0.0,2026-04-25T14:00:00Z,0,False,19,0,0,0,0,0,34,0,13169,0,0,1,2,0.0,0,-88,213,301,43,False,0
Harry Tyrer,GK,Everton,0.0,0,0,0,0,0,0.0,0,289,0.00,0.00,0.00,0.00,339,0,0,0.0,0.0,2026-04-25T14:00:00Z,0,False,19,0,0,0,0,0,34,0,11475,0,0,1,2,0.0,0,-79,0,79,39,False,0
Destiny Udogie,DEF,Spurs,0.0,0,0,0,0,0,0.0,0,574,0.00,0.00,0.00,0.00,340,0,0,0.0,0.0,2026-04-25T14:00:00Z,0,False,20,0,0,0,0,0,34,0,41943,0,0,1,0,0.0,0,1011,2032,1021,43,False,0
Simon Moore,GK,Sunderland,0.0,0,0,0,0,0,0.0,0,529,0.00,0.00,0.00,0.00,338,0,0,0.0,0.0,2026-04-24T19:00:00Z,0,False,16,0,0,0,0,0,34,0,44065,0,0,5,0,0.0,0,-661,47,708,39,True,0
Mikey Moore,MID,Spurs,0.0,0,0,0,0,0,0.0,0,592,0.00,0.00,0.00,0.00,340,0,0,0.0,0.0,2026-04-25T14:00:00Z,0,False,20,0,0,0,0,0,34,0,418,0,0,1,0,0.0,0,-1,0,1,50,False,0
Pape Matar Sarr,MID,Spurs,0.0,0,0,0,0,0,0.0,0,593,0.00,0.00,0.00,0.00,340,0,0,0.0,0.0,2026-04-25T14:00:00Z,0,False,20,0,0,0,0,0,34,0,134713,0,0,1,0,0.0,0,-4054,1917,5971,45,False,0
Hákon Rafn Valdimarsson,GK,Brentford,0.0,0,0,0,0,0,0.0,0,105,0.00,0.00,0.00,0.00,337,0,0,0.0,0.0,2026-04-27T19:00:00Z,0,False,14,0,0,0,0,0,34,0,192184,0,0,1,2,0.0,0,11434,13144,1710,38,False,0
Toby Collyer,MID,Man Utd,0.0,0,0,0,0,0,0.0,0,460,0.00,0.00,0.00,0.00,337,0,0,0.0,0.0,2026-04-27T19:00:00Z,0,False,5,0,0,0,0,0,34,0,3238,0,0,1,2,0.0,0,-10,0,10,45,True,0
Jaydon Jones,MID,Sunderland,0.0,0,0,0,0,0,0.0,0,822,0.00,0.00,0.00,0.00,338,0,0,0.0,0.0,2026-04-24T19:00:00Z,0,False,16,0,0,0,0,0,34,0,292,0,0,5,0,0.0,0,30,43,13,45,True,0
Adam Armstrong,FWD,Wolves,0.0,0,0,5,0,0,1.0,2,817,0.00,0.27,0.27,0.92,340,1,0,3.8,7.2,2026-04-25T14:00:00Z,90,False,18,0,0,0,0,0,34,0,15778,1,2,1,0,30.0,2,2928,4135,1207,52,True,0
Tyler Morton,MID,Liverpool,0.0,0,0,0,0,0,0.0,0,395,0.00,0.00,0.00,0.00,336,0,0,0.0,0.0,2026-04-25T14:00:00Z,0,False,8,0,0,0,0,0,34,0,266,0,0,1,3,0.0,0,0,0,0,45,True,0
Alexis Mac Allister,MID,Liverpool,0.0,2,3,41,0,4,26.3,12,386,0.04,0.07,0.03,2.26,336,1,0,7.7,42.0,2026-04-25T14:00:00Z,90,False,8,0,0,0,6,0,34,0,253306,1,2,1,3,9.0,13,-10686,2256,12942,62,True,0
André Trindade da Costa Neto,MID,Wolves,0.0,0,0,12,0,0,1.3,11,643,0.01,0.01,0.00,0.92,340,1,0,0.6,5.0,2026-04-25T14:00:00Z,90,False,18,0,0,0,8,0,34,0,18061,1,3,1,0,0.0,1,1721,2966,1245,52,True,1
Harrison Ashby,DEF,Newcastle,0.0,0,0,0,0,0,0.0,0,482,0.00,0.00,0.00,0.00,331,0,0,0.0,0.0,2026-04-25T16:30:00Z,0,False,1,0,0,0,0,0,34,0,14102,0,0,0,1,0.0,0,-46,0,46,39,False,0
Samuel Amissah,DEF,Fulham,0.0,0,0,0,0,0,0.0,0,323,0.00,0.00,0.00,0.00,335,0,0,0.0,0.0,2026-04-25T11:30:00Z,0,False,2,0,0,0,0,0,34,0,19587,0,0,0,1,0.0,0,13,214,201,38,True,0
Luís Hemir Silva Semedo,FWD,Sunderland,0.0,0,0,0,0,0,0.0,0,563,0.00,0.00,0.00,0.00,338,0,0,0.0,0.0,2026-04-24T19:00:00Z,0,False,16,0,0,0,0,0,34,0,10491,0,0,5,0,0.0,0,-20,0,20,44,True,0
Adama Traoré Diarra,MID,West Ham,0.0,0,0,0,0,0,0.0,0,326,0.00,0.00,0.00,0.00,339,0,0,0.0,0.0,2026-04-25T14:00:00Z,0,False,9,0,0,0,0,0,34,0,20167,0,0,1,2,0.0,0,-62,182,244,51,True,0
Thierno Barry,FWD,Everton,0.0,0,0,5,0,2,2.8,4,310,0.01,0.69,0.68,1.17,339,2,0,4.5,13.2,2026-04-25T14:00:00Z,90,False,19,0,0,0,1,0,34,0,108680,1,1,1,2,29.0,2,6297,10625,4328,57,False,0
Ollie Scarles,DEF,West Ham,0.0,0,0,0,0,0,0.0,0,608,0.00,0.00,0.00,0.00,339,0,0,0.0,0.0,2026-04-25T14:00:00Z,0,False,9,0,0,0,0,0,34,0,4849,0,0,1,2,0.0,0,-3,40,43,43,True,0
Eliezer Mayenda Dossou,FWD,Sunderland,0.0,0,0,0,0,0,0.0,0,561,0.00,0.00,0.00,0.00,338,0,0,0.0,0.0,2026-04-24T19:00:00Z,0,False,16,0,0,0,0,0,34,0,66461,0,0,5,0,0.0,0,10,535,525,52,True,0
Seth Ridgeon,MID,Fulham,0.0,0,0,0,0,0,0.0,0,770,0.00,0.00,0.00,0.00,335,0,0,0.0,0.0,2026-04-25T11:30:00Z,0,False,2,0,0,0,0,0,34,0,710,0,0,0,1,0.0,0,2,34,32,45,True,0
Steven Benda,GK,Fulham,0.0,0,0,0,0,0,0.0,0,315,0.00,0.00,0.00,0.00,335,0,0,0.0,0.0,2026-04-25T11:30:00Z,0,False,2,0,0,0,0,0,34,0,901,0,0,0,1,0.0,0,-7,0,7,40,True,0
Myles Lewis-Skelly,DEF,Arsenal,0.0,0,0,3,0,1,0.6,1,10,0.01,0.01,0.00,0.06,331,0,0,0.6,5.4,2026-04-25T16:30:00Z,9,False,15,0,0,0,0,0,34,0,182226,0,0,0,1,0.0,1,12,598,586,50,True,0
Hugo Bueno López,DEF,Wolves,0.0,0,0,12,0,7,20.6,12,633,0.11,0.25,0.14,0.92,340,1,0,4.4,20.6,2026-04-25T14:00:00Z,90,False,18,0,0,0,4,0,34,0,27082,1,5,1,0,3.0,3,6,2115,2109,43,True,1
Milan Aleksić,MID,Sunderland,0.0,0,0,0,0,0,0.0,0,546,0.00,0.00,0.00,0.00,338,0,0,0.0,0.0,2026-04-24T19:00:00Z,0,False,16,0,0,0,0,0,34,0,2318,0,0,5,0,0.0,0,22,32,10,49,True,0
Toti Gomes,DEF,Wolves,0.0,0,0,11,0,3,1.1,5,637,0.00,0.00,0.00,0.92,340,1,0,1.9,17.4,2026-04-25T14:00:00Z,90,False,18,0,0,0,4,0,34,0,11901,1,2,1,0,0.0,2,547,639,92,42,True,0
Ismaïla Sarr,MID,Crystal Palace,0.0,1,0,17,0,0,11.8,1,267,0.12,0.64,0.52,1.15,336,3,0,5.9,7.6,2026-04-25T14:00:00Z,90,False,12,0,0,0,1,0,34,0,491842,1,0,1,3,40.0,5,2386,25413,23027,63,False,0
André Onana,GK,Man Utd,0.0,0,0,0,0,0,0.0,0,432,0.00,0.00,0.00,0.00,337,0,0,0.0,0.0,2026-04-27T19:00:00Z,0,False,5,0,0,0,0,0,34,0,18210,0,0,1,2,0.0,0,-12,0,12,49,True,0
Rio Cardines,MID,Crystal Palace,0.0,0,0,0,0,0,0.0,0,690,0.00,0.00,0.00,0.00,336,0,0,0.0,0.0,2026-04-25T14:00:00Z,0,False,12,0,0,0,0,0,34,0,33552,0,0,1,3,0.0,0,-58,41,99,44,False,0
Tammy Abraham,FWD,Aston Villa,0.0,0,0,0,0,0,0.0,0,808,0.00,0.29,0.29,0.17,335,0,0,0.3,0.0,2026-04-25T11:30:00Z,10,False,10,0,0,0,0,0,34,0,29024,0,0,0,1,4.0,1,3552,5314,1762,58,False,0
Dan Neil,MID,Sunderland,0.0,0,0,0,0,0,0.0,0,549,0.00,0.00,0.00,0.00,338,0,0,0.0,0.0,2026-04-24T19:00:00Z,0,False,16,0,0,0,0,0,34,0,3549,0,0,5,0,0.0,0,-10,0,10,48,True,0
Kiernan Dewsbury-Hall,MID,Everton,0.0,0,1,29,0,2,17.4,10,242,0.06,0.16,0.10,1.17,339,2,1,7.8,41.4,2026-04-25T14:00:00Z,90,False,19,0,0,0,7,0,34,0,906551,1,1,1,2,19.0,8,156209,169479,13270,51,False,0
Kieran Trippier,DEF,Newcastle,0.0,0,0,0,0,0,0.0,0,478,0.00,0.00,0.00,0.00,331,0,0,0.0,0.0,2026-04-25T16:30:00Z,0,False,1,0,0,0,0,0,34,0,183147,0,0,0,1,0.0,0,-225,1158,1383,49,False,0
João Maria Lobo Alves Palhares Costa Palhinha Gonçalves,MID,Spurs,0.0,0,3,30,0,2,0.3,3,673,0.00,0.57,0.57,0.45,340,0,1,7.1,37.8,2026-04-25T14:00:00Z,28,False,20,0,0,0,0,0,34,0,99278,0,1,1,0,33.0,9,791,2107,1316,55,False,0
Tino Livramento,DEF,Newcastle,0.0,0,0,0,0,0,0.0,0,477,0.00,0.00,0.00,0.00,331,0,0,0.0,0.0,2026-04-25T16:30:00Z,0,False,1,0,0,0,0,0,34,0,245815,0,0,0,1,0.0,0,-3921,167,4088,49,False,0
Issa Diop,DEF,Fulham,0.0,0,0,0,0,0,0.0,0,320,0.00,0.00,0.00,0.00,335,0,0,0.0,0.0,2026-04-25T11:30:00Z,0,False,2,0,0,0,0,0,34,0,9973,0,0,0,1,0.0,0,-21,118,139,43,True,0
Rasmus Højlund,FWD,Man Utd,0.0,0,0,0,0,0,0.0,0,465,0.00,0.00,0.00,0.00,337,0,0,0.0,0.0,2026-04-27T19:00:00Z,0,False,5,0,0,0,0,0,34,0,32909,0,0,1,2,0.0,0,-16,0,16,63,True,0
Dane Scarlett,FWD,Spurs,0.0,0,0,0,0,0,0.0,0,599,0.00,0.00,0.00,0.00,340,0,0,0.0,0.0,2026-04-25T14:00:00Z,0,False,20,0,0,0,0,0,34,0,69064,0,0,1,0,0.0,0,-307,0,307,43,False,0
Ezri Konsa Ngoyo,DEF,Aston Villa,0.0,0,0,11,0,5,1.3,5,38,0.01,0.01,0.00,1.18,335,1,0,2.1,19.2,2026-04-25T11:30:00Z,90,False,10,0,0,0,4,0,34,0,1010648,1,0,0,1,0.0,2,2950,17726,14776,44,False,0
Caleb Kporha,DEF,Crystal Palace,0.0,0,0,0,0,0,0.0,0,265,0.00,0.00,0.00,0.00,336,0,0,0.0,0.0,2026-04-25T14:00:00Z,0,False,12,0,0,0,0,0,34,0,2607,0,0,1,3,0.0,0,19,59,40,40,False,0
Leon Routh,DEF,Aston Villa,0.0,0,0,0,0,0,0.0,0,768,0.00,0.00,0.00,0.00,335,0,0,0.0,0.0,2026-04-25T11:30:00Z,0,False,10,0,0,0,0,0,34,0,2512,0,0,0,1,0.0,0,2,30,28,40,False,0
Archie Gray,MID,Spurs,0.0,0,0,0,0,0,0.0,0,591,0.00,0.00,0.00,0.00,340,0,0,0.0,0.0,2026-04-25T14:00:00Z,0,False,20,0,0,0,0,0,34,0,20295,0,0,1,0,0.0,0,-485,502,987,48,False,0
Noah Sadiki,MID,Sunderland,0.0,0,0,10,0,0,14.5,3,552,0.26,0.36,0.10,1.10,338,5,0,2.0,0.0,2026-04-24T19:00:00Z,90,False,16,0,0,0,3,0,34,0,8749,1,0,5,0,5.0,2,715,849,134,49,True,0
Nathan Collins,DEF,Brentford,0.0,0,0,4,0,9,1.4,10,106,0.05,0.05,0.00,1.27,337,2,0,2.1,17.8,2026-04-27T19:00:00Z,90,False,14,0,0,0,3,0,34,0,352518,1,1,1,2,2.0,2,-1884,11496,13380,49,False,1
Manuel Ugarte Ribeiro,MID,Man Utd,0.0,0,0,0,0,0,0.0,0,459,0.00,0.00,0.00,0.00,337,0,0,0.0,0.0,2026-04-27T19:00:00Z,0,False,5,0,0,0,0,0,34,0,18537,0,0,1,2,0.0,0,-149,111,260,47,True,0
Lewis Hall,DEF,Newcastle,0.0,0,0,0,0,0,0.0,0,473,0.00,0.00,0.00,0.00,331,0,0,0.0,0.0,2026-04-25T16:30:00Z,0,False,1,0,0,0,0,0,34,0,478661,0,0,0,1,0.0,0,-17489,11560,29049,54,False,0
Martial Godo,MID,Fulham,0.0,0,0,0,0,0,0.0,0,333,0.00,0.00,0.00,0.00,335,0,0,0.0,0.0,2026-04-25T11:30:00Z,0,False,2,0,0,0,0,0,34,0,2974,0,0,0,1,0.0,0,-4,0,4,45,True,0
Leo Fuhr Hjelde,DEF,Sunderland,0.0,0,0,0,0,0,0.0,0,536,0.00,0.00,0.00,0.00,338,0,0,0.0,0.0,2026-04-24T19:00:00Z,0,False,16,0,0,0,0,0,34,0,1631,0,0,5,0,0.0,0,-10,0,10,40,True,0
Krisztián Hegyi,GK,West Ham,0.0,0,0,0,0,0,0.0,0,602,0.00,0.00,0.00,0.00,339,0,0,0.0,0.0,2026-04-25T14:00:00Z,0,False,9,0,0,0,0,0,34,0,25397,0,0,1,2,0.0,0,-229,0,229,39,True,0
Will Hughes,MID,Crystal Palace,0.0,0,0,0,0,0,0.0,0,270,0.00,0.00,0.00,0.00,336,0,0,0.0,0.0,2026-04-25T14:00:00Z,0,False,12,0,0,0,0,0,34,0,13179,0,0,1,3,0.0,0,4,236,232,47,False,0
Jadon Sancho,MID,Aston Villa,0.0,0,0,3,0,0,3.9,0,456,0.02,0.02,0.00,0.17,335,0,0,0.6,0.2,2026-04-25T11:30:00Z,16,False,10,0,0,0,0,0,34,0,28568,0,0,0,1,2.0,1,291,561,270,58,False,0
Micky van de Ven,DEF,Spurs,0.0,0,0,27,1,2,0.8,4,575,0.01,0.01,0.00,0.70,340,0,0,1.5,14.2,2026-04-25T14:00:00Z,90,False,20,0,0,0,2,0,34,0,2410752,1,2,1,0,0.0,6,17942,51038,33096,44,False,0
Konstantinos Mavropanos,DEF,West Ham,0.0,0,0,12,0,11,0.6,11,606,0.00,0.04,0.04,1.45,339,1,0,3.2,26.6,2026-04-25T14:00:00Z,90,False,9,0,0,0,3,0,34,0,667208,1,0,1,2,5.0,4,185859,191761,5902,45,True,0
Emmanuel Agbadou,DEF,Wolves,0.0,0,0,0,0,0,0.0,0,631,0.00,0.00,0.00,0.00,340,0,0,0.0,0.0,2026-04-25T14:00:00Z,0,False,18,0,0,0,0,0,34,0,14464,0,0,1,0,0.0,0,-41,0,41,42,True,0
Oscar Bobb,MID,Fulham,0.0,0,0,6,0,0,0.8,1,424,0.02,0.07,0.05,0.31,335,0,0,2.6,4.2,2026-04-25T11:30:00Z,14,False,2,0,0,0,1,0,34,0,28157,0,0,0,1,21.0,1,-383,204,587,51,True,0
Jordan Henderson,MID,Brentford,0.0,0,0,0,0,0,0.0,0,124,0.00,0.00,0.00,0.00,337,0,0,0.0,0.0,2026-04-27T19:00:00Z,0,False,14,0,0,0,0,0,34,0,39167,0,0,1,2,0.0,0,-1542,14,1556,50,False,0
Harry Wilson,MID,Fulham,0.0,0,0,4,1,5,4.8,8,329,0.01,0.24,0.23,0.93,335,0,0,2.3,13.2,2026-04-25T11:30:00Z,90,False,2,0,0,0,2,0,34,0,2984410,1,1,0,1,5.0,2,53747,139130,85383,60,True,1
Malick Thiaw,DEF,Newcastle,0.0,0,0,11,0,4,3.7,6,684,0.02,0.02,0.00,0.49,331,1,0,2.3,19.4,2026-04-25T16:30:00Z,90,False,1,0,0,0,3,0,34,0,703685,1,2,0,1,0.0,2,-57477,8064,65541,51,False,0
Emerson Palmieri dos Santos,DEF,West Ham,0.0,0,0,0,0,0,0.0,0,604,0.00,0.00,0.00,0.00,339,0,0,0.0,0.0,2026-04-25T14:00:00Z,0,False,9,0,0,0,0,0,34,0,6518,0,0,1,2,0.0,0,-5,0,5,44,True,0
Godwill Kukonki,DEF,Man Utd,0.0,0,0,0,0,0,0.0,0,788,0.00,0.00,0.00,0.00,337,0,0,0.0,0.0,2026-04-27T19:00:00Z,0,False,5,0,0,0,0,0,34,0,1737,0,0,1,2,0.0,0,2,20,18,40,True,0
Trey Nyoni,MID,Liverpool,0.0,0,0,0,0,0,0.0,0,396,0.00,0.00,0.00,0.00,336,0,0,0.0,0.0,2026-04-25T14:00:00Z,0,False,8,0,0,0,0,0,34,0,39039,0,0,1,3,0.0,0,-296,160,456,43,True,0
Conor McManus,DEF,Brentford,0.0,0,0,0,0,0,0.0,0,824,0.00,0.00,0.00,0.00,337,0,0,0.0,0.0,2026-04-27T19:00:00Z,0,False,14,0,0,0,0,0,34,0,523,0,0,1,2,0.0,0,18,44,26,40,False,0
Nilson Angulo,MID,Sunderland,0.0,0,0,0,0,0,0.0,0,813,0.00,0.00,0.00,0.00,338,0,0,0.0,0.0,2026-04-24T19:00:00Z,0,False,16,0,0,0,0,0,34,0,523,0,0,5,0,0.0,0,-28,7,35,50,True,0
Angel Gomes,MID,Wolves,0.0,0,0,0,0,0,0.0,0,816,0.00,0.00,0.00,0.00,340,0,0,0.0,0.0,2026-04-25T14:00:00Z,0,False,18,0,0,0,0,0,34,0,1483,0,0,1,0,0.0,0,-222,53,275,47,True,0
Saheed Olagunju,DEF,Wolves,0.0,0,0,0,0,0,0.0,0,766,0.00,0.00,0.00,0.00,340,0,0,0.0,0.0,2026-04-25T14:00:00Z,0,False,18,0,0,0,0,0,34,0,5429,0,0,1,0,0.0,0,177,378,201,40,True,0
Ladislav Krejcí,DEF,Wolves,0.0,0,0,0,0,0,0.0,0,709,0.00,0.00,0.00,0.00,340,0,0,0.0,0.0,2026-04-25T14:00:00Z,0,False,18,0,0,0,0,0,34,0,8524,0,0,1,0,0.0,0,-821,230,1051,45,True,0
Riley Owen,MID,Brentford,0.0,0,0,0,0,0,0.0,0,826,0.00,0.00,0.00,0.00,337,0,0,0.0,0.0,2026-04-27T19:00:00Z,0,False,14,0,0,0,0,0,34,0,127,0,0,1,2,0.0,0,24,33,9,45,False,0
Triston Rowe,DEF,Aston Villa,0.0,0,0,0,0,0,0.0,0,701,0.00,0.00,0.00,0.00,335,0,0,0.0,0.0,2026-04-25T11:30:00Z,0,False,10,0,0,0,0,0,34,0,8900,0,0,0,1,0.0,0,-12,0,12,40,False,0
Luis Guilherme Lira dos Santos,MID,West Ham,0.0,0,0,0,0,0,0.0,0,619,0.00,0.00,0.00,0.00,339,0,0,0.0,0.0,2026-04-25T14:00:00Z,0,False,9,0,0,0,0,0,34,0,2458,0,0,1,2,0.0,0,-5,0,5,49,True,0
Asher Agbinone,MID,Crystal Palace,0.0,0,0,0,0,0,0.0,0,274,0.00,0.00,0.00,0.00,336,0,0,0.0,0.0,2026-04-25T14:00:00Z,0,False,12,0,0,0,0,0,34,0,13239,0,0,1,3,0.0,0,-187,229,416,43,False,0
Matz Sels,GK,Nott'm Forest,0.0,0,0,31,1,0,0.0,0,502,0.00,0.00,0.00,0.70,338,0,0,2.5,25.4,2026-04-24T19:00:00Z,90,False,17,0,0,0,6,0,34,4,668166,1,0,5,0,0.0,7,8697,13909,5212,46,False,0
Marko Stamenić,MID,Nott'm Forest,0.0,0,0,0,0,0,0.0,0,524,0.00,0.00,0.00,0.00,338,0,0,0.0,0.0,2026-04-24T19:00:00Z,0,False,17,0,0,0,0,0,34,0,2145,0,0,5,0,0.0,0,-2,0,2,45,False,0
Nathan Fraser,FWD,Wolves,0.0,0,0,0,0,0,0.0,0,658,0.00,0.00,0.00,0.00,340,0,0,0.0,0.0,2026-04-25T14:00:00Z,0,False,18,0,0,0,0,0,34,0,242733,0,0,1,0,0.0,0,-486,2578,3064,42,True,0
Idrissa Gana Gueye,MID,Everton,0.0,0,0,12,0,0,8.0,4,302,0.13,0.52,0.39,0.80,339,1,0,1.9,2.8,2026-04-25T14:00:00Z,85,False,19,0,0,0,4,0,34,0,17609,1,0,1,2,8.0,2,1286,1820,534,54,False,0
Justin Devenny,MID,Crystal Palace,0.0,0,0,0,0,0,0.0,0,276,0.00,0.00,0.00,0.00,336,0,0,0.0,0.0,2026-04-25T14:00:00Z,0,False,12,0,0,0,0,0,34,0,147997,0,0,1,3,0.0,0,-3537,999,4536,43,False,0
Habib Diarra,MID,Sunderland,0.0,0,0,6,0,0,2.5,6,544,0.03,0.03,0.00,0.94,338,4,0,0.6,1.4,2026-04-24T19:00:00Z,64,False,16,0,0,0,5,0,34,0,21766,1,1,5,0,2.0,1,4797,5655,858,53,True,1
Antonín Kinský,GK,Spurs,0.0,0,0,24,1,1,0.0,0,567,0.00,0.00,0.00,0.70,340,0,0,1.7,17.4,2026-04-25T14:00:00Z,90,False,20,0,0,0,4,0,34,2,331661,1,0,1,0,0.0,6,15479,18446,2967,39,False,0
Jakub Kiwior,DEF,Arsenal,0.0,0,0,0,0,0,0.0,0,9,0.00,0.00,0.00,0.00,331,0,0,0.0,0.0,2026-04-25T16:30:00Z,0,False,15,0,0,0,0,0,34,0,6124,0,0,0,1,0.0,0,-3,0,3,54,True,0
Fábio Soares Silva,FWD,Wolves,0.0,0,0,0,0,0,0.0,0,655,0.00,0.00,0.00,0.00,340,0,0,0.0,0.0,2026-04-25T14:00:00Z,0,False,18,0,0,0,0,0,34,0,21330,0,0,1,0,0.0,0,-17,0,17,49,True,0
Kim Ji-soo,DEF,Brentford,0.0,0,0,0,0,0,0.0,0,117,0.00,0.00,0.00,0.00,337,0,0,0.0,0.0,2026-04-27T19:00:00Z,0,False,14,0,0,0,0,0,34,0,10029,0,0,1,2,0.0,0,-31,0,31,39,False,0
Alphonse Areola,GK,West Ham,0.0,0,0,0,0,0,0.0,0,600,0.00,0.00,0.00,0.00,339,0,0,0.0,0.0,2026-04-25T14:00:00Z,0,False,9,0,0,0,0,0,34,0,257004,0,0,1,2,0.0,0,-963,2643,3606,42,True,0
Gabriel dos Santos Magalhães,DEF,Arsenal,0.0,0,2,29,1,8,14.5,9,5,0.01,0.01,0.00,1.00,331,0,0,4.4,27.2,2026-04-25T16:30:00Z,90,False,15,0,0,0,2,0,34,0,5933365,1,1,0,1,2.0,8,146121,182766,36645,71,True,0
Jamaldeen Jimoh-Aloba,MID,Aston Villa,0.0,0,0,0,0,0,0.0,0,62,0.00,0.00,0.00,0.00,335,0,0,0.0,0.0,2026-04-25T11:30:00Z,0,False,10,0,0,0,0,0,34,0,7402,0,0,0,1,0.0,0,-47,0,47,45,False,0
Jean-Ricner Bellegarde,MID,Wolves,0.0,0,0,0,0,0,0.0,0,644,0.00,0.00,0.00,0.00,340,0,0,0.0,0.0,2026-04-25T14:00:00Z,0,False,18,0,0,0,0,0,34,0,6600,0,0,1,0,0.0,0,144,413,269,51,True,0
Luke Harris,MID,Fulham,0.0,0,0,0,0,0,0.0,0,334,0.00,0.00,0.00,0.00,335,0,0,0.0,0.0,2026-04-25T11:30:00Z,0,False,2,0,0,0,0,0,34,0,180,0,0,0,1,0.0,0,-1,0,1,45,True,0
Ola Aina,DEF,Nott'm Forest,0.0,1,0,31,1,5,0.9,9,507,0.01,0.06,0.05,0.70,338,0,0,1.9,17.4,2026-04-24T19:00:00Z,90,False,17,0,0,0,1,0,34,0,311863,1,4,5,0,1.0,9,860,3727,2867,47,False,0
Dominik Szoboszlai,MID,Liverpool,0.0,0,0,13,0,2,15.5,7,387,0.15,0.25,0.10,2.26,336,1,0,3.2,5.2,2026-04-25T14:00:00Z,90,False,8,0,0,0,3,0,34,0,1854986,1,2,1,3,11.0,1,73669,115325,41656,71,True,1
Arnaud Kalimuendo,FWD,Nott'm Forest,0.0,0,0,0,0,0,0.0,0,696,0.00,0.00,0.00,0.00,338,0,0,0.0,0.0,2026-04-24T19:00:00Z,0,False,17,0,0,0,0,0,34,0,14878,0,0,5,0,0.0,0,-32,0,32,60,False,0
Tomáš Souček,MID,West Ham,0.0,0,3,43,0,2,5.8,7,613,0.01,0.29,0.28,1.45,339,1,1,8.6,42.8,2026-04-25T14:00:00Z,90,False,9,0,0,0,3,0,34,0,43305,1,2,1,2,37.0,10,1517,2631,1114,57,True,0
Jack Grealish,MID,Everton,0.0,0,0,0,0,0,0.0,0,419,0.00,0.00,0.00,0.00,339,0,0,0.0,0.0,2026-04-25T14:00:00Z,0,False,19,0,0,0,0,0,34,0,740047,0,0,1,2,0.0,0,-2625,48,2673,63,False,0
Kadan Young,MID,Aston Villa,0.0,0,0,0,0,0,0.0,0,63,0.00,0.00,0.00,0.00,335,0,0,0.0,0.0,2026-04-25T11:30:00Z,0,False,10,0,0,0,0,0,34,0,64205,0,0,0,1,0.0,0,-886,0,886,43,False,0
Endo Wataru,MID,Liverpool,0.0,0,0,0,0,0,0.0,0,392,0.00,0.00,0.00,0.00,336,0,0,0.0,0.0,2026-04-25T14:00:00Z,0,False,8,0,0,0,0,0,34,0,10670,0,0,1,3,0.0,0,-16,13,29,49,True,0
Samuel Chukwueze,MID,Fulham,0.0,0,0,12,1,0,29.9,5,727,0.13,0.18,0.05,0.62,335,0,0,5.0,8.8,2026-04-25T11:30:00Z,75,False,2,0,0,0,5,0,34,0,10632,1,0,0,1,11.0,3,-3,394,397,53,True,0
Pedro Porro Sauceda,DEF,Spurs,0.0,0,1,28,1,7,28.6,13,568,0.06,0.08,0.02,0.70,340,0,0,6.3,25.8,2026-04-25T14:00:00Z,90,False,20,0,0,0,6,0,34,0,1945327,1,6,1,0,9.0,8,193468,200828,7360,51,False,1
Daichi Kamada,MID,Crystal Palace,0.0,0,0,24,0,1,18.1,12,271,0.11,0.11,0.00,1.15,336,3,0,3.4,16.0,2026-04-25T14:00:00Z,90,False,12,0,0,0,7,0,34,0,10213,1,4,1,3,0.0,4,134,218,84,50,False,0
Tyrique George,MID,Everton,0.0,0,0,6,0,0,13.0,2,243,0.54,0.61,0.07,0.38,339,1,0,2.6,3.2,2026-04-25T14:00:00Z,25,False,19,0,0,0,1,0,34,0,8580,0,1,1,2,10.0,1,-7,86,93,48,False,0
Alysson Edward Franco da Rocha dos Santos,MID,Aston Villa,0.0,0,0,0,0,0,0.0,0,792,0.00,0.00,0.00,0.00,335,0,0,0.0,0.0,2026-04-25T11:30:00Z,0,False,10,0,0,0,0,0,34,0,591,0,0,0,1,0.0,0,11,28,17,50,False,0
Andy Irving,MID,West Ham,0.0,0,0,0,0,0,0.0,0,621,0.00,0.00,0.00,0.00,339,0,0,0.0,0.0,2026-04-25T14:00:00Z,0,False,9,0,0,0,0,0,34,0,26167,0,0,1,2,0.0,0,-255,0,255,43,True,0
Nick Pope,GK,Newcastle,0.0,0,0,8,0,1,0.0,0,469,0.00,0.00,0.00,0.49,331,1,0,1.8,17.6,2026-04-25T16:30:00Z,90,False,1,0,0,0,9,0,34,3,553816,1,0,0,1,0.0,2,-7435,1520,8955,50,False,1
Karl Hein,GK,Arsenal,0.0,0,0,0,0,0,0.0,0,3,0.00,0.00,0.00,0.00,331,0,0,0.0,0.0,2026-04-25T16:30:00Z,0,False,15,0,0,0,0,0,34,0,25821,0,0,0,1,0.0,0,-61,0,61,40,True,0
Ki-Jana Hoever,DEF,Wolves,0.0,0,0,0,0,0,0.0,0,638,0.00,0.00,0.00,0.00,340,0,0,0.0,0.0,2026-04-25T14:00:00Z,0,False,18,0,0,0,0,0,34,0,115224,0,0,1,0,0.0,0,-1426,0,1426,38,True,0
Fer López González,MID,Wolves,0.0,0,0,0,0,0,0.0,0,645,0.00,0.00,0.00,0.00,340,0,0,0.0,0.0,2026-04-25T14:00:00Z,0,False,18,0,0,0,0,0,34,0,3437,0,0,1,0,0.0,0,-8,0,8,51,True,0
Abdoullah Ba,MID,Sunderland,0.0,0,0,0,0,0,0.0,0,554,0.00,0.00,0.00,0.00,338,0,0,0.0,0.0,2026-04-24T19:00:00Z,0,False,16,0,0,0,0,0,34,0,41114,0,0,5,0,0.0,0,-350,177,527,43,True,0
Joshua Stephenson,DEF,Brentford,0.0,0,0,0,0,0,0.0,0,823,0.00,0.00,0.00,0.00,337,0,0,0.0,0.0,2026-04-27T19:00:00Z,0,False,14,0,0,0,0,0,34,0,410,0,0,1,2,0.0,0,13,29,16,40,False,0
Matthew Cox,GK,Brentford,0.0,0,0,0,0,0,0.0,0,103,0.00,0.00,0.00,0.00,337,0,0,0.0,0.0,2026-04-27T19:00:00Z,0,False,14,0,0,0,0,0,34,0,16924,0,0,1,2,0.0,0,-139,0,139,39,False,0
Dwight McNeil,MID,Everton,0.0,0,0,13,0,2,24.3,8,300,0.95,0.98,0.03,0.80,339,1,0,4.2,10.8,2026-04-25T14:00:00Z,64,False,19,0,0,0,3,0,34,0,20494,1,3,1,2,7.0,2,681,964,283,55,False,0
Jacob Ramsey,MID,Newcastle,0.0,0,0,12,0,2,22.8,8,52,0.01,0.04,0.03,0.49,331,1,0,4.6,13.6,2026-04-25T16:30:00Z,90,False,1,0,0,0,3,0,34,0,30957,1,3,0,1,10.0,2,-420,216,636,53,False,0
Tom Edozie,MID,Wolves,0.0,0,0,0,0,0,0.0,0,651,0.00,0.00,0.00,0.00,340,0,0,0.0,0.0,2026-04-25T14:00:00Z,0,False,18,0,0,0,0,0,34,0,50300,0,0,1,0,0.0,0,-726,294,1020,43,True,0
Coby Ebere,MID,Everton,0.0,0,0,0,0,0,0.0,0,307,0.00,0.00,0.00,0.00,339,0,0,0.0,0.0,2026-04-25T14:00:00Z,0,False,19,0,0,0,0,0,34,0,5844,0,0,1,2,0.0,0,9,74,65,44,False,0
Lukasz Fabianski,GK,West Ham,0.0,0,0,0,0,0,0.0,0,738,0.00,0.00,0.00,0.00,339,0,0,0.0,0.0,2026-04-25T14:00:00Z,0,False,9,0,0,0,0,0,34,0,5899,0,0,1,2,0.0,0,519,592,73,45,True,0
Amadou Onana,MID,Aston Villa,0.0,0,0,0,0,0,0.0,0,59,0.00,0.00,0.00,0.00,335,0,0,0.0,0.0,2026-04-25T11:30:00Z,0,False,10,0,0,0,0,0,34,0,90439,0,0,0,1,0.0,0,423,1882,1459,48,False,0
Giorgi Mamardashvili,GK,Liverpool,0.0,0,0,0,0,0,0.0,0,367,0.00,0.00,0.00,0.00,336,0,0,0.0,0.0,2026-04-25T14:00:00Z,0,False,8,0,0,0,0,0,34,0,85049,0,0,1,3,0.0,0,-4468,4312,8780,41,True,0
Leon Bailey,MID,Aston Villa,0.0,0,0,2,0,0,0.3,2,49,0.00,0.00,0.00,0.17,335,0,0,0.1,0.2,2026-04-25T11:30:00Z,16,False,10,0,0,0,2,0,34,0,14057,0,0,0,1,0.0,1,102,362,260,55,False,0
Federico Chiesa,MID,Liverpool,0.0,0,0,0,0,0,0.0,0,385,0.00,0.00,0.00,0.00,336,0,0,0.0,0.0,2026-04-25T14:00:00Z,0,False,8,0,0,0,0,0,34,0,35621,0,0,1,3,0.0,0,9,109,100,63,True,0
Ethan Sutherland,MID,Wolves,0.0,0,0,0,0,0,0.0,0,778,0.00,0.00,0.00,0.00,340,0,0,0.0,0.0,2026-04-25T14:00:00Z,0,False,18,0,0,0,0,0,34,0,1183,0,0,1,0,0.0,0,7,86,79,45,True,0
Ryan Sessegnon,MID,Fulham,0.0,0,3,36,1,4,1.8,11,328,0.01,0.27,0.26,0.62,335,0,1,6.4,45.0,2026-04-25T11:30:00Z,80,False,2,0,0,0,4,0,34,0,21092,1,3,0,1,17.0,11,522,840,318,54,True,0
Isaac Heath,MID,Everton,0.0,0,0,0,0,0,0.0,0,308,0.00,0.00,0.00,0.00,339,0,0,0.0,0.0,2026-04-25T14:00:00Z,0,False,19,0,0,0,0,0,34,0,2012,0,0,1,2,0.0,0,-2,0,2,45,False,0
Chris Rigg,MID,Sunderland,0.0,0,0,6,0,2,1.9,2,551,0.06,0.17,0.11,0.94,338,4,0,2.7,6.0,2026-04-24T19:00:00Z,45,False,16,0,0,0,0,0,34,0,12216,1,0,5,0,19.0,1,2740,3033,293,47,True,0
Luke O'Nien,DEF,Sunderland,0.0,0,0,0,0,0,0.0,0,539,0.00,0.00,0.00,0.00,338,0,0,0.0,0.0,2026-04-24T19:00:00Z,0,False,16,0,0,0,0,0,34,0,16178,0,0,5,0,0.0,0,1561,1867,306,40,True,0
Séamus Coleman,DEF,Everton,0.0,0,0,0,0,0,0.0,0,294,0.00,0.00,0.00,0.00,339,0,0,0.0,0.0,2026-04-25T14:00:00Z,0,False,19,0,0,0,0,0,34,0,12854,0,0,1,2,0.0,0,93,147,54,42,False,0
Carlos Alcaraz Durán,MID,Everton,0.0,0,0,-1,0,1,1.3,1,301,0.01,0.01,0.00,0.38,339,1,0,0.1,0.0,2026-04-25T14:00:00Z,4,False,19,0,0,0,0,0,34,0,10032,0,0,1,2,0.0,0,61,92,31,52,False,1
Matt Turner,GK,Nott'm Forest,0.0,0,0,0,0,0,0.0,0,504,0.00,0.00,0.00,0.00,338,0,0,0.0,0.0,2026-04-24T19:00:00Z,0,False,17,0,0,0,0,0,34,0,9900,0,0,5,0,0.0,0,-29,0,29,40,False,0
Djiamgone Jocelin Ta Bi,MID,Sunderland,0.0,0,0,0,0,0,0.0,0,800,0.00,0.00,0.00,0.00,338,0,0,0.0,0.0,2026-04-24T19:00:00Z,0,False,16,0,0,0,0,0,34,0,92,0,0,5,0,0.0,0,-6,0,6,49,True,0
Ethan Wheatley,FWD,Man Utd,0.0,0,0,0,0,0,0.0,0,468,0.00,0.00,0.00,0.00,337,0,0,0.0,0.0,2026-04-27T19:00:00Z,0,False,5,0,0,0,0,0,34,0,10709,0,0,1,2,0.0,0,-17,0,17,45,True,0
Roman Dixon,DEF,Everton,0.0,0,0,0,0,0,0.0,0,297,0.00,0.00,0.00,0.00,339,0,0,0.0,0.0,2026-04-25T14:00:00Z,0,False,19,0,0,0,0,0,34,0,20322,0,0,1,2,0.0,0,-126,0,126,38,False,0
Merlin Röhl,MID,Everton,0.0,0,0,0,0,0,0.0,0,728,0.00,0.00,0.00,0.00,339,0,0,0.0,0.0,2026-04-25T14:00:00Z,0,False,19,0,0,0,0,0,34,0,2076,0,0,1,2,0.0,0,8,34,26,50,False,0
Yoane Wissa,FWD,Newcastle,0.0,0,0,-5,0,0,0.0,0,135,0.00,0.56,0.56,0.29,331,0,0,0.9,0.0,2026-04-25T16:30:00Z,24,False,1,0,0,0,0,0,34,0,76046,0,0,0,1,12.0,1,437,1245,808,73,False,0
Djed Spence,DEF,Spurs,0.0,0,2,29,1,5,3.8,8,573,0.01,0.03,0.02,0.70,340,0,0,2.8,16.2,2026-04-25T14:00:00Z,90,False,20,0,0,0,5,0,34,0,119588,1,3,1,0,8.0,8,309,1642,1333,41,False,0
Julian Eyestone,GK,Brentford,0.0,0,0,0,0,0,0.0,0,104,0.00,0.00,0.00,0.00,337,0,0,0.0,0.0,2026-04-27T19:00:00Z,0,False,14,0,0,0,0,0,34,0,13901,0,0,1,2,0.0,0,-83,58,141,39,False,0
Ármin Pécsi,GK,Liverpool,0.0,0,0,0,0,0,0.0,0,368,0.00,0.00,0.00,0.00,336,0,0,0.0,0.0,2026-04-25T14:00:00Z,0,False,8,0,0,0,0,0,34,0,120407,0,0,1,3,0.0,0,314,2811,2497,38,True,0
Jefferson Lerma Solís,MID,Crystal Palace,0.0,0,0,0,0,0,0.0,0,272,0.00,0.00,0.00,0.00,336,0,0,0.0,0.0,2026-04-25T14:00:00Z,0,False,12,0,0,0,0,0,34,0,9842,0,0,1,3,0.0,0,1106,1405,299,49,False,0
Jayden Danns,FWD,Liverpool,0.0,0,0,0,0,0,0.0,0,398,0.00,0.00,0.00,0.00,336,0,0,0.0,0.0,2026-04-25T14:00:00Z,0,False,8,0,0,0,0,0,34,0,13302,0,0,1,3,0.0,0,-7,58,65,43,True,0
Rio Ngumoha,MID,Liverpool,0.0,0,0,0,0,0,0.0,0,686,0.00,0.00,0.00,0.00,336,0,0,0.0,0.0,2026-04-25T14:00:00Z,0,False,8,0,0,0,0,0,34,0,158945,0,0,1,3,0.0,0,11912,17591,5679,43,True,0
Brandon Austin,GK,Spurs,0.0,0,0,0,0,0,0.0,0,566,0.00,0.00,0.00,0.00,340,0,0,0.0,0.0,2026-04-25T14:00:00Z,0,False,20,0,0,0,0,0,34,0,38011,0,0,1,0,0.0,0,-14,301,315,39,False,0
Alfie Brooks,GK,Wolves,0.0,0,0,0,0,0,0.0,0,828,0.00,0.00,0.00,0.00,340,0,0,0.0,0.0,2026-04-25T14:00:00Z,0,False,18,0,0,0,0,0,34,0,1481,0,0,1,0,0.0,0,294,310,16,40,True,0
Sepp van den Berg,DEF,Brentford,0.0,0,0,14,0,7,1.6,7,113,0.03,0.03,0.00,1.27,337,2,0,2.4,14.8,2026-04-27T19:00:00Z,90,False,14,0,0,0,4,0,34,0,159042,1,0,1,2,8.0,0,-5928,2462,8390,46,False,1
Aaron Wan-Bissaka,DEF,West Ham,0.0,0,0,0,0,0,0.0,0,610,0.00,0.00,0.00,0.00,339,0,0,0.0,0.0,2026-04-25T14:00:00Z,0,False,9,0,0,0,0,0,34,0,580999,0,0,1,2,0.0,0,-5663,3029,8692,41,True,0
Enzo Le Fée,MID,Sunderland,0.0,0,0,14,0,2,30.1,8,547,0.40,0.52,0.12,1.10,338,5,0,6.5,15.6,2026-04-24T19:00:00Z,90,False,16,0,0,0,4,0,34,0,252481,1,2,5,0,19.0,2,66378,72167,5789,48,True,0
David Ozoh,MID,Crystal Palace,0.0,0,0,0,0,0,0.0,0,280,0.00,0.00,0.00,0.00,336,0,0,0.0,0.0,2026-04-25T14:00:00Z,0,False,12,0,0,0,0,0,34,0,147,0,0,1,3,0.0,0,0,0,0,45,False,0
Mark Gillespie,GK,Newcastle,0.0,0,0,0,0,0,0.0,0,471,0.00,0.00,0.00,0.00,331,0,0,0.0,0.0,2026-04-25T16:30:00Z,0,False,1,0,0,0,0,0,34,0,17148,0,0,0,1,0.0,0,6,105,99,39,False,0
Ben Casey,FWD,Crystal Palace,0.0,0,0,0,0,0,0.0,0,780,0.00,0.00,0.00,0.00,336,0,0,0.0,0.0,2026-04-25T14:00:00Z,0,False,12,0,0,0,0,0,34,0,3857,0,0,1,3,0.0,0,106,211,105,45,False,0
Lino da Cruz Sousa,DEF,Aston Villa,0.0,0,0,0,0,0,0.0,0,45,0.00,0.00,0.00,0.00,335,0,0,0.0,0.0,2026-04-25T11:30:00Z,0,False,10,0,0,0,0,0,34,0,32600,0,0,0,1,0.0,0,-268,0,268,38,False,0
Nicolò Savona,DEF,Nott'm Forest,0.0,0,0,0,0,0,0.0,0,716,0.00,0.00,0.00,0.00,338,0,0,0.0,0.0,2026-04-24T19:00:00Z,0,False,17,0,0,0,0,0,34,0,6570,0,0,5,0,0.0,0,-107,9,116,45,False,0
Harrison Reed,MID,Fulham,0.0,0,0,0,0,0,0.0,0,336,0.00,0.00,0.00,0.00,335,0,0,0.0,0.0,2026-04-25T11:30:00Z,0,False,2,0,0,0,0,0,34,0,43340,0,0,0,1,0.0,0,-923,465,1388,43,True,0
Vitalii Mykolenko,DEF,Everton,0.0,0,0,4,0,5,3.9,7,292,0.01,0.01,0.00,1.17,339,2,0,2.4,20.4,2026-04-25T14:00:00Z,90,False,19,0,0,0,2,0,34,0,104479,1,2,1,2,0.0,1,12930,15056,2126,49,False,0
Matt Targett,DEF,Newcastle,0.0,0,0,0,0,0,0.0,0,484,0.00,0.00,0.00,0.00,331,0,0,0.0,0.0,2026-04-25T16:30:00Z,0,False,1,0,0,0,0,0,34,0,17914,0,0,0,1,0.0,0,-44,0,44,40,False,0
Frank Onyeka,MID,Brentford,0.0,0,0,0,0,0,0.0,0,128,0.00,0.00,0.00,0.00,337,0,0,0.0,0.0,2026-04-27T19:00:00Z,0,False,14,0,0,0,0,0,34,0,5292,0,0,1,2,0.0,0,-14,0,14,48,False,0
Will Wright,FWD,Liverpool,0.0,0,0,0,0,0,0.0,0,830,0.00,0.00,0.00,0.00,336,0,0,0.0,0.0,2026-04-25T14:00:00Z,0,False,8,0,0,0,0,0,34,0,0,0,0,1,3,0.0,0,0,0,0,45,True,0
Bryan Mbeumo,MID,Man Utd,0.0,0,0,9,1,1,27.3,4,119,0.04,0.04,0.00,1.34,337,0,0,4.3,7.8,2026-04-27T19:00:00Z,73,False,5,0,0,0,2,0,34,0,2215849,1,1,1,2,8.0,3,-175683,13330,189013,85,True,0
Reece Welch,DEF,Everton,0.0,0,0,0,0,0,0.0,0,298,0.00,0.00,0.00,0.00,339,0,0,0.0,0.0,2026-04-25T14:00:00Z,0,False,19,0,0,0,0,0,34,0,20506,0,0,1,2,0.0,0,138,282,144,38,False,0
Tyler Dibling,MID,Everton,0.0,0,0,0,0,0,0.0,0,707,0.00,0.00,0.00,0.00,339,0,0,0.0,0.0,2026-04-25T14:00:00Z,0,False,19,0,0,0,0,0,34,0,3848,0,0,1,2,0.0,0,6,47,41,53,False,0
Jamaal Lascelles,DEF,Newcastle,0.0,0,0,0,0,0,0.0,0,480,0.00,0.00,0.00,0.00,331,0,0,0.0,0.0,2026-04-25T16:30:00Z,0,False,1,0,0,0,0,0,34,0,6115,0,0,0,1,0.0,0,-14,0,14,43,False,0
Andrés García,DEF,Aston Villa,0.0,0,0,0,0,0,0.0,0,42,0.00,0.00,0.00,0.00,335,0,0,0.0,0.0,2026-04-25T11:30:00Z,0,False,10,0,0,0,0,0,34,0,27764,0,0,0,1,0.0,0,68,333,265,39,False,0
Youri Tielemans,MID,Aston Villa,0.0,0,0,18,0,2,5.8,9,48,0.02,0.06,0.04,1.01,335,1,0,2.1,8.8,2026-04-25T11:30:00Z,73,False,10,0,0,0,3,0,34,0,86464,1,4,0,1,6.0,2,3036,3665,629,59,False,0
Will Lankshear,FWD,Spurs,0.0,0,0,0,0,0,0.0,0,598,0.00,0.00,0.00,0.00,340,0,0,0.0,0.0,2026-04-25T14:00:00Z,0,False,20,0,0,0,0,0,34,0,2742,0,0,1,0,0.0,0,-5,0,5,45,False,0
Iwan Morgan,FWD,Brentford,0.0,0,0,0,0,0,0.0,0,137,0.00,0.00,0.00,0.00,337,0,0,0.0,0.0,2026-04-27T19:00:00Z,0,False,14,0,0,0,0,0,34,0,37502,0,0,1,2,0.0,0,-151,0,151,44,False,0
Victor Lindelöf,DEF,Aston Villa,0.0,0,0,0,0,0,0.0,0,719,0.00,0.00,0.00,0.00,335,0,0,0.0,0.0,2026-04-25T11:30:00Z,0,False,10,0,0,0,0,0,34,0,13301,0,0,0,1,0.0,0,33,266,233,45,False,0
Pierre Ekwah Elimby,MID,Sunderland,0.0,0,0,0,0,0,0.0,0,556,0.00,0.00,0.00,0.00,338,0,0,0.0,0.0,2026-04-24T19:00:00Z,0,False,16,0,0,0,0,0,34,0,648,0,0,5,0,0.0,0,-2,0,2,45,True,0
Crysencio Summerville,MID,West Ham,0.0,0,0,12,0,3,28.4,9,615,0.78,0.85,0.07,1.45,339,1,0,4.4,3.4,2026-04-25T14:00:00Z,90,False,9,0,0,0,6,0,34,0,209877,1,0,1,2,12.0,2,19370,26454,7084,55,True,0
Cristhian Mosquera,DEF,Arsenal,0.0,0,0,0,0,0,0.0,0,662,0.00,0.00,0.00,0.00,331,0,0,0.0,0.0,2026-04-25T16:30:00Z,0,False,15,0,0,0,0,0,34,0,24038,0,0,0,1,0.0,0,1981,2372,391,53,True,0
Ethan Nwaneri,MID,Arsenal,0.0,0,0,0,0,0,0.0,0,25,0.00,0.00,0.00,0.00,331,0,0,0.0,0.0,2026-04-25T16:30:00Z,0,False,15,0,0,0,0,0,34,0,14728,0,0,0,1,0.0,0,-26,0,26,50,True,0
Bryan Gil Salvatierra,MID,Spurs,0.0,0,0,0,0,0,0.0,0,590,0.00,0.00,0.00,0.00,340,0,0,0.0,0.0,2026-04-25T14:00:00Z,0,False,20,0,0,0,0,0,34,0,3394,0,0,1,0,0.0,0,-1,0,1,49,False,0
Callum Olusesi,MID,Spurs,0.0,0,0,0,0,0,0.0,0,595,0.00,0.00,0.00,0.00,340,0,0,0.0,0.0,2026-04-25T14:00:00Z,0,False,20,0,0,0,0,0,34,0,26893,0,0,1,0,0.0,0,-150,106,256,43,False,0
Elyh Harrison,GK,Man Utd,0.0,0,0,0,0,0,0.0,0,433,0.00,0.00,0.00,0.00,337,0,0,0.0,0.0,2026-04-27T19:00:00Z,0,False,5,0,0,0,0,0,34,0,193,0,0,1,2,0.0,0,0,0,0,40,True,0
Ellery Balcombe,GK,Brentford,0.0,0,0,0,0,0,0.0,0,102,0.00,0.00,0.00,0.00,337,0,0,0.0,0.0,2026-04-27T19:00:00Z,0,False,14,0,0,0,0,0,34,0,33300,0,0,1,2,0.0,0,-73,137,210,39,False,0
Gustavo Nunes Fernandes Gomes,MID,Brentford,0.0,0,0,0,0,0,0.0,0,127,0.00,0.00,0.00,0.00,337,0,0,0.0,0.0,2026-04-27T19:00:00Z,0,False,14,0,0,0,0,0,34,0,1637,0,0,1,2,0.0,0,-13,0,13,49,False,0
Boubacar Traoré,MID,Wolves,0.0,0,0,0,0,0,0.0,0,649,0.00,0.00,0.00,0.00,340,0,0,0.0,0.0,2026-04-25T14:00:00Z,0,False,18,0,0,0,0,0,34,0,119,0,0,1,0,0.0,0,0,0,0,50,True,0
Luka Vušković,DEF,Spurs,0.0,0,0,0,0,0,0.0,0,578,0.00,0.00,0.00,0.00,340,0,0,0.0,0.0,2026-04-25T14:00:00Z,0,False,20,0,0,0,0,0,34,0,40050,0,0,1,0,0.0,0,-118,0,118,39,False,0
Mateus Gonçalo Espanha Fernandes,MID,West Ham,0.0,0,0,13,0,2,5.9,11,708,0.04,0.08,0.04,1.45,339,1,0,2.7,17.4,2026-04-25T14:00:00Z,90,False,9,0,0,0,5,0,34,0,59500,1,4,1,2,4.0,2,5545,8323,2778,55,True,0
Kenny Tete,DEF,Fulham,0.0,0,0,0,0,0,0.0,0,322,0.00,0.00,0.00,0.00,335,0,0,0.0,0.0,2026-04-25T11:30:00Z,0,False,2,0,0,0,0,0,34,0,30235,0,0,0,1,0.0,0,-3268,40,3308,45,True,0
Dilane Bakwa,MID,Nott'm Forest,0.0,0,0,0,0,0,0.0,0,734,0.00,0.00,0.00,0.00,338,0,0,0.0,0.0,2026-04-24T19:00:00Z,0,False,17,0,0,0,0,0,34,0,2981,0,0,5,0,0.0,0,66,105,39,59,False,0
Senne Lammens,GK,Man Utd,0.0,0,0,14,0,2,0.0,0,733,0.00,0.00,0.00,1.43,337,1,0,3.6,36.0,2026-04-27T19:00:00Z,90,False,5,0,0,0,8,0,34,5,475196,1,0,1,2,0.0,3,44138,50461,6323,51,True,0
Dean Benamar,DEF,Crystal Palace,0.0,0,0,0,0,0,0.0,0,773,0.00,0.00,0.00,0.00,336,0,0,0.0,0.0,2026-04-25T14:00:00Z,0,False,12,0,0,0,0,0,34,0,2302,0,0,1,3,0.0,0,47,80,33,40,False,0
Walter Benítez,GK,Crystal Palace,0.0,0,0,0,0,0,0.0,0,254,0.00,0.00,0.00,0.00,336,0,0,0.0,0.0,2026-04-25T14:00:00Z,0,False,12,0,0,0,0,0,34,0,45379,0,0,1,3,0.0,0,151,600,449,39,False,0
John Ruddy,GK,Newcastle,0.0,0,0,0,0,0,0.0,0,753,0.00,0.00,0.00,0.00,331,0,0,0.0,0.0,2026-04-25T16:30:00Z,0,False,1,0,0,0,0,0,34,0,2813,0,0,0,1,0.0,0,25,58,33,40,False,0
Ibrahim Sangaré,MID,Nott'm Forest,0.0,0,0,7,0,3,1.6,6,521,0.02,0.02,0.00,0.34,338,0,0,1.2,10.2,2026-04-24T19:00:00Z,45,False,17,0,0,0,2,0,34,0,10466,1,1,5,0,0.0,1,807,1077,270,49,False,0
Zak Johnson,DEF,Sunderland,0.0,0,0,0,0,0,0.0,0,538,0.00,0.00,0.00,0.00,338,0,0,0.0,0.0,2026-04-24T19:00:00Z,0,False,16,0,0,0,0,0,34,0,25455,0,0,5,0,0.0,0,-189,0,189,38,True,0
Brennan Johnson,MID,Crystal Palace,0.0,0,0,5,0,1,27.9,7,580,0.07,0.22,0.15,1.07,336,2,0,4.5,5.0,2026-04-25T14:00:00Z,58,False,12,0,0,0,4,0,34,0,302956,1,2,1,3,12.0,1,354,1438,1084,65,False,0
Ian Poveda-Ocampo,MID,Sunderland,0.0,0,0,0,0,0,0.0,0,550,0.00,0.00,0.00,0.00,338,0,0,0.0,0.0,2026-04-24T19:00:00Z,0,False,16,0,0,0,0,0,34,0,3351,0,0,5,0,0.0,0,8,24,16,47,True,0
James Wright,GK,Aston Villa,0.0,0,0,0,0,0,0.0,0,688,0.00,0.00,0.00,0.00,335,0,0,0.0,0.0,2026-04-25T11:30:00Z,0,False,10,0,0,0,0,0,34,0,76778,0,0,0,1,0.0,0,-353,101,454,39,False,0
Dejan Kulusevski,MID,Spurs,0.0,0,0,0,0,0,0.0,0,583,0.00,0.00,0.00,0.00,340,0,0,0.0,0.0,2026-04-25T14:00:00Z,0,False,20,0,0,0,0,0,34,0,1746,0,0,1,0,0.0,0,15,36,21,64,False,0
Lisandro Martínez,DEF,Man Utd,0.0,0,0,0,0,0,0.0,0,437,0.00,0.00,0.00,0.00,337,0,0,0.0,0.0,2026-04-27T19:00:00Z,0,False,5,0,0,0,0,0,34,0,53797,0,0,1,2,0.0,0,-2492,58,2550,48,True,0
El Hadji Malick Diouf,DEF,West Ham,0.0,0,0,23,0,4,51.2,9,603,0.26,0.26,0.00,1.45,339,1,0,9.3,38.2,2026-04-25T14:00:00Z,90,False,9,0,0,0,7,0,34,0,392794,1,5,1,2,4.0,2,18695,24256,5561,41,True,0
Leon Chiwome,FWD,Wolves,0.0,0,0,0,0,0,0.0,0,657,0.00,0.00,0.00,0.00,340,0,0,0.0,0.0,2026-04-25T14:00:00Z,0,False,18,0,0,0,0,0,34,0,4948,0,0,1,0,0.0,0,115,239,124,44,True,0
João Victor Gomes da Silva,MID,Wolves,0.0,0,0,19,0,2,4.5,15,646,0.01,0.08,0.07,0.92,340,1,0,3.9,23.8,2026-04-25T14:00:00Z,90,False,18,0,0,0,6,0,34,0,49837,1,7,1,0,11.0,3,-285,4634,4919,53,True,1
Shea Lacey,MID,Man Utd,0.0,0,0,0,0,0,0.0,0,755,0.00,0.00,0.00,0.00,337,0,0,0.0,0.0,2026-04-27T19:00:00Z,0,False,5,0,0,0,0,0,34,0,1603,0,0,1,2,0.0,0,-25,34,59,45,True,0
Harvey Elliott,MID,Aston Villa,0.0,0,0,0,0,0,0.0,0,389,0.00,0.00,0.00,0.00,335,0,0,0.0,0.0,2026-04-25T11:30:00Z,0,False,10,0,0,0,0,0,34,0,21637,0,0,0,1,0.0,0,-4,94,98,51,False,0
Takai Kōta,DEF,Spurs,0.0,0,0,0,0,0,0.0,0,577,0.00,0.00,0.00,0.00,340,0,0,0.0,0.0,2026-04-25T14:00:00Z,0,False,20,0,0,0,0,0,34,0,5604,0,0,1,0,0.0,0,-14,0,14,40,False,0
Jeremie Frimpong,DEF,Liverpool,0.0,0,0,3,0,0,0.3,1,370,0.00,0.03,0.03,0.90,336,1,0,0.7,2.2,2026-04-25T14:00:00Z,31,False,8,0,0,0,3,0,34,0,681324,0,1,1,3,4.0,1,3877,9964,6087,57,True,0
Jenson Seelt,DEF,Sunderland,0.0,0,0,0,0,0,0.0,0,542,0.00,0.00,0.00,0.00,338,0,0,0.0,0.0,2026-04-24T19:00:00Z,0,False,16,0,0,0,0,0,34,0,10845,0,0,5,0,0.0,0,-28,0,28,40,True,0
Marshall Munetsi,MID,Wolves,0.0,0,0,0,0,0,0.0,0,648,0.00,0.00,0.00,0.00,340,0,0,0.0,0.0,2026-04-25T14:00:00Z,0,False,18,0,0,0,0,0,34,0,4482,0,0,1,0,0.0,0,-20,0,20,53,True,0
Mateus Mané,FWD,Wolves,0.0,0,0,13,0,1,50.8,4,749,0.34,0.43,0.09,0.92,340,1,0,7.2,14.6,2026-04-25T14:00:00Z,90,False,18,0,0,0,1,0,34,0,287401,1,2,1,0,7.0,2,3938,16282,12344,43,True,0
Rhys Williams,DEF,Liverpool,0.0,0,0,0,0,0,0.0,0,379,0.00,0.00,0.00,0.00,336,0,0,0.0,0.0,2026-04-25T14:00:00Z,0,False,8,0,0,0,0,0,34,0,73962,0,0,1,3,0.0,0,-1478,691,2169,37,True,0
Luis Eduardo Soares da Silva,DEF,Nott'm Forest,0.0,0,0,0,0,0,0.0,0,729,0.00,0.00,0.00,0.00,338,0,0,0.0,0.0,2026-04-24T19:00:00Z,0,False,17,0,0,0,0,0,34,0,132,0,0,5,0,0.0,0,-1,0,1,45,False,0
Diego León Blanco,DEF,Man Utd,0.0,0,0,0,0,0,0.0,0,439,0.00,0.00,0.00,0.00,337,0,0,0.0,0.0,2026-04-27T19:00:00Z,0,False,5,0,0,0,0,0,34,0,7564,0,0,1,2,0.0,0,12,56,44,41,True,0
Romaine Mundle,MID,Sunderland,0.0,0,0,0,0,0,0.0,0,548,0.00,0.00,0.00,0.00,338,0,0,0.0,0.0,2026-04-24T19:00:00Z,0,False,16,0,0,0,0,0,34,0,1043,0,0,5,0,0.0,0,-6,2,8,49,True,0
Callum Wilson,FWD,West Ham,0.0,0,0,28,0,0,0.0,0,671,0.00,0.38,0.38,0.15,339,1,1,6.7,32.0,2026-04-25T14:00:00Z,9,False,9,0,0,0,0,0,34,0,67621,0,0,1,2,35.0,4,982,1687,705,58,True,1
Ronnie Hollingshead,GK,Aston Villa,0.0,0,0,0,0,0,0.0,0,757,0.00,0.00,0.00,0.00,335,0,0,0.0,0.0,2026-04-25T11:30:00Z,0,False,10,0,0,0,0,0,34,0,2367,0,0,0,1,0.0,0,28,60,32,40,False,0
Vitaly Janelt,MID,Brentford,0.0,0,0,0,0,0,0.0,0,125,0.00,0.00,0.00,0.00,337,0,0,0.0,0.0,2026-04-27T19:00:00Z,0,False,14,0,0,0,0,0,34,0,13731,0,0,1,2,0.0,0,-998,9,1007,49,False,0
Douglas Luiz Soares de Paulo,MID,Aston Villa,0.0,0,0,4,0,1,14.7,1,699,0.02,0.02,0.00,0.17,335,0,0,1.9,3.8,2026-04-25T11:30:00Z,16,False,10,0,0,0,0,0,34,0,11263,0,0,0,1,0.0,0,-426,183,609,49,False,1
Virgil van Dijk,DEF,Liverpool,0.0,0,0,13,0,10,0.8,10,373,0.01,0.01,0.00,2.26,336,1,0,2.0,19.2,2026-04-25T14:00:00Z,90,False,8,0,0,0,2,0,34,0,4985521,1,0,1,3,0.0,4,242240,271767,29527,62,True,0
Son Heung-min,MID,Spurs,0.0,0,0,0,0,0,0.0,0,579,0.00,0.00,0.00,0.00,340,0,0,0.0,0.0,2026-04-25T14:00:00Z,0,False,20,0,0,0,0,0,34,0,15168,0,0,1,0,0.0,0,-13,0,13,85,False,0
Axel Disasi,DEF,West Ham,0.0,0,0,11,0,9,1.4,11,815,0.00,0.00,0.00,1.45,339,1,0,3.2,28.6,2026-04-25T14:00:00Z,90,False,9,0,0,0,3,0,34,0,45734,1,2,1,2,2.0,3,13116,14251,1135,45,True,1
Luca Netz,DEF,Nott'm Forest,0.0,0,0,5,0,3,0.3,4,814,0.02,0.02,0.00,0.31,338,0,0,1.2,9.2,2026-04-24T19:00:00Z,23,False,17,0,0,0,2,0,34,0,803,0,1,5,0,2.0,1,27,49,22,45,False,0
Antoñito Cordero Campillo,MID,Newcastle,0.0,0,0,0,0,0,0.0,0,492,0.00,0.00,0.00,0.00,331,0,0,0.0,0.0,2026-04-25T16:30:00Z,0,False,1,0,0,0,0,0,34,0,2661,0,0,0,1,0.0,0,-3,0,3,49,False,0
Callum Marshall,FWD,West Ham,0.0,0,0,0,0,0,0.0,0,626,0.00,0.00,0.00,0.00,339,0,0,0.0,0.0,2026-04-25T14:00:00Z,0,False,9,0,0,0,0,0,34,0,65509,0,0,1,2,0.0,0,-238,0,238,43,True,0
Garang Kuol,MID,Newcastle,0.0,0,0,0,0,0,0.0,0,496,0.00,0.00,0.00,0.00,331,0,0,0.0,0.0,2026-04-25T16:30:00Z,0,False,1,0,0,0,0,0,34,0,4201,0,0,0,1,0.0,0,-4,0,4,44,False,0
Fábio Ferreira Vieira,MID,Arsenal,0.0,0,0,0,0,0,0.0,0,23,0.00,0.00,0.00,0.00,331,0,0,0.0,0.0,2026-04-25T16:30:00Z,0,False,15,0,0,0,0,0,34,0,2452,0,0,0,1,0.0,0,0,0,0,54,True,0
Jean-Philippe Mateta,FWD,Crystal Palace,0.0,0,0,3,0,2,0.6,4,283,0.01,0.31,0.30,1.11,336,2,0,4.1,6.8,2026-04-25T14:00:00Z,69,False,12,0,0,0,2,0,34,0,1002435,1,0,1,3,34.0,2,50131,65047,14916,76,False,0
Gabriel Fernando de Jesus,FWD,Arsenal,0.0,0,0,0,0,0,0.0,0,31,0.00,0.00,0.00,0.00,331,0,0,0.0,0.0,2026-04-25T16:30:00Z,0,False,15,0,0,0,0,0,34,0,43014,0,0,0,1,0.0,0,-245,823,1068,64,True,0
Maximilian Kilman,DEF,West Ham,0.0,0,0,0,0,0,0.0,0,605,0.00,0.00,0.00,0.00,339,0,0,0.0,0.0,2026-04-25T14:00:00Z,0,False,9,0,0,0,0,0,34,0,18101,0,0,1,2,0.0,0,-44,162,206,41,True,0
Tawanda Chirewa,MID,Wolves,0.0,0,0,0,0,0,0.0,0,650,0.00,0.00,0.00,0.00,340,0,0,0.0,0.0,2026-04-25T14:00:00Z,0,False,18,0,0,0,0,0,34,0,25136,0,0,1,0,0.0,0,-173,0,173,43,True,0
Elijah Campbell,DEF,Everton,0.0,0,0,0,0,0,0.0,0,705,0.00,0.00,0.00,0.00,339,0,0,0.0,0.0,2026-04-25T14:00:00Z,0,False,19,0,0,0,0,0,34,0,19473,0,0,1,2,0.0,0,-81,0,81,39,False,0
Christantus Uche,FWD,Crystal Palace,0.0,0,0,0,0,0,0.0,0,732,0.00,0.00,0.00,0.00,336,0,0,0.0,0.0,2026-04-25T14:00:00Z,0,False,12,0,0,0,0,0,34,0,6968,0,0,1,3,0.0,0,94,211,117,55,False,0
Harry Maguire,DEF,Man Utd,0.0,1,0,32,0,10,10.6,12,442,0.20,0.31,0.11,1.43,337,1,0,11.1,48.6,2026-04-27T19:00:00Z,90,False,5,0,0,0,3,0,34,0,184375,1,2,1,2,52.0,7,3363,7482,4119,44,True,0
Mason Mount,MID,Man Utd,0.0,0,0,3,0,2,1.3,4,455,0.03,0.03,0.00,0.09,337,1,0,0.5,3.4,2026-04-27T19:00:00Z,16,False,5,0,0,0,1,0,34,0,36322,0,1,1,2,0.0,1,-15,162,177,59,True,0
Paris Maghoma,MID,Brentford,0.0,0,0,0,0,0,0.0,0,132,0.00,0.00,0.00,0.00,337,0,0,0.0,0.0,2026-04-27T19:00:00Z,0,False,14,0,0,0,0,0,34,0,2572,0,0,1,2,0.0,0,-22,0,22,45,False,0
Jair Paula da Cunha Filho,DEF,Nott'm Forest,0.0,0,0,6,0,3,0.3,3,510,0.00,0.00,0.00,0.34,338,0,0,0.7,6.2,2026-04-24T19:00:00Z,49,False,17,0,0,0,0,0,34,0,8215,1,0,5,0,0.0,1,147,179,32,42,False,0
Freddie Potts,MID,West Ham,0.0,0,0,3,0,1,0.5,3,623,0.00,0.00,0.00,0.15,339,1,0,0.6,5.4,2026-04-25T14:00:00Z,11,False,9,0,0,0,0,0,34,0,70949,0,2,1,2,0.0,1,-404,1034,1438,43,True,0
Matthijs de Ligt,DEF,Man Utd,0.0,0,0,0,0,0,0.0,0,436,0.00,0.00,0.00,0.00,337,0,0,0.0,0.0,2026-04-27T19:00:00Z,0,False,5,0,0,0,0,0,34,0,233358,0,0,1,2,0.0,0,-536,19,555,49,True,0
Matheus França de Oliveira,MID,Crystal Palace,0.0,0,0,0,0,0,0.0,0,279,0.00,0.00,0.00,0.00,336,0,0,0.0,0.0,2026-04-25T14:00:00Z,0,False,12,0,0,0,0,0,34,0,762,0,0,1,3,0.0,0,-1,0,1,45,False,0
Nick Woltemade,FWD,Newcastle,0.0,0,0,7,0,0,13.8,1,714,0.37,0.37,0.00,0.15,331,0,0,1.6,2.6,2026-04-25T16:30:00Z,15,False,1,0,0,0,1,0,34,0,858784,0,0,0,1,0.0,1,-4464,5871,10335,67,False,0
Airidas Golambeckis,DEF,West Ham,0.0,0,0,0,0,0,0.0,0,752,0.00,0.00,0.00,0.00,339,0,0,0.0,0.0,2026-04-25T14:00:00Z,0,False,9,0,0,0,0,0,34,0,4553,0,0,1,2,0.0,0,82,139,57,40,True,0
Lucas Bergvall,MID,Spurs,0.0,0,0,5,0,0,0.7,2,586,0.00,0.00,0.00,0.45,340,0,0,0.2,1.0,2026-04-25T14:00:00Z,27,False,20,0,0,0,1,0,34,0,24105,0,1,1,0,0.0,1,740,1006,266,52,False,0
Mikel Merino Zazón,MID,Arsenal,0.0,0,0,0,0,0,0.0,0,22,0.00,0.00,0.00,0.00,331,0,0,0.0,0.0,2026-04-25T16:30:00Z,0,False,15,0,0,0,0,0,34,0,99215,0,0,0,1,0.0,0,-731,8,739,54,True,0
Braiden Graham,FWD,Everton,0.0,0,0,0,0,0,0.0,0,779,0.00,0.00,0.00,0.00,339,0,0,0.0,0.0,2026-04-25T14:00:00Z,0,False,19,0,0,0,0,0,34,0,5696,0,0,1,2,0.0,0,250,391,141,45,False,0
Odsonne Édouard,FWD,Crystal Palace,0.0,0,0,0,0,0,0.0,0,285,0.00,0.00,0.00,0.00,336,0,0,0.0,0.0,2026-04-25T14:00:00Z,0,False,12,0,0,0,0,0,34,0,26494,0,0,1,3,0.0,0,-32,0,32,50,False,0
Zépiqueno Redmond,FWD,Aston Villa,0.0,0,0,0,0,0,0.0,0,65,0.00,0.00,0.00,0.00,335,0,0,0.0,0.0,2026-04-25T11:30:00Z,0,False,10,0,0,0,0,0,34,0,37162,0,0,0,1,0.0,0,-52,0,52,45,False,0
Matheus Santos Carneiro da Cunha,MID,Man Utd,0.0,0,0,0,0,0,0.0,0,450,0.00,0.00,0.00,0.00,337,0,0,0.0,0.0,2026-04-27T19:00:00Z,0,False,5,0,0,0,0,0,34,0,1427267,0,0,1,2,0.0,0,155316,173764,18448,80,True,0
Chemsdine Talbi,MID,Sunderland,0.0,0,0,0,0,0,0.0,0,553,0.00,0.00,0.00,0.00,338,0,0,0.0,0.0,2026-04-24T19:00:00Z,0,False,16,0,0,0,0,0,34,0,21282,0,0,5,0,0.0,0,247,595,348,49,True,0
Zach Abbott,DEF,Nott'm Forest,0.0,0,0,0,0,0,0.0,0,513,0.00,0.00,0.00,0.00,338,0,0,0.0,0.0,2026-04-24T19:00:00Z,0,False,17,0,0,0,0,0,34,0,33894,0,0,5,0,0.0,0,-144,190,334,38,False,0
Emile Smith Rowe,MID,Fulham,0.0,0,0,8,1,2,4.1,6,325,0.02,0.06,0.04,0.62,335,0,0,1.9,7.2,2026-04-25T11:30:00Z,75,False,2,0,0,0,1,0,34,0,66552,1,3,0,1,8.0,3,757,1747,990,56,True,0
Yves Bissouma,MID,Spurs,0.0,0,0,11,1,1,2.8,2,587,0.02,0.02,0.00,0.26,340,0,0,0.7,4.4,2026-04-25T14:00:00Z,61,False,20,0,0,0,1,0,34,0,6153,1,0,1,0,0.0,3,75,137,62,52,False,0
Alfie Pond,DEF,Wolves,0.0,0,0,0,0,0,0.0,0,641,0.00,0.00,0.00,0.00,340,0,0,0.0,0.0,2026-04-25T14:00:00Z,0,False,18,0,0,0,0,0,34,0,121155,0,0,1,0,0.0,0,-786,0,786,39,True,0
Daniel Ballard,DEF,Sunderland,0.0,0,0,-8,0,7,2.3,8,531,0.05,0.09,0.04,1.10,338,5,0,3.9,19.2,2026-04-24T19:00:00Z,90,False,16,0,0,0,1,0,34,0,447466,1,1,5,0,17.0,0,17191,26668,9477,47,True,0
Tim Iroegbunam,MID,Everton,0.0,0,0,2,0,0,11.7,2,304,0.02,0.11,0.09,0.38,339,1,0,2.6,2.6,2026-04-25T14:00:00Z,25,False,19,0,0,0,2,0,34,0,4913,0,0,1,2,12.0,1,-18,39,57,48,False,0
Lucas Digne,DEF,Aston Villa,0.0,0,0,2,0,2,1.8,3,37,0.01,0.03,0.02,1.18,335,1,0,0.4,1.0,2026-04-25T11:30:00Z,90,False,10,0,0,0,0,0,34,0,218954,1,1,0,1,1.0,2,8345,11614,3269,45,False,0
Mads Hermansen,GK,West Ham,0.0,0,0,7,0,1,0.0,0,679,0.00,0.00,0.00,1.45,339,1,0,0.8,8.2,2026-04-25T14:00:00Z,90,False,9,0,0,0,9,0,34,1,276102,1,0,1,2,0.0,2,47101,50001,2900,42,True,0
Viktor Gyökeres,FWD,Arsenal,0.0,0,0,5,0,2,10.6,2,666,0.01,0.04,0.03,0.67,331,0,0,2.4,6.0,2026-04-25T16:30:00Z,56,False,15,0,0,0,0,0,34,0,1677687,0,0,0,1,7.0,1,93118,121693,28575,88,True,0
Emiliano Buendía Stati,MID,Aston Villa,0.0,0,0,10,0,2,6.8,7,50,0.02,0.06,0.04,1.01,335,1,0,1.6,6.2,2026-04-25T11:30:00Z,73,False,10,0,0,0,4,0,34,0,47158,1,1,0,1,3.0,2,-682,1149,1831,53,False,0
Benjamin Lecomte,GK,Fulham,0.0,0,0,0,0,0,0.0,0,664,0.00,0.00,0.00,0.00,335,0,0,0.0,0.0,2026-04-25T11:30:00Z,0,False,2,0,0,0,0,0,34,0,90101,0,0,0,1,0.0,0,-246,322,568,39,True,0
Ismeal Kabia,MID,Arsenal,0.0,0,0,0,0,0,0.0,0,28,0.00,0.00,0.00,0.00,331,0,0,0.0,0.0,2026-04-25T16:30:00Z,0,False,15,0,0,0,0,0,34,0,12425,0,0,0,1,0.0,0,-15,0,15,45,True,0
Isaac Hayden,MID,Newcastle,0.0,0,0,0,0,0,0.0,0,495,0.00,0.00,0.00,0.00,331,0,0,0.0,0.0,2026-04-25T16:30:00Z,0,False,1,0,0,0,0,0,34,0,760,0,0,0,1,0.0,0,0,0,0,45,False,0
Jurriën Timber,DEF,Arsenal,0.0,0,0,0,0,0,0.0,0,8,0.00,0.00,0.00,0.00,331,0,0,0.0,0.0,2026-04-25T16:30:00Z,0,False,15,0,0,0,0,0,34,0,2524431,0,0,0,1,0.0,0,-239928,4649,244577,61,True,0
Finlay Herrick,GK,West Ham,0.0,0,0,0,0,0,0.0,0,825,0.00,0.00,0.00,0.00,339,0,0,0.0,0.0,2026-04-25T14:00:00Z,0,False,9,0,0,0,0,0,34,0,712,0,0,1,2,0.0,0,77,96,19,40,True,0
Maxence Lacroix,DEF,Crystal Palace,0.0,0,0,9,0,10,0.7,11,257,0.01,0.23,0.22,1.15,336,3,0,5.9,30.2,2026-04-25T14:00:00Z,90,False,12,0,0,0,2,0,34,0,728495,1,1,1,3,28.0,3,67382,87165,19783,51,False,0
Benjamin Fredrick,DEF,Brentford,0.0,0,0,0,0,0,0.0,0,115,0.00,0.00,0.00,0.00,337,0,0,0.0,0.0,2026-04-27T19:00:00Z,0,False,14,0,0,0,0,0,34,0,9449,0,0,1,2,0.0,0,-21,0,21,40,False,0
Saša Kalajdžić,FWD,Wolves,0.0,0,0,0,0,0,0.0,0,656,0.00,0.00,0.00,0.00,340,0,0,0.0,0.0,2026-04-25T14:00:00Z,0,False,18,0,0,0,0,0,34,0,6174,0,0,1,0,0.0,0,-3,0,3,49,True,0
Michael Keane,DEF,Everton,0.0,0,0,4,0,6,0.9,6,295,0.01,0.01,0.00,1.17,339,2,0,2.1,20.2,2026-04-25T14:00:00Z,90,False,19,0,0,0,2,0,34,0,390250,1,0,1,2,0.0,1,7366,23731,16365,45,False,0
Jenson Jones,DEF,Sunderland,0.0,0,0,0,0,0,0.0,0,774,0.00,0.00,0.00,0.00,338,0,0,0.0,0.0,2026-04-24T19:00:00Z,0,False,16,0,0,0,0,0,34,0,3070,0,0,5,0,0.0,0,31,92,61,40,True,0
Jean-Clair Todibo,DEF,West Ham,0.0,0,0,3,0,1,0.0,1,609,0.00,0.00,0.00,0.05,339,0,0,0.2,2.0,2026-04-25T14:00:00Z,1,False,9,0,0,0,0,0,34,0,12923,0,0,1,2,0.0,1,-19,134,153,43,True,0
Joelinton Cássio Apolinário de Lira,MID,Newcastle,0.0,0,0,0,0,0,0.0,0,490,0.00,0.00,0.00,0.00,331,0,0,0.0,0.0,2026-04-25T16:30:00Z,0,False,1,0,0,0,0,0,34,0,36729,0,0,0,1,0.0,0,-1361,37,1398,59,False,0
Mohamadou Kanté,MID,West Ham,0.0,0,0,0,0,0,0.0,0,758,0.00,0.00,0.00,0.00,339,0,0,0.0,0.0,2026-04-25T14:00:00Z,0,False,9,0,0,0,0,0,34,0,1847,0,0,1,2,0.0,0,50,109,59,45,True,0
Nordi Mukiele,DEF,Sunderland,0.0,0,0,-8,0,1,20.3,2,694,0.10,0.10,0.00,1.10,338,5,0,3.8,11.2,2026-04-24T19:00:00Z,90,False,16,0,0,0,3,0,34,0,1439365,1,1,5,0,6.0,0,236255,252397,16142,46,True,0
Kevin Danso,DEF,Spurs,0.0,0,0,26,1,7,21.8,8,570,0.03,0.03,0.00,0.70,340,0,0,5.1,24.8,2026-04-25T14:00:00Z,90,False,20,0,0,0,1,0,34,0,38234,1,1,1,0,4.0,5,3560,4156,596,42,False,1
Adam Aznou,DEF,Everton,0.0,0,0,0,0,0,0.0,0,667,0.00,0.00,0.00,0.00,339,0,0,0.0,0.0,2026-04-25T14:00:00Z,0,False,19,0,0,0,0,0,34,0,7449,0,0,1,2,0.0,0,30,68,38,42,False,0
Ben Davies,DEF,Spurs,0.0,0,0,0,0,0,0.0,0,571,0.00,0.00,0.00,0.00,340,0,0,0.0,0.0,2026-04-25T14:00:00Z,0,False,20,0,0,0,0,0,34,0,8451,0,0,1,0,0.0,0,-23,12,35,43,False,0
Trai Hume,DEF,Sunderland,0.0,0,0,-6,0,8,16.4,9,532,0.09,0.11,0.02,1.10,338,5,0,4.2,20.2,2026-04-24T19:00:00Z,90,False,16,1,0,0,3,0,34,0,48290,1,1,5,0,5.0,-2,3252,4061,809,45,True,0
Tom Cairney,MID,Fulham,0.0,0,0,0,0,0,0.0,0,331,0.00,0.00,0.00,0.00,335,0,0,0.0,0.0,2026-04-25T11:30:00Z,0,False,2,0,0,0,0,0,34,0,4237,0,0,0,1,0.0,0,50,91,41,48,True,0
Calvin Bassey,DEF,Fulham,0.0,0,0,25,1,5,1.2,6,318,0.01,0.01,0.00,0.93,335,0,0,1.7,16.0,2026-04-25T11:30:00Z,90,False,2,0,0,0,4,0,34,0,86616,1,1,0,1,0.0,6,1316,4681,3365,44,True,0
Alfie McNally,GK,Fulham,0.0,0,0,0,0,0,0.0,0,786,0.00,0.00,0.00,0.00,335,0,0,0.0,0.0,2026-04-25T11:30:00Z,0,False,2,0,0,0,0,0,34,0,1813,0,0,0,1,0.0,0,68,113,45,40,True,0
Yehor Yarmoliuk,MID,Brentford,0.0,0,0,16,0,5,6.2,15,129,0.02,0.02,0.00,1.27,337,2,0,2.7,18.8,2026-04-27T19:00:00Z,90,False,14,0,0,0,7,0,34,0,13289,1,3,1,2,2.0,4,151,536,385,50,False,0
Norberto Bercique Gomes Betuncal,FWD,Everton,0.0,0,0,0,0,0,0.0,0,311,0.00,0.00,0.00,0.00,339,0,0,0.0,0.0,2026-04-25T14:00:00Z,0,False,19,0,0,0,0,0,34,0,447885,0,0,1,2,0.0,0,37447,64738,27291,50,False,0
Christian Nørgaard,MID,Arsenal,0.0,0,0,0,0,0,0.0,0,24,0.00,0.00,0.00,0.00,331,0,0,0.0,0.0,2026-04-25T16:30:00Z,0,False,15,0,0,0,0,0,34,0,17117,0,0,0,1,0.0,0,-7,69,76,51,True,0
Dan Ndoye,MID,Nott'm Forest,0.0,0,0,0,0,0,0.0,0,669,0.00,0.00,0.00,0.00,338,0,0,0.0,0.0,2026-04-24T19:00:00Z,0,False,17,0,0,0,0,0,34,0,89089,0,0,5,0,0.0,0,31,257,226,55,False,0
Soungoutou Magassa,MID,West Ham,0.0,0,0,0,0,0,0.0,0,718,0.00,0.00,0.00,0.00,339,0,0,0.0,0.0,2026-04-25T14:00:00Z,0,False,9,0,0,0,0,0,34,0,3536,0,0,1,2,0.0,0,-8,40,48,50,True,0
Bradley Burrowes,MID,Aston Villa,0.0,0,0,0,0,0,0.0,0,702,0.00,0.00,0.00,0.00,335,0,0,0.0,0.0,2026-04-25T11:30:00Z,0,False,10,0,0,0,0,0,34,0,14392,0,0,0,1,0.0,0,847,1213,366,43,False,0
Martin Sherif,FWD,Everton,0.0,0,0,0,0,0,0.0,0,313,0.00,0.00,0.00,0.00,339,0,0,0.0,0.0,2026-04-25T14:00:00Z,0,False,19,0,0,0,0,0,34,0,14892,0,0,1,2,0.0,0,-35,0,35,44,False,0
Martin Ødegaard,MID,Arsenal,0.0,0,0,19,1,0,43.6,8,17,0.20,0.23,0.03,1.00,331,0,0,7.6,19.2,2026-04-25T16:30:00Z,90,False,15,0,0,0,6,0,34,0,217143,1,2,0,1,13.0,3,9219,10181,962,78,True,0
Romain Esse,MID,Crystal Palace,0.0,0,0,0,0,0,0.0,0,269,0.00,0.00,0.00,0.00,336,0,0,0.0,0.0,2026-04-25T14:00:00Z,0,False,12,0,0,0,0,0,34,0,14343,0,0,1,3,0.0,0,-42,0,42,47,False,0
João Victor de Souza Menezes,DEF,Spurs,0.0,0,0,0,0,0,0.0,0,804,0.00,0.00,0.00,0.00,340,0,0,0.0,0.0,2026-04-25T14:00:00Z,0,False,20,0,0,0,0,0,34,0,2961,0,0,1,0,0.0,0,-66,81,147,40,False,0
Mark Travers,GK,Everton,0.0,0,0,0,0,0,0.0,0,288,0.00,0.00,0.00,0.00,339,0,0,0.0,0.0,2026-04-25T14:00:00Z,0,False,19,0,0,0,0,0,34,0,15298,0,0,1,2,0.0,0,84,156,72,42,False,0
Altay Bayındır,GK,Man Utd,0.0,0,0,0,0,0,0.0,0,431,0.00,0.00,0.00,0.00,337,0,0,0.0,0.0,2026-04-27T19:00:00Z,0,False,5,0,0,0,0,0,34,0,41332,0,0,1,2,0.0,0,83,321,238,47,True,0
Rodrigo Martins Gomes,DEF,Wolves,0.0,0,0,15,1,0,0.7,0,635,0.00,0.03,0.03,0.28,340,0,0,0.5,0.0,2026-04-25T14:00:00Z,70,False,18,0,0,0,1,0,34,0,10555,1,0,1,0,5.0,6,40,402,362,44,True,0
Yerson Mosquera Valdelamar,DEF,Wolves,0.0,0,0,0,0,0,0.0,0,634,0.00,0.00,0.00,0.00,340,0,0,0.0,0.0,2026-04-25T14:00:00Z,0,False,18,0,0,0,0,0,34,0,10953,0,0,1,0,0.0,0,-1087,43,1130,43,True,0
Iliman Ndiaye,MID,Everton,0.0,0,0,12,0,1,5.5,3,299,0.03,0.22,0.19,1.17,339,2,0,2.2,5.6,2026-04-25T14:00:00Z,90,False,19,0,0,0,2,0,34,0,709500,1,0,1,2,11.0,2,66678,75241,8563,62,False,0
Tyler Fletcher,MID,Man Utd,0.0,0,0,0,0,0,0.0,0,771,0.00,0.00,0.00,0.00,337,0,0,0.0,0.0,2026-04-27T19:00:00Z,0,False,5,0,0,0,0,0,34,0,1478,0,0,1,2,0.0,0,-38,23,61,44,True,0
Morgan Rogers,MID,Aston Villa,0.0,0,0,-2,0,0,6.6,2,47,0.02,0.17,0.15,1.18,335,1,0,2.2,0.0,2026-04-25T11:30:00Z,90,False,10,0,0,0,1,0,34,0,3445455,1,1,0,1,18.0,2,326417,362562,36145,74,False,0
Reiss Nelson,MID,Brentford,0.0,1,0,13,0,0,14.3,1,27,0.02,0.02,0.00,0.02,337,0,0,3.9,20.4,2026-04-27T19:00:00Z,17,False,14,0,0,0,0,0,34,0,12148,0,1,1,2,4.0,4,16,72,56,48,False,0
Dan Burn,DEF,Newcastle,0.0,0,0,10,0,10,4.4,12,476,0.01,0.12,0.11,0.49,331,1,0,6.0,28.4,2026-04-25T16:30:00Z,90,False,1,0,0,0,4,0,34,0,446657,1,2,0,1,27.0,3,-1738,3555,5293,50,False,1
Andreas Hoelgebaum Pereira,MID,Fulham,0.0,0,0,0,0,0,0.0,0,327,0.00,0.00,0.00,0.00,335,0,0,0.0,0.0,2026-04-25T11:30:00Z,0,False,2,0,0,0,0,0,34,0,7523,0,0,0,1,0.0,0,-5,0,5,53,True,0
Lewis Miley,MID,Newcastle,0.0,0,0,15,0,3,9.8,8,497,0.03,0.03,0.00,0.49,331,1,0,2.2,10.2,2026-04-25T16:30:00Z,90,False,1,0,0,0,4,0,34,0,256756,1,1,0,1,2.0,2,2964,8863,5899,44,False,0
Ahmed Abdullahi,FWD,Sunderland,0.0,0,0,0,0,0,0.0,0,562,0.00,0.00,0.00,0.00,338,0,0,0.0,0.0,2026-04-24T19:00:00Z,0,False,16,0,0,0,0,0,34,0,59586,0,0,5,0,0.0,0,-45,854,899,42,True,0
James McConnell,MID,Liverpool,0.0,0,0,0,0,0,0.0,0,394,0.00,0.00,0.00,0.00,336,0,0,0.0,0.0,2026-04-25T14:00:00Z,0,False,8,0,0,0,0,0,34,0,2585,0,0,1,3,0.0,0,-5,0,5,44,True,0
Brayden Clarke,DEF,Arsenal,0.0,0,0,0,0,0,0.0,0,13,0.00,0.00,0.00,0.00,331,0,0,0.0,0.0,2026-04-25T16:30:00Z,0,False,15,0,0,0,0,0,34,0,74251,0,0,0,1,0.0,0,1062,1860,798,37,True,0
Emil Krafth,DEF,Newcastle,0.0,0,0,0,0,0,0.0,0,479,0.00,0.00,0.00,0.00,331,0,0,0.0,0.0,2026-04-25T16:30:00Z,0,False,1,0,0,0,0,0,34,0,4742,0,0,0,1,0.0,0,-12,16,28,43,False,0
Boubacar Kamara,MID,Aston Villa,0.0,0,0,0,0,0,0.0,0,58,0.00,0.00,0.00,0.00,335,0,0,0.0,0.0,2026-04-25T11:30:00Z,0,False,10,0,0,0,0,0,34,0,22315,0,0,0,1,0.0,0,-246,24,270,49,False,0
Hugo Ekitiké,FWD,Liverpool,0.0,0,0,0,0,0,0.0,0,661,0.00,0.00,0.00,0.00,336,0,0,0.0,0.0,2026-04-25T14:00:00Z,0,False,8,0,0,0,0,0,34,0,2385219,0,0,1,3,0.0,0,-547079,279,547358,91,True,0
Amara Nallo,DEF,Liverpool,0.0,0,0,0,0,0,0.0,0,378,0.00,0.00,0.00,0.00,336,0,0,0.0,0.0,2026-04-25T14:00:00Z,0,False,8,0,0,0,0,0,34,0,123264,0,0,1,3,0.0,0,-3412,725,4137,37,True,0
Andrew Robertson,DEF,Liverpool,0.0,0,0,26,0,2,16.7,2,372,0.09,0.46,0.37,2.26,336,1,1,7.7,43.0,2026-04-25T14:00:00Z,86,False,8,0,0,0,1,0,34,0,138029,1,0,1,3,17.0,8,3271,4016,745,57,True,0
Seung-Soo Park,MID,Newcastle,0.0,0,0,0,0,0,0.0,0,689,0.00,0.00,0.00,0.00,331,0,0,0.0,0.0,2026-04-25T16:30:00Z,0,False,1,0,0,0,0,0,34,0,65259,0,0,0,1,0.0,0,-1112,667,1779,43,False,0
Randal Kolo Muani,FWD,Spurs,0.0,0,0,2,0,0,4.3,5,726,0.01,0.05,0.04,0.13,340,0,0,0.9,0.0,2026-04-25T14:00:00Z,45,False,20,0,0,0,4,0,34,0,60395,1,1,1,0,5.0,1,5643,7275,1632,69,False,0
Joe Gauci,GK,Aston Villa,0.0,0,0,0,0,0,0.0,0,34,0.00,0.00,0.00,0.00,335,0,0,0.0,0.0,2026-04-25T11:30:00Z,0,False,10,0,0,0,0,0,34,0,11334,0,0,0,1,0.0,0,-57,0,57,40,False,0
Callum Hudson-Odoi,MID,Nott'm Forest,0.0,0,0,0,0,0,0.0,0,516,0.00,0.00,0.00,0.00,338,0,0,0.0,0.0,2026-04-24T19:00:00Z,0,False,17,0,0,0,0,0,34,0,83724,0,0,5,0,0.0,0,-5870,69,5939,57,False,0
Jun'ai Byfield,DEF,Spurs,0.0,0,0,0,0,0,0.0,0,745,0.00,0.00,0.00,0.00,340,0,0,0.0,0.0,2026-04-25T14:00:00Z,0,False,20,0,0,0,0,0,34,0,5077,0,0,1,0,0.0,0,-26,38,64,40,False,0
Guido Rodríguez,MID,West Ham,0.0,0,0,0,0,0,0.0,0,618,0.00,0.00,0.00,0.00,339,0,0,0.0,0.0,2026-04-25T14:00:00Z,0,False,9,0,0,0,0,0,34,0,5230,0,0,1,2,0.0,0,-13,0,13,48,True,0
Kepa Arrizabalaga Revuelta,GK,Arsenal,0.0,0,0,0,0,0,0.0,0,2,0.00,0.00,0.00,0.00,331,0,0,0.0,0.0,2026-04-25T16:30:00Z,0,False,15,0,0,0,0,0,34,0,52476,0,0,0,1,0.0,0,73,381,308,40,True,0
Youssef Ramalho Chermiti,FWD,Everton,0.0,0,0,0,0,0,0.0,0,312,0.00,0.00,0.00,0.00,339,0,0,0.0,0.0,2026-04-25T14:00:00Z,0,False,19,0,0,0,0,0,34,0,8247,0,0,1,2,0.0,0,-4,0,4,49,False,0
Yang Min-hyeok,MID,Spurs,0.0,0,0,0,0,0,0.0,0,594,0.00,0.00,0.00,0.00,340,0,0,0.0,0.0,2026-04-25T14:00:00Z,0,False,20,0,0,0,0,0,34,0,1403,0,0,1,0,0.0,0,-3,0,3,45,False,0
Ibrahima Konaté,DEF,Liverpool,0.0,0,0,25,0,10,0.8,10,374,0.00,0.00,0.00,2.26,336,1,0,2.9,28.0,2026-04-25T14:00:00Z,90,False,8,0,0,0,3,0,34,0,585860,1,0,1,3,0.0,4,32418,43057,10639,55,True,0
Rob Holding,DEF,Crystal Palace,0.0,0,0,0,0,0,0.0,0,264,0.00,0.00,0.00,0.00,336,0,0,0.0,0.0,2026-04-25T14:00:00Z,0,False,12,0,0,0,0,0,34,0,2033,0,0,1,3,0.0,0,-4,0,4,40,False,0
Valentín Castellanos,FWD,West Ham,0.0,0,0,5,1,1,0.7,4,791,0.01,0.27,0.26,1.30,339,0,0,4.1,5.4,2026-04-25T14:00:00Z,78,False,9,0,0,0,1,0,34,0,52292,1,2,1,2,35.0,1,18923,20884,1961,55,True,1
Manor Solomon,MID,Spurs,0.0,0,0,0,0,0,0.0,0,589,0.00,0.00,0.00,0.00,340,0,0,0.0,0.0,2026-04-25T14:00:00Z,0,False,20,0,0,0,0,0,34,0,843,0,0,1,0,0.0,0,0,0,0,54,False,0
Tommy Setford,GK,Arsenal,0.0,0,0,0,0,0,0.0,0,4,0.00,0.00,0.00,0.00,331,0,0,0.0,0.0,2026-04-25T16:30:00Z,0,False,15,0,0,0,0,0,34,0,27584,0,0,0,1,0.0,0,-169,84,253,39,True,0
John Victor Maciel Furtado,GK,Nott'm Forest,0.0,0,0,0,0,0,0.0,0,715,0.00,0.00,0.00,0.00,338,0,0,0.0,0.0,2026-04-24T19:00:00Z,0,False,17,0,0,0,0,0,34,0,38196,0,0,5,0,0.0,0,-596,19,615,40,False,0
Tyrick Mitchell,DEF,Crystal Palace,0.0,0,0,-2,0,3,20.9,3,258,0.00,0.00,0.00,1.07,336,2,0,3.0,8.8,2026-04-25T14:00:00Z,45,False,12,0,0,0,2,0,34,0,304362,1,0,1,3,0.0,0,12956,19068,6112,50,False,0
Sam Proctor,GK,Aston Villa,0.0,0,0,0,0,0,0.0,0,703,0.00,0.00,0.00,0.00,335,0,0,0.0,0.0,2026-04-25T11:30:00Z,0,False,10,0,0,0,0,0,34,0,78484,0,0,0,1,0.0,0,-725,217,942,39,False,0
Harrison Jones,MID,Sunderland,0.0,0,0,0,0,0,0.0,0,557,0.00,0.00,0.00,0.00,338,0,0,0.0,0.0,2026-04-24T19:00:00Z,0,False,16,0,0,0,0,0,34,0,9130,0,0,5,0,0.0,0,-52,89,141,43,True,0
Alex Iwobi,MID,Fulham,0.0,0,0,0,0,0,0.0,0,324,0.00,0.00,0.00,0.00,335,0,0,0.0,0.0,2026-04-25T11:30:00Z,0,False,2,0,0,0,0,0,34,0,203512,0,0,0,1,0.0,0,-39202,333,39535,63,True,0
Timothy Castagne,DEF,Fulham,0.0,0,0,20,1,4,15.4,4,319,0.14,0.14,0.00,0.93,335,0,0,2.3,7.8,2026-04-25T11:30:00Z,90,False,2,0,0,0,1,0,34,0,19663,1,0,0,1,0.0,5,2179,2580,401,43,True,1
Bernd Leno,GK,Fulham,0.0,0,1,28,1,2,0.0,0,314,0.00,0.00,0.00,0.93,335,0,0,1.0,9.6,2026-04-25T11:30:00Z,90,False,2,0,0,0,6,0,34,1,265554,1,0,0,1,0.0,7,12963,18959,5996,49,True,0
Giovanni Leoni,DEF,Liverpool,0.0,0,0,0,0,0,0.0,0,692,0.00,0.00,0.00,0.00,336,0,0,0.0,0.0,2026-04-25T14:00:00Z,0,False,8,0,0,0,0,0,34,0,1811,0,0,1,3,0.0,0,5,9,4,49,True,0
Angus Gunn,GK,Nott'm Forest,0.0,0,0,0,0,0,0.0,0,675,0.00,0.00,0.00,0.00,338,0,0,0.0,0.0,2026-04-24T19:00:00Z,0,False,17,0,0,0,0,0,34,0,147100,0,0,5,0,0.0,0,-206,278,484,40,False,0
Cody Gakpo,MID,Liverpool,0.0,0,0,4,0,0,2.8,1,384,0.02,0.02,0.00,2.26,336,1,0,1.5,0.0,2026-04-25T14:00:00Z,90,False,8,0,0,0,1,0,34,0,863721,1,0,1,3,12.0,2,36304,44203,7899,73,True,0
George Earthy,MID,West Ham,0.0,0,0,0,0,0,0.0,0,620,0.00,0.00,0.00,0.00,339,0,0,0.0,0.0,2026-04-25T14:00:00Z,0,False,9,0,0,0,0,0,34,0,5250,0,0,1,2,0.0,0,-17,0,17,45,True,0
Benjamin Arthur,DEF,Brentford,0.0,0,0,0,0,0,0.0,0,114,0.00,0.00,0.00,0.00,337,0,0,0.0,0.0,2026-04-27T19:00:00Z,0,False,14,0,0,0,0,0,34,0,23820,0,0,1,2,0.0,0,-182,0,182,38,False,0
Adam Wharton,MID,Crystal Palace,0.0,0,0,22,0,3,35.5,8,273,0.43,0.43,0.00,1.15,336,3,0,5.6,16.4,2026-04-25T14:00:00Z,90,False,12,0,0,0,5,0,34,0,73273,1,0,1,3,4.0,2,-2923,780,3703,50,False,0
Tyler Fredricson,DEF,Man Utd,0.0,0,0,0,0,0,0.0,0,446,0.00,0.00,0.00,0.00,337,0,0,0.0,0.0,2026-04-27T19:00:00Z,0,False,5,0,0,0,0,0,34,0,23083,0,0,1,2,0.0,0,172,454,282,37,True,0
Ross Barkley,MID,Aston Villa,0.0,0,0,3,0,0,0.4,1,55,0.00,0.00,0.00,0.17,335,0,0,0.1,1.0,2026-04-25T11:30:00Z,16,False,10,0,0,0,1,0,34,0,12250,0,0,0,1,0.0,1,-36,539,575,48,False,0
James Wilson,FWD,Spurs,0.0,0,0,0,0,0,0.0,0,818,0.00,0.00,0.00,0.00,340,0,0,0.0,0.0,2026-04-25T14:00:00Z,0,False,20,0,0,0,0,0,34,0,5107,0,0,1,0,0.0,0,437,774,337,45,False,0
Chris Richards,DEF,Crystal Palace,0.0,0,0,-2,0,6,0.6,6,261,0.00,0.62,0.62,1.15,336,3,0,1.8,10.6,2026-04-25T14:00:00Z,90,False,12,0,0,0,3,0,34,0,314994,1,0,1,3,7.0,1,10121,21388,11267,44,False,0
Jacob Murphy,MID,Newcastle,0.0,0,0,7,0,0,2.9,4,489,0.01,0.01,0.00,0.20,331,1,0,0.4,0.8,2026-04-25T16:30:00Z,65,False,1,0,0,0,3,0,34,0,81058,1,1,0,1,0.0,2,-695,566,1261,59,False,0
Ryan Gravenberch,MID,Liverpool,0.0,0,0,1,0,0,0.1,1,390,0.00,0.00,0.00,0.30,336,0,0,0.0,0.0,2026-04-25T14:00:00Z,11,False,8,0,0,0,1,0,34,0,534256,0,0,1,3,0.0,1,-12330,8145,20475,55,True,0
Naouirou Ahamada,MID,Crystal Palace,0.0,0,0,0,0,0,0.0,0,275,0.00,0.00,0.00,0.00,336,0,0,0.0,0.0,2026-04-25T14:00:00Z,0,False,12,0,0,0,0,0,34,0,4542,0,0,1,3,0.0,0,-31,0,31,43,False,0
Danny Imray,DEF,Crystal Palace,0.0,0,0,0,0,0,0.0,0,798,0.00,0.00,0.00,0.00,336,0,0,0.0,0.0,2026-04-25T14:00:00Z,0,False,12,0,0,0,0,0,34,0,306,0,0,1,3,0.0,0,-5,0,5,40,False,0
Melker Ellborg,GK,Sunderland,0.0,0,0,0,0,0,0.0,0,812,0.00,0.00,0.00,0.00,338,0,0,0.0,0.0,2026-04-24T19:00:00Z,0,False,16,0,0,0,0,0,34,0,21337,0,0,5,0,0.0,0,-670,1128,1798,40,True,0
Jake O'Brien,DEF,Everton,0.0,0,0,3,0,4,11.2,6,293,0.05,0.05,0.00,0.80,339,1,0,2.4,11.2,2026-04-25T14:00:00Z,64,False,19,0,0,0,2,0,34,0,97859,1,2,1,2,2.0,1,7726,9976,2250,49,False,1
Gabriel Martinelli Silva,MID,Arsenal,0.0,0,0,1,0,0,12.3,4,19,0.01,0.13,0.12,0.64,331,0,0,3.9,5.0,2026-04-25T16:30:00Z,37,False,15,0,0,0,3,0,34,0,117493,0,1,0,1,22.0,0,401,1610,1209,68,True,1
Ezra Mayers,DEF,West Ham,0.0,0,0,0,0,0,0.0,0,747,0.00,0.00,0.00,0.00,339,0,0,0.0,0.0,2026-04-25T14:00:00Z,0,False,9,0,0,0,0,0,34,0,4982,0,0,1,2,0.0,0,45,95,50,40,True,0
Jay Matete,MID,Sunderland,0.0,0,0,0,0,0,0.0,0,558,0.00,0.00,0.00,0.00,338,0,0,0.0,0.0,2026-04-24T19:00:00Z,0,False,16,0,0,0,0,0,34,0,20604,0,0,5,0,0.0,0,-175,0,175,43,True,0
João Pedro Ferreira da Silva,MID,Nott'm Forest,0.0,0,0,0,0,0,0.0,0,518,0.00,0.00,0.00,0.00,338,0,0,0.0,0.0,2026-04-24T19:00:00Z,0,False,17,0,0,0,0,0,34,0,4839,0,0,5,0,0.0,0,-3,0,3,54,False,0
Darwin Núñez Ribeiro,FWD,Liverpool,0.0,0,0,0,0,0,0.0,0,397,0.00,0.00,0.00,0.00,336,0,0,0.0,0.0,2026-04-25T14:00:00Z,0,False,8,0,0,0,0,0,34,0,7979,0,0,1,3,0.0,0,-4,0,4,65,True,0
Nazarii Rusyn,FWD,Sunderland,0.0,0,0,0,0,0,0.0,0,564,0.00,0.00,0.00,0.00,338,0,0,0.0,0.0,2026-04-24T19:00:00Z,0,False,16,0,0,0,0,0,34,0,10447,0,0,5,0,0.0,0,-14,0,14,44,True,0
Blondy Nna Noukeu,GK,Sunderland,0.0,0,0,0,0,0,0.0,0,530,0.00,0.00,0.00,0.00,338,0,0,0.0,0.0,2026-04-24T19:00:00Z,0,False,16,0,0,0,0,0,34,0,13563,0,0,5,0,0.0,0,-119,0,119,39,True,0
Andre Harriman-Annous,MID,Arsenal,0.0,0,0,0,0,0,0.0,0,711,0.00,0.00,0.00,0.00,331,0,0,0.0,0.0,2026-04-25T16:30:00Z,0,False,15,0,0,0,0,0,34,0,2068,0,0,0,1,0.0,0,2,16,14,44,True,0
Stefan Bajčetić Maquieira,MID,Liverpool,0.0,0,0,0,0,0,0.0,0,393,0.00,0.00,0.00,0.00,336,0,0,0.0,0.0,2026-04-25T14:00:00Z,0,False,8,0,0,0,0,0,34,0,19938,0,0,1,3,0.0,0,486,1739,1253,42,True,0
Eddie Nketiah,FWD,Crystal Palace,0.0,0,0,0,0,0,0.0,0,284,0.00,0.00,0.00,0.00,336,0,0,0.0,0.0,2026-04-25T14:00:00Z,0,False,12,0,0,0,0,0,34,0,36848,0,0,1,3,0.0,0,-130,82,212,54,False,0
Jenson Metcalfe,MID,Everton,0.0,0,0,0,0,0,0.0,0,309,0.00,0.00,0.00,0.00,339,0,0,0.0,0.0,2026-04-25T14:00:00Z,0,False,19,0,0,0,0,0,34,0,85,0,0,1,2,0.0,0,-1,0,1,45,False,0
Nathaniel Clyne,DEF,Crystal Palace,0.0,0,0,0,0,0,0.0,0,263,0.00,0.00,0.00,0.00,336,0,0,0.0,0.0,2026-04-25T14:00:00Z,0,False,12,0,0,0,0,0,34,0,66329,0,0,1,3,0.0,0,-1104,464,1568,38,False,0
Morgan Gibbs-White,MID,Nott'm Forest,0.0,1,2,43,1,2,19.5,9,515,0.10,0.18,0.08,0.70,338,0,1,9.9,58.8,2026-04-24T19:00:00Z,90,False,17,0,0,0,6,0,34,0,1695692,1,1,5,0,21.0,13,541122,556935,15813,75,False,0
Mohamed Salah,MID,Liverpool,0.0,0,0,1,0,0,17.3,3,381,0.03,0.12,0.09,1.36,336,0,0,2.9,1.8,2026-04-25T14:00:00Z,58,False,8,0,0,0,3,0,34,0,2555032,1,0,1,3,10.0,1,134435,139409,4974,140,True,0
Calvin Ramsay,DEF,Liverpool,0.0,0,0,0,0,0,0.0,0,380,0.00,0.00,0.00,0.00,336,0,0,0.0,0.0,2026-04-25T14:00:00Z,0,False,8,0,0,0,0,0,34,0,40500,0,0,1,3,0.0,0,986,1494,508,37,True,0
Benjamin Sesko,FWD,Man Utd,0.0,0,2,39,0,0,12.6,5,681,0.03,0.45,0.43,1.37,337,1,1,6.9,35.4,2026-04-27T19:00:00Z,87,False,5,0,0,0,5,0,34,0,822290,1,0,1,2,21.0,8,16833,46840,30007,73,True,0
Franco Umeh-Chibueze,MID,Crystal Palace,0.0,0,0,0,0,0,0.0,0,282,0.00,0.00,0.00,0.00,336,0,0,0.0,0.0,2026-04-25T14:00:00Z,0,False,12,0,0,0,0,0,34,0,1945,0,0,1,3,0.0,0,-2,0,2,45,False,0
Lutsharel Geertruida,DEF,Sunderland,0.0,0,0,0,0,0,0.0,0,724,0.00,0.00,0.00,0.00,338,0,0,0.0,0.0,2026-04-24T19:00:00Z,0,False,16,0,0,0,0,0,34,0,7225,0,0,5,0,0.0,0,27,214,187,45,True,0
Bukayo Saka,MID,Arsenal,0.0,0,0,2,0,1,10.4,1,16,0.01,0.05,0.04,0.06,331,0,0,2.2,2.2,2026-04-25T16:30:00Z,9,False,15,0,0,0,0,0,34,0,905400,0,0,0,1,9.0,1,-30859,2305,33164,98,True,0
Santiago Ignacio Bueno,DEF,Wolves,0.0,0,0,17,0,5,0.6,8,636,0.00,0.10,0.10,0.92,340,1,0,2.4,18.8,2026-04-25T14:00:00Z,90,False,18,0,0,0,2,0,34,0,20891,1,3,1,0,5.0,2,2661,3812,1151,44,True,0
Nicolás Domínguez,MID,Nott'm Forest,0.0,0,0,2,0,0,1.5,7,519,0.10,0.10,0.00,0.36,338,0,0,0.4,2.6,2026-04-24T19:00:00Z,45,False,17,0,0,0,5,0,34,0,4533,0,2,5,0,0.0,0,118,185,67,50,False,1
Remi Matthews,GK,Crystal Palace,0.0,0,0,0,0,0,0.0,0,255,0.00,0.00,0.00,0.00,336,0,0,0.0,0.0,2026-04-25T14:00:00Z,0,False,12,0,0,0,0,0,34,0,13550,0,0,1,3,0.0,0,60,132,72,39,False,0
Yasin Özcan,DEF,Aston Villa,0.0,0,0,0,0,0,0.0,0,46,0.00,0.00,0.00,0.00,335,0,0,0.0,0.0,2026-04-25T11:30:00Z,0,False,10,0,0,0,0,0,34,0,13956,0,0,0,1,0.0,0,-23,0,23,40,False,0
Temple Ojinnaka,MID,Wolves,0.0,0,0,0,0,0,0.0,0,777,0.00,0.00,0.00,0.00,340,0,0,0.0,0.0,2026-04-25T14:00:00Z,0,False,18,0,0,0,0,0,34,0,240,0,0,1,0,0.0,0,-4,0,4,45,True,0
Murillo Costa dos Santos,DEF,Nott'm Forest,0.0,0,0,0,0,0,0.0,0,506,0.00,0.00,0.00,0.00,338,0,0,0.0,0.0,2026-04-24T19:00:00Z,0,False,17,0,0,0,0,0,34,0,257613,0,0,5,0,0.0,0,-16660,456,17116,52,False,0
Aji Alese,DEF,Sunderland,0.0,0,0,0,0,0,0.0,0,533,0.00,0.00,0.00,0.00,338,0,0,0.0,0.0,2026-04-24T19:00:00Z,0,False,16,0,0,0,0,0,34,0,443,0,0,5,0,0.0,0,0,0,0,40,True,0
Kaden Rodney,MID,Crystal Palace,0.0,0,0,0,0,0,0.0,0,281,0.00,0.00,0.00,0.00,336,0,0,0.0,0.0,2026-04-25T14:00:00Z,0,False,12,0,0,0,0,0,34,0,6508,0,0,1,3,0.0,0,-3,70,73,44,False,0
Odysseas Vlachodimos,GK,Newcastle,0.0,0,0,0,0,0,0.0,0,472,0.00,0.00,0.00,0.00,331,0,0,0.0,0.0,2026-04-25T16:30:00Z,0,False,1,0,0,0,0,0,34,0,1711,0,0,0,1,0.0,0,-3,0,3,40,False,0
Yunus Emre Konak,MID,Brentford,0.0,0,0,0,0,0,0.0,0,131,0.00,0.00,0.00,0.00,337,0,0,0.0,0.0,2026-04-27T19:00:00Z,0,False,14,0,0,0,0,0,34,0,17846,0,0,1,2,0.0,0,-221,0,221,43,False,0
Kyle Walker-Peters,DEF,West Ham,0.0,0,0,15,0,3,3.2,5,659,0.01,0.01,0.00,1.45,339,1,0,1.7,14.2,2026-04-25T14:00:00Z,90,False,9,0,0,0,3,0,34,0,43834,1,2,1,2,0.0,2,4548,5066,518,42,True,0
Joe White,MID,Newcastle,0.0,0,0,0,0,0,0.0,0,498,0.00,0.00,0.00,0.00,331,0,0,0.0,0.0,2026-04-25T16:30:00Z,0,False,1,0,0,0,0,0,34,0,686,0,0,0,1,0.0,0,0,0,0,45,False,0
Sam Alabi,MID,Newcastle,0.0,0,0,0,0,0,0.0,0,772,0.00,0.00,0.00,0.00,331,0,0,0.0,0.0,2026-04-25T16:30:00Z,0,False,1,0,0,0,0,0,34,0,769,0,0,0,1,0.0,0,-5,36,41,45,False,0
Tyrell Malacia,DEF,Man Utd,0.0,0,0,0,0,0,0.0,0,448,0.00,0.00,0.00,0.00,337,0,0,0.0,0.0,2026-04-27T19:00:00Z,0,False,5,0,0,0,0,0,34,0,80025,0,0,1,2,0.0,0,2804,4339,1535,37,True,0
Ian Maatsen,DEF,Aston Villa,0.0,0,0,0,0,0,0.0,0,39,0.00,0.00,0.00,0.00,335,0,0,0.0,0.0,2026-04-25T11:30:00Z,0,False,10,0,0,0,0,0,34,0,79431,0,0,0,1,0.0,0,2300,3535,1235,42,False,0
Enso González Medina,MID,Wolves,0.0,0,0,0,0,0,0.0,0,652,0.00,0.00,0.00,0.00,340,0,0,0.0,0.0,2026-04-25T14:00:00Z,0,False,18,0,0,0,0,0,34,0,163025,0,0,1,0,0.0,0,-1257,723,1980,43,True,0
James Maddison,MID,Spurs,0.0,0,0,0,0,0,0.0,0,581,0.00,0.00,0.00,0.00,340,0,0,0.0,0.0,2026-04-25T14:00:00Z,0,False,20,0,0,0,0,0,34,0,18623,0,0,1,0,0.0,0,1977,2231,254,68,False,0
Wes Foderingham,GK,West Ham,0.0,0,0,0,0,0,0.0,0,601,0.00,0.00,0.00,0.00,339,0,0,0.0,0.0,2026-04-25T14:00:00Z,0,False,9,0,0,0,0,0,34,0,28760,0,0,1,2,0.0,0,-92,0,92,40,True,0
Kobbie Mainoo,MID,Man Utd,0.0,0,0,25,0,5,12.3,14,458,0.33,0.33,0.00,1.43,337,1,0,4.4,25.2,2026-04-27T19:00:00Z,90,False,5,0,0,0,5,0,34,0,134726,1,4,1,2,6.0,4,-1845,3685,5530,47,True,0
Ryan Yates,MID,Nott'm Forest,0.0,0,0,3,0,5,0.5,6,522,0.00,0.00,0.00,0.31,338,0,0,0.7,6.8,2026-04-24T19:00:00Z,23,False,17,0,0,0,0,0,34,0,8630,0,1,5,0,0.0,0,112,199,87,47,False,1
Luka Bentt,MID,Brentford,0.0,0,0,0,0,0,0.0,0,810,0.00,0.00,0.00,0.00,337,0,0,0.0,0.0,2026-04-27T19:00:00Z,0,False,14,0,0,0,0,0,34,0,495,0,0,1,2,0.0,0,-5,20,25,45,False,0
Kevin Schade,MID,Brentford,0.0,0,0,7,0,1,1.8,4,120,0.01,0.01,0.00,1.26,337,2,0,0.6,0.4,2026-04-27T19:00:00Z,72,False,14,0,0,0,3,0,34,0,217011,1,0,1,2,4.0,2,-7983,8574,16557,70,False,0
David Møller Wolfe,DEF,Wolves,0.0,0,0,3,0,0,0.0,0,682,0.00,0.00,0.00,0.00,340,0,0,0.0,0.0,2026-04-25T14:00:00Z,1,False,18,0,0,0,0,0,34,0,8473,0,0,1,0,0.0,1,-12,57,69,42,True,0
Arthur Masuaku,DEF,Sunderland,0.0,0,0,0,0,0,0.0,0,678,0.00,0.00,0.00,0.00,338,0,0,0.0,0.0,2026-04-24T19:00:00Z,0,False,16,0,0,0,0,0,34,0,61285,0,0,5,0,0.0,0,-294,0,294,39,True,0
Filip Marschall,GK,Aston Villa,0.0,0,0,0,0,0,0.0,0,35,0.00,0.00,0.00,0.00,335,0,0,0.0,0.0,2026-04-25T11:30:00Z,0,False,10,0,0,0,0,0,34,0,1049,0,0,0,1,0.0,0,-5,0,5,40,False,0
Keiber Lamadrid,MID,West Ham,0.0,0,0,0,0,0,0.0,0,802,0.00,0.00,0.00,0.00,339,0,0,0.0,0.0,2026-04-25T14:00:00Z,0,False,9,0,0,0,0,0,34,0,783,0,0,1,2,0.0,0,32,51,19,50,True,0
Joe Gomez,DEF,Liverpool,0.0,0,0,6,0,2,0.0,3,376,0.00,0.00,0.00,0.00,336,0,0,0.4,4.0,2026-04-25T14:00:00Z,3,False,8,0,0,0,0,0,34,0,19259,0,1,1,3,0.0,1,-285,67,352,49,True,0
Felipe Rodrigues da Silva,DEF,Nott'm Forest,0.0,0,0,6,0,6,0.1,7,511,0.00,0.00,0.00,0.36,338,0,0,1.3,12.6,2026-04-24T19:00:00Z,40,False,17,0,0,0,0,0,34,0,11152,0,1,5,0,0.0,1,48,135,87,43,False,0
Mohammed Kudus,MID,Spurs,0.0,0,0,0,0,0,0.0,0,582,0.00,0.00,0.00,0.00,340,0,0,0.0,0.0,2026-04-25T14:00:00Z,0,False,20,0,0,0,0,0,34,0,1207137,0,0,1,0,0.0,0,-2833,49,2882,64,False,0
Richarlison de Andrade,FWD,Spurs,0.0,1,0,6,0,1,11.3,3,597,0.00,0.08,0.08,0.58,340,0,0,3.8,21.2,2026-04-25T14:00:00Z,50,False,20,0,0,0,0,0,34,0,760130,0,2,1,0,5.0,4,17867,27017,9150,63,False,0
Michael Kayode,DEF,Brentford,0.0,0,0,3,0,3,1.9,4,110,0.02,0.58,0.56,1.27,337,2,0,3.2,11.2,2026-04-27T19:00:00Z,90,False,14,0,0,0,6,0,34,0,154424,1,1,1,2,19.0,1,7652,15347,7695,46,False,0
Granit Xhaka,MID,Sunderland,0.0,0,0,16,0,2,30.7,6,668,0.40,0.46,0.06,1.10,338,5,0,5.2,16.2,2026-04-24T19:00:00Z,90,False,16,0,0,0,2,0,34,0,429729,1,2,5,0,5.0,1,6799,11986,5187,51,True,1
Mikkel Damsgaard,MID,Brentford,0.0,0,0,18,0,2,34.3,7,121,0.44,0.55,0.11,1.27,337,2,0,8.3,15.4,2026-04-27T19:00:00Z,90,False,14,0,0,0,5,0,34,0,98431,1,0,1,2,33.0,2,-3357,1671,5028,56,False,0
Albert Sambi Lokonga,MID,Arsenal,0.0,0,0,0,0,0,0.0,0,29,0.00,0.00,0.00,0.00,331,0,0,0.0,0.0,2026-04-25T16:30:00Z,0,False,15,0,0,0,0,0,34,0,6310,0,0,0,1,0.0,0,-10,0,10,45,True,0
Declan Rice,MID,Arsenal,0.0,0,0,5,1,2,4.8,3,21,0.02,0.02,0.00,1.00,331,0,0,1.3,4.2,2026-04-25T16:30:00Z,90,False,15,0,0,0,1,0,34,0,3322606,1,0,0,1,4.0,2,74755,151250,76495,72,True,1
Mathias Jensen,MID,Brentford,0.0,0,1,34,0,3,27.3,12,126,0.40,0.46,0.06,1.27,337,2,1,8.3,48.0,2026-04-27T19:00:00Z,90,False,14,0,0,0,9,0,34,0,13244,1,0,1,2,8.0,10,-21,565,586,49,False,0
Joachim Andersen,DEF,Fulham,0.0,0,3,36,1,11,11.2,15,317,0.01,0.01,0.00,0.93,335,0,0,4.0,28.6,2026-04-25T11:30:00Z,90,False,2,0,0,0,2,0,34,0,597887,1,4,0,1,0.0,11,-3305,18495,21800,45,True,0
Jim Thwaites,MID,Man Utd,0.0,0,0,0,0,0,0.0,0,827,0.00,0.00,0.00,0.00,337,0,0,0.0,0.0,2026-04-27T19:00:00Z,0,False,5,0,0,0,0,0,34,0,65,0,0,1,2,0.0,0,18,20,2,45,True,0
James Garner,MID,Everton,0.0,0,0,14,0,3,21.8,14,303,0.05,0.05,0.00,1.17,339,2,0,4.1,17.6,2026-04-25T14:00:00Z,90,False,19,0,0,0,6,0,34,0,566739,1,5,1,2,2.0,3,23622,46498,22876,53,False,1
Joshua Zirkzee,FWD,Man Utd,0.0,0,0,2,0,0,0.3,1,466,0.00,0.00,0.00,0.06,337,0,0,0.1,1.0,2026-04-27T19:00:00Z,2,False,5,0,0,0,0,0,34,0,53548,0,1,1,2,0.0,0,161,472,311,58,True,1
Jayden Meghoma,DEF,Brentford,0.0,0,0,0,0,0,0.0,0,118,0.00,0.00,0.00,0.00,337,0,0,0.0,0.0,2026-04-27T19:00:00Z,0,False,14,0,0,0,0,0,34,0,5236,0,0,1,2,0.0,0,-8,0,8,40,False,0
Conor Bradley,DEF,Liverpool,0.0,0,0,0,0,0,0.0,0,375,0.00,0.00,0.00,0.00,336,0,0,0.0,0.0,2026-04-25T14:00:00Z,0,False,8,0,0,0,0,0,34,0,18836,0,0,1,3,0.0,0,-54,10,64,49,True,0
Igor Thiago Nascimento Rodrigues,FWD,Brentford,0.0,0,0,-2,0,1,24.8,4,136,0.03,0.03,0.00,1.27,337,2,0,4.2,7.2,2026-04-27T19:00:00Z,90,False,14,0,0,0,2,0,34,0,4660864,1,1,1,2,10.0,1,130811,231110,100299,74,False,1
Florian Wirtz,MID,Liverpool,0.0,0,1,28,0,2,7.3,5,382,0.17,0.25,0.08,2.26,336,1,1,8.3,39.4,2026-04-25T14:00:00Z,90,False,8,0,0,0,3,0,34,0,1229157,1,0,1,3,36.0,8,21885,39219,17334,83,True,0
Leandro Trossard,MID,Arsenal,0.0,0,0,0,0,0,0.0,0,20,0.00,0.00,0.00,0.00,331,0,0,0.0,0.0,2026-04-25T16:30:00Z,0,False,15,0,0,0,0,0,34,0,100389,0,0,0,1,0.0,0,1389,3516,2127,65,True,0
William Saliba,DEF,Arsenal,0.0,0,1,28,1,5,1.9,6,6,0.01,0.01,0.00,1.00,331,0,0,1.7,14.6,2026-04-25T16:30:00Z,90,False,15,0,0,0,3,0,34,0,1955066,1,1,0,1,0.0,7,91649,109799,18150,61,True,0
Harry Amass,DEF,Man Utd,0.0,0,0,0,0,0,0.0,0,445,0.00,0.00,0.00,0.00,337,0,0,0.0,0.0,2026-04-27T19:00:00Z,0,False,5,0,0,0,0,0,34,0,8615,0,0,1,2,0.0,0,-17,0,17,40,True,0
Cheick Doucouré,MID,Crystal Palace,0.0,0,0,0,0,0,0.0,0,268,0.00,0.00,0.00,0.00,336,0,0,0.0,0.0,2026-04-25T14:00:00Z,0,False,12,0,0,0,0,0,34,0,433,0,0,1,3,0.0,0,21,32,11,49,False,0
Anthony Elanga,MID,Newcastle,0.0,0,0,3,0,0,0.6,1,486,0.00,0.00,0.00,0.03,331,0,0,0.1,0.2,2026-04-25T16:30:00Z,4,False,1,0,0,0,1,0,34,0,349100,0,0,0,1,0.0,1,-18,2249,2267,65,False,0
Noni Madueke,MID,Arsenal,0.0,0,0,5,1,0,14.3,3,18,0.17,0.20,0.03,0.94,331,0,0,4.0,4.8,2026-04-25T16:30:00Z,80,False,15,0,0,0,3,0,34,0,108687,1,0,0,1,21.0,3,1157,3405,2248,68,True,0
Saša Lukić,MID,Fulham,0.0,1,0,21,1,3,17.0,10,332,0.04,0.33,0.29,0.93,335,0,0,5.7,16.2,2026-04-25T11:30:00Z,90,False,2,0,0,0,5,0,34,0,7470,1,2,0,1,24.0,6,113,164,51,49,True,0
Luke Rawlings,MID,Wolves,0.0,0,0,0,0,0,0.0,0,767,0.00,0.00,0.00,0.00,340,0,0,0.0,0.0,2026-04-25T14:00:00Z,0,False,18,0,0,0,0,0,34,0,969,0,0,1,0,0.0,0,4,51,47,45,True,0
Max Dowman,MID,Arsenal,0.0,0,0,0,0,0,0.0,0,700,0.00,0.00,0.00,0.00,331,0,0,0.0,0.0,2026-04-25T16:30:00Z,0,False,15,0,0,0,0,0,34,0,149732,0,0,0,1,0.0,0,3060,9474,6414,42,True,0
Stefan Ortega Moreno,GK,Nott'm Forest,0.0,0,0,0,0,0,0.0,0,400,0.00,0.00,0.00,0.00,338,0,0,0.0,0.0,2026-04-24T19:00:00Z,0,False,17,0,0,0,0,0,34,0,25486,0,0,5,0,0.0,0,128,637,509,47,False,0
Joe Willock,MID,Newcastle,0.0,0,0,14,0,1,12.2,4,494,0.02,0.07,0.05,0.46,331,1,0,3.8,7.4,2026-04-25T16:30:00Z,85,False,1,0,0,0,3,0,34,0,11718,1,0,0,1,18.0,2,-120,118,238,50,False,0
Elliot Anderson,MID,Nott'm Forest,0.0,0,0,28,1,7,12.4,13,517,0.01,0.24,0.23,0.70,338,0,1,8.4,50.4,2026-04-24T19:00:00Z,90,False,17,0,0,0,5,0,34,0,928142,1,1,5,0,21.0,9,-14850,30483,45333,56,False,1
Kevin Santos Lopes de Macedo,MID,Fulham,0.0,0,0,0,0,0,0.0,0,731,0.00,0.00,0.00,0.00,335,0,0,0.0,0.0,2026-04-25T11:30:00Z,0,False,2,0,0,0,0,0,34,0,6575,0,0,0,1,0.0,0,-66,22,88,57,True,0
Nikola Milenković,DEF,Nott'm Forest,0.0,0,0,28,1,17,0.2,20,505,0.00,0.00,0.00,0.70,338,0,0,3.1,31.2,2026-04-24T19:00:00Z,90,False,17,0,0,0,2,0,34,0,456869,1,3,5,0,0.0,8,15883,20013,4130,51,False,0
Ollie Watkins,FWD,Aston Villa,0.0,0,0,5,0,1,10.9,2,64,0.02,0.41,0.39,1.01,335,1,0,3.2,4.2,2026-04-25T11:30:00Z,79,False,10,0,0,0,1,0,34,0,2823238,1,0,0,1,17.0,2,983064,994611,11547,87,False,0
Jarrod Bowen,FWD,West Ham,0.0,2,2,36,0,4,25.7,8,624,0.50,0.61,0.11,1.40,339,1,0,8.9,42.2,2026-04-25T14:00:00Z,90,False,9,0,0,0,2,0,34,0,2607198,1,2,1,2,21.0,10,557050,580508,23458,77,True,0
Gonçalo Manuel Ganchinho Guedes,MID,Wolves,0.0,0,0,0,0,0,0.0,0,647,0.00,0.00,0.00,0.00,340,0,0,0.0,0.0,2026-04-25T14:00:00Z,0,False,18,0,0,0,0,0,34,0,395,0,0,1,0,0.0,0,0,0,0,55,True,0
Alan Browne,MID,Sunderland,0.0,0,0,0,0,0,0.0,0,555,0.00,0.00,0.00,0.00,338,0,0,0.0,0.0,2026-04-24T19:00:00Z,0,False,16,0,0,0,0,0,34,0,3795,0,0,5,0,0.0,0,-4,0,4,45,True,0
Lewis O'Brien,MID,Nott'm Forest,0.0,0,0,0,0,0,0.0,0,520,0.00,0.00,0.00,0.00,338,0,0,0.0,0.0,2026-04-24T19:00:00Z,0,False,17,0,0,0,0,0,34,0,102,0,0,5,0,0.0,0,0,0,0,50,False,0
Patrick Roberts,MID,Sunderland,0.0,0,0,0,0,0,0.0,0,545,0.00,0.00,0.00,0.00,338,0,0,0.0,0.0,2026-04-24T19:00:00Z,0,False,16,0,0,0,0,0,34,0,1559,0,0,5,0,0.0,0,-2,0,2,54,True,0
Álex Moreno Lopera,DEF,Aston Villa,0.0,0,0,0,0,0,0.0,0,43,0.00,0.00,0.00,0.00,335,0,0,0.0,0.0,2026-04-25T11:30:00Z,0,False,10,0,0,0,0,0,34,0,203244,0,0,0,1,0.0,0,-707,0,707,40,False,0
Eric da Silva Moreira,MID,Nott'm Forest,0.0,0,0,0,0,0,0.0,0,523,0.00,0.00,0.00,0.00,338,0,0,0.0,0.0,2026-04-24T19:00:00Z,0,False,17,0,0,0,0,0,34,0,7617,0,0,5,0,0.0,0,47,97,50,45,False,0
Leny Yoro,DEF,Man Utd,0.0,0,0,-1,0,1,0.0,1,444,0.00,0.00,0.00,0.09,337,1,0,0.1,1.4,2026-04-27T19:00:00Z,17,False,5,0,0,0,0,0,34,0,163942,0,0,1,2,0.0,1,-3843,317,4160,41,True,0
Piero Hincapié,DEF,Arsenal,0.0,0,1,28,1,10,11.8,15,725,0.25,0.25,0.00,1.00,331,0,0,4.4,29.8,2026-04-25T16:30:00Z,90,False,15,0,0,0,3,0,34,0,115181,1,5,0,1,2.0,9,13239,16645,3406,51,True,0
Lucá Williams-Barnett,MID,Spurs,0.0,0,0,0,0,0,0.0,0,790,0.00,0.00,0.00,0.00,340,0,0,0.0,0.0,2026-04-25T14:00:00Z,0,False,20,0,0,0,0,0,34,0,939,0,0,1,0,0.0,0,9,41,32,45,False,0
Neco Williams,DEF,Nott'm Forest,0.0,0,0,18,1,6,15.8,6,508,0.05,0.08,0.03,0.70,338,0,0,2.9,6.8,2026-04-24T19:00:00Z,90,False,17,0,0,0,4,0,34,0,695561,1,0,5,0,6.0,5,85388,96919,11531,48,False,1
David Mota Veiga Teixeira do Carmo,DEF,Nott'm Forest,0.0,0,0,0,0,0,0.0,0,509,0.00,0.00,0.00,0.00,338,0,0,0.0,0.0,2026-04-24T19:00:00Z,0,False,17,0,0,0,0,0,34,0,2626,0,0,5,0,0.0,0,-3,0,3,45,False,0
Harrison Armstrong,MID,Everton,0.0,0,0,0,0,0,0.0,0,305,0.00,0.00,0.00,0.00,339,0,0,0.0,0.0,2026-04-25T14:00:00Z,0,False,19,0,0,0,0,0,34,0,11267,0,0,1,2,0.0,0,-85,261,346,45,False,0
Jackson Tchatchoua,DEF,Wolves,0.0,0,0,4,0,0,4.6,0,695,0.01,0.01,0.00,0.00,340,0,0,0.7,2.6,2026-04-25T14:00:00Z,4,False,18,0,0,0,0,0,34,0,4612,0,0,1,0,0.0,1,17,239,222,44,True,0
Anthony Patterson,GK,Sunderland,0.0,0,0,0,0,0,0.0,0,528,0.00,0.00,0.00,0.00,338,0,0,0.0,0.0,2026-04-24T19:00:00Z,0,False,16,0,0,0,0,0,34,0,19477,0,0,5,0,0.0,0,-105,0,105,42,True,0
Wilson Isidor,FWD,Sunderland,0.0,0,0,5,0,0,1.2,1,560,0.01,0.05,0.04,0.16,338,1,0,1.8,4.2,2026-04-24T19:00:00Z,25,False,16,0,0,0,1,0,34,0,205588,0,0,5,0,13.0,1,17792,20556,2764,50,True,0
Kieran Morrison,MID,Liverpool,0.0,0,0,0,0,0,0.0,0,746,0.00,0.00,0.00,0.00,336,0,0,0.0,0.0,2026-04-25T14:00:00Z,0,False,8,0,0,0,0,0,34,0,1297,0,0,1,3,0.0,0,5,20,15,45,True,0
Dango Ouattara,MID,Brentford,0.0,0,0,0,0,3,30.0,5,83,0.19,0.82,0.63,1.27,337,2,0,7.8,12.0,2026-04-27T19:00:00Z,90,False,14,0,0,0,1,0,34,0,283446,1,1,1,2,36.0,1,-29182,4794,33976,59,False,1
Mathys Tel,MID,Spurs,0.0,0,0,1,0,2,0.9,8,584,0.00,0.03,0.03,0.58,340,0,0,1.2,9.0,2026-04-25T14:00:00Z,45,False,20,0,0,0,4,0,34,0,18426,0,2,1,0,2.0,1,420,993,573,62,False,0
Ryan Trevitt,MID,Brentford,0.0,0,0,0,0,0,0.0,0,134,0.00,0.00,0.00,0.00,337,0,0,0.0,0.0,2026-04-27T19:00:00Z,0,False,14,0,0,0,0,0,34,0,478,0,0,1,2,0.0,0,0,0,0,45,False,0
Sandro Tonali,MID,Newcastle,0.0,0,0,16,0,3,14.8,8,491,0.16,0.22,0.06,0.49,331,1,0,4.2,14.0,2026-04-25T16:30:00Z,90,False,1,0,0,0,4,0,34,0,140998,1,1,0,1,13.0,2,-797,1985,2782,53,False,0
Marli Salmon,DEF,Arsenal,0.0,0,0,0,0,0,0.0,0,759,0.00,0.00,0.00,0.00,331,0,0,0.0,0.0,2026-04-25T16:30:00Z,0,False,15,0,0,0,0,0,34,0,2999,0,0,0,1,0.0,0,-3,32,35,40,True,0
Ben Broggio,MID,Aston Villa,0.0,0,0,0,0,0,0.0,0,60,0.00,0.00,0.00,0.00,335,0,0,0.0,0.0,2026-04-25T11:30:00Z,0,False,10,0,0,0,0,0,34,0,31899,0,0,0,1,0.0,0,-159,0,159,44,False,0
Josh Dasilva,MID,Brentford,0.0,0,0,0,0,0,0.0,0,748,0.00,0.00,0.00,0.00,337,0,0,0.0,0.0,2026-04-27T19:00:00Z,0,False,14,0,0,0,0,0,34,0,202,0,0,1,2,0.0,0,-2,4,6,49,False,0
Matt Doherty,DEF,Wolves,0.0,0,0,12,0,6,0.3,9,632,0.00,0.00,0.00,0.92,340,1,0,1.9,16.2,2026-04-25T14:00:00Z,84,False,18,0,0,0,1,0,34,0,11120,1,3,1,0,2.0,2,-35,78,113,44,True,0
Niclas Füllkrug,FWD,West Ham,0.0,0,0,0,0,0,0.0,0,625,0.00,0.00,0.00,0.00,339,0,0,0.0,0.0,2026-04-25T14:00:00Z,0,False,9,0,0,0,0,0,34,0,73816,0,0,1,2,0.0,0,-78,0,78,56,True,0
Maldini Kacurri,DEF,Arsenal,0.0,0,0,0,0,0,0.0,0,14,0.00,0.00,0.00,0.00,331,0,0,0.0,0.0,2026-04-25T16:30:00Z,0,False,15,0,0,0,0,0,34,0,12078,0,0,0,1,0.0,0,-21,0,21,39,True,0
Donyell Malen,MID,Aston Villa,0.0,0,0,0,0,0,0.0,0,53,0.00,0.00,0.00,0.00,335,0,0,0.0,0.0,2026-04-25T11:30:00Z,0,False,10,0,0,0,0,0,34,0,51135,0,0,0,1,0.0,0,-177,0,177,51,False,0
Leander Dendoncker,MID,Aston Villa,0.0,0,0,0,0,0,0.0,0,61,0.00,0.00,0.00,0.00,335,0,0,0.0,0.0,2026-04-25T11:30:00Z,0,False,10,0,0,0,0,0,34,0,8964,0,0,0,1,0.0,0,-19,0,19,45,False,0
Robin Roefs,GK,Sunderland,0.0,0,0,-9,0,0,0.0,0,670,0.00,0.00,0.00,1.10,338,5,0,1.2,11.8,2026-04-24T19:00:00Z,90,False,16,0,0,0,5,0,34,2,1302564,1,0,5,0,0.0,0,113592,128609,15017,48,True,0
Tymur Tutierov,MID,Sunderland,0.0,0,0,0,0,0,0.0,0,775,0.00,0.00,0.00,0.00,338,0,0,0.0,0.0,2026-04-24T19:00:00Z,0,False,16,0,0,0,0,0,34,0,88,0,0,5,0,0.0,0,0,0,0,45,True,0
Borna Sosa,DEF,Crystal Palace,0.0,0,0,-4,0,2,11.6,2,259,0.01,0.05,0.04,0.07,336,1,0,1.7,1.4,2026-04-25T14:00:00Z,45,False,12,0,0,0,2,0,34,0,16233,0,0,1,3,4.0,0,52,189,137,48,False,1
Kaelan Casey,DEF,West Ham,0.0,0,0,0,0,0,0.0,0,611,0.00,0.00,0.00,0.00,339,0,0,0.0,0.0,2026-04-25T14:00:00Z,0,False,9,0,0,0,0,0,34,0,7976,0,0,1,2,0.0,0,-20,0,20,40,True,0
Jack Fletcher,MID,Man Utd,0.0,0,0,0,0,0,0.0,0,462,0.00,0.00,0.00,0.00,337,0,0,0.0,0.0,2026-04-27T19:00:00Z,0,False,5,0,0,0,0,0,34,0,10068,0,0,1,2,0.0,0,-135,47,182,43,True,0
Riccardo Calafiori,DEF,Arsenal,0.0,0,0,0,0,0,0.0,0,7,0.00,0.00,0.00,0.00,331,0,0,0.0,0.0,2026-04-25T16:30:00Z,0,False,15,0,0,0,0,0,34,0,765211,0,0,0,1,0.0,0,-8825,462,9287,56,True,0
David Raya Martín,GK,Arsenal,0.0,0,3,31,1,1,0.0,0,1,0.00,0.00,0.00,1.00,331,0,0,2.3,23.2,2026-04-25T16:30:00Z,90,False,15,0,0,0,13,0,34,3,4827695,1,0,0,1,0.0,10,100399,141673,41274,60,True,0
Jesurun Rak-Sakyi,MID,Crystal Palace,0.0,0,0,0,0,0,0.0,0,278,0.00,0.00,0.00,0.00,336,0,0,0.0,0.0,2026-04-25T14:00:00Z,0,False,12,0,0,0,0,0,34,0,3643,0,0,1,3,0.0,0,-14,0,14,44,False,0
Nectarios Triantis,MID,Sunderland,0.0,0,0,0,0,0,0.0,0,559,0.00,0.00,0.00,0.00,338,0,0,0.0,0.0,2026-04-24T19:00:00Z,0,False,16,0,0,0,0,0,34,0,3813,0,0,5,0,0.0,0,-7,0,7,44,True,0
Romelle Donovan,MID,Brentford,0.0,0,0,0,0,0,0.0,0,130,0.00,0.00,0.00,0.00,337,0,0,0.0,0.0,2026-04-27T19:00:00Z,0,False,14,0,0,0,0,0,34,0,13605,0,0,1,2,0.0,0,-119,111,230,44,False,0
Marco Bizot,GK,Aston Villa,0.0,0,0,0,0,0,0.0,0,33,0.00,0.00,0.00,0.00,335,0,0,0.0,0.0,2026-04-25T11:30:00Z,0,False,10,0,0,0,0,0,34,0,50313,0,0,0,1,0.0,0,279,656,377,42,False,0
Xavi Simons,MID,Spurs,0.0,0,0,10,1,2,28.3,4,717,0.03,0.15,0.12,0.26,340,0,0,4.5,4.2,2026-04-25T14:00:00Z,62,False,20,0,0,0,1,0,34,0,721641,1,1,1,0,12.0,3,219660,225350,5690,65,False,0
Maxwel Cornet,MID,West Ham,0.0,0,0,0,0,0,0.0,0,617,0.00,0.00,0.00,0.00,339,0,0,0.0,0.0,2026-04-25T14:00:00Z,0,False,9,0,0,0,0,0,34,0,1912,0,0,1,2,0.0,0,-1,0,1,49,True,0
Sam Johnstone,GK,Wolves,0.0,0,0,0,0,0,0.0,0,627,0.00,0.00,0.00,0.00,340,0,0,0.0,0.0,2026-04-25T14:00:00Z,0,False,18,0,0,0,0,0,34,0,17327,0,0,1,0,0.0,0,-276,86,362,44,True,0
Antonee Robinson,DEF,Fulham,0.0,0,0,3,0,1,0.2,1,316,0.00,0.00,0.00,0.31,335,0,0,0.2,1.4,2026-04-25T11:30:00Z,9,False,2,0,0,0,2,0,34,0,107301,0,0,0,1,0.0,1,538,3372,2834,49,True,0
Jørgen Strand Larsen,FWD,Crystal Palace,0.0,0,0,-1,0,0,0.3,0,654,0.00,0.30,0.30,0.04,336,1,0,0.2,0.0,2026-04-25T14:00:00Z,20,False,12,0,0,0,0,0,34,0,197987,0,0,1,3,4.0,1,-4743,4779,9522,59,False,0
Timothée Pembélé,DEF,Sunderland,0.0,0,0,0,0,0,0.0,0,540,0.00,0.00,0.00,0.00,338,0,0,0.0,0.0,2026-04-24T19:00:00Z,0,False,16,0,0,0,0,0,34,0,35505,0,0,5,0,0.0,0,-233,0,233,39,True,0
Rio Kyerematen,MID,Spurs,0.0,0,0,0,0,0,0.0,0,811,0.00,0.00,0.00,0.00,340,0,0,0.0,0.0,2026-04-25T14:00:00Z,0,False,20,0,0,0,0,0,34,0,515,0,0,1,0,0.0,0,-9,21,30,45,False,0
Oleksandr Zinchenko,DEF,Nott'm Forest,0.0,0,0,0,0,0,0.0,0,12,0.00,0.00,0.00,0.00,338,0,0,0.0,0.0,2026-04-24T19:00:00Z,0,False,17,0,0,0,0,0,34,0,26907,0,0,5,0,0.0,0,-72,0,72,49,False,0
Harvey Barnes,MID,Newcastle,0.0,0,0,5,0,1,15.9,3,487,0.07,0.07,0.00,0.29,331,0,0,2.5,6.8,2026-04-25T16:30:00Z,24,False,1,0,0,0,2,0,34,0,139200,0,0,0,1,2.0,1,-3563,2581,6144,61,False,0
Josh Nichols,DEF,Arsenal,0.0,0,0,0,0,0,0.0,0,15,0.00,0.00,0.00,0.00,331,0,0,0.0,0.0,2026-04-25T16:30:00Z,0,False,15,0,0,0,0,0,34,0,35135,0,0,0,1,0.0,0,-295,396,691,37,True,0
Jhon Arias,MID,Wolves,0.0,0,0,0,0,0,0.0,0,663,0.00,0.00,0.00,0.00,340,0,0,0.0,0.0,2026-04-25T14:00:00Z,0,False,18,0,0,0,0,0,34,0,16592,0,0,1,0,0.0,0,-63,0,63,49,True,0
Chido Obi,FWD,Man Utd,0.0,0,0,0,0,0,0.0,0,467,0.00,0.00,0.00,0.00,337,0,0,0.0,0.0,2026-04-27T19:00:00Z,0,False,5,0,0,0,0,0,34,0,184485,0,0,1,2,0.0,0,-1536,668,2204,42,True,0
John McGinn,MID,Aston Villa,0.0,0,0,19,0,0,58.4,2,54,0.14,0.14,0.00,1.01,335,1,0,7.6,15.4,2026-04-25T11:30:00Z,73,False,10,0,0,0,2,0,34,0,98672,1,0,0,1,2.0,2,14608,16750,2142,53,False,0
Chadi Riad Dnanou,DEF,Crystal Palace,0.0,0,0,0,0,0,0.0,0,262,0.00,0.00,0.00,0.00,336,0,0,0.0,0.0,2026-04-25T14:00:00Z,0,False,12,0,0,0,0,0,34,0,6562,0,0,1,3,0.0,0,-83,149,232,40,False,0
Pedro Cardoso de Lima,DEF,Wolves,0.0,0,0,8,0,3,19.1,7,640,0.12,0.13,0.01,0.92,340,1,0,3.6,13.8,2026-04-25T14:00:00Z,85,False,18,0,0,0,2,0,34,0,49170,1,4,1,0,3.0,2,113,419,306,40,True,0
Jonah Kusi-Asare,FWD,Fulham,0.0,0,0,0,0,0,0.0,0,737,0.00,0.00,0.00,0.00,335,0,0,0.0,0.0,2026-04-25T11:30:00Z,0,False,2,0,0,0,0,0,34,0,14004,0,0,0,1,0.0,0,146,427,281,45,True,0
Tom Heaton,GK,Man Utd,0.0,0,0,0,0,0,0.0,0,434,0.00,0.00,0.00,0.00,337,0,0,0.0,0.0,2026-04-27T19:00:00Z,0,False,5,0,0,0,0,0,34,0,87134,0,0,1,2,0.0,0,6487,8031,1544,38,True,0
Yéremy Pino Santos,MID,Crystal Palace,0.0,0,0,4,0,0,24.4,2,712,0.23,0.27,0.04,0.07,336,1,0,3.5,3.8,2026-04-25T14:00:00Z,31,False,12,0,0,0,1,0,34,0,21692,0,1,1,3,7.0,1,151,641,490,58,False,0
Wilson Odobert,MID,Spurs,0.0,0,0,0,0,0,0.0,0,588,0.00,0.00,0.00,0.00,340,0,0,0.0,0.0,2026-04-25T14:00:00Z,0,False,20,0,0,0,0,0,34,0,5380,0,0,1,0,0.0,0,-72,19,91,53,False,0
Omari Hutchinson,MID,Nott'm Forest,0.0,0,0,14,1,2,9.2,4,693,0.10,0.16,0.06,0.39,338,0,0,4.2,9.4,2026-04-24T19:00:00Z,66,False,17,0,0,0,2,0,34,0,10439,1,0,5,0,23.0,3,532,820,288,54,False,0
Alex Murphy,DEF,Newcastle,0.0,0,0,0,0,0,0.0,0,481,0.00,0.00,0.00,0.00,331,0,0,0.0,0.0,2026-04-25T16:30:00Z,0,False,1,0,0,0,0,0,34,0,89299,0,0,0,1,0.0,0,-444,450,894,38,False,0
Dennis Cirkin,DEF,Sunderland,0.0,0,0,0,0,0,0.0,0,535,0.00,0.00,0.00,0.00,338,0,0,0.0,0.0,2026-04-24T19:00:00Z,0,False,16,0,0,0,0,0,34,0,6564,0,0,5,0,0.0,0,13,126,113,40,True,0
Daniel Muñoz Mejía,DEF,Crystal Palace,0.0,0,0,10,0,3,1.2,5,256,0.00,0.08,0.08,1.15,336,3,1,5.5,40.4,2026-04-25T14:00:00Z,90,False,12,0,0,0,2,0,34,0,1031754,1,2,1,3,13.0,6,40593,56151,15558,58,False,1
Bastien Meupiyou Menadjou,DEF,Wolves,0.0,0,0,0,0,0,0.0,0,639,0.00,0.00,0.00,0.00,340,0,0,0.0,0.0,2026-04-25T14:00:00Z,0,False,18,0,0,0,0,0,34,0,779,0,0,1,0,0.0,0,-2,0,2,40,True,0
Radu Drăgușin,DEF,Spurs,0.0,0,0,4,0,2,0.0,2,572,0.00,0.00,0.00,0.07,340,0,0,0.3,3.4,2026-04-25T14:00:00Z,1,False,20,0,0,0,1,0,34,0,3324,0,0,1,0,0.0,1,14,142,128,45,False,0
Dean Henderson,GK,Crystal Palace,0.0,0,0,-7,0,3,0.0,0,253,0.00,0.00,0.00,1.15,336,3,0,0.3,3.0,2026-04-25T14:00:00Z,90,False,12,0,0,0,4,0,34,0,1044499,1,0,1,3,0.0,0,4399,27730,23331,51,False,1
Jayce Fitzgerald,MID,Man Utd,0.0,0,0,0,0,0,0.0,0,461,0.00,0.00,0.00,0.00,337,0,0,0.0,0.0,2026-04-27T19:00:00Z,0,False,5,0,0,0,0,0,34,0,5825,0,0,1,2,0.0,0,-10,49,59,43,True,0
Nayef Aguerd,DEF,West Ham,0.0,0,0,0,0,0,0.0,0,607,0.00,0.00,0.00,0.00,339,0,0,0.0,0.0,2026-04-25T14:00:00Z,0,False,9,0,0,0,0,0,34,0,5324,0,0,1,2,0.0,0,-5,0,5,44,True,0
Tom King,GK,Everton,0.0,0,0,0,0,0,0.0,0,630,0.00,0.00,0.00,0.00,339,0,0,0.0,0.0,2026-04-25T14:00:00Z,0,False,19,0,0,0,0,0,34,0,160122,0,0,1,2,0.0,0,-526,391,917,39,False,0
Rodrigo Muniz Carvalho,FWD,Fulham,0.0,0,0,4,0,1,0.5,4,338,0.01,0.12,0.11,0.38,335,0,0,1.6,6.0,2026-04-25T11:30:00Z,24,False,2,0,0,0,1,0,34,0,98717,0,2,0,1,9.0,1,2709,3599,890,53,True,0
Sven Botman,DEF,Newcastle,0.0,0,0,15,0,11,1.3,13,475,0.05,0.18,0.13,0.49,331,1,0,4.1,31.0,2026-04-25T16:30:00Z,90,False,1,0,0,0,4,0,34,0,52008,1,2,0,1,9.0,4,-336,874,1210,49,False,0
Omar Alderete,DEF,Sunderland,0.0,0,0,-12,0,5,0.9,5,683,0.01,0.24,0.23,1.10,338,5,0,4.6,9.0,2026-04-24T19:00:00Z,90,False,16,0,0,0,4,0,34,0,819901,1,0,5,0,36.0,0,664,30489,29825,41,True,0
Malcolm Ebiowei,MID,Crystal Palace,0.0,0,0,0,0,0,0.0,0,277,0.00,0.00,0.00,0.00,336,0,0,0.0,0.0,2026-04-25T14:00:00Z,0,False,12,0,0,0,0,0,34,0,353,0,0,1,3,0.0,0,0,0,0,45,False,0
Jerome Abbey,MID,Wolves,0.0,0,0,0,0,0,0.0,0,809,0.00,0.00,0.00,0.00,340,0,0,0.0,0.0,2026-04-25T14:00:00Z,0,False,18,0,0,0,0,0,34,0,1817,0,0,1,0,0.0,0,82,226,144,45,True,0
Benjamin White,DEF,Arsenal,0.0,0,0,23,1,3,7.4,3,11,0.03,0.03,0.00,1.00,331,0,0,1.7,9.4,2026-04-25T16:30:00Z,90,False,15,0,0,0,2,0,34,0,67656,1,0,0,1,0.0,6,1946,2762,816,51,True,0
Miodrag Pivaš,DEF,Newcastle,0.0,0,0,0,0,0,0.0,0,483,0.00,0.00,0.00,0.00,331,0,0,0.0,0.0,2026-04-25T16:30:00Z,0,False,1,0,0,0,0,0,34,0,48102,0,0,0,1,0.0,0,-230,335,565,38,False,0
Freddie Woodman,GK,Liverpool,0.0,0,0,20,0,1,0.0,0,369,0.00,0.00,0.00,2.26,336,1,0,4.4,44.4,2026-04-25T14:00:00Z,90,False,8,0,0,0,10,0,34,5,143160,1,0,1,3,0.0,3,21639,23259,1620,39,True,0
Chris Wood,FWD,Nott'm Forest,0.0,0,1,35,1,5,2.0,5,525,0.01,0.53,0.52,0.70,338,0,1,7.8,50.4,2026-04-24T19:00:00Z,87,False,17,0,0,0,0,0,34,0,601172,1,0,5,0,26.0,7,6089,7217,1128,71,False,0
Emiliano Martínez Romero,GK,Aston Villa,0.0,0,0,24,0,0,0.0,0,32,0.00,0.00,0.00,1.18,335,1,0,3.8,38.4,2026-04-25T11:30:00Z,90,False,10,0,0,0,13,0,34,5,643457,1,0,0,1,0.0,3,32061,45187,13126,51,False,0
Josh King,MID,Fulham,0.0,0,0,6,0,0,10.6,2,335,0.04,0.04,0.00,0.31,335,0,0,2.2,5.2,2026-04-25T11:30:00Z,14,False,2,0,0,0,1,0,34,0,229919,0,1,0,1,6.0,1,-3811,3834,7645,44,True,0
Willy Boly,DEF,Nott'm Forest,0.0,0,0,0,0,0,0.0,0,514,0.00,0.00,0.00,0.00,338,0,0,0.0,0.0,2026-04-24T19:00:00Z,0,False,17,0,0,0,0,0,34,0,43979,0,0,5,0,0.0,0,-404,155,559,38,False,0
Yusuf Akhamrich,MID,Spurs,0.0,0,0,0,0,0,0.0,0,751,0.00,0.00,0.00,0.00,340,0,0,0.0,0.0,2026-04-25T14:00:00Z,0,False,20,0,0,0,0,0,34,0,566,0,0,1,0,0.0,0,-3,0,3,45,False,0
William Osula,FWD,Newcastle,0.0,0,0,5,0,0,25.2,1,500,0.05,0.05,0.00,0.20,331,1,0,3.0,3.0,2026-04-25T16:30:00Z,65,False,1,0,0,0,1,0,34,0,99831,1,0,0,1,2.0,2,36061,40534,4473,54,False,0
Omar Richards,DEF,Nott'm Forest,0.0,0,0,0,0,0,0.0,0,512,0.00,0.00,0.00,0.00,338,0,0,0.0,0.0,2026-04-24T19:00:00Z,0,False,17,0,0,0,0,0,34,0,2448,0,0,5,0,0.0,0,-2,0,2,45,False,0
Anthony Gordon,MID,Newcastle,0.0,0,0,0,0,0,0.0,0,485,0.00,0.00,0.00,0.00,331,0,0,0.0,0.0,2026-04-25T16:30:00Z,0,False,1,0,0,0,0,0,34,0,587199,0,0,0,1,0.0,0,-242778,2785,245563,74,False,0
Antoni Milambo,MID,Brentford,0.0,0,0,0,0,0,0.0,0,122,0.00,0.00,0.00,0.00,337,0,0,0.0,0.0,2026-04-27T19:00:00Z,0,False,14,0,0,0,0,0,34,0,3607,0,0,1,2,0.0,0,0,10,10,52,False,0
Pablo Felipe Pereira de Jesus,FWD,West Ham,0.0,0,0,3,1,1,2.8,3,785,0.01,0.01,0.00,1.30,339,0,0,0.5,2.2,2026-04-25T14:00:00Z,80,False,9,0,0,0,1,0,34,0,3190,1,1,1,2,0.0,2,942,1095,153,54,True,0
Martín Zubimendi Ibáñez,MID,Arsenal,0.0,0,0,19,1,5,13.4,16,26,0.02,0.09,0.07,0.94,331,0,0,3.9,16.6,2026-04-25T16:30:00Z,80,False,15,0,0,0,6,0,34,0,402036,1,5,0,1,9.0,5,-1916,13918,15834,50,True,0
Curtis Jones,MID,Liverpool,0.0,1,0,24,0,3,11.8,13,388,0.01,0.01,0.00,2.26,336,1,0,3.8,24.4,2026-04-25T14:00:00Z,86,False,8,0,0,0,7,0,34,0,14435,1,3,1,3,2.0,7,247,443,196,54,True,0
Caoimhín Kelleher,GK,Brentford,0.0,0,0,9,0,0,0.0,0,101,0.00,0.00,0.00,1.27,337,2,0,2.7,27.2,2026-04-27T19:00:00Z,90,False,14,0,0,0,7,0,34,3,1602298,1,0,1,2,0.0,2,-14468,29151,43619,48,False,0
Bertrand Traoré,MID,Sunderland,0.0,0,0,0,0,0,0.0,0,735,0.00,0.00,0.00,0.00,338,0,0,0.0,0.0,2026-04-24T19:00:00Z,0,False,16,0,0,0,0,0,34,0,3728,0,0,5,0,0.0,0,-14,16,30,55,True,0
Ollie Shield,DEF,Brentford,0.0,0,0,0,0,0,0.0,0,819,0.00,0.00,0.00,0.00,337,0,0,0.0,0.0,2026-04-27T19:00:00Z,0,False,14,0,0,0,0,0,34,0,1042,0,0,1,2,0.0,0,12,50,38,40,False,0
James McAtee,MID,Nott'm Forest,0.0,0,0,0,0,0,0.0,0,426,0.00,0.00,0.00,0.00,338,0,0,0.0,0.0,2026-04-24T19:00:00Z,0,False,17,0,0,0,0,0,34,0,11721,0,0,5,0,0.0,0,-8,91,99,50,False,0
Guglielmo Vicario,GK,Spurs,0.0,0,0,0,0,0,0.0,0,565,0.00,0.00,0.00,0.00,340,0,0,0.0,0.0,2026-04-25T14:00:00Z,0,False,20,0,0,0,0,0,34,0,643916,0,0,1,0,0.0,0,-13543,302,13845,47,False,0
Jaydee Canvot,DEF,Crystal Palace,0.0,0,0,8,0,8,1.3,11,723,0.00,0.00,0.00,1.15,336,3,0,2.6,24.2,2026-04-25T14:00:00Z,90,False,12,0,0,0,3,0,34,0,29136,1,3,1,3,0.0,3,5913,7167,1254,45,False,0
Zach Marsh,FWD,Crystal Palace,0.0,0,0,0,0,0,0.0,0,286,0.00,0.00,0.00,0.00,336,0,0,0.0,0.0,2026-04-25T14:00:00Z,0,False,12,0,0,0,0,0,34,0,40951,0,0,1,3,0.0,0,-28,359,387,44,False,0
Joe Anderson,DEF,Sunderland,0.0,0,0,0,0,0,0.0,0,534,0.00,0.00,0.00,0.00,338,0,0,0.0,0.0,2026-04-24T19:00:00Z,0,False,16,0,0,0,0,0,34,0,38814,0,0,5,0,0.0,0,-301,0,301,38,True,0
Noussair Mazraoui,DEF,Man Utd,0.0,0,0,6,0,8,1.1,9,438,0.01,0.01,0.00,0.72,337,1,0,1.8,16.8,2026-04-27T19:00:00Z,45,False,5,0,0,0,4,0,34,0,34258,0,1,1,2,0.0,1,3226,3592,366,49,True,0
Cristian Romero,DEF,Spurs,0.0,0,0,0,0,0,0.0,0,569,0.00,0.00,0.00,0.00,340,0,0,0.0,0.0,2026-04-25T14:00:00Z,0,False,20,0,0,0,0,0,34,0,385106,0,0,1,0,0.0,0,-7206,43,7249,50,False,0
Mads Roerslev Rasmussen,DEF,Brentford,0.0,0,0,0,0,0,0.0,0,112,0.00,0.00,0.00,0.00,337,0,0,0.0,0.0,2026-04-27T19:00:00Z,0,False,14,0,0,0,0,0,34,0,1835,0,0,1,2,0.0,0,0,0,0,45,False,0
Diogo Dalot Teixeira,DEF,Man Utd,0.0,0,0,9,0,8,2.3,11,440,0.01,0.01,0.00,1.43,337,1,0,2.1,18.8,2026-04-27T19:00:00Z,90,False,5,0,0,0,3,0,34,0,605470,1,3,1,2,0.0,4,14457,30051,15594,46,True,0
Keane Lewis-Potter,DEF,Brentford,0.0,0,0,5,0,2,9.8,2,107,0.04,0.11,0.07,1.27,337,2,0,5.4,10.4,2026-04-27T19:00:00Z,90,False,14,0,0,0,6,0,34,0,201193,1,0,1,2,34.0,1,-2060,5508,7568,48,False,0
Kristoffer Ajer,DEF,Brentford,0.0,0,0,0,0,0,0.0,0,108,0.00,0.00,0.00,0.00,337,0,0,0.0,0.0,2026-04-27T19:00:00Z,0,False,14,0,0,0,0,0,34,0,28226,0,0,1,2,0.0,0,-1316,207,1523,44,False,0
Hwang Hee-chan,MID,Wolves,0.0,0,0,3,0,0,0.3,1,642,0.00,0.00,0.00,0.00,340,0,0,0.0,0.0,2026-04-25T14:00:00Z,5,False,18,0,0,0,0,0,34,0,15011,0,1,1,0,0.0,1,504,895,391,56,True,0
Ashley Phillips,DEF,Spurs,0.0,0,0,0,0,0,0.0,0,576,0.00,0.00,0.00,0.00,340,0,0,0.0,0.0,2026-04-25T14:00:00Z,0,False,20,0,0,0,0,0,34,0,1413,0,0,1,0,0.0,0,-1,0,1,40,False,0
George King,DEF,Crystal Palace,0.0,0,0,0,0,0,0.0,0,793,0.00,0.00,0.00,0.00,336,0,0,0.0,0.0,2026-04-25T14:00:00Z,0,False,12,0,0,0,0,0,34,0,2795,0,0,1,3,0.0,0,77,128,51,40,False,0
Bruno Guimarães Rodriguez Moura,MID,Newcastle,0.0,0,0,15,0,2,30.0,5,488,0.17,0.23,0.06,0.35,331,1,0,4.2,11.0,2026-04-25T16:30:00Z,74,False,1,0,0,0,1,0,34,0,590562,1,2,0,1,1.0,2,18964,24419,5455,68,False,0
Nathan Patterson,DEF,Everton,0.0,0,0,0,0,0,0.0,0,296,0.00,0.00,0.00,0.00,339,0,0,0.0,0.0,2026-04-25T14:00:00Z,0,False,19,0,0,0,0,0,34,0,4588,0,0,1,2,0.0,0,13,88,75,44,False,0
Tolu Arokodare,FWD,Wolves,0.0,0,0,2,0,1,0.3,1,720,0.00,0.00,0.00,0.64,340,1,0,0.7,2.4,2026-04-25T14:00:00Z,19,False,18,0,0,0,0,0,34,0,17866,0,0,1,0,4.0,1,387,1813,1426,52,True,0
Jack Whittaker,MID,Sunderland,0.0,0,0,0,0,0,0.0,0,821,0.00,0.00,0.00,0.00,338,0,0,0.0,0.0,2026-04-24T19:00:00Z,0,False,16,0,0,0,0,0,34,0,200,0,0,5,0,0.0,0,25,33,8,45,True,0
Aaron Ramsdale,GK,Newcastle,0.0,0,0,0,0,0,0.0,0,674,0.00,0.00,0.00,0.00,331,0,0,0.0,0.0,2026-04-25T16:30:00Z,0,False,1,0,0,0,0,0,34,0,104108,0,0,0,1,0.0,0,-2200,1308,3508,48,False,0
Taiwo Awoniyi,FWD,Nott'm Forest,0.0,1,0,16,0,0,10.3,1,527,0.01,0.01,0.00,0.00,338,0,0,3.0,17.4,2026-04-24T19:00:00Z,2,False,17,0,0,0,1,0,34,0,38126,0,0,5,0,2.0,4,189,461,272,52,False,0
Joél Drakes-Thomas,MID,Crystal Palace,0.0,0,0,0,0,0,0.0,0,762,0.00,0.00,0.00,0.00,336,0,0,0.0,0.0,2026-04-25T14:00:00Z,0,False,12,0,0,0,0,0,34,0,716,0,0,1,3,0.0,0,18,40,22,45,False,0
Conor Gallagher,MID,Spurs,0.0,0,0,18,1,2,24.1,13,796,0.01,0.01,0.00,0.64,340,0,0,4.0,13.6,2026-04-25T14:00:00Z,90,False,20,0,0,0,8,0,34,0,12801,1,3,1,0,2.0,4,755,1542,787,50,False,1
Niall Huggins,DEF,Sunderland,0.0,0,0,0,0,0,0.0,0,537,0.00,0.00,0.00,0.00,338,0,0,0.0,0.0,2026-04-24T19:00:00Z,0,False,16,0,0,0,0,0,34,0,8602,0,0,5,0,0.0,0,-15,0,15,40,True,0
Konstantinos Tsimikas,DEF,Liverpool,0.0,0,0,0,0,0,0.0,0,377,0.00,0.00,0.00,0.00,336,0,0,0.0,0.0,2026-04-25T14:00:00Z,0,False,8,0,0,0,0,0,34,0,6088,0,0,1,3,0.0,0,-4,0,4,48,True,0
Tyrone Mings,DEF,Aston Villa,0.0,0,0,0,0,0,0.0,0,40,0.00,0.00,0.00,0.00,335,0,0,0.0,0.0,2026-04-25T11:30:00Z,0,False,10,0,0,0,0,0,34,0,85990,0,0,0,1,0.0,0,225,1262,1037,43,False,0
Luke Shaw,DEF,Man Utd,0.0,0,0,19,1,4,0.8,9,443,0.00,0.06,0.06,1.34,337,0,0,1.6,9.8,2026-04-27T19:00:00Z,72,False,5,0,0,0,2,0,34,0,144136,1,5,1,2,5.0,5,19933,22228,2295,45,True,1
James Rowswell,DEF,Spurs,0.0,0,0,0,0,0,0.0,0,750,0.00,0.00,0.00,0.00,340,0,0,0.0,0.0,2026-04-25T14:00:00Z,0,False,20,0,0,0,0,0,34,0,4401,0,0,1,0,0.0,0,-14,51,65,40,False,0
Aaron Hickey,DEF,Brentford,0.0,0,0,0,0,0,0.0,0,116,0.00,0.00,0.00,0.00,337,0,0,0.0,0.0,2026-04-27T19:00:00Z,0,False,14,0,0,0,0,0,34,0,45524,0,0,1,2,0.0,0,-105,483,588,40,False,0
Sékou Koné,MID,Man Utd,0.0,0,0,0,0,0,0.0,0,463,0.00,0.00,0.00,0.00,337,0,0,0.0,0.0,2026-04-27T19:00:00Z,0,False,5,0,0,0,0,0,34,0,10089,0,0,1,2,0.0,0,-53,0,53,43,True,0
Jordan Pickford,GK,Everton,0.0,0,0,3,0,0,0.1,0,287,0.01,0.01,0.00,1.17,339,2,0,1.3,12.4,2026-04-25T14:00:00Z,90,False,19,0,0,0,6,0,34,1,1852567,1,0,1,2,0.0,1,48322,73603,25281,56,False,0
Enzo Barrenechea,MID,Aston Villa,0.0,0,0,0,0,0,0.0,0,56,0.00,0.00,0.00,0.00,335,0,0,0.0,0.0,2026-04-25T11:30:00Z,0,False,10,0,0,0,0,0,34,0,45,0,0,0,1,0.0,0,0,0,0,50,False,0
Pau Torres,DEF,Aston Villa,0.0,0,0,6,0,3,4.4,4,41,0.02,0.02,0.00,1.18,335,1,0,2.5,20.2,2026-04-25T11:30:00Z,90,False,10,0,0,0,4,0,34,0,40473,1,1,0,1,0.0,1,215,744,529,43,False,1
Travis Patterson,DEF,Aston Villa,0.0,0,0,0,0,0,0.0,0,710,0.00,0.00,0.00,0.00,335,0,0,0.0,0.0,2026-04-25T11:30:00Z,0,False,10,0,0,0,0,0,34,0,25557,0,0,0,1,0.0,0,-39,152,191,39,False,0
George Hemmings,MID,Aston Villa,0.0,0,0,0,0,0,0.0,0,754,0.00,0.00,0.00,0.00,335,0,0,0.0,0.0,2026-04-25T11:30:00Z,0,False,10,0,0,0,0,0,34,0,1239,0,0,0,1,0.0,0,18,42,24,45,False,0
Igor Jesus Maciel da Cruz,FWD,Nott'm Forest,0.0,2,3,48,1,3,22.3,8,526,0.06,0.20,0.14,0.39,338,0,1,10.1,58.0,2026-04-24T19:00:00Z,66,False,17,0,0,0,5,0,34,0,264495,1,0,5,0,21.0,14,59347,65521,6174,58,False,1
Milos Kerkez,DEF,Liverpool,0.0,0,0,4,0,3,0.3,3,371,0.00,0.00,0.00,0.00,336,0,0,0.5,4.2,2026-04-25T14:00:00Z,3,False,8,0,0,0,0,0,34,0,403262,0,0,1,3,0.0,1,1522,5793,4271,56,True,0
Lamare Bogarde,DEF,Aston Villa,0.0,0,0,0,0,1,1.8,2,44,0.01,0.01,0.00,1.01,335,1,0,0.8,6.6,2026-04-25T11:30:00Z,73,False,10,0,0,0,4,0,34,0,71902,1,1,0,1,0.0,2,-390,801,1191,40,False,0
Dermot Mee,GK,Man Utd,0.0,0,0,0,0,0,0.0,0,435,0.00,0.00,0.00,0.00,337,0,0,0.0,0.0,2026-04-27T19:00:00Z,0,False,5,0,0,0,0,0,34,0,12936,0,0,1,2,0.0,0,-10,67,77,39,True,0
Alisson Becker,GK,Liverpool,0.0,0,0,0,0,0,0.0,0,366,0.00,0.00,0.00,0.00,336,0,0,0.0,0.0,2026-04-25T14:00:00Z,0,False,8,0,0,0,0,0,34,0,697103,0,0,1,3,0.0,0,-19379,258,19637,54,True,0
Fabian Schär,DEF,Newcastle,0.0,0,0,0,0,0,0.0,0,474,0.00,0.00,0.00,0.00,331,0,0,0.0,0.0,2026-04-25T16:30:00Z,0,False,1,0,0,0,0,0,34,0,147870,0,0,0,1,0.0,0,-576,35,611,52,False,0
Amad Diallo,MID,Man Utd,0.0,0,0,3,0,3,1.0,6,452,0.03,0.53,0.50,0.72,337,0,0,3.4,8.6,2026-04-27T19:00:00Z,45,False,5,0,0,0,3,0,34,0,177950,1,0,1,2,24.0,1,-1622,2587,4209,62,True,0
Jorge Cuenca Barreno,DEF,Fulham,0.0,0,0,0,0,0,0.0,0,321,0.00,0.00,0.00,0.00,335,0,0,0.0,0.0,2026-04-25T11:30:00Z,0,False,2,0,0,0,0,0,34,0,7083,0,0,0,1,0.0,0,-51,51,102,43,True,0
Edson Álvarez Velázquez,MID,West Ham,0.0,0,0,0,0,0,0.0,0,616,0.00,0.00,0.00,0.00,339,0,0,0.0,0.0,2026-04-25T14:00:00Z,0,False,9,0,0,0,0,0,34,0,5926,0,0,1,2,0.0,0,-3,0,3,49,True,0
Eberechi Eze,MID,Arsenal,0.0,0,0,25,0,0,6.1,1,266,0.00,0.17,0.17,0.36,331,0,1,5.0,29.4,2026-04-25T16:30:00Z,52,False,15,0,0,0,1,0,34,0,1100639,1,0,0,1,14.0,6,40356,47389,7033,72,True,0
Lewis Orford,MID,West Ham,0.0,0,0,0,0,0,0.0,0,622,0.00,0.00,0.00,0.00,339,0,0,0.0,0.0,2026-04-25T14:00:00Z,0,False,9,0,0,0,0,0,34,0,6741,0,0,1,2,0.0,0,-13,0,13,44,True,0
Simon Adingra,MID,Sunderland,0.0,0,0,0,0,0,0.0,0,543,0.00,0.00,0.00,0.00,338,0,0,0.0,0.0,2026-04-24T19:00:00Z,0,False,16,0,0,0,0,0,34,0,44202,0,0,5,0,0.0,0,-155,0,155,49,True,0
Alexander Isak,FWD,Liverpool,0.0,0,2,33,0,2,0.8,3,499,0.00,0.43,0.43,1.96,336,1,1,5.8,36.6,2026-04-25T14:00:00Z,78,False,8,0,0,0,1,0,34,0,603194,1,0,1,3,21.0,8,64997,69723,4726,103,True,0
Dominic Solanke-Mitchell,FWD,Spurs,0.0,0,0,9,0,2,3.6,8,596,0.09,0.09,0.00,0.13,340,0,0,2.3,11.6,2026-04-25T14:00:00Z,39,False,20,0,0,0,3,0,34,0,577368,1,3,1,0,8.0,1,124329,130041,5712,72,False,0
Rodrigo Bentancur,MID,Spurs,0.0,0,0,11,1,6,4.2,15,585,0.10,0.15,0.05,0.70,340,0,0,4.6,21.0,2026-04-25T14:00:00Z,90,False,20,0,0,0,6,0,34,0,22043,1,3,1,0,21.0,4,1172,1321,149,52,False,1
Patrick Dorgu,DEF,Man Utd,0.0,0,0,0,0,0,0.0,0,441,0.00,0.00,0.00,0.00,337,0,0,0.0,0.0,2026-04-27T19:00:00Z,0,False,5,0,0,0,0,0,34,0,307761,0,0,1,2,0.0,0,-12869,142,13011,41,True,0
Ayden Heaven,DEF,Man Utd,0.0,0,0,12,0,3,0.9,4,447,0.01,0.01,0.00,1.43,337,1,0,1.3,11.8,2026-04-27T19:00:00Z,90,False,5,0,0,0,2,0,34,0,534739,1,1,1,2,0.0,2,33789,40117,6328,37,True,0
James Tarkowski,DEF,Everton,0.0,1,0,16,0,4,22.2,6,291,0.21,0.21,0.00,1.17,339,2,0,6.3,33.0,2026-04-25T14:00:00Z,90,False,19,0,0,0,1,0,34,0,1761928,1,2,1,2,8.0,3,115292,149947,34655,57,False,1
Jack Moorhouse,MID,Man Utd,0.0,0,0,0,0,0,0.0,0,464,0.00,0.00,0.00,0.00,337,0,0,0.0,0.0,2026-04-27T19:00:00Z,0,False,5,0,0,0,0,0,34,0,2162,0,0,1,2,0.0,0,-2,0,2,45,True,0
Carlos Henrique Casimiro,MID,Man Utd,0.0,0,3,44,0,12,3.5,25,457,0.01,0.19,0.18,1.43,337,1,1,11.8,77.0,2026-04-27T19:00:00Z,90,False,5,0,0,0,2,0,34,0,574124,1,11,1,2,37.0,12,81783,95648,13865,57,True,0
José Malheiro de Sá,GK,Wolves,0.0,0,0,9,0,2,0.0,0,628,0.00,0.00,0.00,0.92,340,1,0,1.3,12.8,2026-04-25T14:00:00Z,90,False,18,0,0,0,10,0,34,1,150524,1,0,1,0,0.0,2,-5156,1127,6283,42,True,0
Fábio Freitas Gouveia Carvalho,MID,Brentford,0.0,0,0,0,0,0,0.0,0,123,0.00,0.00,0.00,0.00,337,0,0,0.0,0.0,2026-04-27T19:00:00Z,0,False,14,0,0,0,0,0,34,0,13725,0,0,1,2,0.0,0,-20,16,36,46,False,0
Sean Neave,FWD,Newcastle,0.0,0,0,0,0,0,0.0,0,501,0.00,0.00,0.00,0.00,331,0,0,0.0,0.0,2026-04-25T16:30:00Z,0,False,1,0,0,0,0,0,34,0,33079,0,0,0,1,0.0,0,-36,243,279,43,False,0
Luis Díaz Marulanda,MID,Liverpool,0.0,0,0,0,0,0,0.0,0,383,0.00,0.00,0.00,0.00,336,0,0,0.0,0.0,2026-04-25T14:00:00Z,0,False,8,0,0,0,0,0,34,0,5498,0,0,1,3,0.0,0,-1,0,1,80,True,0
Joe Hodge,MID,Wolves,0.0,0,0,0,0,0,0.0,0,653,0.00,0.00,0.00,0.00,340,0,0,0.0,0.0,2026-04-25T14:00:00Z,0,False,18,0,0,0,0,0,34,0,3222,0,0,1,0,0.0,0,-5,0,5,45,True,0
Sander Berge,MID,Fulham,0.0,0,0,11,1,3,12.8,6,330,0.14,0.20,0.06,0.93,335,0,0,2.8,7.0,2026-04-25T11:30:00Z,90,False,2,0,0,0,2,0,34,0,10965,1,1,0,1,8.0,3,-89,337,426,49,True,0
Carlos Miguel dos Santos Pereira,GK,Nott'm Forest,0.0,0,0,0,0,0,0.0,0,503,0.00,0.00,0.00,0.00,338,0,0,0.0,0.0,2026-04-24T19:00:00Z,0,False,17,0,0,0,0,0,34,0,7904,0,0,5,0,0.0,0,-23,0,23,40,False,0
Matty Cash,DEF,Aston Villa,0.0,0,0,13,0,3,23.2,7,36,0.03,0.03,0.00,1.18,335,1,0,4.4,19.0,2026-04-25T11:30:00Z,90,False,10,0,0,0,0,0,34,0,1106018,1,4,0,1,2.0,2,30196,55249,25053,47,False,0
Bendito Mantato,MID,Man Utd,0.0,0,0,0,0,0,0.0,0,769,0.00,0.00,0.00,0.00,337,0,0,0.0,0.0,2026-04-27T19:00:00Z,0,False,5,0,0,0,0,0,34,0,656,0,0,1,2,0.0,0,-1,16,17,45,True,0
Bruno Borges Fernandes,MID,Man Utd,0.0,1,0,29,0,1,67.5,9,449,0.61,0.61,0.00,1.43,337,1,0,10.4,32.8,2026-04-27T19:00:00Z,90,False,5,0,0,0,7,0,34,0,6274556,1,1,1,2,4.0,5,217225,228493,11268,103,True,0
Daniel Bentley,GK,Wolves,0.0,0,0,0,0,0,0.0,0,629,0.00,0.00,0.00,0.00,340,0,0,0.0,0.0,2026-04-25T14:00:00Z,0,False,18,0,0,0,0,0,34,0,75932,0,0,1,0,0.0,0,2030,2478,448,39,True,0
Marcus Rashford,MID,Man Utd,0.0,0,0,0,0,0,0.0,0,451,0.00,0.00,0.00,0.00,337,0,0,0.0,0.0,2026-04-27T19:00:00Z,0,False,5,0,0,0,0,0,34,0,1929,0,0,1,2,0.0,0,-1,0,1,70,True,0
TJ Carroll,DEF,Aston Villa,0.0,0,0,0,0,0,0.0,0,781,0.00,0.00,0.00,0.00,335,0,0,0.0,0.0,2026-04-25T11:30:00Z,0,False,10,0,0,0,0,0,34,0,2281,0,0,0,1,0.0,0,12,47,35,40,False,0
Rico Henry,DEF,Brentford,0.0,0,0,0,0,0,0.0,0,109,0.00,0.00,0.00,0.00,337,0,0,0.0,0.0,2026-04-27T19:00:00Z,0,False,14,0,0,0,0,0,34,0,16886,0,0,1,2,0.0,0,-609,14,623,43,False,0
Samuel Iling-Junior,MID,Aston Villa,0.0,0,0,0,0,0,0.0,0,51,0.00,0.00,0.00,0.00,335,0,0,0.0,0.0,2026-04-25T11:30:00Z,0,False,10,0,0,0,0,0,34,0,2418,0,0,0,1,0.0,0,-2,0,2,55,False,0
Jarrad Branthwaite,DEF,Everton,0.0,0,0,0,0,0,0.0,0,290,0.00,0.00,0.00,0.00,339,0,0,0.0,0.0,2026-04-25T14:00:00Z,0,False,19,0,0,0,0,0,34,0,50387,0,0,1,2,0.0,0,-9289,2145,11434,53,False,0
Ethan Pinnock,DEF,Brentford,0.0,0,0,0,0,0,0.0,0,111,0.00,0.00,0.00,0.00,337,0,0,0.0,0.0,2026-04-27T19:00:00Z,0,False,14,0,0,0,0,0,34,0,17073,0,0,1,2,0.0,0,-152,313,465,42,False,0
Wellity Lucky,DEF,Liverpool,0.0,0,0,0,0,0,0.0,0,760,0.00,0.00,0.00,0.00,336,0,0,0.0,0.0,2026-04-25T14:00:00Z,0,False,8,0,0,0,0,0,34,0,2760,0,0,1,3,0.0,0,10,38,28,40,True,0
Kai Havertz,FWD,Arsenal,0.0,1,0,13,0,1,11.0,1,30,0.03,0.03,0.00,0.33,331,0,0,3.3,18.2,2026-04-25T16:30:00Z,33,False,15,0,0,0,0,0,34,0,152770,1,0,0,1,4.0,4,47688,50384,2696,73,True,0
Raúl Jiménez Rodríguez,FWD,Fulham,0.0,0,0,9,1,1,24.8,2,337,0.02,0.16,0.14,0.55,335,0,0,4.9,7.4,2026-04-25T11:30:00Z,65,False,2,0,0,0,1,0,34,0,306468,1,0,0,1,17.0,2,8023,26984,18961,61,True,0
Brian Brobbey,FWD,Sunderland,0.0,0,0,4,0,0,16.3,2,730,0.01,0.01,0.00,1.10,338,5,0,2.9,3.0,2026-04-24T19:00:00Z,90,False,16,0,0,0,1,0,34,0,234774,1,1,5,0,10.0,2,76376,81588,5212,53,True,0
Evann Guessand,MID,Crystal Palace,0.0,0,0,0,0,0,0.0,0,677,0.00,0.00,0.00,0.00,336,0,0,0.0,0.0,2026-04-25T14:00:00Z,0,False,12,0,0,0,0,0,34,0,5808,0,0,1,3,0.0,0,-297,38,335,62,False,0
Kaye Furo,FWD,Brentford,0.0,0,0,0,0,0,0.0,0,797,0.00,0.00,0.00,0.00,337,0,0,0.0,0.0,2026-04-27T19:00:00Z,0,False,14,0,0,0,0,0,34,0,2151,0,0,1,2,0.0,0,-101,46,147,45,False,0
Antony dos Santos,MID,Man Utd,0.0,0,0,0,0,0,0.0,0,454,0.00,0.00,0.00,0.00,337,0,0,0.0,0.0,2026-04-27T19:00:00Z,0,False,5,0,0,0,0,0,34,0,7312,0,0,1,2,0.0,0,-6,0,6,59,True,0
Tyler Onyango,MID,Everton,0.0,0,0,0,0,0,0.0,0,704,0.00,0.00,0.00,0.00,339,0,0,0.0,0.0,2026-04-25T14:00:00Z,0,False,19,0,0,0,0,0,34,0,6331,0,0,1,2,0.0,0,-11,0,11,45,False,0
