name,position,team,xP,assists,bonus,bps,clean_sheets,clearances_blocks_interceptions,creativity,defensive_contribution,element,expected_assists,expected_goal_involvements,expected_goals,expected_goals_conceded,fixture,goals_conceded,goals_scored,ict_index,influence,kickoff_time,minutes,modified,opponent_team,own_goals,penalties_missed,penalties_saved,recoveries,red_cards,round,saves,selected,starts,tackles,team_a_score,team_h_score,threat,total_points,transfers_balance,transfers_in,transfers_out,value,was_home,yellow_cards
Reinildo Mandava,DEF,Sunderland,0.0,0,0,9,0,2,11.0,3,541,0.00,0.00,0.00,1.28,350,1,0,2.0,9.2,2026-05-02T14:00:00Z,71,False,20,0,0,0,3,0,35,0,374800,1,1,1,1,0.0,2,-556,5476,6032,38,False,0
Lorenzo Lucca,FWD,Nott'm Forest,0.0,0,0,0,0,0,0.0,0,805,0.00,0.00,0.00,0.00,345,0,0,0.0,0.0,2026-05-04T14:00:00Z,0,False,7,0,0,0,0,0,35,0,1903,0,0,3,1,0.0,0,-75,65,140,54,False,0
Lewis Dobbin,MID,Aston Villa,0.0,0,0,0,0,0,0.0,0,57,0.00,0.00,0.00,0.00,342,0,0,0.0,0.0,2026-05-03T18:00:00Z,0,False,18,0,0,0,0,0,35,0,3116,0,0,2,1,0.0,0,0,0,0,50,True,0
Ryan Christie,MID,Bournemouth,0.0,0,0,7,0,0,0.8,4,87,0.00,0.00,0.00,0.64,343,0,0,0.6,5.6,2026-05-03T13:00:00Z,21,False,8,0,0,0,2,0,35,0,20898,0,2,0,3,0.0,1,-1597,314,1911,49,True,0
Leo Shahar,DEF,Newcastle,0.0,0,0,0,0,0,0.0,0,765,0.00,0.00,0.00,0.00,349,0,0,0.0,0.0,2026-05-02T14:00:00Z,0,False,6,0,0,0,0,0,35,0,4206,0,0,1,3,0.0,0,33,104,71,40,True,0
Zeki Amdouni,FWD,Burnley,0.0,0,0,4,0,0,1.9,0,216,0.01,0.08,0.07,0.17,347,0,0,0.8,1.4,2026-05-01T19:00:00Z,14,False,11,0,0,0,0,0,35,0,2842,0,0,1,3,5.0,1,-6,23,29,48,False,0
Lucas Tolentino Coelho de Lima,MID,West Ham,0.0,0,0,0,0,0,0.0,0,612,0.00,0.00,0.00,0.00,344,0,0,0.0,0.0,2026-05-02T14:00:00Z,0,False,5,0,0,0,0,0,35,0,137809,0,0,0,3,0.0,0,-422,0,422,59,False,0
Jorrel Hato,DEF,Chelsea,0.0,0,0,0,0,0,0.0,0,672,0.00,0.00,0.00,0.00,345,0,0,0.0,0.0,2026-05-04T14:00:00Z,0,False,16,0,0,0,0,0,35,0,24539,0,0,3,1,0.0,0,-72,257,329,46,True,0
Myles Peart-Harris,MID,Brentford,0.0,0,0,0,0,0,0.0,0,133,0.00,0.00,0.00,0.00,344,0,0,0.0,0.0,2026-05-02T14:00:00Z,0,False,19,0,0,0,0,0,35,0,4010,0,0,0,3,0.0,0,-16,0,16,44,True,0
Bashir Humphreys,DEF,Burnley,0.0,0,0,3,0,8,1.8,9,193,0.01,0.06,0.05,1.47,347,3,0,3.8,17.2,2026-05-01T19:00:00Z,75,False,11,0,0,0,4,0,35,0,16143,1,1,1,3,19.0,0,-366,94,460,39,False,1
Romain Faivre,MID,Bournemouth,0.0,0,0,0,0,0,0.0,0,92,0.00,0.00,0.00,0.00,343,0,0,0.0,0.0,2026-05-03T13:00:00Z,0,False,8,0,0,0,0,0,35,0,7712,0,0,0,3,0.0,0,-15,0,15,45,True,0
Enock Agyei,MID,Burnley,0.0,0,0,0,0,0,0.0,0,203,0.00,0.00,0.00,0.00,347,0,0,0.0,0.0,2026-05-01T19:00:00Z,0,False,11,0,0,0,0,0,35,0,6177,0,0,1,3,0.0,0,35,77,42,47,False,0
Callum Bates,MID,Everton,0.0,0,0,0,0,0,0.0,0,306,0.00,0.00,0.00,0.00,346,0,0,0.0,0.0,2026-05-04T19:00:00Z,0,False,13,0,0,0,0,0,35,0,12203,0,0,3,3,0.0,0,-126,140,266,43,True,0
Harry Tyrer,GK,Everton,0.0,0,0,0,0,0,0.0,0,289,0.00,0.00,0.00,0.00,346,0,0,0.0,0.0,2026-05-04T19:00:00Z,0,False,13,0,0,0,0,0,35,0,11421,0,0,3,3,0.0,0,-79,0,79,39,True,0
Etienne Green,GK,Burnley,0.0,0,0,0,0,0,0.0,0,184,0.00,0.00,0.00,0.00,347,0,0,0.0,0.0,2026-05-01T19:00:00Z,0,False,11,0,0,0,0,0,35,0,20347,0,0,1,3,0.0,0,-80,0,80,40,False,0
Destiny Udogie,DEF,Spurs,0.0,0,0,7,0,3,23.1,4,574,0.02,0.02,0.00,0.32,342,1,0,3.7,11.4,2026-05-03T18:00:00Z,90,False,2,0,0,0,3,0,35,0,39585,1,1,2,1,2.0,2,-896,51,947,43,False,0
Simon Moore,GK,Sunderland,0.0,0,0,0,0,0,0.0,0,529,0.00,0.00,0.00,0.00,350,0,0,0.0,0.0,2026-05-02T14:00:00Z,0,False,20,0,0,0,0,0,35,0,43596,0,0,1,1,0.0,0,-543,77,620,39,False,0
Ben Winterburn,MID,Bournemouth,0.0,0,0,0,0,0,0.0,0,96,0.00,0.00,0.00,0.00,343,0,0,0.0,0.0,2026-05-03T13:00:00Z,0,False,8,0,0,0,0,0,35,0,3847,0,0,0,3,0.0,0,-8,0,8,45,True,0
Mikey Moore,MID,Spurs,0.0,0,0,0,0,0,0.0,0,592,0.00,0.00,0.00,0.00,342,0,0,0.0,0.0,2026-05-03T18:00:00Z,0,False,2,0,0,0,0,0,35,0,418,0,0,2,1,0.0,0,0,0,0,50,False,0
Jesse Derry,MID,Chelsea,0.0,0,0,5,0,0,6.4,3,829,0.02,0.12,0.10,1.09,345,2,0,3.6,4.6,2026-05-04T14:00:00Z,45,False,16,0,0,0,2,0,35,0,53,1,1,3,1,25.0,1,16,22,6,45,True,0
Pape Matar Sarr,MID,Spurs,0.0,0,0,1,0,0,0.0,0,593,0.00,0.00,0.00,0.06,342,1,0,0.0,0.0,2026-05-03T18:00:00Z,1,False,2,0,0,0,0,0,35,0,126575,0,0,2,1,0.0,1,-8384,48,8432,45,False,0
Hákon Rafn Valdimarsson,GK,Brentford,0.0,0,0,0,0,0,0.0,0,105,0.00,0.00,0.00,0.00,344,0,0,0.0,0.0,2026-05-02T14:00:00Z,0,False,19,0,0,0,0,0,35,0,100525,0,0,0,3,0.0,0,5405,7769,2364,38,True,0
Toby Collyer,MID,Man Utd,0.0,0,0,0,0,0,0.0,0,460,0.00,0.00,0.00,0.00,348,0,0,0.0,0.0,2026-05-03T14:30:00Z,0,False,12,0,0,0,0,0,35,0,3235,0,0,2,3,0.0,0,-5,0,5,45,True,0
Jaydon Jones,MID,Sunderland,0.0,0,0,0,0,0,0.0,0,822,0.00,0.00,0.00,0.00,350,0,0,0.0,0.0,2026-05-02T14:00:00Z,0,False,20,0,0,0,0,0,35,0,283,0,0,1,1,0.0,0,19,41,22,45,False,0
Marcos Senesi Barón,DEF,Bournemouth,0.0,1,3,39,1,11,20.5,14,72,0.13,0.13,0.00,0.89,343,0,0,6.3,36.0,2026-05-03T13:00:00Z,90,False,8,0,0,0,4,0,35,0,2700529,1,3,0,3,6.0,14,-49962,62681,112643,52,True,0
Adam Armstrong,FWD,Wolves,0.0,0,0,9,0,0,13.3,3,817,0.17,0.49,0.32,0.66,350,1,0,6.9,11.8,2026-05-02T14:00:00Z,90,False,17,0,0,0,1,0,35,0,9321,1,2,1,1,44.0,2,-830,1452,2282,52,True,0
Tyler Morton,MID,Liverpool,0.0,0,0,0,0,0,0.0,0,395,0.00,0.00,0.00,0.00,348,0,0,0.0,0.0,2026-05-03T14:30:00Z,0,False,14,0,0,0,0,0,35,0,266,0,0,2,3,0.0,0,0,0,0,45,False,0
Alexis Mac Allister,MID,Liverpool,0.0,0,0,17,0,1,16.0,6,386,0.15,0.15,0.00,2.34,348,3,0,2.9,13.4,2026-05-03T14:30:00Z,90,False,14,0,0,0,3,0,35,0,254171,1,2,2,3,0.0,2,-5436,6314,11750,62,False,0
André Trindade da Costa Neto,MID,Wolves,0.0,0,0,14,0,3,38.4,10,643,0.05,0.10,0.05,0.66,350,1,0,6.0,17.4,2026-05-02T14:00:00Z,90,False,17,0,0,0,7,0,35,0,15722,1,0,1,1,4.0,2,-782,1062,1844,52,True,0
Harrison Ashby,DEF,Newcastle,0.0,0,0,0,0,0,0.0,0,482,0.00,0.00,0.00,0.00,349,0,0,0.0,0.0,2026-05-02T14:00:00Z,0,False,6,0,0,0,0,0,35,0,14062,0,0,1,3,0.0,0,-51,0,51,39,True,0
Samuel Amissah,DEF,Fulham,0.0,0,0,0,0,0,0.0,0,323,0.00,0.00,0.00,0.00,341,0,0,0.0,0.0,2026-05-02T16:30:00Z,0,False,1,0,0,0,0,0,35,0,18776,0,0,0,3,0.0,0,-29,144,173,38,False,0
Luís Hemir Silva Semedo,FWD,Sunderland,0.0,0,0,0,0,0,0.0,0,563,0.00,0.00,0.00,0.00,350,0,0,0.0,0.0,2026-05-02T14:00:00Z,0,False,20,0,0,0,0,0,35,0,10477,0,0,1,1,0.0,0,-22,0,22,44,False,0
Adama Traoré Diarra,MID,West Ham,0.0,0,0,3,0,0,5.3,1,326,0.01,0.01,0.00,0.14,344,1,0,1.2,4.2,2026-05-02T14:00:00Z,16,False,5,0,0,0,0,0,35,0,20002,0,1,0,3,2.0,1,-177,107,284,51,False,0
Yasin Ayari,MID,Brighton,0.0,0,0,0,0,0,0.0,0,166,0.00,0.00,0.00,0.00,349,0,0,0.0,0.0,2026-05-02T14:00:00Z,0,False,15,0,0,0,0,0,35,0,51107,0,0,1,3,0.0,0,-683,1916,2599,48,False,0
Mateo Kovačić,MID,Man City,0.0,1,0,16,0,0,35.1,3,422,0.30,0.36,0.06,1.16,346,1,0,6.0,23.6,2026-05-04T19:00:00Z,15,False,9,0,0,0,2,0,35,0,2868,0,1,3,3,1.0,4,27,54,27,58,False,0
Thierno Barry,FWD,Everton,0.0,0,2,55,0,1,0.0,5,310,0.00,1.33,1.33,0.62,346,2,2,10.4,70.0,2026-05-04T19:00:00Z,26,False,13,0,0,0,2,0,35,0,92981,0,2,3,3,34.0,11,-8108,565,8673,57,True,0
Ollie Scarles,DEF,West Ham,0.0,0,0,2,0,1,10.4,2,608,0.00,0.00,0.00,0.10,344,0,0,1.4,4.0,2026-05-02T14:00:00Z,2,False,5,0,0,0,0,0,35,0,4824,0,1,0,3,0.0,0,-22,25,47,43,False,1
Rico Lewis,DEF,Man City,0.0,0,0,0,0,0,0.0,0,410,0.00,0.00,0.00,0.00,346,0,0,0.0,0.0,2026-05-04T19:00:00Z,0,False,9,0,0,0,0,0,35,0,153920,0,0,3,3,0.0,0,-176,287,463,46,False,0
Brenden Aaronson,MID,Leeds,0.0,0,0,8,0,2,0.9,6,350,0.00,0.00,0.00,0.22,347,0,0,0.5,4.4,2026-05-01T19:00:00Z,18,False,3,0,0,0,3,0,35,0,172942,0,1,1,3,0.0,1,27529,36991,9462,54,True,0
Eliezer Mayenda Dossou,FWD,Sunderland,0.0,0,0,0,0,0,0.0,0,561,0.00,0.00,0.00,0.00,350,0,0,0.0,0.0,2026-05-02T14:00:00Z,0,False,20,0,0,0,0,0,35,0,65798,0,0,1,1,0.0,0,-394,184,578,52,False,0
Seth Ridgeon,MID,Fulham,0.0,0,0,0,0,0,0.0,0,770,0.00,0.00,0.00,0.00,341,0,0,0.0,0.0,2026-05-02T16:30:00Z,0,False,1,0,0,0,0,0,35,0,730,0,0,0,3,0.0,0,36,66,30,45,False,0
Steven Benda,GK,Fulham,0.0,0,0,0,0,0,0.0,0,315,0.00,0.00,0.00,0.00,341,0,0,0.0,0.0,2026-05-02T16:30:00Z,0,False,1,0,0,0,0,0,35,0,898,0,0,0,3,0.0,0,-7,0,7,40,False,0
Myles Lewis-Skelly,DEF,Arsenal,0.0,0,0,28,1,1,15.5,3,10,0.07,0.07,0.00,0.37,341,0,0,2.9,11.6,2026-05-02T16:30:00Z,90,False,10,0,0,0,6,0,35,0,181987,1,2,0,3,2.0,6,-181,342,523,50,True,0
Hugo Bueno López,DEF,Wolves,0.0,1,0,23,0,3,42.8,3,633,0.35,0.44,0.09,0.56,350,1,0,8.3,30.0,2026-05-02T14:00:00Z,77,False,17,0,0,0,2,0,35,0,25601,1,0,1,1,10.0,5,-520,1774,2294,43,True,0
Milan Aleksić,MID,Sunderland,0.0,0,0,0,0,0,0.0,0,546,0.00,0.00,0.00,0.00,350,0,0,0.0,0.0,2026-05-02T14:00:00Z,0,False,20,0,0,0,0,0,35,0,2326,0,0,1,1,0.0,0,8,21,13,49,False,0
Toti Gomes,DEF,Wolves,0.0,0,0,15,0,10,12.8,12,637,0.08,0.39,0.31,0.66,350,1,0,8.1,34.8,2026-05-02T14:00:00Z,90,False,17,0,0,0,4,0,35,0,11342,1,2,1,1,33.0,4,131,455,324,42,True,0
Ismaïla Sarr,MID,Crystal Palace,0.0,0,0,-3,0,0,15.4,1,267,0.14,0.68,0.54,0.59,343,1,0,3.1,0.4,2026-05-03T13:00:00Z,45,False,4,0,0,0,1,0,35,0,595302,0,0,0,3,15.0,1,95785,134503,38718,63,False,0
Abdukodir Khusanov,DEF,Man City,0.0,0,0,10,0,7,2.2,10,406,0.02,0.03,0.01,2.77,346,3,0,3.5,32.2,2026-05-04T19:00:00Z,90,False,9,0,0,0,8,0,35,0,84470,1,3,3,3,1.0,3,12101,13655,1554,54,False,0
André Onana,GK,Man Utd,0.0,0,0,0,0,0,0.0,0,432,0.00,0.00,0.00,0.00,348,0,0,0.0,0.0,2026-05-03T14:30:00Z,0,False,12,0,0,0,0,0,35,0,18197,0,0,2,3,0.0,0,-15,0,15,49,True,0
Rio Cardines,MID,Crystal Palace,0.0,0,0,0,0,0,0.0,0,690,0.00,0.00,0.00,0.00,343,0,0,0.0,0.0,2026-05-03T13:00:00Z,0,False,4,0,0,0,0,0,35,0,33514,0,0,0,3,0.0,0,-37,41,78,44,False,0
Alejandro Garnacho Ferreyra,MID,Chelsea,0.0,0,0,0,0,0,0.0,0,453,0.00,0.00,0.00,0.00,345,0,0,0.0,0.0,2026-05-04T14:00:00Z,0,False,16,0,0,0,0,0,35,0,59231,0,0,3,1,0.0,0,-408,439,847,64,True,0
Talla Ndiaye,DEF,Liverpool,0.0,0,0,0,0,0,0.0,0,832,0.00,0.00,0.00,0.00,348,0,0,0.0,0.0,2026-05-03T14:30:00Z,0,False,14,0,0,0,0,0,35,0,0,0,0,2,3,0.0,0,0,0,0,40,False,0
Tammy Abraham,FWD,Aston Villa,0.0,0,0,2,0,1,1.3,2,808,0.00,0.00,0.00,0.96,342,2,0,0.2,0.2,2026-05-03T18:00:00Z,59,False,18,0,0,0,1,0,35,0,24984,1,0,2,1,0.0,1,-2160,803,2963,58,True,0
Dan Neil,MID,Sunderland,0.0,0,0,0,0,0,0.0,0,549,0.00,0.00,0.00,0.00,350,0,0,0.0,0.0,2026-05-02T14:00:00Z,0,False,20,0,0,0,0,0,35,0,3543,0,0,1,1,0.0,0,-8,0,8,48,False,0
Kiernan Dewsbury-Hall,MID,Everton,0.0,0,0,4,0,1,10.8,9,242,0.01,0.08,0.07,1.34,346,2,0,1.9,3.6,2026-05-04T19:00:00Z,90,False,13,0,0,0,5,0,35,0,793863,1,3,3,3,5.0,2,38629,95080,56451,52,True,0
Kieran Trippier,DEF,Newcastle,0.0,0,0,0,0,0,0.0,0,478,0.00,0.00,0.00,0.00,349,0,0,0.0,0.0,2026-05-02T14:00:00Z,0,False,6,0,0,0,0,0,35,0,182492,0,0,1,3,0.0,0,-771,697,1468,49,True,0
João Maria Lobo Alves Palhares Costa Palhinha Gonçalves,MID,Spurs,0.0,0,0,18,0,4,3.8,10,673,0.02,0.04,0.02,0.32,342,1,0,3.0,19.4,2026-05-03T18:00:00Z,90,False,2,0,0,0,4,0,35,0,99485,1,2,2,1,7.0,2,1088,2490,1402,55,False,0
Tino Livramento,DEF,Newcastle,0.0,0,0,0,0,0,0.0,0,477,0.00,0.00,0.00,0.00,349,0,0,0.0,0.0,2026-05-02T14:00:00Z,0,False,6,0,0,0,0,0,35,0,243490,0,0,1,3,0.0,0,-3737,32,3769,49,True,0
Issa Diop,DEF,Fulham,0.0,0,0,0,0,0,0.0,0,320,0.00,0.00,0.00,0.00,341,0,0,0.0,0.0,2026-05-02T16:30:00Z,0,False,1,0,0,0,0,0,35,0,9894,0,0,0,3,0.0,0,-11,101,112,43,False,0
Rasmus Højlund,FWD,Man Utd,0.0,0,0,0,0,0,0.0,0,465,0.00,0.00,0.00,0.00,348,0,0,0.0,0.0,2026-05-03T14:30:00Z,0,False,12,0,0,0,0,0,35,0,32894,0,0,2,3,0.0,0,-17,0,17,63,True,0
Dane Scarlett,FWD,Spurs,0.0,0,0,0,0,0,0.0,0,599,0.00,0.00,0.00,0.00,342,0,0,0.0,0.0,2026-05-03T18:00:00Z,0,False,2,0,0,0,0,0,35,0,68889,0,0,2,1,0.0,0,-259,0,259,43,False,0
Ezri Konsa Ngoyo,DEF,Aston Villa,0.0,0,0,0,0,0,0.0,0,38,0.00,0.00,0.00,0.00,342,0,0,0.0,0.0,2026-05-03T18:00:00Z,0,False,18,0,0,0,0,0,35,0,1002607,0,0,2,1,0.0,0,-21142,6058,27200,44,True,0
Caleb Kporha,DEF,Crystal Palace,0.0,0,0,0,0,0,0.0,0,265,0.00,0.00,0.00,0.00,343,0,0,0.0,0.0,2026-05-03T13:00:00Z,0,False,4,0,0,0,0,0,35,0,2545,0,0,0,3,0.0,0,-8,39,47,40,False,0
Leon Routh,DEF,Aston Villa,0.0,0,0,0,0,0,0.0,0,768,0.00,0.00,0.00,0.00,342,0,0,0.0,0.0,2026-05-03T18:00:00Z,0,False,18,0,0,0,0,0,35,0,2544,0,0,2,1,0.0,0,-10,15,25,40,True,0
Archie Gray,MID,Spurs,0.0,0,0,0,0,0,0.0,0,591,0.00,0.00,0.00,0.00,342,0,0,0.0,0.0,2026-05-03T18:00:00Z,0,False,2,0,0,0,0,0,35,0,19509,0,0,2,1,0.0,0,-832,166,998,48,False,0
Noah Sadiki,MID,Sunderland,0.0,0,0,16,0,2,23.3,6,552,0.06,0.09,0.03,1.28,350,1,0,3.8,9.4,2026-05-02T14:00:00Z,71,False,20,0,0,0,3,0,35,0,8607,1,1,1,1,5.0,2,411,640,229,49,False,0
Sávio Moreira de Oliveira,MID,Man City,0.0,0,0,0,0,0,0.0,0,415,0.00,0.00,0.00,0.00,346,0,0,0.0,0.0,2026-05-04T19:00:00Z,0,False,9,0,0,0,0,0,35,0,51609,0,0,3,3,0.0,0,71,276,205,69,False,0
Nathan Collins,DEF,Brentford,0.0,0,0,27,1,5,10.8,6,106,0.00,0.00,0.00,0.92,344,0,0,3.0,15.0,2026-05-02T14:00:00Z,90,False,19,0,0,0,5,0,35,0,352011,1,1,0,3,4.0,6,-2773,9084,11857,49,True,0
Manuel Ugarte Ribeiro,MID,Man Utd,0.0,0,0,0,0,0,0.0,0,459,0.00,0.00,0.00,0.00,348,0,0,0.0,0.0,2026-05-03T14:30:00Z,0,False,12,0,0,0,0,0,35,0,18417,0,0,2,3,0.0,0,-134,75,209,47,True,0
Lewis Hall,DEF,Newcastle,0.0,0,0,9,0,1,14.5,1,473,0.03,0.03,0.00,0.52,349,0,0,2.5,8.4,2026-05-02T14:00:00Z,22,False,6,0,0,0,1,0,35,0,470126,0,0,1,3,2.0,1,-29200,7188,36388,54,True,0
Wesley Fofana,DEF,Chelsea,0.0,0,0,0,0,0,0.0,0,230,0.00,0.00,0.00,0.00,345,0,0,0.0,0.0,2026-05-04T14:00:00Z,0,False,16,0,0,0,0,0,35,0,50456,0,0,3,1,0.0,0,-2189,415,2604,44,True,0
Martial Godo,MID,Fulham,0.0,0,0,0,0,0,0.0,0,333,0.00,0.00,0.00,0.00,341,0,0,0.0,0.0,2026-05-02T16:30:00Z,0,False,1,0,0,0,0,0,35,0,2969,0,0,0,3,0.0,0,-6,0,6,45,False,0
Leo Fuhr Hjelde,DEF,Sunderland,0.0,0,0,0,0,0,0.0,0,536,0.00,0.00,0.00,0.00,350,0,0,0.0,0.0,2026-05-02T14:00:00Z,0,False,20,0,0,0,0,0,35,0,1625,0,0,1,1,0.0,0,-9,0,9,40,False,0
Krisztián Hegyi,GK,West Ham,0.0,0,0,0,0,0,0.0,0,602,0.00,0.00,0.00,0.00,344,0,0,0.0,0.0,2026-05-02T14:00:00Z,0,False,5,0,0,0,0,0,35,0,25254,0,0,0,3,0.0,0,-196,0,196,39,False,0
Will Hughes,MID,Crystal Palace,0.0,0,0,0,0,0,0.0,0,270,0.00,0.00,0.00,0.00,343,0,0,0.0,0.0,2026-05-03T13:00:00Z,0,False,4,0,0,0,0,0,35,0,13035,0,0,0,3,0.0,0,-16,228,244,47,False,0
Jadon Sancho,MID,Aston Villa,0.0,0,0,8,0,0,2.0,5,456,0.01,0.01,0.00,0.99,342,2,0,0.6,4.2,2026-05-03T18:00:00Z,84,False,18,0,0,0,4,0,35,0,28412,1,1,2,1,0.0,2,-75,235,310,58,True,0
Amine Adli,MID,Bournemouth,0.0,0,0,3,0,0,0.5,0,697,0.00,0.00,0.00,0.54,343,0,0,0.1,0.2,2026-05-03T13:00:00Z,4,False,8,0,0,0,0,0,35,0,32298,0,0,0,3,0.0,1,-3090,136,3226,54,True,0
Micky van de Ven,DEF,Spurs,0.0,0,0,9,0,1,0.8,2,575,0.01,0.01,0.00,0.32,342,1,0,0.8,6.8,2026-05-03T18:00:00Z,90,False,2,0,0,0,4,0,35,0,2322341,1,1,2,1,0.0,2,-45506,7326,52832,44,False,0
Konstantinos Mavropanos,DEF,West Ham,0.0,0,0,-7,0,7,1.0,7,606,0.01,0.01,0.00,2.27,344,3,0,1.0,7.0,2026-05-02T14:00:00Z,90,False,5,1,0,0,4,0,35,0,279608,1,0,0,3,2.0,-1,17440,40696,23256,45,False,0
Emmanuel Agbadou,DEF,Wolves,0.0,0,0,0,0,0,0.0,0,631,0.00,0.00,0.00,0.00,350,0,0,0.0,0.0,2026-05-02T14:00:00Z,0,False,17,0,0,0,0,0,35,0,14433,0,0,1,1,0.0,0,-48,0,48,42,True,0
Oscar Bobb,MID,Fulham,0.0,0,0,5,0,0,0.4,2,424,0.00,0.00,0.00,0.31,341,0,0,0.5,4.2,2026-05-02T16:30:00Z,26,False,1,0,0,0,0,0,35,0,27774,0,2,0,3,0.0,1,-571,114,685,51,False,0
Oluwaseun Adewumi,MID,Burnley,0.0,0,0,0,0,0,0.0,0,212,0.00,0.00,0.00,0.00,347,0,0,0.0,0.0,2026-05-01T19:00:00Z,0,False,11,0,0,0,0,0,35,0,779,0,0,1,3,0.0,0,-1,0,1,45,False,0
Jordan Henderson,MID,Brentford,0.0,0,0,0,0,0,0.0,0,124,0.00,0.00,0.00,0.00,344,0,0,0.0,0.0,2026-05-02T14:00:00Z,0,False,19,0,0,0,0,0,35,0,38629,0,0,0,3,0.0,0,-853,31,884,50,True,0
Harry Wilson,MID,Fulham,0.0,0,0,9,0,0,25.6,2,329,0.15,0.15,0.00,2.92,341,3,0,3.1,5.0,2026-05-02T16:30:00Z,63,False,1,0,0,0,0,0,35,0,2603490,1,2,0,3,0.0,2,-298182,31506,329688,60,False,0
Charlie Stevens,MID,Bournemouth,0.0,0,0,0,0,0,0.0,0,799,0.00,0.00,0.00,0.00,343,0,0,0.0,0.0,2026-05-03T13:00:00Z,0,False,8,0,0,0,0,0,35,0,723,0,0,0,3,0.0,0,10,36,26,45,True,0
Malick Thiaw,DEF,Newcastle,0.0,0,0,9,0,8,0.1,9,684,0.00,0.82,0.82,1.53,349,1,0,6.2,29.2,2026-05-02T14:00:00Z,90,False,6,0,0,0,5,0,35,0,692511,1,1,1,3,33.0,2,-82122,10228,92350,50,True,0
Emerson Palmieri dos Santos,DEF,West Ham,0.0,0,0,0,0,0,0.0,0,604,0.00,0.00,0.00,0.00,344,0,0,0.0,0.0,2026-05-02T14:00:00Z,0,False,5,0,0,0,0,0,35,0,6509,0,0,0,3,0.0,0,-11,0,11,44,False,0
Godwill Kukonki,DEF,Man Utd,0.0,0,0,0,0,0,0.0,0,788,0.00,0.00,0.00,0.00,348,0,0,0.0,0.0,2026-05-03T14:30:00Z,0,False,12,0,0,0,0,0,35,0,1740,0,0,2,3,0.0,0,1,18,17,40,True,0
Trey Nyoni,MID,Liverpool,0.0,0,0,0,0,0,0.0,0,396,0.00,0.00,0.00,0.00,348,0,0,0.0,0.0,2026-05-03T14:30:00Z,0,False,14,0,0,0,0,0,35,0,38731,0,0,2,3,0.0,0,-278,152,430,43,False,0
Conor McManus,DEF,Brentford,0.0,0,0,0,0,0,0.0,0,824,0.00,0.00,0.00,0.00,344,0,0,0.0,0.0,2026-05-02T14:00:00Z,0,False,19,0,0,0,0,0,35,0,485,0,0,0,3,0.0,0,21,38,17,40,True,0
Nilson Angulo,MID,Sunderland,0.0,0,0,0,0,0,0.0,0,813,0.00,0.00,0.00,0.00,350,0,0,0.0,0.0,2026-05-02T14:00:00Z,0,False,20,0,0,0,0,0,35,0,512,0,0,1,1,0.0,0,-11,6,17,50,False,0
Angel Gomes,MID,Wolves,0.0,0,0,2,0,0,1.8,1,816,0.02,0.02,0.00,0.10,350,0,0,0.3,1.0,2026-05-02T14:00:00Z,12,False,17,0,0,0,1,0,35,0,1627,0,0,1,1,0.0,1,95,256,161,46,True,0
Saheed Olagunju,DEF,Wolves,0.0,0,0,0,0,0,0.0,0,766,0.00,0.00,0.00,0.00,350,0,0,0.0,0.0,2026-05-02T14:00:00Z,0,False,17,0,0,0,0,0,35,0,4468,0,0,1,1,0.0,0,33,252,219,40,True,0
Ladislav Krejcí,DEF,Wolves,0.0,0,0,0,0,0,0.0,0,709,0.00,0.00,0.00,0.00,350,0,0,0.0,0.0,2026-05-02T14:00:00Z,0,False,17,0,0,0,0,0,35,0,7980,0,0,1,1,0.0,0,-576,74,650,45,True,0
Malo Gusto,DEF,Chelsea,0.0,0,0,6,0,3,62.4,3,228,0.11,0.21,0.10,2.05,345,3,0,10.2,18.8,2026-05-04T14:00:00Z,90,False,16,0,0,0,4,0,35,0,256000,1,0,3,1,21.0,0,-5426,2940,8366,49,True,1
Riley Owen,MID,Brentford,0.0,0,0,0,0,0,0.0,0,826,0.00,0.00,0.00,0.00,344,0,0,0.0,0.0,2026-05-02T14:00:00Z,0,False,19,0,0,0,0,0,35,0,144,0,0,0,3,0.0,0,45,56,11,45,True,0
Jérémy Doku,MID,Man City,0.0,0,3,68,0,1,52.5,8,418,0.27,0.38,0.11,2.77,346,3,2,18.6,87.4,2026-05-04T19:00:00Z,90,False,9,0,0,0,5,0,35,0,351452,1,2,3,3,46.0,15,18088,22077,3989,64,False,0
Triston Rowe,DEF,Aston Villa,0.0,0,0,0,0,0,0.0,0,701,0.00,0.00,0.00,0.00,342,0,0,0.0,0.0,2026-05-03T18:00:00Z,0,False,18,0,0,0,0,0,35,0,8893,0,0,2,1,0.0,0,-9,0,9,40,True,0
Luis Guilherme Lira dos Santos,MID,West Ham,0.0,0,0,0,0,0,0.0,0,619,0.00,0.00,0.00,0.00,344,0,0,0.0,0.0,2026-05-02T14:00:00Z,0,False,5,0,0,0,0,0,35,0,2456,0,0,0,3,0.0,0,-4,0,4,49,False,0
Sebastiaan Bornauw,DEF,Leeds,0.0,0,0,0,0,0,0.0,0,345,0.00,0.00,0.00,0.00,347,0,0,0.0,0.0,2026-05-01T19:00:00Z,0,False,3,0,0,0,0,0,35,0,16830,0,0,1,3,0.0,0,-208,121,329,38,True,0
Kendry Páez Andrade,MID,Chelsea,0.0,0,0,0,0,0,0.0,0,248,0.00,0.00,0.00,0.00,345,0,0,0.0,0.0,2026-05-04T14:00:00Z,0,False,16,0,0,0,0,0,35,0,554,0,0,3,1,0.0,0,-1,0,1,45,True,0
Asher Agbinone,MID,Crystal Palace,0.0,0,0,0,0,0,0.0,0,274,0.00,0.00,0.00,0.00,343,0,0,0.0,0.0,2026-05-03T13:00:00Z,0,False,4,0,0,0,0,0,35,0,12080,0,0,0,3,0.0,0,-169,152,321,43,False,0
Matz Sels,GK,Nott'm Forest,0.0,0,0,24,0,2,0.0,0,502,0.00,0.00,0.00,2.15,345,1,0,5.3,52.6,2026-05-04T14:00:00Z,90,False,7,0,0,1,6,0,35,4,642461,1,0,3,1,0.0,8,-2456,4526,6982,46,False,0
Álex Jiménez Sánchez,DEF,Bournemouth,0.0,0,0,25,1,1,19.0,4,713,0.12,0.14,0.02,0.89,343,0,0,3.6,13.2,2026-05-03T13:00:00Z,90,False,8,0,0,0,7,0,35,0,29969,1,3,0,3,4.0,6,-947,496,1443,45,True,0
Marko Stamenić,MID,Nott'm Forest,0.0,0,0,0,0,0,0.0,0,524,0.00,0.00,0.00,0.00,345,0,0,0.0,0.0,2026-05-04T14:00:00Z,0,False,7,0,0,0,0,0,35,0,2144,0,0,3,1,0.0,0,-2,0,2,45,False,0
Nathan Fraser,FWD,Wolves,0.0,0,0,0,0,0,0.0,0,658,0.00,0.00,0.00,0.00,350,0,0,0.0,0.0,2026-05-02T14:00:00Z,0,False,17,0,0,0,0,0,35,0,232761,0,0,1,1,0.0,0,-1724,1324,3048,42,True,0
Evan Ferguson,FWD,Brighton,0.0,0,0,0,0,0,0.0,0,179,0.00,0.00,0.00,0.00,349,0,0,0.0,0.0,2026-05-02T14:00:00Z,0,False,15,0,0,0,0,0,35,0,963,0,0,1,3,0.0,0,0,0,0,55,False,0
Idrissa Gana Gueye,MID,Everton,0.0,0,0,0,0,0,0.0,0,302,0.00,0.00,0.00,0.00,346,0,0,0.0,0.0,2026-05-04T19:00:00Z,0,False,13,0,0,0,0,0,35,0,15915,0,0,3,3,0.0,0,-783,153,936,54,True,0
Justin Devenny,MID,Crystal Palace,0.0,0,0,17,0,4,4.6,18,276,0.00,0.00,0.00,2.08,343,3,0,2.9,20.8,2026-05-03T13:00:00Z,90,False,4,0,0,0,7,0,35,0,143474,1,7,0,3,4.0,4,-2503,1278,3781,43,False,0
Karl Darlow,GK,Leeds,0.0,0,0,10,0,0,0.0,0,341,0.01,0.01,0.00,0.57,347,1,0,1.7,16.8,2026-05-01T19:00:00Z,90,False,3,0,0,0,7,0,35,2,882263,1,0,1,3,0.0,2,104584,126178,21594,39,True,0
Junior Kroupi,FWD,Bournemouth,0.0,0,0,22,1,1,4.4,6,100,0.01,1.01,1.00,0.25,343,0,1,8.0,38.6,2026-05-03T13:00:00Z,69,False,8,0,0,0,4,0,35,0,748308,1,1,0,3,37.0,6,14363,54094,39731,46,True,0
Habib Diarra,MID,Sunderland,0.0,0,0,-1,0,0,3.0,1,544,0.02,0.17,0.15,0.45,350,0,0,1.3,0.0,2026-05-02T14:00:00Z,18,False,20,0,0,0,1,0,35,0,20428,0,0,1,1,13.0,1,1273,2827,1554,53,False,0
Luis Sinisterra Lucumí,MID,Bournemouth,0.0,0,0,0,0,0,0.0,0,91,0.00,0.00,0.00,0.00,343,0,0,0.0,0.0,2026-05-03T13:00:00Z,0,False,8,0,0,0,0,0,35,0,1251,0,0,0,3,0.0,0,0,0,0,50,True,0
Antonín Kinský,GK,Spurs,0.0,0,0,2,0,1,0.0,0,567,0.00,0.00,0.00,0.32,342,1,0,0.4,3.6,2026-05-03T18:00:00Z,90,False,2,0,0,0,1,0,35,0,218842,1,0,2,1,0.0,2,-175,6498,6673,39,False,0
Jakub Kiwior,DEF,Arsenal,0.0,0,0,0,0,0,0.0,0,9,0.00,0.00,0.00,0.00,341,0,0,0.0,0.0,2026-05-02T16:30:00Z,0,False,10,0,0,0,0,0,35,0,6118,0,0,0,3,0.0,0,-7,0,7,54,True,0
Fábio Soares Silva,FWD,Wolves,0.0,0,0,0,0,0,0.0,0,655,0.00,0.00,0.00,0.00,350,0,0,0.0,0.0,2026-05-02T14:00:00Z,0,False,17,0,0,0,0,0,35,0,21307,0,0,1,1,0.0,0,-23,0,23,49,True,0
Đorđe Petrović,GK,Bournemouth,0.0,0,0,23,1,0,0.0,0,67,0.00,0.00,0.00,0.89,343,0,0,1.1,10.6,2026-05-03T13:00:00Z,90,False,8,0,0,0,6,0,35,1,680650,1,0,0,3,0.0,6,-19205,5200,24405,46,True,0
Kim Ji-soo,DEF,Brentford,0.0,0,0,0,0,0,0.0,0,117,0.00,0.00,0.00,0.00,344,0,0,0.0,0.0,2026-05-02T14:00:00Z,0,False,19,0,0,0,0,0,35,0,10013,0,0,0,3,0.0,0,-22,0,22,39,True,0
Alphonse Areola,GK,West Ham,0.0,0,0,0,0,0,0.0,0,600,0.00,0.00,0.00,0.00,344,0,0,0.0,0.0,2026-05-02T14:00:00Z,0,False,5,0,0,0,0,0,35,0,249539,0,0,0,3,0.0,0,-3138,820,3958,42,False,0
Gabriel dos Santos Magalhães,DEF,Arsenal,0.0,0,0,27,1,7,2.1,8,5,0.02,0.66,0.64,0.37,341,0,0,7.8,23.6,2026-05-02T16:30:00Z,90,False,10,0,0,0,3,0,35,0,5826245,1,1,0,3,52.0,6,184429,207490,23061,72,True,0
Jamaldeen Jimoh-Aloba,MID,Aston Villa,0.0,0,0,0,0,0,0.0,0,62,0.00,0.00,0.00,0.00,342,0,0,0.0,0.0,2026-05-03T18:00:00Z,0,False,18,0,0,0,0,0,35,0,7379,0,0,2,1,0.0,0,-33,0,33,45,True,0
George Brierley,MID,Burnley,0.0,0,0,0,0,0,0.0,0,784,0.00,0.00,0.00,0.00,347,0,0,0.0,0.0,2026-05-01T19:00:00Z,0,False,11,0,0,0,0,0,35,0,436,0,0,1,3,0.0,0,3,13,10,45,False,0
Armando Broja,FWD,Burnley,0.0,0,0,3,0,0,10.8,1,680,0.08,0.08,0.00,0.17,347,0,0,1.3,0.2,2026-05-01T19:00:00Z,14,False,11,0,0,0,1,0,35,0,19237,0,0,1,3,2.0,1,-121,89,210,52,False,0
Benoît Badiashile Mukinayi,DEF,Chelsea,0.0,0,0,0,0,0,0.0,0,229,0.00,0.00,0.00,0.00,345,0,0,0.0,0.0,2026-05-04T14:00:00Z,0,False,16,0,0,0,0,0,35,0,3830,0,0,3,1,0.0,0,-21,27,48,44,True,0
Reigan Heskey,MID,Man City,0.0,0,0,0,0,0,0.0,0,764,0.00,0.00,0.00,0.00,346,0,0,0.0,0.0,2026-05-04T19:00:00Z,0,False,9,0,0,0,0,0,35,0,492,0,0,3,3,0.0,0,7,16,9,45,False,0
Divine Mukasa,MID,Man City,0.0,0,0,0,0,0,0.0,0,739,0.00,0.00,0.00,0.00,346,0,0,0.0,0.0,2026-05-04T19:00:00Z,0,False,9,0,0,0,0,0,35,0,2327,0,0,3,3,0.0,0,-6,0,6,44,False,0
Aarón Anselmino,DEF,Chelsea,0.0,0,0,0,0,0,0.0,0,234,0.00,0.00,0.00,0.00,345,0,0,0.0,0.0,2026-05-04T14:00:00Z,0,False,16,0,0,0,0,0,35,0,6879,0,0,3,1,0.0,0,-10,0,10,40,True,0
Jean-Ricner Bellegarde,MID,Wolves,0.0,0,0,0,0,0,0.0,0,644,0.00,0.00,0.00,0.00,350,0,0,0.0,0.0,2026-05-02T14:00:00Z,0,False,17,0,0,0,0,0,35,0,6264,0,0,1,1,0.0,0,-230,121,351,51,True,0
Luke Harris,MID,Fulham,0.0,0,0,0,0,0,0.0,0,334,0.00,0.00,0.00,0.00,341,0,0,0.0,0.0,2026-05-02T16:30:00Z,0,False,1,0,0,0,0,0,35,0,179,0,0,0,3,0.0,0,-1,0,1,45,False,0
Ola Aina,DEF,Nott'm Forest,0.0,0,0,0,0,0,0.0,0,507,0.00,0.00,0.00,0.00,345,0,0,0.0,0.0,2026-05-04T14:00:00Z,0,False,7,0,0,0,0,0,35,0,309723,0,0,3,1,0.0,0,-2922,2679,5601,47,False,0
Dominik Szoboszlai,MID,Liverpool,0.0,1,3,47,0,1,59.5,10,387,0.24,0.40,0.16,2.34,348,3,1,14.8,63.8,2026-05-03T14:30:00Z,90,False,14,0,0,0,7,0,35,0,1597007,1,2,2,3,25.0,13,-152052,23135,175187,71,False,0
Arnaud Kalimuendo,FWD,Nott'm Forest,0.0,0,0,0,0,0,0.0,0,696,0.00,0.00,0.00,0.00,345,0,0,0.0,0.0,2026-05-04T14:00:00Z,0,False,7,0,0,0,0,0,35,0,14846,0,0,3,1,0.0,0,-34,0,34,60,False,0
Freddie Simmonds,DEF,Brighton,0.0,0,0,0,0,0,0.0,0,761,0.00,0.00,0.00,0.00,349,0,0,0.0,0.0,2026-05-02T14:00:00Z,0,False,15,0,0,0,0,0,35,0,2533,0,0,1,3,0.0,0,8,41,33,40,False,0
Marcus Bettinelli,GK,Man City,0.0,0,0,0,0,0,0.0,0,401,0.00,0.00,0.00,0.00,346,0,0,0.0,0.0,2026-05-04T19:00:00Z,0,False,9,0,0,0,0,0,35,0,48763,0,0,3,3,0.0,0,-1738,382,2120,38,False,0
Tomáš Souček,MID,West Ham,0.0,0,0,9,0,3,13.9,9,613,0.06,0.22,0.16,2.27,344,3,0,4.0,15.2,2026-05-02T14:00:00Z,90,False,5,0,0,0,2,0,35,0,49031,1,4,0,3,11.0,2,6100,7776,1676,57,False,0
Jack Grealish,MID,Everton,0.0,0,0,0,0,0,0.0,0,419,0.00,0.00,0.00,0.00,346,0,0,0.0,0.0,2026-05-04T19:00:00Z,0,False,13,0,0,0,0,0,35,0,738184,0,0,3,3,0.0,0,-2284,37,2321,63,True,0
Ilia Gruev,MID,Leeds,0.0,0,0,0,0,0,0.0,0,356,0.00,0.00,0.00,0.00,347,0,0,0.0,0.0,2026-05-01T19:00:00Z,0,False,3,0,0,0,0,0,35,0,11760,0,0,1,3,0.0,0,-1548,19,1567,47,True,0
Kadan Young,MID,Aston Villa,0.0,0,0,0,0,0,0.0,0,63,0.00,0.00,0.00,0.00,342,0,0,0.0,0.0,2026-05-03T18:00:00Z,0,False,18,0,0,0,0,0,35,0,63809,0,0,2,1,0.0,0,-679,0,679,43,True,0
Endo Wataru,MID,Liverpool,0.0,0,0,0,0,0,0.0,0,392,0.00,0.00,0.00,0.00,348,0,0,0.0,0.0,2026-05-03T14:30:00Z,0,False,14,0,0,0,0,0,35,0,10643,0,0,2,3,0.0,0,-27,6,33,49,False,0
Samuel Chukwueze,MID,Fulham,0.0,0,0,6,0,1,15.2,1,727,0.01,0.03,0.02,2.92,341,3,0,2.3,3.6,2026-05-02T16:30:00Z,63,False,1,0,0,0,0,0,35,0,10408,1,0,0,3,4.0,2,-210,240,450,53,False,0
Oliver Pimlott,MID,Burnley,0.0,0,0,0,0,0,0.0,0,776,0.00,0.00,0.00,0.00,347,0,0,0.0,0.0,2026-05-01T19:00:00Z,0,False,11,0,0,0,0,0,35,0,542,0,0,1,3,0.0,0,15,23,8,45,False,0
Mats Wieffer,MID,Brighton,0.0,0,0,4,0,0,4.3,2,173,0.01,0.01,0.00,0.41,349,1,0,0.5,1.0,2026-05-02T14:00:00Z,17,False,15,0,0,0,2,0,35,0,70950,1,0,1,3,0.0,1,-3141,8017,11158,49,False,0
İlkay Gündoğan,MID,Man City,0.0,0,0,0,0,0,0.0,0,420,0.00,0.00,0.00,0.00,346,0,0,0.0,0.0,2026-05-04T19:00:00Z,0,False,9,0,0,0,0,0,35,0,7798,0,0,3,3,0.0,0,-6,0,6,63,False,0
Pedro Porro Sauceda,DEF,Spurs,0.0,0,0,17,0,4,21.3,10,568,0.06,0.08,0.02,0.32,342,1,0,4.6,23.8,2026-05-03T18:00:00Z,90,False,2,0,0,0,3,0,35,0,1387327,1,6,2,1,1.0,4,-23024,21716,44740,52,False,0
Daichi Kamada,MID,Crystal Palace,0.0,0,0,2,0,1,3.8,3,271,0.01,0.01,0.00,1.49,343,2,0,0.3,0.0,2026-05-03T13:00:00Z,45,False,4,0,0,0,2,0,35,0,10973,1,0,0,3,0.0,1,772,1006,234,50,False,0
Tyrique George,MID,Everton,0.0,0,0,0,0,0,0.0,0,243,0.00,0.00,0.00,0.00,346,0,0,0.0,0.0,2026-05-04T19:00:00Z,0,False,13,0,0,0,0,0,35,0,8506,0,0,3,3,0.0,0,-17,74,91,48,True,0
Alysson Edward Franco da Rocha dos Santos,MID,Aston Villa,0.0,0,0,0,0,0,0.0,0,792,0.00,0.00,0.00,0.00,342,0,0,0.0,0.0,2026-05-03T18:00:00Z,0,False,18,0,0,0,0,0,35,0,611,0,0,2,1,0.0,0,0,15,15,50,True,0
Andy Irving,MID,West Ham,0.0,0,0,0,0,0,0.0,0,621,0.00,0.00,0.00,0.00,344,0,0,0.0,0.0,2026-05-02T14:00:00Z,0,False,5,0,0,0,0,0,35,0,26078,0,0,0,3,0.0,0,-180,0,180,43,False,0
Nick Pope,GK,Newcastle,0.0,0,0,15,0,1,0.0,0,469,0.00,0.00,0.00,1.53,349,1,0,2.6,25.8,2026-05-02T14:00:00Z,90,False,6,0,0,0,13,0,35,3,556395,1,0,1,3,0.0,3,-1164,4528,5692,50,True,0
Karl Hein,GK,Arsenal,0.0,0,0,0,0,0,0.0,0,3,0.00,0.00,0.00,0.00,341,0,0,0.0,0.0,2026-05-02T16:30:00Z,0,False,10,0,0,0,0,0,35,0,25792,0,0,0,3,0.0,0,-49,0,49,40,True,0
Ki-Jana Hoever,DEF,Wolves,0.0,0,0,0,0,0,0.0,0,638,0.00,0.00,0.00,0.00,350,0,0,0.0,0.0,2026-05-02T14:00:00Z,0,False,17,0,0,0,0,0,35,0,114435,0,0,1,1,0.0,0,-1174,0,1174,38,True,0
Fer López González,MID,Wolves,0.0,0,0,0,0,0,0.0,0,645,0.00,0.00,0.00,0.00,350,0,0,0.0,0.0,2026-05-02T14:00:00Z,0,False,17,0,0,0,0,0,35,0,3433,0,0,1,1,0.0,0,-6,0,6,51,True,0
Daniel James,MID,Leeds,0.0,0,0,5,0,0,0.0,0,353,0.00,0.05,0.05,0.22,347,0,0,2.0,3.0,2026-05-01T19:00:00Z,1,False,3,0,0,0,0,0,35,0,13099,0,0,1,3,17.0,1,189,248,59,52,True,0
Christopher Nkunku,MID,Chelsea,0.0,0,0,0,0,0,0.0,0,240,0.00,0.00,0.00,0.00,345,0,0,0.0,0.0,2026-05-04T14:00:00Z,0,False,16,0,0,0,0,0,35,0,10237,0,0,3,1,0.0,0,-3,0,3,59,True,0
Abdoullah Ba,MID,Sunderland,0.0,0,0,0,0,0,0.0,0,554,0.00,0.00,0.00,0.00,350,0,0,0.0,0.0,2026-05-02T14:00:00Z,0,False,20,0,0,0,0,0,35,0,40530,0,0,1,1,0.0,0,-306,201,507,43,False,0
Mike Trésor Ndayishimiye,MID,Burnley,0.0,0,0,0,0,0,0.0,0,214,0.00,0.00,0.00,0.00,347,0,0,0.0,0.0,2026-05-01T19:00:00Z,0,False,11,0,0,0,0,0,35,0,9460,0,0,1,3,0.0,0,940,1246,306,43,False,0
Joshua Stephenson,DEF,Brentford,0.0,0,0,0,0,0,0.0,0,823,0.00,0.00,0.00,0.00,344,0,0,0.0,0.0,2026-05-02T14:00:00Z,0,False,19,0,0,0,0,0,35,0,419,0,0,0,3,0.0,0,4,21,17,40,True,0
Matthew Cox,GK,Brentford,0.0,0,0,0,0,0,0.0,0,103,0.00,0.00,0.00,0.00,344,0,0,0.0,0.0,2026-05-02T14:00:00Z,0,False,19,0,0,0,0,0,35,0,16828,0,0,0,3,0.0,0,-164,0,164,39,True,0
Darko Gyabi,MID,Leeds,0.0,0,0,0,0,0,0.0,0,361,0.00,0.00,0.00,0.00,347,0,0,0.0,0.0,2026-05-01T19:00:00Z,0,False,3,0,0,0,0,0,35,0,2998,0,0,1,3,0.0,0,-4,0,4,45,True,0
Michael Obafemi,FWD,Burnley,0.0,0,0,0,0,0,0.0,0,219,0.00,0.00,0.00,0.00,347,0,0,0.0,0.0,2026-05-01T19:00:00Z,0,False,11,0,0,0,0,0,35,0,13698,0,0,1,3,0.0,0,-26,0,26,44,False,0
Dwight McNeil,MID,Everton,0.0,0,0,0,0,0,0.0,0,300,0.00,0.00,0.00,0.00,346,0,0,0.0,0.0,2026-05-04T19:00:00Z,0,False,13,0,0,0,0,0,35,0,19398,0,0,3,3,0.0,0,-566,138,704,55,True,0
Jacob Ramsey,MID,Newcastle,0.0,0,0,4,0,0,0.5,0,52,0.00,0.00,0.00,0.00,349,0,0,0.4,1.0,2026-05-02T14:00:00Z,1,False,6,0,0,0,0,0,35,0,31062,0,0,1,3,2.0,1,-95,515,610,53,True,0
Veljko Milosavljevic,DEF,Bournemouth,0.0,0,0,0,0,0,0.0,0,721,0.00,0.00,0.00,0.00,343,0,0,0.0,0.0,2026-05-03T13:00:00Z,0,False,8,0,0,0,0,0,35,0,3891,0,0,0,3,0.0,0,-2,22,24,44,True,0
Tom Edozie,MID,Wolves,0.0,0,0,3,0,0,0.0,0,651,0.00,0.00,0.00,0.00,350,0,0,0.0,0.0,2026-05-02T14:00:00Z,1,False,17,0,0,0,0,0,35,0,48981,0,0,1,1,0.0,1,-629,212,841,43,True,0
Coby Ebere,MID,Everton,0.0,0,0,0,0,0,0.0,0,307,0.00,0.00,0.00,0.00,346,0,0,0.0,0.0,2026-05-04T19:00:00Z,0,False,13,0,0,0,0,0,35,0,5806,0,0,3,3,0.0,0,7,50,43,44,True,0
Diego Coppola,DEF,Brighton,0.0,0,0,0,0,0,0.0,0,144,0.00,0.00,0.00,0.00,349,0,0,0.0,0.0,2026-05-02T14:00:00Z,0,False,15,0,0,0,0,0,35,0,5680,0,0,1,3,0.0,0,-15,0,15,42,False,0
Lukasz Fabianski,GK,West Ham,0.0,0,0,0,0,0,0.0,0,738,0.00,0.00,0.00,0.00,344,0,0,0.0,0.0,2026-05-02T14:00:00Z,0,False,5,0,0,0,0,0,35,0,4779,0,0,0,3,0.0,0,33,167,134,45,False,0
Amadou Onana,MID,Aston Villa,0.0,0,0,0,0,0,0.0,0,59,0.00,0.00,0.00,0.00,342,0,0,0.0,0.0,2026-05-03T18:00:00Z,0,False,18,0,0,0,0,0,35,0,86638,0,0,2,1,0.0,0,-3382,242,3624,48,True,0
Giorgi Mamardashvili,GK,Liverpool,0.0,0,0,0,0,0,0.0,0,367,0.00,0.00,0.00,0.00,348,0,0,0.0,0.0,2026-05-03T14:30:00Z,0,False,14,0,0,0,0,0,35,0,81826,0,0,2,3,0.0,0,-5952,68,6020,41,False,0
Leon Bailey,MID,Aston Villa,0.0,0,0,7,0,0,14.4,0,49,0.22,0.22,0.00,0.00,342,0,0,1.8,3.4,2026-05-03T18:00:00Z,5,False,18,0,0,0,0,0,35,0,13939,0,0,2,1,0.0,1,-42,224,266,55,True,0
Federico Chiesa,MID,Liverpool,0.0,0,0,3,0,0,0.3,0,385,0.00,0.00,0.00,0.10,348,0,0,0.3,0.2,2026-05-03T14:30:00Z,3,False,14,0,0,0,0,0,35,0,35598,0,0,2,3,2.0,1,-28,88,116,63,False,0
Ethan Sutherland,MID,Wolves,0.0,0,0,0,0,0,0.0,0,778,0.00,0.00,0.00,0.00,350,0,0,0.0,0.0,2026-05-02T14:00:00Z,0,False,17,0,0,0,0,0,35,0,1140,0,0,1,1,0.0,0,22,70,48,45,True,0
Ryan Sessegnon,MID,Fulham,0.0,0,0,0,0,0,0.0,0,328,0.00,0.00,0.00,0.00,341,0,0,0.0,0.0,2026-05-02T16:30:00Z,0,False,1,0,0,0,0,0,35,0,20369,0,0,0,3,0.0,0,-498,583,1081,54,False,0
John Stones,DEF,Man City,0.0,0,0,0,0,0,0.0,0,409,0.00,0.00,0.00,0.00,346,0,0,0.0,0.0,2026-05-04T19:00:00Z,0,False,9,0,0,0,0,0,35,0,73931,0,0,3,3,0.0,0,187,316,129,54,False,0
Isaac Heath,MID,Everton,0.0,0,0,0,0,0,0.0,0,308,0.00,0.00,0.00,0.00,346,0,0,0.0,0.0,2026-05-04T19:00:00Z,0,False,13,0,0,0,0,0,35,0,2012,0,0,3,3,0.0,0,-1,0,1,45,True,0
Chris Rigg,MID,Sunderland,0.0,0,0,0,0,0,0.0,0,551,0.00,0.00,0.00,0.00,350,0,0,0.0,0.0,2026-05-02T14:00:00Z,0,False,20,0,0,0,0,0,35,0,9732,0,0,1,1,0.0,0,651,1111,460,47,False,0
Luke O'Nien,DEF,Sunderland,0.0,0,0,0,0,0,0.0,0,539,0.00,0.00,0.00,0.00,350,0,0,0.0,0.0,2026-05-02T14:00:00Z,0,False,20,0,0,0,0,0,35,0,11814,0,0,1,1,0.0,0,-148,252,400,40,False,0
Axel Tuanzebe,DEF,Burnley,0.0,0,0,0,0,0,0.0,0,198,0.00,0.00,0.00,0.00,347,0,0,0.0,0.0,2026-05-01T19:00:00Z,0,False,11,0,0,0,0,0,35,0,113999,0,0,1,3,0.0,0,-668,109,777,39,False,0
Teddy Sharman-Lowe,GK,Chelsea,0.0,0,0,0,0,0,0.0,0,803,0.00,0.00,0.00,0.00,345,0,0,0.0,0.0,2026-05-04T14:00:00Z,0,False,16,0,0,0,0,0,35,0,762,0,0,3,1,0.0,0,0,12,12,40,True,0
Séamus Coleman,DEF,Everton,0.0,0,0,0,0,0,0.0,0,294,0.00,0.00,0.00,0.00,346,0,0,0.0,0.0,2026-05-04T19:00:00Z,0,False,13,0,0,0,0,0,35,0,12662,0,0,3,3,0.0,0,7,84,77,42,True,0
Carlos Alcaraz Durán,MID,Everton,0.0,0,0,1,0,1,0.3,2,301,0.00,0.00,0.00,0.12,346,1,0,0.2,1.2,2026-05-04T19:00:00Z,1,False,13,0,0,0,1,0,35,0,9988,0,0,3,3,0.0,1,-12,38,50,52,True,0
Jeremy Sarmiento Morante,MID,Brighton,0.0,0,0,0,0,0,0.0,0,171,0.00,0.00,0.00,0.00,349,0,0,0.0,0.0,2026-05-02T14:00:00Z,0,False,15,0,0,0,0,0,35,0,1923,0,0,1,3,0.0,0,0,0,0,49,False,0
Matt Turner,GK,Nott'm Forest,0.0,0,0,0,0,0,0.0,0,504,0.00,0.00,0.00,0.00,345,0,0,0.0,0.0,2026-05-04T14:00:00Z,0,False,7,0,0,0,0,0,35,0,9883,0,0,3,1,0.0,0,-26,0,26,40,False,0
Djiamgone Jocelin Ta Bi,MID,Sunderland,0.0,0,0,0,0,0,0.0,0,800,0.00,0.00,0.00,0.00,350,0,0,0.0,0.0,2026-05-02T14:00:00Z,0,False,20,0,0,0,0,0,35,0,95,0,0,1,1,0.0,0,5,5,0,49,False,0
Ethan Wheatley,FWD,Man Utd,0.0,0,0,0,0,0,0.0,0,468,0.00,0.00,0.00,0.00,348,0,0,0.0,0.0,2026-05-03T14:30:00Z,0,False,12,0,0,0,0,0,35,0,10701,0,0,2,3,0.0,0,-10,0,10,45,True,0
Roman Dixon,DEF,Everton,0.0,0,0,0,0,0,0.0,0,297,0.00,0.00,0.00,0.00,346,0,0,0.0,0.0,2026-05-04T19:00:00Z,0,False,13,0,0,0,0,0,35,0,20230,0,0,3,3,0.0,0,-124,0,124,38,True,0
Merlin Röhl,MID,Everton,0.0,1,0,12,0,0,1.0,5,728,0.00,0.07,0.07,1.34,346,2,0,0.9,0.6,2026-05-04T19:00:00Z,90,False,13,0,0,0,4,0,35,0,2069,1,1,3,3,7.0,5,-14,14,28,50,True,0
Charlie Tasker,DEF,Brighton,0.0,0,0,0,0,0,0.0,0,156,0.00,0.00,0.00,0.00,349,0,0,0.0,0.0,2026-05-02T14:00:00Z,0,False,15,0,0,0,0,0,35,0,20212,0,0,1,3,0.0,0,-46,130,176,38,False,0
Charlie Gray,MID,Man City,0.0,0,0,0,0,0,0.0,0,763,0.00,0.00,0.00,0.00,346,0,0,0.0,0.0,2026-05-04T19:00:00Z,0,False,9,0,0,0,0,0,35,0,656,0,0,3,3,0.0,0,8,25,17,45,False,0
Yoane Wissa,FWD,Newcastle,0.0,1,0,5,0,0,0.0,1,135,0.00,0.62,0.62,0.52,349,0,0,0.6,0.0,2026-05-02T14:00:00Z,22,False,6,0,0,0,0,0,35,0,75610,0,1,1,3,8.0,3,-138,750,888,73,True,1
Marc Guéhi,DEF,Man City,0.0,1,0,15,0,7,27.8,8,260,0.05,0.11,0.06,2.77,346,3,0,8.4,46.8,2026-05-04T19:00:00Z,90,False,9,0,0,0,3,0,35,0,4270783,1,1,3,3,9.0,4,-19176,75680,94856,51,False,0
Josh Cullen,MID,Burnley,0.0,0,0,0,0,0,0.0,0,205,0.00,0.00,0.00,0.00,347,0,0,0.0,0.0,2026-05-01T19:00:00Z,0,False,11,0,0,0,0,0,35,0,102700,0,0,1,3,0.0,0,-521,20,541,49,False,0
Erling Haaland,FWD,Man City,0.0,0,1,32,0,0,1.3,0,430,0.01,0.54,0.53,2.77,346,3,1,6.4,33.4,2026-05-04T19:00:00Z,90,False,9,0,0,0,0,0,35,0,8022714,1,0,3,3,29.0,7,415753,428544,12791,146,False,0
Djed Spence,DEF,Spurs,0.0,0,0,-4,0,0,0.3,0,573,0.00,0.00,0.00,0.29,342,1,0,0.1,0.0,2026-05-03T18:00:00Z,23,False,2,0,0,0,0,0,35,0,117681,0,0,2,1,2.0,1,-47,1390,1437,41,False,0
Julian Eyestone,GK,Brentford,0.0,0,0,0,0,0,0.0,0,104,0.00,0.00,0.00,0.00,344,0,0,0.0,0.0,2026-05-02T14:00:00Z,0,False,19,0,0,0,0,0,35,0,13608,0,0,0,3,0.0,0,-88,63,151,39,True,0
Ármin Pécsi,GK,Liverpool,0.0,0,0,0,0,0,0.0,0,368,0.00,0.00,0.00,0.00,348,0,0,0.0,0.0,2026-05-03T14:30:00Z,0,False,14,0,0,0,0,0,35,0,113398,0,0,2,3,0.0,0,-530,2336,2866,38,False,0
Anton Stach,MID,Leeds,0.0,0,3,33,0,2,37.6,6,660,0.07,0.35,0.28,0.35,347,1,1,10.5,42.8,2026-05-01T19:00:00Z,71,False,3,0,0,0,2,0,35,0,225645,1,2,1,3,25.0,10,16865,31970,15105,48,True,0
Jefferson Lerma Solís,MID,Crystal Palace,0.0,0,0,3,0,4,13.4,10,272,0.11,0.11,0.00,2.08,343,3,0,1.4,0.0,2026-05-03T13:00:00Z,90,False,4,1,0,0,6,0,35,0,10010,1,0,0,3,4.0,0,501,1064,563,49,False,0
Jordan Beyer,DEF,Burnley,0.0,0,0,0,0,0,0.0,0,194,0.00,0.00,0.00,0.00,347,0,0,0.0,0.0,2026-05-01T19:00:00Z,0,False,11,0,0,0,0,0,35,0,7494,0,0,1,3,0.0,0,-9,29,38,39,False,0
Jayden Danns,FWD,Liverpool,0.0,0,0,0,0,0,0.0,0,398,0.00,0.00,0.00,0.00,348,0,0,0.0,0.0,2026-05-03T14:30:00Z,0,False,14,0,0,0,0,0,35,0,13286,0,0,2,3,0.0,0,7,82,75,43,False,0
Rio Ngumoha,MID,Liverpool,0.0,0,0,4,0,1,12.3,1,686,0.02,0.07,0.05,0.16,348,1,0,2.2,3.2,2026-05-03T14:30:00Z,15,False,14,0,0,0,0,0,35,0,139374,0,0,2,3,6.0,1,1855,10165,8310,43,False,0
Brandon Austin,GK,Spurs,0.0,0,0,0,0,0,0.0,0,566,0.00,0.00,0.00,0.00,342,0,0,0.0,0.0,2026-05-03T18:00:00Z,0,False,2,0,0,0,0,0,35,0,37041,0,0,2,1,0.0,0,-201,108,309,39,False,0
Zain Silcott-Duberry,MID,Bournemouth,0.0,0,0,0,0,0,0.0,0,95,0.00,0.00,0.00,0.00,343,0,0,0.0,0.0,2026-05-03T13:00:00Z,0,False,8,0,0,0,0,0,35,0,6672,0,0,0,3,0.0,0,-17,0,17,44,True,0
Alfie Brooks,GK,Wolves,0.0,0,0,0,0,0,0.0,0,828,0.00,0.00,0.00,0.00,350,0,0,0.0,0.0,2026-05-02T14:00:00Z,0,False,17,0,0,0,0,0,35,0,569,0,0,1,1,0.0,0,141,187,46,40,True,0
Sepp van den Berg,DEF,Brentford,0.0,0,0,27,1,5,1.2,8,113,0.01,0.32,0.31,0.92,344,0,0,4.0,14.8,2026-05-02T14:00:00Z,90,False,19,0,0,0,0,0,35,0,160627,1,3,0,3,24.0,6,-7645,2725,10370,45,True,0
Dominic Calvert-Lewin,FWD,Leeds,0.0,0,1,27,0,0,2.2,2,691,0.01,0.46,0.45,0.35,347,1,1,6.8,28.6,2026-05-01T19:00:00Z,90,False,3,0,0,0,2,0,35,0,1741903,1,0,1,3,37.0,6,290330,330380,40050,57,True,1
Aaron Wan-Bissaka,DEF,West Ham,0.0,0,0,2,0,1,0.8,2,610,0.00,0.00,0.00,0.14,344,1,0,1.0,8.8,2026-05-02T14:00:00Z,25,False,5,0,0,0,2,0,35,0,572152,0,1,0,3,0.0,1,-9998,1064,11062,41,False,0
Enzo Le Fée,MID,Sunderland,0.0,0,0,12,0,1,17.3,13,547,0.06,0.06,0.00,1.72,350,1,0,3.9,19.4,2026-05-02T14:00:00Z,90,False,20,0,0,0,6,0,35,0,217037,1,6,1,1,2.0,4,16397,30242,13845,48,False,0
David Ozoh,MID,Crystal Palace,0.0,0,0,0,0,0,0.0,0,280,0.00,0.00,0.00,0.00,343,0,0,0.0,0.0,2026-05-03T13:00:00Z,0,False,4,0,0,0,0,0,35,0,147,0,0,0,3,0.0,0,0,0,0,45,False,0
Mark Gillespie,GK,Newcastle,0.0,0,0,0,0,0,0.0,0,471,0.00,0.00,0.00,0.00,349,0,0,0.0,0.0,2026-05-02T14:00:00Z,0,False,6,0,0,0,0,0,35,0,16723,0,0,1,3,0.0,0,-13,97,110,39,True,0
Ben Casey,FWD,Crystal Palace,0.0,0,0,0,0,0,0.0,0,780,0.00,0.00,0.00,0.00,343,0,0,0.0,0.0,2026-05-03T13:00:00Z,0,False,4,0,0,0,0,0,35,0,3672,0,0,0,3,0.0,0,0,108,108,45,False,0
Ethan Ampadu,MID,Leeds,0.0,0,0,6,0,5,14.2,10,354,0.02,0.11,0.09,0.57,347,1,0,2.9,5.6,2026-05-01T19:00:00Z,90,False,3,0,0,0,5,0,35,0,82495,1,0,1,3,9.0,1,13780,18228,4448,49,True,1
Lino da Cruz Sousa,DEF,Aston Villa,0.0,0,0,0,0,0,0.0,0,45,0.00,0.00,0.00,0.00,342,0,0,0.0,0.0,2026-05-03T18:00:00Z,0,False,18,0,0,0,0,0,35,0,32449,0,0,2,1,0.0,0,-230,0,230,38,True,0
Nicolò Savona,DEF,Nott'm Forest,0.0,0,0,0,0,0,0.0,0,716,0.00,0.00,0.00,0.00,345,0,0,0.0,0.0,2026-05-04T14:00:00Z,0,False,7,0,0,0,0,0,35,0,6505,0,0,3,1,0.0,0,-85,10,95,45,False,0
Harrison Reed,MID,Fulham,0.0,0,0,7,0,1,25.4,4,336,0.09,0.09,0.00,2.92,341,3,0,2.9,3.4,2026-05-02T16:30:00Z,63,False,1,0,0,0,3,0,35,0,41701,1,0,0,3,0.0,2,-726,481,1207,43,False,0
Vitalii Mykolenko,DEF,Everton,0.0,0,0,-3,0,5,0.9,7,292,0.01,0.01,0.00,1.45,346,3,0,1.7,13.6,2026-05-04T19:00:00Z,90,False,13,0,0,0,3,0,35,0,84809,1,2,3,3,2.0,1,-5355,832,6187,49,True,0
Matt Targett,DEF,Newcastle,0.0,0,0,0,0,0,0.0,0,484,0.00,0.00,0.00,0.00,349,0,0,0.0,0.0,2026-05-02T14:00:00Z,0,False,6,0,0,0,0,0,35,0,17890,0,0,1,3,0.0,0,-32,0,32,40,True,0
Frank Onyeka,MID,Brentford,0.0,0,0,0,0,0,0.0,0,128,0.00,0.00,0.00,0.00,344,0,0,0.0,0.0,2026-05-02T14:00:00Z,0,False,19,0,0,0,0,0,35,0,5281,0,0,0,3,0.0,0,-12,0,12,48,True,0
Tijjani Reijnders,MID,Man City,0.0,0,0,0,0,0,0.0,0,427,0.00,0.00,0.00,0.00,346,0,0,0.0,0.0,2026-05-04T19:00:00Z,0,False,9,0,0,0,0,0,35,0,1181728,0,0,3,3,0.0,0,-6192,858,7050,50,False,0
Igor Julio dos Santos de Paulo,DEF,Brighton,0.0,0,0,0,0,0,0.0,0,149,0.00,0.00,0.00,0.00,349,0,0,0.0,0.0,2026-05-02T14:00:00Z,0,False,15,0,0,0,0,0,35,0,10956,0,0,1,3,0.0,0,-48,95,143,45,False,0
Will Wright,FWD,Liverpool,0.0,0,0,0,0,0,0.0,0,830,0.00,0.00,0.00,0.00,348,0,0,0.0,0.0,2026-05-03T14:30:00Z,0,False,14,0,0,0,0,0,35,0,169,0,0,2,3,0.0,0,76,86,10,45,False,0
Gabriel Słonina,GK,Chelsea,0.0,0,0,0,0,0,0.0,0,223,0.00,0.00,0.00,0.00,345,0,0,0.0,0.0,2026-05-04T14:00:00Z,0,False,16,0,0,0,0,0,35,0,13713,0,0,3,1,0.0,0,-40,45,85,39,True,0
Manuel Akanji,DEF,Man City,0.0,0,0,0,0,0,0.0,0,404,0.00,0.00,0.00,0.00,346,0,0,0.0,0.0,2026-05-04T19:00:00Z,0,False,9,0,0,0,0,0,35,0,33044,0,0,3,3,0.0,0,-19,0,19,54,False,0
Bryan Mbeumo,MID,Man Utd,0.0,0,0,11,0,1,44.3,6,119,0.43,0.85,0.42,0.80,348,2,0,7.6,8.8,2026-05-03T14:30:00Z,74,False,12,0,0,0,4,0,35,0,2107662,1,1,2,3,23.0,2,-177884,15195,193079,84,True,0
Reece Welch,DEF,Everton,0.0,0,0,0,0,0,0.0,0,298,0.00,0.00,0.00,0.00,346,0,0,0.0,0.0,2026-05-04T19:00:00Z,0,False,13,0,0,0,0,0,35,0,18852,0,0,3,3,0.0,0,-106,71,177,38,True,0
Tyler Dibling,MID,Everton,0.0,0,0,0,0,0,0.0,0,707,0.00,0.00,0.00,0.00,346,0,0,0.0,0.0,2026-05-04T19:00:00Z,0,False,13,0,0,0,0,0,35,0,3841,0,0,3,3,0.0,0,-17,30,47,53,True,0
Lewis Cook,MID,Bournemouth,0.0,0,0,0,0,0,0.0,0,88,0.00,0.00,0.00,0.00,343,0,0,0.0,0.0,2026-05-03T13:00:00Z,0,False,8,0,0,0,0,0,35,0,4401,0,0,0,3,0.0,0,-69,21,90,49,True,0
Tyler Adams,MID,Bournemouth,0.0,0,0,7,1,1,28.8,3,85,0.09,0.09,0.00,0.25,343,0,0,3.8,7.6,2026-05-03T13:00:00Z,68,False,8,0,0,0,2,0,35,0,34785,1,0,0,3,2.0,3,198,420,222,49,True,0
Jamaal Lascelles,DEF,Newcastle,0.0,0,0,0,0,0,0.0,0,480,0.00,0.00,0.00,0.00,349,0,0,0.0,0.0,2026-05-02T14:00:00Z,0,False,6,0,0,0,0,0,35,0,6109,0,0,1,3,0.0,0,-11,0,11,43,True,0
Andrés García,DEF,Aston Villa,0.0,0,0,0,0,0,0.0,0,42,0.00,0.00,0.00,0.00,342,0,0,0.0,0.0,2026-05-03T18:00:00Z,0,False,18,0,0,0,0,0,35,0,26609,0,0,2,1,0.0,0,-117,139,256,39,True,0
Youri Tielemans,MID,Aston Villa,0.0,0,0,13,0,3,1.6,10,48,0.02,0.02,0.00,0.99,342,2,0,1.2,8.4,2026-05-03T18:00:00Z,90,False,18,0,0,0,5,0,35,0,86071,1,2,2,1,2.0,2,589,1808,1219,59,True,0
Will Lankshear,FWD,Spurs,0.0,0,0,0,0,0,0.0,0,598,0.00,0.00,0.00,0.00,342,0,0,0.0,0.0,2026-05-03T18:00:00Z,0,False,2,0,0,0,0,0,35,0,2739,0,0,2,1,0.0,0,-4,0,4,45,False,0
Iwan Morgan,FWD,Brentford,0.0,0,0,0,0,0,0.0,0,137,0.00,0.00,0.00,0.00,344,0,0,0.0,0.0,2026-05-02T14:00:00Z,0,False,19,0,0,0,0,0,35,0,37412,0,0,0,3,0.0,0,-124,0,124,44,True,0
Victor Lindelöf,DEF,Aston Villa,0.0,0,0,9,0,7,1.7,8,719,0.01,0.01,0.00,0.99,342,2,0,2.5,23.6,2026-05-03T18:00:00Z,90,False,18,0,0,0,2,0,35,0,13125,1,1,2,1,0.0,1,-110,116,226,45,True,0
Pierre Ekwah Elimby,MID,Sunderland,0.0,0,0,0,0,0,0.0,0,556,0.00,0.00,0.00,0.00,350,0,0,0.0,0.0,2026-05-02T14:00:00Z,0,False,20,0,0,0,0,0,35,0,647,0,0,1,1,0.0,0,-1,0,1,45,False,0
Crysencio Summerville,MID,West Ham,0.0,0,0,3,0,1,28.8,9,615,0.02,0.16,0.14,2.17,344,3,0,3.9,8.4,2026-05-02T14:00:00Z,87,False,5,0,0,0,4,0,35,0,188554,1,4,0,3,2.0,1,-3613,11571,15184,55,False,1
Kian McMahon-Brown,MID,Burnley,0.0,0,0,0,0,0,0.0,0,820,0.00,0.00,0.00,0.00,347,0,0,0.0,0.0,2026-05-01T19:00:00Z,0,False,11,0,0,0,0,0,35,0,208,0,0,1,3,0.0,0,9,17,8,45,False,0
Philip Billing,MID,Bournemouth,0.0,0,0,0,0,0,0.0,0,89,0.00,0.00,0.00,0.00,343,0,0,0.0,0.0,2026-05-03T13:00:00Z,0,False,8,0,0,0,0,0,35,0,2728,0,0,0,3,0.0,0,-2,0,2,49,True,0
Cristhian Mosquera,DEF,Arsenal,0.0,0,0,2,0,1,0.3,1,662,0.00,0.00,0.00,0.00,341,0,0,0.1,0.2,2026-05-02T16:30:00Z,7,False,10,0,0,0,0,0,35,0,22407,0,0,0,3,0.0,1,290,1062,772,53,True,0
Ethan Nwaneri,MID,Arsenal,0.0,0,0,0,0,0,0.0,0,25,0.00,0.00,0.00,0.00,341,0,0,0.0,0.0,2026-05-02T16:30:00Z,0,False,10,0,0,0,0,0,35,0,14712,0,0,0,3,0.0,0,-21,0,21,50,True,0
Bryan Gil Salvatierra,MID,Spurs,0.0,0,0,0,0,0,0.0,0,590,0.00,0.00,0.00,0.00,342,0,0,0.0,0.0,2026-05-03T18:00:00Z,0,False,2,0,0,0,0,0,35,0,3390,0,0,2,1,0.0,0,-4,0,4,49,False,0
Callum Olusesi,MID,Spurs,0.0,0,0,0,0,0,0.0,0,595,0.00,0.00,0.00,0.00,342,0,0,0.0,0.0,2026-05-03T18:00:00Z,0,False,2,0,0,0,0,0,35,0,26569,0,0,2,1,0.0,0,-109,104,213,43,False,0
Elyh Harrison,GK,Man Utd,0.0,0,0,0,0,0,0.0,0,433,0.00,0.00,0.00,0.00,348,0,0,0.0,0.0,2026-05-03T14:30:00Z,0,False,12,0,0,0,0,0,35,0,192,0,0,2,3,0.0,0,-1,0,1,40,True,0
Ellery Balcombe,GK,Brentford,0.0,0,0,0,0,0,0.0,0,102,0.00,0.00,0.00,0.00,344,0,0,0.0,0.0,2026-05-02T14:00:00Z,0,False,19,0,0,0,0,0,35,0,32776,0,0,0,3,0.0,0,-149,79,228,39,True,0
Gustavo Nunes Fernandes Gomes,MID,Brentford,0.0,0,0,0,0,0,0.0,0,127,0.00,0.00,0.00,0.00,344,0,0,0.0,0.0,2026-05-02T14:00:00Z,0,False,19,0,0,0,0,0,35,0,1635,0,0,0,3,0.0,0,-3,0,3,49,True,0
Boubacar Traoré,MID,Wolves,0.0,0,0,0,0,0,0.0,0,649,0.00,0.00,0.00,0.00,350,0,0,0.0,0.0,2026-05-02T14:00:00Z,0,False,17,0,0,0,0,0,35,0,119,0,0,1,1,0.0,0,0,0,0,50,True,0
Luka Vušković,DEF,Spurs,0.0,0,0,0,0,0,0.0,0,578,0.00,0.00,0.00,0.00,342,0,0,0.0,0.0,2026-05-03T18:00:00Z,0,False,2,0,0,0,0,0,35,0,40007,0,0,2,1,0.0,0,-73,0,73,39,False,0
Mateus Gonçalo Espanha Fernandes,MID,West Ham,0.0,0,0,17,0,3,6.2,13,708,0.02,0.02,0.00,2.27,344,3,0,2.2,16.2,2026-05-02T14:00:00Z,90,False,5,0,0,0,6,0,35,0,54419,1,4,0,3,0.0,4,-2287,3242,5529,55,False,0
Kenny Tete,DEF,Fulham,0.0,0,0,0,0,0,0.0,0,322,0.00,0.00,0.00,0.00,341,0,0,0.0,0.0,2026-05-02T16:30:00Z,0,False,1,0,0,0,0,0,35,0,29089,0,0,0,3,0.0,0,-2032,45,2077,45,False,0
Landon Emenalo,MID,Chelsea,0.0,0,0,0,0,0,0.0,0,743,0.00,0.00,0.00,0.00,345,0,0,0.0,0.0,2026-05-04T14:00:00Z,0,False,16,0,0,0,0,0,35,0,1635,0,0,3,1,0.0,0,8,25,17,45,True,0
Dilane Bakwa,MID,Nott'm Forest,0.0,1,1,26,1,0,27.2,3,734,0.25,0.25,0.00,1.27,345,0,0,5.4,24.8,2026-05-04T14:00:00Z,79,False,7,0,0,0,2,0,35,0,2937,1,1,3,1,2.0,7,-13,49,62,59,False,0
Matt O'Riley,MID,Brighton,0.0,0,0,0,0,0,0.0,0,164,0.00,0.00,0.00,0.00,349,0,0,0.0,0.0,2026-05-02T14:00:00Z,0,False,15,0,0,0,0,0,35,0,44392,0,0,1,3,0.0,0,52,164,112,55,False,0
Senne Lammens,GK,Man Utd,0.0,0,0,4,0,1,0.0,0,733,0.00,0.00,0.00,0.89,348,2,0,1.5,15.2,2026-05-03T14:30:00Z,90,False,12,0,0,0,7,0,35,3,406834,1,0,2,3,0.0,2,-4165,10118,14283,51,True,0
Dean Benamar,DEF,Crystal Palace,0.0,0,0,0,0,0,0.0,0,773,0.00,0.00,0.00,0.00,343,0,0,0.0,0.0,2026-05-03T13:00:00Z,0,False,4,0,0,0,0,0,35,0,2289,0,0,0,3,0.0,0,-52,19,71,40,False,0
Carl Rushworth,GK,Brighton,0.0,0,0,0,0,0,0.0,0,141,0.00,0.00,0.00,0.00,349,0,0,0.0,0.0,2026-05-02T14:00:00Z,0,False,15,0,0,0,0,0,35,0,242,0,0,1,3,0.0,0,0,0,0,40,False,0
Walter Benítez,GK,Crystal Palace,0.0,0,0,0,0,0,0.0,0,254,0.00,0.00,0.00,0.00,343,0,0,0.0,0.0,2026-05-03T13:00:00Z,0,False,4,0,0,0,0,0,35,0,42569,0,0,0,3,0.0,0,-404,142,546,39,False,0
John Ruddy,GK,Newcastle,0.0,0,0,0,0,0,0.0,0,753,0.00,0.00,0.00,0.00,349,0,0,0.0,0.0,2026-05-02T14:00:00Z,0,False,6,0,0,0,0,0,35,0,2628,0,0,1,3,0.0,0,16,59,43,40,True,0
Ibrahim Sangaré,MID,Nott'm Forest,0.0,0,0,0,0,0,0.0,0,521,0.00,0.00,0.00,0.00,345,0,0,0.0,0.0,2026-05-04T14:00:00Z,0,False,7,0,0,0,0,0,35,0,9078,0,0,3,1,0.0,0,-580,35,615,49,False,0
Zak Johnson,DEF,Sunderland,0.0,0,0,0,0,0,0.0,0,538,0.00,0.00,0.00,0.00,350,0,0,0.0,0.0,2026-05-02T14:00:00Z,0,False,20,0,0,0,0,0,35,0,25321,0,0,1,1,0.0,0,-176,0,176,38,False,0
Brennan Johnson,MID,Crystal Palace,0.0,0,0,4,0,2,2.0,4,580,0.09,0.17,0.08,2.08,343,3,0,1.5,2.8,2026-05-03T13:00:00Z,90,False,4,0,0,0,1,0,35,0,303048,1,1,0,3,10.0,2,257,1762,1505,65,False,0
Dominic Sadi,MID,Bournemouth,0.0,0,0,0,0,0,0.0,0,94,0.00,0.00,0.00,0.00,343,0,0,0.0,0.0,2026-05-03T13:00:00Z,0,False,8,0,0,0,0,0,35,0,3824,0,0,0,3,0.0,0,-7,0,7,45,True,0
Ian Poveda-Ocampo,MID,Sunderland,0.0,0,0,0,0,0,0.0,0,550,0.00,0.00,0.00,0.00,350,0,0,0.0,0.0,2026-05-02T14:00:00Z,0,False,20,0,0,0,0,0,35,0,3330,0,0,1,1,0.0,0,1,24,23,47,False,0
Rayan Aït-Nouri,DEF,Man City,0.0,0,0,0,0,0,0.0,0,402,0.00,0.00,0.00,0.00,346,0,0,0.0,0.0,2026-05-04T19:00:00Z,0,False,9,0,0,0,0,0,35,0,544541,0,0,3,3,0.0,0,-3860,3037,6897,57,False,0
Carlos Baleba,MID,Brighton,0.0,0,0,14,0,4,13.7,11,167,0.03,0.07,0.04,2.11,349,2,0,2.9,12.2,2026-05-02T14:00:00Z,79,False,15,0,0,0,4,0,35,0,191149,1,3,1,3,3.0,2,1563,3997,2434,45,False,0
James Wright,GK,Aston Villa,0.0,0,0,0,0,0,0.0,0,688,0.00,0.00,0.00,0.00,342,0,0,0.0,0.0,2026-05-03T18:00:00Z,0,False,18,0,0,0,0,0,35,0,76222,0,0,2,1,0.0,0,-317,82,399,39,True,0
Jamie Bynoe-Gittens,MID,Chelsea,0.0,0,0,0,0,0,0.0,0,239,0.00,0.00,0.00,0.00,345,0,0,0.0,0.0,2026-05-04T14:00:00Z,0,False,16,0,0,0,0,0,35,0,12973,0,0,3,1,0.0,0,-23,9,32,60,True,0
Dejan Kulusevski,MID,Spurs,0.0,0,0,0,0,0,0.0,0,583,0.00,0.00,0.00,0.00,342,0,0,0.0,0.0,2026-05-03T18:00:00Z,0,False,2,0,0,0,0,0,35,0,1758,0,0,2,1,0.0,0,8,36,28,64,False,0
Wilfried Gnonto,MID,Leeds,0.0,0,0,3,0,0,0.0,1,351,0.00,0.00,0.00,0.22,347,0,0,0.0,0.0,2026-05-01T19:00:00Z,1,False,3,0,0,0,1,0,35,0,11240,0,0,1,3,0.0,1,162,266,104,51,True,0
Lisandro Martínez,DEF,Man Utd,0.0,0,0,0,0,0,0.0,0,437,0.00,0.00,0.00,0.00,348,0,0,0.0,0.0,2026-05-03T14:30:00Z,0,False,12,0,0,0,0,0,35,0,52573,0,0,2,3,0.0,0,-1573,29,1602,48,True,0
El Hadji Malick Diouf,DEF,West Ham,0.0,0,0,8,0,3,16.1,5,603,0.03,0.06,0.03,2.13,344,2,0,4.4,11.0,2026-05-02T14:00:00Z,73,False,5,0,0,0,1,0,35,0,324219,1,2,0,3,17.0,1,-7100,6202,13302,41,False,0
Leon Chiwome,FWD,Wolves,0.0,0,0,0,0,0,0.0,0,657,0.00,0.00,0.00,0.00,350,0,0,0.0,0.0,2026-05-02T14:00:00Z,0,False,17,0,0,0,0,0,35,0,4580,0,0,1,1,0.0,0,-24,123,147,44,True,0
João Victor Gomes da Silva,MID,Wolves,0.0,0,0,13,0,2,36.1,9,646,0.17,0.20,0.03,0.66,350,1,0,5.8,18.2,2026-05-02T14:00:00Z,90,False,17,0,0,0,4,0,35,0,45896,1,3,1,1,4.0,2,-3645,2856,6501,53,True,0
Jaydon Banel,MID,Burnley,0.0,0,0,0,0,0,0.0,0,213,0.00,0.00,0.00,0.00,347,0,0,0.0,0.0,2026-05-01T19:00:00Z,0,False,11,0,0,0,0,0,35,0,4706,0,0,1,3,0.0,0,-26,0,26,45,False,0
Kjell Scherpen,GK,Brighton,0.0,0,0,0,0,0,0.0,0,142,0.00,0.00,0.00,0.00,349,0,0,0.0,0.0,2026-05-02T14:00:00Z,0,False,15,0,0,0,0,0,35,0,228,0,0,1,3,0.0,0,0,0,0,40,False,0
Levi Samuels Colwill,DEF,Chelsea,0.0,0,0,4,0,0,4.7,1,227,0.01,0.01,0.00,0.96,345,1,0,1.5,7.8,2026-05-04T14:00:00Z,45,False,16,0,0,0,3,0,35,0,13397,0,1,3,1,2.0,1,-6,22,28,47,True,0
Shea Lacey,MID,Man Utd,0.0,0,0,0,0,0,0.0,0,755,0.00,0.00,0.00,0.00,348,0,0,0.0,0.0,2026-05-03T14:30:00Z,0,False,12,0,0,0,0,0,35,0,1574,0,0,2,3,0.0,0,-1,40,41,45,True,0
Harvey Elliott,MID,Aston Villa,0.0,0,0,0,0,0,0.0,0,389,0.00,0.00,0.00,0.00,342,0,0,0.0,0.0,2026-05-03T18:00:00Z,0,False,18,0,0,0,0,0,35,0,21662,0,0,2,1,0.0,0,3,94,91,51,True,0
Olivier Boscagli,DEF,Brighton,0.0,0,0,8,0,3,17.3,5,143,0.07,0.07,0.00,3.16,349,3,0,4.2,24.4,2026-05-02T14:00:00Z,90,False,15,0,0,0,5,0,35,0,19585,1,2,1,3,0.0,1,1691,2705,1014,42,False,0
Takai Kōta,DEF,Spurs,0.0,0,0,0,0,0,0.0,0,577,0.00,0.00,0.00,0.00,342,0,0,0.0,0.0,2026-05-03T18:00:00Z,0,False,2,0,0,0,0,0,35,0,5590,0,0,2,1,0.0,0,-16,0,16,40,False,0
Jeremie Frimpong,DEF,Liverpool,0.0,0,0,-5,0,0,7.7,0,370,0.02,0.02,0.00,2.18,348,2,0,1.9,0.0,2026-05-03T14:30:00Z,74,False,14,0,0,0,2,0,35,0,664433,1,0,2,3,12.0,1,-12276,2393,14669,57,False,0
Nehemiah Oriola,MID,Brighton,0.0,0,0,0,0,0,0.0,0,744,0.00,0.00,0.00,0.00,349,0,0,0.0,0.0,2026-05-02T14:00:00Z,0,False,15,0,0,0,0,0,35,0,1946,0,0,1,3,0.0,0,54,89,35,45,False,0
Joe Rodon,DEF,Leeds,0.0,0,0,7,0,2,12.6,2,348,0.01,0.13,0.12,0.57,347,1,0,4.3,11.2,2026-05-01T19:00:00Z,90,False,3,0,0,0,3,0,35,0,380607,1,0,1,3,19.0,1,-1513,14094,15607,39,True,1
Jenson Seelt,DEF,Sunderland,0.0,0,0,0,0,0,0.0,0,542,0.00,0.00,0.00,0.00,350,0,0,0.0,0.0,2026-05-02T14:00:00Z,0,False,20,0,0,0,0,0,35,0,10828,0,0,1,1,0.0,0,-32,0,32,40,False,0
Marshall Munetsi,MID,Wolves,0.0,0,0,0,0,0,0.0,0,648,0.00,0.00,0.00,0.00,350,0,0,0.0,0.0,2026-05-02T14:00:00Z,0,False,17,0,0,0,0,0,35,0,4463,0,0,1,1,0.0,0,-20,0,20,53,True,0
Mateus Mané,FWD,Wolves,0.0,0,0,16,0,1,34.0,7,749,0.20,0.27,0.07,0.66,350,1,0,6.0,13.6,2026-05-02T14:00:00Z,90,False,17,0,0,0,6,0,35,0,160636,1,0,1,1,12.0,2,-12653,6236,18889,43,True,0
Rhys Williams,DEF,Liverpool,0.0,0,0,0,0,0,0.0,0,379,0.00,0.00,0.00,0.00,348,0,0,0.0,0.0,2026-05-03T14:30:00Z,0,False,14,0,0,0,0,0,35,0,70484,0,0,2,3,0.0,0,-1038,537,1575,37,False,0
Luis Eduardo Soares da Silva,DEF,Nott'm Forest,0.0,0,0,0,0,0,0.0,0,729,0.00,0.00,0.00,0.00,345,0,0,0.0,0.0,2026-05-04T14:00:00Z,0,False,7,0,0,0,0,0,35,0,132,0,0,3,1,0.0,0,0,0,0,45,False,0
Josh Laurent,MID,Burnley,0.0,0,0,1,0,0,0.3,2,209,0.00,0.02,0.02,0.91,347,2,0,0.2,0.0,2026-05-01T19:00:00Z,53,False,11,0,0,0,2,0,35,0,4841,1,0,1,3,3.0,1,70,129,59,48,False,0
Diego León Blanco,DEF,Man Utd,0.0,0,0,0,0,0,0.0,0,439,0.00,0.00,0.00,0.00,348,0,0,0.0,0.0,2026-05-03T14:30:00Z,0,False,12,0,0,0,0,0,35,0,7504,0,0,2,3,0.0,0,-5,30,35,41,True,0
Romaine Mundle,MID,Sunderland,0.0,0,0,0,0,0,0.0,0,548,0.00,0.00,0.00,0.00,350,0,0,0.0,0.0,2026-05-02T14:00:00Z,0,False,20,0,0,0,0,0,35,0,1041,0,0,1,1,0.0,0,1,16,15,49,False,0
Will Dennis,GK,Bournemouth,0.0,0,0,0,0,0,0.0,0,68,0.00,0.00,0.00,0.00,343,0,0,0.0,0.0,2026-05-03T13:00:00Z,0,False,8,0,0,0,0,0,35,0,90679,0,0,0,3,0.0,0,-579,0,579,40,True,0
Harry Howell,MID,Brighton,0.0,0,0,0,0,0,0.0,0,795,0.00,0.00,0.00,0.00,349,0,0,0.0,0.0,2026-05-02T14:00:00Z,0,False,15,0,0,0,0,0,35,0,811,0,0,1,3,0.0,0,15,45,30,45,False,0
Callum Wilson,FWD,West Ham,0.0,0,0,1,0,0,1.3,0,671,0.01,0.01,0.00,0.14,344,1,0,0.3,0.0,2026-05-02T14:00:00Z,25,False,5,0,0,0,0,0,35,0,67034,0,0,0,3,2.0,1,76,1119,1043,58,False,0
Ronnie Hollingshead,GK,Aston Villa,0.0,0,0,0,0,0,0.0,0,757,0.00,0.00,0.00,0.00,342,0,0,0.0,0.0,2026-05-03T18:00:00Z,0,False,18,0,0,0,0,0,35,0,2184,0,0,2,1,0.0,0,-12,31,43,40,True,0
Vitaly Janelt,MID,Brentford,0.0,0,0,0,0,0,0.0,0,125,0.00,0.00,0.00,0.00,344,0,0,0.0,0.0,2026-05-02T14:00:00Z,0,False,19,0,0,0,0,0,35,0,13281,0,0,0,3,0.0,0,-715,14,729,49,True,0
Douglas Luiz Soares de Paulo,MID,Aston Villa,0.0,0,0,0,0,0,0.0,0,699,0.00,0.00,0.00,0.00,342,0,0,0.0,0.0,2026-05-03T18:00:00Z,0,False,18,0,0,0,0,0,35,0,10882,0,0,2,1,0.0,0,-530,145,675,49,True,0
Marcus Tavernier,MID,Bournemouth,0.0,0,0,12,1,0,9.4,6,84,0.03,0.17,0.14,0.35,343,0,0,3.6,6.0,2026-05-03T13:00:00Z,85,False,8,0,0,0,6,0,35,0,685103,1,0,0,3,21.0,3,20707,57058,36351,54,True,0
Virgil van Dijk,DEF,Liverpool,0.0,0,0,5,0,9,3.1,9,373,0.02,0.04,0.02,2.34,348,3,0,4.6,26.2,2026-05-03T14:30:00Z,90,False,14,0,0,0,4,0,35,0,4222386,1,0,2,3,17.0,1,-189167,47662,236829,62,False,0
Son Heung-min,MID,Spurs,0.0,0,0,0,0,0,0.0,0,579,0.00,0.00,0.00,0.00,342,0,0,0.0,0.0,2026-05-03T18:00:00Z,0,False,2,0,0,0,0,0,35,0,15157,0,0,2,1,0.0,0,-13,0,13,85,False,0
Axel Disasi,DEF,West Ham,0.0,0,0,1,0,3,0.8,4,815,0.00,0.00,0.00,2.27,344,3,0,1.4,11.0,2026-05-02T14:00:00Z,90,False,5,0,0,0,0,0,35,0,27819,1,1,0,3,2.0,1,-876,1903,2779,45,False,0
Luca Netz,DEF,Nott'm Forest,0.0,0,0,11,0,4,0.8,10,814,0.00,0.00,0.00,2.15,345,1,0,2.1,18.0,2026-05-04T14:00:00Z,90,False,7,0,0,0,6,0,35,0,800,1,6,3,1,2.0,4,4,25,21,45,False,0
Antoñito Cordero Campillo,MID,Newcastle,0.0,0,0,0,0,0,0.0,0,492,0.00,0.00,0.00,0.00,349,0,0,0.0,0.0,2026-05-02T14:00:00Z,0,False,6,0,0,0,0,0,35,0,2660,0,0,1,3,0.0,0,-1,0,1,49,True,0
Callum Marshall,FWD,West Ham,0.0,0,0,0,0,0,0.0,0,626,0.00,0.00,0.00,0.00,344,0,0,0.0,0.0,2026-05-02T14:00:00Z,0,False,5,0,0,0,0,0,35,0,65337,0,0,0,3,0.0,0,-225,0,225,43,False,0
Garang Kuol,MID,Newcastle,0.0,0,0,0,0,0,0.0,0,496,0.00,0.00,0.00,0.00,349,0,0,0.0,0.0,2026-05-02T14:00:00Z,0,False,6,0,0,0,0,0,35,0,4197,0,0,1,3,0.0,0,-4,0,4,44,True,0
Fábio Ferreira Vieira,MID,Arsenal,0.0,0,0,0,0,0,0.0,0,23,0.00,0.00,0.00,0.00,341,0,0,0.0,0.0,2026-05-02T16:30:00Z,0,False,10,0,0,0,0,0,35,0,2448,0,0,0,3,0.0,0,-6,0,6,54,True,0
Jean-Philippe Mateta,FWD,Crystal Palace,0.0,0,0,2,0,2,10.5,3,283,0.00,0.08,0.08,0.42,343,1,0,2.3,8.0,2026-05-03T13:00:00Z,25,False,4,0,0,0,0,0,35,0,994467,0,1,0,3,4.0,1,14914,44820,29906,76,False,0
Gabriel Fernando de Jesus,FWD,Arsenal,0.0,0,0,0,0,1,1.0,1,31,0.00,0.00,0.00,0.17,341,0,0,0.2,1.0,2026-05-02T16:30:00Z,26,False,10,0,0,0,0,0,35,0,42682,0,0,0,3,0.0,1,-413,664,1077,64,True,0
Maximilian Kilman,DEF,West Ham,0.0,0,0,0,0,0,0.0,0,605,0.00,0.00,0.00,0.00,344,0,0,0.0,0.0,2026-05-02T14:00:00Z,0,False,5,0,0,0,0,0,35,0,17814,0,0,0,3,0.0,0,-159,56,215,41,False,0
Tawanda Chirewa,MID,Wolves,0.0,0,0,0,0,0,0.0,0,650,0.00,0.00,0.00,0.00,350,0,0,0.0,0.0,2026-05-02T14:00:00Z,0,False,17,0,0,0,0,0,35,0,25035,0,0,1,1,0.0,0,-147,0,147,43,True,0
Elijah Campbell,DEF,Everton,0.0,0,0,0,0,0,0.0,0,705,0.00,0.00,0.00,0.00,346,0,0,0.0,0.0,2026-05-04T19:00:00Z,0,False,13,0,0,0,0,0,35,0,19422,0,0,3,3,0.0,0,-65,0,65,39,True,0
Christantus Uche,FWD,Crystal Palace,0.0,0,0,0,0,0,0.0,0,732,0.00,0.00,0.00,0.00,343,0,0,0.0,0.0,2026-05-03T13:00:00Z,0,False,4,0,0,0,0,0,35,0,6841,0,0,0,3,0.0,0,-42,106,148,55,False,0
Rayan Vitor Simplício Rocha,MID,Bournemouth,0.0,0,0,25,1,3,5.6,9,807,0.23,0.80,0.57,0.35,343,0,1,8.7,34.6,2026-05-03T13:00:00Z,85,False,8,0,0,0,4,0,35,0,181521,1,2,0,3,47.0,8,-11396,6161,17557,54,True,0
Harry Maguire,DEF,Man Utd,0.0,0,0,6,0,6,0.8,9,442,0.00,0.15,0.15,0.89,348,2,0,2.6,18.6,2026-05-03T14:30:00Z,90,False,12,0,0,0,2,0,35,0,171140,1,3,2,3,7.0,1,1082,6886,5804,44,True,0
Hjalmar Ekdal,DEF,Burnley,0.0,0,0,12,0,12,11.3,15,190,0.01,0.01,0.00,1.64,347,3,0,4.2,30.2,2026-05-01T19:00:00Z,90,False,11,0,0,0,9,0,35,0,91365,1,3,1,3,0.0,3,-637,735,1372,38,False,0
Mason Mount,MID,Man Utd,0.0,0,0,0,0,0,0.0,0,455,0.00,0.00,0.00,0.00,348,0,0,0.0,0.0,2026-05-03T14:30:00Z,0,False,12,0,0,0,0,0,35,0,36292,0,0,2,3,0.0,0,-53,110,163,59,True,0
Paris Maghoma,MID,Brentford,0.0,0,0,0,0,0,0.0,0,132,0.00,0.00,0.00,0.00,344,0,0,0.0,0.0,2026-05-02T14:00:00Z,0,False,19,0,0,0,0,0,35,0,2560,0,0,0,3,0.0,0,-19,0,19,45,True,0
Jair Paula da Cunha Filho,DEF,Nott'm Forest,0.0,0,0,4,0,2,0.2,3,510,0.00,0.00,0.00,1.13,345,0,0,0.5,4.8,2026-05-04T14:00:00Z,45,False,7,0,0,0,2,0,35,0,7899,1,1,3,1,0.0,1,-63,24,87,42,False,0
Freddie Potts,MID,West Ham,0.0,0,0,0,0,0,0.0,0,623,0.00,0.00,0.00,0.00,344,0,0,0.0,0.0,2026-05-02T14:00:00Z,0,False,5,0,0,0,0,0,35,0,67603,0,0,0,3,0.0,0,531,2058,1527,43,False,0
Joško Gvardiol,DEF,Man City,0.0,0,0,0,0,0,0.0,0,403,0.00,0.00,0.00,0.00,346,0,0,0.0,0.0,2026-05-04T19:00:00Z,0,False,9,0,0,0,0,0,35,0,417288,0,0,3,3,0.0,0,-1304,60,1364,58,False,0
Matthijs de Ligt,DEF,Man Utd,0.0,0,0,0,0,0,0.0,0,436,0.00,0.00,0.00,0.00,348,0,0,0.0,0.0,2026-05-03T14:30:00Z,0,False,12,0,0,0,0,0,35,0,232956,0,0,2,3,0.0,0,-445,16,461,49,True,0
Matheus França de Oliveira,MID,Crystal Palace,0.0,0,0,0,0,0,0.0,0,279,0.00,0.00,0.00,0.00,343,0,0,0.0,0.0,2026-05-03T13:00:00Z,0,False,4,0,0,0,0,0,35,0,761,0,0,0,3,0.0,0,-2,0,2,45,False,0
Nick Woltemade,FWD,Newcastle,0.0,0,0,0,0,0,0.0,0,714,0.00,0.00,0.00,0.00,349,0,0,0.0,0.0,2026-05-02T14:00:00Z,0,False,6,0,0,0,0,0,35,0,850650,0,0,1,3,0.0,0,-8282,2754,11036,67,True,0
Airidas Golambeckis,DEF,West Ham,0.0,0,0,0,0,0,0.0,0,752,0.00,0.00,0.00,0.00,344,0,0,0.0,0.0,2026-05-02T14:00:00Z,0,False,5,0,0,0,0,0,35,0,4265,0,0,0,3,0.0,0,0,89,89,40,False,0
Lucas Bergvall,MID,Spurs,0.0,0,0,3,0,0,0.0,0,586,0.00,0.00,0.00,0.06,342,1,0,0.0,0.0,2026-05-03T18:00:00Z,1,False,2,0,0,0,0,0,35,0,23525,0,0,2,1,0.0,1,-39,375,414,52,False,0
Mikel Merino Zazón,MID,Arsenal,0.0,0,0,0,0,0,0.0,0,22,0.00,0.00,0.00,0.00,341,0,0,0.0,0.0,2026-05-02T16:30:00Z,0,False,10,0,0,0,0,0,35,0,98744,0,0,0,3,0.0,0,-590,19,609,54,True,0
Braiden Graham,FWD,Everton,0.0,0,0,0,0,0,0.0,0,779,0.00,0.00,0.00,0.00,346,0,0,0.0,0.0,2026-05-04T19:00:00Z,0,False,13,0,0,0,0,0,35,0,5138,0,0,3,3,0.0,0,-66,141,207,45,True,0
Odsonne Édouard,FWD,Crystal Palace,0.0,0,0,0,0,0,0.0,0,285,0.00,0.00,0.00,0.00,343,0,0,0.0,0.0,2026-05-03T13:00:00Z,0,False,4,0,0,0,0,0,35,0,26471,0,0,0,3,0.0,0,-31,0,31,50,False,0
Joe Knight,MID,Brighton,0.0,0,0,0,0,0,0.0,0,175,0.00,0.00,0.00,0.00,349,0,0,0.0,0.0,2026-05-02T14:00:00Z,0,False,15,0,0,0,0,0,35,0,8632,0,0,1,3,0.0,0,-48,0,48,44,False,0
Zépiqueno Redmond,FWD,Aston Villa,0.0,0,0,0,0,0,0.0,0,65,0.00,0.00,0.00,0.00,342,0,0,0.0,0.0,2026-05-03T18:00:00Z,0,False,18,0,0,0,0,0,35,0,37133,0,0,2,1,0.0,0,-47,0,47,45,True,0
Matheus Santos Carneiro da Cunha,MID,Man Utd,0.0,0,0,28,0,3,5.3,9,450,0.02,0.11,0.09,0.89,348,2,1,7.2,37.0,2026-05-03T14:30:00Z,86,False,12,0,0,0,5,0,35,0,1035884,1,1,2,3,30.0,7,-164653,11036,175689,81,True,0
Max Merrick,GK,Chelsea,0.0,0,0,0,0,0,0.0,0,789,0.00,0.00,0.00,0.00,345,0,0,0.0,0.0,2026-05-04T14:00:00Z,0,False,16,0,0,0,0,0,35,0,1135,0,0,3,1,0.0,0,6,17,11,40,True,0
Chemsdine Talbi,MID,Sunderland,0.0,0,0,12,0,0,8.3,4,553,0.17,0.26,0.09,1.72,350,1,0,3.8,8.8,2026-05-02T14:00:00Z,90,False,20,0,0,0,3,0,35,0,20934,1,1,1,1,21.0,2,-154,371,525,49,False,0
Zach Abbott,DEF,Nott'm Forest,0.0,0,0,2,0,1,0.1,3,513,0.00,0.00,0.00,0.34,345,0,0,0.0,0.0,2026-05-04T14:00:00Z,45,False,7,0,0,0,2,0,35,0,32908,1,2,3,1,0.0,1,-248,93,341,38,False,0
Mykhailo Mudryk,MID,Chelsea,0.0,0,0,0,0,0,0.0,0,245,0.00,0.00,0.00,0.00,345,0,0,0.0,0.0,2026-05-04T14:00:00Z,0,False,16,0,0,0,0,0,35,0,1177,0,0,3,1,0.0,0,7,20,13,49,True,0
Emile Smith Rowe,MID,Fulham,0.0,0,0,13,0,1,6.8,6,325,0.02,0.08,0.06,2.92,341,3,0,1.8,2.6,2026-05-02T16:30:00Z,77,False,1,0,0,0,4,0,35,0,65433,1,1,0,3,9.0,2,-731,892,1623,56,False,0
Yves Bissouma,MID,Spurs,0.0,0,0,3,0,0,2.1,1,587,0.00,0.00,0.00,0.29,342,1,0,0.4,1.4,2026-05-03T18:00:00Z,23,False,2,0,0,0,1,0,35,0,6153,0,0,2,1,0.0,1,17,84,67,52,False,0
Zian Flemming,FWD,Burnley,0.0,0,0,7,0,2,10.3,3,215,0.04,0.04,0.00,1.47,347,3,0,2.1,6.2,2026-05-01T19:00:00Z,75,False,11,0,0,0,1,0,35,0,44837,1,0,1,3,4.0,2,-418,1955,2373,53,False,0
Alfie Pond,DEF,Wolves,0.0,0,0,0,0,0,0.0,0,641,0.00,0.00,0.00,0.00,350,0,0,0.0,0.0,2026-05-02T14:00:00Z,0,False,17,0,0,0,0,0,35,0,120675,0,0,1,1,0.0,0,-698,0,698,39,True,0
Fraser Forster,GK,Bournemouth,0.0,0,0,0,0,0,0.0,0,782,0.00,0.00,0.00,0.00,343,0,0,0.0,0.0,2026-05-03T13:00:00Z,0,False,8,0,0,0,0,0,35,0,3652,0,0,0,3,0.0,0,58,114,56,40,True,0
Daniel Ballard,DEF,Sunderland,0.0,0,0,-11,0,0,0.4,0,531,0.00,0.00,0.00,0.00,350,1,0,0.0,0.0,2026-05-02T14:00:00Z,23,False,20,0,0,0,0,1,35,0,422772,1,0,1,1,0.0,-2,-737,11779,12516,47,False,0
Tim Iroegbunam,MID,Everton,0.0,0,0,7,0,3,1.2,11,304,0.01,0.01,0.00,1.34,346,2,0,2.2,21.2,2026-05-04T19:00:00Z,90,False,13,0,0,0,2,0,35,0,4851,1,6,3,3,0.0,2,-45,28,73,48,True,0
Lucas Digne,DEF,Aston Villa,0.0,0,0,0,0,0,0.0,0,37,0.00,0.00,0.00,0.00,342,0,0,0.0,0.0,2026-05-03T18:00:00Z,0,False,18,0,0,0,0,0,35,0,211509,0,0,2,1,0.0,0,-1709,2873,4582,45,True,0
Mads Hermansen,GK,West Ham,0.0,0,0,8,0,2,0.0,0,679,0.00,0.00,0.00,2.27,344,3,0,3.0,30.0,2026-05-02T14:00:00Z,90,False,5,0,0,0,10,0,35,4,107499,1,0,0,3,0.0,2,-1265,7151,8416,42,False,0
Viktor Gyökeres,FWD,Arsenal,0.0,1,3,66,1,0,13.4,2,666,0.02,1.72,1.70,0.20,341,0,2,19.0,88.2,2026-05-02T16:30:00Z,63,False,10,0,0,0,2,0,35,0,1585802,1,0,0,3,88.0,16,-11602,51537,63139,88,True,0
Emiliano Buendía Stati,MID,Aston Villa,0.0,0,0,23,0,0,0.0,1,50,0.00,0.06,0.06,0.00,342,0,1,5.2,35.0,2026-05-03T18:00:00Z,5,False,18,0,0,0,0,0,35,0,46104,0,1,2,1,17.0,6,-1428,696,2124,53,True,0
Benjamin Lecomte,GK,Fulham,0.0,0,0,0,0,0,0.0,0,664,0.00,0.00,0.00,0.00,341,0,0,0.0,0.0,2026-05-02T16:30:00Z,0,False,1,0,0,0,0,0,35,0,88950,0,0,0,3,0.0,0,-551,171,722,39,False,0
Ismeal Kabia,MID,Arsenal,0.0,0,0,0,0,0,0.0,0,28,0.00,0.00,0.00,0.00,341,0,0,0.0,0.0,2026-05-02T16:30:00Z,0,False,10,0,0,0,0,0,35,0,12416,0,0,0,3,0.0,0,-11,0,11,45,True,0
Isaac Hayden,MID,Newcastle,0.0,0,0,0,0,0,0.0,0,495,0.00,0.00,0.00,0.00,349,0,0,0.0,0.0,2026-05-02T14:00:00Z,0,False,6,0,0,0,0,0,35,0,760,0,0,1,3,0.0,0,0,0,0,45,True,0
Adrian Mazilu,MID,Brighton,0.0,0,0,0,0,0,0.0,0,176,0.00,0.00,0.00,0.00,349,0,0,0.0,0.0,2026-05-02T14:00:00Z,0,False,15,0,0,0,0,0,35,0,2346,0,0,1,3,0.0,0,-4,0,4,45,False,0
Jurriën Timber,DEF,Arsenal,0.0,0,0,0,0,0,0.0,0,8,0.00,0.00,0.00,0.00,341,0,0,0.0,0.0,2026-05-02T16:30:00Z,0,False,10,0,0,0,0,0,35,0,2296584,0,0,0,3,0.0,0,-303746,269,304015,61,True,0
Finlay Herrick,GK,West Ham,0.0,0,0,0,0,0,0.0,0,825,0.00,0.00,0.00,0.00,344,0,0,0.0,0.0,2026-05-02T14:00:00Z,0,False,5,0,0,0,0,0,35,0,416,0,0,0,3,0.0,0,23,67,44,40,False,0
Kyle Walker,DEF,Burnley,0.0,0,0,3,0,5,16.7,7,187,0.16,0.19,0.03,1.64,347,3,0,3.6,17.2,2026-05-01T19:00:00Z,90,False,11,0,0,0,3,0,35,0,143968,1,2,1,3,2.0,1,-754,500,1254,44,False,0
Cole Palmer,MID,Chelsea,0.0,0,0,2,0,2,20.3,6,235,0.19,1.12,0.93,2.05,345,3,0,7.3,12.4,2026-05-04T14:00:00Z,90,False,16,0,1,0,4,0,35,0,2104706,1,0,3,1,40.0,0,-134831,22786,157617,105,True,0
Maxence Lacroix,DEF,Crystal Palace,0.0,0,0,3,0,8,0.6,10,257,0.00,0.00,0.00,2.08,343,3,0,2.1,16.8,2026-05-03T13:00:00Z,90,False,4,0,0,0,4,0,35,0,794671,1,2,0,3,4.0,2,102572,132010,29438,51,False,1
Robert Lynch Sánchez,GK,Chelsea,0.0,0,0,-2,0,1,0.0,0,220,0.00,0.00,0.00,2.05,345,3,0,1.0,9.8,2026-05-04T14:00:00Z,66,False,16,0,0,0,2,0,35,1,1505206,1,0,3,1,0.0,1,-33230,4242,37472,48,True,0
Benjamin Fredrick,DEF,Brentford,0.0,0,0,0,0,0,0.0,0,115,0.00,0.00,0.00,0.00,344,0,0,0.0,0.0,2026-05-02T14:00:00Z,0,False,19,0,0,0,0,0,35,0,9439,0,0,0,3,0.0,0,-14,0,14,40,True,0
Brajan Gruda,MID,Brighton,0.0,0,0,0,0,0,0.0,0,162,0.00,0.00,0.00,0.00,349,0,0,0.0,0.0,2026-05-02T14:00:00Z,0,False,15,0,0,0,0,0,35,0,5857,0,0,1,3,0.0,0,-18,0,18,54,False,0
James Trafford,GK,Man City,0.0,0,0,0,0,0,0.0,0,182,0.00,0.00,0.00,0.00,346,0,0,0.0,0.0,2026-05-04T19:00:00Z,0,False,9,0,0,0,0,0,35,0,119157,0,0,3,3,0.0,0,-150,138,288,45,False,0
Ben Gannon-Doak,MID,Bournemouth,0.0,0,0,3,0,0,1.5,1,391,0.00,0.00,0.00,0.54,343,0,0,0.2,0.0,2026-05-03T13:00:00Z,4,False,8,0,0,0,1,0,35,0,4156,0,0,0,3,0.0,1,14,38,24,48,True,0
Max Alleyne,DEF,Man City,0.0,0,0,0,0,0,0.0,0,794,0.00,0.00,0.00,0.00,346,0,0,0.0,0.0,2026-05-04T19:00:00Z,0,False,9,0,0,0,0,0,35,0,1336,0,0,3,3,0.0,0,-18,20,38,39,False,0
Saša Kalajdžić,FWD,Wolves,0.0,0,0,0,0,0,0.0,0,656,0.00,0.00,0.00,0.00,350,0,0,0.0,0.0,2026-05-02T14:00:00Z,0,False,17,0,0,0,0,0,35,0,6165,0,0,1,1,0.0,0,-11,0,11,49,True,0
Mitoma Kaoru,MID,Brighton,0.0,0,0,13,0,0,17.1,5,157,0.06,0.18,0.12,3.16,349,3,0,2.6,3.2,2026-05-02T14:00:00Z,90,False,15,0,0,0,5,0,35,0,289170,1,0,1,3,6.0,1,10563,16583,6020,61,False,1
Michael Keane,DEF,Everton,0.0,0,0,-2,0,8,0.7,10,295,0.02,0.06,0.04,1.45,346,3,0,3.4,25.8,2026-05-04T19:00:00Z,90,False,13,0,0,0,2,0,35,0,349966,1,2,3,3,7.0,2,-27116,2839,29955,45,True,1
Jenson Jones,DEF,Sunderland,0.0,0,0,0,0,0,0.0,0,774,0.00,0.00,0.00,0.00,350,0,0,0.0,0.0,2026-05-02T14:00:00Z,0,False,20,0,0,0,0,0,35,0,2900,0,0,1,1,0.0,0,39,90,51,40,False,0
Jean-Clair Todibo,DEF,West Ham,0.0,0,0,0,0,0,0.0,0,609,0.00,0.00,0.00,0.00,344,0,0,0.0,0.0,2026-05-02T14:00:00Z,0,False,5,0,0,0,0,0,35,0,12816,0,0,0,3,0.0,0,-46,77,123,43,False,0
Joelinton Cássio Apolinário de Lira,MID,Newcastle,0.0,0,0,7,0,3,3.3,13,490,0.01,0.18,0.17,1.53,349,1,0,1.3,5.8,2026-05-02T14:00:00Z,90,False,6,0,0,0,8,0,35,0,37215,1,2,1,3,4.0,4,140,569,429,59,True,0
Mohamadou Kanté,MID,West Ham,0.0,0,0,0,0,0,0.0,0,758,0.00,0.00,0.00,0.00,344,0,0,0.0,0.0,2026-05-02T14:00:00Z,0,False,5,0,0,0,0,0,35,0,1661,0,0,0,3,0.0,0,28,106,78,45,False,0
Francisco Evanilson de Lima Barbosa,FWD,Bournemouth,0.0,1,0,17,1,2,12.0,7,97,0.16,0.40,0.24,0.25,343,0,0,2.6,0.0,2026-05-03T13:00:00Z,79,False,8,0,0,0,5,0,35,0,326119,1,0,0,3,14.0,5,-6962,12328,19290,67,True,0
Nordi Mukiele,DEF,Sunderland,0.0,0,1,24,0,8,1.6,12,694,0.04,0.23,0.19,1.72,350,1,1,9.4,55.4,2026-05-02T14:00:00Z,90,False,20,0,0,0,3,0,35,0,1136700,1,4,1,1,37.0,11,-12139,39629,51768,46,False,0
Kevin Danso,DEF,Spurs,0.0,0,0,13,0,7,0.8,10,570,0.00,0.09,0.09,0.32,342,1,0,5.0,22.8,2026-05-03T18:00:00Z,90,False,2,0,0,0,4,0,35,0,19918,1,3,2,1,26.0,3,-885,577,1462,42,False,1
Adam Aznou,DEF,Everton,0.0,0,0,0,0,0,0.0,0,667,0.00,0.00,0.00,0.00,346,0,0,0.0,0.0,2026-05-04T19:00:00Z,0,False,13,0,0,0,0,0,35,0,7401,0,0,3,3,0.0,0,-41,18,59,42,True,0
Ben Davies,DEF,Spurs,0.0,0,0,0,0,0,0.0,0,571,0.00,0.00,0.00,0.00,342,0,0,0.0,0.0,2026-05-03T18:00:00Z,0,False,2,0,0,0,0,0,35,0,8439,0,0,2,1,0.0,0,-17,10,27,43,False,0
Trai Hume,DEF,Sunderland,0.0,0,0,7,0,5,6.6,7,532,0.02,0.08,0.06,1.72,350,1,0,2.9,15.2,2026-05-02T14:00:00Z,90,False,20,0,0,0,2,0,35,0,44982,1,2,1,1,7.0,2,-60,1260,1320,45,False,0
Tom Cairney,MID,Fulham,0.0,0,0,1,0,0,1.7,3,331,0.00,0.03,0.03,0.31,341,0,0,0.8,3.8,2026-05-02T16:30:00Z,26,False,1,0,0,0,2,0,35,0,4154,0,1,0,3,2.0,1,-22,35,57,48,False,0
Calvin Bassey,DEF,Fulham,0.0,0,0,9,0,4,12.0,8,318,0.03,0.03,0.00,3.23,341,3,0,4.1,26.8,2026-05-02T16:30:00Z,90,False,1,0,0,0,5,0,35,0,80697,1,4,0,3,2.0,1,-4953,1694,6647,44,False,0
Alfie McNally,GK,Fulham,0.0,0,0,0,0,0,0.0,0,786,0.00,0.00,0.00,0.00,341,0,0,0.0,0.0,2026-05-02T16:30:00Z,0,False,1,0,0,0,0,0,35,0,1565,0,0,0,3,0.0,0,11,56,45,40,False,0
Matai Akinmboni,DEF,Bournemouth,0.0,0,0,0,0,0,0.0,0,75,0.00,0.00,0.00,0.00,343,0,0,0.0,0.0,2026-05-03T13:00:00Z,0,False,8,0,0,0,0,0,35,0,25122,0,0,0,3,0.0,0,24,144,120,38,True,0
Yehor Yarmoliuk,MID,Brentford,0.0,0,0,17,1,3,17.6,11,129,0.04,0.07,0.03,0.92,344,0,0,3.3,14.0,2026-05-02T14:00:00Z,90,False,19,0,0,0,6,0,35,0,13443,1,2,0,3,1.0,3,411,721,310,50,True,0
Norberto Bercique Gomes Betuncal,FWD,Everton,0.0,0,0,3,0,2,20.1,2,311,0.00,0.20,0.20,0.83,346,1,0,4.3,10.2,2026-05-04T19:00:00Z,63,False,13,0,0,0,0,0,35,0,379936,1,0,3,3,13.0,1,-32322,3085,35407,50,True,1
Christian Nørgaard,MID,Arsenal,0.0,0,0,0,0,0,0.0,0,24,0.00,0.00,0.00,0.00,341,0,0,0.0,0.0,2026-05-02T16:30:00Z,0,False,10,0,0,0,0,0,35,0,17113,0,0,0,3,0.0,0,-26,40,66,51,True,0
Dan Ndoye,MID,Nott'm Forest,0.0,0,0,0,0,0,0.0,0,669,0.00,0.00,0.00,0.00,345,0,0,0.0,0.0,2026-05-04T14:00:00Z,0,False,7,0,0,0,0,0,35,0,88745,0,0,3,1,0.0,0,-293,78,371,55,False,0
Soungoutou Magassa,MID,West Ham,0.0,0,0,3,0,0,0.3,1,718,0.00,0.00,0.00,0.10,344,0,0,0.1,0.6,2026-05-02T14:00:00Z,2,False,5,0,0,0,1,0,35,0,3518,0,0,0,3,0.0,1,-31,28,59,50,False,0
Bradley Burrowes,MID,Aston Villa,0.0,0,0,0,0,0,0.0,0,702,0.00,0.00,0.00,0.00,342,0,0,0.0,0.0,2026-05-03T18:00:00Z,0,False,18,0,0,0,0,0,35,0,12227,0,0,2,1,0.0,0,1008,1404,396,43,True,0
Martin Sherif,FWD,Everton,0.0,0,0,0,0,0,0.0,0,313,0.00,0.00,0.00,0.00,346,0,0,0.0,0.0,2026-05-04T19:00:00Z,0,False,13,0,0,0,0,0,35,0,14871,0,0,3,3,0.0,0,-32,0,32,44,True,0
Martin Ødegaard,MID,Arsenal,0.0,0,0,0,0,0,0.0,0,17,0.00,0.00,0.00,0.00,341,0,0,0.0,0.0,2026-05-02T16:30:00Z,0,False,10,0,0,0,0,0,35,0,213248,0,0,0,3,0.0,0,2808,6089,3281,78,True,0
Malick Yalcouyé,MID,Brighton,0.0,0,0,0,0,0,0.0,0,174,0.00,0.00,0.00,0.00,349,0,0,0.0,0.0,2026-05-02T14:00:00Z,0,False,15,0,0,0,0,0,35,0,635,0,0,1,3,0.0,0,0,0,0,50,False,0
Charalampos Kostoulas,FWD,Brighton,0.0,0,0,4,0,0,0.2,0,181,0.00,0.10,0.10,1.05,349,1,0,2.2,3.2,2026-05-02T14:00:00Z,10,False,15,0,0,0,0,0,35,0,43300,0,0,1,3,19.0,1,-139,320,459,48,False,0
Romain Esse,MID,Crystal Palace,0.0,0,0,0,0,0,0.0,0,269,0.00,0.00,0.00,0.00,343,0,0,0.0,0.0,2026-05-03T13:00:00Z,0,False,4,0,0,0,0,0,35,0,14314,0,0,0,3,0.0,0,-30,0,30,47,False,0
João Victor de Souza Menezes,DEF,Spurs,0.0,0,0,0,0,0,0.0,0,804,0.00,0.00,0.00,0.00,342,0,0,0.0,0.0,2026-05-03T18:00:00Z,0,False,2,0,0,0,0,0,35,0,2794,0,0,2,1,0.0,0,-62,42,104,40,False,0
Mark Travers,GK,Everton,0.0,0,0,0,0,0,0.0,0,288,0.00,0.00,0.00,0.00,346,0,0,0.0,0.0,2026-05-04T19:00:00Z,0,False,13,0,0,0,0,0,35,0,14728,0,0,3,3,0.0,0,-64,58,122,42,True,0
Altay Bayındır,GK,Man Utd,0.0,0,0,0,0,0,0.0,0,431,0.00,0.00,0.00,0.00,348,0,0,0.0,0.0,2026-05-03T14:30:00Z,0,False,12,0,0,0,0,0,35,0,40981,0,0,2,3,0.0,0,-76,128,204,47,True,0
Largie Ramazani,MID,Leeds,0.0,0,0,0,0,0,0.0,0,357,0.00,0.00,0.00,0.00,347,0,0,0.0,0.0,2026-05-01T19:00:00Z,0,False,3,0,0,0,0,0,35,0,1847,0,0,1,3,0.0,0,-2,0,2,49,True,0
Malcom DaCosta,MID,Bournemouth,0.0,0,0,0,0,0,0.0,0,756,0.00,0.00,0.00,0.00,343,0,0,0.0,0.0,2026-05-03T13:00:00Z,0,False,8,0,0,0,0,0,35,0,1391,0,0,0,3,0.0,0,13,40,27,45,True,0
Pedro Lomba Neto,MID,Chelsea,0.0,0,0,0,0,0,0.0,0,236,0.00,0.00,0.00,0.00,345,0,0,0.0,0.0,2026-05-04T14:00:00Z,0,False,16,0,0,0,0,0,35,0,561124,0,0,3,1,0.0,0,-6220,6745,12965,70,True,0
Rodrigo Martins Gomes,DEF,Wolves,0.0,0,0,5,0,0,2.8,1,635,0.04,0.04,0.00,0.31,350,0,0,1.0,3.0,2026-05-02T14:00:00Z,45,False,17,0,0,0,1,0,35,0,10721,0,1,1,1,4.0,1,323,711,388,44,True,0
Yerson Mosquera Valdelamar,DEF,Wolves,0.0,0,0,8,0,7,2.3,8,634,0.03,0.12,0.09,0.66,350,1,0,2.8,15.0,2026-05-02T14:00:00Z,90,False,17,0,0,0,4,0,35,0,11042,1,1,1,1,11.0,2,-202,143,345,43,True,0
Iliman Ndiaye,MID,Everton,0.0,0,0,6,0,1,11.8,6,299,0.01,0.90,0.89,1.45,346,3,0,7.2,14.6,2026-05-04T19:00:00Z,90,False,13,0,0,0,4,0,35,0,577768,1,1,3,3,46.0,2,-27517,7336,34853,62,True,0
Tyler Fletcher,MID,Man Utd,0.0,0,0,0,0,0,0.0,0,771,0.00,0.00,0.00,0.00,348,0,0,0.0,0.0,2026-05-03T14:30:00Z,0,False,12,0,0,0,0,0,35,0,1445,0,0,2,3,0.0,0,-16,31,47,44,True,0
Florentino Ibrain Morris Luís,MID,Burnley,0.0,0,0,8,0,0,2.8,3,722,0.01,0.01,0.00,0.37,347,0,0,0.9,6.2,2026-05-01T19:00:00Z,25,False,11,0,0,0,1,0,35,0,5062,0,2,1,3,0.0,1,25,110,85,50,False,0
Nicolas Jackson,FWD,Chelsea,0.0,0,0,0,0,0,0.0,0,251,0.00,0.00,0.00,0.00,345,0,0,0.0,0.0,2026-05-04T14:00:00Z,0,False,16,0,0,0,0,0,35,0,9173,0,0,3,1,0.0,0,-6,0,6,65,True,0
Morgan Rogers,MID,Aston Villa,0.0,0,0,8,0,2,4.0,10,47,0.00,0.03,0.03,0.99,342,2,0,2.7,10.6,2026-05-03T18:00:00Z,90,False,18,0,0,0,5,0,35,0,3273402,1,3,2,1,12.0,1,24706,167146,142440,75,True,1
Reiss Nelson,MID,Brentford,0.0,0,0,0,0,0,0.0,0,27,0.00,0.00,0.00,0.00,344,0,0,0.0,0.0,2026-05-02T14:00:00Z,0,False,19,0,0,0,0,0,35,0,12265,0,0,0,3,0.0,0,131,192,61,48,True,0
Dan Burn,DEF,Newcastle,0.0,0,0,22,0,7,0.0,9,476,0.00,0.17,0.17,1.53,349,1,1,8.2,46.6,2026-05-02T14:00:00Z,90,False,6,0,0,0,0,0,35,0,447923,1,2,1,3,35.0,7,222,4370,4148,50,True,1
Andreas Hoelgebaum Pereira,MID,Fulham,0.0,0,0,0,0,0,0.0,0,327,0.00,0.00,0.00,0.00,341,0,0,0.0,0.0,2026-05-02T16:30:00Z,0,False,1,0,0,0,0,0,35,0,7515,0,0,0,3,0.0,0,-9,0,9,53,False,0
Lewis Miley,MID,Newcastle,0.0,0,0,9,0,7,5.3,8,497,0.03,0.03,0.00,1.53,349,1,0,2.3,17.8,2026-05-02T14:00:00Z,90,False,6,0,0,0,0,0,35,0,251504,1,1,1,3,0.0,2,10307,16743,6436,44,True,0
Ahmed Abdullahi,FWD,Sunderland,0.0,0,0,0,0,0,0.0,0,562,0.00,0.00,0.00,0.00,350,0,0,0.0,0.0,2026-05-02T14:00:00Z,0,False,20,0,0,0,0,0,35,0,55744,0,0,1,1,0.0,0,-513,395,908,42,False,0
James McConnell,MID,Liverpool,0.0,0,0,0,0,0,0.0,0,394,0.00,0.00,0.00,0.00,348,0,0,0.0,0.0,2026-05-03T14:30:00Z,0,False,14,0,0,0,0,0,35,0,2579,0,0,2,3,0.0,0,-6,0,6,44,False,0
Tom McGill,GK,Brighton,0.0,0,0,0,0,0,0.0,0,140,0.00,0.00,0.00,0.00,349,0,0,0.0,0.0,2026-05-02T14:00:00Z,0,False,15,0,0,0,0,0,35,0,38590,0,0,1,3,0.0,0,-98,127,225,39,False,0
Brayden Clarke,DEF,Arsenal,0.0,0,0,0,0,0,0.0,0,13,0.00,0.00,0.00,0.00,341,0,0,0.0,0.0,2026-05-02T16:30:00Z,0,False,10,0,0,0,0,0,35,0,57036,0,0,0,3,0.0,0,519,1253,734,37,True,0
Joe Worrall,DEF,Burnley,0.0,0,0,0,0,0,0.0,0,199,0.00,0.00,0.00,0.00,347,0,0,0.0,0.0,2026-05-01T19:00:00Z,0,False,11,0,0,0,0,0,35,0,25729,0,0,1,3,0.0,0,-531,62,593,38,False,0
Owen Dodgson,DEF,Burnley,0.0,0,0,0,0,0,0.0,0,189,0.00,0.00,0.00,0.00,347,0,0,0.0,0.0,2026-05-01T19:00:00Z,0,False,11,0,0,0,0,0,35,0,1578,0,0,1,3,0.0,0,-2,0,2,40,False,0
Enzo Fernández,MID,Chelsea,0.0,0,0,15,0,0,95.5,5,237,0.29,0.44,0.15,2.05,345,3,0,12.9,16.6,2026-05-04T14:00:00Z,90,False,16,0,0,0,4,0,35,0,1474621,1,1,3,1,17.0,2,-15220,42393,57613,65,True,0
Julio Enciso Espínola,MID,Brighton,0.0,0,0,0,0,0,0.0,0,161,0.00,0.00,0.00,0.00,349,0,0,0.0,0.0,2026-05-02T14:00:00Z,0,False,15,0,0,0,0,0,35,0,1127,0,0,1,3,0.0,0,-1,0,1,54,False,0
Emil Krafth,DEF,Newcastle,0.0,0,0,0,0,0,0.0,0,479,0.00,0.00,0.00,0.00,349,0,0,0.0,0.0,2026-05-02T14:00:00Z,0,False,6,0,0,0,0,0,35,0,4737,0,0,1,3,0.0,0,2,22,20,43,True,0
Boubacar Kamara,MID,Aston Villa,0.0,0,0,0,0,0,0.0,0,58,0.00,0.00,0.00,0.00,342,0,0,0.0,0.0,2026-05-03T18:00:00Z,0,False,18,0,0,0,0,0,35,0,22194,0,0,2,1,0.0,0,-173,19,192,49,True,0
Hugo Ekitiké,FWD,Liverpool,0.0,0,0,0,0,0,0.0,0,661,0.00,0.00,0.00,0.00,348,0,0,0.0,0.0,2026-05-03T14:30:00Z,0,False,14,0,0,0,0,0,35,0,2238048,0,0,2,3,0.0,0,-212380,134,212514,91,False,0
Amara Nallo,DEF,Liverpool,0.0,0,0,0,0,0,0.0,0,378,0.00,0.00,0.00,0.00,348,0,0,0.0,0.0,2026-05-03T14:30:00Z,0,False,14,0,0,0,0,0,35,0,117811,0,0,2,3,0.0,0,-2567,570,3137,37,False,0
Andrew Robertson,DEF,Liverpool,0.0,0,0,-4,0,2,1.8,2,372,0.01,0.01,0.00,2.00,348,2,0,0.6,4.4,2026-05-03T14:30:00Z,58,False,14,0,0,0,2,0,35,0,137191,1,0,2,3,0.0,0,1899,3206,1307,57,False,0
Seung-Soo Park,MID,Newcastle,0.0,0,0,0,0,0,0.0,0,689,0.00,0.00,0.00,0.00,349,0,0,0.0,0.0,2026-05-02T14:00:00Z,0,False,6,0,0,0,0,0,35,0,63100,0,0,1,3,0.0,0,-583,737,1320,43,True,0
Randal Kolo Muani,FWD,Spurs,0.0,0,0,8,1,0,10.5,7,726,0.04,0.27,0.23,0.03,342,0,0,6.5,12.4,2026-05-03T18:00:00Z,66,False,2,0,0,0,4,0,35,0,53346,1,3,2,1,42.0,1,-3012,885,3897,69,False,1
Jason Steele,GK,Brighton,0.0,0,0,0,0,0,0.0,0,138,0.00,0.00,0.00,0.00,349,0,0,0.0,0.0,2026-05-02T14:00:00Z,0,False,15,0,0,0,0,0,35,0,31591,0,0,1,3,0.0,0,-4,227,231,42,False,0
Joe Gauci,GK,Aston Villa,0.0,0,0,0,0,0,0.0,0,34,0.00,0.00,0.00,0.00,342,0,0,0.0,0.0,2026-05-03T18:00:00Z,0,False,18,0,0,0,0,0,35,0,11314,0,0,2,1,0.0,0,-37,0,37,40,True,0
Callum Hudson-Odoi,MID,Nott'm Forest,0.0,0,0,0,0,0,0.0,0,516,0.00,0.00,0.00,0.00,345,0,0,0.0,0.0,2026-05-04T14:00:00Z,0,False,7,0,0,0,0,0,35,0,81754,0,0,3,1,0.0,0,-3339,34,3373,57,False,0
Trevoh Chalobah,DEF,Chelsea,0.0,0,0,2,0,4,2.2,4,226,0.01,0.11,0.10,2.05,345,3,0,2.1,14.6,2026-05-04T14:00:00Z,90,False,16,0,0,0,5,0,35,0,1222728,1,0,3,1,4.0,1,-20035,7589,27624,54,True,0
Jun'ai Byfield,DEF,Spurs,0.0,0,0,0,0,0,0.0,0,745,0.00,0.00,0.00,0.00,342,0,0,0.0,0.0,2026-05-03T18:00:00Z,0,False,2,0,0,0,0,0,35,0,5068,0,0,2,1,0.0,0,-21,26,47,40,False,0
Guido Rodríguez,MID,West Ham,0.0,0,0,0,0,0,0.0,0,618,0.00,0.00,0.00,0.00,344,0,0,0.0,0.0,2026-05-02T14:00:00Z,0,False,5,0,0,0,0,0,35,0,5227,0,0,0,3,0.0,0,-4,0,4,48,False,0
Kepa Arrizabalaga Revuelta,GK,Arsenal,0.0,0,0,0,0,0,0.0,0,2,0.00,0.00,0.00,0.00,341,0,0,0.0,0.0,2026-05-02T16:30:00Z,0,False,10,0,0,0,0,0,35,0,48983,0,0,0,3,0.0,0,-52,221,273,40,True,0
James Justin,DEF,Leeds,0.0,0,0,12,0,2,1.8,6,706,0.03,0.05,0.02,0.57,347,1,0,3.0,14.8,2026-05-01T19:00:00Z,90,False,3,0,0,0,5,0,35,0,280031,1,4,1,3,13.0,2,97590,108024,10434,39,True,0
Daniel Adu-Adjei,FWD,Bournemouth,0.0,0,0,0,0,0,0.0,0,99,0.00,0.00,0.00,0.00,343,0,0,0.0,0.0,2026-05-03T13:00:00Z,0,False,8,0,0,0,0,0,35,0,17244,0,0,0,3,0.0,0,-22,0,22,44,True,0
Youssef Ramalho Chermiti,FWD,Everton,0.0,0,0,0,0,0,0.0,0,312,0.00,0.00,0.00,0.00,346,0,0,0.0,0.0,2026-05-04T19:00:00Z,0,False,13,0,0,0,0,0,35,0,8241,0,0,3,3,0.0,0,-7,0,7,49,True,0
Yang Min-hyeok,MID,Spurs,0.0,0,0,0,0,0,0.0,0,594,0.00,0.00,0.00,0.00,342,0,0,0.0,0.0,2026-05-03T18:00:00Z,0,False,2,0,0,0,0,0,35,0,1401,0,0,2,1,0.0,0,-3,0,3,45,False,0
Ibrahima Konaté,DEF,Liverpool,0.0,0,0,3,0,4,2.2,5,374,0.01,0.01,0.00,2.24,348,3,0,2.4,21.6,2026-05-03T14:30:00Z,86,False,14,0,0,0,1,0,35,0,529622,1,1,2,3,0.0,1,-28588,4668,33256,55,False,0
Lyle Foster,FWD,Burnley,0.0,0,0,0,0,0,0.0,0,217,0.00,0.00,0.00,0.00,347,0,0,0.0,0.0,2026-05-01T19:00:00Z,0,False,11,0,0,0,0,0,35,0,98370,0,0,1,3,0.0,0,-624,424,1048,49,False,0
Rob Holding,DEF,Crystal Palace,0.0,0,0,0,0,0,0.0,0,264,0.00,0.00,0.00,0.00,343,0,0,0.0,0.0,2026-05-03T13:00:00Z,0,False,4,0,0,0,0,0,35,0,2028,0,0,0,3,0.0,0,-4,0,4,40,False,0
Valentín Castellanos,FWD,West Ham,0.0,0,0,0,0,2,17.9,5,791,0.15,0.52,0.37,2.13,344,2,0,5.1,1.2,2026-05-02T14:00:00Z,64,False,5,0,0,0,2,0,35,0,29887,1,1,0,3,32.0,1,-5957,1943,7900,55,False,1
Manor Solomon,MID,Spurs,0.0,0,0,0,0,0,0.0,0,589,0.00,0.00,0.00,0.00,342,0,0,0.0,0.0,2026-05-03T18:00:00Z,0,False,2,0,0,0,0,0,35,0,841,0,0,2,1,0.0,0,-2,0,2,54,False,0
Tommy Setford,GK,Arsenal,0.0,0,0,0,0,0,0.0,0,4,0.00,0.00,0.00,0.00,341,0,0,0.0,0.0,2026-05-02T16:30:00Z,0,False,10,0,0,0,0,0,35,0,27258,0,0,0,3,0.0,0,-148,81,229,39,True,0
Marcus Edwards,MID,Burnley,0.0,0,0,0,0,0,0.0,0,206,0.00,0.00,0.00,0.00,347,0,0,0.0,0.0,2026-05-01T19:00:00Z,0,False,11,0,0,0,0,0,35,0,12431,0,0,1,3,0.0,0,-160,199,359,47,False,0
Manuel Benson Hedilazio,MID,Burnley,0.0,0,0,0,0,0,0.0,0,201,0.00,0.00,0.00,0.00,347,0,0,0.0,0.0,2026-05-01T19:00:00Z,0,False,11,0,0,0,0,0,35,0,1893,0,0,1,3,0.0,0,-1,0,1,54,False,0
Kalvin Phillips,MID,Man City,0.0,0,0,0,0,0,0.0,0,429,0.00,0.00,0.00,0.00,346,0,0,0.0,0.0,2026-05-04T19:00:00Z,0,False,9,0,0,0,0,0,35,0,7626,0,0,3,3,0.0,0,-8,0,8,47,False,0
Remy Rees-Dottin,MID,Bournemouth,0.0,0,0,0,0,0,0.0,0,687,0.00,0.00,0.00,0.00,343,0,0,0.0,0.0,2026-05-03T13:00:00Z,0,False,8,0,0,0,0,0,35,0,22909,0,0,0,3,0.0,0,-48,265,313,43,True,0
John Victor Maciel Furtado,GK,Nott'm Forest,0.0,0,0,0,0,0,0.0,0,715,0.00,0.00,0.00,0.00,345,0,0,0.0,0.0,2026-05-04T14:00:00Z,0,False,7,0,0,0,0,0,35,0,37791,0,0,3,1,0.0,0,-643,30,673,40,False,0
Tyrick Mitchell,DEF,Crystal Palace,0.0,0,0,4,0,4,11.2,5,258,0.07,0.07,0.00,0.59,343,1,0,3.4,14.4,2026-05-03T13:00:00Z,45,False,4,0,0,0,6,0,35,0,297482,0,1,0,3,8.0,1,-796,9057,9853,50,False,0
Matheus Nunes,DEF,Man City,0.0,0,0,5,0,4,6.7,9,407,0.04,0.04,0.00,2.77,346,3,0,3.3,17.8,2026-05-04T19:00:00Z,90,False,9,0,0,0,6,0,35,0,383401,1,5,3,3,8.0,1,2013,14928,12915,53,False,0
Sam Proctor,GK,Aston Villa,0.0,0,0,0,0,0,0.0,0,703,0.00,0.00,0.00,0.00,342,0,0,0.0,0.0,2026-05-03T18:00:00Z,0,False,18,0,0,0,0,0,35,0,77330,0,0,2,1,0.0,0,-690,114,804,39,True,0
Harrison Jones,MID,Sunderland,0.0,0,0,0,0,0,0.0,0,557,0.00,0.00,0.00,0.00,350,0,0,0.0,0.0,2026-05-02T14:00:00Z,0,False,20,0,0,0,0,0,35,0,8924,0,0,1,1,0.0,0,12,129,117,43,False,0
Alex Iwobi,MID,Fulham,0.0,0,0,0,0,0,0.0,0,324,0.00,0.00,0.00,0.00,341,0,0,0.0,0.0,2026-05-02T16:30:00Z,0,False,1,0,0,0,0,0,35,0,174074,0,0,0,3,0.0,0,-41792,95,41887,62,False,0
Timothy Castagne,DEF,Fulham,0.0,0,0,5,0,4,1.4,5,319,0.01,0.16,0.15,3.23,341,3,0,3.9,13.0,2026-05-02T16:30:00Z,90,False,1,0,0,0,4,0,35,0,16611,1,1,0,3,25.0,1,-107,908,1015,43,False,0
Bernd Leno,GK,Fulham,0.0,0,0,12,0,1,0.0,0,314,0.00,0.00,0.00,3.23,341,3,0,4.5,44.6,2026-05-02T16:30:00Z,90,False,1,0,0,0,6,0,35,6,252589,1,0,0,3,0.0,3,2276,13737,11461,49,False,0
Claudio Echeverri,MID,Man City,0.0,0,0,0,0,0,0.0,0,425,0.00,0.00,0.00,0.00,346,0,0,0.0,0.0,2026-05-04T19:00:00Z,0,False,9,0,0,0,0,0,35,0,1226,0,0,3,3,0.0,0,-2,0,2,54,False,0
Giovanni Leoni,DEF,Liverpool,0.0,0,0,0,0,0,0.0,0,692,0.00,0.00,0.00,0.00,348,0,0,0.0,0.0,2026-05-03T14:30:00Z,0,False,14,0,0,0,0,0,35,0,1809,0,0,2,3,0.0,0,4,14,10,49,False,0
Owen Bevan,DEF,Bournemouth,0.0,0,0,0,0,0,0.0,0,76,0.00,0.00,0.00,0.00,343,0,0,0.0,0.0,2026-05-03T13:00:00Z,0,False,8,0,0,0,0,0,35,0,23268,0,0,0,3,0.0,0,-97,98,195,38,True,0
Angus Gunn,GK,Nott'm Forest,0.0,0,0,0,0,0,0.0,0,675,0.00,0.00,0.00,0.00,345,0,0,0.0,0.0,2026-05-04T14:00:00Z,0,False,7,0,0,0,0,0,35,0,145815,0,0,3,1,0.0,0,-426,87,513,40,False,0
Cody Gakpo,MID,Liverpool,0.0,0,0,20,0,3,12.2,7,384,0.02,0.55,0.53,2.34,348,3,1,9.5,43.4,2026-05-03T14:30:00Z,90,False,14,0,0,0,4,0,35,0,733748,1,0,2,3,39.0,6,-26618,5073,31691,73,False,1
George Earthy,MID,West Ham,0.0,0,0,0,0,0,0.0,0,620,0.00,0.00,0.00,0.00,344,0,0,0.0,0.0,2026-05-02T14:00:00Z,0,False,5,0,0,0,0,0,35,0,5243,0,0,0,3,0.0,0,-10,0,10,45,False,0
Benjamin Arthur,DEF,Brentford,0.0,0,0,0,0,0,0.0,0,114,0.00,0.00,0.00,0.00,344,0,0,0.0,0.0,2026-05-02T14:00:00Z,0,False,19,0,0,0,0,0,35,0,23728,0,0,0,3,0.0,0,-135,0,135,38,True,0
Adam Wharton,MID,Crystal Palace,0.0,0,0,8,0,0,23.1,3,273,0.29,0.29,0.00,0.59,343,1,0,3.1,8.0,2026-05-03T13:00:00Z,45,False,4,0,0,0,2,0,35,0,77234,0,1,0,3,0.0,1,3085,5368,2283,50,False,0
Tyler Fredricson,DEF,Man Utd,0.0,0,0,0,0,0,0.0,0,446,0.00,0.00,0.00,0.00,348,0,0,0.0,0.0,2026-05-03T14:30:00Z,0,False,12,0,0,0,0,0,35,0,19876,0,0,2,3,0.0,0,71,321,250,37,True,0
Ross Barkley,MID,Aston Villa,0.0,0,0,-4,0,0,13.8,4,55,0.01,0.01,0.00,0.99,342,2,0,1.3,0.0,2026-05-03T18:00:00Z,84,False,18,0,0,0,4,0,35,0,11676,1,0,2,1,0.0,1,-790,281,1071,48,True,1
James Wilson,FWD,Spurs,0.0,0,0,0,0,0,0.0,0,818,0.00,0.00,0.00,0.00,342,0,0,0.0,0.0,2026-05-03T18:00:00Z,0,False,2,0,0,0,0,0,35,0,4457,0,0,2,1,0.0,0,-4,392,396,45,False,0
Darko Churlinov,MID,Burnley,0.0,0,0,0,0,0,0.0,0,204,0.00,0.00,0.00,0.00,347,0,0,0.0,0.0,2026-05-01T19:00:00Z,0,False,11,0,0,0,0,0,35,0,1579,0,0,1,3,0.0,0,-2,0,2,49,False,0
Sam Byram,DEF,Leeds,0.0,0,0,0,0,0,0.0,0,346,0.00,0.00,0.00,0.00,347,0,0,0.0,0.0,2026-05-01T19:00:00Z,0,False,3,0,0,0,0,0,35,0,41426,0,0,1,3,0.0,0,1860,3134,1274,37,True,0
Chris Richards,DEF,Crystal Palace,0.0,0,0,-1,0,1,0.1,1,261,0.00,0.00,0.00,0.42,343,1,0,0.6,5.6,2026-05-03T13:00:00Z,14,False,4,0,0,0,1,0,35,0,335302,0,0,0,3,0.0,1,11860,35196,23336,44,False,0
Jacob Murphy,MID,Newcastle,0.0,1,3,27,0,3,34.3,6,489,0.15,0.15,0.00,1.01,349,1,0,6.2,27.8,2026-05-02T14:00:00Z,67,False,6,0,0,0,3,0,35,0,81421,1,0,1,3,0.0,8,246,1182,936,59,True,0
Filip Jörgensen,GK,Chelsea,0.0,0,0,4,0,0,0.0,0,221,0.00,0.00,0.00,0.00,345,0,0,0.0,0.4,2026-05-04T14:00:00Z,24,False,16,0,0,0,3,0,35,0,20549,0,0,3,1,0.0,1,-146,26,172,43,True,0
Rodrigo 'Rodri' Hernandez Cascante,MID,Man City,0.0,0,0,0,0,0,0.0,0,421,0.00,0.00,0.00,0.00,346,0,0,0.0,0.0,2026-05-04T19:00:00Z,0,False,9,0,0,0,0,0,35,0,62939,0,0,3,3,0.0,0,-2388,38,2426,63,False,0
Ryan Gravenberch,MID,Liverpool,0.0,0,0,17,0,5,9.0,6,390,0.03,0.09,0.06,2.34,348,3,0,3.7,19.2,2026-05-03T14:30:00Z,90,False,14,0,0,0,1,0,35,0,509353,1,0,2,3,9.0,2,-32914,1814,34728,54,False,0
Naouirou Ahamada,MID,Crystal Palace,0.0,0,0,0,0,0,0.0,0,275,0.00,0.00,0.00,0.00,343,0,0,0.0,0.0,2026-05-03T13:00:00Z,0,False,4,0,0,0,0,0,35,0,4527,0,0,0,3,0.0,0,-26,0,26,43,False,0
Danny Imray,DEF,Crystal Palace,0.0,0,0,0,0,0,0.0,0,798,0.00,0.00,0.00,0.00,343,0,0,0.0,0.0,2026-05-03T13:00:00Z,0,False,4,0,0,0,0,0,35,0,304,0,0,0,3,0.0,0,-2,0,2,40,False,0
Andrey Nascimento dos Santos,MID,Chelsea,0.0,0,0,11,0,0,4.3,5,246,0.03,0.06,0.03,0.06,345,0,0,1.6,6.6,2026-05-04T14:00:00Z,32,False,16,0,0,0,4,0,35,0,36146,0,1,3,1,5.0,1,-342,406,748,45,True,0
Melker Ellborg,GK,Sunderland,0.0,0,0,0,0,0,0.0,0,812,0.00,0.00,0.00,0.00,350,0,0,0.0,0.0,2026-05-02T14:00:00Z,0,False,20,0,0,0,0,0,35,0,13087,0,0,1,1,0.0,0,-1423,326,1749,40,False,0
Jake O'Brien,DEF,Everton,0.0,0,0,3,0,4,0.3,6,293,0.00,0.17,0.17,1.45,346,3,1,7.3,39.2,2026-05-04T19:00:00Z,90,False,13,0,0,0,0,0,35,0,86433,1,2,3,3,33.0,6,-5664,559,6223,49,True,1
Gabriel Martinelli Silva,MID,Arsenal,0.0,0,0,0,0,0,0.0,0,19,0.00,0.00,0.00,0.00,341,0,0,0.0,0.0,2026-05-02T16:30:00Z,0,False,10,0,0,0,0,0,35,0,116532,0,0,0,3,0.0,0,-615,1109,1724,68,True,0
Omar Marmoush,MID,Man City,0.0,0,0,2,0,0,0.1,1,413,0.00,0.03,0.03,0.00,346,0,0,0.8,0.4,2026-05-04T19:00:00Z,3,False,9,0,0,0,1,0,35,0,323916,0,0,3,3,7.0,1,-1417,1323,2740,83,False,0
Patrick Bamford,FWD,Leeds,0.0,0,0,0,0,0,0.0,0,363,0.00,0.00,0.00,0.00,347,0,0,0.0,0.0,2026-05-01T19:00:00Z,0,False,3,0,0,0,0,0,35,0,42247,0,0,1,3,0.0,0,-57,0,57,49,True,0
Ezra Mayers,DEF,West Ham,0.0,0,0,0,0,0,0.0,0,747,0.00,0.00,0.00,0.00,344,0,0,0.0,0.0,2026-05-02T14:00:00Z,0,False,5,0,0,0,0,0,35,0,4818,0,0,0,3,0.0,0,-19,56,75,40,False,0
Ederson Santana de Moraes,GK,Man City,0.0,0,0,0,0,0,0.0,0,399,0.00,0.00,0.00,0.00,346,0,0,0.0,0.0,2026-05-04T19:00:00Z,0,False,9,0,0,0,0,0,35,0,103740,0,0,3,3,0.0,0,-78,0,78,53,False,0
Jay Matete,MID,Sunderland,0.0,0,0,0,0,0,0.0,0,558,0.00,0.00,0.00,0.00,350,0,0,0.0,0.0,2026-05-02T14:00:00Z,0,False,20,0,0,0,0,0,35,0,20525,0,0,1,1,0.0,0,-115,0,115,43,False,0
James Milner,MID,Brighton,0.0,0,0,0,0,0,0.0,0,170,0.00,0.00,0.00,0.00,349,0,0,0.0,0.0,2026-05-02T14:00:00Z,0,False,15,0,0,0,0,0,35,0,13571,0,0,1,3,0.0,0,-170,10,180,49,False,0
João Pedro Ferreira da Silva,MID,Nott'm Forest,0.0,0,0,0,0,0,0.0,0,518,0.00,0.00,0.00,0.00,345,0,0,0.0,0.0,2026-05-04T14:00:00Z,0,False,7,0,0,0,0,0,35,0,4836,0,0,3,1,0.0,0,-5,0,5,54,False,0
Darwin Núñez Ribeiro,FWD,Liverpool,0.0,0,0,0,0,0,0.0,0,397,0.00,0.00,0.00,0.00,348,0,0,0.0,0.0,2026-05-03T14:30:00Z,0,False,14,0,0,0,0,0,35,0,7971,0,0,2,3,0.0,0,-8,0,8,65,False,0
Nazarii Rusyn,FWD,Sunderland,0.0,0,0,0,0,0,0.0,0,564,0.00,0.00,0.00,0.00,350,0,0,0.0,0.0,2026-05-02T14:00:00Z,0,False,20,0,0,0,0,0,35,0,10443,0,0,1,1,0.0,0,-9,0,9,44,False,0
Blondy Nna Noukeu,GK,Sunderland,0.0,0,0,0,0,0,0.0,0,530,0.00,0.00,0.00,0.00,350,0,0,0.0,0.0,2026-05-02T14:00:00Z,0,False,20,0,0,0,0,0,35,0,13479,0,0,1,1,0.0,0,-112,0,112,39,False,0
Andre Harriman-Annous,MID,Arsenal,0.0,0,0,0,0,0,0.0,0,711,0.00,0.00,0.00,0.00,341,0,0,0.0,0.0,2026-05-02T16:30:00Z,0,False,10,0,0,0,0,0,35,0,2065,0,0,0,3,0.0,0,6,24,18,44,True,0
Stefan Bajčetić Maquieira,MID,Liverpool,0.0,0,0,0,0,0,0.0,0,393,0.00,0.00,0.00,0.00,348,0,0,0.0,0.0,2026-05-03T14:30:00Z,0,False,14,0,0,0,0,0,35,0,14767,0,0,2,3,0.0,0,2356,3663,1307,42,False,0
Eddie Nketiah,FWD,Crystal Palace,0.0,0,0,0,0,0,0.0,0,284,0.00,0.00,0.00,0.00,343,0,0,0.0,0.0,2026-05-03T13:00:00Z,0,False,4,0,0,0,0,0,35,0,36713,0,0,0,3,0.0,0,-151,46,197,54,False,0
Sean Longstaff,MID,Leeds,0.0,0,0,4,0,3,24.5,4,493,0.11,0.11,0.00,0.22,347,0,0,3.4,9.8,2026-05-01T19:00:00Z,18,False,3,0,0,0,1,0,35,0,29531,0,0,1,3,0.0,1,370,655,285,48,True,0
Jenson Metcalfe,MID,Everton,0.0,0,0,0,0,0,0.0,0,309,0.00,0.00,0.00,0.00,346,0,0,0.0,0.0,2026-05-04T19:00:00Z,0,False,13,0,0,0,0,0,35,0,85,0,0,3,3,0.0,0,0,0,0,45,True,0
Nathaniel Clyne,DEF,Crystal Palace,0.0,0,0,0,0,0,0.0,0,263,0.00,0.00,0.00,0.00,343,0,0,0.0,0.0,2026-05-03T13:00:00Z,0,False,4,0,0,0,0,0,35,0,63494,0,0,0,3,0.0,0,-1143,276,1419,38,False,0
Pascal Struijk,DEF,Leeds,0.0,0,0,2,0,0,2.6,0,343,0.02,0.07,0.05,0.57,347,1,0,0.8,0.0,2026-05-01T19:00:00Z,90,False,3,0,0,0,3,0,35,0,433548,1,0,1,3,6.0,1,65113,82991,17878,43,True,1
Morgan Gibbs-White,MID,Nott'm Forest,0.0,1,0,14,0,1,10.8,1,515,0.55,0.55,0.00,0.05,345,0,0,3.3,17.8,2026-05-04T14:00:00Z,20,False,7,0,0,0,0,0,35,0,1639785,0,0,3,1,4.0,4,399915,448299,48384,76,False,0
Joe Gelhardt,MID,Leeds,0.0,0,0,0,0,0,0.0,0,360,0.00,0.00,0.00,0.00,347,0,0,0.0,0.0,2026-05-01T19:00:00Z,0,False,3,0,0,0,0,0,35,0,956,0,0,1,3,0.0,0,-2,0,2,45,True,0
Mohamed Salah,MID,Liverpool,0.0,0,0,0,0,0,0.0,0,381,0.00,0.00,0.00,0.00,348,0,0,0.0,0.0,2026-05-03T14:30:00Z,0,False,14,0,0,0,0,0,35,0,1833081,0,0,2,3,0.0,0,-116409,2568,118977,140,False,0
Calvin Ramsay,DEF,Liverpool,0.0,0,0,0,0,0,0.0,0,380,0.00,0.00,0.00,0.00,348,0,0,0.0,0.0,2026-05-03T14:30:00Z,0,False,14,0,0,0,0,0,35,0,34238,0,0,2,3,0.0,0,814,1328,514,37,False,0
Benjamin Sesko,FWD,Man Utd,0.0,0,0,22,0,0,1.3,1,681,0.01,1.26,1.25,0.15,348,0,1,9.3,34.4,2026-05-03T14:30:00Z,45,False,12,0,0,0,1,0,35,0,786032,1,0,2,3,57.0,5,-14221,25168,39389,73,True,0
João Pedro Junqueira de Jesus,FWD,Chelsea,0.0,0,2,29,0,1,16.5,3,249,0.05,0.51,0.46,2.05,345,3,1,10.5,36.0,2026-05-04T14:00:00Z,90,False,16,0,0,0,2,0,35,0,5353038,1,0,3,1,52.0,8,-328068,46645,374713,75,True,0
Isaac Schmidt,DEF,Leeds,0.0,0,0,0,0,0,0.0,0,349,0.00,0.00,0.00,0.00,347,0,0,0.0,0.0,2026-05-01T19:00:00Z,0,False,3,0,0,0,0,0,35,0,7898,0,0,1,3,0.0,0,-12,0,12,40,True,0
Franco Umeh-Chibueze,MID,Crystal Palace,0.0,0,0,0,0,0,0.0,0,282,0.00,0.00,0.00,0.00,343,0,0,0.0,0.0,2026-05-03T13:00:00Z,0,False,4,0,0,0,0,0,35,0,1945,0,0,0,3,0.0,0,-1,0,1,45,False,0
Lutsharel Geertruida,DEF,Sunderland,0.0,0,0,0,0,0,0.0,0,724,0.00,0.00,0.00,0.00,350,0,0,0.0,0.0,2026-05-02T14:00:00Z,0,False,20,0,0,0,0,0,35,0,6954,0,0,1,1,0.0,0,-166,71,237,45,False,0
James Hill,DEF,Bournemouth,0.0,0,2,31,1,11,11.1,15,77,0.04,0.04,0.00,0.89,343,0,0,4.5,31.8,2026-05-03T13:00:00Z,90,False,8,0,0,0,7,0,35,0,1000877,1,4,0,3,2.0,10,-40334,24589,64923,42,True,0
Bukayo Saka,MID,Arsenal,0.0,1,2,46,0,0,49.3,4,16,0.86,1.16,0.30,0.03,341,0,1,13.0,55.2,2026-05-02T16:30:00Z,45,False,10,0,0,0,4,0,35,0,978059,1,0,0,3,25.0,11,65612,82762,17150,98,True,0
Santiago Ignacio Bueno,DEF,Wolves,0.0,0,2,26,0,5,20.9,6,636,0.38,0.58,0.20,0.66,350,1,1,12.3,53.2,2026-05-02T14:00:00Z,90,False,17,0,0,0,5,0,35,0,18422,1,1,1,1,49.0,10,120,2152,2032,44,True,0
Alex Tóth,MID,Bournemouth,0.0,0,0,0,0,0,0.0,0,801,0.00,0.00,0.00,0.00,343,0,0,0.0,0.0,2026-05-03T13:00:00Z,0,False,8,0,0,0,0,0,35,0,919,0,0,0,3,0.0,0,-3,16,19,49,True,0
Nicolás Domínguez,MID,Nott'm Forest,0.0,0,0,6,0,5,1.9,9,519,0.00,0.00,0.00,1.13,345,0,0,1.6,14.0,2026-05-04T14:00:00Z,45,False,7,0,0,0,2,0,35,0,4355,1,2,3,1,0.0,1,-52,59,111,50,False,0
Remi Matthews,GK,Crystal Palace,0.0,0,0,0,0,0,0.0,0,255,0.00,0.00,0.00,0.00,343,0,0,0.0,0.0,2026-05-03T13:00:00Z,0,False,4,0,0,0,0,0,35,0,13147,0,0,0,3,0.0,0,-84,44,128,39,False,0
Illan Meslier,GK,Leeds,0.0,0,0,0,0,0,0.0,0,339,0.00,0.00,0.00,0.00,347,0,0,0.0,0.0,2026-05-01T19:00:00Z,0,False,3,0,0,0,0,0,35,0,43336,0,0,1,3,0.0,0,10,315,305,41,True,0
Martin Dúbravka,GK,Burnley,0.0,0,0,13,0,0,0.0,0,470,0.00,0.00,0.00,1.64,347,3,0,3.6,35.6,2026-05-01T19:00:00Z,90,False,11,0,0,0,9,0,35,5,3527052,1,0,1,3,0.0,2,-141937,9486,151423,40,False,0
Yasin Özcan,DEF,Aston Villa,0.0,0,0,0,0,0,0.0,0,46,0.00,0.00,0.00,0.00,342,0,0,0.0,0.0,2026-05-03T18:00:00Z,0,False,18,0,0,0,0,0,35,0,13952,0,0,2,1,0.0,0,-18,0,18,40,True,0
Connor Roberts,DEF,Burnley,0.0,0,0,0,0,0,0.0,0,186,0.00,0.00,0.00,0.00,347,0,0,0.0,0.0,2026-05-01T19:00:00Z,0,False,11,0,0,0,0,0,35,0,3604,0,0,1,3,0.0,0,9,19,10,43,False,0
Temple Ojinnaka,MID,Wolves,0.0,0,0,0,0,0,0.0,0,777,0.00,0.00,0.00,0.00,350,0,0,0.0,0.0,2026-05-02T14:00:00Z,0,False,17,0,0,0,0,0,35,0,237,0,0,1,1,0.0,0,-3,0,3,45,True,0
Murillo Costa dos Santos,DEF,Nott'm Forest,0.0,0,0,0,0,0,0.0,0,506,0.00,0.00,0.00,0.00,345,0,0,0.0,0.0,2026-05-04T14:00:00Z,0,False,7,0,0,0,0,0,35,0,248300,0,0,3,1,0.0,0,-13535,72,13607,52,False,0
Ferdi Kadıoğlu,DEF,Brighton,0.0,0,0,-2,0,1,30.3,1,148,0.06,0.06,0.00,3.16,349,3,0,4.2,7.2,2026-05-02T14:00:00Z,90,False,15,0,0,0,3,0,35,0,129075,1,0,1,3,4.0,1,42808,50812,8004,44,False,0
Aji Alese,DEF,Sunderland,0.0,0,0,0,0,0,0.0,0,533,0.00,0.00,0.00,0.00,350,0,0,0.0,0.0,2026-05-02T14:00:00Z,0,False,20,0,0,0,0,0,35,0,440,0,0,1,1,0.0,0,-3,0,3,40,False,0
Harry Gray,FWD,Leeds,0.0,0,0,0,0,0,0.0,0,741,0.00,0.00,0.00,0.00,347,0,0,0.0,0.0,2026-05-01T19:00:00Z,0,False,3,0,0,0,0,0,35,0,10245,0,0,1,3,0.0,0,-73,0,73,45,True,0
Kaden Rodney,MID,Crystal Palace,0.0,0,0,0,0,0,0.0,0,281,0.00,0.00,0.00,0.00,343,0,0,0.0,0.0,2026-05-03T13:00:00Z,0,False,4,0,0,0,0,0,35,0,6449,0,0,0,3,0.0,0,-41,57,98,44,False,0
Odysseas Vlachodimos,GK,Newcastle,0.0,0,0,0,0,0,0.0,0,472,0.00,0.00,0.00,0.00,349,0,0,0.0,0.0,2026-05-02T14:00:00Z,0,False,6,0,0,0,0,0,35,0,1707,0,0,1,3,0.0,0,-7,0,7,40,True,0
Yunus Emre Konak,MID,Brentford,0.0,0,0,0,0,0,0.0,0,131,0.00,0.00,0.00,0.00,344,0,0,0.0,0.0,2026-05-02T14:00:00Z,0,False,19,0,0,0,0,0,35,0,17740,0,0,0,3,0.0,0,-174,0,174,43,True,0
Kyle Walker-Peters,DEF,West Ham,0.0,0,0,1,0,2,1.6,4,659,0.01,0.01,0.00,2.13,344,2,0,1.0,6.6,2026-05-02T14:00:00Z,64,False,5,0,0,0,2,0,35,0,36380,1,2,0,3,2.0,1,99,986,887,42,False,0
Gabriel Gudmundsson,DEF,Leeds,0.0,0,0,0,0,0,0.0,0,347,0.00,0.00,0.00,0.00,347,0,0,0.0,0.0,2026-05-01T19:00:00Z,0,False,3,0,0,0,0,0,35,0,390774,0,0,1,3,0.0,0,-32612,4526,37138,38,True,0
Jacob Slater,DEF,Brighton,0.0,0,0,0,0,0,0.0,0,155,0.00,0.00,0.00,0.00,349,0,0,0.0,0.0,2026-05-02T14:00:00Z,0,False,15,0,0,0,0,0,35,0,11196,0,0,1,3,0.0,0,-16,0,16,40,False,0
Joe White,MID,Newcastle,0.0,0,0,0,0,0,0.0,0,498,0.00,0.00,0.00,0.00,349,0,0,0.0,0.0,2026-05-02T14:00:00Z,0,False,6,0,0,0,0,0,35,0,686,0,0,1,3,0.0,0,-1,0,1,45,True,0
Sam Alabi,MID,Newcastle,0.0,0,0,0,0,0,0.0,0,772,0.00,0.00,0.00,0.00,349,0,0,0.0,0.0,2026-05-02T14:00:00Z,0,False,6,0,0,0,0,0,35,0,766,0,0,1,3,0.0,0,21,51,30,45,True,0
Tyrell Malacia,DEF,Man Utd,0.0,0,0,0,0,0,0.0,0,448,0.00,0.00,0.00,0.00,348,0,0,0.0,0.0,2026-05-03T14:30:00Z,0,False,12,0,0,0,0,0,35,0,60380,0,0,2,3,0.0,0,2590,4014,1424,37,True,0
Ian Maatsen,DEF,Aston Villa,0.0,0,0,-6,0,3,10.9,3,39,0.00,0.00,0.00,0.99,342,2,0,2.1,6.0,2026-05-03T18:00:00Z,90,False,18,0,0,0,1,0,35,0,74636,1,0,2,1,4.0,1,-1786,424,2210,42,True,0
Nathan Aké,DEF,Man City,0.0,0,0,0,0,0,0.0,0,405,0.00,0.00,0.00,0.00,346,0,0,0.0,0.0,2026-05-04T19:00:00Z,0,False,9,0,0,0,0,0,35,0,78480,0,0,3,3,0.0,0,-14,249,263,52,False,0
Enso González Medina,MID,Wolves,0.0,0,0,0,0,0,0.0,0,652,0.00,0.00,0.00,0.00,350,0,0,0.0,0.0,2026-05-02T14:00:00Z,0,False,17,0,0,0,0,0,35,0,160613,0,0,1,1,0.0,0,-712,832,1544,43,True,0
Jayden Bogle,DEF,Leeds,0.0,1,0,20,0,3,30.0,4,342,0.31,0.31,0.00,0.35,347,1,0,6.5,30.6,2026-05-01T19:00:00Z,90,False,3,0,0,0,6,0,35,0,94514,1,1,1,3,4.0,5,9689,14588,4899,44,True,0
James Maddison,MID,Spurs,0.0,0,0,0,0,0,0.0,0,581,0.00,0.00,0.00,0.00,342,0,0,0.0,0.0,2026-05-03T18:00:00Z,0,False,2,0,0,0,0,0,35,0,17680,0,0,2,1,0.0,0,275,964,689,68,False,0
Pervis Estupiñán Tenorio,DEF,Brighton,0.0,0,0,0,0,0,0.0,0,147,0.00,0.00,0.00,0.00,349,0,0,0.0,0.0,2026-05-02T14:00:00Z,0,False,15,0,0,0,0,0,35,0,1161,0,0,1,3,0.0,0,-2,0,2,45,False,0
Solly March,MID,Brighton,0.0,0,0,0,0,0,0.0,0,159,0.00,0.00,0.00,0.00,349,0,0,0.0,0.0,2026-05-02T14:00:00Z,0,False,15,0,0,0,0,0,35,0,1994,0,0,1,3,0.0,0,-276,21,297,58,False,0
Wes Foderingham,GK,West Ham,0.0,0,0,0,0,0,0.0,0,601,0.00,0.00,0.00,0.00,344,0,0,0.0,0.0,2026-05-02T14:00:00Z,0,False,5,0,0,0,0,0,35,0,28677,0,0,0,3,0.0,0,-126,0,126,40,False,0
Kobbie Mainoo,MID,Man Utd,0.0,0,2,39,0,2,5.9,10,458,0.02,0.08,0.06,0.89,348,2,1,6.1,43.6,2026-05-03T14:30:00Z,90,False,12,0,0,0,7,0,35,0,135215,1,1,2,3,11.0,9,-775,5639,6414,47,True,0
Ryan Yates,MID,Nott'm Forest,0.0,0,0,13,0,9,1.8,13,522,0.01,0.01,0.00,2.15,345,1,0,2.4,21.8,2026-05-04T14:00:00Z,90,False,7,0,0,0,2,0,35,0,8464,1,2,3,1,0.0,4,21,110,89,47,False,0
Luka Bentt,MID,Brentford,0.0,0,0,0,0,0,0.0,0,810,0.00,0.00,0.00,0.00,344,0,0,0.0,0.0,2026-05-02T14:00:00Z,0,False,19,0,0,0,0,0,35,0,481,0,0,0,3,0.0,0,23,40,17,45,True,0
Kevin Schade,MID,Brentford,0.0,0,0,6,1,0,0.6,4,120,0.00,0.00,0.00,0.91,344,0,0,1.0,3.2,2026-05-02T14:00:00Z,79,False,19,0,0,0,2,0,35,0,218444,1,2,0,3,6.0,3,-2010,14007,16017,69,True,0
David Møller Wolfe,DEF,Wolves,0.0,0,0,0,0,0,0.0,0,682,0.00,0.00,0.00,0.00,350,0,0,0.0,0.0,2026-05-02T14:00:00Z,0,False,17,0,0,0,0,0,35,0,8371,0,0,1,1,0.0,0,-37,33,70,42,True,0
Arthur Masuaku,DEF,Sunderland,0.0,0,0,0,0,0,0.0,0,678,0.00,0.00,0.00,0.00,350,0,0,0.0,0.0,2026-05-02T14:00:00Z,0,False,20,0,0,0,0,0,35,0,61083,0,0,1,1,0.0,0,-274,0,274,39,False,0
Filip Marschall,GK,Aston Villa,0.0,0,0,0,0,0,0.0,0,35,0.00,0.00,0.00,0.00,342,0,0,0.0,0.0,2026-05-03T18:00:00Z,0,False,18,0,0,0,0,0,35,0,1044,0,0,2,1,0.0,0,-6,0,6,40,True,0
Keiber Lamadrid,MID,West Ham,0.0,0,0,0,0,0,0.0,0,802,0.00,0.00,0.00,0.00,344,0,0,0.0,0.0,2026-05-02T14:00:00Z,0,False,5,0,0,0,0,0,35,0,814,0,0,0,3,0.0,0,33,65,32,50,False,0
Joe Gomez,DEF,Liverpool,0.0,0,0,0,0,0,0.0,0,376,0.00,0.00,0.00,0.00,348,0,0,0.0,0.0,2026-05-03T14:30:00Z,0,False,14,0,0,0,0,0,35,0,19356,0,0,2,3,0.0,0,6,120,114,49,False,0
Felipe Rodrigues da Silva,DEF,Nott'm Forest,0.0,0,0,1,0,3,0.0,4,511,0.00,0.00,0.00,2.15,345,1,0,1.4,12.4,2026-05-04T14:00:00Z,90,False,7,0,0,0,1,0,35,0,10999,1,1,3,1,2.0,1,-32,79,111,43,False,1
Mohammed Kudus,MID,Spurs,0.0,0,0,0,0,0,0.0,0,582,0.00,0.00,0.00,0.00,342,0,0,0.0,0.0,2026-05-03T18:00:00Z,0,False,2,0,0,0,0,0,35,0,1204938,0,0,2,1,0.0,0,-2653,26,2679,64,False,0
Richarlison de Andrade,FWD,Spurs,0.0,0,3,33,1,2,0.9,7,597,0.00,0.50,0.50,0.26,342,0,1,7.9,37.6,2026-05-03T18:00:00Z,90,False,2,0,0,0,3,0,35,0,736048,1,2,2,1,40.0,9,-8681,7442,16123,63,False,0
Michael Kayode,DEF,Brentford,0.0,0,0,15,1,2,11.9,2,110,0.05,0.05,0.00,0.92,344,0,0,2.0,5.6,2026-05-02T14:00:00Z,90,False,19,0,0,0,1,0,35,0,151046,1,0,0,3,2.0,5,1763,7550,5787,46,True,1
Granit Xhaka,MID,Sunderland,0.0,1,3,27,0,4,38.6,14,668,0.26,0.34,0.08,1.72,350,1,0,7.7,37.4,2026-05-02T14:00:00Z,90,False,20,0,0,0,9,0,35,0,425731,1,1,1,1,1.0,9,-1453,6192,7645,51,False,1
Christos Mandas,GK,Bournemouth,0.0,0,0,0,0,0,0.0,0,806,0.00,0.00,0.00,0.00,343,0,0,0.0,0.0,2026-05-03T13:00:00Z,0,False,8,0,0,0,0,0,35,0,1075,0,0,0,3,0.0,0,1,16,15,40,True,0
Mikkel Damsgaard,MID,Brentford,0.0,0,3,36,1,2,36.8,8,121,0.16,0.60,0.44,0.91,344,0,1,10.0,41.6,2026-05-02T14:00:00Z,90,False,19,0,0,0,6,0,35,0,98510,1,0,0,3,22.0,11,-1884,3273,5157,56,True,0
Albert Sambi Lokonga,MID,Arsenal,0.0,0,0,0,0,0,0.0,0,29,0.00,0.00,0.00,0.00,341,0,0,0.0,0.0,2026-05-02T16:30:00Z,0,False,10,0,0,0,0,0,35,0,6305,0,0,0,3,0.0,0,-8,0,8,45,True,0
Declan Rice,MID,Arsenal,0.0,0,0,14,1,5,6.9,12,21,0.05,0.05,0.00,0.20,341,0,0,2.2,13.0,2026-05-02T16:30:00Z,63,False,10,0,0,0,6,0,35,0,3169422,1,1,0,3,2.0,5,-27952,107999,135951,72,True,0
Mathias Jensen,MID,Brentford,0.0,0,0,22,1,1,25.3,7,126,0.63,0.66,0.03,0.92,344,0,0,5.1,24.0,2026-05-02T14:00:00Z,90,False,19,0,0,0,1,0,35,0,18346,1,5,0,3,2.0,3,5071,5697,626,49,True,0
Joël Veltman,DEF,Brighton,0.0,0,0,5,0,0,2.3,0,152,0.01,0.01,0.00,1.69,349,1,0,0.2,0.0,2026-05-02T14:00:00Z,62,False,15,0,0,0,3,0,35,0,17050,0,0,1,3,0.0,1,-141,141,282,43,False,1
Joachim Andersen,DEF,Fulham,0.0,0,0,6,0,9,1.3,12,317,0.01,0.01,0.00,3.23,341,3,0,2.6,24.4,2026-05-02T16:30:00Z,90,False,1,0,0,0,3,0,35,0,548139,1,3,0,3,0.0,3,-63159,15256,78415,45,False,0
Jim Thwaites,MID,Man Utd,0.0,0,0,0,0,0,0.0,0,827,0.00,0.00,0.00,0.00,348,0,0,0.0,0.0,2026-05-03T14:30:00Z,0,False,12,0,0,0,0,0,35,0,56,0,0,2,3,0.0,0,8,16,8,45,True,0
James Garner,MID,Everton,0.0,1,0,26,0,1,33.0,8,303,0.20,0.20,0.00,1.45,346,3,0,6.2,29.0,2026-05-04T19:00:00Z,90,False,13,0,0,0,3,0,35,0,513039,1,4,3,3,0.0,5,-49808,7311,57119,53,True,0
Stephen Mfuni,DEF,Man City,0.0,0,0,0,0,0,0.0,0,740,0.00,0.00,0.00,0.00,346,0,0,0.0,0.0,2026-05-04T19:00:00Z,0,False,9,0,0,0,0,0,35,0,4732,0,0,3,3,0.0,0,-12,0,12,39,False,0
Joshua Zirkzee,FWD,Man Utd,0.0,0,0,3,0,0,0.1,1,466,0.00,0.00,0.00,0.00,348,0,0,0.1,0.6,2026-05-03T14:30:00Z,3,False,12,0,0,0,1,0,35,0,53181,0,0,2,3,0.0,1,-245,169,414,58,True,0
Jayden Meghoma,DEF,Brentford,0.0,0,0,0,0,0,0.0,0,118,0.00,0.00,0.00,0.00,344,0,0,0.0,0.0,2026-05-02T14:00:00Z,0,False,19,0,0,0,0,0,35,0,5224,0,0,0,3,0.0,0,-13,0,13,40,True,0
Conor Bradley,DEF,Liverpool,0.0,0,0,0,0,0,0.0,0,375,0.00,0.00,0.00,0.00,348,0,0,0.0,0.0,2026-05-03T14:30:00Z,0,False,14,0,0,0,0,0,35,0,18797,0,0,2,3,0.0,0,-52,12,64,49,False,0
Igor Thiago Nascimento Rodrigues,FWD,Brentford,0.0,0,0,21,1,3,1.3,4,136,0.01,1.13,1.12,0.92,344,0,1,8.7,44.4,2026-05-02T14:00:00Z,90,False,19,0,0,0,0,0,35,0,4595380,1,1,0,3,41.0,6,-30603,140054,170657,74,True,0
Florian Wirtz,MID,Liverpool,0.0,0,0,11,0,0,39.3,5,382,0.07,0.13,0.06,2.34,348,3,0,5.3,6.4,2026-05-03T14:30:00Z,90,False,14,0,0,0,4,0,35,0,1192272,1,1,2,3,7.0,2,-1254,31486,32740,83,False,0
Leandro Trossard,MID,Arsenal,0.0,1,1,41,1,0,36.3,5,20,0.64,0.75,0.11,0.37,341,0,0,10.2,31.0,2026-05-02T16:30:00Z,90,False,10,0,0,0,5,0,35,0,98339,1,0,0,3,35.0,7,-736,2751,3487,65,True,0
William Saliba,DEF,Arsenal,0.0,0,0,27,1,6,24.4,6,6,0.31,0.31,0.00,0.37,341,0,0,5.3,22.2,2026-05-02T16:30:00Z,90,False,10,0,0,0,3,0,35,0,1991887,1,0,0,3,6.0,6,130186,159319,29133,61,True,0
Harry Amass,DEF,Man Utd,0.0,0,0,0,0,0,0.0,0,445,0.00,0.00,0.00,0.00,348,0,0,0.0,0.0,2026-05-03T14:30:00Z,0,False,12,0,0,0,0,0,35,0,8601,0,0,2,3,0.0,0,-17,0,17,40,True,0
Cheick Doucouré,MID,Crystal Palace,0.0,0,0,0,0,0,0.0,0,268,0.00,0.00,0.00,0.00,343,0,0,0.0,0.0,2026-05-03T13:00:00Z,0,False,4,0,0,0,0,0,35,0,433,0,0,0,3,0.0,0,0,24,24,49,False,0
Anthony Elanga,MID,Newcastle,0.0,0,0,0,0,0,0.0,0,486,0.00,0.00,0.00,0.00,349,0,0,0.0,0.0,2026-05-02T14:00:00Z,0,False,6,0,0,0,0,0,35,0,347828,0,0,1,3,0.0,0,-1070,1526,2596,65,True,0
Noni Madueke,MID,Arsenal,0.0,0,0,4,0,0,15.5,3,18,0.24,0.24,0.00,0.34,341,0,0,1.8,0.6,2026-05-02T16:30:00Z,45,False,10,0,0,0,3,0,35,0,107426,0,0,0,3,2.0,1,393,2916,2523,68,True,0
Saša Lukić,MID,Fulham,0.0,0,0,7,0,4,2.8,10,332,0.01,0.01,0.00,3.23,341,3,0,1.1,8.2,2026-05-02T16:30:00Z,90,False,1,0,0,0,5,0,35,0,7639,1,1,0,3,0.0,1,232,308,76,49,False,1
Luke Rawlings,MID,Wolves,0.0,0,0,0,0,0,0.0,0,767,0.00,0.00,0.00,0.00,350,0,0,0.0,0.0,2026-05-02T14:00:00Z,0,False,17,0,0,0,0,0,35,0,908,0,0,1,1,0.0,0,4,46,42,45,True,0
Max Dowman,MID,Arsenal,0.0,0,0,4,0,1,0.3,4,700,0.00,0.08,0.08,0.00,341,0,0,0.6,1.4,2026-05-02T16:30:00Z,12,False,10,0,0,0,3,0,35,0,100887,0,0,0,3,4.0,1,4002,10295,6293,42,True,0
Stefan Ortega Moreno,GK,Nott'm Forest,0.0,0,0,0,0,0,0.0,0,400,0.00,0.00,0.00,0.00,345,0,0,0.0,0.0,2026-05-04T14:00:00Z,0,False,7,0,0,0,0,0,35,0,24709,0,0,3,1,0.0,0,-204,321,525,47,False,0
Rúben dos Santos Gato Alves Dias,DEF,Man City,0.0,0,0,0,0,0,0.0,0,408,0.00,0.00,0.00,0.00,346,0,0,0.0,0.0,2026-05-04T19:00:00Z,0,False,9,0,0,0,0,0,35,0,410234,0,0,3,3,0.0,0,-3791,61,3852,55,False,0
Chris Mepham,DEF,Bournemouth,0.0,0,0,0,0,0,0.0,0,79,0.00,0.00,0.00,0.00,343,0,0,0.0,0.0,2026-05-03T13:00:00Z,0,False,8,0,0,0,0,0,35,0,8545,0,0,0,3,0.0,0,-17,0,17,40,True,0
Joe Willock,MID,Newcastle,0.0,0,0,6,0,1,2.0,3,494,0.01,0.23,0.22,1.01,349,1,0,4.5,1.8,2026-05-02T14:00:00Z,67,False,6,0,0,0,2,0,35,0,11748,1,0,1,3,41.0,2,8,215,207,50,True,0
Elliot Anderson,MID,Nott'm Forest,0.0,0,0,8,0,1,1.7,5,517,0.00,0.00,0.00,1.02,345,1,0,1.6,13.8,2026-05-04T14:00:00Z,45,False,7,0,0,0,2,0,35,0,948601,0,2,3,1,0.0,1,-22371,40870,63241,56,False,0
Jack Hinshelwood,MID,Brighton,0.0,0,0,22,0,1,1.4,4,163,0.02,0.68,0.66,2.11,349,2,1,9.9,38.4,2026-05-02T14:00:00Z,87,False,15,0,0,0,3,0,35,0,67651,1,0,1,3,59.0,7,11589,17362,5773,51,False,0
David Brooks,MID,Bournemouth,0.0,1,0,15,0,0,16.3,3,86,0.15,0.18,0.03,0.64,343,0,0,3.6,17.2,2026-05-03T13:00:00Z,20,False,8,0,0,0,3,0,35,0,22825,0,0,0,3,2.0,4,73,339,266,50,True,0
Kevin Santos Lopes de Macedo,MID,Fulham,0.0,0,0,0,0,0,0.0,0,731,0.00,0.00,0.00,0.00,341,0,0,0.0,0.0,2026-05-02T16:30:00Z,0,False,1,0,0,0,0,0,35,0,6543,0,0,0,3,0.0,0,-44,25,69,57,False,0
Nikola Milenković,DEF,Nott'm Forest,0.0,0,0,0,0,3,0.1,3,505,0.00,0.00,0.00,1.02,345,1,0,0.7,6.8,2026-05-04T14:00:00Z,45,False,7,0,0,0,0,0,35,0,439014,0,0,3,1,0.0,1,-1109,5477,6586,51,False,0
Julio Soler Barreto,DEF,Bournemouth,0.0,0,0,0,0,0,0.0,0,80,0.00,0.00,0.00,0.00,343,0,0,0.0,0.0,2026-05-03T13:00:00Z,0,False,8,0,0,0,0,0,35,0,24762,0,0,0,3,0.0,0,79,150,71,39,True,0
Pascal Groß,MID,Brighton,0.0,0,0,11,0,1,23.5,7,783,0.05,0.23,0.18,3.16,349,3,0,4.7,10.4,2026-05-02T14:00:00Z,90,False,15,0,0,0,6,0,35,0,336527,1,0,1,3,13.0,2,94885,113892,19007,55,False,0
Mamadou Sarr,DEF,Chelsea,0.0,0,0,0,0,0,0.0,0,231,0.00,0.00,0.00,0.00,345,0,0,0.0,0.0,2026-05-04T14:00:00Z,0,False,16,0,0,0,0,0,35,0,3372,0,0,3,1,0.0,0,-17,91,108,45,True,0
Lukas Nmecha,FWD,Leeds,0.0,0,0,4,0,0,0.0,0,365,0.00,0.14,0.14,0.48,347,1,0,2.0,3.0,2026-05-01T19:00:00Z,25,False,3,0,0,0,0,0,35,0,72590,0,0,1,3,17.0,1,-274,1154,1428,50,True,0
Loum Tchaouna,MID,Burnley,0.0,0,0,25,0,0,25.3,1,210,0.06,0.26,0.20,1.64,347,3,1,9.0,41.2,2026-05-01T19:00:00Z,90,False,11,0,0,0,0,0,35,0,4445,1,1,1,3,23.0,6,12,37,25,48,False,1
Ollie Watkins,FWD,Aston Villa,0.0,0,0,2,0,0,10.3,0,64,0.00,0.02,0.02,0.03,342,0,0,1.3,1.0,2026-05-03T18:00:00Z,30,False,18,0,0,0,0,0,35,0,2029345,0,0,2,1,2.0,1,-38327,141075,179402,88,True,0
James Ward-Prowse,MID,Burnley,0.0,0,0,16,0,2,5.3,4,614,0.01,0.05,0.04,1.27,347,3,0,2.3,10.4,2026-05-01T19:00:00Z,64,False,11,0,0,0,2,0,35,0,25898,1,0,1,3,7.0,2,203,668,465,56,False,0
Jarrod Bowen,FWD,West Ham,0.0,0,0,14,0,0,54.0,3,624,0.21,0.28,0.07,2.17,344,3,0,7.9,11.6,2026-05-02T14:00:00Z,87,False,5,0,0,0,3,0,35,0,1974134,1,0,0,3,13.0,2,81391,214783,133392,78,False,0
Nico González Iglesias,MID,Man City,0.0,0,0,15,0,2,15.2,5,423,0.03,0.03,0.00,1.61,346,2,0,2.2,6.8,2026-05-04T19:00:00Z,74,False,9,0,0,0,2,0,35,0,13526,1,1,3,3,0.0,2,136,202,66,59,False,0
Gonçalo Manuel Ganchinho Guedes,MID,Wolves,0.0,0,0,0,0,0,0.0,0,647,0.00,0.00,0.00,0.00,350,0,0,0.0,0.0,2026-05-02T14:00:00Z,0,False,17,0,0,0,0,0,35,0,395,0,0,1,1,0.0,0,0,0,0,55,True,0
Alan Browne,MID,Sunderland,0.0,0,0,0,0,0,0.0,0,555,0.00,0.00,0.00,0.00,350,0,0,0.0,0.0,2026-05-02T14:00:00Z,0,False,20,0,0,0,0,0,35,0,3791,0,0,1,1,0.0,0,-9,0,9,45,False,0
Josh Gracey,GK,Wolves,0.0,0,0,0,0,0,0.0,0,831,0.00,0.00,0.00,0.00,350,0,0,0.0,0.0,2026-05-02T14:00:00Z,0,False,17,0,0,0,0,0,35,0,0,0,0,1,1,0.0,0,0,0,0,40,True,0
Jaka Bijol,DEF,Leeds,0.0,1,0,20,0,6,10.8,7,344,0.01,0.01,0.00,0.57,347,1,0,5.2,36.8,2026-05-01T19:00:00Z,90,False,3,0,0,0,5,0,35,0,136408,1,1,1,3,4.0,5,-8806,5496,14302,39,True,0
Alex Scott,MID,Bournemouth,0.0,0,0,17,1,1,36.9,10,90,0.30,0.34,0.04,0.89,343,0,0,5.9,12.8,2026-05-03T13:00:00Z,90,False,8,0,0,0,7,0,35,0,325059,1,2,0,3,9.0,3,-13460,19875,33335,51,True,0
Lewis O'Brien,MID,Nott'm Forest,0.0,0,0,0,0,0,0.0,0,520,0.00,0.00,0.00,0.00,345,0,0,0.0,0.0,2026-05-04T14:00:00Z,0,False,7,0,0,0,0,0,35,0,102,0,0,3,1,0.0,0,0,0,0,50,False,0
Patrick Roberts,MID,Sunderland,0.0,0,0,0,0,0,0.0,0,545,0.00,0.00,0.00,0.00,350,0,0,0.0,0.0,2026-05-02T14:00:00Z,0,False,20,0,0,0,0,0,35,0,1559,0,0,1,1,0.0,0,0,0,0,54,False,0
Álex Moreno Lopera,DEF,Aston Villa,0.0,0,0,0,0,0,0.0,0,43,0.00,0.00,0.00,0.00,342,0,0,0.0,0.0,2026-05-03T18:00:00Z,0,False,18,0,0,0,0,0,35,0,202987,0,0,2,1,0.0,0,-533,0,533,40,True,0
Eric da Silva Moreira,MID,Nott'm Forest,0.0,0,0,0,0,0,0.0,0,523,0.00,0.00,0.00,0.00,345,0,0,0.0,0.0,2026-05-04T14:00:00Z,0,False,7,0,0,0,0,0,35,0,7545,0,0,3,1,0.0,0,15,66,51,45,False,0
Leny Yoro,DEF,Man Utd,0.0,0,0,3,0,0,0.0,0,444,0.00,0.00,0.00,0.00,348,0,0,0.0,0.0,2026-05-03T14:30:00Z,1,False,12,0,0,0,0,0,35,0,163365,0,0,2,3,0.0,1,-2167,277,2444,41,True,0
Shurandy Sambo,DEF,Burnley,0.0,0,0,0,0,0,0.0,0,196,0.00,0.00,0.00,0.00,347,0,0,0.0,0.0,2026-05-01T19:00:00Z,0,False,11,0,0,0,0,0,35,0,4945,0,0,1,3,0.0,0,-8,0,8,40,False,0
Diego Gómez Amarilla,MID,Brighton,0.0,0,0,0,0,0,0.0,0,169,0.00,0.00,0.00,0.00,349,0,0,0.0,0.0,2026-05-02T14:00:00Z,0,False,15,0,0,0,0,0,35,0,76676,0,0,1,3,0.0,0,-25502,74,25576,49,False,0
Piero Hincapié,DEF,Arsenal,0.0,0,0,0,0,0,0.0,0,725,0.00,0.00,0.00,0.00,341,0,0,0.0,0.0,2026-05-02T16:30:00Z,0,False,10,0,0,0,0,0,35,0,137570,0,0,0,3,0.0,0,34361,41054,6693,51,True,0
Lucá Williams-Barnett,MID,Spurs,0.0,0,0,0,0,0,0.0,0,790,0.00,0.00,0.00,0.00,342,0,0,0.0,0.0,2026-05-03T18:00:00Z,0,False,2,0,0,0,0,0,35,0,916,0,0,2,1,0.0,0,6,42,36,45,False,0
Neco Williams,DEF,Nott'm Forest,0.0,0,0,2,0,3,1.1,7,508,0.00,0.00,0.00,1.81,345,1,0,1.5,13.8,2026-05-04T14:00:00Z,45,False,7,0,0,0,1,0,35,0,587318,0,4,3,1,0.0,1,-9150,13559,22709,48,False,0
David Mota Veiga Teixeira do Carmo,DEF,Nott'm Forest,0.0,0,0,0,0,0,0.0,0,509,0.00,0.00,0.00,0.00,345,0,0,0.0,0.0,2026-05-04T14:00:00Z,0,False,7,0,0,0,0,0,35,0,2620,0,0,3,1,0.0,0,-6,0,6,45,False,0
Harrison Armstrong,MID,Everton,0.0,0,0,3,0,0,0.0,0,305,0.00,0.00,0.00,0.12,346,1,0,0.0,0.0,2026-05-04T19:00:00Z,1,False,13,0,0,0,0,0,35,0,10669,0,0,3,3,0.0,1,-95,182,277,45,True,0
Jackson Tchatchoua,DEF,Wolves,0.0,0,0,0,0,0,0.0,0,695,0.00,0.00,0.00,0.00,350,0,0,0.0,0.0,2026-05-02T14:00:00Z,0,False,17,0,0,0,0,0,35,0,4400,0,0,1,1,0.0,0,-151,73,224,44,True,0
Lucas Pires Silva,DEF,Burnley,0.0,0,0,5,0,0,15.4,0,195,0.01,0.01,0.00,0.37,347,0,0,2.3,5.8,2026-05-01T19:00:00Z,25,False,11,0,0,0,3,0,35,0,33963,0,0,1,3,2.0,1,-689,80,769,38,False,0
Anthony Patterson,GK,Sunderland,0.0,0,0,0,0,0,0.0,0,528,0.00,0.00,0.00,0.00,350,0,0,0.0,0.0,2026-05-02T14:00:00Z,0,False,20,0,0,0,0,0,35,0,19393,0,0,1,1,0.0,0,-115,0,115,42,False,0
Wilson Isidor,FWD,Sunderland,0.0,0,0,3,0,0,4.0,1,560,0.02,0.02,0.00,0.45,350,0,0,0.6,0.0,2026-05-02T14:00:00Z,18,False,20,0,0,0,1,0,35,0,180964,0,0,1,1,2.0,1,-3313,2586,5899,50,False,0
Jack Harrison,MID,Leeds,0.0,0,0,0,0,0,0.0,0,352,0.00,0.00,0.00,0.00,347,0,0,0.0,0.0,2026-05-01T19:00:00Z,0,False,3,0,0,0,0,0,35,0,5892,0,0,1,3,0.0,0,-13,0,13,51,True,0
Kieran Morrison,MID,Liverpool,0.0,0,0,0,0,0,0.0,0,746,0.00,0.00,0.00,0.00,348,0,0,0.0,0.0,2026-05-03T14:30:00Z,0,False,14,0,0,0,0,0,35,0,1296,0,0,2,3,0.0,0,6,26,20,45,False,0
Dango Ouattara,MID,Brentford,0.0,1,0,14,1,1,5.6,9,83,0.01,0.13,0.12,0.91,344,0,0,2.7,6.8,2026-05-02T14:00:00Z,89,False,19,0,0,0,4,0,35,0,274011,1,4,0,3,15.0,6,-42313,12569,54882,58,True,0
Mathys Tel,MID,Spurs,0.0,1,0,18,1,2,39.2,8,584,0.51,0.59,0.08,0.26,342,0,0,7.1,21.4,2026-05-03T18:00:00Z,90,False,2,0,0,0,6,0,35,0,18973,1,0,2,1,10.0,5,804,1637,833,62,False,1
Charlie Crew,MID,Leeds,0.0,0,0,0,0,0,0.0,0,359,0.00,0.00,0.00,0.00,347,0,0,0.0,0.0,2026-05-01T19:00:00Z,0,False,3,0,0,0,0,0,35,0,416,0,0,1,3,0.0,0,0,0,0,45,True,0
Ryan Trevitt,MID,Brentford,0.0,0,0,0,0,0,0.0,0,134,0.00,0.00,0.00,0.00,344,0,0,0.0,0.0,2026-05-02T14:00:00Z,0,False,19,0,0,0,0,0,35,0,477,0,0,0,3,0.0,0,-1,0,1,45,True,0
Sandro Tonali,MID,Newcastle,0.0,0,0,18,0,6,23.8,10,491,0.11,0.11,0.00,1.53,349,1,0,4.0,16.0,2026-05-02T14:00:00Z,90,False,6,0,0,0,3,0,35,0,142331,1,1,1,3,0.0,1,956,3258,2302,53,True,1
Marli Salmon,DEF,Arsenal,0.0,0,0,0,0,0,0.0,0,759,0.00,0.00,0.00,0.00,341,0,0,0.0,0.0,2026-05-02T16:30:00Z,0,False,10,0,0,0,0,0,35,0,2963,0,0,0,3,0.0,0,-22,26,48,40,True,0
Ben Broggio,MID,Aston Villa,0.0,0,0,0,0,0,0.0,0,60,0.00,0.00,0.00,0.00,342,0,0,0.0,0.0,2026-05-03T18:00:00Z,0,False,18,0,0,0,0,0,35,0,31801,0,0,2,1,0.0,0,-144,0,144,44,True,0
Josh Dasilva,MID,Brentford,0.0,0,0,2,0,0,1.0,0,748,0.00,0.00,0.00,0.02,344,0,0,0.1,0.2,2026-05-02T14:00:00Z,1,False,19,0,0,0,0,0,35,0,211,0,0,0,3,0.0,1,2,8,6,49,True,0
Matt Doherty,DEF,Wolves,0.0,0,0,0,0,0,0.0,0,632,0.00,0.00,0.00,0.00,350,0,0,0.0,0.0,2026-05-02T14:00:00Z,0,False,17,0,0,0,0,0,35,0,11246,0,0,1,1,0.0,0,141,217,76,44,True,0
Niclas Füllkrug,FWD,West Ham,0.0,0,0,0,0,0,0.0,0,625,0.00,0.00,0.00,0.00,344,0,0,0.0,0.0,2026-05-02T14:00:00Z,0,False,5,0,0,0,0,0,35,0,73746,0,0,0,3,0.0,0,-74,0,74,56,False,0
Sam Chambers,MID,Leeds,0.0,0,0,0,0,0,0.0,0,787,0.00,0.00,0.00,0.00,347,0,0,0.0,0.0,2026-05-01T19:00:00Z,0,False,3,0,0,0,0,0,35,0,1564,0,0,1,3,0.0,0,39,91,52,44,True,0
Maldini Kacurri,DEF,Arsenal,0.0,0,0,0,0,0,0.0,0,14,0.00,0.00,0.00,0.00,341,0,0,0.0,0.0,2026-05-02T16:30:00Z,0,False,10,0,0,0,0,0,35,0,12066,0,0,0,3,0.0,0,-20,0,20,39,True,0
Donyell Malen,MID,Aston Villa,0.0,0,0,0,0,0,0.0,0,53,0.00,0.00,0.00,0.00,342,0,0,0.0,0.0,2026-05-03T18:00:00Z,0,False,18,0,0,0,0,0,35,0,51033,0,0,2,1,0.0,0,-132,0,132,51,True,0
Bafodé Diakité,DEF,Bournemouth,0.0,0,0,0,0,0,0.0,0,685,0.00,0.00,0.00,0.00,343,0,0,0.0,0.0,2026-05-03T13:00:00Z,0,False,8,0,0,0,0,0,35,0,34934,0,0,0,3,0.0,0,-219,120,339,41,True,0
Leander Dendoncker,MID,Aston Villa,0.0,0,0,0,0,0,0.0,0,61,0.00,0.00,0.00,0.00,342,0,0,0.0,0.0,2026-05-03T18:00:00Z,0,False,18,0,0,0,0,0,35,0,8961,0,0,2,1,0.0,0,-17,0,17,45,True,0
Robin Roefs,GK,Sunderland,0.0,0,0,19,0,0,0.0,0,670,0.00,0.00,0.00,1.72,350,1,0,4.2,41.6,2026-05-02T14:00:00Z,90,False,20,0,0,0,9,0,35,6,1117230,1,0,1,1,0.0,3,-11138,25227,36365,48,False,1
Tymur Tutierov,MID,Sunderland,0.0,0,0,0,0,0,0.0,0,775,0.00,0.00,0.00,0.00,350,0,0,0.0,0.0,2026-05-02T14:00:00Z,0,False,20,0,0,0,0,0,35,0,88,0,0,1,1,0.0,0,0,0,0,45,False,0
Lesley Ugochukwu,MID,Burnley,0.0,0,0,0,0,0,0.0,0,676,0.00,0.00,0.00,0.00,347,0,0,0.0,0.0,2026-05-01T19:00:00Z,0,False,11,0,0,0,0,0,35,0,13406,0,0,1,3,0.0,0,-141,243,384,50,False,0
Borna Sosa,DEF,Crystal Palace,0.0,0,0,0,0,0,0.0,0,259,0.00,0.00,0.00,0.00,343,0,0,0.0,0.0,2026-05-03T13:00:00Z,0,False,4,0,0,0,0,0,35,0,16199,0,0,0,3,0.0,0,15,143,128,48,False,0
Kaelan Casey,DEF,West Ham,0.0,0,0,0,0,0,0.0,0,611,0.00,0.00,0.00,0.00,344,0,0,0.0,0.0,2026-05-02T14:00:00Z,0,False,5,0,0,0,0,0,35,0,7953,0,0,0,3,0.0,0,-32,0,32,40,False,0
Hamed Traorè,MID,Bournemouth,0.0,0,0,0,0,0,0.0,0,93,0.00,0.00,0.00,0.00,343,0,0,0.0,0.0,2026-05-03T13:00:00Z,0,False,8,0,0,0,0,0,35,0,34875,0,0,0,3,0.0,0,-55,0,55,45,True,0
Jack Fletcher,MID,Man Utd,0.0,0,0,0,0,0,0.0,0,462,0.00,0.00,0.00,0.00,348,0,0,0.0,0.0,2026-05-03T14:30:00Z,0,False,12,0,0,0,0,0,35,0,9922,0,0,2,3,0.0,0,-99,55,154,43,True,0
Riccardo Calafiori,DEF,Arsenal,0.0,0,0,20,1,5,12.6,6,7,0.02,0.25,0.23,0.37,341,0,0,7.7,25.2,2026-05-02T16:30:00Z,90,False,10,0,0,0,3,0,35,0,764141,1,1,0,3,39.0,6,-3802,2103,5905,56,True,0
David Raya Martín,GK,Arsenal,0.0,0,0,22,1,1,0.1,0,1,0.00,0.00,0.00,0.37,341,0,0,1.2,11.8,2026-05-02T16:30:00Z,90,False,10,0,0,0,4,0,35,1,4569133,1,0,0,3,0.0,6,138356,182009,43653,60,True,0
Jesurun Rak-Sakyi,MID,Crystal Palace,0.0,0,0,0,0,0,0.0,0,278,0.00,0.00,0.00,0.00,343,0,0,0.0,0.0,2026-05-03T13:00:00Z,0,False,4,0,0,0,0,0,35,0,3640,0,0,0,3,0.0,0,-5,0,5,44,False,0
Nectarios Triantis,MID,Sunderland,0.0,0,0,0,0,0,0.0,0,559,0.00,0.00,0.00,0.00,350,0,0,0.0,0.0,2026-05-02T14:00:00Z,0,False,20,0,0,0,0,0,35,0,3806,0,0,1,1,0.0,0,-10,0,10,44,False,0
Romelle Donovan,MID,Brentford,0.0,0,0,0,0,0,0.0,0,130,0.00,0.00,0.00,0.00,344,0,0,0.0,0.0,2026-05-02T14:00:00Z,0,False,19,0,0,0,0,0,35,0,13477,0,0,0,3,0.0,0,-54,149,203,44,True,0
Maxim De Cuyper,DEF,Brighton,0.0,0,0,2,0,1,14.8,2,145,0.01,0.01,0.00,1.05,349,1,0,2.1,6.6,2026-05-02T14:00:00Z,9,False,15,0,0,0,0,0,35,0,198571,0,1,1,3,0.0,1,-2382,646,3028,43,False,0
Joël Piroe,FWD,Leeds,0.0,0,0,0,0,0,0.0,0,362,0.00,0.00,0.00,0.00,347,0,0,0.0,0.0,2026-05-01T19:00:00Z,0,False,3,0,0,0,0,0,35,0,44278,0,0,1,3,0.0,0,-38,175,213,49,True,0
Marco Bizot,GK,Aston Villa,0.0,0,0,0,0,0,0.0,0,33,0.00,0.00,0.00,0.00,342,0,0,0.0,0.0,2026-05-03T18:00:00Z,0,False,18,0,0,0,0,0,35,0,48651,0,0,2,1,0.0,0,-196,177,373,42,True,0
Xavi Simons,MID,Spurs,0.0,0,0,0,0,0,0.0,0,717,0.00,0.00,0.00,0.00,342,0,0,0.0,0.0,2026-05-03T18:00:00Z,0,False,2,0,0,0,0,0,35,0,213618,0,0,2,1,0.0,0,-150619,3152,153771,65,False,0
Maxwel Cornet,MID,West Ham,0.0,0,0,0,0,0,0.0,0,617,0.00,0.00,0.00,0.00,344,0,0,0.0,0.0,2026-05-02T14:00:00Z,0,False,5,0,0,0,0,0,35,0,1909,0,0,0,3,0.0,0,-3,0,3,49,False,0
Vitor de Oliveira Nunes dos Reis,DEF,Man City,0.0,0,0,0,0,0,0.0,0,412,0.00,0.00,0.00,0.00,346,0,0,0.0,0.0,2026-05-04T19:00:00Z,0,False,9,0,0,0,0,0,35,0,578,0,0,3,3,0.0,0,0,0,0,50,False,0
Sam Johnstone,GK,Wolves,0.0,0,0,0,0,0,0.0,0,627,0.00,0.00,0.00,0.00,350,0,0,0.0,0.0,2026-05-02T14:00:00Z,0,False,17,0,0,0,0,0,35,0,17195,0,0,1,1,0.0,0,-205,64,269,44,True,0
Antonee Robinson,DEF,Fulham,0.0,0,0,7,0,1,2.4,5,316,0.01,0.03,0.02,3.23,341,3,0,1.6,11.4,2026-05-02T16:30:00Z,90,False,1,0,0,0,9,0,35,0,101623,1,4,0,3,2.0,1,-4149,853,5002,49,False,0
Jørgen Strand Larsen,FWD,Crystal Palace,0.0,0,0,10,0,2,14.9,5,654,0.11,0.30,0.19,1.65,343,2,0,5.1,15.0,2026-05-03T13:00:00Z,64,False,4,0,0,0,2,0,35,0,189380,1,1,0,3,21.0,2,-9941,3166,13107,59,False,0
Estêvão Almeida de Oliveira Gonçalves,MID,Chelsea,0.0,0,0,0,0,0,0.0,0,238,0.00,0.00,0.00,0.00,345,0,0,0.0,0.0,2026-05-04T14:00:00Z,0,False,16,0,0,0,0,0,35,0,224875,0,0,3,1,0.0,0,-7643,35,7678,64,True,0
Tom Watson,MID,Brighton,0.0,0,0,0,0,0,0.0,0,172,0.00,0.00,0.00,0.00,349,0,0,0.0,0.0,2026-05-02T14:00:00Z,0,False,15,0,0,0,0,0,35,0,3667,0,0,1,3,0.0,0,-12,0,12,48,False,0
Lucas Estella Perri,GK,Leeds,0.0,0,0,0,0,0,0.0,0,665,0.00,0.00,0.00,0.00,347,0,0,0.0,0.0,2026-05-01T19:00:00Z,0,False,3,0,0,0,0,0,35,0,34887,0,0,1,3,0.0,0,462,1814,1352,44,True,0
Timothée Pembélé,DEF,Sunderland,0.0,0,0,0,0,0,0.0,0,540,0.00,0.00,0.00,0.00,350,0,0,0.0,0.0,2026-05-02T14:00:00Z,0,False,20,0,0,0,0,0,35,0,35365,0,0,1,1,0.0,0,-179,0,179,39,False,0
Roméo Lavia,MID,Chelsea,0.0,0,0,12,0,0,7.0,3,244,0.08,0.10,0.02,1.99,345,3,0,1.6,6.6,2026-05-04T14:00:00Z,57,False,16,0,0,0,0,0,35,0,2509,1,3,3,1,2.0,1,56,94,38,49,True,0
Jan Paul van Hecke,DEF,Brighton,0.0,0,0,3,0,8,2.5,10,151,0.10,0.10,0.00,3.16,349,3,0,1.9,14.0,2026-05-02T14:00:00Z,90,False,15,0,0,0,7,0,35,0,1317281,1,2,1,3,2.0,2,67964,111494,43530,46,False,1
Mike Penders,GK,Chelsea,0.0,0,0,0,0,0,0.0,0,222,0.00,0.00,0.00,0.00,345,0,0,0.0,0.0,2026-05-04T14:00:00Z,0,False,16,0,0,0,0,0,35,0,354,0,0,3,1,0.0,0,-1,0,1,40,True,0
Rio Kyerematen,MID,Spurs,0.0,0,0,0,0,0,0.0,0,811,0.00,0.00,0.00,0.00,342,0,0,0.0,0.0,2026-05-03T18:00:00Z,0,False,2,0,0,0,0,0,35,0,529,0,0,2,1,0.0,0,15,34,19,45,False,0
Oleksandr Zinchenko,DEF,Nott'm Forest,0.0,0,0,0,0,0,0.0,0,12,0.00,0.00,0.00,0.00,345,0,0,0.0,0.0,2026-05-04T14:00:00Z,0,False,7,0,0,0,0,0,35,0,26863,0,0,3,1,0.0,0,-50,0,50,49,False,0
Harvey Barnes,MID,Newcastle,0.0,0,0,23,0,0,1.0,1,487,0.01,0.27,0.26,0.52,349,0,1,5.3,33.0,2026-05-02T14:00:00Z,22,False,6,0,0,0,1,0,35,0,137293,0,0,1,3,19.0,6,-2987,3405,6392,61,True,0
Josh Nichols,DEF,Arsenal,0.0,0,0,0,0,0,0.0,0,15,0.00,0.00,0.00,0.00,341,0,0,0.0,0.0,2026-05-02T16:30:00Z,0,False,10,0,0,0,0,0,35,0,31380,0,0,0,3,0.0,0,-269,251,520,37,True,0
Jhon Arias,MID,Wolves,0.0,0,0,0,0,0,0.0,0,663,0.00,0.00,0.00,0.00,350,0,0,0.0,0.0,2026-05-02T14:00:00Z,0,False,17,0,0,0,0,0,35,0,16541,0,0,1,1,0.0,0,-59,0,59,49,True,0
Chido Obi,FWD,Man Utd,0.0,0,0,0,0,0,0.0,0,467,0.00,0.00,0.00,0.00,348,0,0,0.0,0.0,2026-05-03T14:30:00Z,0,False,12,0,0,0,0,0,35,0,181144,0,0,2,3,0.0,0,-1817,385,2202,42,True,0
Marc Guiu Paz,FWD,Chelsea,0.0,0,0,0,0,0,0.0,0,252,0.00,0.00,0.00,0.00,345,0,0,0.0,0.0,2026-05-04T14:00:00Z,0,False,16,0,0,0,0,0,35,0,657106,0,0,3,1,0.0,0,-4882,10933,15815,40,True,0
Aaron Ramsey,MID,Burnley,0.0,0,0,0,0,0,0.0,0,211,0.00,0.00,0.00,0.00,347,0,0,0.0,0.0,2026-05-01T19:00:00Z,0,False,11,0,0,0,0,0,35,0,182407,0,0,1,3,0.0,0,-376,0,376,44,False,0
John McGinn,MID,Aston Villa,0.0,0,0,0,0,0,0.0,0,54,0.00,0.00,0.00,0.00,342,0,0,0.0,0.0,2026-05-03T18:00:00Z,0,False,18,0,0,0,0,0,35,0,91747,0,0,2,1,0.0,0,-1213,4349,5562,53,True,0
Chadi Riad Dnanou,DEF,Crystal Palace,0.0,0,0,7,0,7,1.0,9,262,0.05,0.05,0.00,1.65,343,2,0,2.4,21.0,2026-05-03T13:00:00Z,75,False,4,0,0,0,6,0,35,0,6259,1,2,0,3,2.0,1,-153,85,238,40,False,0
Pedro Cardoso de Lima,DEF,Wolves,0.0,0,0,3,0,3,28.5,5,640,0.25,0.25,0.00,0.35,350,1,0,4.6,13.2,2026-05-02T14:00:00Z,45,False,17,0,0,0,2,0,35,0,47925,1,2,1,1,4.0,1,-49,262,311,40,True,0
Hannes Delcroix,DEF,Burnley,0.0,0,0,0,0,0,0.0,0,188,0.00,0.00,0.00,0.00,347,0,0,0.0,0.0,2026-05-01T19:00:00Z,0,False,11,0,0,0,0,0,35,0,25180,0,0,1,3,0.0,0,-258,0,258,38,False,0
Phil Foden,MID,Man City,0.0,0,0,2,0,0,6.3,1,414,0.01,0.02,0.01,1.16,346,1,0,0.8,0.0,2026-05-04T19:00:00Z,16,False,9,0,0,0,1,0,35,0,1000641,0,0,3,3,3.0,1,-9731,1330,11061,80,False,0
Jonah Kusi-Asare,FWD,Fulham,0.0,0,0,2,0,0,0.3,2,737,0.00,0.00,0.00,0.31,341,0,0,0.0,0.0,2026-05-02T16:30:00Z,12,False,1,0,0,0,2,0,35,0,13202,0,0,0,3,0.0,1,-89,227,316,45,False,0
Tom Heaton,GK,Man Utd,0.0,0,0,0,0,0,0.0,0,434,0.00,0.00,0.00,0.00,348,0,0,0.0,0.0,2026-05-03T14:30:00Z,0,False,12,0,0,0,0,0,35,0,56146,0,0,2,3,0.0,0,4391,5992,1601,38,True,0
Yéremy Pino Santos,MID,Crystal Palace,0.0,0,0,3,0,0,3.0,1,712,0.03,0.03,0.00,1.49,343,2,0,0.3,0.0,2026-05-03T13:00:00Z,45,False,4,0,0,0,1,0,35,0,21514,1,0,0,3,0.0,1,-197,542,739,58,False,0
Wilson Odobert,MID,Spurs,0.0,0,0,0,0,0,0.0,0,588,0.00,0.00,0.00,0.00,342,0,0,0.0,0.0,2026-05-03T18:00:00Z,0,False,2,0,0,0,0,0,35,0,5327,0,0,2,1,0.0,0,-63,6,69,53,False,0
Omari Hutchinson,MID,Nott'm Forest,0.0,0,0,2,0,1,0.5,1,693,0.00,0.00,0.00,0.89,345,1,0,0.5,2.2,2026-05-04T14:00:00Z,10,False,7,0,0,0,0,0,35,0,9969,0,0,3,1,2.0,1,-108,306,414,54,False,0
Alex Murphy,DEF,Newcastle,0.0,0,0,0,0,0,0.0,0,481,0.00,0.00,0.00,0.00,349,0,0,0.0,0.0,2026-05-02T14:00:00Z,0,False,6,0,0,0,0,0,35,0,88089,0,0,1,3,0.0,0,-398,325,723,38,True,0
Bernardo Mota Veiga de Carvalho e Silva,MID,Man City,0.0,0,0,17,0,1,36.5,4,416,0.19,0.22,0.03,2.77,346,3,0,5.4,13.0,2026-05-04T19:00:00Z,86,False,9,0,0,0,2,0,35,0,85137,1,1,3,3,4.0,2,906,3293,2387,62,False,0
Hannibal Mejbri,MID,Burnley,0.0,0,0,4,0,0,2.4,1,207,0.02,0.08,0.06,0.73,347,1,0,0.7,2.8,2026-05-01T19:00:00Z,36,False,11,0,0,0,1,0,35,0,17060,0,0,1,3,2.0,0,-810,11,821,47,False,1
Jacob Bruun Larsen,MID,Burnley,0.0,0,0,0,0,0,0.0,0,202,0.00,0.00,0.00,0.00,347,0,0,0.0,0.0,2026-05-01T19:00:00Z,0,False,11,0,0,0,0,0,35,0,4794,0,0,1,3,0.0,0,0,54,54,52,False,0
Dennis Cirkin,DEF,Sunderland,0.0,0,0,-1,0,2,0.8,2,535,0.00,0.00,0.00,0.45,350,0,0,0.4,1.0,2026-05-02T14:00:00Z,18,False,20,0,0,0,0,0,35,0,6236,0,0,1,1,2.0,0,-34,74,108,40,False,1
Daniel Muñoz Mejía,DEF,Crystal Palace,0.0,0,0,-2,0,2,0.8,5,256,0.00,0.00,0.00,1.49,343,2,0,0.7,5.8,2026-05-03T13:00:00Z,45,False,4,0,0,0,1,0,35,0,1163942,1,3,0,3,0.0,0,144114,171646,27532,58,False,0
Bastien Meupiyou Menadjou,DEF,Wolves,0.0,0,0,0,0,0,0.0,0,639,0.00,0.00,0.00,0.00,350,0,0,0.0,0.0,2026-05-02T14:00:00Z,0,False,17,0,0,0,0,0,35,0,775,0,0,1,1,0.0,0,-4,0,4,40,True,0
Radu Drăgușin,DEF,Spurs,0.0,0,0,0,0,0,0.0,0,572,0.00,0.00,0.00,0.00,342,0,0,0.0,0.0,2026-05-03T18:00:00Z,0,False,2,0,0,0,0,0,35,0,3195,0,0,2,1,0.0,0,-62,60,122,45,False,0
Noah Okafor,MID,Leeds,0.0,0,2,30,1,1,27.3,6,698,0.13,0.46,0.33,0.09,347,0,1,9.5,41.4,2026-05-01T19:00:00Z,64,False,3,0,0,0,4,0,35,0,340820,1,1,1,3,26.0,10,154761,194162,39401,56,True,0
Dean Henderson,GK,Crystal Palace,0.0,0,0,0,0,1,0.0,0,253,0.01,0.01,0.00,2.08,343,3,0,1.3,13.4,2026-05-03T13:00:00Z,90,False,4,0,0,0,10,0,35,3,1133960,1,0,0,3,0.0,2,71751,106403,34652,51,False,0
Jayce Fitzgerald,MID,Man Utd,0.0,0,0,0,0,0,0.0,0,461,0.00,0.00,0.00,0.00,348,0,0,0.0,0.0,2026-05-03T14:30:00Z,0,False,12,0,0,0,0,0,35,0,5751,0,0,2,3,0.0,0,15,60,45,43,True,0
Nayef Aguerd,DEF,West Ham,0.0,0,0,0,0,0,0.0,0,607,0.00,0.00,0.00,0.00,344,0,0,0.0,0.0,2026-05-02T14:00:00Z,0,False,5,0,0,0,0,0,35,0,5318,0,0,0,3,0.0,0,-6,0,6,44,False,0
Danny Welbeck,FWD,Brighton,0.0,1,0,21,0,2,13.3,6,178,0.05,0.15,0.10,2.11,349,2,0,4.1,17.4,2026-05-02T14:00:00Z,80,False,15,0,0,0,3,0,35,0,1009602,1,1,1,3,10.0,5,4720,88144,83424,63,False,0
Tom King,GK,Everton,0.0,0,0,0,0,0,0.0,0,630,0.00,0.00,0.00,0.00,346,0,0,0.0,0.0,2026-05-04T19:00:00Z,0,False,13,0,0,0,0,0,35,0,158297,0,0,3,3,0.0,0,-846,166,1012,39,True,0
Maxime Estève,DEF,Burnley,0.0,0,0,5,0,12,0.5,13,191,0.00,0.00,0.00,1.64,347,3,0,3.0,27.0,2026-05-01T19:00:00Z,90,False,11,0,0,0,5,0,35,0,903696,1,1,1,3,2.0,3,-19332,2984,22316,39,False,0
Antoine Semenyo,MID,Man City,0.0,0,0,8,0,1,14.3,5,82,0.07,0.19,0.12,1.61,346,2,0,4.4,11.2,2026-05-04T19:00:00Z,74,False,9,0,0,0,2,0,35,0,6564916,1,2,3,3,18.0,2,-156930,132004,288934,82,False,0
Rodrigo Muniz Carvalho,FWD,Fulham,0.0,0,0,6,0,0,1.1,1,338,0.00,0.00,0.00,0.31,341,0,0,0.5,2.0,2026-05-02T16:30:00Z,17,False,1,0,0,0,0,0,35,0,94817,0,1,0,3,2.0,1,-1209,704,1913,53,False,0
Gianluigi Donnarumma,GK,Man City,0.0,0,0,3,0,1,10.3,0,736,0.13,0.13,0.00,2.77,346,3,0,3.5,22.6,2026-05-04T19:00:00Z,90,False,9,0,0,0,9,0,35,3,1200588,1,0,3,3,2.0,1,-313,25085,25398,56,False,1
Sven Botman,DEF,Newcastle,0.0,0,0,19,0,13,10.4,15,475,0.37,0.46,0.09,1.53,349,1,0,5.5,33.2,2026-05-02T14:00:00Z,90,False,6,0,0,0,3,0,35,0,54205,1,2,1,3,11.0,4,2131,2860,729,49,True,0
Omar Alderete,DEF,Sunderland,0.0,0,0,6,0,11,0.4,12,683,0.00,0.00,0.00,1.72,350,1,0,2.2,17.4,2026-05-02T14:00:00Z,90,False,20,0,0,0,4,0,35,0,758772,1,1,1,1,4.0,4,-26978,14551,41529,41,False,0
Nico O'Reilly,DEF,Man City,0.0,0,0,0,0,3,14.9,4,411,0.20,0.44,0.24,2.77,346,3,0,5.4,10.2,2026-05-04T19:00:00Z,90,False,9,0,0,0,2,0,35,0,2327715,1,1,3,3,29.0,1,414571,423680,9109,52,False,0
Liam Delap,FWD,Chelsea,0.0,0,0,-2,0,0,0.3,0,250,0.01,0.23,0.22,0.96,345,1,0,0.8,0.0,2026-05-04T14:00:00Z,45,False,16,0,0,0,0,0,35,0,118745,0,0,3,1,11.0,0,-121,397,518,62,True,1
Malcolm Ebiowei,MID,Crystal Palace,0.0,0,0,0,0,0,0.0,0,277,0.00,0.00,0.00,0.00,343,0,0,0.0,0.0,2026-05-03T13:00:00Z,0,False,4,0,0,0,0,0,35,0,353,0,0,0,3,0.0,0,0,0,0,45,False,0
Jerome Abbey,MID,Wolves,0.0,0,0,0,0,0,0.0,0,809,0.00,0.00,0.00,0.00,350,0,0,0.0,0.0,2026-05-02T14:00:00Z,0,False,17,0,0,0,0,0,35,0,1550,0,0,1,1,0.0,0,50,215,165,45,True,0
Benjamin White,DEF,Arsenal,0.0,0,0,27,1,4,14.8,4,11,0.14,0.14,0.00,0.37,341,0,0,3.3,12.0,2026-05-02T16:30:00Z,82,False,10,0,0,0,5,0,35,0,71341,1,0,0,3,6.0,6,5251,6341,1090,51,True,0
Miodrag Pivaš,DEF,Newcastle,0.0,0,0,0,0,0,0.0,0,483,0.00,0.00,0.00,0.00,349,0,0,0.0,0.0,2026-05-02T14:00:00Z,0,False,6,0,0,0,0,0,35,0,46348,0,0,1,3,0.0,0,-230,205,435,38,True,0
Freddie Woodman,GK,Liverpool,0.0,0,0,7,0,2,0.0,0,369,0.00,0.00,0.00,2.34,348,3,0,3.0,29.8,2026-05-03T14:30:00Z,90,False,14,0,0,0,9,0,35,3,44534,1,0,2,3,0.0,2,1810,6182,4372,39,False,0
Adam Webster,DEF,Brighton,0.0,0,0,0,0,0,0.0,0,153,0.00,0.00,0.00,0.00,349,0,0,0.0,0.0,2026-05-02T14:00:00Z,0,False,15,0,0,0,0,0,35,0,912,0,0,1,3,0.0,0,13,29,16,44,False,0
Reece James,DEF,Chelsea,0.0,0,0,0,0,0,0.0,0,225,0.00,0.00,0.00,0.00,345,0,0,0.0,0.0,2026-05-04T14:00:00Z,0,False,16,0,0,0,0,0,35,0,774550,0,0,3,1,0.0,0,-19322,127,19449,56,True,0
Alex Paulsen,GK,Bournemouth,0.0,0,0,0,0,0,0.0,0,70,0.00,0.00,0.00,0.00,343,0,0,0.0,0.0,2026-05-03T13:00:00Z,0,False,8,0,0,0,0,0,35,0,6898,0,0,0,3,0.0,0,-31,0,31,40,True,0
Chris Wood,FWD,Nott'm Forest,0.0,0,0,4,0,2,0.5,4,525,0.01,0.01,0.00,0.97,345,1,0,0.7,6.4,2026-05-04T14:00:00Z,24,False,7,0,0,0,2,0,35,0,607657,0,0,3,1,0.0,1,10455,12939,2484,71,False,0
Rayan Cherki,MID,Man City,0.0,1,0,21,0,0,40.2,3,417,0.23,0.49,0.26,2.77,346,3,0,9.4,24.6,2026-05-04T19:00:00Z,90,False,9,0,0,0,2,0,35,0,2008733,1,1,3,3,29.0,5,651888,661817,9929,65,False,0
Emiliano Martínez Romero,GK,Aston Villa,0.0,0,0,10,0,0,0.0,0,32,0.00,0.00,0.00,0.99,342,2,0,2.3,23.4,2026-05-03T18:00:00Z,90,False,18,0,0,0,7,0,35,3,618990,1,0,2,1,0.0,2,-8420,14612,23032,51,True,0
Josh King,MID,Fulham,0.0,0,0,4,0,0,1.0,1,335,0.03,0.03,0.00,0.31,341,0,0,0.5,0.4,2026-05-02T16:30:00Z,26,False,1,0,0,0,1,0,35,0,219433,0,0,0,3,4.0,1,-7277,2181,9458,44,False,0
Lewis Dunk,DEF,Brighton,0.0,0,0,-1,0,0,0.0,0,146,0.00,0.00,0.00,1.05,349,1,0,0.0,0.0,2026-05-02T14:00:00Z,2,False,15,0,0,0,0,0,35,0,111616,0,0,1,3,0.0,1,315,1217,902,45,False,0
Willy Boly,DEF,Nott'm Forest,0.0,0,0,0,0,0,0.0,0,514,0.00,0.00,0.00,0.00,345,0,0,0.0,0.0,2026-05-04T14:00:00Z,0,False,7,0,0,0,0,0,35,0,43112,0,0,3,1,0.0,0,-300,117,417,38,False,0
Yusuf Akhamrich,MID,Spurs,0.0,0,0,0,0,0,0.0,0,751,0.00,0.00,0.00,0.00,342,0,0,0.0,0.0,2026-05-03T18:00:00Z,0,False,2,0,0,0,0,0,35,0,564,0,0,2,1,0.0,0,-3,0,3,45,False,0
William Osula,FWD,Newcastle,0.0,0,3,27,0,0,14.3,0,500,0.31,1.09,0.78,1.01,349,1,1,9.3,33.0,2026-05-02T14:00:00Z,67,False,6,0,0,0,0,0,35,0,76732,1,0,1,3,46.0,9,6708,14515,7807,54,True,0
Luca Koleosho,MID,Burnley,0.0,0,0,0,0,0,0.0,0,208,0.00,0.00,0.00,0.00,347,0,0,0.0,0.0,2026-05-01T19:00:00Z,0,False,11,0,0,0,0,0,35,0,1369,0,0,1,3,0.0,0,-4,0,4,50,False,0
Omar Richards,DEF,Nott'm Forest,0.0,0,0,0,0,0,0.0,0,512,0.00,0.00,0.00,0.00,345,0,0,0.0,0.0,2026-05-04T14:00:00Z,0,False,7,0,0,0,0,0,35,0,2447,0,0,3,1,0.0,0,-2,0,2,45,False,0
Anthony Gordon,MID,Newcastle,0.0,0,0,0,0,0,0.0,0,485,0.00,0.00,0.00,0.00,349,0,0,0.0,0.0,2026-05-02T14:00:00Z,0,False,6,0,0,0,0,0,35,0,511441,0,0,1,3,0.0,0,-192248,971,193219,74,True,0
Antoni Milambo,MID,Brentford,0.0,0,0,0,0,0,0.0,0,122,0.00,0.00,0.00,0.00,344,0,0,0.0,0.0,2026-05-02T14:00:00Z,0,False,19,0,0,0,0,0,35,0,3613,0,0,0,3,0.0,0,7,21,14,52,True,0
Pablo Felipe Pereira de Jesus,FWD,West Ham,0.0,0,0,13,0,2,32.6,10,785,0.01,0.16,0.15,2.27,344,3,0,7.5,19.0,2026-05-02T14:00:00Z,90,False,5,0,0,0,4,0,35,0,2366,1,4,0,3,23.0,2,-110,254,364,54,False,0
Martín Zubimendi Ibáñez,MID,Arsenal,0.0,0,0,5,0,0,10.3,3,26,0.00,0.00,0.00,0.17,341,0,0,1.5,4.6,2026-05-02T16:30:00Z,26,False,10,0,0,0,2,0,35,0,404694,0,1,0,3,0.0,1,1310,17671,16361,50,True,0
Jaidon Anthony,MID,Burnley,0.0,1,0,21,0,0,18.1,5,200,0.10,0.20,0.10,1.64,347,3,0,5.1,17.8,2026-05-01T19:00:00Z,90,False,11,0,0,0,4,0,35,0,243189,1,1,1,3,15.0,5,-5386,1749,7135,50,False,0
Curtis Jones,MID,Liverpool,0.0,0,0,14,0,2,12.5,11,388,0.03,0.03,0.00,2.34,348,3,0,2.5,12.8,2026-05-03T14:30:00Z,90,False,14,0,0,0,8,0,35,0,14700,1,1,2,3,0.0,1,336,561,225,54,False,1
Caoimhín Kelleher,GK,Brentford,0.0,0,1,32,1,1,0.0,0,101,0.00,0.00,0.00,0.92,344,0,0,2.9,29.0,2026-05-02T14:00:00Z,90,False,19,0,0,0,8,0,35,4,1646008,1,0,0,3,0.0,8,-27016,23224,50240,48,True,0
Bertrand Traoré,MID,Sunderland,0.0,0,0,0,0,0,0.0,0,735,0.00,0.00,0.00,0.00,350,0,0,0.0,0.0,2026-05-02T14:00:00Z,0,False,20,0,0,0,0,0,35,0,3720,0,0,1,1,0.0,0,-7,9,16,55,False,0
Ollie Shield,DEF,Brentford,0.0,0,0,0,0,0,0.0,0,819,0.00,0.00,0.00,0.00,344,0,0,0.0,0.0,2026-05-02T14:00:00Z,0,False,19,0,0,0,0,0,35,0,1032,0,0,0,3,0.0,0,11,33,22,40,True,0
James McAtee,MID,Nott'm Forest,0.0,0,0,6,0,5,11.8,11,426,0.09,0.20,0.11,2.15,345,1,0,4.1,12.2,2026-05-04T14:00:00Z,90,False,7,0,0,0,5,0,35,0,11658,1,1,3,1,17.0,2,-30,41,71,50,False,0
Guglielmo Vicario,GK,Spurs,0.0,0,0,0,0,0,0.0,0,565,0.00,0.00,0.00,0.00,342,0,0,0.0,0.0,2026-05-03T18:00:00Z,0,False,2,0,0,0,0,0,35,0,636886,0,0,2,1,0.0,0,-10954,69,11023,47,False,0
Jaydee Canvot,DEF,Crystal Palace,0.0,0,0,-4,0,3,0.8,6,723,0.00,0.00,0.00,2.08,343,3,0,1.5,14.0,2026-05-03T13:00:00Z,90,False,4,0,0,0,2,0,35,0,54595,1,3,0,3,0.0,0,28775,36792,8017,45,False,1
Zach Marsh,FWD,Crystal Palace,0.0,0,0,0,0,0,0.0,0,286,0.00,0.00,0.00,0.00,343,0,0,0.0,0.0,2026-05-03T13:00:00Z,0,False,4,0,0,0,0,0,35,0,40489,0,0,0,3,0.0,0,-139,212,351,44,False,0
Joe Anderson,DEF,Sunderland,0.0,0,0,0,0,0,0.0,0,534,0.00,0.00,0.00,0.00,350,0,0,0.0,0.0,2026-05-02T14:00:00Z,0,False,20,0,0,0,0,0,35,0,38637,0,0,1,1,0.0,0,-264,0,264,38,False,0
Noussair Mazraoui,DEF,Man Utd,0.0,0,0,0,0,0,0.0,0,438,0.00,0.00,0.00,0.00,348,0,0,0.0,0.0,2026-05-03T14:30:00Z,0,False,12,0,0,0,0,0,35,0,31135,0,0,2,3,0.0,0,-282,462,744,49,True,0
Cristian Romero,DEF,Spurs,0.0,0,0,0,0,0,0.0,0,569,0.00,0.00,0.00,0.00,342,0,0,0.0,0.0,2026-05-03T18:00:00Z,0,False,2,0,0,0,0,0,35,0,381984,0,0,2,1,0.0,0,-4252,42,4294,50,False,0
Václav Hladký,GK,Burnley,0.0,0,0,0,0,0,0.0,0,185,0.00,0.00,0.00,0.00,347,0,0,0.0,0.0,2026-05-01T19:00:00Z,0,False,11,0,0,0,0,0,35,0,19728,0,0,1,3,0.0,0,-183,28,211,39,False,0
Mads Roerslev Rasmussen,DEF,Brentford,0.0,0,0,0,0,0,0.0,0,112,0.00,0.00,0.00,0.00,344,0,0,0.0,0.0,2026-05-02T14:00:00Z,0,False,19,0,0,0,0,0,35,0,1832,0,0,0,3,0.0,0,-4,0,4,45,True,0
Diogo Dalot Teixeira,DEF,Man Utd,0.0,0,0,5,0,4,2.9,5,440,0.02,0.08,0.06,0.89,348,2,0,2.0,11.2,2026-05-03T14:30:00Z,90,False,12,0,0,0,3,0,35,0,545957,1,1,2,3,6.0,1,-36645,4382,41027,46,True,0
Justin Kluivert,MID,Bournemouth,0.0,0,0,0,0,0,0.0,0,81,0.00,0.00,0.00,0.00,343,0,0,0.0,0.0,2026-05-03T13:00:00Z,0,False,8,0,0,0,0,0,35,0,76952,0,0,0,3,0.0,0,-154,56,210,69,True,0
Keane Lewis-Potter,DEF,Brentford,0.0,1,2,34,1,2,17.0,2,107,0.17,0.40,0.23,0.91,344,0,0,9.1,29.0,2026-05-02T14:00:00Z,90,False,19,0,0,0,8,0,35,0,201457,1,0,0,3,45.0,11,-2396,5106,7502,48,True,0
Kristoffer Ajer,DEF,Brentford,0.0,0,0,2,0,0,0.0,0,108,0.00,0.00,0.00,0.02,344,0,0,0.0,0.4,2026-05-02T14:00:00Z,10,False,19,0,0,0,1,0,35,0,27596,0,0,0,3,0.0,1,-1125,119,1244,44,True,0
Georginio Rutter,MID,Brighton,0.0,0,0,11,0,0,14.1,1,158,0.26,0.26,0.00,1.05,349,1,0,2.5,7.2,2026-05-02T14:00:00Z,10,False,15,0,0,0,0,0,35,0,44681,0,1,1,3,4.0,1,3623,4614,991,56,False,0
Hwang Hee-chan,MID,Wolves,0.0,0,0,0,0,0,0.0,0,642,0.00,0.00,0.00,0.00,350,0,0,0.0,0.0,2026-05-02T14:00:00Z,0,False,17,0,0,0,0,0,35,0,14375,0,0,1,1,0.0,0,-141,334,475,56,True,0
Ashley Phillips,DEF,Spurs,0.0,0,0,0,0,0,0.0,0,576,0.00,0.00,0.00,0.00,342,0,0,0.0,0.0,2026-05-03T18:00:00Z,0,False,2,0,0,0,0,0,35,0,1413,0,0,2,1,0.0,0,0,0,0,40,False,0
Quilindschy Hartman,DEF,Burnley,0.0,0,0,-3,0,5,3.1,7,192,0.00,0.00,0.00,1.27,347,3,0,1.6,12.6,2026-05-01T19:00:00Z,64,False,11,0,0,0,2,0,35,0,75783,1,2,1,3,0.0,1,-644,942,1586,40,False,0
George King,DEF,Crystal Palace,0.0,0,0,0,0,0,0.0,0,793,0.00,0.00,0.00,0.00,343,0,0,0.0,0.0,2026-05-03T13:00:00Z,0,False,4,0,0,0,0,0,35,0,2671,0,0,0,3,0.0,0,-49,54,103,40,False,0
Bruno Guimarães Rodriguez Moura,MID,Newcastle,0.0,1,1,24,0,3,18.5,11,488,0.15,0.18,0.03,1.53,349,1,0,4.4,23.0,2026-05-02T14:00:00Z,90,False,6,0,0,0,7,0,35,0,625465,1,1,1,3,2.0,6,41997,51605,9608,68,True,0
Eiran Cashin,DEF,Brighton,0.0,0,0,0,0,0,0.0,0,154,0.00,0.00,0.00,0.00,349,0,0,0.0,0.0,2026-05-02T14:00:00Z,0,False,15,0,0,0,0,0,35,0,583,0,0,1,3,0.0,0,-1,0,1,40,False,0
Nathan Patterson,DEF,Everton,0.0,0,0,-1,0,1,0.0,1,296,0.00,0.00,0.00,0.12,346,1,0,0.2,2.0,2026-05-04T19:00:00Z,1,False,13,0,0,0,0,0,35,0,4403,0,0,3,3,0.0,1,-94,18,112,44,True,0
Tolu Arokodare,FWD,Wolves,0.0,0,0,9,0,4,0.3,4,720,0.02,0.60,0.58,0.66,350,1,0,6.9,9.2,2026-05-02T14:00:00Z,90,False,17,0,0,0,0,0,35,0,15710,1,0,1,1,59.0,2,-1239,517,1756,52,True,0
Andrew Moran,MID,Brighton,0.0,0,0,0,0,0,0.0,0,177,0.00,0.00,0.00,0.00,349,0,0,0.0,0.0,2026-05-02T14:00:00Z,0,False,15,0,0,0,0,0,35,0,1977,0,0,1,3,0.0,0,-3,0,3,45,False,0
Adrien Truffert,DEF,Bournemouth,0.0,0,1,28,1,4,15.9,4,74,0.08,0.08,0.00,0.89,343,0,0,2.9,9.4,2026-05-03T13:00:00Z,90,False,8,0,0,0,3,0,35,0,588204,1,0,0,3,4.0,7,29431,48377,18946,47,True,0
Enes Ünal,FWD,Bournemouth,0.0,0,0,3,0,1,0.3,1,98,0.00,0.04,0.04,0.64,343,0,0,0.4,2.0,2026-05-03T13:00:00Z,10,False,8,0,0,0,0,0,35,0,6220,0,0,0,3,2.0,1,-2,137,139,54,True,0
Jack Whittaker,MID,Sunderland,0.0,0,0,0,0,0,0.0,0,821,0.00,0.00,0.00,0.00,350,0,0,0.0,0.0,2026-05-02T14:00:00Z,0,False,20,0,0,0,0,0,35,0,211,0,0,1,1,0.0,0,31,48,17,45,False,0
Dário Luís Essugo,MID,Chelsea,0.0,0,0,0,0,0,0.0,0,247,0.00,0.00,0.00,0.00,345,0,0,0.0,0.0,2026-05-04T14:00:00Z,0,False,16,0,0,0,0,0,35,0,7854,0,0,3,1,0.0,0,88,252,164,43,True,0
Aaron Ramsdale,GK,Newcastle,0.0,0,0,0,0,0,0.0,0,674,0.00,0.00,0.00,0.00,349,0,0,0.0,0.0,2026-05-02T14:00:00Z,0,False,6,0,0,0,0,0,35,0,102597,0,0,1,3,0.0,0,-2342,589,2931,48,True,0
Moisés Caicedo Corozo,MID,Chelsea,0.0,0,0,12,0,3,12.5,12,241,0.03,0.03,0.00,2.05,345,3,0,2.3,10.8,2026-05-04T14:00:00Z,90,False,16,0,0,0,6,0,35,0,952087,1,3,3,1,0.0,3,-6342,3181,9523,57,True,1
Taiwo Awoniyi,FWD,Nott'm Forest,0.0,1,3,67,0,1,0.1,4,527,0.00,1.11,1.11,2.15,345,1,2,12.4,71.6,2026-05-04T14:00:00Z,90,False,7,0,0,0,3,0,35,0,38042,1,0,3,1,52.0,16,111,409,298,52,False,0
Joél Drakes-Thomas,MID,Crystal Palace,0.0,0,0,0,0,0,0.0,0,762,0.00,0.00,0.00,0.00,343,0,0,0.0,0.0,2026-05-03T13:00:00Z,0,False,4,0,0,0,0,0,35,0,700,0,0,0,3,0.0,0,-2,30,32,45,False,0
Conor Gallagher,MID,Spurs,0.0,0,3,33,0,2,5.1,11,796,0.04,0.08,0.04,0.32,342,1,1,5.7,45.0,2026-05-03T18:00:00Z,90,False,2,0,0,0,6,0,35,0,11913,1,3,2,1,7.0,9,-302,776,1078,50,False,1
Niall Huggins,DEF,Sunderland,0.0,0,0,0,0,0,0.0,0,537,0.00,0.00,0.00,0.00,350,0,0,0.0,0.0,2026-05-02T14:00:00Z,0,False,20,0,0,0,0,0,35,0,8589,0,0,1,1,0.0,0,-18,0,18,40,False,0
Konstantinos Tsimikas,DEF,Liverpool,0.0,0,0,0,0,0,0.0,0,377,0.00,0.00,0.00,0.00,348,0,0,0.0,0.0,2026-05-03T14:30:00Z,0,False,14,0,0,0,0,0,35,0,6080,0,0,2,3,0.0,0,-8,0,8,48,False,0
Adam Smith,DEF,Bournemouth,0.0,0,0,0,0,0,0.0,0,73,0.00,0.00,0.00,0.00,343,0,0,0.0,0.0,2026-05-03T13:00:00Z,0,False,8,0,0,0,0,0,35,0,24636,0,0,0,3,0.0,0,-119,154,273,44,True,0
Tyrone Mings,DEF,Aston Villa,0.0,0,0,3,0,2,1.8,2,40,0.01,0.23,0.22,0.99,342,2,0,1.3,4.2,2026-05-03T18:00:00Z,90,False,18,0,0,0,6,0,35,0,84183,1,0,2,1,7.0,1,-1405,341,1746,43,True,0
Luke Shaw,DEF,Man Utd,0.0,0,0,9,0,10,10.3,14,443,0.22,0.22,0.00,0.89,348,2,0,3.6,23.8,2026-05-03T14:30:00Z,90,False,12,0,0,0,4,0,35,0,109602,1,4,2,3,2.0,2,-9154,787,9941,45,True,1
James Rowswell,DEF,Spurs,0.0,0,0,0,0,0,0.0,0,750,0.00,0.00,0.00,0.00,342,0,0,0.0,0.0,2026-05-03T18:00:00Z,0,False,2,0,0,0,0,0,35,0,4362,0,0,2,1,0.0,0,-25,19,44,40,False,0
Aaron Hickey,DEF,Brentford,0.0,0,0,5,0,0,0.0,1,116,0.00,0.00,0.00,0.02,344,0,0,0.2,2.2,2026-05-02T14:00:00Z,1,False,19,0,0,0,0,0,35,0,44150,0,1,0,3,0.0,1,-225,273,498,40,True,0
Sékou Koné,MID,Man Utd,0.0,0,0,0,0,0,0.0,0,463,0.00,0.00,0.00,0.00,348,0,0,0.0,0.0,2026-05-03T14:30:00Z,0,False,12,0,0,0,0,0,35,0,10060,0,0,2,3,0.0,0,-40,0,40,43,True,0
Ryan McAidoo,MID,Man City,0.0,0,0,0,0,0,0.0,0,742,0.00,0.00,0.00,0.00,346,0,0,0.0,0.0,2026-05-04T19:00:00Z,0,False,9,0,0,0,0,0,35,0,1556,0,0,3,3,0.0,0,16,30,14,45,False,0
Jordan Pickford,GK,Everton,0.0,0,0,5,0,2,10.0,0,287,0.00,0.00,0.00,1.45,346,3,0,2.5,15.2,2026-05-04T19:00:00Z,90,False,13,0,0,0,10,0,35,1,1709582,1,0,3,3,0.0,1,-62244,8516,70760,56,True,0
Enzo Barrenechea,MID,Aston Villa,0.0,0,0,0,0,0,0.0,0,56,0.00,0.00,0.00,0.00,342,0,0,0.0,0.0,2026-05-03T18:00:00Z,0,False,18,0,0,0,0,0,35,0,44,0,0,2,1,0.0,0,-1,0,1,50,True,0
Pau Torres,DEF,Aston Villa,0.0,0,0,0,0,0,0.0,0,41,0.00,0.00,0.00,0.00,342,0,0,0.0,0.0,2026-05-03T18:00:00Z,0,False,18,0,0,0,0,0,35,0,39894,0,0,2,1,0.0,0,-268,352,620,43,True,0
Bart Verbruggen,GK,Brighton,0.0,0,0,1,0,1,0.0,0,139,0.00,0.00,0.00,3.16,349,3,0,2.7,26.8,2026-05-02T14:00:00Z,90,False,15,0,0,0,5,0,35,4,1179075,1,0,1,3,0.0,2,31151,71311,40160,45,False,0
Tariq Lamptey,DEF,Brighton,0.0,0,0,0,0,0,0.0,0,150,0.00,0.00,0.00,0.00,349,0,0,0.0,0.0,2026-05-02T14:00:00Z,0,False,15,0,0,0,0,0,35,0,10493,0,0,1,3,0.0,0,-13,0,13,44,False,0
Ashley Barnes,FWD,Burnley,0.0,0,0,0,0,0,0.0,0,218,0.00,0.00,0.00,0.00,347,0,0,0.0,0.0,2026-05-01T19:00:00Z,0,False,11,0,0,0,0,0,35,0,164608,0,0,1,3,0.0,0,-2268,956,3224,42,False,0
Travis Patterson,DEF,Aston Villa,0.0,0,0,0,0,0,0.0,0,710,0.00,0.00,0.00,0.00,342,0,0,0.0,0.0,2026-05-03T18:00:00Z,0,False,18,0,0,0,0,0,35,0,24984,0,0,2,1,0.0,0,-112,49,161,39,True,0
George Hemmings,MID,Aston Villa,0.0,0,0,0,0,0,0.0,0,754,0.00,0.00,0.00,0.00,342,0,0,0.0,0.0,2026-05-03T18:00:00Z,0,False,18,0,0,0,0,0,35,0,1192,0,0,2,1,0.0,0,18,37,19,45,True,0
Sverre Nypan,MID,Man City,0.0,0,0,0,0,0,0.0,0,428,0.00,0.00,0.00,0.00,346,0,0,0.0,0.0,2026-05-04T19:00:00Z,0,False,9,0,0,0,0,0,35,0,1964,0,0,3,3,0.0,0,-8,7,15,50,False,0
Josh Acheampong,DEF,Chelsea,0.0,0,0,0,0,0,0.0,0,233,0.00,0.00,0.00,0.00,345,0,0,0.0,0.0,2026-05-04T14:00:00Z,0,False,16,0,0,0,0,0,35,0,214580,0,0,3,1,0.0,0,2009,7926,5917,37,True,0
Igor Jesus Maciel da Cruz,FWD,Nott'm Forest,0.0,0,0,21,0,0,1.7,1,526,0.00,0.83,0.83,1.13,345,0,1,7.0,34.2,2026-05-04T14:00:00Z,45,False,7,0,0,0,1,0,35,0,275748,1,0,3,1,34.0,5,48768,63888,15120,59,False,0
Illia Zabarnyi,DEF,Bournemouth,0.0,0,0,0,0,0,0.0,0,71,0.00,0.00,0.00,0.00,343,0,0,0.0,0.0,2026-05-03T13:00:00Z,0,False,8,0,0,0,0,0,35,0,2918,0,0,0,3,0.0,0,-1,0,1,50,True,0
Julián Araujo Zúñiga,DEF,Bournemouth,0.0,0,0,0,0,0,0.0,0,78,0.00,0.00,0.00,0.00,343,0,0,0.0,0.0,2026-05-03T13:00:00Z,0,False,8,0,0,0,0,0,35,0,63953,0,0,0,3,0.0,0,-418,0,418,38,True,0
Milos Kerkez,DEF,Liverpool,0.0,0,0,0,0,0,15.8,1,371,0.02,0.02,0.00,0.34,348,1,0,2.4,5.8,2026-05-03T14:30:00Z,31,False,14,0,0,0,0,0,35,0,391783,0,1,2,3,2.0,1,-8907,645,9552,56,False,0
Lamare Bogarde,DEF,Aston Villa,0.0,0,0,4,0,1,1.3,5,44,0.00,0.00,0.00,0.99,342,2,0,1.1,9.6,2026-05-03T18:00:00Z,90,False,18,0,0,0,2,0,35,0,69989,1,4,2,1,0.0,1,-141,756,897,40,True,0
Dermot Mee,GK,Man Utd,0.0,0,0,0,0,0,0.0,0,435,0.00,0.00,0.00,0.00,348,0,0,0.0,0.0,2026-05-03T14:30:00Z,0,False,12,0,0,0,0,0,35,0,12716,0,0,2,3,0.0,0,-14,52,66,39,True,0
Alisson Becker,GK,Liverpool,0.0,0,0,0,0,0,0.0,0,366,0.00,0.00,0.00,0.00,348,0,0,0.0,0.0,2026-05-03T14:30:00Z,0,False,14,0,0,0,0,0,35,0,690802,0,0,2,3,0.0,0,-11116,182,11298,54,False,0
Fabian Schär,DEF,Newcastle,0.0,0,0,0,0,0,0.0,0,474,0.00,0.00,0.00,0.00,349,0,0,0.0,0.0,2026-05-02T14:00:00Z,0,False,6,0,0,0,0,0,35,0,147475,0,0,1,3,0.0,0,-475,34,509,52,True,0
Marc Cucurella Saseta,DEF,Chelsea,0.0,1,0,17,0,1,41.3,3,224,0.12,0.17,0.05,2.05,345,3,0,8.3,28.6,2026-05-04T14:00:00Z,90,False,16,0,0,0,7,0,35,0,1939480,1,2,3,1,13.0,4,-17810,11556,29366,61,True,0
Norberto Murara Neto,GK,Bournemouth,0.0,0,0,0,0,0,0.0,0,66,0.00,0.00,0.00,0.00,343,0,0,0.0,0.0,2026-05-03T13:00:00Z,0,False,8,0,0,0,0,0,35,0,7133,0,0,0,3,0.0,0,-15,0,15,45,True,0
Max Weiß,GK,Burnley,0.0,0,0,0,0,0,0.0,0,183,0.00,0.00,0.00,0.00,347,0,0,0.0,0.0,2026-05-01T19:00:00Z,0,False,11,0,0,0,0,0,35,0,15345,0,0,1,3,0.0,0,-55,55,110,42,False,0
Amad Diallo,MID,Man Utd,0.0,0,0,4,0,0,11.3,1,452,0.03,0.03,0.00,0.73,348,2,0,1.3,0.0,2026-05-03T14:30:00Z,45,False,12,0,0,0,0,0,35,0,174515,0,1,2,3,2.0,1,-3665,1613,5278,62,True,0
Jorge Cuenca Barreno,DEF,Fulham,0.0,0,0,0,0,0,0.0,0,321,0.00,0.00,0.00,0.00,341,0,0,0.0,0.0,2026-05-02T16:30:00Z,0,False,1,0,0,0,0,0,35,0,6985,0,0,0,3,0.0,0,-120,17,137,43,False,0
Oliver Sonne,DEF,Burnley,0.0,0,0,0,0,0,0.0,0,197,0.00,0.00,0.00,0.00,347,0,0,0.0,0.0,2026-05-01T19:00:00Z,0,False,11,0,0,0,0,0,35,0,22052,0,0,1,3,0.0,0,-407,0,407,38,False,0
Edson Álvarez Velázquez,MID,West Ham,0.0,0,0,0,0,0,0.0,0,616,0.00,0.00,0.00,0.00,344,0,0,0.0,0.0,2026-05-02T14:00:00Z,0,False,5,0,0,0,0,0,35,0,5921,0,0,0,3,0.0,0,-6,0,6,49,False,0
Yankuba Minteh,MID,Brighton,0.0,0,0,6,0,0,18.3,2,160,0.06,0.38,0.32,3.16,349,3,0,3.5,0.0,2026-05-02T14:00:00Z,90,False,15,0,0,0,1,0,35,0,308587,1,1,1,3,17.0,2,-6161,11126,17287,55,False,0
Eberechi Eze,MID,Arsenal,0.0,0,0,4,1,0,5.8,2,266,0.07,0.28,0.21,0.37,341,0,0,1.5,0.0,2026-05-02T16:30:00Z,77,False,10,0,0,0,2,0,35,0,1152071,1,0,0,3,10.0,3,109237,129467,20230,72,True,0
Lewis Orford,MID,West Ham,0.0,0,0,0,0,0,0.0,0,622,0.00,0.00,0.00,0.00,344,0,0,0.0,0.0,2026-05-02T14:00:00Z,0,False,5,0,0,0,0,0,35,0,6728,0,0,0,3,0.0,0,-16,0,16,44,False,0
Simon Adingra,MID,Sunderland,0.0,0,0,0,0,0,0.0,0,543,0.00,0.00,0.00,0.00,350,0,0,0.0,0.0,2026-05-02T14:00:00Z,0,False,20,0,0,0,0,0,35,0,44105,0,0,1,1,0.0,0,-145,0,145,49,False,0
Alexander Isak,FWD,Liverpool,0.0,0,0,0,0,0,0.0,0,499,0.00,0.00,0.00,0.00,348,0,0,0.0,0.0,2026-05-03T14:30:00Z,0,False,14,0,0,0,0,0,35,0,558336,0,0,2,3,0.0,0,18051,38955,20904,103,False,0
Dominic Solanke-Mitchell,FWD,Spurs,0.0,0,0,0,0,0,0.0,0,596,0.00,0.00,0.00,0.00,342,0,0,0.0,0.0,2026-05-03T18:00:00Z,0,False,2,0,0,0,0,0,35,0,183244,0,0,2,1,0.0,0,-87681,822,88503,72,False,0
Rodrigo Bentancur,MID,Spurs,0.0,0,0,15,1,3,6.4,8,585,0.01,0.01,0.00,0.03,342,0,0,1.9,12.8,2026-05-03T18:00:00Z,66,False,2,0,0,0,3,0,35,0,21533,1,2,2,1,0.0,2,-146,561,707,52,False,1
Patrick Dorgu,DEF,Man Utd,0.0,0,0,1,0,0,0.3,0,441,0.00,0.03,0.03,0.09,348,0,0,0.3,0.0,2026-05-03T14:30:00Z,15,False,12,0,0,0,1,0,35,0,306817,0,0,2,3,5.0,1,-4575,2486,7061,41,True,0
Ayden Heaven,DEF,Man Utd,0.0,0,0,10,0,3,3.7,6,447,0.00,0.00,0.00,0.89,348,2,0,1.6,12.6,2026-05-03T14:30:00Z,90,False,12,0,0,0,4,0,35,0,312453,1,3,2,3,0.0,1,11665,21873,10208,37,True,0
James Tarkowski,DEF,Everton,0.0,0,0,-4,0,5,0.3,6,291,0.00,0.00,0.00,1.45,346,3,0,2.3,18.8,2026-05-04T19:00:00Z,90,False,13,0,0,0,3,0,35,0,1529256,1,1,3,3,4.0,0,-91475,13034,104509,57,True,1
Facundo Buonanotte,MID,Leeds,0.0,0,0,0,0,0,0.0,0,168,0.00,0.00,0.00,0.00,347,0,0,0.0,0.0,2026-05-01T19:00:00Z,0,False,3,0,0,0,0,0,35,0,12273,0,0,1,3,0.0,0,131,344,213,46,True,0
Jack Moorhouse,MID,Man Utd,0.0,0,0,0,0,0,0.0,0,464,0.00,0.00,0.00,0.00,348,0,0,0.0,0.0,2026-05-03T14:30:00Z,0,False,12,0,0,0,0,0,35,0,2159,0,0,2,3,0.0,0,-3,0,3,45,True,0
Carlos Henrique Casimiro,MID,Man Utd,0.0,0,0,17,0,8,24.0,18,457,0.03,0.21,0.18,0.89,348,2,0,8.0,36.8,2026-05-03T14:30:00Z,90,False,12,0,0,0,6,0,35,0,605508,1,4,2,3,19.0,4,97569,119670,22101,58,True,0
José Malheiro de Sá,GK,Wolves,0.0,0,0,0,0,0,0.0,0,628,0.00,0.00,0.00,0.00,350,0,0,0.0,0.0,2026-05-02T14:00:00Z,0,False,17,0,0,0,0,0,35,0,152171,0,0,1,1,0.0,0,-1647,2861,4508,42,True,0
Callan McKenna,GK,Bournemouth,0.0,0,0,0,0,0,0.0,0,69,0.00,0.00,0.00,0.00,343,0,0,0.0,0.0,2026-05-03T13:00:00Z,0,False,8,0,0,0,0,0,35,0,31413,0,0,0,3,0.0,0,-232,118,350,39,True,0
Fábio Freitas Gouveia Carvalho,MID,Brentford,0.0,0,0,0,0,0,0.0,0,123,0.00,0.00,0.00,0.00,344,0,0,0.0,0.0,2026-05-02T14:00:00Z,0,False,19,0,0,0,0,0,35,0,13710,0,0,0,3,0.0,0,-18,19,37,46,True,0
Sean Neave,FWD,Newcastle,0.0,0,0,0,0,0,0.0,0,501,0.00,0.00,0.00,0.00,349,0,0,0.0,0.0,2026-05-02T14:00:00Z,0,False,6,0,0,0,0,0,35,0,32722,0,0,1,3,0.0,0,-126,160,286,43,True,0
Luis Díaz Marulanda,MID,Liverpool,0.0,0,0,0,0,0,0.0,0,383,0.00,0.00,0.00,0.00,348,0,0,0.0,0.0,2026-05-03T14:30:00Z,0,False,14,0,0,0,0,0,35,0,5491,0,0,2,3,0.0,0,-8,0,8,80,False,0
Joe Hodge,MID,Wolves,0.0,0,0,0,0,0,0.0,0,653,0.00,0.00,0.00,0.00,350,0,0,0.0,0.0,2026-05-02T14:00:00Z,0,False,17,0,0,0,0,0,35,0,3216,0,0,1,1,0.0,0,-8,0,8,45,True,0
Sander Berge,MID,Fulham,0.0,0,0,0,0,0,0.0,0,330,0.00,0.00,0.00,0.00,341,0,0,0.0,0.0,2026-05-02T16:30:00Z,0,False,1,0,0,0,0,0,35,0,10771,0,0,0,3,0.0,0,-26,360,386,49,False,0
Tanaka Ao,MID,Leeds,0.0,1,1,27,0,2,16.3,5,358,0.03,0.14,0.11,0.35,347,1,0,3.3,8.6,2026-05-01T19:00:00Z,71,False,3,0,0,0,3,0,35,0,26041,1,0,1,3,8.0,6,729,1309,580,48,True,0
Carlos Miguel dos Santos Pereira,GK,Nott'm Forest,0.0,0,0,0,0,0,0.0,0,503,0.00,0.00,0.00,0.00,345,0,0,0.0,0.0,2026-05-04T14:00:00Z,0,False,7,0,0,0,0,0,35,0,7888,0,0,3,1,0.0,0,-24,0,24,40,False,0
Matty Cash,DEF,Aston Villa,0.0,1,1,25,0,2,16.2,9,36,0.07,0.07,0.00,0.99,342,2,0,5.8,41.4,2026-05-03T18:00:00Z,90,False,18,0,0,0,3,0,35,0,1070100,1,7,2,1,0.0,5,-29679,15160,44839,47,True,0
Bendito Mantato,MID,Man Utd,0.0,0,0,0,0,0,0.0,0,769,0.00,0.00,0.00,0.00,348,0,0,0.0,0.0,2026-05-03T14:30:00Z,0,False,12,0,0,0,0,0,35,0,645,0,0,2,3,0.0,0,-5,10,15,45,True,0
Bruno Borges Fernandes,MID,Man Utd,0.0,1,1,30,0,3,71.3,8,449,0.91,1.02,0.11,0.89,348,2,0,11.7,16.4,2026-05-03T14:30:00Z,90,False,12,0,0,0,5,0,35,0,6171553,1,0,2,3,29.0,5,59745,107237,47492,104,True,1
Stefanos Tzimas,FWD,Brighton,0.0,0,0,0,0,0,0.0,0,180,0.00,0.00,0.00,0.00,349,0,0,0.0,0.0,2026-05-02T14:00:00Z,0,False,15,0,0,0,0,0,35,0,9575,0,0,1,3,0.0,0,9,59,50,52,False,0
Daniel Bentley,GK,Wolves,0.0,0,0,10,0,1,0.0,0,629,0.00,0.00,0.00,0.66,350,1,0,1.3,13.4,2026-05-02T14:00:00Z,90,False,17,0,0,0,11,0,35,1,63871,1,0,1,1,0.0,2,-275,844,1119,39,True,0
Marcus Rashford,MID,Man Utd,0.0,0,0,0,0,0,0.0,0,451,0.00,0.00,0.00,0.00,348,0,0,0.0,0.0,2026-05-03T14:30:00Z,0,False,12,0,0,0,0,0,35,0,1927,0,0,2,3,0.0,0,-2,0,2,70,True,0
TJ Carroll,DEF,Aston Villa,0.0,0,0,0,0,0,0.0,0,781,0.00,0.00,0.00,0.00,342,0,0,0.0,0.0,2026-05-03T18:00:00Z,0,False,18,0,0,0,0,0,35,0,2279,0,0,2,1,0.0,0,7,39,32,40,True,0
Rico Henry,DEF,Brentford,0.0,0,0,0,0,0,0.0,0,109,0.00,0.00,0.00,0.00,344,0,0,0.0,0.0,2026-05-02T14:00:00Z,0,False,19,0,0,0,0,0,35,0,16586,0,0,0,3,0.0,0,-450,18,468,43,True,0
Samuel Iling-Junior,MID,Aston Villa,0.0,0,0,0,0,0,0.0,0,51,0.00,0.00,0.00,0.00,342,0,0,0.0,0.0,2026-05-03T18:00:00Z,0,False,18,0,0,0,0,0,35,0,2416,0,0,2,1,0.0,0,-2,0,2,55,True,0
Abdallah Sima,MID,Brighton,0.0,0,0,0,0,0,0.0,0,165,0.00,0.00,0.00,0.00,349,0,0,0.0,0.0,2026-05-02T14:00:00Z,0,False,15,0,0,0,0,0,35,0,1420,0,0,1,3,0.0,0,0,0,0,54,False,0
Tosin Adarabioyo,DEF,Chelsea,0.0,0,0,1,0,1,0.8,3,232,0.00,0.00,0.00,1.09,345,2,0,0.9,8.4,2026-05-04T14:00:00Z,45,False,16,0,0,0,3,0,35,0,33997,1,2,3,1,0.0,0,64,383,319,40,True,0
Sam Greenwood,MID,Leeds,0.0,0,0,0,0,0,0.0,0,355,0.00,0.00,0.00,0.00,347,0,0,0.0,0.0,2026-05-01T19:00:00Z,0,False,3,0,0,0,0,0,35,0,4140,0,0,1,3,0.0,0,-4,0,4,49,True,0
Jarrad Branthwaite,DEF,Everton,0.0,0,0,0,0,0,0.0,0,290,0.00,0.00,0.00,0.00,346,0,0,0.0,0.0,2026-05-04T19:00:00Z,0,False,13,0,0,0,0,0,35,0,44749,0,0,3,3,0.0,0,-7480,40,7520,53,True,0
Ethan Pinnock,DEF,Brentford,0.0,0,0,0,0,0,0.0,0,111,0.00,0.00,0.00,0.00,344,0,0,0.0,0.0,2026-05-02T14:00:00Z,0,False,19,0,0,0,0,0,35,0,16709,0,0,0,3,0.0,0,-276,111,387,42,True,0
Wellity Lucky,DEF,Liverpool,0.0,0,0,0,0,0,0.0,0,760,0.00,0.00,0.00,0.00,348,0,0,0.0,0.0,2026-05-03T14:30:00Z,0,False,14,0,0,0,0,0,35,0,2720,0,0,2,3,0.0,0,3,41,38,40,False,0
Alex Cairns,GK,Leeds,0.0,0,0,0,0,0,0.0,0,340,0.00,0.00,0.00,0.00,347,0,0,0.0,0.0,2026-05-01T19:00:00Z,0,False,3,0,0,0,0,0,35,0,18898,0,0,1,3,0.0,0,-60,77,137,39,True,0
Mateo Joseph Fernández-Regatillo,FWD,Leeds,0.0,0,0,0,0,0,0.0,0,364,0.00,0.00,0.00,0.00,347,0,0,0.0,0.0,2026-05-01T19:00:00Z,0,False,3,0,0,0,0,0,35,0,1237,0,0,1,3,0.0,0,0,0,0,50,True,0
Kai Havertz,FWD,Arsenal,0.0,0,0,0,0,0,0.0,0,30,0.00,0.00,0.00,0.00,341,0,0,0.0,0.0,2026-05-02T16:30:00Z,0,False,10,0,0,0,0,0,35,0,85089,0,0,0,3,0.0,0,-22713,2827,25540,73,True,0
Raúl Jiménez Rodríguez,FWD,Fulham,0.0,0,0,6,0,2,1.8,5,337,0.00,0.10,0.10,2.92,341,3,0,1.7,4.2,2026-05-02T16:30:00Z,72,False,1,0,0,0,1,0,35,0,261328,1,2,0,3,11.0,2,-35053,3017,38070,60,False,0
Brian Brobbey,FWD,Sunderland,0.0,0,0,4,0,1,12.2,1,730,0.07,0.13,0.06,1.28,350,1,0,1.7,0.0,2026-05-02T14:00:00Z,71,False,20,0,0,0,0,0,35,0,155202,1,0,1,1,7.0,1,-4311,12906,17217,53,False,1
Evann Guessand,MID,Crystal Palace,0.0,0,0,0,0,0,0.0,0,677,0.00,0.00,0.00,0.00,343,0,0,0.0,0.0,2026-05-03T13:00:00Z,0,False,4,0,0,0,0,0,35,0,5652,0,0,0,3,0.0,0,-199,12,211,62,False,0
Kaye Furo,FWD,Brentford,0.0,0,0,2,0,0,0.0,0,797,0.00,0.00,0.00,0.02,344,0,0,0.0,0.0,2026-05-02T14:00:00Z,1,False,19,0,0,0,0,0,35,0,2142,0,0,0,3,0.0,1,-20,64,84,45,True,0
Antony dos Santos,MID,Man Utd,0.0,0,0,0,0,0,0.0,0,454,0.00,0.00,0.00,0.00,348,0,0,0.0,0.0,2026-05-03T14:30:00Z,0,False,12,0,0,0,0,0,35,0,7304,0,0,2,3,0.0,0,-7,0,7,59,True,0
Tyler Onyango,MID,Everton,0.0,0,0,0,0,0,0.0,0,704,0.00,0.00,0.00,0.00,346,0,0,0.0,0.0,2026-05-04T19:00:00Z,0,False,13,0,0,0,0,0,35,0,6327,0,0,3,3,0.0,0,-7,0,7,45,True,0
