name,position,team,xP,assists,bonus,bps,clean_sheets,clearances_blocks_interceptions,creativity,defensive_contribution,element,expected_assists,expected_goal_involvements,expected_goals,expected_goals_conceded,fixture,goals_conceded,goals_scored,ict_index,influence,kickoff_time,minutes,modified,opponent_team,own_goals,penalties_missed,penalties_saved,recoveries,red_cards,round,saves,selected,starts,tackles,team_a_score,team_h_score,threat,total_points,transfers_balance,transfers_in,transfers_out,value,was_home,yellow_cards
Reinildo Mandava,DEF,Sunderland,0.0,0,0,32,1,8,1.7,10,541,0.01,0.01,0.00,0.62,358,0,0,2.4,22.0,2026-05-09T14:00:00Z,90,False,14,0,0,0,4,0,36,0,373891,1,2,0,0,0.0,8,-1306,5926,7232,38,True,0
Lorenzo Lucca,FWD,Nott'm Forest,0.0,0,0,-1,0,0,0.3,2,805,0.00,0.07,0.07,0.02,357,0,0,0.6,0.0,2026-05-10T13:00:00Z,7,False,15,0,0,0,2,0,36,0,1872,0,0,1,1,8.0,1,-46,74,120,54,True,0
Lewis Dobbin,MID,Aston Villa,0.0,0,0,0,0,0,0.0,0,57,0.00,0.00,0.00,0.00,352,0,0,0.0,0.0,2026-05-10T13:00:00Z,0,False,3,0,0,0,0,0,36,0,3113,0,0,2,2,0.0,0,-3,0,3,50,False,0
Ryan Christie,MID,Bournemouth,0.0,0,0,-1,0,2,13.4,5,87,0.03,0.03,0.00,0.57,354,0,0,1.5,2.0,2026-05-09T14:00:00Z,41,False,10,0,0,0,2,1,36,0,19006,1,1,1,0,0.0,-2,-1844,303,2147,49,False,0
Leo Shahar,DEF,Newcastle,0.0,0,0,0,0,0,0.0,0,765,0.00,0.00,0.00,0.00,357,0,0,0.0,0.0,2026-05-10T13:00:00Z,0,False,16,0,0,0,0,0,36,0,4309,0,0,1,1,0.0,0,-9,116,125,40,False,0
Zeki Amdouni,FWD,Burnley,0.0,0,0,2,0,0,0.0,1,216,0.00,0.17,0.17,0.10,352,0,0,1.2,1.2,2026-05-10T13:00:00Z,11,False,2,0,0,0,1,0,36,0,2963,0,0,2,2,11.0,1,50,102,52,48,True,0
Lucas Tolentino Coelho de Lima,MID,West Ham,0.0,0,0,0,0,0,0.0,0,612,0.00,0.00,0.00,0.00,360,0,0,0.0,0.0,2026-05-10T15:30:00Z,0,False,1,0,0,0,0,0,36,0,137366,0,0,1,0,0.0,0,-433,0,433,59,True,0
Jorrel Hato,DEF,Chelsea,0.0,0,0,12,0,5,2.0,10,672,0.01,0.01,0.00,0.56,355,1,0,2.4,21.8,2026-05-09T11:30:00Z,90,False,12,0,0,0,4,0,36,0,24197,1,5,1,1,0.0,3,-392,143,535,46,False,1
Myles Peart-Harris,MID,Brentford,0.0,0,0,0,0,0,0.0,0,133,0.00,0.00,0.00,0.00,356,0,0,0.0,0.0,2026-05-09T16:30:00Z,0,False,13,0,0,0,0,0,36,0,3996,0,0,0,3,0.0,0,-14,0,14,44,False,0
Bashir Humphreys,DEF,Burnley,0.0,0,0,0,0,0,0.0,0,193,0.00,0.00,0.00,0.00,352,0,0,0.0,0.0,2026-05-10T13:00:00Z,0,False,2,0,0,0,0,0,36,0,15757,0,0,2,2,0.0,0,-438,80,518,39,True,0
Romain Faivre,MID,Bournemouth,0.0,0,0,0,0,0,0.0,0,92,0.00,0.00,0.00,0.00,354,0,0,0.0,0.0,2026-05-09T14:00:00Z,0,False,10,0,0,0,0,0,36,0,7688,0,0,1,0,0.0,0,-24,0,24,45,False,0
Enock Agyei,MID,Burnley,0.0,0,0,0,0,0,0.0,0,203,0.00,0.00,0.00,0.00,352,0,0,0.0,0.0,2026-05-10T13:00:00Z,0,False,2,0,0,0,0,0,36,0,6245,0,0,2,2,0.0,0,44,107,63,47,True,0
Callum Bates,MID,Everton,0.0,0,0,0,0,0,0.0,0,306,0.00,0.00,0.00,0.00,353,0,0,0.0,0.0,2026-05-10T13:00:00Z,0,False,8,0,0,0,0,0,36,0,12297,0,0,2,2,0.0,0,15,277,262,43,False,0
Harry Tyrer,GK,Everton,0.0,0,0,0,0,0,0.0,0,289,0.00,0.00,0.00,0.00,353,0,0,0.0,0.0,2026-05-10T13:00:00Z,0,False,8,0,0,0,0,0,36,0,11337,0,0,2,2,0.0,0,-83,0,83,39,False,0
Etienne Green,GK,Burnley,0.0,0,0,0,0,0,0.0,0,184,0.00,0.00,0.00,0.00,352,0,0,0.0,0.0,2026-05-10T13:00:00Z,0,False,2,0,0,0,0,0,36,0,20250,0,0,2,2,0.0,0,-88,0,88,40,True,0
Destiny Udogie,DEF,Spurs,0.0,0,0,10,0,5,3.1,7,574,0.01,0.01,0.00,1.10,359,1,0,1.5,10.2,2026-05-11T19:00:00Z,84,False,11,0,0,0,3,0,36,0,40341,1,2,1,1,2.0,2,574,799,225,43,True,0
Simon Moore,GK,Sunderland,0.0,0,0,0,0,0,0.0,0,529,0.00,0.00,0.00,0.00,358,0,0,0.0,0.0,2026-05-09T14:00:00Z,0,False,14,0,0,0,0,0,36,0,43355,0,0,0,0,0.0,0,-302,154,456,39,True,0
Ben Winterburn,MID,Bournemouth,0.0,0,0,0,0,0,0.0,0,96,0.00,0.00,0.00,0.00,354,0,0,0.0,0.0,2026-05-09T14:00:00Z,0,False,10,0,0,0,0,0,36,0,3842,0,0,1,0,0.0,0,-5,0,5,45,False,0
Mikey Moore,MID,Spurs,0.0,0,0,0,0,0,0.0,0,592,0.00,0.00,0.00,0.00,359,0,0,0.0,0.0,2026-05-11T19:00:00Z,0,False,11,0,0,0,0,0,36,0,417,0,0,1,1,0.0,0,-1,0,1,50,True,0
Jesse Derry,MID,Chelsea,0.0,0,0,0,0,0,0.0,0,829,0.00,0.00,0.00,0.00,355,0,0,0.0,0.0,2026-05-09T11:30:00Z,0,False,12,0,0,0,0,0,36,0,106,0,0,1,1,0.0,0,45,66,21,45,False,0
Pape Matar Sarr,MID,Spurs,0.0,0,0,0,0,0,0.0,0,593,0.00,0.00,0.00,0.00,359,0,0,0.0,0.0,2026-05-11T19:00:00Z,0,False,11,0,0,0,0,0,36,0,127203,0,0,1,1,0.0,0,-18,3797,3815,45,True,0
Hákon Rafn Valdimarsson,GK,Brentford,0.0,0,0,0,0,0,0.0,0,105,0.00,0.00,0.00,0.00,356,0,0,0.0,0.0,2026-05-09T16:30:00Z,0,False,13,0,0,0,0,0,36,0,112430,0,0,0,3,0.0,0,7845,10117,2272,38,False,0
Toby Collyer,MID,Man Utd,0.0,0,0,0,0,0,0.0,0,460,0.00,0.00,0.00,0.00,358,0,0,0.0,0.0,2026-05-09T14:00:00Z,0,False,17,0,0,0,0,0,36,0,3226,0,0,0,0,0.0,0,-8,0,8,45,False,0
Jaydon Jones,MID,Sunderland,0.0,0,0,0,0,0,0.0,0,822,0.00,0.00,0.00,0.00,358,0,0,0.0,0.0,2026-05-09T14:00:00Z,0,False,14,0,0,0,0,0,36,0,333,0,0,0,0,0.0,0,30,53,23,45,True,0
Marcos Senesi Barón,DEF,Bournemouth,0.0,0,0,26,1,10,1.8,10,72,0.04,0.04,0.00,1.33,354,0,0,3.2,30.6,2026-05-09T14:00:00Z,90,False,10,0,0,0,5,0,36,0,2774808,1,0,1,0,0.0,8,66807,142786,75979,52,False,0
Adam Armstrong,FWD,Wolves,0.0,0,0,3,0,2,0.3,3,817,0.00,0.00,0.00,1.62,351,3,0,0.8,2.0,2026-05-09T14:00:00Z,90,False,6,0,0,0,1,0,36,0,8117,1,0,0,3,6.0,2,-1187,771,1958,52,False,0
Tyler Morton,MID,Liverpool,0.0,0,0,0,0,0,0.0,0,395,0.00,0.00,0.00,0.00,355,0,0,0.0,0.0,2026-05-09T11:30:00Z,0,False,7,0,0,0,0,0,36,0,266,0,0,1,1,0.0,0,0,0,0,45,True,0
Alexis Mac Allister,MID,Liverpool,0.0,0,0,2,0,1,4.8,4,386,0.01,0.05,0.04,0.50,355,1,0,0.5,0.0,2026-05-09T11:30:00Z,90,False,7,0,0,0,2,0,36,0,241407,1,1,1,1,4.0,1,-12138,3906,16044,62,True,1
André Trindade da Costa Neto,MID,Wolves,0.0,0,0,8,0,2,15.5,10,643,0.08,0.08,0.00,1.62,351,3,0,2.6,10.0,2026-05-09T14:00:00Z,90,False,6,0,0,0,7,0,36,0,13994,1,1,0,3,0.0,1,-1722,312,2034,52,False,1
Harrison Ashby,DEF,Newcastle,0.0,0,0,0,0,0,0.0,0,482,0.00,0.00,0.00,0.00,357,0,0,0.0,0.0,2026-05-10T13:00:00Z,0,False,16,0,0,0,0,0,36,0,14017,0,0,1,1,0.0,0,-50,0,50,39,False,0
Samuel Amissah,DEF,Fulham,0.0,0,0,0,0,0,0.0,0,323,0.00,0.00,0.00,0.00,354,0,0,0.0,0.0,2026-05-09T14:00:00Z,0,False,4,0,0,0,0,0,36,0,18759,0,0,1,0,0.0,0,-92,136,228,38,True,0
Luís Hemir Silva Semedo,FWD,Sunderland,0.0,0,0,0,0,0,0.0,0,563,0.00,0.00,0.00,0.00,358,0,0,0.0,0.0,2026-05-09T14:00:00Z,0,False,14,0,0,0,0,0,36,0,10465,0,0,0,0,0.0,0,-12,0,12,44,True,0
Adama Traoré Diarra,MID,West Ham,0.0,0,0,0,0,0,0.0,0,326,0.00,0.00,0.00,0.00,360,0,0,0.0,0.0,2026-05-10T15:30:00Z,0,False,1,0,0,0,0,0,36,0,19924,0,0,1,0,0.0,0,-126,125,251,51,True,0
Yasin Ayari,MID,Brighton,0.0,0,0,2,0,0,0.1,0,166,0.00,0.00,0.00,0.11,351,0,0,0.0,0.0,2026-05-09T14:00:00Z,14,False,20,0,0,0,0,0,36,0,50462,0,0,0,3,0.0,1,-750,2277,3027,48,True,0
Mateo Kovačić,MID,Man City,0.0,0,0,0,0,0,0.0,0,422,0.00,0.00,0.00,0.00,356,0,0,0.0,0.0,2026-05-09T16:30:00Z,0,False,5,0,0,0,0,0,36,0,3085,0,0,0,3,0.0,0,166,205,39,58,True,0
Mateo Kovačić,MID,Man City,0.0,0,0,5,0,0,1.8,2,422,0.02,0.02,0.00,0.15,307,0,0,0.7,5.0,2026-05-13T19:00:00Z,11,False,8,0,0,0,1,0,36,0,3085,0,1,0,3,0.0,1,166,205,39,58,True,0
Thierno Barry,FWD,Everton,0.0,0,0,3,0,1,11.1,2,310,0.04,0.04,0.00,0.95,353,1,0,2.1,4.2,2026-05-10T13:00:00Z,20,False,8,0,0,0,1,0,36,0,98360,0,0,2,2,6.0,1,4669,8401,3732,57,False,0
Ollie Scarles,DEF,West Ham,0.0,0,0,0,0,0,0.0,0,608,0.00,0.00,0.00,0.00,360,0,0,0.0,0.0,2026-05-10T15:30:00Z,0,False,1,0,0,0,0,0,36,0,4824,0,0,1,0,0.0,0,-34,19,53,43,True,0
Rico Lewis,DEF,Man City,0.0,0,0,0,0,0,0.0,0,410,0.00,0.00,0.00,0.00,356,0,0,0.0,0.0,2026-05-09T16:30:00Z,0,False,5,0,0,0,0,0,36,0,153873,0,0,0,3,0.0,0,-144,504,648,46,True,0
Rico Lewis,DEF,Man City,0.0,0,0,0,0,0,0.0,0,410,0.00,0.00,0.00,0.00,307,0,0,0.0,0.0,2026-05-13T19:00:00Z,0,False,8,0,0,0,0,0,36,0,153873,0,0,0,3,0.0,0,-144,504,648,46,True,0
Jimmy Sinclair,MID,Nott'm Forest,0.0,0,0,0,0,0,0.0,0,836,0.00,0.00,0.00,0.00,357,0,0,0.0,0.0,2026-05-10T13:00:00Z,0,False,15,0,0,0,0,0,36,0,0,0,0,1,1,0.0,0,0,0,0,45,True,0
Brenden Aaronson,MID,Leeds,0.0,0,0,10,0,1,15.6,4,350,0.15,0.15,0.00,1.07,359,1,0,3.1,13.2,2026-05-11T19:00:00Z,62,False,18,0,0,0,1,0,36,0,135624,1,2,1,1,2.0,2,-35016,1611,36627,54,False,0
Eliezer Mayenda Dossou,FWD,Sunderland,0.0,0,0,3,0,0,0.0,0,561,0.00,0.00,0.00,0.27,358,0,0,0.0,0.0,2026-05-09T14:00:00Z,1,False,14,0,0,0,0,0,36,0,65418,0,0,0,0,0.0,1,-392,227,619,51,True,0
Seth Ridgeon,MID,Fulham,0.0,0,0,0,0,0,0.0,0,770,0.00,0.00,0.00,0.00,354,0,0,0.0,0.0,2026-05-09T14:00:00Z,0,False,4,0,0,0,0,0,36,0,728,0,0,1,0,0.0,0,-13,47,60,45,True,0
Steven Benda,GK,Fulham,0.0,0,0,0,0,0,0.0,0,315,0.00,0.00,0.00,0.00,354,0,0,0.0,0.0,2026-05-09T14:00:00Z,0,False,4,0,0,0,0,0,36,0,890,0,0,1,0,0.0,0,-8,0,8,40,True,0
Myles Lewis-Skelly,DEF,Arsenal,0.0,0,0,23,1,1,5.1,1,10,0.02,0.02,0.00,1.15,360,0,0,1.4,6.4,2026-05-10T15:30:00Z,90,False,19,0,0,0,1,0,36,0,188603,1,0,1,0,2.0,6,5886,6517,631,50,False,0
Rhys Chadwick,MID,Leeds,0.0,0,0,0,0,0,0.0,0,838,0.00,0.00,0.00,0.00,359,0,0,0.0,0.0,2026-05-11T19:00:00Z,0,False,18,0,0,0,0,0,36,0,0,0,0,1,1,0.0,0,0,0,0,45,False,0
Hugo Bueno López,DEF,Wolves,0.0,0,0,-5,0,2,0.2,3,633,0.00,0.00,0.00,0.82,351,2,0,0.5,4.6,2026-05-09T14:00:00Z,45,False,6,0,0,0,2,0,36,0,24033,1,1,0,3,0.0,0,-1566,1064,2630,43,False,0
Milan Aleksić,MID,Sunderland,0.0,0,0,0,0,0,0.0,0,546,0.00,0.00,0.00,0.00,358,0,0,0.0,0.0,2026-05-09T14:00:00Z,0,False,14,0,0,0,0,0,36,0,2331,0,0,0,0,0.0,0,-5,11,16,49,True,0
Toti Gomes,DEF,Wolves,0.0,0,0,3,0,10,0.2,11,637,0.00,0.00,0.00,1.62,351,3,0,2.6,23.4,2026-05-09T14:00:00Z,90,False,6,0,0,0,1,0,36,0,11206,1,1,0,3,2.0,3,-157,228,385,42,False,0
Ismaïla Sarr,MID,Crystal Palace,0.0,0,0,24,0,1,11.8,5,267,0.02,0.83,0.81,1.59,353,2,1,13.9,42.6,2026-05-10T13:00:00Z,90,False,9,0,0,0,4,0,36,0,937620,1,0,2,2,85.0,7,318779,334033,15254,64,True,0
Ismaïla Sarr,MID,Crystal Palace,0.0,0,0,5,0,0,0.3,2,267,0.00,0.12,0.12,0.60,307,1,0,2.2,3.0,2026-05-13T19:00:00Z,30,False,13,0,0,0,2,0,36,0,937620,0,0,0,3,19.0,1,318779,334033,15254,64,False,0
Abdukodir Khusanov,DEF,Man City,0.0,0,0,0,0,0,0.0,0,406,0.00,0.00,0.00,0.00,356,0,0,0.0,0.0,2026-05-09T16:30:00Z,0,False,5,0,0,0,0,0,36,0,97867,0,0,0,3,0.0,0,12300,15329,3029,54,True,0
Abdukodir Khusanov,DEF,Man City,0.0,0,0,24,1,4,7.4,4,406,0.04,0.06,0.02,0.68,307,0,0,1.8,9.8,2026-05-13T19:00:00Z,90,False,8,0,0,0,2,0,36,0,97867,1,0,0,3,1.0,6,12300,15329,3029,54,True,0
André Onana,GK,Man Utd,0.0,0,0,0,0,0,0.0,0,432,0.00,0.00,0.00,0.00,358,0,0,0.0,0.0,2026-05-09T14:00:00Z,0,False,17,0,0,0,0,0,36,0,18175,0,0,0,0,0.0,0,-21,0,21,49,False,0
Rio Cardines,MID,Crystal Palace,0.0,0,0,0,0,0,0.0,0,690,0.00,0.00,0.00,0.00,353,0,0,0.0,0.0,2026-05-10T13:00:00Z,0,False,9,0,0,0,0,0,36,0,33509,0,0,2,2,0.0,0,-25,79,104,44,True,0
Rio Cardines,MID,Crystal Palace,0.0,0,0,0,0,0,0.0,0,690,0.00,0.00,0.00,0.00,307,0,0,0.0,0.0,2026-05-13T19:00:00Z,0,False,13,0,0,0,0,0,36,0,33509,0,0,0,3,0.0,0,-25,79,104,44,False,0
Alejandro Garnacho Ferreyra,MID,Chelsea,0.0,0,0,0,0,0,0.0,0,453,0.00,0.00,0.00,0.00,355,0,0,0.0,0.0,2026-05-09T11:30:00Z,0,False,12,0,0,0,0,0,36,0,57598,0,0,1,1,0.0,0,-1606,149,1755,64,False,0
Talla Ndiaye,DEF,Liverpool,0.0,0,0,0,0,0,0.0,0,832,0.00,0.00,0.00,0.00,355,0,0,0.0,0.0,2026-05-09T11:30:00Z,0,False,7,0,0,0,0,0,36,0,173,0,0,1,1,0.0,0,90,97,7,40,True,0
Tammy Abraham,FWD,Aston Villa,0.0,0,0,0,0,0,0.0,0,808,0.00,0.00,0.00,0.00,352,0,0,0.0,0.0,2026-05-10T13:00:00Z,0,False,3,0,0,0,0,0,36,0,23971,0,0,2,2,0.0,0,-1146,1318,2464,58,False,0
Dan Neil,MID,Sunderland,0.0,0,0,0,0,0,0.0,0,549,0.00,0.00,0.00,0.00,358,0,0,0.0,0.0,2026-05-09T14:00:00Z,0,False,14,0,0,0,0,0,36,0,3532,0,0,0,0,0.0,0,-11,0,11,48,True,0
Kiernan Dewsbury-Hall,MID,Everton,0.0,1,0,10,0,2,23.1,3,242,0.08,0.51,0.43,2.54,353,2,0,6.3,10.4,2026-05-10T13:00:00Z,90,False,8,0,0,0,0,0,36,0,846886,1,1,2,2,29.0,5,52343,83723,31380,52,False,0
Kieran Trippier,DEF,Newcastle,0.0,0,0,5,0,0,1.0,1,478,0.00,0.00,0.00,0.00,357,0,0,0.3,2.0,2026-05-10T13:00:00Z,1,False,16,0,0,0,0,0,36,0,181094,0,1,1,1,0.0,1,-1453,627,2080,49,False,0
João Maria Lobo Alves Palhares Costa Palhinha Gonçalves,MID,Spurs,0.0,0,0,11,0,3,2.3,12,673,0.01,0.19,0.18,1.34,359,1,0,2.9,9.0,2026-05-11T19:00:00Z,90,False,11,0,0,0,5,0,36,0,103698,1,4,1,1,18.0,3,3752,4966,1214,55,True,1
Tino Livramento,DEF,Newcastle,0.0,0,0,0,0,0,0.0,0,477,0.00,0.00,0.00,0.00,357,0,0,0.0,0.0,2026-05-10T13:00:00Z,0,False,16,0,0,0,0,0,36,0,240788,0,0,1,1,0.0,0,-2721,24,2745,49,False,0
Issa Diop,DEF,Fulham,0.0,0,0,4,0,1,0.8,1,320,0.00,0.00,0.00,0.67,354,1,0,1.1,7.8,2026-05-09T14:00:00Z,45,False,4,0,0,0,1,0,36,0,9843,0,0,1,0,2.0,1,-81,97,178,43,True,0
Rasmus Højlund,FWD,Man Utd,0.0,0,0,0,0,0,0.0,0,465,0.00,0.00,0.00,0.00,358,0,0,0.0,0.0,2026-05-09T14:00:00Z,0,False,17,0,0,0,0,0,36,0,32878,0,0,0,0,0.0,0,-17,0,17,63,False,0
Dane Scarlett,FWD,Spurs,0.0,0,0,0,0,0,0.0,0,599,0.00,0.00,0.00,0.00,359,0,0,0.0,0.0,2026-05-11T19:00:00Z,0,False,11,0,0,0,0,0,36,0,68606,0,0,1,1,0.0,0,-279,0,279,43,True,0
Ezri Konsa Ngoyo,DEF,Aston Villa,0.0,0,0,12,0,3,1.3,4,38,0.01,0.01,0.00,1.79,352,2,0,1.9,15.6,2026-05-10T13:00:00Z,90,False,3,0,0,0,4,0,36,0,980790,1,1,2,2,2.0,1,-20794,4753,25547,44,False,0
Caleb Kporha,DEF,Crystal Palace,0.0,0,0,0,0,0,0.0,0,265,0.00,0.00,0.00,0.00,353,0,0,0.0,0.0,2026-05-10T13:00:00Z,0,False,9,0,0,0,0,0,36,0,2653,0,0,2,2,0.0,0,27,67,40,40,True,0
Caleb Kporha,DEF,Crystal Palace,0.0,0,0,0,0,0,0.0,0,265,0.00,0.00,0.00,0.00,307,0,0,0.0,0.0,2026-05-13T19:00:00Z,0,False,13,0,0,0,0,0,36,0,2653,0,0,0,3,0.0,0,27,67,40,40,False,0
Leon Routh,DEF,Aston Villa,0.0,0,0,0,0,0,0.0,0,768,0.00,0.00,0.00,0.00,352,0,0,0.0,0.0,2026-05-10T13:00:00Z,0,False,3,0,0,0,0,0,36,0,2605,0,0,2,2,0.0,0,-9,21,30,40,False,0
Archie Gray,MID,Spurs,0.0,0,0,0,0,0,0.0,0,591,0.00,0.00,0.00,0.00,359,0,0,0.0,0.0,2026-05-11T19:00:00Z,0,False,11,0,0,0,0,0,36,0,18843,0,0,1,1,0.0,0,-678,200,878,48,True,0
Noah Sadiki,MID,Sunderland,0.0,0,0,15,1,3,6.2,12,552,0.02,0.45,0.43,0.62,358,0,0,4.9,12.4,2026-05-09T14:00:00Z,90,False,14,0,0,0,9,0,36,0,8269,1,0,0,0,30.0,5,-321,224,545,49,True,0
Sávio Moreira de Oliveira,MID,Man City,0.0,0,0,3,0,0,0.3,0,415,0.00,0.00,0.00,0.12,356,0,0,0.0,0.0,2026-05-09T16:30:00Z,1,False,5,0,0,0,0,0,36,0,51807,0,0,0,3,0.0,1,147,429,282,69,True,0
Sávio Moreira de Oliveira,MID,Man City,0.0,0,1,26,1,0,13.0,4,415,0.10,0.58,0.48,0.68,307,0,1,8.4,42.0,2026-05-13T19:00:00Z,90,False,8,0,0,0,2,0,36,0,51807,1,2,0,3,29.0,9,147,429,282,69,True,0
Nathan Collins,DEF,Brentford,0.0,0,0,2,0,3,0.7,4,106,0.00,0.00,0.00,2.98,356,3,0,2.0,15.2,2026-05-09T16:30:00Z,90,False,13,0,0,0,2,0,36,0,326469,1,1,0,3,4.0,1,-23348,2805,26153,49,False,0
Manuel Ugarte Ribeiro,MID,Man Utd,0.0,0,0,0,0,0,0.0,0,459,0.00,0.00,0.00,0.00,358,0,0,0.0,0.0,2026-05-09T14:00:00Z,0,False,17,0,0,0,0,0,36,0,18334,0,0,0,0,0.0,0,-116,94,210,47,False,0
Lewis Hall,DEF,Newcastle,0.0,0,0,16,0,7,20.6,9,473,0.08,0.08,0.00,1.10,357,1,0,5.1,30.4,2026-05-10T13:00:00Z,90,False,16,0,0,0,5,0,36,0,434392,1,2,1,1,0.0,2,-33831,5445,39276,53,False,0
Wesley Fofana,DEF,Chelsea,0.0,1,0,19,0,3,0.8,3,230,0.00,0.00,0.00,0.56,355,1,0,0.9,7.8,2026-05-09T11:30:00Z,90,False,12,0,0,0,4,0,36,0,46230,1,0,1,1,0.0,5,-4122,207,4329,44,False,0
Martial Godo,MID,Fulham,0.0,0,0,0,0,0,0.0,0,333,0.00,0.00,0.00,0.00,354,0,0,0.0,0.0,2026-05-09T14:00:00Z,0,False,4,0,0,0,0,0,36,0,2961,0,0,1,0,0.0,0,-9,0,9,45,True,0
Leo Fuhr Hjelde,DEF,Sunderland,0.0,0,0,0,0,0,0.0,0,536,0.00,0.00,0.00,0.00,358,0,0,0.0,0.0,2026-05-09T14:00:00Z,0,False,14,0,0,0,0,0,36,0,1615,0,0,0,0,0.0,0,-9,0,9,40,True,0
Krisztián Hegyi,GK,West Ham,0.0,0,0,0,0,0,0.0,0,602,0.00,0.00,0.00,0.00,360,0,0,0.0,0.0,2026-05-10T15:30:00Z,0,False,1,0,0,0,0,0,36,0,25037,0,0,1,0,0.0,0,-215,0,215,39,True,0
Will Hughes,MID,Crystal Palace,0.0,0,0,0,0,0,0.0,0,270,0.00,0.00,0.00,0.00,353,0,0,0.0,0.0,2026-05-10T13:00:00Z,0,False,9,0,0,0,0,0,36,0,13459,0,0,2,2,0.0,0,381,635,254,47,True,0
Will Hughes,MID,Crystal Palace,0.0,0,0,5,0,4,14.3,8,270,0.22,0.22,0.00,0.96,307,2,0,2.7,12.8,2026-05-13T19:00:00Z,59,False,13,0,0,0,4,0,36,0,13459,1,0,0,3,0.0,1,381,635,254,47,False,0
Jadon Sancho,MID,Aston Villa,0.0,0,0,0,0,0,0.0,0,456,0.00,0.00,0.00,0.00,352,0,0,0.0,0.0,2026-05-10T13:00:00Z,0,False,3,0,0,0,0,0,36,0,28631,0,0,2,2,0.0,0,96,477,381,58,False,0
Amine Adli,MID,Bournemouth,0.0,0,0,-4,0,0,0.0,1,697,0.00,0.00,0.00,0.34,354,0,0,0.0,0.0,2026-05-09T14:00:00Z,12,False,10,0,0,0,1,0,36,0,29680,0,0,1,0,2.0,1,-2573,182,2755,54,False,0
Micky van de Ven,DEF,Spurs,0.0,0,0,12,0,3,0.3,4,575,0.00,0.00,0.00,1.34,359,1,0,1.0,7.8,2026-05-11T19:00:00Z,90,False,11,0,0,0,4,0,36,0,2307792,1,1,1,1,2.0,2,-15002,13684,28686,44,True,0
Konstantinos Mavropanos,DEF,West Ham,0.0,0,0,26,0,12,10.6,13,606,0.04,0.06,0.02,1.18,360,1,0,4.9,30.4,2026-05-10T15:30:00Z,90,False,1,0,0,0,2,0,36,0,242345,1,1,1,0,8.0,4,-34996,14471,49467,45,True,0
Emmanuel Agbadou,DEF,Wolves,0.0,0,0,0,0,0,0.0,0,631,0.00,0.00,0.00,0.00,351,0,0,0.0,0.0,2026-05-09T14:00:00Z,0,False,6,0,0,0,0,0,36,0,14384,0,0,0,3,0.0,0,-46,0,46,42,False,0
Oscar Bobb,MID,Fulham,0.0,0,0,2,0,0,15.1,1,424,0.04,0.30,0.26,0.38,354,0,0,2.7,0.6,2026-05-09T14:00:00Z,28,False,4,0,0,0,1,0,36,0,27294,0,0,1,0,11.0,1,-509,125,634,51,True,0
Oluwaseun Adewumi,MID,Burnley,0.0,0,0,0,0,0,0.0,0,212,0.00,0.00,0.00,0.00,352,0,0,0.0,0.0,2026-05-10T13:00:00Z,0,False,2,0,0,0,0,0,36,0,777,0,0,2,2,0.0,0,-2,0,2,45,True,0
Jordan Henderson,MID,Brentford,0.0,0,0,0,0,0,1.8,0,124,0.01,0.01,0.00,0.37,356,1,0,0.3,0.0,2026-05-09T16:30:00Z,11,False,13,0,0,0,0,0,36,0,38104,0,0,0,3,2.0,0,-534,85,619,50,False,1
Harry Wilson,MID,Fulham,0.0,0,0,12,0,1,29.9,5,329,0.17,0.20,0.03,0.44,354,1,0,4.2,4.8,2026-05-09T14:00:00Z,61,False,4,0,0,0,4,0,36,0,2436088,1,0,1,0,7.0,2,-159863,49293,209156,59,True,0
Charlie Stevens,MID,Bournemouth,0.0,0,0,0,0,0,0.0,0,799,0.00,0.00,0.00,0.00,354,0,0,0.0,0.0,2026-05-09T14:00:00Z,0,False,10,0,0,0,0,0,36,0,763,0,0,1,0,0.0,0,27,64,37,45,False,0
Malick Thiaw,DEF,Newcastle,0.0,0,0,10,0,3,0.9,5,684,0.01,0.01,0.00,1.10,357,1,0,2.6,18.8,2026-05-10T13:00:00Z,90,False,16,0,0,0,1,0,36,0,628064,1,2,1,1,6.0,2,-59857,5494,65351,49,False,0
Emerson Palmieri dos Santos,DEF,West Ham,0.0,0,0,0,0,0,0.0,0,604,0.00,0.00,0.00,0.00,360,0,0,0.0,0.0,2026-05-10T15:30:00Z,0,False,1,0,0,0,0,0,36,0,6496,0,0,1,0,0.0,0,-13,0,13,44,True,0
Godwill Kukonki,DEF,Man Utd,0.0,0,0,0,0,0,0.0,0,788,0.00,0.00,0.00,0.00,358,0,0,0.0,0.0,2026-05-09T14:00:00Z,0,False,17,0,0,0,0,0,36,0,1828,0,0,0,0,0.0,0,6,28,22,40,False,0
Trey Nyoni,MID,Liverpool,0.0,0,0,0,0,0,0.0,0,396,0.00,0.00,0.00,0.00,355,0,0,0.0,0.0,2026-05-09T11:30:00Z,0,False,7,0,0,0,0,0,36,0,38677,0,0,1,1,0.0,0,-128,260,388,43,True,0
Conor McManus,DEF,Brentford,0.0,0,0,0,0,0,0.0,0,824,0.00,0.00,0.00,0.00,356,0,0,0.0,0.0,2026-05-09T16:30:00Z,0,False,13,0,0,0,0,0,36,0,557,0,0,0,3,0.0,0,5,29,24,40,False,0
Nilson Angulo,MID,Sunderland,0.0,0,0,4,0,0,10.8,0,813,0.01,0.01,0.00,0.27,358,0,0,1.5,2.2,2026-05-09T14:00:00Z,11,False,14,0,0,0,0,0,36,0,523,0,0,0,0,2.0,1,-3,14,17,50,True,0
Angel Gomes,MID,Wolves,0.0,0,0,1,0,0,0.6,0,816,0.01,0.05,0.04,0.00,351,0,0,0.4,0.0,2026-05-09T14:00:00Z,1,False,6,0,0,0,0,0,36,0,1872,0,0,0,3,5.0,1,200,373,173,46,False,0
Saheed Olagunju,DEF,Wolves,0.0,0,0,0,0,0,0.0,0,766,0.00,0.00,0.00,0.00,351,0,0,0.0,0.0,2026-05-09T14:00:00Z,0,False,6,0,0,0,0,0,36,0,4866,0,0,0,3,0.0,0,235,417,182,40,False,0
Ladislav Krejcí,DEF,Wolves,0.0,0,0,0,0,0,0.0,0,709,0.00,0.00,0.00,0.00,351,0,0,0.0,0.0,2026-05-09T14:00:00Z,0,False,6,0,0,0,0,0,36,0,7703,0,0,0,3,0.0,0,-283,132,415,45,False,0
Malo Gusto,DEF,Chelsea,0.0,0,0,7,0,2,3.4,4,228,0.02,0.02,0.00,0.56,355,1,0,1.6,5.0,2026-05-09T11:30:00Z,90,False,12,0,0,0,7,0,36,0,239344,1,2,1,1,8.0,2,-16082,1310,17392,48,False,0
Riley Owen,MID,Brentford,0.0,0,0,0,0,0,0.0,0,826,0.00,0.00,0.00,0.00,356,0,0,0.0,0.0,2026-05-09T16:30:00Z,0,False,13,0,0,0,0,0,36,0,201,0,0,0,3,0.0,0,36,62,26,45,False,0
Jérémy Doku,MID,Man City,0.0,0,3,55,1,2,83.5,6,418,0.46,0.62,0.16,0.12,356,0,1,22.0,65.4,2026-05-09T16:30:00Z,89,False,5,0,0,0,2,0,36,0,654821,1,2,0,3,71.0,11,287884,291256,3372,65,True,0
Jérémy Doku,MID,Man City,0.0,0,0,1,0,0,13.1,0,418,0.03,0.15,0.12,0.27,307,0,0,2.3,2.6,2026-05-13T19:00:00Z,32,False,8,0,0,0,0,0,36,0,654821,0,0,0,3,7.0,1,287884,291256,3372,65,True,0
Triston Rowe,DEF,Aston Villa,0.0,0,0,0,0,0,0.0,0,701,0.00,0.00,0.00,0.00,352,0,0,0.0,0.0,2026-05-10T13:00:00Z,0,False,3,0,0,0,0,0,36,0,8878,0,0,2,2,0.0,0,-15,0,15,40,False,0
Luis Guilherme Lira dos Santos,MID,West Ham,0.0,0,0,0,0,0,0.0,0,619,0.00,0.00,0.00,0.00,360,0,0,0.0,0.0,2026-05-10T15:30:00Z,0,False,1,0,0,0,0,0,36,0,2448,0,0,1,0,0.0,0,-8,0,8,49,True,0
Sebastiaan Bornauw,DEF,Leeds,0.0,0,0,8,0,4,0.4,5,345,0.00,0.00,0.00,0.40,359,0,0,0.9,9.0,2026-05-11T19:00:00Z,34,False,18,0,0,0,3,0,36,0,16698,0,1,1,1,0.0,1,-208,163,371,38,False,0
Kendry Páez Andrade,MID,Chelsea,0.0,0,0,0,0,0,0.0,0,248,0.00,0.00,0.00,0.00,355,0,0,0.0,0.0,2026-05-09T11:30:00Z,0,False,12,0,0,0,0,0,36,0,553,0,0,1,1,0.0,0,-1,0,1,45,False,0
Asher Agbinone,MID,Crystal Palace,0.0,0,0,0,0,0,0.0,0,274,0.00,0.00,0.00,0.00,353,0,0,0.0,0.0,2026-05-10T13:00:00Z,0,False,9,0,0,0,0,0,36,0,12050,0,0,2,2,0.0,0,-70,258,328,43,True,0
Asher Agbinone,MID,Crystal Palace,0.0,0,0,0,0,0,0.0,0,274,0.00,0.00,0.00,0.00,307,0,0,0.0,0.0,2026-05-13T19:00:00Z,0,False,13,0,0,0,0,0,36,0,12050,0,0,0,3,0.0,0,-70,258,328,43,False,0
Matz Sels,GK,Nott'm Forest,0.0,0,0,19,0,0,0.0,0,502,0.00,0.00,0.00,1.48,357,1,0,3.9,38.6,2026-05-10T13:00:00Z,90,False,15,0,0,0,9,0,36,5,652060,1,0,1,1,0.0,3,7890,12437,4547,46,True,0
Álex Jiménez Sánchez,DEF,Bournemouth,0.0,0,0,0,0,0,0.0,0,713,0.00,0.00,0.00,0.00,354,0,0,0.0,0.0,2026-05-09T14:00:00Z,0,False,10,0,0,0,0,0,36,0,25455,0,0,1,0,0.0,0,-4394,624,5018,45,False,0
Marko Stamenić,MID,Nott'm Forest,0.0,0,0,0,0,0,0.0,0,524,0.00,0.00,0.00,0.00,357,0,0,0.0,0.0,2026-05-10T13:00:00Z,0,False,15,0,0,0,0,0,36,0,2137,0,0,1,1,0.0,0,-7,0,7,45,True,0
Nathan Fraser,FWD,Wolves,0.0,0,0,0,0,0,0.0,0,658,0.00,0.00,0.00,0.00,351,0,0,0.0,0.0,2026-05-09T14:00:00Z,0,False,6,0,0,0,0,0,36,0,231335,0,0,0,3,0.0,0,-1599,1269,2868,42,False,0
Evan Ferguson,FWD,Brighton,0.0,0,0,0,0,0,0.0,0,179,0.00,0.00,0.00,0.00,351,0,0,0.0,0.0,2026-05-09T14:00:00Z,0,False,20,0,0,0,0,0,36,0,963,0,0,0,3,0.0,0,0,0,0,55,True,0
Idrissa Gana Gueye,MID,Everton,0.0,0,0,0,0,0,0.0,0,302,0.00,0.00,0.00,0.00,353,0,0,0.0,0.0,2026-05-10T13:00:00Z,0,False,8,0,0,0,0,0,36,0,14729,0,0,2,2,0.0,0,-1168,124,1292,54,False,0
Justin Devenny,MID,Crystal Palace,0.0,0,0,0,0,0,0.0,0,276,0.00,0.00,0.00,0.00,353,0,0,0.0,0.0,2026-05-10T13:00:00Z,0,False,9,0,0,0,0,0,36,0,151264,0,0,2,2,0.0,0,6999,9771,2772,43,True,0
Justin Devenny,MID,Crystal Palace,0.0,0,0,0,0,0,0.0,0,276,0.00,0.00,0.00,0.00,307,0,0,0.0,0.0,2026-05-13T19:00:00Z,0,False,13,0,0,0,0,0,36,0,151264,0,0,0,3,0.0,0,6999,9771,2772,43,False,0
Karl Darlow,GK,Leeds,0.0,0,0,7,0,3,0.0,0,341,0.00,0.00,0.00,1.27,359,1,0,1.2,12.4,2026-05-11T19:00:00Z,90,False,18,0,0,0,4,0,36,1,872002,1,0,1,1,0.0,2,-7770,14855,22625,40,False,0
Junior Kroupi,FWD,Bournemouth,0.0,0,0,-1,1,1,1.5,2,100,0.00,0.05,0.05,0.99,354,0,0,0.0,0.0,2026-05-09T14:00:00Z,78,False,10,0,0,0,1,0,36,0,837166,1,0,1,0,1.0,2,84019,104328,20309,46,False,0
Habib Diarra,MID,Sunderland,0.0,0,0,0,0,0,0.0,0,544,0.00,0.00,0.00,0.00,358,0,0,0.0,0.0,2026-05-09T14:00:00Z,0,False,14,0,0,0,0,0,36,0,16169,0,0,0,0,0.0,0,-4101,167,4268,53,True,0
Luis Sinisterra Lucumí,MID,Bournemouth,0.0,0,0,0,0,0,0.0,0,91,0.00,0.00,0.00,0.00,354,0,0,0.0,0.0,2026-05-09T14:00:00Z,0,False,10,0,0,0,0,0,36,0,1251,0,0,1,0,0.0,0,0,0,0,50,False,0
Antonín Kinský,GK,Spurs,0.0,0,0,12,0,1,0.0,0,567,0.00,0.00,0.00,1.34,359,1,0,2.9,28.8,2026-05-11T19:00:00Z,90,False,11,0,0,0,4,0,36,3,230404,1,0,1,1,0.0,3,9594,11882,2288,39,True,0
Jakub Kiwior,DEF,Arsenal,0.0,0,0,0,0,0,0.0,0,9,0.00,0.00,0.00,0.00,360,0,0,0.0,0.0,2026-05-10T15:30:00Z,0,False,19,0,0,0,0,0,36,0,6113,0,0,1,0,0.0,0,-5,0,5,54,False,0
Fábio Soares Silva,FWD,Wolves,0.0,0,0,0,0,0,0.0,0,655,0.00,0.00,0.00,0.00,351,0,0,0.0,0.0,2026-05-09T14:00:00Z,0,False,6,0,0,0,0,0,36,0,21280,0,0,0,3,0.0,0,-25,0,25,49,False,0
Đorđe Petrović,GK,Bournemouth,0.0,0,0,26,1,0,0.0,0,67,0.00,0.00,0.00,1.33,354,0,0,1.5,15.2,2026-05-09T14:00:00Z,90,False,10,0,0,0,9,0,36,2,673475,1,0,1,0,0.0,6,-6681,10567,17248,46,False,0
Kim Ji-soo,DEF,Brentford,0.0,0,0,0,0,0,0.0,0,117,0.00,0.00,0.00,0.00,356,0,0,0.0,0.0,2026-05-09T16:30:00Z,0,False,13,0,0,0,0,0,36,0,9990,0,0,0,3,0.0,0,-23,0,23,39,False,0
Alphonse Areola,GK,West Ham,0.0,0,0,0,0,0,0.0,0,600,0.00,0.00,0.00,0.00,360,0,0,0.0,0.0,2026-05-10T15:30:00Z,0,False,1,0,0,0,0,0,36,0,246534,0,0,1,0,0.0,0,-2955,942,3897,42,True,0
Gabriel dos Santos Magalhães,DEF,Arsenal,0.0,0,3,32,1,11,1.2,12,5,0.01,0.31,0.30,1.15,360,0,0,4.8,30.6,2026-05-10T15:30:00Z,90,False,19,0,0,0,3,0,36,0,5900073,1,1,1,0,16.0,11,73102,116094,42992,72,False,0
Jamaldeen Jimoh-Aloba,MID,Aston Villa,0.0,0,0,0,0,0,0.0,0,62,0.00,0.00,0.00,0.00,352,0,0,0.0,0.0,2026-05-10T13:00:00Z,0,False,3,0,0,0,0,0,36,0,7328,0,0,2,2,0.0,0,-53,0,53,45,False,0
George Brierley,MID,Burnley,0.0,0,0,0,0,0,0.0,0,784,0.00,0.00,0.00,0.00,352,0,0,0.0,0.0,2026-05-10T13:00:00Z,0,False,2,0,0,0,0,0,36,0,461,0,0,2,2,0.0,0,3,17,14,45,True,0
Armando Broja,FWD,Burnley,0.0,0,0,0,0,0,0.0,0,680,0.00,0.00,0.00,0.00,352,0,0,0.0,0.0,2026-05-10T13:00:00Z,0,False,2,0,0,0,0,0,36,0,19120,0,0,2,2,0.0,0,-138,94,232,52,True,0
Benoît Badiashile Mukinayi,DEF,Chelsea,0.0,0,0,0,0,0,0.0,0,229,0.00,0.00,0.00,0.00,355,0,0,0.0,0.0,2026-05-09T11:30:00Z,0,False,12,0,0,0,0,0,36,0,3841,0,0,1,1,0.0,0,-28,29,57,44,False,0
Reigan Heskey,MID,Man City,0.0,0,0,0,0,0,0.0,0,764,0.00,0.00,0.00,0.00,356,0,0,0.0,0.0,2026-05-09T16:30:00Z,0,False,5,0,0,0,0,0,36,0,498,0,0,0,3,0.0,0,-4,11,15,45,True,0
Reigan Heskey,MID,Man City,0.0,0,0,0,0,0,0.0,0,764,0.00,0.00,0.00,0.00,307,0,0,0.0,0.0,2026-05-13T19:00:00Z,0,False,8,0,0,0,0,0,36,0,498,0,0,0,3,0.0,0,-4,11,15,45,True,0
Divine Mukasa,MID,Man City,0.0,0,0,0,0,0,0.0,0,739,0.00,0.00,0.00,0.00,356,0,0,0.0,0.0,2026-05-09T16:30:00Z,0,False,5,0,0,0,0,0,36,0,2323,0,0,0,3,0.0,0,-9,0,9,44,True,0
Divine Mukasa,MID,Man City,0.0,0,0,0,0,0,0.0,0,739,0.00,0.00,0.00,0.00,307,0,0,0.0,0.0,2026-05-13T19:00:00Z,0,False,8,0,0,0,0,0,36,0,2323,0,0,0,3,0.0,0,-9,0,9,44,True,0
Aarón Anselmino,DEF,Chelsea,0.0,0,0,0,0,0,0.0,0,234,0.00,0.00,0.00,0.00,355,0,0,0.0,0.0,2026-05-09T11:30:00Z,0,False,12,0,0,0,0,0,36,0,6870,0,0,1,1,0.0,0,-9,0,9,40,False,0
Jean-Ricner Bellegarde,MID,Wolves,0.0,0,0,11,0,1,25.3,1,644,0.06,0.06,0.00,0.47,351,1,0,3.4,8.8,2026-05-09T14:00:00Z,23,False,6,0,0,0,0,0,36,0,5981,0,0,0,3,0.0,1,-296,66,362,51,False,0
Luke Harris,MID,Fulham,0.0,0,0,0,0,0,0.0,0,334,0.00,0.00,0.00,0.00,354,0,0,0.0,0.0,2026-05-09T14:00:00Z,0,False,4,0,0,0,0,0,36,0,179,0,0,1,0,0.0,0,0,0,0,45,True,0
Ola Aina,DEF,Nott'm Forest,0.0,0,0,0,0,0,0.0,0,507,0.00,0.00,0.00,0.00,357,0,0,0.0,0.0,2026-05-10T13:00:00Z,0,False,15,0,0,0,0,0,36,0,292441,0,0,1,1,0.0,0,-16252,82,16334,47,True,0
Dominik Szoboszlai,MID,Liverpool,0.0,0,0,15,0,1,54.3,3,387,0.17,0.33,0.16,0.50,355,1,0,8.5,8.8,2026-05-09T11:30:00Z,90,False,7,0,0,0,2,0,36,0,1695366,1,0,1,1,22.0,2,89099,152141,63042,70,True,0
Arnaud Kalimuendo,FWD,Nott'm Forest,0.0,0,0,0,0,0,0.0,0,696,0.00,0.00,0.00,0.00,357,0,0,0.0,0.0,2026-05-10T13:00:00Z,0,False,15,0,0,0,0,0,36,0,14820,0,0,1,1,0.0,0,-25,0,25,60,True,0
Freddie Simmonds,DEF,Brighton,0.0,0,0,0,0,0,0.0,0,761,0.00,0.00,0.00,0.00,351,0,0,0.0,0.0,2026-05-09T14:00:00Z,0,False,20,0,0,0,0,0,36,0,2594,0,0,0,3,0.0,0,0,58,58,40,True,0
Marcus Bettinelli,GK,Man City,0.0,0,0,0,0,0,0.0,0,401,0.00,0.00,0.00,0.00,356,0,0,0.0,0.0,2026-05-09T16:30:00Z,0,False,5,0,0,0,0,0,36,0,45512,0,0,0,3,0.0,0,-3170,485,3655,38,True,0
Marcus Bettinelli,GK,Man City,0.0,0,0,0,0,0,0.0,0,401,0.00,0.00,0.00,0.00,307,0,0,0.0,0.0,2026-05-13T19:00:00Z,0,False,8,0,0,0,0,0,36,0,45512,0,0,0,3,0.0,0,-3170,485,3655,38,True,0
Tomáš Souček,MID,West Ham,0.0,0,0,9,0,2,1.4,5,613,0.01,0.01,0.00,1.18,360,1,0,0.8,4.2,2026-05-10T15:30:00Z,90,False,1,0,0,0,2,0,36,0,45481,1,1,1,0,2.0,2,-3098,1756,4854,57,True,0
Jack Grealish,MID,Everton,0.0,0,0,0,0,0,0.0,0,419,0.00,0.00,0.00,0.00,353,0,0,0.0,0.0,2026-05-10T13:00:00Z,0,False,8,0,0,0,0,0,36,0,735542,0,0,2,2,0.0,0,-2624,33,2657,63,False,0
Ilia Gruev,MID,Leeds,0.0,0,0,0,0,0,0.0,0,356,0.00,0.00,0.00,0.00,359,0,0,0.0,0.0,2026-05-11T19:00:00Z,0,False,18,0,0,0,0,0,36,0,10700,0,0,1,1,0.0,0,-1062,19,1081,47,False,0
Kadan Young,MID,Aston Villa,0.0,0,0,0,0,0,0.0,0,63,0.00,0.00,0.00,0.00,352,0,0,0.0,0.0,2026-05-10T13:00:00Z,0,False,3,0,0,0,0,0,36,0,63057,0,0,2,2,0.0,0,-724,0,724,43,False,0
Endo Wataru,MID,Liverpool,0.0,0,0,0,0,0,0.0,0,392,0.00,0.00,0.00,0.00,355,0,0,0.0,0.0,2026-05-09T11:30:00Z,0,False,7,0,0,0,0,0,36,0,10632,0,0,1,1,0.0,0,-14,10,24,49,True,0
Samuel Chukwueze,MID,Fulham,0.0,0,0,5,0,0,5.3,1,727,0.02,0.02,0.00,0.44,354,1,0,0.4,0.0,2026-05-09T14:00:00Z,61,False,4,0,0,0,1,0,36,0,10365,1,0,1,0,2.0,2,-87,462,549,53,True,0
Oliver Pimlott,MID,Burnley,0.0,0,0,0,0,0,0.0,0,776,0.00,0.00,0.00,0.00,352,0,0,0.0,0.0,2026-05-10T13:00:00Z,0,False,2,0,0,0,0,0,36,0,559,0,0,2,2,0.0,0,5,20,15,45,True,0
Mats Wieffer,MID,Brighton,0.0,0,0,0,0,0,0.0,0,173,0.00,0.00,0.00,0.00,351,0,0,0.0,0.0,2026-05-09T14:00:00Z,0,False,20,0,0,0,0,0,36,0,50326,0,0,0,3,0.0,0,-19956,861,20817,49,True,0
İlkay Gündoğan,MID,Man City,0.0,0,0,0,0,0,0.0,0,420,0.00,0.00,0.00,0.00,356,0,0,0.0,0.0,2026-05-09T16:30:00Z,0,False,5,0,0,0,0,0,36,0,7793,0,0,0,3,0.0,0,-6,0,6,63,True,0
İlkay Gündoğan,MID,Man City,0.0,0,0,0,0,0,0.0,0,420,0.00,0.00,0.00,0.00,307,0,0,0.0,0.0,2026-05-13T19:00:00Z,0,False,8,0,0,0,0,0,36,0,7793,0,0,0,3,0.0,0,-6,0,6,63,True,0
Pedro Porro Sauceda,DEF,Spurs,0.0,0,0,13,0,5,52.7,9,568,0.39,0.47,0.08,1.34,359,1,0,8.9,31.6,2026-05-11T19:00:00Z,90,False,11,0,0,0,7,0,36,0,1410608,1,4,1,1,5.0,1,19522,35289,15767,52,True,1
Daichi Kamada,MID,Crystal Palace,0.0,0,0,20,0,0,37.6,6,271,0.68,0.72,0.04,1.59,353,2,0,5.3,12.4,2026-05-10T13:00:00Z,90,False,9,0,0,0,4,0,36,0,14592,1,2,2,2,3.0,2,3327,3550,223,50,True,0
Daichi Kamada,MID,Crystal Palace,0.0,0,0,-1,0,0,0.0,2,271,0.00,0.03,0.03,0.60,307,1,0,0.7,0.0,2026-05-13T19:00:00Z,15,False,13,0,0,0,1,0,36,0,14592,0,1,0,3,7.0,0,3327,3550,223,50,False,1
Tyrique George,MID,Everton,0.0,0,0,8,0,1,10.3,2,243,0.01,0.01,0.00,0.53,353,0,0,1.6,5.2,2026-05-10T13:00:00Z,10,False,8,0,0,0,1,0,36,0,8504,0,0,2,2,0.0,1,-28,76,104,48,False,0
Alysson Edward Franco da Rocha dos Santos,MID,Aston Villa,0.0,0,0,0,0,0,0.0,0,792,0.00,0.00,0.00,0.00,352,0,0,0.0,0.0,2026-05-10T13:00:00Z,0,False,3,0,0,0,0,0,36,0,662,0,0,2,2,0.0,0,5,20,15,50,False,0
Andy Irving,MID,West Ham,0.0,0,0,0,0,0,0.0,0,621,0.00,0.00,0.00,0.00,360,0,0,0.0,0.0,2026-05-10T15:30:00Z,0,False,1,0,0,0,0,0,36,0,25891,0,0,1,0,0.0,0,-182,0,182,43,True,0
Nick Pope,GK,Newcastle,0.0,0,0,17,0,0,0.0,0,469,0.00,0.00,0.00,1.10,357,1,0,4.0,39.8,2026-05-10T13:00:00Z,90,False,16,0,0,0,4,0,36,5,554454,1,0,1,1,0.0,3,-2134,3907,6041,50,False,0
Karl Hein,GK,Arsenal,0.0,0,0,0,0,0,0.0,0,3,0.00,0.00,0.00,0.00,360,0,0,0.0,0.0,2026-05-10T15:30:00Z,0,False,19,0,0,0,0,0,36,0,25713,0,0,1,0,0.0,0,-71,0,71,40,False,0
Ki-Jana Hoever,DEF,Wolves,0.0,0,0,0,0,0,0.0,0,638,0.00,0.00,0.00,0.00,351,0,0,0.0,0.0,2026-05-09T14:00:00Z,0,False,6,0,0,0,0,0,36,0,113251,0,0,0,3,0.0,0,-1158,0,1158,38,False,0
Fer López González,MID,Wolves,0.0,0,0,0,0,0,0.0,0,645,0.00,0.00,0.00,0.00,351,0,0,0.0,0.0,2026-05-09T14:00:00Z,0,False,6,0,0,0,0,0,36,0,3423,0,0,0,3,0.0,0,-10,0,10,51,False,0
Daniel James,MID,Leeds,0.0,0,0,7,0,4,14.8,4,353,0.09,0.12,0.03,1.07,359,1,0,2.5,8.8,2026-05-11T19:00:00Z,62,False,18,0,0,0,0,0,36,0,13124,1,0,1,1,1.0,2,0,110,110,52,False,0
Christopher Nkunku,MID,Chelsea,0.0,0,0,0,0,0,0.0,0,240,0.00,0.00,0.00,0.00,355,0,0,0.0,0.0,2026-05-09T11:30:00Z,0,False,12,0,0,0,0,0,36,0,10230,0,0,1,1,0.0,0,-6,0,6,59,False,0
Abdoullah Ba,MID,Sunderland,0.0,0,0,0,0,0,0.0,0,554,0.00,0.00,0.00,0.00,358,0,0,0.0,0.0,2026-05-09T14:00:00Z,0,False,14,0,0,0,0,0,36,0,40395,0,0,0,0,0.0,0,-188,294,482,43,True,0
Mike Trésor Ndayishimiye,MID,Burnley,0.0,0,0,0,0,0,0.0,0,214,0.00,0.00,0.00,0.00,352,0,0,0.0,0.0,2026-05-10T13:00:00Z,0,False,2,0,0,0,0,0,36,0,11206,0,0,2,2,0.0,0,1249,1619,370,43,True,0
Joshua Stephenson,DEF,Brentford,0.0,0,0,0,0,0,0.0,0,823,0.00,0.00,0.00,0.00,356,0,0,0.0,0.0,2026-05-09T16:30:00Z,0,False,13,0,0,0,0,0,36,0,506,0,0,0,3,0.0,0,1,18,17,40,False,0
Ryan Kavuma-McQueen,MID,Chelsea,0.0,0,0,0,0,0,0.0,0,834,0.00,0.00,0.00,0.00,355,0,0,0.0,0.0,2026-05-09T11:30:00Z,0,False,12,0,0,0,0,0,36,0,0,0,0,1,1,0.0,0,0,0,0,45,False,0
Matthew Cox,GK,Brentford,0.0,0,0,0,0,0,0.0,0,103,0.00,0.00,0.00,0.00,356,0,0,0.0,0.0,2026-05-09T16:30:00Z,0,False,13,0,0,0,0,0,36,0,16666,0,0,0,3,0.0,0,-161,0,161,39,False,0
Darko Gyabi,MID,Leeds,0.0,0,0,0,0,0,0.0,0,361,0.00,0.00,0.00,0.00,359,0,0,0.0,0.0,2026-05-11T19:00:00Z,0,False,18,0,0,0,0,0,36,0,2996,0,0,1,1,0.0,0,-2,0,2,45,False,0
Michael Obafemi,FWD,Burnley,0.0,0,0,0,0,0,0.0,0,219,0.00,0.00,0.00,0.00,352,0,0,0.0,0.0,2026-05-10T13:00:00Z,0,False,2,0,0,0,0,0,36,0,13673,0,0,2,2,0.0,0,-27,0,27,44,True,0
Dwight McNeil,MID,Everton,0.0,0,0,0,0,0,0.0,0,300,0.00,0.00,0.00,0.00,353,0,0,0.0,0.0,2026-05-10T13:00:00Z,0,False,8,0,0,0,0,0,36,0,19106,0,0,2,2,0.0,0,-338,187,525,55,False,0
Jacob Ramsey,MID,Newcastle,0.0,1,0,19,0,0,14.5,4,52,0.25,0.30,0.05,0.52,357,1,0,3.7,20.4,2026-05-10T13:00:00Z,29,False,16,0,0,0,3,0,36,0,30414,0,1,1,1,2.0,4,-676,210,886,53,False,0
Veljko Milosavljevic,DEF,Bournemouth,0.0,0,0,0,0,0,0.0,0,721,0.00,0.00,0.00,0.00,354,0,0,0.0,0.0,2026-05-09T14:00:00Z,0,False,10,0,0,0,0,0,36,0,3929,0,0,1,0,0.0,0,3,33,30,44,False,0
Tom Edozie,MID,Wolves,0.0,0,0,0,0,0,0.0,0,651,0.00,0.00,0.00,0.00,351,0,0,0.0,0.0,2026-05-09T14:00:00Z,0,False,6,0,0,0,0,0,36,0,48445,0,0,0,3,0.0,0,-571,318,889,43,False,0
Coby Ebere,MID,Everton,0.0,0,0,0,0,0,0.0,0,307,0.00,0.00,0.00,0.00,353,0,0,0.0,0.0,2026-05-10T13:00:00Z,0,False,8,0,0,0,0,0,36,0,5829,0,0,2,2,0.0,0,-2,75,77,44,False,0
Diego Coppola,DEF,Brighton,0.0,0,0,0,0,0,0.0,0,144,0.00,0.00,0.00,0.00,351,0,0,0.0,0.0,2026-05-09T14:00:00Z,0,False,20,0,0,0,0,0,36,0,5656,0,0,0,3,0.0,0,-23,0,23,42,True,0
Lukasz Fabianski,GK,West Ham,0.0,0,0,0,0,0,0.0,0,738,0.00,0.00,0.00,0.00,360,0,0,0.0,0.0,2026-05-10T15:30:00Z,0,False,1,0,0,0,0,0,36,0,4917,0,0,1,0,0.0,0,67,197,130,45,True,0
Amadou Onana,MID,Aston Villa,0.0,0,0,0,0,0,0.0,0,59,0.00,0.00,0.00,0.00,352,0,0,0.0,0.0,2026-05-10T13:00:00Z,0,False,3,0,0,0,0,0,36,0,82365,0,0,2,2,0.0,0,-4237,17,4254,48,False,0
Giorgi Mamardashvili,GK,Liverpool,0.0,0,0,13,0,1,0.0,0,367,0.00,0.00,0.00,0.50,355,1,0,2.2,21.6,2026-05-09T11:30:00Z,90,False,7,0,0,0,11,0,36,2,77933,1,1,1,1,0.0,2,-3941,388,4329,41,True,0
Leon Bailey,MID,Aston Villa,0.0,0,0,5,0,0,21.0,3,49,0.02,0.02,0.00,0.15,352,0,0,2.7,6.4,2026-05-10T13:00:00Z,5,False,3,0,0,0,2,0,36,0,13980,0,1,2,2,0.0,1,-17,294,311,55,False,0
Federico Chiesa,MID,Liverpool,0.0,0,0,2,0,0,0.0,1,385,0.00,0.00,0.00,0.00,355,0,0,0.0,0.0,2026-05-09T11:30:00Z,13,False,7,0,0,0,1,0,36,0,35604,0,0,1,1,0.0,1,-42,118,160,63,True,0
Ethan Sutherland,MID,Wolves,0.0,0,0,0,0,0,0.0,0,778,0.00,0.00,0.00,0.00,351,0,0,0.0,0.0,2026-05-09T14:00:00Z,0,False,6,0,0,0,0,0,36,0,1168,0,0,0,3,0.0,0,3,89,86,45,False,0
Ryan Sessegnon,MID,Fulham,0.0,0,0,0,0,0,0.0,0,328,0.00,0.00,0.00,0.00,354,0,0,0.0,0.0,2026-05-09T14:00:00Z,0,False,4,0,0,0,0,0,36,0,19333,0,0,1,0,0.0,0,-997,38,1035,54,True,0
John Stones,DEF,Man City,0.0,0,0,0,0,0,0.0,0,409,0.00,0.00,0.00,0.00,356,0,0,0.0,0.0,2026-05-09T16:30:00Z,0,False,5,0,0,0,0,0,36,0,74264,0,0,0,3,0.0,0,156,362,206,54,True,0
John Stones,DEF,Man City,0.0,0,0,3,0,1,1.3,1,409,0.00,0.00,0.00,0.15,307,0,0,0.7,5.6,2026-05-13T19:00:00Z,8,False,8,0,0,0,0,0,36,0,74264,0,0,0,3,0.0,1,156,362,206,54,True,0
Isaac Heath,MID,Everton,0.0,0,0,0,0,0,0.0,0,308,0.00,0.00,0.00,0.00,353,0,0,0.0,0.0,2026-05-10T13:00:00Z,0,False,8,0,0,0,0,0,36,0,2009,0,0,2,2,0.0,0,-3,0,3,45,False,0
Chris Rigg,MID,Sunderland,0.0,0,0,0,0,0,0.0,0,551,0.00,0.00,0.00,0.00,358,0,0,0.0,0.0,2026-05-09T14:00:00Z,0,False,14,0,0,0,0,0,36,0,8862,0,0,0,0,0.0,0,-832,218,1050,47,True,0
Luke O'Nien,DEF,Sunderland,0.0,0,0,0,0,0,0.0,0,539,0.00,0.00,0.00,0.00,358,0,0,0.0,0.0,2026-05-09T14:00:00Z,0,False,14,0,0,0,0,0,36,0,11509,0,0,0,0,0.0,0,-363,210,573,40,True,0
Axel Tuanzebe,DEF,Burnley,0.0,0,0,2,0,9,0.3,10,198,0.00,0.00,0.00,1.44,352,2,0,1.7,17.0,2026-05-10T13:00:00Z,90,False,2,0,0,0,2,0,36,0,113478,1,1,2,2,0.0,3,-571,150,721,39,True,0
Teddy Sharman-Lowe,GK,Chelsea,0.0,0,0,0,0,0,0.0,0,803,0.00,0.00,0.00,0.00,355,0,0,0.0,0.0,2026-05-09T11:30:00Z,0,False,12,0,0,0,0,0,36,0,827,0,0,1,1,0.0,0,21,35,14,40,False,0
Séamus Coleman,DEF,Everton,0.0,0,0,0,0,0,0.0,0,294,0.00,0.00,0.00,0.00,353,0,0,0.0,0.0,2026-05-10T13:00:00Z,0,False,8,0,0,0,0,0,36,0,12711,0,0,2,2,0.0,0,14,102,88,42,False,0
Carlos Alcaraz Durán,MID,Everton,0.0,0,0,3,0,1,0.0,1,301,0.00,0.04,0.04,0.03,353,0,0,0.7,5.0,2026-05-10T13:00:00Z,1,False,8,0,0,0,0,0,36,0,10006,0,0,2,2,2.0,1,-12,31,43,52,False,0
Jeremy Sarmiento Morante,MID,Brighton,0.0,0,0,0,0,0,0.0,0,171,0.00,0.00,0.00,0.00,351,0,0,0.0,0.0,2026-05-09T14:00:00Z,0,False,20,0,0,0,0,0,36,0,1923,0,0,0,3,0.0,0,0,0,0,49,True,0
Matt Turner,GK,Nott'm Forest,0.0,0,0,0,0,0,0.0,0,504,0.00,0.00,0.00,0.00,357,0,0,0.0,0.0,2026-05-10T13:00:00Z,0,False,15,0,0,0,0,0,36,0,9845,0,0,1,1,0.0,0,-35,0,35,40,True,0
Djiamgone Jocelin Ta Bi,MID,Sunderland,0.0,0,0,0,0,0,0.0,0,800,0.00,0.00,0.00,0.00,358,0,0,0.0,0.0,2026-05-09T14:00:00Z,0,False,14,0,0,0,0,0,36,0,115,0,0,0,0,0.0,0,4,11,7,49,True,0
Ethan Wheatley,FWD,Man Utd,0.0,0,0,0,0,0,0.0,0,468,0.00,0.00,0.00,0.00,358,0,0,0.0,0.0,2026-05-09T14:00:00Z,0,False,17,0,0,0,0,0,36,0,10684,0,0,0,0,0.0,0,-19,0,19,45,False,0
Roman Dixon,DEF,Everton,0.0,0,0,0,0,0,0.0,0,297,0.00,0.00,0.00,0.00,353,0,0,0.0,0.0,2026-05-10T13:00:00Z,0,False,8,0,0,0,0,0,36,0,20133,0,0,2,2,0.0,0,-93,0,93,38,False,0
Archie Whitehall,MID,Nott'm Forest,0.0,0,0,0,0,0,0.0,0,835,0.00,0.00,0.00,0.00,357,0,0,0.0,0.0,2026-05-10T13:00:00Z,0,False,15,0,0,0,0,0,36,0,0,0,0,1,1,0.0,0,0,0,0,45,True,0
Merlin Röhl,MID,Everton,0.0,0,0,2,0,2,14.0,5,728,0.08,0.08,0.00,2.04,353,2,0,2.5,2.8,2026-05-10T13:00:00Z,79,False,8,0,0,0,2,0,36,0,2247,1,1,2,2,8.0,2,125,162,37,50,False,0
Charlie Tasker,DEF,Brighton,0.0,0,0,0,0,0,0.0,0,156,0.00,0.00,0.00,0.00,351,0,0,0.0,0.0,2026-05-09T14:00:00Z,0,False,20,0,0,0,0,0,36,0,20312,0,0,0,3,0.0,0,40,226,186,38,True,0
Charlie Gray,MID,Man City,0.0,0,0,0,0,0,0.0,0,763,0.00,0.00,0.00,0.00,356,0,0,0.0,0.0,2026-05-09T16:30:00Z,0,False,5,0,0,0,0,0,36,0,666,0,0,0,3,0.0,0,-1,19,20,45,True,0
Charlie Gray,MID,Man City,0.0,0,0,0,0,0,0.0,0,763,0.00,0.00,0.00,0.00,307,0,0,0.0,0.0,2026-05-13T19:00:00Z,0,False,8,0,0,0,0,0,36,0,666,0,0,0,3,0.0,0,-1,19,20,45,True,0
Yoane Wissa,FWD,Newcastle,0.0,0,0,-1,0,0,0.5,0,135,0.01,0.01,0.00,0.52,357,1,0,0.3,0.0,2026-05-10T13:00:00Z,19,False,16,0,0,0,0,0,36,0,75765,0,0,1,1,2.0,1,87,1101,1014,73,False,0
Marc Guéhi,DEF,Man City,0.0,0,1,33,1,11,1.4,13,260,0.01,0.01,0.00,0.24,356,0,0,3.2,30.8,2026-05-09T16:30:00Z,90,False,5,0,0,0,4,0,36,0,4273442,1,2,0,3,0.0,9,5161,92997,87836,51,True,0
Marc Guéhi,DEF,Man City,0.0,0,0,24,1,2,10.5,3,260,0.08,0.23,0.15,0.68,307,0,0,3.0,12.4,2026-05-13T19:00:00Z,90,False,8,0,0,0,2,0,36,0,4273442,1,1,0,3,7.0,6,5161,92997,87836,51,True,0
Josh Cullen,MID,Burnley,0.0,0,0,0,0,0,0.0,0,205,0.00,0.00,0.00,0.00,352,0,0,0.0,0.0,2026-05-10T13:00:00Z,0,False,2,0,0,0,0,0,36,0,102173,0,0,2,2,0.0,0,-523,45,568,49,True,0
Erling Haaland,FWD,Man City,0.0,1,2,39,1,0,21.5,1,430,0.09,1.31,1.22,0.24,356,0,1,18.7,59.2,2026-05-09T16:30:00Z,90,False,5,0,0,0,1,0,36,0,8441708,1,0,0,3,106.0,11,394067,402161,8094,147,True,0
Erling Haaland,FWD,Man City,0.0,0,0,0,0,0,0.0,0,430,0.00,0.00,0.00,0.00,307,0,0,0.0,0.0,2026-05-13T19:00:00Z,0,False,8,0,0,0,0,0,36,0,8441708,0,0,0,3,0.0,0,394067,402161,8094,147,True,0
Djed Spence,DEF,Spurs,0.0,0,0,3,0,0,0.4,0,573,0.00,0.00,0.00,0.25,359,0,0,0.3,0.4,2026-05-11T19:00:00Z,5,False,11,0,0,0,1,0,36,0,117748,0,0,1,1,2.0,1,-32,1228,1260,41,True,0
Julian Eyestone,GK,Brentford,0.0,0,0,0,0,0,0.0,0,104,0.00,0.00,0.00,0.00,356,0,0,0.0,0.0,2026-05-09T16:30:00Z,0,False,13,0,0,0,0,0,36,0,13514,0,0,0,3,0.0,0,-104,57,161,39,False,0
Ármin Pécsi,GK,Liverpool,0.0,0,0,0,0,0,0.0,0,368,0.00,0.00,0.00,0.00,355,0,0,0.0,0.0,2026-05-09T11:30:00Z,0,False,7,0,0,0,0,0,36,0,115595,0,0,1,1,0.0,0,863,3825,2962,38,True,0
Anton Stach,MID,Leeds,0.0,0,0,9,0,2,17.0,8,660,0.04,0.08,0.04,1.27,359,1,0,3.0,10.2,2026-05-11T19:00:00Z,90,False,18,0,0,0,3,0,36,0,256796,1,3,1,1,3.0,2,29220,36926,7706,48,False,0
Jefferson Lerma Solís,MID,Crystal Palace,0.0,0,0,5,0,0,1.6,2,272,0.01,0.04,0.03,0.33,353,0,0,0.6,2.4,2026-05-10T13:00:00Z,10,False,9,0,0,0,1,0,36,0,14827,0,1,2,2,2.0,1,4473,4887,414,49,True,0
Jefferson Lerma Solís,MID,Crystal Palace,0.0,0,0,14,0,3,1.8,11,272,0.00,0.00,0.00,1.56,307,3,0,1.8,15.8,2026-05-13T19:00:00Z,90,False,13,0,0,0,3,0,36,0,14827,1,5,0,3,0.0,2,4473,4887,414,49,False,0
Jordan Beyer,DEF,Burnley,0.0,0,0,0,0,0,0.0,0,194,0.00,0.00,0.00,0.00,352,0,0,0.0,0.0,2026-05-10T13:00:00Z,0,False,2,0,0,0,0,0,36,0,7481,0,0,2,2,0.0,0,-18,23,41,39,True,0
Jayden Danns,FWD,Liverpool,0.0,0,0,0,0,0,0.0,0,398,0.00,0.00,0.00,0.00,355,0,0,0.0,0.0,2026-05-09T11:30:00Z,0,False,7,0,0,0,0,0,36,0,13310,0,0,1,1,0.0,0,17,98,81,43,True,0
Rio Ngumoha,MID,Liverpool,0.0,1,1,21,0,2,11.4,7,686,0.06,0.06,0.00,0.40,355,1,0,4.2,22.4,2026-05-09T11:30:00Z,66,False,7,0,0,0,5,0,36,0,149994,1,0,1,1,8.0,6,8857,17070,8213,43,True,0
Brandon Austin,GK,Spurs,0.0,0,0,0,0,0,0.0,0,566,0.00,0.00,0.00,0.00,359,0,0,0.0,0.0,2026-05-11T19:00:00Z,0,False,11,0,0,0,0,0,36,0,37082,0,0,1,1,0.0,0,-25,230,255,39,True,0
Zain Silcott-Duberry,MID,Bournemouth,0.0,0,0,0,0,0,0.0,0,95,0.00,0.00,0.00,0.00,354,0,0,0.0,0.0,2026-05-09T14:00:00Z,0,False,10,0,0,0,0,0,36,0,6655,0,0,1,0,0.0,0,-16,0,16,44,False,0
Alfie Brooks,GK,Wolves,0.0,0,0,0,0,0,0.0,0,828,0.00,0.00,0.00,0.00,351,0,0,0.0,0.0,2026-05-09T14:00:00Z,0,False,6,0,0,0,0,0,36,0,697,0,0,0,3,0.0,0,85,145,60,40,False,0
Sepp van den Berg,DEF,Brentford,0.0,0,0,0,0,0,0.0,0,113,0.00,0.00,0.00,0.00,356,0,0,0.0,0.0,2026-05-09T16:30:00Z,0,False,13,0,0,0,0,0,36,0,145107,0,0,0,3,0.0,0,-14617,1281,15898,45,False,0
Dominic Calvert-Lewin,FWD,Leeds,0.0,0,1,17,0,2,15.2,4,691,0.01,0.83,0.82,1.27,359,1,1,6.8,33.0,2026-05-11T19:00:00Z,90,False,18,0,0,0,2,0,36,0,1671749,1,0,1,1,20.0,7,-58791,74313,133104,58,False,0
Aaron Wan-Bissaka,DEF,West Ham,0.0,0,0,9,0,4,13.4,5,610,0.05,0.05,0.00,1.18,360,1,0,2.3,9.6,2026-05-10T15:30:00Z,90,False,1,0,0,0,4,0,36,0,562388,1,1,1,0,0.0,2,-9481,996,10477,41,True,0
Enzo Le Fée,MID,Sunderland,0.0,0,0,19,1,1,51.9,8,547,0.35,0.61,0.26,0.62,358,0,0,8.1,16.4,2026-05-09T14:00:00Z,90,False,14,0,0,0,5,0,36,0,193070,1,2,0,0,13.0,3,-22119,7245,29364,48,True,0
David Ozoh,MID,Crystal Palace,0.0,0,0,0,0,0,0.0,0,280,0.00,0.00,0.00,0.00,353,0,0,0.0,0.0,2026-05-10T13:00:00Z,0,False,9,0,0,0,0,0,36,0,146,0,0,2,2,0.0,0,-1,0,1,45,True,0
David Ozoh,MID,Crystal Palace,0.0,0,0,0,0,0,0.0,0,280,0.00,0.00,0.00,0.00,307,0,0,0.0,0.0,2026-05-13T19:00:00Z,0,False,13,0,0,0,0,0,36,0,146,0,0,0,3,0.0,0,-1,0,1,45,False,0
Mark Gillespie,GK,Newcastle,0.0,0,0,0,0,0,0.0,0,471,0.00,0.00,0.00,0.00,357,0,0,0.0,0.0,2026-05-10T13:00:00Z,0,False,16,0,0,0,0,0,36,0,16733,0,0,1,1,0.0,0,-25,93,118,39,False,0
Ben Casey,FWD,Crystal Palace,0.0,0,0,0,0,0,0.0,0,780,0.00,0.00,0.00,0.00,353,0,0,0.0,0.0,2026-05-10T13:00:00Z,0,False,9,0,0,0,0,0,36,0,3823,0,0,2,2,0.0,0,70,187,117,45,True,0
Ben Casey,FWD,Crystal Palace,0.0,0,0,0,0,0,0.0,0,780,0.00,0.00,0.00,0.00,307,0,0,0.0,0.0,2026-05-13T19:00:00Z,0,False,13,0,0,0,0,0,36,0,3823,0,0,0,3,0.0,0,70,187,117,45,False,0
Ethan Ampadu,MID,Leeds,0.0,1,3,28,0,5,4.3,13,354,0.02,0.02,0.00,1.27,359,1,0,2.3,16.4,2026-05-11T19:00:00Z,90,False,18,0,0,0,5,0,36,0,72795,1,3,1,1,2.0,10,-9002,3695,12697,49,False,0
Lino da Cruz Sousa,DEF,Aston Villa,0.0,0,0,0,0,0,0.0,0,45,0.00,0.00,0.00,0.00,352,0,0,0.0,0.0,2026-05-10T13:00:00Z,0,False,3,0,0,0,0,0,36,0,32195,0,0,2,2,0.0,0,-253,0,253,38,False,0
Nicolò Savona,DEF,Nott'm Forest,0.0,0,0,0,0,0,0.0,0,716,0.00,0.00,0.00,0.00,357,0,0,0.0,0.0,2026-05-10T13:00:00Z,0,False,15,0,0,0,0,0,36,0,6440,0,0,1,1,0.0,0,-72,14,86,45,True,0
Harrison Reed,MID,Fulham,0.0,0,0,0,0,0,0.0,0,336,0.00,0.00,0.00,0.00,354,0,0,0.0,0.0,2026-05-09T14:00:00Z,0,False,4,0,0,0,0,0,36,0,42061,0,0,1,0,0.0,0,110,1332,1222,43,True,0
Vitalii Mykolenko,DEF,Everton,0.0,0,0,-2,0,4,15.9,4,292,0.07,0.07,0.00,2.56,353,2,0,2.7,9.4,2026-05-10T13:00:00Z,90,False,8,0,0,0,0,0,36,0,83176,1,0,2,2,2.0,0,-1722,1887,3609,49,False,1
Matt Targett,DEF,Newcastle,0.0,0,0,0,0,0,0.0,0,484,0.00,0.00,0.00,0.00,357,0,0,0.0,0.0,2026-05-10T13:00:00Z,0,False,16,0,0,0,0,0,36,0,17851,0,0,1,1,0.0,0,-40,0,40,40,False,0
Frank Onyeka,MID,Brentford,0.0,0,0,0,0,0,0.0,0,128,0.00,0.00,0.00,0.00,356,0,0,0.0,0.0,2026-05-09T16:30:00Z,0,False,13,0,0,0,0,0,36,0,5273,0,0,0,3,0.0,0,-10,0,10,48,False,0
Tijjani Reijnders,MID,Man City,0.0,0,0,3,0,1,2.4,5,427,0.03,0.14,0.11,0.12,356,0,0,1.0,0.6,2026-05-09T16:30:00Z,59,False,5,0,0,0,4,0,36,0,1174991,1,0,0,3,7.0,1,-6717,1375,8092,50,True,0
Tijjani Reijnders,MID,Man City,0.0,0,0,0,0,0,0.0,0,427,0.00,0.00,0.00,0.00,307,0,0,0.0,0.0,2026-05-13T19:00:00Z,0,False,8,0,0,0,0,0,36,0,1174991,0,0,0,3,0.0,0,-6717,1375,8092,50,True,0
Igor Julio dos Santos de Paulo,DEF,Brighton,0.0,0,0,0,0,0,0.0,0,149,0.00,0.00,0.00,0.00,351,0,0,0.0,0.0,2026-05-09T14:00:00Z,0,False,20,0,0,0,0,0,36,0,10996,0,0,0,3,0.0,0,6,191,185,45,True,0
Will Wright,FWD,Liverpool,0.0,0,0,0,0,0,0.0,0,830,0.00,0.00,0.00,0.00,355,0,0,0.0,0.0,2026-05-09T11:30:00Z,0,False,7,0,0,0,0,0,36,0,449,0,0,1,1,0.0,0,165,203,38,45,True,0
Gabriel Słonina,GK,Chelsea,0.0,0,0,0,0,0,0.0,0,223,0.00,0.00,0.00,0.00,355,0,0,0.0,0.0,2026-05-09T11:30:00Z,0,False,12,0,0,0,0,0,36,0,13766,0,0,1,1,0.0,0,32,107,75,39,False,0
Manuel Akanji,DEF,Man City,0.0,0,0,0,0,0,0.0,0,404,0.00,0.00,0.00,0.00,356,0,0,0.0,0.0,2026-05-09T16:30:00Z,0,False,5,0,0,0,0,0,36,0,33010,0,0,0,3,0.0,0,-31,0,31,54,True,0
Manuel Akanji,DEF,Man City,0.0,0,0,0,0,0,0.0,0,404,0.00,0.00,0.00,0.00,307,0,0,0.0,0.0,2026-05-13T19:00:00Z,0,False,8,0,0,0,0,0,36,0,33010,0,0,0,3,0.0,0,-31,0,31,54,True,0
Bryan Mbeumo,MID,Man Utd,0.0,0,0,4,0,0,0.3,0,119,0.00,0.03,0.03,0.05,358,0,0,0.6,1.0,2026-05-09T14:00:00Z,15,False,17,0,0,0,0,0,36,0,1998382,0,0,0,0,5.0,1,-108173,23361,131534,83,False,0
Reece Welch,DEF,Everton,0.0,0,0,0,0,0,0.0,0,298,0.00,0.00,0.00,0.00,353,0,0,0.0,0.0,2026-05-10T13:00:00Z,0,False,8,0,0,0,0,0,36,0,18892,0,0,2,2,0.0,0,-14,112,126,38,False,0
Tyler Dibling,MID,Everton,0.0,0,0,0,0,0,0.0,0,707,0.00,0.00,0.00,0.00,353,0,0,0.0,0.0,2026-05-10T13:00:00Z,0,False,8,0,0,0,0,0,36,0,3860,0,0,2,2,0.0,0,-8,36,44,53,False,0
Lewis Cook,MID,Bournemouth,0.0,0,0,0,0,0,0.0,0,88,0.00,0.00,0.00,0.00,354,0,0,0.0,0.0,2026-05-09T14:00:00Z,0,False,10,0,0,0,0,0,36,0,4366,0,0,1,0,0.0,0,-43,24,67,49,False,0
Tyler Adams,MID,Bournemouth,0.0,0,0,8,0,6,12.7,9,85,0.00,0.00,0.00,0.76,354,0,0,3.5,20.0,2026-05-09T14:00:00Z,47,False,10,0,0,0,2,0,36,0,35434,0,1,1,0,2.0,1,558,815,257,49,False,0
Jamaal Lascelles,DEF,Newcastle,0.0,0,0,0,0,0,0.0,0,480,0.00,0.00,0.00,0.00,357,0,0,0.0,0.0,2026-05-10T13:00:00Z,0,False,16,0,0,0,0,0,36,0,6097,0,0,1,1,0.0,0,-12,0,12,43,False,0
Andrés García,DEF,Aston Villa,0.0,0,0,0,0,0,0.0,0,42,0.00,0.00,0.00,0.00,352,0,0,0.0,0.0,2026-05-10T13:00:00Z,0,False,3,0,0,0,0,0,36,0,26628,0,0,2,2,0.0,0,-49,206,255,39,False,0
Youri Tielemans,MID,Aston Villa,0.0,0,0,19,0,2,7.1,12,48,0.08,0.15,0.07,1.79,352,2,0,3.9,22.0,2026-05-10T13:00:00Z,90,False,3,0,0,0,8,0,36,0,86812,1,2,2,2,10.0,4,544,1777,1233,59,False,0
Will Lankshear,FWD,Spurs,0.0,0,0,0,0,0,0.0,0,598,0.00,0.00,0.00,0.00,359,0,0,0.0,0.0,2026-05-11T19:00:00Z,0,False,11,0,0,0,0,0,36,0,2732,0,0,1,1,0.0,0,-6,0,6,45,True,0
Iwan Morgan,FWD,Brentford,0.0,0,0,0,0,0,0.0,0,137,0.00,0.00,0.00,0.00,356,0,0,0.0,0.0,2026-05-09T16:30:00Z,0,False,13,0,0,0,0,0,36,0,37285,0,0,0,3,0.0,0,-125,0,125,44,False,0
Victor Lindelöf,DEF,Aston Villa,0.0,0,0,2,0,1,2.3,1,719,0.01,0.01,0.00,1.63,352,2,0,0.5,2.8,2026-05-10T13:00:00Z,73,False,3,0,0,0,0,0,36,0,13223,1,0,2,2,0.0,1,42,284,242,45,False,0
Pierre Ekwah Elimby,MID,Sunderland,0.0,0,0,0,0,0,0.0,0,556,0.00,0.00,0.00,0.00,358,0,0,0.0,0.0,2026-05-09T14:00:00Z,0,False,14,0,0,0,0,0,36,0,647,0,0,0,0,0.0,0,0,0,0,45,True,0
Crysencio Summerville,MID,West Ham,0.0,0,0,6,0,1,0.7,6,615,0.00,0.07,0.07,1.18,360,1,0,1.6,7.6,2026-05-10T15:30:00Z,90,False,1,0,0,0,3,0,36,0,164553,1,2,1,0,8.0,1,-23137,2593,25730,54,True,1
Kian McMahon-Brown,MID,Burnley,0.0,0,0,0,0,0,0.0,0,820,0.00,0.00,0.00,0.00,352,0,0,0.0,0.0,2026-05-10T13:00:00Z,0,False,2,0,0,0,0,0,36,0,247,0,0,2,2,0.0,0,13,30,17,45,True,0
Philip Billing,MID,Bournemouth,0.0,0,0,0,0,0,0.0,0,89,0.00,0.00,0.00,0.00,354,0,0,0.0,0.0,2026-05-09T14:00:00Z,0,False,10,0,0,0,0,0,36,0,2724,0,0,1,0,0.0,0,-3,0,3,49,False,0
Cristhian Mosquera,DEF,Arsenal,0.0,0,0,1,0,1,13.1,2,662,0.03,0.03,0.00,1.01,360,0,0,2.0,4.4,2026-05-10T15:30:00Z,45,False,19,0,0,0,3,0,36,0,21931,0,1,1,0,2.0,0,-476,445,921,53,False,1
Ethan Nwaneri,MID,Arsenal,0.0,0,0,0,0,0,0.0,0,25,0.00,0.00,0.00,0.00,360,0,0,0.0,0.0,2026-05-10T15:30:00Z,0,False,19,0,0,0,0,0,36,0,14675,0,0,1,0,0.0,0,-38,0,38,50,False,0
Bryan Gil Salvatierra,MID,Spurs,0.0,0,0,0,0,0,0.0,0,590,0.00,0.00,0.00,0.00,359,0,0,0.0,0.0,2026-05-11T19:00:00Z,0,False,11,0,0,0,0,0,36,0,3387,0,0,1,1,0.0,0,-3,0,3,49,True,0
Callum Olusesi,MID,Spurs,0.0,0,0,0,0,0,0.0,0,595,0.00,0.00,0.00,0.00,359,0,0,0.0,0.0,2026-05-11T19:00:00Z,0,False,11,0,0,0,0,0,36,0,26638,0,0,1,1,0.0,0,-1,227,228,43,True,0
Elyh Harrison,GK,Man Utd,0.0,0,0,0,0,0,0.0,0,433,0.00,0.00,0.00,0.00,358,0,0,0.0,0.0,2026-05-09T14:00:00Z,0,False,17,0,0,0,0,0,36,0,192,0,0,0,0,0.0,0,-1,0,1,40,False,0
Ellery Balcombe,GK,Brentford,0.0,0,0,0,0,0,0.0,0,102,0.00,0.00,0.00,0.00,356,0,0,0.0,0.0,2026-05-09T16:30:00Z,0,False,13,0,0,0,0,0,36,0,32658,0,0,0,3,0.0,0,-137,103,240,39,False,0
Gustavo Nunes Fernandes Gomes,MID,Brentford,0.0,0,0,0,0,0,0.0,0,127,0.00,0.00,0.00,0.00,356,0,0,0.0,0.0,2026-05-09T16:30:00Z,0,False,13,0,0,0,0,0,36,0,1630,0,0,0,3,0.0,0,-6,0,6,49,False,0
Boubacar Traoré,MID,Wolves,0.0,0,0,0,0,0,0.0,0,649,0.00,0.00,0.00,0.00,351,0,0,0.0,0.0,2026-05-09T14:00:00Z,0,False,6,0,0,0,0,0,36,0,119,0,0,0,3,0.0,0,0,0,0,50,False,0
Luka Vušković,DEF,Spurs,0.0,0,0,0,0,0,0.0,0,578,0.00,0.00,0.00,0.00,359,0,0,0.0,0.0,2026-05-11T19:00:00Z,0,False,11,0,0,0,0,0,36,0,39910,0,0,1,1,0.0,0,-97,0,97,39,True,0
Mateus Gonçalo Espanha Fernandes,MID,West Ham,0.0,0,0,13,0,1,23.8,9,708,0.13,0.69,0.56,1.18,360,1,0,7.7,18.6,2026-05-10T15:30:00Z,90,False,1,0,0,0,4,0,36,0,48276,1,4,1,0,35.0,2,-6066,1512,7578,55,True,0
Kenny Tete,DEF,Fulham,0.0,0,0,0,0,0,0.0,0,322,0.00,0.00,0.00,0.00,354,0,0,0.0,0.0,2026-05-09T14:00:00Z,0,False,4,0,0,0,0,0,36,0,28141,0,0,1,0,0.0,0,-943,89,1032,45,True,0
Landon Emenalo,MID,Chelsea,0.0,0,0,0,0,0,0.0,0,743,0.00,0.00,0.00,0.00,355,0,0,0.0,0.0,2026-05-09T11:30:00Z,0,False,12,0,0,0,0,0,36,0,1645,0,0,1,1,0.0,0,-5,19,24,45,False,0
Dilane Bakwa,MID,Nott'm Forest,0.0,0,0,9,1,0,16.4,2,734,0.01,0.05,0.04,0.96,357,0,0,3.0,5.0,2026-05-10T13:00:00Z,63,False,15,0,0,0,2,0,36,0,3359,1,0,1,1,9.0,3,362,437,75,59,True,0
Matt O'Riley,MID,Brighton,0.0,0,0,0,0,0,0.0,0,164,0.00,0.00,0.00,0.00,351,0,0,0.0,0.0,2026-05-09T14:00:00Z,0,False,20,0,0,0,0,0,36,0,44511,0,0,0,3,0.0,0,56,220,164,55,True,0
Senne Lammens,GK,Man Utd,0.0,0,2,33,1,0,0.0,0,733,0.00,0.00,0.00,1.25,358,0,0,3.5,35.4,2026-05-09T14:00:00Z,90,False,17,0,0,0,6,0,36,4,420941,1,0,0,0,0.0,9,11835,22309,10474,51,False,0
Dean Benamar,DEF,Crystal Palace,0.0,0,0,0,0,0,0.0,0,773,0.00,0.00,0.00,0.00,353,0,0,0.0,0.0,2026-05-10T13:00:00Z,0,False,9,0,0,0,0,0,36,0,2376,0,0,2,2,0.0,0,15,42,27,40,True,0
Dean Benamar,DEF,Crystal Palace,0.0,0,0,0,0,0,0.0,0,773,0.00,0.00,0.00,0.00,307,0,0,0.0,0.0,2026-05-13T19:00:00Z,0,False,13,0,0,0,0,0,36,0,2376,0,0,0,3,0.0,0,15,42,27,40,False,0
Carl Rushworth,GK,Brighton,0.0,0,0,0,0,0,0.0,0,141,0.00,0.00,0.00,0.00,351,0,0,0.0,0.0,2026-05-09T14:00:00Z,0,False,20,0,0,0,0,0,36,0,241,0,0,0,3,0.0,0,-1,0,1,40,True,0
Walter Benítez,GK,Crystal Palace,0.0,0,0,0,0,0,0.0,0,254,0.00,0.00,0.00,0.00,353,0,0,0.0,0.0,2026-05-10T13:00:00Z,0,False,9,0,0,0,0,0,36,0,42305,0,0,2,2,0.0,0,-291,344,635,39,True,0
Walter Benítez,GK,Crystal Palace,0.0,0,0,0,0,0,0.0,0,254,0.00,0.00,0.00,0.00,307,0,0,0.0,0.0,2026-05-13T19:00:00Z,0,False,13,0,0,0,0,0,36,0,42305,0,0,0,3,0.0,0,-291,344,635,39,False,0
John Ruddy,GK,Newcastle,0.0,0,0,0,0,0,0.0,0,753,0.00,0.00,0.00,0.00,357,0,0,0.0,0.0,2026-05-10T13:00:00Z,0,False,16,0,0,0,0,0,36,0,2672,0,0,1,1,0.0,0,-4,44,48,40,False,0
Ibrahim Sangaré,MID,Nott'm Forest,0.0,0,0,0,0,0,0.0,0,521,0.00,0.00,0.00,0.00,357,0,0,0.0,0.0,2026-05-10T13:00:00Z,0,False,15,0,0,0,0,0,36,0,8488,0,0,1,1,0.0,0,-574,11,585,49,True,0
Zak Johnson,DEF,Sunderland,0.0,0,0,0,0,0,0.0,0,538,0.00,0.00,0.00,0.00,358,0,0,0.0,0.0,2026-05-09T14:00:00Z,0,False,14,0,0,0,0,0,36,0,25132,0,0,0,0,0.0,0,-183,0,183,38,True,0
Brennan Johnson,MID,Crystal Palace,0.0,0,0,8,0,2,26.3,4,580,0.15,0.15,0.00,1.26,353,2,0,3.7,8.8,2026-05-10T13:00:00Z,79,False,9,0,0,0,1,0,36,0,320034,1,1,2,2,2.0,2,15213,16751,1538,65,True,0
Brennan Johnson,MID,Crystal Palace,0.0,0,0,9,0,1,14.5,5,580,0.04,0.04,0.00,0.96,307,2,0,2.2,7.2,2026-05-13T19:00:00Z,74,False,13,0,0,0,2,0,36,0,320034,1,2,0,3,0.0,2,15213,16751,1538,65,False,0
Dominic Sadi,MID,Bournemouth,0.0,0,0,0,0,0,0.0,0,94,0.00,0.00,0.00,0.00,354,0,0,0.0,0.0,2026-05-09T14:00:00Z,0,False,10,0,0,0,0,0,36,0,3816,0,0,1,0,0.0,0,-8,0,8,45,False,0
Ian Poveda-Ocampo,MID,Sunderland,0.0,0,0,0,0,0,0.0,0,550,0.00,0.00,0.00,0.00,358,0,0,0.0,0.0,2026-05-09T14:00:00Z,0,False,14,0,0,0,0,0,36,0,3357,0,0,0,0,0.0,0,13,35,22,47,True,0
Rayan Aït-Nouri,DEF,Man City,0.0,0,0,0,0,0,0.0,0,402,0.00,0.00,0.00,0.00,356,0,0,0.0,0.0,2026-05-09T16:30:00Z,0,False,5,0,0,0,0,0,36,0,537897,0,0,0,3,0.0,0,-6620,3841,10461,57,True,0
Rayan Aït-Nouri,DEF,Man City,0.0,0,0,19,1,0,31.6,2,402,0.24,0.29,0.05,0.68,307,0,0,5.5,5.8,2026-05-13T19:00:00Z,90,False,8,0,0,0,2,0,36,0,537897,1,2,0,3,18.0,6,-6620,3841,10461,57,True,0
Carlos Baleba,MID,Brighton,0.0,0,0,19,1,2,1.8,15,167,0.01,0.10,0.09,0.39,351,0,0,1.1,7.8,2026-05-09T14:00:00Z,75,False,20,0,0,0,10,0,36,0,196362,1,3,0,3,1.0,5,4623,7244,2621,45,True,0
James Wright,GK,Aston Villa,0.0,0,0,0,0,0,0.0,0,688,0.00,0.00,0.00,0.00,352,0,0,0.0,0.0,2026-05-10T13:00:00Z,0,False,3,0,0,0,0,0,36,0,76005,0,0,2,2,0.0,0,-257,139,396,39,False,0
Jamie Bynoe-Gittens,MID,Chelsea,0.0,0,0,0,0,0,0.0,0,239,0.00,0.00,0.00,0.00,355,0,0,0.0,0.0,2026-05-09T11:30:00Z,0,False,12,0,0,0,0,0,36,0,12950,0,0,1,1,0.0,0,-26,7,33,60,False,0
Dejan Kulusevski,MID,Spurs,0.0,0,0,0,0,0,0.0,0,583,0.00,0.00,0.00,0.00,359,0,0,0.0,0.0,2026-05-11T19:00:00Z,0,False,11,0,0,0,0,0,36,0,1774,0,0,1,1,0.0,0,9,32,23,64,True,0
Wilfried Gnonto,MID,Leeds,0.0,0,0,7,0,0,11.3,2,351,0.01,0.01,0.00,0.20,359,0,0,1.5,3.6,2026-05-11T19:00:00Z,27,False,18,0,0,0,2,0,36,0,11167,0,0,1,1,0.0,1,-95,104,199,51,False,0
Lisandro Martínez,DEF,Man Utd,0.0,0,0,29,1,4,1.9,6,437,0.02,0.02,0.00,1.25,358,0,0,2.1,18.6,2026-05-09T14:00:00Z,90,False,17,0,0,0,4,0,36,0,53039,1,2,0,0,0.0,6,135,1015,880,48,False,0
El Hadji Malick Diouf,DEF,West Ham,0.0,0,0,8,0,3,15.6,5,603,0.01,0.01,0.00,1.18,360,1,0,2.9,13.8,2026-05-10T15:30:00Z,90,False,1,0,0,0,7,0,36,0,306346,1,2,1,0,0.0,2,-16657,2297,18954,41,True,0
Leon Chiwome,FWD,Wolves,0.0,0,0,0,0,0,0.0,0,657,0.00,0.00,0.00,0.00,351,0,0,0.0,0.0,2026-05-09T14:00:00Z,0,False,6,0,0,0,0,0,36,0,4876,0,0,0,3,0.0,0,221,354,133,44,False,0
João Victor Gomes da Silva,MID,Wolves,0.0,0,0,16,0,2,1.4,15,646,0.00,0.00,0.00,1.62,351,3,0,1.8,17.0,2026-05-09T14:00:00Z,88,False,6,0,0,0,5,0,36,0,38243,1,8,0,3,0.0,4,-7417,909,8326,53,False,0
Jaydon Banel,MID,Burnley,0.0,0,0,0,0,0,0.0,0,213,0.00,0.00,0.00,0.00,352,0,0,0.0,0.0,2026-05-10T13:00:00Z,0,False,2,0,0,0,0,0,36,0,4686,0,0,2,2,0.0,0,-17,0,17,45,True,0
Kjell Scherpen,GK,Brighton,0.0,0,0,0,0,0,0.0,0,142,0.00,0.00,0.00,0.00,351,0,0,0.0,0.0,2026-05-09T14:00:00Z,0,False,20,0,0,0,0,0,36,0,227,0,0,0,3,0.0,0,-1,0,1,40,True,0
Levi Samuels Colwill,DEF,Chelsea,0.0,0,0,14,0,10,1.7,11,227,0.01,0.01,0.00,0.56,355,1,0,2.9,27.0,2026-05-09T11:30:00Z,90,False,12,0,0,0,1,0,36,0,13858,1,1,1,1,0.0,4,386,434,48,47,False,0
Shea Lacey,MID,Man Utd,0.0,0,0,0,0,0,0.0,0,755,0.00,0.00,0.00,0.00,358,0,0,0.0,0.0,2026-05-09T14:00:00Z,0,False,17,0,0,0,0,0,36,0,1634,0,0,0,0,0.0,0,32,87,55,45,False,0
Harvey Elliott,MID,Aston Villa,0.0,0,0,0,0,0,0.0,0,389,0.00,0.00,0.00,0.00,352,0,0,0.0,0.0,2026-05-10T13:00:00Z,0,False,3,0,0,0,0,0,36,0,21745,0,0,2,2,0.0,0,46,162,116,51,False,0
Olivier Boscagli,DEF,Brighton,0.0,0,0,0,0,0,0.0,0,143,0.00,0.00,0.00,0.00,351,0,0,0.0,0.0,2026-05-09T14:00:00Z,0,False,20,0,0,0,0,0,36,0,22195,0,0,0,3,0.0,0,2386,3388,1002,42,True,0
Takai Kōta,DEF,Spurs,0.0,0,0,0,0,0,0.0,0,577,0.00,0.00,0.00,0.00,359,0,0,0.0,0.0,2026-05-11T19:00:00Z,0,False,11,0,0,0,0,0,36,0,5562,0,0,1,1,0.0,0,-26,0,26,40,True,0
Jeremie Frimpong,DEF,Liverpool,0.0,0,0,5,0,0,6.3,1,370,0.03,0.07,0.04,0.50,355,1,0,4.2,8.2,2026-05-09T11:30:00Z,90,False,7,0,0,0,3,0,36,0,656322,1,1,1,1,27.0,2,-8445,4265,12710,57,True,0
Nehemiah Oriola,MID,Brighton,0.0,0,0,0,0,0,0.0,0,744,0.00,0.00,0.00,0.00,351,0,0,0.0,0.0,2026-05-09T14:00:00Z,0,False,20,0,0,0,0,0,36,0,1966,0,0,0,3,0.0,0,8,76,68,45,True,0
Joe Rodon,DEF,Leeds,0.0,0,0,6,0,6,15.8,8,348,0.06,0.12,0.06,1.27,359,1,0,5.7,23.8,2026-05-11T19:00:00Z,90,False,18,0,0,0,1,0,36,0,378335,1,2,1,1,17.0,1,-2283,8871,11154,39,False,1
Jenson Seelt,DEF,Sunderland,0.0,0,0,0,0,0,0.0,0,542,0.00,0.00,0.00,0.00,358,0,0,0.0,0.0,2026-05-09T14:00:00Z,0,False,14,0,0,0,0,0,36,0,10801,0,0,0,0,0.0,0,-24,0,24,40,True,0
Marshall Munetsi,MID,Wolves,0.0,0,0,0,0,0,0.0,0,648,0.00,0.00,0.00,0.00,351,0,0,0.0,0.0,2026-05-09T14:00:00Z,0,False,6,0,0,0,0,0,36,0,4446,0,0,0,3,0.0,0,-17,0,17,53,False,0
Mateus Mané,FWD,Wolves,0.0,0,0,12,0,0,14.3,2,749,0.35,0.42,0.07,1.15,351,2,0,4.3,9.2,2026-05-09T14:00:00Z,66,False,6,0,0,0,1,0,36,0,163177,1,1,0,3,19.0,2,1134,14193,13059,42,False,0
Rhys Williams,DEF,Liverpool,0.0,0,0,0,0,0,0.0,0,379,0.00,0.00,0.00,0.00,355,0,0,0.0,0.0,2026-05-09T11:30:00Z,0,False,7,0,0,0,0,0,36,0,70151,0,0,1,1,0.0,0,-684,974,1658,37,True,0
Luis Eduardo Soares da Silva,DEF,Nott'm Forest,0.0,0,0,0,0,0,0.0,0,729,0.00,0.00,0.00,0.00,357,0,0,0.0,0.0,2026-05-10T13:00:00Z,0,False,15,0,0,0,0,0,36,0,131,0,0,1,1,0.0,0,-1,0,1,45,True,0
Josh Laurent,MID,Burnley,0.0,0,0,3,0,1,0.9,3,209,0.00,0.00,0.00,0.10,352,0,0,0.3,2.4,2026-05-10T13:00:00Z,11,False,2,0,0,0,1,0,36,0,4778,0,1,2,2,0.0,1,-76,41,117,48,True,0
Diego León Blanco,DEF,Man Utd,0.0,0,0,0,0,0,0.0,0,439,0.00,0.00,0.00,0.00,358,0,0,0.0,0.0,2026-05-09T14:00:00Z,0,False,17,0,0,0,0,0,36,0,7546,0,0,0,0,0.0,0,10,42,32,41,False,0
Romaine Mundle,MID,Sunderland,0.0,0,0,0,0,0,0.0,0,548,0.00,0.00,0.00,0.00,358,0,0,0.0,0.0,2026-05-09T14:00:00Z,0,False,14,0,0,0,0,0,36,0,1042,0,0,0,0,0.0,0,1,17,16,49,True,0
Will Dennis,GK,Bournemouth,0.0,0,0,0,0,0,0.0,0,68,0.00,0.00,0.00,0.00,354,0,0,0.0,0.0,2026-05-09T14:00:00Z,0,False,10,0,0,0,0,0,36,0,90064,0,0,1,0,0.0,0,-586,0,586,40,False,0
Harry Howell,MID,Brighton,0.0,0,0,0,0,0,0.0,0,795,0.00,0.00,0.00,0.00,351,0,0,0.0,0.0,2026-05-09T14:00:00Z,0,False,20,0,0,0,0,0,36,0,847,0,0,0,3,0.0,0,14,54,40,45,True,0
Callum Wilson,FWD,West Ham,0.0,0,0,4,0,0,0.0,1,671,0.00,0.21,0.21,0.00,360,0,0,0.5,0.0,2026-05-10T15:30:00Z,5,False,1,0,0,0,1,0,36,0,66110,0,0,1,0,5.0,1,-910,463,1373,58,True,0
Mathis Eboué,MID,Chelsea,0.0,0,0,0,0,0,0.0,0,833,0.00,0.00,0.00,0.00,355,0,0,0.0,0.0,2026-05-09T11:30:00Z,0,False,12,0,0,0,0,0,36,0,0,0,0,1,1,0.0,0,0,0,0,45,False,0
Ronnie Hollingshead,GK,Aston Villa,0.0,0,0,0,0,0,0.0,0,757,0.00,0.00,0.00,0.00,352,0,0,0.0,0.0,2026-05-10T13:00:00Z,0,False,3,0,0,0,0,0,36,0,2243,0,0,2,2,0.0,0,0,33,33,40,False,0
Vitaly Janelt,MID,Brentford,0.0,0,0,2,0,1,0.6,4,125,0.00,0.00,0.00,1.69,356,2,0,0.1,0.4,2026-05-09T16:30:00Z,29,False,13,0,0,0,3,0,36,0,13006,0,0,0,3,0.0,1,-294,76,370,49,False,0
Douglas Luiz Soares de Paulo,MID,Aston Villa,0.0,0,0,8,0,2,0.4,3,699,0.00,0.03,0.03,0.17,352,0,0,1.5,7.4,2026-05-10T13:00:00Z,10,False,3,0,0,0,0,0,36,0,10534,0,1,2,2,7.0,1,-384,170,554,49,False,0
Marcus Tavernier,MID,Bournemouth,0.0,0,0,11,1,3,28.4,7,84,0.06,0.28,0.22,0.99,354,0,0,7.1,16.0,2026-05-09T14:00:00Z,77,False,10,0,0,0,3,0,36,0,643618,1,1,1,0,27.0,2,-38340,18550,56890,54,False,1
Virgil van Dijk,DEF,Liverpool,0.0,0,0,6,0,5,0.8,5,373,0.01,0.28,0.27,0.50,355,1,0,2.0,11.0,2026-05-09T11:30:00Z,90,False,7,0,0,0,4,0,36,0,4025426,1,0,1,1,8.0,2,-186517,35534,222051,61,True,0
Son Heung-min,MID,Spurs,0.0,0,0,0,0,0,0.0,0,579,0.00,0.00,0.00,0.00,359,0,0,0.0,0.0,2026-05-11T19:00:00Z,0,False,11,0,0,0,0,0,36,0,15147,0,0,1,1,0.0,0,-10,0,10,85,True,0
Axel Disasi,DEF,West Ham,0.0,0,0,6,0,5,0.4,6,815,0.00,0.00,0.00,1.18,360,1,0,1.5,15.0,2026-05-10T15:30:00Z,84,False,1,0,0,0,1,0,36,0,23646,1,1,1,0,0.0,2,-4014,398,4412,45,True,0
Luca Netz,DEF,Nott'm Forest,0.0,0,0,10,0,3,25.0,7,814,0.03,0.03,0.00,1.46,357,1,0,4.3,16.2,2026-05-10T13:00:00Z,82,False,15,0,0,0,4,0,36,0,953,1,4,1,1,2.0,2,100,136,36,45,True,0
Antoñito Cordero Campillo,MID,Newcastle,0.0,0,0,0,0,0,0.0,0,492,0.00,0.00,0.00,0.00,357,0,0,0.0,0.0,2026-05-10T13:00:00Z,0,False,16,0,0,0,0,0,36,0,2657,0,0,1,1,0.0,0,-3,0,3,49,False,0
Callum Marshall,FWD,West Ham,0.0,0,0,0,0,0,0.0,0,626,0.00,0.00,0.00,0.00,360,0,0,0.0,0.0,2026-05-10T15:30:00Z,0,False,1,0,0,0,0,0,36,0,65103,0,0,1,0,0.0,0,-220,0,220,43,True,0
Garang Kuol,MID,Newcastle,0.0,0,0,0,0,0,0.0,0,496,0.00,0.00,0.00,0.00,357,0,0,0.0,0.0,2026-05-10T13:00:00Z,0,False,16,0,0,0,0,0,36,0,4191,0,0,1,1,0.0,0,-6,0,6,44,False,0
Fábio Ferreira Vieira,MID,Arsenal,0.0,0,0,0,0,0,0.0,0,23,0.00,0.00,0.00,0.00,360,0,0,0.0,0.0,2026-05-10T15:30:00Z,0,False,19,0,0,0,0,0,36,0,2446,0,0,1,0,0.0,0,-2,0,2,54,False,0
Jean-Philippe Mateta,FWD,Crystal Palace,0.0,0,0,24,0,0,0.3,0,283,0.00,0.59,0.59,0.38,353,0,1,5.2,31.0,2026-05-10T13:00:00Z,25,False,9,0,0,0,0,0,36,0,1229024,0,0,2,2,21.0,5,215017,234488,19471,76,True,0
Jean-Philippe Mateta,FWD,Crystal Palace,0.0,0,0,4,0,1,11.5,1,283,0.03,0.03,0.00,0.96,307,2,0,1.4,2.6,2026-05-13T19:00:00Z,59,False,13,0,0,0,0,0,36,0,1229024,1,0,0,3,0.0,1,215017,234488,19471,76,False,0
Gabriel Fernando de Jesus,FWD,Arsenal,0.0,0,0,0,0,0,0.0,0,31,0.00,0.00,0.00,0.00,360,0,0,0.0,0.0,2026-05-10T15:30:00Z,0,False,19,0,0,0,0,0,36,0,42184,0,0,1,0,0.0,0,-765,507,1272,64,False,0
Maximilian Kilman,DEF,West Ham,0.0,0,0,0,0,0,0.0,0,605,0.00,0.00,0.00,0.00,360,0,0,0.0,0.0,2026-05-10T15:30:00Z,0,False,1,0,0,0,0,0,36,0,17640,0,0,1,0,0.0,0,-184,55,239,41,True,0
Tawanda Chirewa,MID,Wolves,0.0,0,0,0,0,0,0.0,0,650,0.00,0.00,0.00,0.00,351,0,0,0.0,0.0,2026-05-09T14:00:00Z,0,False,6,0,0,0,0,0,36,0,24896,0,0,0,3,0.0,0,-136,0,136,43,False,0
Elijah Campbell,DEF,Everton,0.0,0,0,0,0,0,0.0,0,705,0.00,0.00,0.00,0.00,353,0,0,0.0,0.0,2026-05-10T13:00:00Z,0,False,8,0,0,0,0,0,36,0,19344,0,0,2,2,0.0,0,-76,0,76,39,False,0
Christantus Uche,FWD,Crystal Palace,0.0,0,0,0,0,0,0.0,0,732,0.00,0.00,0.00,0.00,353,0,0,0.0,0.0,2026-05-10T13:00:00Z,0,False,9,0,0,0,0,0,36,0,7046,0,0,2,2,0.0,0,155,314,159,55,True,0
Christantus Uche,FWD,Crystal Palace,0.0,0,0,0,0,0,0.0,0,732,0.00,0.00,0.00,0.00,307,0,0,0.0,0.0,2026-05-13T19:00:00Z,0,False,13,0,0,0,0,0,36,0,7046,0,0,0,3,0.0,0,155,314,159,55,False,0
Rayan Vitor Simplício Rocha,MID,Bournemouth,0.0,0,1,29,1,2,12.3,8,807,0.01,0.07,0.06,0.99,354,0,1,7.1,34.4,2026-05-09T14:00:00Z,78,False,10,0,0,0,6,0,36,0,189760,1,0,1,0,24.0,9,7779,18871,11092,54,False,0
Harry Maguire,DEF,Man Utd,0.0,0,2,33,1,9,1.1,11,442,0.01,0.01,0.00,1.25,358,0,0,2.2,21.0,2026-05-09T14:00:00Z,90,False,17,0,0,0,3,0,36,0,176444,1,2,0,0,0.0,10,4924,9315,4391,44,False,0
Hjalmar Ekdal,DEF,Burnley,0.0,0,0,0,0,0,0.0,0,190,0.00,0.00,0.00,0.00,352,0,0,0.0,0.0,2026-05-10T13:00:00Z,0,False,2,0,0,0,0,0,36,0,92132,0,0,2,2,0.0,0,477,1764,1287,38,True,0
Mason Mount,MID,Man Utd,0.0,0,0,7,1,6,7.3,14,455,0.05,0.05,0.00,1.25,358,0,0,2.5,17.2,2026-05-09T14:00:00Z,90,False,17,0,0,0,5,0,36,0,36372,1,3,0,0,0.0,4,-10,198,208,59,False,1
Paris Maghoma,MID,Brentford,0.0,0,0,0,0,0,0.0,0,132,0.00,0.00,0.00,0.00,356,0,0,0.0,0.0,2026-05-09T16:30:00Z,0,False,13,0,0,0,0,0,36,0,2543,0,0,0,3,0.0,0,-16,0,16,45,False,0
Jair Paula da Cunha Filho,DEF,Nott'm Forest,0.0,0,0,8,0,6,1.8,9,510,0.01,0.14,0.13,1.48,357,1,0,3.7,17.8,2026-05-10T13:00:00Z,90,False,15,0,0,0,4,0,36,0,7995,1,3,1,1,17.0,2,64,106,42,42,True,0
Freddie Potts,MID,West Ham,0.0,0,0,0,0,0,0.0,0,623,0.00,0.00,0.00,0.00,360,0,0,0.0,0.0,2026-05-10T15:30:00Z,0,False,1,0,0,0,0,0,36,0,67929,0,0,1,0,0.0,0,175,1521,1346,43,True,0
Joško Gvardiol,DEF,Man City,0.0,0,0,0,0,0,0.0,0,403,0.00,0.00,0.00,0.00,356,0,0,0.0,0.0,2026-05-09T16:30:00Z,0,False,5,0,0,0,0,0,36,0,415962,0,0,0,3,0.0,0,-1369,180,1549,58,True,0
Joško Gvardiol,DEF,Man City,0.0,0,0,9,0,3,4.3,3,403,0.06,0.12,0.06,0.41,307,0,0,4.0,10.4,2026-05-13T19:00:00Z,57,False,8,0,0,0,0,0,36,0,415962,1,0,0,3,25.0,1,-1369,180,1549,58,True,0
Matthijs de Ligt,DEF,Man Utd,0.0,0,0,0,0,0,0.0,0,436,0.00,0.00,0.00,0.00,358,0,0,0.0,0.0,2026-05-09T14:00:00Z,0,False,17,0,0,0,0,0,36,0,232438,0,0,0,0,0.0,0,-539,29,568,49,False,0
Matheus França de Oliveira,MID,Crystal Palace,0.0,0,0,0,0,0,0.0,0,279,0.00,0.00,0.00,0.00,353,0,0,0.0,0.0,2026-05-10T13:00:00Z,0,False,9,0,0,0,0,0,36,0,761,0,0,2,2,0.0,0,0,0,0,45,True,0
Matheus França de Oliveira,MID,Crystal Palace,0.0,0,0,0,0,0,0.0,0,279,0.00,0.00,0.00,0.00,307,0,0,0.0,0.0,2026-05-13T19:00:00Z,0,False,13,0,0,0,0,0,36,0,761,0,0,0,3,0.0,0,0,0,0,45,False,0
Nick Woltemade,FWD,Newcastle,0.0,0,0,12,1,0,21.8,4,714,0.08,0.08,0.00,0.58,357,0,0,3.1,5.2,2026-05-10T13:00:00Z,60,False,16,0,0,0,4,0,36,0,838633,1,0,1,1,4.0,2,-12164,2036,14200,67,False,0
Airidas Golambeckis,DEF,West Ham,0.0,0,0,0,0,0,0.0,0,752,0.00,0.00,0.00,0.00,360,0,0,0.0,0.0,2026-05-10T15:30:00Z,0,False,1,0,0,0,0,0,36,0,4417,0,0,1,0,0.0,0,20,111,91,40,True,0
Lucas Bergvall,MID,Spurs,0.0,0,0,3,0,0,0.7,0,586,0.00,0.05,0.05,0.27,359,0,0,0.6,0.0,2026-05-11T19:00:00Z,9,False,11,0,0,0,0,0,36,0,23383,0,0,1,1,6.0,1,-180,168,348,52,True,0
Mikel Merino Zazón,MID,Arsenal,0.0,0,0,0,0,0,0.0,0,22,0.00,0.00,0.00,0.00,360,0,0,0.0,0.0,2026-05-10T15:30:00Z,0,False,19,0,0,0,0,0,36,0,98168,0,0,1,0,0.0,0,-578,20,598,53,False,0
Braiden Graham,FWD,Everton,0.0,0,0,0,0,0,0.0,0,779,0.00,0.00,0.00,0.00,353,0,0,0.0,0.0,2026-05-10T13:00:00Z,0,False,8,0,0,0,0,0,36,0,5258,0,0,2,2,0.0,0,35,213,178,45,False,0
Odsonne Édouard,FWD,Crystal Palace,0.0,0,0,0,0,0,0.0,0,285,0.00,0.00,0.00,0.00,353,0,0,0.0,0.0,2026-05-10T13:00:00Z,0,False,9,0,0,0,0,0,36,0,26448,0,0,2,2,0.0,0,-22,0,22,50,True,0
Odsonne Édouard,FWD,Crystal Palace,0.0,0,0,0,0,0,0.0,0,285,0.00,0.00,0.00,0.00,307,0,0,0.0,0.0,2026-05-13T19:00:00Z,0,False,13,0,0,0,0,0,36,0,26448,0,0,0,3,0.0,0,-22,0,22,50,False,0
Joe Knight,MID,Brighton,0.0,0,0,0,0,0,0.0,0,175,0.00,0.00,0.00,0.00,351,0,0,0.0,0.0,2026-05-09T14:00:00Z,0,False,20,0,0,0,0,0,36,0,8588,0,0,0,3,0.0,0,-46,0,46,44,True,0
Zépiqueno Redmond,FWD,Aston Villa,0.0,0,0,0,0,0,0.0,0,65,0.00,0.00,0.00,0.00,352,0,0,0.0,0.0,2026-05-10T13:00:00Z,0,False,3,0,0,0,0,0,36,0,37066,0,0,2,2,0.0,0,-65,0,65,45,False,0
Matheus Santos Carneiro da Cunha,MID,Man Utd,0.0,0,0,14,1,1,17.5,7,450,0.12,0.45,0.33,1.25,358,0,0,6.6,8.4,2026-05-09T14:00:00Z,90,False,17,0,0,0,4,0,36,0,1063133,1,2,0,0,40.0,2,21315,71659,50344,81,False,1
Max Merrick,GK,Chelsea,0.0,0,0,0,0,0,0.0,0,789,0.00,0.00,0.00,0.00,355,0,0,0.0,0.0,2026-05-09T11:30:00Z,0,False,12,0,0,0,0,0,36,0,1192,0,0,1,1,0.0,0,13,26,13,40,False,0
Chemsdine Talbi,MID,Sunderland,0.0,0,0,0,1,1,3.4,5,553,0.04,0.09,0.05,0.35,358,0,0,1.2,1.6,2026-05-09T14:00:00Z,78,False,14,0,0,0,3,0,36,0,20616,1,1,0,0,7.0,3,-339,263,602,49,True,0
Zach Abbott,DEF,Nott'm Forest,0.0,0,0,0,0,0,0.0,0,513,0.00,0.00,0.00,0.00,357,0,0,0.0,0.0,2026-05-10T13:00:00Z,0,False,15,0,0,0,0,0,36,0,32386,0,0,1,1,0.0,0,-529,62,591,38,True,0
Mykhailo Mudryk,MID,Chelsea,0.0,0,0,0,0,0,0.0,0,245,0.00,0.00,0.00,0.00,355,0,0,0.0,0.0,2026-05-09T11:30:00Z,0,False,12,0,0,0,0,0,36,0,1209,0,0,1,1,0.0,0,23,36,13,49,False,0
Emile Smith Rowe,MID,Fulham,0.0,0,0,5,0,1,1.5,5,325,0.00,0.09,0.09,0.14,354,0,0,1.3,2.0,2026-05-09T14:00:00Z,45,False,4,0,0,0,2,0,36,0,65495,1,2,1,0,9.0,1,-37,1543,1580,56,True,0
Yves Bissouma,MID,Spurs,0.0,0,0,0,0,0,0.0,0,587,0.00,0.00,0.00,0.00,359,0,0,0.0,0.0,2026-05-11T19:00:00Z,0,False,11,0,0,0,0,0,36,0,6202,0,0,1,1,0.0,0,18,89,71,52,True,0
Zian Flemming,FWD,Burnley,0.0,0,0,20,0,0,0.3,5,215,0.00,0.97,0.97,1.34,352,2,1,6.7,30.2,2026-05-10T13:00:00Z,79,False,2,0,0,0,1,0,36,0,42818,1,4,2,2,36.0,5,-1977,1065,3042,53,True,1
Alfie Pond,DEF,Wolves,0.0,0,0,0,0,0,0.0,0,641,0.00,0.00,0.00,0.00,351,0,0,0.0,0.0,2026-05-09T14:00:00Z,0,False,6,0,0,0,0,0,36,0,119953,0,0,0,3,0.0,0,-703,0,703,39,False,0
Fraser Forster,GK,Bournemouth,0.0,0,0,0,0,0,0.0,0,782,0.00,0.00,0.00,0.00,354,0,0,0.0,0.0,2026-05-09T14:00:00Z,0,False,10,0,0,0,0,0,36,0,3777,0,0,1,0,0.0,0,73,144,71,40,False,0
Daniel Ballard,DEF,Sunderland,0.0,0,0,0,0,0,0.0,0,531,0.00,0.00,0.00,0.00,358,0,0,0.0,0.0,2026-05-09T14:00:00Z,0,False,14,0,0,0,0,0,36,0,359419,0,0,0,0,0.0,0,-60683,223,60906,47,True,0
Tim Iroegbunam,MID,Everton,0.0,0,0,11,0,1,3.0,8,304,0.02,0.06,0.04,2.56,353,2,0,1.6,8.8,2026-05-10T13:00:00Z,90,False,8,0,0,0,4,0,36,0,4924,1,3,2,2,4.0,2,43,100,57,48,False,0
Lucas Digne,DEF,Aston Villa,0.0,0,0,10,0,1,14.7,2,37,0.12,0.12,0.00,0.17,352,0,0,2.4,9.6,2026-05-10T13:00:00Z,16,False,3,0,0,0,1,0,36,0,208475,0,1,2,2,0.0,1,-3074,2398,5472,45,False,0
Mads Hermansen,GK,West Ham,0.0,0,0,7,0,0,0.0,0,679,0.00,0.00,0.00,1.18,360,1,0,1.1,10.6,2026-05-10T15:30:00Z,90,False,1,0,0,0,7,0,36,1,101993,1,0,1,0,0.0,2,-5282,3372,8654,42,True,0
Viktor Gyökeres,FWD,Arsenal,0.0,0,0,5,1,1,14.4,4,666,0.03,0.15,0.12,1.15,360,0,0,2.2,0.0,2026-05-10T15:30:00Z,90,False,19,0,0,0,3,0,36,0,1990532,1,0,1,0,9.0,2,386691,410147,23456,89,False,0
Emiliano Buendía Stati,MID,Aston Villa,0.0,0,0,5,0,0,2.1,2,50,0.01,0.08,0.07,0.17,352,0,0,3.2,3.8,2026-05-10T13:00:00Z,16,False,3,0,0,0,2,0,36,0,52369,0,0,2,2,26.0,1,5486,7182,1696,53,False,0
Benjamin Lecomte,GK,Fulham,0.0,0,0,0,0,0,0.0,0,664,0.00,0.00,0.00,0.00,354,0,0,0.0,0.0,2026-05-09T14:00:00Z,0,False,4,0,0,0,0,0,36,0,88720,0,0,1,0,0.0,0,-315,297,612,39,True,0
Ismeal Kabia,MID,Arsenal,0.0,0,0,0,0,0,0.0,0,28,0.00,0.00,0.00,0.00,360,0,0,0.0,0.0,2026-05-10T15:30:00Z,0,False,19,0,0,0,0,0,36,0,12398,0,0,1,0,0.0,0,-20,0,20,45,False,0
Isaac Hayden,MID,Newcastle,0.0,0,0,0,0,0,0.0,0,495,0.00,0.00,0.00,0.00,357,0,0,0.0,0.0,2026-05-10T13:00:00Z,0,False,16,0,0,0,0,0,36,0,758,0,0,1,1,0.0,0,-1,0,1,45,False,0
Adrian Mazilu,MID,Brighton,0.0,0,0,0,0,0,0.0,0,176,0.00,0.00,0.00,0.00,351,0,0,0.0,0.0,2026-05-09T14:00:00Z,0,False,20,0,0,0,0,0,36,0,2346,0,0,0,3,0.0,0,-1,0,1,45,True,0
Jurriën Timber,DEF,Arsenal,0.0,0,0,0,0,0,0.0,0,8,0.00,0.00,0.00,0.00,360,0,0,0.0,0.0,2026-05-10T15:30:00Z,0,False,19,0,0,0,0,0,36,0,2108069,0,0,1,0,0.0,0,-188023,173,188196,60,False,0
Finlay Herrick,GK,West Ham,0.0,0,0,0,0,0,0.0,0,825,0.00,0.00,0.00,0.00,360,0,0,0.0,0.0,2026-05-10T15:30:00Z,0,False,1,0,0,0,0,0,36,0,483,0,0,1,0,0.0,0,8,54,46,40,True,0
Kyle Walker,DEF,Burnley,0.0,0,0,8,0,3,4.0,7,187,0.01,0.01,0.00,1.44,352,2,0,1.8,13.6,2026-05-10T13:00:00Z,90,False,2,0,0,0,3,0,36,0,142908,1,4,2,2,0.0,1,-1130,410,1540,44,True,0
Cole Palmer,MID,Chelsea,0.0,0,0,13,0,0,9.4,4,235,0.05,0.05,0.00,0.56,355,1,0,2.1,9.2,2026-05-09T11:30:00Z,90,False,12,0,0,0,1,0,36,0,1691068,1,3,1,1,2.0,2,-407560,6078,413638,103,False,0
Maxence Lacroix,DEF,Crystal Palace,0.0,0,0,10,0,7,11.8,8,257,0.02,0.10,0.08,1.59,353,2,0,6.1,26.4,2026-05-10T13:00:00Z,90,False,9,0,0,0,2,0,36,0,1103911,1,1,2,2,23.0,1,288422,300573,12151,52,True,0
Maxence Lacroix,DEF,Crystal Palace,0.0,0,0,10,0,10,0.0,13,257,0.00,0.00,0.00,1.56,307,3,0,2.7,27.2,2026-05-13T19:00:00Z,90,False,13,0,0,0,2,0,36,0,1103911,1,3,0,3,0.0,3,288422,300573,12151,52,False,0
Robert Lynch Sánchez,GK,Chelsea,0.0,0,0,0,0,0,0.0,0,220,0.00,0.00,0.00,0.00,355,0,0,0.0,0.0,2026-05-09T11:30:00Z,0,False,12,0,0,0,0,0,36,0,1394280,0,0,1,1,0.0,0,-106294,881,107175,48,False,0
Benjamin Fredrick,DEF,Brentford,0.0,0,0,0,0,0,0.0,0,115,0.00,0.00,0.00,0.00,356,0,0,0.0,0.0,2026-05-09T16:30:00Z,0,False,13,0,0,0,0,0,36,0,9425,0,0,0,3,0.0,0,-15,0,15,40,False,0
Brajan Gruda,MID,Brighton,0.0,0,0,0,0,0,0.0,0,162,0.00,0.00,0.00,0.00,351,0,0,0.0,0.0,2026-05-09T14:00:00Z,0,False,20,0,0,0,0,0,36,0,5837,0,0,0,3,0.0,0,-21,0,21,54,True,0
James Trafford,GK,Man City,0.0,0,0,0,0,0,0.0,0,182,0.00,0.00,0.00,0.00,356,0,0,0.0,0.0,2026-05-09T16:30:00Z,0,False,5,0,0,0,0,0,36,0,119057,0,0,0,3,0.0,0,-246,170,416,45,True,0
James Trafford,GK,Man City,0.0,0,0,0,0,0,0.0,0,182,0.00,0.00,0.00,0.00,307,0,0,0.0,0.0,2026-05-13T19:00:00Z,0,False,8,0,0,0,0,0,36,0,119057,0,0,0,3,0.0,0,-246,170,416,45,True,0
Ben Gannon-Doak,MID,Bournemouth,0.0,0,0,0,0,0,0.0,0,391,0.00,0.00,0.00,0.00,354,0,0,0.0,0.0,2026-05-09T14:00:00Z,0,False,10,0,0,0,0,0,36,0,4181,0,0,1,0,0.0,0,8,31,23,48,False,0
Max Alleyne,DEF,Man City,0.0,0,0,0,0,0,0.0,0,794,0.00,0.00,0.00,0.00,356,0,0,0.0,0.0,2026-05-09T16:30:00Z,0,False,5,0,0,0,0,0,36,0,1365,0,0,0,3,0.0,0,-14,34,48,39,True,0
Max Alleyne,DEF,Man City,0.0,0,0,0,0,0,0.0,0,794,0.00,0.00,0.00,0.00,307,0,0,0.0,0.0,2026-05-13T19:00:00Z,0,False,8,0,0,0,0,0,36,0,1365,0,0,0,3,0.0,0,-14,34,48,39,True,0
Saša Kalajdžić,FWD,Wolves,0.0,0,0,0,0,0,0.0,0,656,0.00,0.00,0.00,0.00,351,0,0,0.0,0.0,2026-05-09T14:00:00Z,0,False,6,0,0,0,0,0,36,0,6160,0,0,0,3,0.0,0,-4,0,4,49,False,0
Mitoma Kaoru,MID,Brighton,0.0,0,0,1,0,0,2.5,2,157,0.03,0.31,0.28,0.32,351,0,0,1.6,0.2,2026-05-09T14:00:00Z,57,False,20,0,0,0,1,0,36,0,306979,1,1,0,3,13.0,0,16314,23000,6686,61,True,1
Michael Keane,DEF,Everton,0.0,0,0,4,0,6,0.3,8,295,0.00,0.20,0.20,2.56,353,2,0,5.1,23.0,2026-05-10T13:00:00Z,90,False,8,0,0,0,2,0,36,0,338585,1,2,2,2,28.0,1,-11039,6513,17552,45,False,0
Jenson Jones,DEF,Sunderland,0.0,0,0,0,0,0,0.0,0,774,0.00,0.00,0.00,0.00,358,0,0,0.0,0.0,2026-05-09T14:00:00Z,0,False,14,0,0,0,0,0,36,0,3027,0,0,0,0,0.0,0,43,119,76,40,True,0
Jean-Clair Todibo,DEF,West Ham,0.0,0,0,0,0,4,0.8,4,609,0.01,0.01,0.00,1.18,360,1,0,1.2,9.0,2026-05-10T15:30:00Z,90,False,1,0,0,0,2,0,36,0,12737,1,0,1,0,2.0,1,-102,54,156,43,True,1
Joelinton Cássio Apolinário de Lira,MID,Newcastle,0.0,0,0,16,0,1,30.4,11,490,0.19,0.29,0.10,1.10,357,1,0,5.8,14.0,2026-05-10T13:00:00Z,90,False,16,0,0,0,6,0,36,0,37352,1,4,1,1,14.0,2,64,549,485,59,False,0
Mohamadou Kanté,MID,West Ham,0.0,0,0,0,0,0,0.0,0,758,0.00,0.00,0.00,0.00,360,0,0,0.0,0.0,2026-05-10T15:30:00Z,0,False,1,0,0,0,0,0,36,0,1659,0,0,1,0,0.0,0,-22,69,91,45,True,0
Francisco Evanilson de Lima Barbosa,FWD,Bournemouth,0.0,0,0,4,0,0,1.7,1,97,0.01,0.08,0.07,0.57,354,0,0,1.2,1.2,2026-05-09T14:00:00Z,42,False,10,0,0,0,0,0,36,0,326189,1,1,1,0,9.0,1,36,19593,19557,67,False,0
Nordi Mukiele,DEF,Sunderland,0.0,0,0,26,1,5,1.8,5,694,0.02,0.04,0.02,0.62,358,0,0,2.0,14.4,2026-05-09T14:00:00Z,90,False,14,0,0,0,6,0,36,0,1105747,1,0,0,0,4.0,6,-27582,25862,53444,46,True,0
Kevin Danso,DEF,Spurs,0.0,0,0,7,0,9,12.1,10,570,0.02,0.06,0.04,1.34,359,1,0,3.8,21.4,2026-05-11T19:00:00Z,90,False,11,0,0,0,2,0,36,0,20997,1,1,1,1,4.0,3,903,1429,526,42,True,1
Adam Aznou,DEF,Everton,0.0,0,0,0,0,0,0.0,0,667,0.00,0.00,0.00,0.00,353,0,0,0.0,0.0,2026-05-10T13:00:00Z,0,False,8,0,0,0,0,0,36,0,7411,0,0,2,2,0.0,0,-15,34,49,42,False,0
Ben Davies,DEF,Spurs,0.0,0,0,0,0,0,0.0,0,571,0.00,0.00,0.00,0.00,359,0,0,0.0,0.0,2026-05-11T19:00:00Z,0,False,11,0,0,0,0,0,36,0,8409,0,0,1,1,0.0,0,-30,9,39,43,True,0
Trai Hume,DEF,Sunderland,0.0,0,0,25,1,1,29.0,1,532,0.10,0.12,0.02,0.35,358,0,0,4.0,7.4,2026-05-09T14:00:00Z,89,False,14,0,0,0,4,0,36,0,43092,1,0,0,0,4.0,6,-1755,502,2257,45,True,0
Tom Cairney,MID,Fulham,0.0,0,0,19,0,2,26.8,5,331,0.09,0.12,0.03,0.44,354,1,0,4.6,15.0,2026-05-09T14:00:00Z,75,False,4,0,0,0,3,0,36,0,4147,1,0,1,0,4.0,2,-20,40,60,48,True,0
Calvin Bassey,DEF,Fulham,0.0,0,0,16,0,0,21.2,2,318,0.01,0.01,0.00,0.82,354,1,0,3.8,14.6,2026-05-09T14:00:00Z,90,False,4,0,0,0,5,0,36,0,80467,1,2,1,0,2.0,2,-159,3357,3516,44,True,0
Alfie McNally,GK,Fulham,0.0,0,0,0,0,0,0.0,0,786,0.00,0.00,0.00,0.00,354,0,0,0.0,0.0,2026-05-09T14:00:00Z,0,False,4,0,0,0,0,0,36,0,1638,0,0,1,0,0.0,0,18,75,57,40,True,0
Matai Akinmboni,DEF,Bournemouth,0.0,0,0,0,0,0,0.0,0,75,0.00,0.00,0.00,0.00,354,0,0,0.0,0.0,2026-05-09T14:00:00Z,0,False,10,0,0,0,0,0,36,0,25301,0,0,1,0,0.0,0,94,247,153,38,False,0
Yehor Yarmoliuk,MID,Brentford,0.0,0,0,15,0,3,1.4,11,129,0.02,0.02,0.00,2.61,356,2,0,2.1,17.2,2026-05-09T16:30:00Z,78,False,13,0,0,0,4,0,36,0,13078,1,4,0,3,2.0,2,-366,317,683,50,False,0
Norberto Bercique Gomes Betuncal,FWD,Everton,0.0,0,2,31,0,3,1.4,4,311,0.01,0.30,0.29,1.62,353,1,1,7.1,40.2,2026-05-10T13:00:00Z,69,False,8,0,0,0,1,0,36,0,383011,1,0,2,2,29.0,8,1645,15190,13545,50,False,0
Christian Nørgaard,MID,Arsenal,0.0,0,0,0,0,0,0.0,0,24,0.00,0.00,0.00,0.00,360,0,0,0.0,0.0,2026-05-10T15:30:00Z,0,False,19,0,0,0,0,0,36,0,17126,0,0,1,0,0.0,0,-22,65,87,51,False,0
Dan Ndoye,MID,Nott'm Forest,0.0,0,0,0,0,0,0.0,0,669,0.00,0.00,0.00,0.00,357,0,0,0.0,0.0,2026-05-10T13:00:00Z,0,False,15,0,0,0,0,0,36,0,88161,0,0,1,1,0.0,0,-567,15,582,55,True,0
Soungoutou Magassa,MID,West Ham,0.0,0,0,0,0,0,0.0,0,718,0.00,0.00,0.00,0.00,360,0,0,0.0,0.0,2026-05-10T15:30:00Z,0,False,1,0,0,0,0,0,36,0,3494,0,0,1,0,0.0,0,-43,20,63,50,True,0
Bradley Burrowes,MID,Aston Villa,0.0,0,0,0,0,0,0.0,0,702,0.00,0.00,0.00,0.00,352,0,0,0.0,0.0,2026-05-10T13:00:00Z,0,False,3,0,0,0,0,0,36,0,14601,0,0,2,2,0.0,0,1840,2449,609,43,False,0
Martin Sherif,FWD,Everton,0.0,0,0,0,0,0,0.0,0,313,0.00,0.00,0.00,0.00,353,0,0,0.0,0.0,2026-05-10T13:00:00Z,0,False,8,0,0,0,0,0,36,0,14824,0,0,2,2,0.0,0,-47,0,47,44,False,0
Martin Ødegaard,MID,Arsenal,0.0,1,0,12,0,0,14.6,2,17,0.10,0.10,0.00,0.76,360,0,0,3.5,18.0,2026-05-10T15:30:00Z,23,False,19,0,0,0,2,0,36,0,209128,0,0,1,0,2.0,4,-4044,1572,5616,78,False,0
Malick Yalcouyé,MID,Brighton,0.0,0,0,0,0,0,0.0,0,174,0.00,0.00,0.00,0.00,351,0,0,0.0,0.0,2026-05-09T14:00:00Z,0,False,20,0,0,0,0,0,36,0,635,0,0,0,3,0.0,0,0,0,0,50,True,0
Charalampos Kostoulas,FWD,Brighton,0.0,0,0,2,0,0,0.1,0,181,0.00,0.00,0.00,0.11,351,0,0,0.1,0.4,2026-05-09T14:00:00Z,2,False,20,0,0,0,0,0,36,0,43445,0,0,0,3,0.0,1,50,574,524,48,True,0
Romain Esse,MID,Crystal Palace,0.0,0,0,0,0,0,0.0,0,269,0.00,0.00,0.00,0.00,353,0,0,0.0,0.0,2026-05-10T13:00:00Z,0,False,9,0,0,0,0,0,36,0,14279,0,0,2,2,0.0,0,-32,0,32,47,True,0
Romain Esse,MID,Crystal Palace,0.0,0,0,0,0,0,0.0,0,269,0.00,0.00,0.00,0.00,307,0,0,0.0,0.0,2026-05-13T19:00:00Z,0,False,13,0,0,0,0,0,36,0,14279,0,0,0,3,0.0,0,-32,0,32,47,False,0
João Victor de Souza Menezes,DEF,Spurs,0.0,0,0,0,0,0,0.0,0,804,0.00,0.00,0.00,0.00,359,0,0,0.0,0.0,2026-05-11T19:00:00Z,0,False,11,0,0,0,0,0,36,0,2831,0,0,1,1,0.0,0,-52,72,124,40,True,0
Mark Travers,GK,Everton,0.0,0,0,0,0,0,0.0,0,288,0.00,0.00,0.00,0.00,353,0,0,0.0,0.0,2026-05-10T13:00:00Z,0,False,8,0,0,0,0,0,36,0,14735,0,0,2,2,0.0,0,-45,65,110,42,False,0
Altay Bayındır,GK,Man Utd,0.0,0,0,0,0,0,0.0,0,431,0.00,0.00,0.00,0.00,358,0,0,0.0,0.0,2026-05-09T14:00:00Z,0,False,17,0,0,0,0,0,36,0,41091,0,0,0,0,0.0,0,37,289,252,47,False,0
Largie Ramazani,MID,Leeds,0.0,0,0,0,0,0,0.0,0,357,0.00,0.00,0.00,0.00,359,0,0,0.0,0.0,2026-05-11T19:00:00Z,0,False,18,0,0,0,0,0,36,0,1843,0,0,1,1,0.0,0,-4,0,4,49,False,0
Malcom DaCosta,MID,Bournemouth,0.0,0,0,0,0,0,0.0,0,756,0.00,0.00,0.00,0.00,354,0,0,0.0,0.0,2026-05-09T14:00:00Z,0,False,10,0,0,0,0,0,36,0,1417,0,0,1,0,0.0,0,1,47,46,45,False,0
Pedro Lomba Neto,MID,Chelsea,0.0,0,0,0,0,0,0.0,0,236,0.00,0.00,0.00,0.00,355,0,0,0.0,0.0,2026-05-09T11:30:00Z,0,False,12,0,0,0,0,0,36,0,524358,0,0,1,1,0.0,0,-35695,619,36314,70,False,0
Rodrigo Martins Gomes,DEF,Wolves,0.0,0,0,1,0,1,0.0,1,635,0.00,0.00,0.00,0.47,351,1,0,0.4,2.2,2026-05-09T14:00:00Z,23,False,6,0,0,0,3,0,36,0,10112,0,0,0,3,2.0,1,-591,101,692,44,False,0
Yerson Mosquera Valdelamar,DEF,Wolves,0.0,0,0,-2,0,13,0.3,17,634,0.02,0.21,0.19,1.62,351,3,0,3.6,26.4,2026-05-09T14:00:00Z,90,False,6,0,0,0,4,0,36,0,10898,1,4,0,3,9.0,3,-159,186,345,43,False,0
Iliman Ndiaye,MID,Everton,0.0,0,0,11,0,1,14.2,7,299,0.07,0.43,0.36,2.56,353,2,0,6.4,13.8,2026-05-10T13:00:00Z,90,False,8,0,0,0,5,0,36,0,575704,1,1,2,2,36.0,2,-2645,19144,21789,62,False,0
Tyler Fletcher,MID,Man Utd,0.0,0,0,0,0,0,0.0,0,771,0.00,0.00,0.00,0.00,358,0,0,0.0,0.0,2026-05-09T14:00:00Z,0,False,17,0,0,0,0,0,36,0,1475,0,0,0,0,0.0,0,4,62,58,44,False,0
Florentino Ibrain Morris Luís,MID,Burnley,0.0,0,0,14,0,5,21.8,12,722,0.04,0.05,0.01,1.34,352,2,0,4.1,15.8,2026-05-10T13:00:00Z,86,False,2,0,0,0,6,0,36,0,4974,1,1,2,2,3.0,4,-114,30,144,50,True,0
Nicolas Jackson,FWD,Chelsea,0.0,0,0,0,0,0,0.0,0,251,0.00,0.00,0.00,0.00,355,0,0,0.0,0.0,2026-05-09T11:30:00Z,0,False,12,0,0,0,0,0,36,0,9167,0,0,1,1,0.0,0,-6,0,6,65,False,0
Morgan Rogers,MID,Aston Villa,0.0,0,0,6,0,0,15.8,5,47,0.03,0.17,0.14,1.79,352,2,0,3.6,4.2,2026-05-10T13:00:00Z,90,False,3,0,0,0,3,0,36,0,3127143,1,2,2,2,16.0,2,-139075,66888,205963,75,False,0
Reiss Nelson,MID,Brentford,0.0,0,0,0,0,0,0.0,0,27,0.00,0.00,0.00,0.00,356,0,0,0.0,0.0,2026-05-09T16:30:00Z,0,False,13,0,0,0,0,0,36,0,12289,0,0,0,3,0.0,0,24,108,84,48,False,0
Dan Burn,DEF,Newcastle,0.0,0,0,11,0,3,2.7,5,476,0.03,0.03,0.00,1.10,357,1,0,1.4,9.4,2026-05-10T13:00:00Z,90,False,16,0,0,0,7,0,36,0,451771,1,2,1,1,2.0,2,3318,7493,4175,50,False,0
Andreas Hoelgebaum Pereira,MID,Fulham,0.0,0,0,0,0,0,0.0,0,327,0.00,0.00,0.00,0.00,354,0,0,0.0,0.0,2026-05-09T14:00:00Z,0,False,4,0,0,0,0,0,36,0,7504,0,0,1,0,0.0,0,-10,0,10,53,True,0
Lewis Miley,MID,Newcastle,0.0,0,0,0,0,0,0.0,0,497,0.00,0.00,0.00,0.00,357,0,0,0.0,0.0,2026-05-10T13:00:00Z,0,False,16,0,0,0,0,0,36,0,242203,0,0,1,1,0.0,0,-8615,7006,15621,44,False,0
Ahmed Abdullahi,FWD,Sunderland,0.0,0,0,0,0,0,0.0,0,562,0.00,0.00,0.00,0.00,358,0,0,0.0,0.0,2026-05-09T14:00:00Z,0,False,14,0,0,0,0,0,36,0,55584,0,0,0,0,0.0,0,-291,507,798,42,True,0
James McConnell,MID,Liverpool,0.0,0,0,0,0,0,0.0,0,394,0.00,0.00,0.00,0.00,355,0,0,0.0,0.0,2026-05-09T11:30:00Z,0,False,7,0,0,0,0,0,36,0,2576,0,0,1,1,0.0,0,-3,0,3,44,True,0
Tom McGill,GK,Brighton,0.0,0,0,0,0,0,0.0,0,140,0.00,0.00,0.00,0.00,351,0,0,0.0,0.0,2026-05-09T14:00:00Z,0,False,20,0,0,0,0,0,36,0,38472,0,0,0,3,0.0,0,-144,149,293,39,True,0
Brayden Clarke,DEF,Arsenal,0.0,0,0,0,0,0,0.0,0,13,0.00,0.00,0.00,0.00,360,0,0,0.0,0.0,2026-05-10T15:30:00Z,0,False,19,0,0,0,0,0,36,0,58818,0,0,1,0,0.0,0,888,1767,879,37,False,0
Joe Worrall,DEF,Burnley,0.0,0,0,0,0,0,0.0,0,199,0.00,0.00,0.00,0.00,352,0,0,0.0,0.0,2026-05-10T13:00:00Z,0,False,2,0,0,0,0,0,36,0,25231,0,0,2,2,0.0,0,-543,89,632,38,True,0
Owen Dodgson,DEF,Burnley,0.0,0,0,0,0,0,0.0,0,189,0.00,0.00,0.00,0.00,352,0,0,0.0,0.0,2026-05-10T13:00:00Z,0,False,2,0,0,0,0,0,36,0,1575,0,0,2,2,0.0,0,-2,0,2,40,True,0
Enzo Fernández,MID,Chelsea,0.0,0,2,24,0,0,5.4,2,237,0.04,0.33,0.29,0.56,355,1,1,6.6,35.0,2026-05-09T11:30:00Z,90,False,12,0,0,0,2,0,36,0,1378720,1,0,1,1,26.0,8,-91636,10177,101813,65,False,1
Julio Enciso Espínola,MID,Brighton,0.0,0,0,0,0,0,0.0,0,161,0.00,0.00,0.00,0.00,351,0,0,0.0,0.0,2026-05-09T14:00:00Z,0,False,20,0,0,0,0,0,36,0,1125,0,0,0,3,0.0,0,-2,0,2,54,True,0
Emil Krafth,DEF,Newcastle,0.0,0,0,0,0,0,0.0,0,479,0.00,0.00,0.00,0.00,357,0,0,0.0,0.0,2026-05-10T13:00:00Z,0,False,16,0,0,0,0,0,36,0,4732,0,0,1,1,0.0,0,-9,13,22,43,False,0
Boubacar Kamara,MID,Aston Villa,0.0,0,0,0,0,0,0.0,0,58,0.00,0.00,0.00,0.00,352,0,0,0.0,0.0,2026-05-10T13:00:00Z,0,False,3,0,0,0,0,0,36,0,22055,0,0,2,2,0.0,0,-142,28,170,49,False,0
Hugo Ekitiké,FWD,Liverpool,0.0,0,0,0,0,0,0.0,0,661,0.00,0.00,0.00,0.00,355,0,0,0.0,0.0,2026-05-09T11:30:00Z,0,False,7,0,0,0,0,0,36,0,2124849,0,0,1,1,0.0,0,-113567,207,113774,90,True,0
Amara Nallo,DEF,Liverpool,0.0,0,0,0,0,0,0.0,0,378,0.00,0.00,0.00,0.00,355,0,0,0.0,0.0,2026-05-09T11:30:00Z,0,False,7,0,0,0,0,0,36,0,115648,0,0,1,1,0.0,0,-2384,845,3229,37,True,0
Andrew Robertson,DEF,Liverpool,0.0,0,0,0,0,0,0.0,0,372,0.00,0.00,0.00,0.00,355,0,0,0.0,0.0,2026-05-09T11:30:00Z,0,False,7,0,0,0,0,0,36,0,138011,0,0,1,1,0.0,0,521,2439,1918,57,True,0
Seung-Soo Park,MID,Newcastle,0.0,0,0,0,0,0,0.0,0,689,0.00,0.00,0.00,0.00,357,0,0,0.0,0.0,2026-05-10T13:00:00Z,0,False,16,0,0,0,0,0,36,0,62951,0,0,1,1,0.0,0,-367,1098,1465,43,False,0
Randal Kolo Muani,FWD,Spurs,0.0,0,0,2,0,0,13.4,4,726,0.22,0.22,0.00,1.34,359,1,0,2.6,4.8,2026-05-11T19:00:00Z,90,False,11,0,0,0,3,0,36,0,54803,1,1,1,1,8.0,2,935,3104,2169,69,True,0
Jason Steele,GK,Brighton,0.0,0,0,0,0,0,0.0,0,138,0.00,0.00,0.00,0.00,351,0,0,0.0,0.0,2026-05-09T14:00:00Z,0,False,20,0,0,0,0,0,36,0,31922,0,0,0,3,0.0,0,193,465,272,42,True,0
Joe Gauci,GK,Aston Villa,0.0,0,0,0,0,0,0.0,0,34,0.00,0.00,0.00,0.00,352,0,0,0.0,0.0,2026-05-10T13:00:00Z,0,False,3,0,0,0,0,0,36,0,11264,0,0,2,2,0.0,0,-52,0,52,40,False,0
Callum Hudson-Odoi,MID,Nott'm Forest,0.0,0,0,0,0,0,0.0,0,516,0.00,0.00,0.00,0.00,357,0,0,0.0,0.0,2026-05-10T13:00:00Z,0,False,15,0,0,0,0,0,36,0,79465,0,0,1,1,0.0,0,-2288,25,2313,57,True,0
Trevoh Chalobah,DEF,Chelsea,0.0,0,0,0,0,0,0.0,0,226,0.00,0.00,0.00,0.00,355,0,0,0.0,0.0,2026-05-09T11:30:00Z,0,False,12,0,0,0,0,0,36,0,1182042,0,0,1,1,0.0,0,-38774,3781,42555,54,False,0
Jun'ai Byfield,DEF,Spurs,0.0,0,0,0,0,0,0.0,0,745,0.00,0.00,0.00,0.00,359,0,0,0.0,0.0,2026-05-11T19:00:00Z,0,False,11,0,0,0,0,0,36,0,5125,0,0,1,1,0.0,0,-24,26,50,40,True,0
Guido Rodríguez,MID,West Ham,0.0,0,0,0,0,0,0.0,0,618,0.00,0.00,0.00,0.00,360,0,0,0.0,0.0,2026-05-10T15:30:00Z,0,False,1,0,0,0,0,0,36,0,5210,0,0,1,0,0.0,0,-18,0,18,48,True,0
Kepa Arrizabalaga Revuelta,GK,Arsenal,0.0,0,0,0,0,0,0.0,0,2,0.00,0.00,0.00,0.00,360,0,0,0.0,0.0,2026-05-10T15:30:00Z,0,False,19,0,0,0,0,0,36,0,48996,0,0,1,0,0.0,0,-78,239,317,40,False,0
James Justin,DEF,Leeds,0.0,0,0,15,0,6,11.7,12,706,0.04,0.06,0.02,1.27,359,1,0,4.5,28.8,2026-05-11T19:00:00Z,90,False,18,0,0,0,2,0,36,0,272101,1,6,1,1,4.0,4,-5825,14604,20429,40,False,0
Daniel Adu-Adjei,FWD,Bournemouth,0.0,0,0,0,0,0,0.0,0,99,0.00,0.00,0.00,0.00,354,0,0,0.0,0.0,2026-05-09T14:00:00Z,0,False,10,0,0,0,0,0,36,0,17218,0,0,1,0,0.0,0,-24,0,24,44,False,0
Youssef Ramalho Chermiti,FWD,Everton,0.0,0,0,0,0,0,0.0,0,312,0.00,0.00,0.00,0.00,353,0,0,0.0,0.0,2026-05-10T13:00:00Z,0,False,8,0,0,0,0,0,36,0,8235,0,0,2,2,0.0,0,-6,0,6,49,False,0
Yang Min-hyeok,MID,Spurs,0.0,0,0,0,0,0,0.0,0,594,0.00,0.00,0.00,0.00,359,0,0,0.0,0.0,2026-05-11T19:00:00Z,0,False,11,0,0,0,0,0,36,0,1401,0,0,1,1,0.0,0,0,0,0,45,True,0
Ibrahima Konaté,DEF,Liverpool,0.0,0,0,7,0,2,0.6,3,374,0.00,0.00,0.00,0.50,355,1,0,1.0,9.6,2026-05-09T11:30:00Z,76,False,7,0,0,0,1,0,36,0,507442,1,1,1,1,0.0,2,-21948,7379,29327,55,True,0
Lyle Foster,FWD,Burnley,0.0,0,0,1,0,0,0.0,1,217,0.00,0.00,0.00,0.26,352,0,0,0.6,0.0,2026-05-10T13:00:00Z,21,False,2,0,0,0,1,0,36,0,97879,0,0,2,2,6.0,1,-634,476,1110,49,True,0
Rob Holding,DEF,Crystal Palace,0.0,0,0,0,0,0,0.0,0,264,0.00,0.00,0.00,0.00,353,0,0,0.0,0.0,2026-05-10T13:00:00Z,0,False,9,0,0,0,0,0,36,0,2024,0,0,2,2,0.0,0,-4,0,4,40,True,0
Rob Holding,DEF,Crystal Palace,0.0,0,0,0,0,0,0.0,0,264,0.00,0.00,0.00,0.00,307,0,0,0.0,0.0,2026-05-13T19:00:00Z,0,False,13,0,0,0,0,0,36,0,2024,0,0,0,3,0.0,0,-4,0,4,40,False,0
Valentín Castellanos,FWD,West Ham,0.0,0,0,4,1,3,1.3,4,791,0.00,0.17,0.17,0.81,360,0,0,2.9,5.2,2026-05-10T15:30:00Z,66,False,1,0,0,0,0,0,36,0,23231,1,1,1,0,22.0,1,-6574,593,7167,55,True,1
Manor Solomon,MID,Spurs,0.0,0,0,0,0,0,0.0,0,589,0.00,0.00,0.00,0.00,359,0,0,0.0,0.0,2026-05-11T19:00:00Z,0,False,11,0,0,0,0,0,36,0,840,0,0,1,1,0.0,0,-1,0,1,54,True,0
Tommy Setford,GK,Arsenal,0.0,0,0,0,0,0,0.0,0,4,0.00,0.00,0.00,0.00,360,0,0,0.0,0.0,2026-05-10T15:30:00Z,0,False,19,0,0,0,0,0,36,0,27047,0,0,1,0,0.0,0,-235,71,306,39,False,0
Marcus Edwards,MID,Burnley,0.0,0,0,0,0,0,0.0,0,206,0.00,0.00,0.00,0.00,352,0,0,0.0,0.0,2026-05-10T13:00:00Z,0,False,2,0,0,0,0,0,36,0,12119,0,0,2,2,0.0,0,-324,97,421,47,True,0
Manuel Benson Hedilazio,MID,Burnley,0.0,0,0,0,0,0,0.0,0,201,0.00,0.00,0.00,0.00,352,0,0,0.0,0.0,2026-05-10T13:00:00Z,0,False,2,0,0,0,0,0,36,0,1893,0,0,2,2,0.0,0,-1,0,1,54,True,0
Kalvin Phillips,MID,Man City,0.0,0,0,0,0,0,0.0,0,429,0.00,0.00,0.00,0.00,356,0,0,0.0,0.0,2026-05-09T16:30:00Z,0,False,5,0,0,0,0,0,36,0,7612,0,0,0,3,0.0,0,-14,0,14,47,True,0
Kalvin Phillips,MID,Man City,0.0,0,0,0,0,0,0.0,0,429,0.00,0.00,0.00,0.00,307,0,0,0.0,0.0,2026-05-13T19:00:00Z,0,False,8,0,0,0,0,0,36,0,7612,0,0,0,3,0.0,0,-14,0,14,47,True,0
Remy Rees-Dottin,MID,Bournemouth,0.0,0,0,0,0,0,0.0,0,687,0.00,0.00,0.00,0.00,354,0,0,0.0,0.0,2026-05-09T14:00:00Z,0,False,10,0,0,0,0,0,36,0,22995,0,0,1,0,0.0,0,-10,405,415,43,False,0
John Victor Maciel Furtado,GK,Nott'm Forest,0.0,0,0,0,0,0,0.0,0,715,0.00,0.00,0.00,0.00,357,0,0,0.0,0.0,2026-05-10T13:00:00Z,0,False,15,0,0,0,0,0,36,0,37189,0,0,1,1,0.0,0,-593,55,648,40,True,0
Tyrick Mitchell,DEF,Crystal Palace,0.0,1,0,18,0,6,17.8,8,258,0.05,0.18,0.13,1.59,353,2,0,5.2,22.8,2026-05-10T13:00:00Z,90,False,9,0,0,0,11,0,36,0,321580,1,2,2,2,11.0,4,21715,27124,5409,50,True,0
Tyrick Mitchell,DEF,Crystal Palace,0.0,0,0,2,0,3,0.2,10,258,0.00,0.08,0.08,1.56,307,3,0,3.8,21.0,2026-05-13T19:00:00Z,90,False,13,0,0,0,5,0,36,0,321580,1,7,0,3,17.0,2,21715,27124,5409,50,False,1
Matheus Nunes,DEF,Man City,0.0,0,0,25,1,7,24.3,7,407,0.02,0.02,0.00,0.24,356,0,0,4.5,20.2,2026-05-09T16:30:00Z,90,False,5,0,0,0,5,0,36,0,388848,1,0,0,3,0.0,5,5545,19996,14451,53,True,1
Matheus Nunes,DEF,Man City,0.0,0,0,9,0,1,19.6,1,407,0.03,0.03,0.00,0.41,307,0,0,3.0,8.2,2026-05-13T19:00:00Z,57,False,8,0,0,0,6,0,36,0,388848,1,0,0,3,2.0,1,5545,19996,14451,53,True,0
Sam Proctor,GK,Aston Villa,0.0,0,0,0,0,0,0.0,0,703,0.00,0.00,0.00,0.00,352,0,0,0.0,0.0,2026-05-10T13:00:00Z,0,False,3,0,0,0,0,0,36,0,76729,0,0,2,2,0.0,0,-648,196,844,39,False,0
Harrison Jones,MID,Sunderland,0.0,0,0,0,0,0,0.0,0,557,0.00,0.00,0.00,0.00,358,0,0,0.0,0.0,2026-05-09T14:00:00Z,0,False,14,0,0,0,0,0,36,0,9009,0,0,0,0,0.0,0,32,191,159,43,True,0
Alex Iwobi,MID,Fulham,0.0,0,0,0,0,0,0.0,0,324,0.00,0.00,0.00,0.00,354,0,0,0.0,0.0,2026-05-09T14:00:00Z,0,False,4,0,0,0,0,0,36,0,151786,0,0,1,0,0.0,0,-22385,43,22428,62,True,0
Timothy Castagne,DEF,Fulham,0.0,0,0,20,0,2,15.8,6,319,0.22,0.22,0.00,0.78,354,1,0,3.4,14.6,2026-05-09T14:00:00Z,82,False,4,0,0,0,3,0,36,0,17589,1,4,1,0,4.0,2,877,1540,663,43,True,0
Bernd Leno,GK,Fulham,0.0,0,0,18,0,0,0.0,0,314,0.01,0.01,0.00,0.82,354,1,0,2.1,20.8,2026-05-09T14:00:00Z,90,False,4,0,0,0,9,0,36,3,270719,1,0,1,0,0.0,3,16586,23484,6898,49,True,0
Claudio Echeverri,MID,Man City,0.0,0,0,0,0,0,0.0,0,425,0.00,0.00,0.00,0.00,356,0,0,0.0,0.0,2026-05-09T16:30:00Z,0,False,5,0,0,0,0,0,36,0,1226,0,0,0,3,0.0,0,0,0,0,54,True,0
Claudio Echeverri,MID,Man City,0.0,0,0,0,0,0,0.0,0,425,0.00,0.00,0.00,0.00,307,0,0,0.0,0.0,2026-05-13T19:00:00Z,0,False,8,0,0,0,0,0,36,0,1226,0,0,0,3,0.0,0,0,0,0,54,True,0
Giovanni Leoni,DEF,Liverpool,0.0,0,0,0,0,0,0.0,0,692,0.00,0.00,0.00,0.00,355,0,0,0.0,0.0,2026-05-09T11:30:00Z,0,False,7,0,0,0,0,0,36,0,1815,0,0,1,1,0.0,0,5,17,12,49,True,0
Owen Bevan,DEF,Bournemouth,0.0,0,0,0,0,0,0.0,0,76,0.00,0.00,0.00,0.00,354,0,0,0.0,0.0,2026-05-09T14:00:00Z,0,False,10,0,0,0,0,0,36,0,23276,0,0,1,0,0.0,0,-48,163,211,38,False,0
Angus Gunn,GK,Nott'm Forest,0.0,0,0,0,0,0,0.0,0,675,0.00,0.00,0.00,0.00,357,0,0,0.0,0.0,2026-05-10T13:00:00Z,0,False,15,0,0,0,0,0,36,0,145405,0,0,1,1,0.0,0,-448,115,563,40,True,0
Cody Gakpo,MID,Liverpool,0.0,0,0,3,0,0,11.5,3,384,0.00,0.00,0.00,0.50,355,1,0,1.6,2.2,2026-05-09T11:30:00Z,76,False,7,0,0,0,2,0,36,0,738500,1,1,1,1,2.0,2,3695,22061,18366,73,True,0
George Earthy,MID,West Ham,0.0,0,0,0,0,0,0.0,0,620,0.00,0.00,0.00,0.00,360,0,0,0.0,0.0,2026-05-10T15:30:00Z,0,False,1,0,0,0,0,0,36,0,5222,0,0,1,0,0.0,0,-20,0,20,45,True,0
Benjamin Arthur,DEF,Brentford,0.0,0,0,0,0,0,0.0,0,114,0.00,0.00,0.00,0.00,356,0,0,0.0,0.0,2026-05-09T16:30:00Z,0,False,13,0,0,0,0,0,36,0,23585,0,0,0,3,0.0,0,-139,0,139,38,False,0
Adam Wharton,MID,Crystal Palace,0.0,0,0,12,0,2,33.0,16,273,0.53,0.59,0.06,1.59,353,2,0,5.7,19.0,2026-05-10T13:00:00Z,90,False,9,0,0,0,8,0,36,0,106592,1,6,2,2,5.0,4,27463,29235,1772,50,True,0
Adam Wharton,MID,Crystal Palace,0.0,0,0,8,0,0,21.3,7,273,0.02,0.02,0.00,0.60,307,1,0,2.9,7.6,2026-05-13T19:00:00Z,30,False,13,0,0,0,6,0,36,0,106592,0,1,0,3,0.0,1,27463,29235,1772,50,False,0
Tyler Fredricson,DEF,Man Utd,0.0,0,0,0,0,0,0.0,0,446,0.00,0.00,0.00,0.00,358,0,0,0.0,0.0,2026-05-09T14:00:00Z,0,False,17,0,0,0,0,0,36,0,20272,0,0,0,0,0.0,0,193,435,242,37,False,0
Ross Barkley,MID,Aston Villa,0.0,0,2,28,0,0,16.3,5,55,0.05,0.80,0.75,1.63,352,2,1,11.1,36.4,2026-05-10T13:00:00Z,79,False,3,0,0,0,4,0,36,0,11219,1,1,2,2,58.0,9,-481,451,932,48,False,0
James Wilson,FWD,Spurs,0.0,0,0,0,0,0,0.0,0,818,0.00,0.00,0.00,0.00,359,0,0,0.0,0.0,2026-05-11T19:00:00Z,0,False,11,0,0,0,0,0,36,0,4900,0,0,1,1,0.0,0,242,580,338,45,True,0
Darko Churlinov,MID,Burnley,0.0,0,0,0,0,0,0.0,0,204,0.00,0.00,0.00,0.00,352,0,0,0.0,0.0,2026-05-10T13:00:00Z,0,False,2,0,0,0,0,0,36,0,1579,0,0,2,2,0.0,0,-1,0,1,49,True,0
Sam Byram,DEF,Leeds,0.0,0,0,0,0,0,0.0,0,346,0.00,0.00,0.00,0.00,359,0,0,0.0,0.0,2026-05-11T19:00:00Z,0,False,18,0,0,0,0,0,36,0,46372,0,0,1,1,0.0,0,3360,4683,1323,37,False,0
Chris Richards,DEF,Crystal Palace,0.0,0,0,10,0,9,7.1,10,261,0.10,0.53,0.43,1.59,353,2,0,6.6,27.6,2026-05-10T13:00:00Z,90,False,9,0,0,0,1,0,36,0,358822,1,1,2,2,31.0,3,22776,30208,7432,44,True,0
Chris Richards,DEF,Crystal Palace,0.0,0,0,0,0,7,0.1,9,261,0.00,0.23,0.23,1.56,307,3,0,2.2,14.4,2026-05-13T19:00:00Z,90,False,13,0,0,0,2,0,36,0,358822,1,2,0,3,7.0,1,22776,30208,7432,44,False,0
Jacob Murphy,MID,Newcastle,0.0,0,0,2,1,1,2.5,1,489,0.02,0.02,0.00,0.58,357,0,0,1.5,4.8,2026-05-10T13:00:00Z,60,False,16,0,0,0,0,0,36,0,83340,1,0,1,1,8.0,3,1718,2827,1109,59,False,0
Filip Jörgensen,GK,Chelsea,0.0,0,0,11,0,0,0.0,0,221,0.00,0.00,0.00,0.56,355,1,0,2.0,19.8,2026-05-09T11:30:00Z,90,False,12,0,0,0,8,0,36,2,22231,1,0,1,1,0.0,2,1517,1705,188,43,False,0
Rodrigo 'Rodri' Hernandez Cascante,MID,Man City,0.0,0,0,0,0,0,0.0,0,421,0.00,0.00,0.00,0.00,356,0,0,0.0,0.0,2026-05-09T16:30:00Z,0,False,5,0,0,0,0,0,36,0,60930,0,0,0,3,0.0,0,-2036,41,2077,63,True,0
Rodrigo 'Rodri' Hernandez Cascante,MID,Man City,0.0,0,0,0,0,0,0.0,0,421,0.00,0.00,0.00,0.00,307,0,0,0.0,0.0,2026-05-13T19:00:00Z,0,False,8,0,0,0,0,0,36,0,60930,0,0,0,3,0.0,0,-2036,41,2077,63,True,0
Ryan Gravenberch,MID,Liverpool,0.0,0,3,33,0,2,24.3,6,390,0.10,0.14,0.04,0.50,355,1,1,8.4,47.0,2026-05-09T11:30:00Z,90,False,7,0,0,0,2,0,36,0,483965,1,2,1,1,13.0,10,-25026,3182,28208,54,True,0
Naouirou Ahamada,MID,Crystal Palace,0.0,0,0,0,0,0,0.0,0,275,0.00,0.00,0.00,0.00,353,0,0,0.0,0.0,2026-05-10T13:00:00Z,0,False,9,0,0,0,0,0,36,0,4501,0,0,2,2,0.0,0,-26,0,26,43,True,0
Naouirou Ahamada,MID,Crystal Palace,0.0,0,0,0,0,0,0.0,0,275,0.00,0.00,0.00,0.00,307,0,0,0.0,0.0,2026-05-13T19:00:00Z,0,False,13,0,0,0,0,0,36,0,4501,0,0,0,3,0.0,0,-26,0,26,43,False,0
Danny Imray,DEF,Crystal Palace,0.0,0,0,0,0,0,0.0,0,798,0.00,0.00,0.00,0.00,353,0,0,0.0,0.0,2026-05-10T13:00:00Z,0,False,9,0,0,0,0,0,36,0,300,0,0,2,2,0.0,0,-4,0,4,40,True,0
Danny Imray,DEF,Crystal Palace,0.0,0,0,0,0,0,0.0,0,798,0.00,0.00,0.00,0.00,307,0,0,0.0,0.0,2026-05-13T19:00:00Z,0,False,13,0,0,0,0,0,36,0,300,0,0,0,3,0.0,0,-4,0,4,40,False,0
Andrey Nascimento dos Santos,MID,Chelsea,0.0,0,0,14,0,0,5.3,3,246,0.01,0.01,0.00,0.50,355,1,0,1.5,5.6,2026-05-09T11:30:00Z,62,False,12,0,0,0,1,0,36,0,35946,1,2,1,1,4.0,2,-248,589,837,44,False,0
Melker Ellborg,GK,Sunderland,0.0,0,0,0,0,0,0.0,0,812,0.00,0.00,0.00,0.00,358,0,0,0.0,0.0,2026-05-09T14:00:00Z,0,False,14,0,0,0,0,0,36,0,12007,0,0,0,0,0.0,0,-1136,335,1471,40,True,0
Jake O'Brien,DEF,Everton,0.0,0,0,-1,0,1,10.8,2,293,0.01,0.01,0.00,2.56,353,2,0,1.9,6.6,2026-05-10T13:00:00Z,90,False,8,0,0,0,3,0,36,0,88392,1,1,2,2,2.0,1,1499,4306,2807,49,False,0
Gabriel Martinelli Silva,MID,Arsenal,0.0,0,0,0,0,0,0.0,0,19,0.00,0.00,0.00,0.00,360,0,0,0.0,0.0,2026-05-10T15:30:00Z,0,False,19,0,0,0,0,0,36,0,114838,0,0,1,0,0.0,0,-1702,681,2383,68,False,0
Omar Marmoush,MID,Man City,0.0,0,0,27,0,0,10.5,1,413,0.07,0.17,0.10,0.12,356,0,1,6.7,37.2,2026-05-09T16:30:00Z,30,False,5,0,0,0,0,0,36,0,323792,0,1,0,3,19.0,5,-732,1990,2722,83,True,1
Omar Marmoush,MID,Man City,0.0,0,1,26,1,0,2.8,5,413,0.02,0.36,0.34,0.53,307,0,1,6.3,33.4,2026-05-13T19:00:00Z,78,False,8,0,0,0,5,0,36,0,323792,1,0,0,3,27.0,9,-732,1990,2722,83,True,0
Patrick Bamford,FWD,Leeds,0.0,0,0,0,0,0,0.0,0,363,0.00,0.00,0.00,0.00,359,0,0,0.0,0.0,2026-05-11T19:00:00Z,0,False,18,0,0,0,0,0,36,0,42192,0,0,1,1,0.0,0,-59,0,59,49,False,0
Ezra Mayers,DEF,West Ham,0.0,0,0,0,0,0,0.0,0,747,0.00,0.00,0.00,0.00,360,0,0,0.0,0.0,2026-05-10T15:30:00Z,0,False,1,0,0,0,0,0,36,0,4850,0,0,1,0,0.0,0,-39,58,97,40,True,0
Ederson Santana de Moraes,GK,Man City,0.0,0,0,0,0,0,0.0,0,399,0.00,0.00,0.00,0.00,356,0,0,0.0,0.0,2026-05-09T16:30:00Z,0,False,5,0,0,0,0,0,36,0,103635,0,0,0,3,0.0,0,-104,0,104,53,True,0
Ederson Santana de Moraes,GK,Man City,0.0,0,0,0,0,0,0.0,0,399,0.00,0.00,0.00,0.00,307,0,0,0.0,0.0,2026-05-13T19:00:00Z,0,False,8,0,0,0,0,0,36,0,103635,0,0,0,3,0.0,0,-104,0,104,53,True,0
Jay Matete,MID,Sunderland,0.0,0,0,0,0,0,0.0,0,558,0.00,0.00,0.00,0.00,358,0,0,0.0,0.0,2026-05-09T14:00:00Z,0,False,14,0,0,0,0,0,36,0,20409,0,0,0,0,0.0,0,-111,0,111,43,True,0
James Milner,MID,Brighton,0.0,0,0,0,0,0,0.0,0,170,0.00,0.00,0.00,0.00,351,0,0,0.0,0.0,2026-05-09T14:00:00Z,0,False,20,0,0,0,0,0,36,0,13524,0,0,0,3,0.0,0,-64,72,136,49,True,0
João Pedro Ferreira da Silva,MID,Nott'm Forest,0.0,0,0,0,0,0,0.0,0,518,0.00,0.00,0.00,0.00,357,0,0,0.0,0.0,2026-05-10T13:00:00Z,0,False,15,0,0,0,0,0,36,0,4834,0,0,1,1,0.0,0,-2,0,2,54,True,0
Darwin Núñez Ribeiro,FWD,Liverpool,0.0,0,0,0,0,0,0.0,0,397,0.00,0.00,0.00,0.00,355,0,0,0.0,0.0,2026-05-09T11:30:00Z,0,False,7,0,0,0,0,0,36,0,7970,0,0,1,1,0.0,0,-2,0,2,65,True,0
Nazarii Rusyn,FWD,Sunderland,0.0,0,0,0,0,0,0.0,0,564,0.00,0.00,0.00,0.00,358,0,0,0.0,0.0,2026-05-09T14:00:00Z,0,False,14,0,0,0,0,0,36,0,10427,0,0,0,0,0.0,0,-14,0,14,44,True,0
Blondy Nna Noukeu,GK,Sunderland,0.0,0,0,0,0,0,0.0,0,530,0.00,0.00,0.00,0.00,358,0,0,0.0,0.0,2026-05-09T14:00:00Z,0,False,14,0,0,0,0,0,36,0,13376,0,0,0,0,0.0,0,-105,0,105,39,True,0
Andre Harriman-Annous,MID,Arsenal,0.0,0,0,0,0,0,0.0,0,711,0.00,0.00,0.00,0.00,360,0,0,0.0,0.0,2026-05-10T15:30:00Z,0,False,19,0,0,0,0,0,36,0,2074,0,0,1,0,0.0,0,-4,22,26,44,False,0
Stefan Bajčetić Maquieira,MID,Liverpool,0.0,0,0,0,0,0,0.0,0,393,0.00,0.00,0.00,0.00,355,0,0,0.0,0.0,2026-05-09T11:30:00Z,0,False,7,0,0,0,0,0,36,0,21719,0,0,1,1,0.0,0,5171,6758,1587,42,True,0
Eddie Nketiah,FWD,Crystal Palace,0.0,0,0,0,0,0,0.0,0,284,0.00,0.00,0.00,0.00,353,0,0,0.0,0.0,2026-05-10T13:00:00Z,0,False,9,0,0,0,0,0,36,0,36582,0,0,2,2,0.0,0,-142,53,195,54,True,0
Eddie Nketiah,FWD,Crystal Palace,0.0,0,0,0,0,0,0.0,0,284,0.00,0.00,0.00,0.00,307,0,0,0.0,0.0,2026-05-13T19:00:00Z,0,False,13,0,0,0,0,0,36,0,36582,0,0,0,3,0.0,0,-142,53,195,54,False,0
Sean Longstaff,MID,Leeds,0.0,0,0,2,0,1,8.3,2,493,0.02,0.27,0.25,0.10,359,0,0,3.6,3.2,2026-05-11T19:00:00Z,1,False,18,0,0,0,1,0,36,0,29371,0,0,1,1,24.0,1,-149,256,405,48,False,0
Jenson Metcalfe,MID,Everton,0.0,0,0,0,0,0,0.0,0,309,0.00,0.00,0.00,0.00,353,0,0,0.0,0.0,2026-05-10T13:00:00Z,0,False,8,0,0,0,0,0,36,0,85,0,0,2,2,0.0,0,0,0,0,45,False,0
Nathaniel Clyne,DEF,Crystal Palace,0.0,0,0,0,0,0,0.0,0,263,0.00,0.00,0.00,0.00,353,0,0,0.0,0.0,2026-05-10T13:00:00Z,0,False,9,0,0,0,0,0,36,0,63040,0,0,2,2,0.0,0,-487,673,1160,38,True,0
Nathaniel Clyne,DEF,Crystal Palace,0.0,0,0,0,0,2,0.1,3,263,0.00,0.00,0.00,0.60,307,1,0,0.8,8.0,2026-05-13T19:00:00Z,8,False,13,0,0,0,0,0,36,0,63040,0,1,0,3,0.0,1,-487,673,1160,38,False,0
Pascal Struijk,DEF,Leeds,0.0,0,0,9,0,4,0.2,5,343,0.01,0.05,0.04,0.87,359,1,0,1.7,10.4,2026-05-11T19:00:00Z,55,False,18,0,0,0,4,0,36,0,334755,1,1,1,1,6.0,1,-94159,2168,96327,43,False,0
Morgan Gibbs-White,MID,Nott'm Forest,0.0,0,0,0,0,0,0.0,0,515,0.00,0.00,0.00,0.00,357,0,0,0.0,0.0,2026-05-10T13:00:00Z,0,False,15,0,0,0,0,0,36,0,1186213,0,0,1,1,0.0,0,-428034,61818,489852,76,True,0
Joe Gelhardt,MID,Leeds,0.0,0,0,0,0,0,0.0,0,360,0.00,0.00,0.00,0.00,359,0,0,0.0,0.0,2026-05-11T19:00:00Z,0,False,18,0,0,0,0,0,36,0,953,0,0,1,1,0.0,0,-2,0,2,45,False,0
Mohamed Salah,MID,Liverpool,0.0,0,0,0,0,0,0.0,0,381,0.00,0.00,0.00,0.00,355,0,0,0.0,0.0,2026-05-09T11:30:00Z,0,False,7,0,0,0,0,0,36,0,1797913,0,0,1,1,0.0,0,-35596,187,35783,140,True,0
Calvin Ramsay,DEF,Liverpool,0.0,0,0,0,0,0,0.0,0,380,0.00,0.00,0.00,0.00,355,0,0,0.0,0.0,2026-05-09T11:30:00Z,0,False,7,0,0,0,0,0,36,0,37190,0,0,1,1,0.0,0,1857,2481,624,37,True,0
Benjamin Sesko,FWD,Man Utd,0.0,0,0,0,0,0,0.0,0,681,0.00,0.00,0.00,0.00,358,0,0,0.0,0.0,2026-05-09T14:00:00Z,0,False,17,0,0,0,0,0,36,0,735308,0,0,0,0,0.0,0,-48083,26169,74252,73,False,0
João Pedro Junqueira de Jesus,FWD,Chelsea,0.0,0,0,10,0,0,2.0,2,249,0.02,0.19,0.17,0.56,355,1,0,2.2,1.6,2026-05-09T11:30:00Z,90,False,12,0,0,0,1,0,36,0,5007299,1,1,1,1,18.0,2,-335942,43344,379286,75,False,0
Isaac Schmidt,DEF,Leeds,0.0,0,0,0,0,0,0.0,0,349,0.00,0.00,0.00,0.00,359,0,0,0.0,0.0,2026-05-11T19:00:00Z,0,False,18,0,0,0,0,0,36,0,7879,0,0,1,1,0.0,0,-18,0,18,40,False,0
Franco Umeh-Chibueze,MID,Crystal Palace,0.0,0,0,0,0,0,0.0,0,282,0.00,0.00,0.00,0.00,353,0,0,0.0,0.0,2026-05-10T13:00:00Z,0,False,9,0,0,0,0,0,36,0,1943,0,0,2,2,0.0,0,-1,0,1,45,True,0
Franco Umeh-Chibueze,MID,Crystal Palace,0.0,0,0,0,0,0,0.0,0,282,0.00,0.00,0.00,0.00,307,0,0,0.0,0.0,2026-05-13T19:00:00Z,0,False,13,0,0,0,0,0,36,0,1943,0,0,0,3,0.0,0,-1,0,1,45,False,0
Lutsharel Geertruida,DEF,Sunderland,0.0,0,0,26,1,4,14.7,4,724,0.06,0.30,0.24,0.62,358,0,0,6.5,16.4,2026-05-09T14:00:00Z,90,False,14,0,0,0,2,0,36,0,6798,1,0,0,0,34.0,6,-182,73,255,45,True,0
James Hill,DEF,Bournemouth,0.0,0,0,24,1,8,10.1,9,77,0.01,0.01,0.00,1.33,354,0,0,3.0,19.6,2026-05-09T14:00:00Z,90,False,10,0,0,0,0,0,36,0,981027,1,1,1,0,0.0,6,-18027,20570,38597,42,False,0
Bukayo Saka,MID,Arsenal,0.0,0,0,-2,1,1,43.3,3,16,0.25,0.29,0.04,0.93,360,0,0,5.8,6.4,2026-05-10T15:30:00Z,79,False,19,0,0,0,2,0,36,0,1457503,1,0,1,0,8.0,2,460717,470174,9457,99,False,1
Santiago Ignacio Bueno,DEF,Wolves,0.0,0,0,-5,0,6,0.0,6,636,0.01,0.01,0.00,1.62,351,3,0,0.8,8.2,2026-05-09T14:00:00Z,90,False,6,0,0,0,0,0,36,0,18518,1,0,0,3,0.0,1,-29,2204,2233,44,False,0
Alex Tóth,MID,Bournemouth,0.0,0,0,3,0,1,10.8,2,801,0.02,0.02,0.00,0.34,354,0,0,1.2,1.4,2026-05-09T14:00:00Z,1,False,10,0,0,0,1,0,36,0,931,0,0,1,0,0.0,1,3,20,17,49,False,0
Nicolás Domínguez,MID,Nott'm Forest,0.0,0,0,4,0,1,0.7,5,519,0.00,0.00,0.00,0.57,357,0,0,0.6,5.2,2026-05-10T13:00:00Z,45,False,15,0,0,0,2,0,36,0,4399,1,2,1,1,0.0,1,6,87,81,50,True,0
Remi Matthews,GK,Crystal Palace,0.0,0,0,0,0,0,0.0,0,255,0.00,0.00,0.00,0.00,353,0,0,0.0,0.0,2026-05-10T13:00:00Z,0,False,9,0,0,0,0,0,36,0,13105,0,0,2,2,0.0,0,-52,77,129,39,True,0
Remi Matthews,GK,Crystal Palace,0.0,0,0,0,0,0,0.0,0,255,0.00,0.00,0.00,0.00,307,0,0,0.0,0.0,2026-05-13T19:00:00Z,0,False,13,0,0,0,0,0,36,0,13105,0,0,0,3,0.0,0,-52,77,129,39,False,0
Illan Meslier,GK,Leeds,0.0,0,0,0,0,0,0.0,0,339,0.00,0.00,0.00,0.00,359,0,0,0.0,0.0,2026-05-11T19:00:00Z,0,False,18,0,0,0,0,0,36,0,43360,0,0,1,1,0.0,0,-40,303,343,41,False,0
Martin Dúbravka,GK,Burnley,0.0,0,0,0,0,0,0.0,0,470,0.00,0.00,0.00,0.00,352,0,0,0.0,0.0,2026-05-10T13:00:00Z,0,False,2,0,0,0,0,0,36,0,3471821,0,0,2,2,0.0,0,-51478,10056,61534,40,True,0
Yasin Özcan,DEF,Aston Villa,0.0,0,0,0,0,0,0.0,0,46,0.00,0.00,0.00,0.00,352,0,0,0.0,0.0,2026-05-10T13:00:00Z,0,False,3,0,0,0,0,0,36,0,13913,0,0,2,2,0.0,0,-40,0,40,40,False,0
Connor Roberts,DEF,Burnley,0.0,0,0,0,0,0,0.0,0,186,0.00,0.00,0.00,0.00,352,0,0,0.0,0.0,2026-05-10T13:00:00Z,0,False,2,0,0,0,0,0,36,0,3619,0,0,2,2,0.0,0,12,33,21,43,True,0
Temple Ojinnaka,MID,Wolves,0.0,0,0,0,0,0,0.0,0,777,0.00,0.00,0.00,0.00,351,0,0,0.0,0.0,2026-05-09T14:00:00Z,0,False,6,0,0,0,0,0,36,0,234,0,0,0,3,0.0,0,-3,0,3,45,False,0
Murillo Costa dos Santos,DEF,Nott'm Forest,0.0,0,0,0,0,0,0.0,0,506,0.00,0.00,0.00,0.00,357,0,0,0.0,0.0,2026-05-10T13:00:00Z,0,False,15,0,0,0,0,0,36,0,239930,0,0,1,1,0.0,0,-8403,107,8510,52,True,0
Ferdi Kadıoğlu,DEF,Brighton,0.0,0,0,21,1,1,5.4,2,148,0.04,0.04,0.00,0.49,351,0,0,0.9,3.8,2026-05-09T14:00:00Z,90,False,20,0,0,0,5,0,36,0,176731,1,1,0,3,0.0,6,43738,48734,4996,44,True,0
Aji Alese,DEF,Sunderland,0.0,0,0,0,0,0,0.0,0,533,0.00,0.00,0.00,0.00,358,0,0,0.0,0.0,2026-05-09T14:00:00Z,0,False,14,0,0,0,0,0,36,0,437,0,0,0,0,0.0,0,-2,0,2,40,True,0
Harry Gray,FWD,Leeds,0.0,0,0,0,0,0,0.0,0,741,0.00,0.00,0.00,0.00,359,0,0,0.0,0.0,2026-05-11T19:00:00Z,0,False,18,0,0,0,0,0,36,0,10191,0,0,1,1,0.0,0,-48,0,48,45,False,0
Kaden Rodney,MID,Crystal Palace,0.0,0,0,0,0,0,0.0,0,281,0.00,0.00,0.00,0.00,353,0,0,0.0,0.0,2026-05-10T13:00:00Z,0,False,9,0,0,0,0,0,36,0,6569,0,0,2,2,0.0,0,88,152,64,44,True,0
Kaden Rodney,MID,Crystal Palace,0.0,0,0,0,0,0,0.0,0,281,0.00,0.00,0.00,0.00,307,0,0,0.0,0.0,2026-05-13T19:00:00Z,0,False,13,0,0,0,0,0,36,0,6569,0,0,0,3,0.0,0,88,152,64,44,False,0
Odysseas Vlachodimos,GK,Newcastle,0.0,0,0,0,0,0,0.0,0,472,0.00,0.00,0.00,0.00,357,0,0,0.0,0.0,2026-05-10T13:00:00Z,0,False,16,0,0,0,0,0,36,0,1703,0,0,1,1,0.0,0,-3,0,3,40,False,0
Yunus Emre Konak,MID,Brentford,0.0,0,0,0,0,0,0.0,0,131,0.00,0.00,0.00,0.00,356,0,0,0.0,0.0,2026-05-09T16:30:00Z,0,False,13,0,0,0,0,0,36,0,17575,0,0,0,3,0.0,0,-158,0,158,43,False,0
Kyle Walker-Peters,DEF,West Ham,0.0,0,0,0,0,0,0.0,0,659,0.00,0.00,0.00,0.00,360,0,0,0.0,0.0,2026-05-10T15:30:00Z,0,False,1,0,0,0,0,0,36,0,35437,0,0,1,0,0.0,0,-927,413,1340,42,True,0
Gabriel Gudmundsson,DEF,Leeds,0.0,0,0,0,0,0,0.0,0,347,0.00,0.00,0.00,0.00,359,0,0,0.0,0.0,2026-05-11T19:00:00Z,0,False,18,0,0,0,0,0,36,0,357959,0,0,1,1,0.0,0,-32061,168,32229,38,False,0
Jacob Slater,DEF,Brighton,0.0,0,0,0,0,0,0.0,0,155,0.00,0.00,0.00,0.00,351,0,0,0.0,0.0,2026-05-09T14:00:00Z,0,False,20,0,0,0,0,0,36,0,11172,0,0,0,3,0.0,0,-24,0,24,40,True,0
Joe White,MID,Newcastle,0.0,0,0,0,0,0,0.0,0,498,0.00,0.00,0.00,0.00,357,0,0,0.0,0.0,2026-05-10T13:00:00Z,0,False,16,0,0,0,0,0,36,0,685,0,0,1,1,0.0,0,-1,0,1,45,False,0
Sam Alabi,MID,Newcastle,0.0,0,0,0,0,0,0.0,0,772,0.00,0.00,0.00,0.00,357,0,0,0.0,0.0,2026-05-10T13:00:00Z,0,False,16,0,0,0,0,0,36,0,779,0,0,1,1,0.0,0,-2,33,35,45,False,0
Tyrell Malacia,DEF,Man Utd,0.0,0,0,0,0,0,0.0,0,448,0.00,0.00,0.00,0.00,358,0,0,0.0,0.0,2026-05-09T14:00:00Z,0,False,17,0,0,0,0,0,36,0,66872,0,0,0,0,0.0,0,4332,6139,1807,37,False,0
Ian Maatsen,DEF,Aston Villa,0.0,0,0,2,0,5,11.1,8,39,0.01,0.05,0.04,1.63,352,2,0,3.3,17.2,2026-05-10T13:00:00Z,73,False,3,0,0,0,4,0,36,0,73599,1,3,2,2,5.0,1,-1082,665,1747,42,False,0
Nathan Aké,DEF,Man City,0.0,0,0,29,1,6,14.3,6,405,0.01,0.37,0.36,0.24,356,0,0,7.7,19.6,2026-05-09T16:30:00Z,90,False,5,0,0,0,2,0,36,0,78410,1,0,0,3,43.0,6,-193,209,402,52,True,0
Nathan Aké,DEF,Man City,0.0,0,0,3,0,0,1.5,0,405,0.01,0.01,0.00,0.27,307,0,0,0.4,2.0,2026-05-13T19:00:00Z,32,False,8,0,0,0,0,0,36,0,78410,0,0,0,3,0.0,1,-193,209,402,52,True,0
Enso González Medina,MID,Wolves,0.0,0,0,0,0,0,0.0,0,652,0.00,0.00,0.00,0.00,351,0,0,0.0,0.0,2026-05-09T14:00:00Z,0,False,6,0,0,0,0,0,36,0,160220,0,0,0,3,0.0,0,-571,1112,1683,43,False,0
Jayden Bogle,DEF,Leeds,0.0,0,0,0,0,0,0.0,0,342,0.00,0.00,0.00,0.00,359,0,0,0.0,0.0,2026-05-11T19:00:00Z,0,False,18,0,0,0,0,0,36,0,85693,0,0,1,1,0.0,0,-7926,2180,10106,44,False,0
James Maddison,MID,Spurs,0.0,0,0,2,0,0,5.3,1,581,0.04,0.04,0.00,0.25,359,0,0,1.1,1.4,2026-05-11T19:00:00Z,5,False,11,0,0,0,1,0,36,0,18141,0,0,1,1,4.0,1,332,1104,772,68,True,0
Pervis Estupiñán Tenorio,DEF,Brighton,0.0,0,0,0,0,0,0.0,0,147,0.00,0.00,0.00,0.00,351,0,0,0.0,0.0,2026-05-09T14:00:00Z,0,False,20,0,0,0,0,0,36,0,1161,0,0,0,3,0.0,0,0,0,0,45,True,0
Solly March,MID,Brighton,0.0,0,0,3,0,0,0.0,0,159,0.00,0.00,0.00,0.11,351,0,0,0.0,0.0,2026-05-09T14:00:00Z,2,False,20,0,0,0,0,0,36,0,1992,0,0,0,3,0.0,1,-26,192,218,58,True,0
Wes Foderingham,GK,West Ham,0.0,0,0,0,0,0,0.0,0,601,0.00,0.00,0.00,0.00,360,0,0,0.0,0.0,2026-05-10T15:30:00Z,0,False,1,0,0,0,0,0,36,0,28557,0,0,1,0,0.0,0,-118,0,118,40,True,0
Kobbie Mainoo,MID,Man Utd,0.0,0,0,15,1,6,4.3,12,458,0.02,0.10,0.08,1.25,358,0,0,2.6,18.0,2026-05-09T14:00:00Z,90,False,17,0,0,0,6,0,36,0,158212,1,0,0,0,4.0,5,21145,24866,3721,47,False,0
Ryan Yates,MID,Nott'm Forest,0.0,0,0,0,0,1,11.7,2,522,0.14,0.26,0.12,0.91,357,1,0,2.3,0.8,2026-05-10T13:00:00Z,45,False,15,0,0,0,1,0,36,0,8732,0,0,1,1,10.0,0,210,304,94,47,True,1
Luka Bentt,MID,Brentford,0.0,0,0,0,0,0,0.0,0,810,0.00,0.00,0.00,0.00,356,0,0,0.0,0.0,2026-05-09T16:30:00Z,0,False,13,0,0,0,0,0,36,0,502,0,0,0,3,0.0,0,12,35,23,45,False,0
Kevin Schade,MID,Brentford,0.0,0,0,-1,0,2,0.8,4,120,0.00,0.00,0.00,2.98,356,3,0,0.5,4.6,2026-05-09T16:30:00Z,90,False,13,0,0,0,0,0,36,0,182799,1,2,0,3,0.0,2,-33767,2230,35997,68,False,0
David Møller Wolfe,DEF,Wolves,0.0,0,0,0,0,1,10.5,1,682,0.01,0.01,0.00,0.80,351,1,0,1.7,6.2,2026-05-09T14:00:00Z,45,False,6,0,0,0,0,0,36,0,8381,0,0,0,3,0.0,1,-19,47,66,42,False,0
Arthur Masuaku,DEF,Sunderland,0.0,0,0,0,0,0,0.0,0,678,0.00,0.00,0.00,0.00,358,0,0,0.0,0.0,2026-05-09T14:00:00Z,0,False,14,0,0,0,0,0,36,0,60775,0,0,0,0,0.0,0,-299,0,299,39,True,0
Filip Marschall,GK,Aston Villa,0.0,0,0,0,0,0,0.0,0,35,0.00,0.00,0.00,0.00,352,0,0,0.0,0.0,2026-05-10T13:00:00Z,0,False,3,0,0,0,0,0,36,0,1042,0,0,2,2,0.0,0,-1,0,1,40,False,0
Keiber Lamadrid,MID,West Ham,0.0,0,0,0,0,0,0.0,0,802,0.00,0.00,0.00,0.00,360,0,0,0.0,0.0,2026-05-10T15:30:00Z,0,False,1,0,0,0,0,0,36,0,822,0,0,1,0,0.0,0,-21,38,59,50,True,0
Joe Gomez,DEF,Liverpool,0.0,0,0,-2,0,1,0.1,2,376,0.00,0.00,0.00,0.00,355,0,0,0.2,2.0,2026-05-09T11:30:00Z,13,False,7,0,0,0,0,0,36,0,19418,0,1,1,1,0.0,0,-21,104,125,49,True,1
Felipe Rodrigues da Silva,DEF,Nott'm Forest,0.0,0,0,10,0,8,12.4,9,511,0.07,0.07,0.00,1.48,357,1,0,3.7,25.0,2026-05-10T13:00:00Z,90,False,15,0,0,0,3,0,36,0,11092,1,1,1,1,0.0,2,41,158,117,43,True,0
Mohammed Kudus,MID,Spurs,0.0,0,0,0,0,0,0.0,0,582,0.00,0.00,0.00,0.00,359,0,0,0.0,0.0,2026-05-11T19:00:00Z,0,False,11,0,0,0,0,0,36,0,1201919,0,0,1,1,0.0,0,-2994,34,3028,64,True,0
Richarlison de Andrade,FWD,Spurs,0.0,0,0,1,0,2,13.3,4,597,0.06,0.59,0.53,1.34,359,1,0,5.7,5.8,2026-05-11T19:00:00Z,90,False,11,0,0,0,2,0,36,0,815603,1,0,1,1,38.0,2,73415,79075,5660,63,True,0
Michael Kayode,DEF,Brentford,0.0,0,0,0,0,3,13.5,6,110,0.02,0.02,0.00,2.98,356,3,0,2.9,15.2,2026-05-09T16:30:00Z,90,False,13,0,0,0,2,0,36,0,138922,1,3,0,3,0.0,1,-11221,2739,13960,46,False,0
Granit Xhaka,MID,Sunderland,0.0,0,0,25,1,3,21.4,17,668,0.27,0.30,0.03,0.62,358,0,0,4.5,22.8,2026-05-09T14:00:00Z,90,False,14,0,0,0,11,0,36,0,421961,1,3,0,0,1.0,5,-3559,5068,8627,51,True,0
Christos Mandas,GK,Bournemouth,0.0,0,0,0,0,0,0.0,0,806,0.00,0.00,0.00,0.00,354,0,0,0.0,0.0,2026-05-09T14:00:00Z,0,False,10,0,0,0,0,0,36,0,1135,0,0,1,0,0.0,0,19,41,22,40,False,0
Mikkel Damsgaard,MID,Brentford,0.0,0,0,11,0,5,1.8,18,121,0.01,0.01,0.00,1.70,356,1,0,1.5,13.6,2026-05-09T16:30:00Z,68,False,13,0,0,0,7,0,36,0,94953,1,6,0,3,0.0,4,-3512,4014,7526,56,False,0
Albert Sambi Lokonga,MID,Arsenal,0.0,0,0,0,0,0,0.0,0,29,0.00,0.00,0.00,0.00,360,0,0,0.0,0.0,2026-05-10T15:30:00Z,0,False,19,0,0,0,0,0,36,0,6301,0,0,1,0,0.0,0,-4,0,4,45,False,0
Declan Rice,MID,Arsenal,0.0,0,0,18,1,6,35.9,10,21,0.38,0.38,0.00,1.15,360,0,0,5.5,17.4,2026-05-10T15:30:00Z,90,False,19,0,0,0,3,0,36,0,3130869,1,1,1,0,2.0,3,-34842,87913,122755,72,False,0
Mathias Jensen,MID,Brentford,0.0,0,0,8,0,8,7.6,17,126,0.02,0.03,0.01,2.98,356,3,0,2.5,15.2,2026-05-09T16:30:00Z,90,False,13,0,0,0,7,0,36,0,17905,1,2,0,3,2.0,4,-230,2099,2329,49,False,0
Joël Veltman,DEF,Brighton,0.0,0,0,3,0,1,1.9,1,152,0.01,0.01,0.00,0.18,351,0,0,0.6,4.4,2026-05-09T14:00:00Z,32,False,20,0,0,0,0,0,36,0,17486,0,0,0,3,0.0,1,371,677,306,43,True,0
Joachim Andersen,DEF,Fulham,0.0,0,0,-11,0,1,0.9,1,317,0.01,0.06,0.05,0.11,354,1,0,0.1,0.0,2026-05-09T14:00:00Z,51,False,4,0,0,0,2,1,36,0,545765,1,0,1,0,4.0,-2,-1048,20664,21712,45,True,0
Jim Thwaites,MID,Man Utd,0.0,0,0,0,0,0,0.0,0,827,0.00,0.00,0.00,0.00,358,0,0,0.0,0.0,2026-05-09T14:00:00Z,0,False,17,0,0,0,0,0,36,0,97,0,0,0,0,0.0,0,25,32,7,45,False,0
James Garner,MID,Everton,0.0,0,0,19,0,1,50.8,7,303,0.31,0.35,0.04,2.56,353,2,0,7.9,19.6,2026-05-10T13:00:00Z,90,False,8,0,0,0,4,0,36,0,498436,1,2,2,2,9.0,1,-14391,20415,34806,52,False,1
Stephen Mfuni,DEF,Man City,0.0,0,0,0,0,0,0.0,0,740,0.00,0.00,0.00,0.00,356,0,0,0.0,0.0,2026-05-09T16:30:00Z,0,False,5,0,0,0,0,0,36,0,4720,0,0,0,3,0.0,0,-11,0,11,39,True,0
Stephen Mfuni,DEF,Man City,0.0,0,0,0,0,0,0.0,0,740,0.00,0.00,0.00,0.00,307,0,0,0.0,0.0,2026-05-13T19:00:00Z,0,False,8,0,0,0,0,0,36,0,4720,0,0,0,3,0.0,0,-11,0,11,39,True,0
Joshua Zirkzee,FWD,Man Utd,0.0,0,0,2,1,2,3.2,2,466,0.01,0.09,0.08,1.15,358,0,0,1.1,0.0,2026-05-09T14:00:00Z,64,False,17,0,0,0,0,0,36,0,53448,1,0,0,0,8.0,1,168,596,428,58,False,1
Jayden Meghoma,DEF,Brentford,0.0,0,0,0,0,0,0.0,0,118,0.00,0.00,0.00,0.00,356,0,0,0.0,0.0,2026-05-09T16:30:00Z,0,False,13,0,0,0,0,0,36,0,5213,0,0,0,3,0.0,0,-10,0,10,40,False,0
Conor Bradley,DEF,Liverpool,0.0,0,0,0,0,0,0.0,0,375,0.00,0.00,0.00,0.00,355,0,0,0.0,0.0,2026-05-09T11:30:00Z,0,False,7,0,0,0,0,0,36,0,18747,0,0,1,1,0.0,0,-52,19,71,49,True,0
Igor Thiago Nascimento Rodrigues,FWD,Brentford,0.0,0,0,8,0,3,12.6,6,136,0.01,0.20,0.19,2.98,356,3,0,6.5,14.8,2026-05-09T16:30:00Z,90,False,13,0,0,0,1,0,36,0,4157939,1,2,0,3,38.0,2,-407275,40026,447301,73,False,0
Florian Wirtz,MID,Liverpool,0.0,0,0,0,0,0,0.0,0,382,0.00,0.00,0.00,0.00,355,0,0,0.0,0.0,2026-05-09T11:30:00Z,0,False,7,0,0,0,0,0,36,0,1164070,0,0,1,1,0.0,0,-26874,15377,42251,83,True,0
Leandro Trossard,MID,Arsenal,0.0,0,1,27,1,0,16.4,3,20,0.04,0.49,0.45,1.15,360,0,1,11.3,37.6,2026-05-10T15:30:00Z,90,False,19,0,0,0,2,0,36,0,105329,1,1,1,0,59.0,8,6506,9325,2819,65,False,1
William Saliba,DEF,Arsenal,0.0,0,0,26,1,6,3.2,8,6,0.16,0.16,0.00,1.15,360,0,0,3.3,22.2,2026-05-10T15:30:00Z,90,False,19,0,0,0,5,0,36,0,2052330,1,2,1,0,8.0,5,58691,86995,28304,62,False,1
Harry Amass,DEF,Man Utd,0.0,0,0,0,0,0,0.0,0,445,0.00,0.00,0.00,0.00,358,0,0,0.0,0.0,2026-05-09T14:00:00Z,0,False,17,0,0,0,0,0,36,0,8590,0,0,0,0,0.0,0,-12,0,12,40,False,0
Cheick Doucouré,MID,Crystal Palace,0.0,0,0,0,0,0,0.0,0,268,0.00,0.00,0.00,0.00,353,0,0,0.0,0.0,2026-05-10T13:00:00Z,0,False,9,0,0,0,0,0,36,0,431,0,0,2,2,0.0,0,-5,11,16,49,True,0
Cheick Doucouré,MID,Crystal Palace,0.0,0,0,0,0,0,0.0,0,268,0.00,0.00,0.00,0.00,307,0,0,0.0,0.0,2026-05-13T19:00:00Z,0,False,13,0,0,0,0,0,36,0,431,0,0,0,3,0.0,0,-5,11,16,49,False,0
Anthony Elanga,MID,Newcastle,0.0,0,0,0,0,0,0.0,0,486,0.00,0.00,0.00,0.00,357,0,0,0.0,0.0,2026-05-10T13:00:00Z,0,False,16,0,0,0,0,0,36,0,344816,0,0,1,1,0.0,0,-2993,806,3799,65,False,0
Noni Madueke,MID,Arsenal,0.0,0,0,4,0,2,0.8,2,18,0.01,0.01,0.00,0.23,360,0,0,0.3,2.2,2026-05-10T15:30:00Z,10,False,19,0,0,0,0,0,36,0,104013,0,0,1,0,0.0,1,-3304,952,4256,68,False,0
Saša Lukić,MID,Fulham,0.0,0,0,12,0,2,18.1,5,332,0.12,0.16,0.04,0.82,354,1,0,5.2,16.2,2026-05-09T14:00:00Z,90,False,4,0,0,0,2,0,36,0,7795,1,1,1,0,18.0,1,137,325,188,49,True,1
Luke Rawlings,MID,Wolves,0.0,0,0,0,0,0,0.0,0,767,0.00,0.00,0.00,0.00,351,0,0,0.0,0.0,2026-05-09T14:00:00Z,0,False,6,0,0,0,0,0,36,0,940,0,0,0,3,0.0,0,16,65,49,45,False,0
Max Dowman,MID,Arsenal,0.0,0,0,0,0,0,0.0,0,700,0.00,0.00,0.00,0.00,360,0,0,0.0,0.0,2026-05-10T15:30:00Z,0,False,19,0,0,0,0,0,36,0,109683,0,0,1,0,0.0,0,6403,14304,7901,42,False,0
Stefan Ortega Moreno,GK,Nott'm Forest,0.0,0,0,0,0,0,0.0,0,400,0.00,0.00,0.00,0.00,357,0,0,0.0,0.0,2026-05-10T13:00:00Z,0,False,15,0,0,0,0,0,36,0,24911,0,0,1,1,0.0,0,60,528,468,47,True,0
Rúben dos Santos Gato Alves Dias,DEF,Man City,0.0,0,0,0,0,0,0.0,0,408,0.00,0.00,0.00,0.00,356,0,0,0.0,0.0,2026-05-09T16:30:00Z,0,False,5,0,0,0,0,0,36,0,406617,0,0,0,3,0.0,0,-3671,77,3748,55,True,0
Rúben dos Santos Gato Alves Dias,DEF,Man City,0.0,0,0,0,0,0,0.0,0,408,0.00,0.00,0.00,0.00,307,0,0,0.0,0.0,2026-05-13T19:00:00Z,0,False,8,0,0,0,0,0,36,0,406617,0,0,0,3,0.0,0,-3671,77,3748,55,True,0
Jayden Lienou,DEF,Leeds,0.0,0,0,0,0,0,0.0,0,837,0.00,0.00,0.00,0.00,359,0,0,0.0,0.0,2026-05-11T19:00:00Z,0,False,18,0,0,0,0,0,36,0,0,0,0,1,1,0.0,0,0,0,0,40,False,0
Chris Mepham,DEF,Bournemouth,0.0,0,0,0,0,0,0.0,0,79,0.00,0.00,0.00,0.00,354,0,0,0.0,0.0,2026-05-09T14:00:00Z,0,False,10,0,0,0,0,0,36,0,8522,0,0,1,0,0.0,0,-19,0,19,40,False,0
Joe Willock,MID,Newcastle,0.0,0,0,0,0,0,0.0,0,494,0.00,0.00,0.00,0.00,357,0,0,0.0,0.0,2026-05-10T13:00:00Z,0,False,16,0,0,0,0,0,36,0,11742,0,0,1,1,0.0,0,-42,232,274,50,False,0
Elliot Anderson,MID,Nott'm Forest,0.0,0,3,30,0,1,4.8,12,517,0.03,0.16,0.13,1.48,357,1,1,7.6,36.6,2026-05-10T13:00:00Z,90,False,15,0,0,0,10,0,36,0,910076,1,1,1,1,35.0,12,-35589,26994,62583,56,True,0
Jack Hinshelwood,MID,Brighton,0.0,0,0,31,1,1,1.8,1,163,0.03,0.27,0.24,0.39,351,0,1,6.2,34.0,2026-05-09T14:00:00Z,87,False,20,0,0,0,0,0,36,0,132491,1,0,0,3,26.0,8,60889,63001,2112,51,True,0
David Brooks,MID,Bournemouth,0.0,0,0,3,0,0,0.0,2,86,0.00,0.00,0.00,0.34,354,0,0,0.3,3.2,2026-05-09T14:00:00Z,11,False,10,0,0,0,1,0,36,0,23161,0,1,1,0,0.0,1,259,560,301,50,False,0
Kevin Santos Lopes de Macedo,MID,Fulham,0.0,0,0,11,0,0,1.3,3,731,0.00,0.03,0.03,0.38,354,0,0,3.4,11.4,2026-05-09T14:00:00Z,28,False,4,0,0,0,1,0,36,0,6532,0,2,1,0,21.0,1,-17,59,76,57,True,0
Nikola Milenković,DEF,Nott'm Forest,0.0,0,0,8,0,8,3.6,9,505,0.00,0.00,0.00,1.48,357,1,0,2.7,23.8,2026-05-10T13:00:00Z,90,False,15,0,0,0,5,0,36,0,434246,1,1,1,1,0.0,2,-4343,3787,8130,51,True,0
Julio Soler Barreto,DEF,Bournemouth,0.0,0,0,0,0,0,0.0,0,80,0.00,0.00,0.00,0.00,354,0,0,0.0,0.0,2026-05-09T14:00:00Z,0,False,10,0,0,0,0,0,36,0,24884,0,0,1,0,0.0,0,56,169,113,39,False,0
Pascal Groß,MID,Brighton,0.0,1,0,24,1,0,25.4,6,783,0.17,0.40,0.23,0.49,351,0,0,8.2,20.0,2026-05-09T14:00:00Z,90,False,20,0,0,0,2,0,36,0,424481,1,4,0,3,37.0,6,81943,93396,11453,56,True,0
Mamadou Sarr,DEF,Chelsea,0.0,0,0,0,0,0,0.0,0,231,0.00,0.00,0.00,0.00,355,0,0,0.0,0.0,2026-05-09T11:30:00Z,0,False,12,0,0,0,0,0,36,0,3372,0,0,1,1,0.0,0,-34,89,123,45,False,0
Lukas Nmecha,FWD,Leeds,0.0,0,0,9,0,3,1.6,7,365,0.00,0.06,0.06,0.20,359,0,0,3.3,14.0,2026-05-11T19:00:00Z,27,False,18,0,0,0,1,0,36,0,71576,0,3,1,1,17.0,1,-1062,655,1717,50,False,0
Loum Tchaouna,MID,Burnley,0.0,0,0,22,0,1,29.7,12,210,0.10,0.14,0.04,1.44,352,2,0,6.3,20.0,2026-05-10T13:00:00Z,90,False,2,0,0,0,8,0,36,0,4611,1,3,2,2,13.0,4,129,172,43,48,True,0
Ollie Watkins,FWD,Aston Villa,0.0,0,3,30,0,0,5.4,2,64,0.01,0.15,0.14,1.79,352,2,1,6.9,33.2,2026-05-10T13:00:00Z,90,False,3,0,0,0,2,0,36,0,1909303,1,0,2,2,30.0,9,-118427,75730,194157,88,False,0
James Ward-Prowse,MID,Burnley,0.0,0,0,3,0,0,0.3,0,614,0.00,0.00,0.00,0.10,352,0,0,0.1,0.4,2026-05-10T13:00:00Z,3,False,2,0,0,0,0,0,36,0,25255,0,0,2,2,0.0,1,-660,185,845,56,True,0
Jarrod Bowen,FWD,West Ham,0.0,0,0,11,0,1,18.3,3,624,0.07,0.20,0.13,1.18,360,1,0,4.3,13.8,2026-05-10T15:30:00Z,90,False,1,0,0,0,1,0,36,0,1654048,1,1,1,0,11.0,2,-300065,33997,334062,77,True,0
Nico González Iglesias,MID,Man City,0.0,0,0,0,0,0,0.0,0,423,0.00,0.00,0.00,0.00,356,0,0,0.0,0.0,2026-05-09T16:30:00Z,0,False,5,0,0,0,0,0,36,0,13826,0,0,0,3,0.0,0,231,345,114,59,True,0
Nico González Iglesias,MID,Man City,0.0,0,0,0,0,0,0.0,0,423,0.00,0.00,0.00,0.00,307,0,0,0.0,0.0,2026-05-13T19:00:00Z,0,False,8,0,0,0,0,0,36,0,13826,0,0,0,3,0.0,0,231,345,114,59,True,0
Gonçalo Manuel Ganchinho Guedes,MID,Wolves,0.0,0,0,0,0,0,0.0,0,647,0.00,0.00,0.00,0.00,351,0,0,0.0,0.0,2026-05-09T14:00:00Z,0,False,6,0,0,0,0,0,36,0,395,0,0,0,3,0.0,0,0,0,0,55,False,0
Alan Browne,MID,Sunderland,0.0,0,0,0,0,0,0.0,0,555,0.00,0.00,0.00,0.00,358,0,0,0.0,0.0,2026-05-09T14:00:00Z,0,False,14,0,0,0,0,0,36,0,3781,0,0,0,0,0.0,0,-8,0,8,45,True,0
Josh Gracey,GK,Wolves,0.0,0,0,0,0,0,0.0,0,831,0.00,0.00,0.00,0.00,351,0,0,0.0,0.0,2026-05-09T14:00:00Z,0,False,6,0,0,0,0,0,36,0,356,0,0,0,3,0.0,0,201,211,10,40,False,0
Jaka Bijol,DEF,Leeds,0.0,0,1,17,0,16,10.7,16,344,0.10,0.10,0.00,1.27,359,1,0,5.3,39.8,2026-05-11T19:00:00Z,90,False,18,0,0,0,1,0,36,0,139405,1,0,1,1,2.0,5,2143,10642,8499,39,False,0
Alex Scott,MID,Bournemouth,0.0,0,0,9,1,2,1.5,12,90,0.01,0.01,0.00,0.99,354,0,0,0.8,6.2,2026-05-09T14:00:00Z,90,False,10,0,0,0,8,0,36,0,300004,1,2,1,0,0.0,4,-23406,13053,36459,50,False,1
Lewis O'Brien,MID,Nott'm Forest,0.0,0,0,0,0,0,0.0,0,520,0.00,0.00,0.00,0.00,357,0,0,0.0,0.0,2026-05-10T13:00:00Z,0,False,15,0,0,0,0,0,36,0,102,0,0,1,1,0.0,0,0,0,0,50,True,0
Patrick Roberts,MID,Sunderland,0.0,0,0,0,0,0,0.0,0,545,0.00,0.00,0.00,0.00,358,0,0,0.0,0.0,2026-05-09T14:00:00Z,0,False,14,0,0,0,0,0,36,0,1556,0,0,0,0,0.0,0,-3,0,3,54,True,0
Álex Moreno Lopera,DEF,Aston Villa,0.0,0,0,0,0,0,0.0,0,43,0.00,0.00,0.00,0.00,352,0,0,0.0,0.0,2026-05-10T13:00:00Z,0,False,3,0,0,0,0,0,36,0,202367,0,0,2,2,0.0,0,-598,0,598,40,False,0
Eric da Silva Moreira,MID,Nott'm Forest,0.0,0,0,0,0,0,0.0,0,523,0.00,0.00,0.00,0.00,357,0,0,0.0,0.0,2026-05-10T13:00:00Z,0,False,15,0,0,0,0,0,36,0,7612,0,0,1,1,0.0,0,30,92,62,45,True,0
Leny Yoro,DEF,Man Utd,0.0,0,0,0,0,0,0.0,0,444,0.00,0.00,0.00,0.00,358,0,0,0.0,0.0,2026-05-09T14:00:00Z,0,False,17,0,0,0,0,0,36,0,161830,0,0,0,0,0.0,0,-1610,435,2045,41,False,0
Shurandy Sambo,DEF,Burnley,0.0,0,0,0,0,0,0.0,0,196,0.00,0.00,0.00,0.00,352,0,0,0.0,0.0,2026-05-10T13:00:00Z,0,False,2,0,0,0,0,0,36,0,4940,0,0,2,2,0.0,0,-4,0,4,40,True,0
Diego Gómez Amarilla,MID,Brighton,0.0,0,0,0,0,0,0.0,0,169,0.00,0.00,0.00,0.00,351,0,0,0.0,0.0,2026-05-09T14:00:00Z,0,False,20,0,0,0,0,0,36,0,57513,0,0,0,3,0.0,0,-18912,36,18948,49,True,0
Piero Hincapié,DEF,Arsenal,0.0,0,0,0,0,0,0.0,0,725,0.00,0.00,0.00,0.00,360,0,0,0.0,0.0,2026-05-10T15:30:00Z,0,False,19,0,0,0,0,0,36,0,121899,0,0,1,0,0.0,0,-14350,4023,18373,51,False,0
Lucá Williams-Barnett,MID,Spurs,0.0,0,0,0,0,0,0.0,0,790,0.00,0.00,0.00,0.00,359,0,0,0.0,0.0,2026-05-11T19:00:00Z,0,False,11,0,0,0,0,0,36,0,969,0,0,1,1,0.0,0,25,53,28,45,True,0
Neco Williams,DEF,Nott'm Forest,0.0,0,0,14,0,6,15.8,9,508,0.02,0.06,0.04,1.48,357,1,0,3.8,20.0,2026-05-10T13:00:00Z,90,False,15,0,0,0,4,0,36,0,569177,1,3,1,1,2.0,2,-17051,7976,25027,48,True,0
David Mota Veiga Teixeira do Carmo,DEF,Nott'm Forest,0.0,0,0,0,0,0,0.0,0,509,0.00,0.00,0.00,0.00,357,0,0,0.0,0.0,2026-05-10T13:00:00Z,0,False,15,0,0,0,0,0,36,0,2616,0,0,1,1,0.0,0,-4,0,4,45,True,0
Harrison Armstrong,MID,Everton,0.0,0,0,0,0,0,0.0,0,305,0.00,0.00,0.00,0.00,353,0,0,0.0,0.0,2026-05-10T13:00:00Z,0,False,8,0,0,0,0,0,36,0,10747,0,0,2,2,0.0,0,17,333,316,45,False,0
Jackson Tchatchoua,DEF,Wolves,0.0,0,0,0,0,0,0.0,0,695,0.00,0.00,0.00,0.00,351,0,0,0.0,0.0,2026-05-09T14:00:00Z,0,False,6,0,0,0,0,0,36,0,4273,0,0,0,3,0.0,0,-133,34,167,44,False,0
Lucas Pires Silva,DEF,Burnley,0.0,0,0,3,0,5,11.5,6,195,0.06,0.06,0.00,1.44,352,2,0,3.3,19.4,2026-05-10T13:00:00Z,90,False,2,0,0,0,4,0,36,0,33506,1,1,2,2,2.0,1,-511,152,663,38,True,0
Anthony Patterson,GK,Sunderland,0.0,0,0,0,0,0,0.0,0,528,0.00,0.00,0.00,0.00,358,0,0,0.0,0.0,2026-05-09T14:00:00Z,0,False,14,0,0,0,0,0,36,0,19282,0,0,0,0,0.0,0,-111,0,111,42,True,0
Wilson Isidor,FWD,Sunderland,0.0,0,0,0,0,0,0.0,0,560,0.00,0.00,0.00,0.00,358,0,0,0.0,0.0,2026-05-09T14:00:00Z,0,False,14,0,0,0,0,0,36,0,175095,0,0,0,0,0.0,0,-5766,1304,7070,50,True,0
Jack Harrison,MID,Leeds,0.0,0,0,0,0,0,0.0,0,352,0.00,0.00,0.00,0.00,359,0,0,0.0,0.0,2026-05-11T19:00:00Z,0,False,18,0,0,0,0,0,36,0,5873,0,0,1,1,0.0,0,-18,0,18,51,False,0
Kieran Morrison,MID,Liverpool,0.0,0,0,0,0,0,0.0,0,746,0.00,0.00,0.00,0.00,355,0,0,0.0,0.0,2026-05-09T11:30:00Z,0,False,7,0,0,0,0,0,36,0,1332,0,0,1,1,0.0,0,15,30,15,45,True,0
Dango Ouattara,MID,Brentford,0.0,0,0,10,0,0,17.6,1,83,0.19,0.19,0.00,1.29,356,2,0,2.3,5.4,2026-05-09T16:30:00Z,22,False,13,0,0,0,1,0,36,0,214293,0,0,0,3,0.0,1,-57169,2319,59488,57,False,0
Mathys Tel,MID,Spurs,0.0,0,2,26,0,1,24.3,4,584,0.12,0.22,0.10,1.10,359,1,1,7.2,33.4,2026-05-11T19:00:00Z,84,False,11,0,0,0,3,0,36,0,24506,1,0,1,1,14.0,9,5034,5546,512,62,True,0
Charlie Crew,MID,Leeds,0.0,0,0,0,0,0,0.0,0,359,0.00,0.00,0.00,0.00,359,0,0,0.0,0.0,2026-05-11T19:00:00Z,0,False,18,0,0,0,0,0,36,0,414,0,0,1,1,0.0,0,-2,0,2,45,False,0
Ryan Trevitt,MID,Brentford,0.0,0,0,0,0,0,0.0,0,134,0.00,0.00,0.00,0.00,356,0,0,0.0,0.0,2026-05-09T16:30:00Z,0,False,13,0,0,0,0,0,36,0,477,0,0,0,3,0.0,0,0,0,0,45,False,0
Sandro Tonali,MID,Newcastle,0.0,0,0,14,0,4,21.0,10,491,0.10,0.16,0.06,1.10,357,1,0,4.0,10.8,2026-05-10T13:00:00Z,90,False,16,0,0,0,5,0,36,0,140271,1,1,1,1,8.0,2,-2147,1933,4080,53,False,0
Marli Salmon,DEF,Arsenal,0.0,0,0,0,0,0,0.0,0,759,0.00,0.00,0.00,0.00,360,0,0,0.0,0.0,2026-05-10T15:30:00Z,0,False,19,0,0,0,0,0,36,0,3053,0,0,1,0,0.0,0,-3,37,40,40,False,0
Ben Broggio,MID,Aston Villa,0.0,0,0,0,0,0,0.0,0,60,0.00,0.00,0.00,0.00,352,0,0,0.0,0.0,2026-05-10T13:00:00Z,0,False,3,0,0,0,0,0,36,0,31624,0,0,2,2,0.0,0,-172,0,172,44,False,0
Josh Dasilva,MID,Brentford,0.0,0,0,0,0,0,0.0,0,748,0.00,0.00,0.00,0.00,356,0,0,0.0,0.0,2026-05-09T16:30:00Z,0,False,13,0,0,0,0,0,36,0,232,0,0,0,3,0.0,0,11,19,8,49,False,0
Matt Doherty,DEF,Wolves,0.0,0,0,0,0,0,0.0,0,632,0.00,0.00,0.00,0.00,351,0,0,0.0,0.0,2026-05-09T14:00:00Z,0,False,6,0,0,0,0,0,36,0,11181,0,0,0,3,0.0,0,-82,84,166,44,False,0
Niclas Füllkrug,FWD,West Ham,0.0,0,0,0,0,0,0.0,0,625,0.00,0.00,0.00,0.00,360,0,0,0.0,0.0,2026-05-10T15:30:00Z,0,False,1,0,0,0,0,0,36,0,73647,0,0,1,0,0.0,0,-98,0,98,56,True,0
Sam Chambers,MID,Leeds,0.0,0,0,0,0,0,0.0,0,787,0.00,0.00,0.00,0.00,359,0,0,0.0,0.0,2026-05-11T19:00:00Z,0,False,18,0,0,0,0,0,36,0,1672,0,0,1,1,0.0,0,67,156,89,44,False,0
Maldini Kacurri,DEF,Arsenal,0.0,0,0,0,0,0,0.0,0,14,0.00,0.00,0.00,0.00,360,0,0,0.0,0.0,2026-05-10T15:30:00Z,0,False,19,0,0,0,0,0,36,0,12048,0,0,1,0,0.0,0,-20,0,20,39,False,0
Donyell Malen,MID,Aston Villa,0.0,0,0,0,0,0,0.0,0,53,0.00,0.00,0.00,0.00,352,0,0,0.0,0.0,2026-05-10T13:00:00Z,0,False,3,0,0,0,0,0,36,0,50866,0,0,2,2,0.0,0,-169,0,169,51,False,0
Bafodé Diakité,DEF,Bournemouth,0.0,0,0,0,0,0,0.0,0,685,0.00,0.00,0.00,0.00,354,0,0,0.0,0.0,2026-05-09T14:00:00Z,0,False,10,0,0,0,0,0,36,0,34790,0,0,1,0,0.0,0,-178,176,354,41,False,0
Leander Dendoncker,MID,Aston Villa,0.0,0,0,0,0,0,0.0,0,61,0.00,0.00,0.00,0.00,352,0,0,0.0,0.0,2026-05-10T13:00:00Z,0,False,3,0,0,0,0,0,36,0,8938,0,0,2,2,0.0,0,-20,0,20,45,False,0
Robin Roefs,GK,Sunderland,0.0,0,0,27,1,1,0.0,0,670,0.00,0.00,0.00,0.62,358,0,0,1.2,12.0,2026-05-09T14:00:00Z,90,False,14,0,0,0,9,0,36,1,1066224,1,0,0,0,0.0,6,-45937,7040,52977,48,True,0
Tymur Tutierov,MID,Sunderland,0.0,0,0,0,0,0,0.0,0,775,0.00,0.00,0.00,0.00,358,0,0,0.0,0.0,2026-05-09T14:00:00Z,0,False,14,0,0,0,0,0,36,0,85,0,0,0,0,0.0,0,-3,0,3,45,True,0
Lesley Ugochukwu,MID,Burnley,0.0,1,0,24,0,4,11.8,9,676,0.05,0.08,0.03,1.34,352,2,0,4.0,19.6,2026-05-10T13:00:00Z,78,False,2,0,0,0,3,0,36,0,13010,1,2,2,2,9.0,5,-404,70,474,50,True,0
Borna Sosa,DEF,Crystal Palace,0.0,0,0,0,0,0,0.0,0,259,0.00,0.00,0.00,0.00,353,0,0,0.0,0.0,2026-05-10T13:00:00Z,0,False,9,0,0,0,0,0,36,0,15882,0,0,2,2,0.0,0,-326,79,405,48,True,0
Borna Sosa,DEF,Crystal Palace,0.0,0,0,0,0,0,0.0,0,259,0.00,0.00,0.00,0.00,307,0,0,0.0,0.0,2026-05-13T19:00:00Z,0,False,13,0,0,0,0,0,36,0,15882,0,0,0,3,0.0,0,-326,79,405,48,False,0
Kaelan Casey,DEF,West Ham,0.0,0,0,0,0,0,0.0,0,611,0.00,0.00,0.00,0.00,360,0,0,0.0,0.0,2026-05-10T15:30:00Z,0,False,1,0,0,0,0,0,36,0,7921,0,0,1,0,0.0,0,-29,0,29,40,True,0
Hamed Traorè,MID,Bournemouth,0.0,0,0,0,0,0,0.0,0,93,0.00,0.00,0.00,0.00,354,0,0,0.0,0.0,2026-05-09T14:00:00Z,0,False,10,0,0,0,0,0,36,0,34802,0,0,1,0,0.0,0,-71,0,71,45,False,0
Jack Fletcher,MID,Man Utd,0.0,0,0,0,0,0,0.0,0,462,0.00,0.00,0.00,0.00,358,0,0,0.0,0.0,2026-05-09T14:00:00Z,0,False,17,0,0,0,0,0,36,0,9909,0,0,0,0,0.0,0,-51,112,163,43,False,0
Riccardo Calafiori,DEF,Arsenal,0.0,0,0,-1,0,0,1.4,0,7,0.02,0.23,0.21,0.15,360,0,0,1.7,0.4,2026-05-10T15:30:00Z,45,False,19,0,0,0,3,0,36,0,778387,1,0,1,0,15.0,1,12761,15691,2930,56,False,0
David Raya Martín,GK,Arsenal,0.0,0,2,29,1,3,0.0,0,1,0.00,0.00,0.00,1.15,360,0,0,2.3,23.2,2026-05-10T15:30:00Z,90,False,19,0,0,0,5,0,36,3,4628597,1,0,1,0,0.0,9,61638,106155,44517,61,False,0
Jesurun Rak-Sakyi,MID,Crystal Palace,0.0,0,0,0,0,0,0.0,0,278,0.00,0.00,0.00,0.00,353,0,0,0.0,0.0,2026-05-10T13:00:00Z,0,False,9,0,0,0,0,0,36,0,3629,0,0,2,2,0.0,0,-10,0,10,44,True,0
Jesurun Rak-Sakyi,MID,Crystal Palace,0.0,0,0,0,0,0,0.0,0,278,0.00,0.00,0.00,0.00,307,0,0,0.0,0.0,2026-05-13T19:00:00Z,0,False,13,0,0,0,0,0,36,0,3629,0,0,0,3,0.0,0,-10,0,10,44,False,0
Nectarios Triantis,MID,Sunderland,0.0,0,0,0,0,0,0.0,0,559,0.00,0.00,0.00,0.00,358,0,0,0.0,0.0,2026-05-09T14:00:00Z,0,False,14,0,0,0,0,0,36,0,3800,0,0,0,0,0.0,0,-4,0,4,44,True,0
Romelle Donovan,MID,Brentford,0.0,0,0,0,0,0,0.0,0,130,0.00,0.00,0.00,0.00,356,0,0,0.0,0.0,2026-05-09T16:30:00Z,0,False,13,0,0,0,0,0,36,0,13504,0,0,0,3,0.0,0,-8,224,232,44,False,0
Maxim De Cuyper,DEF,Brighton,0.0,2,3,59,1,1,78.6,2,145,1.14,1.14,0.00,0.39,351,0,0,13.8,51.0,2026-05-09T14:00:00Z,87,False,20,0,0,0,3,0,36,0,197332,1,1,0,3,8.0,15,-1276,1161,2437,43,True,0
Joël Piroe,FWD,Leeds,0.0,0,0,0,0,0,0.0,0,362,0.00,0.00,0.00,0.00,359,0,0,0.0,0.0,2026-05-11T19:00:00Z,0,False,18,0,0,0,0,0,36,0,44263,0,0,1,1,0.0,0,-65,187,252,49,False,0
Marco Bizot,GK,Aston Villa,0.0,0,0,0,0,0,0.0,0,33,0.00,0.00,0.00,0.00,352,0,0,0.0,0.0,2026-05-10T13:00:00Z,0,False,3,0,0,0,0,0,36,0,48617,0,0,2,2,0.0,0,-118,220,338,42,False,0
Xavi Simons,MID,Spurs,0.0,0,0,0,0,0,0.0,0,717,0.00,0.00,0.00,0.00,359,0,0,0.0,0.0,2026-05-11T19:00:00Z,0,False,11,0,0,0,0,0,36,0,159497,0,0,1,1,0.0,0,-54508,47,54555,64,True,0
Maxwel Cornet,MID,West Ham,0.0,0,0,0,0,0,0.0,0,617,0.00,0.00,0.00,0.00,360,0,0,0.0,0.0,2026-05-10T15:30:00Z,0,False,1,0,0,0,0,0,36,0,1907,0,0,1,0,0.0,0,-2,0,2,49,True,0
Vitor de Oliveira Nunes dos Reis,DEF,Man City,0.0,0,0,0,0,0,0.0,0,412,0.00,0.00,0.00,0.00,356,0,0,0.0,0.0,2026-05-09T16:30:00Z,0,False,5,0,0,0,0,0,36,0,578,0,0,0,3,0.0,0,0,0,0,50,True,0
Vitor de Oliveira Nunes dos Reis,DEF,Man City,0.0,0,0,0,0,0,0.0,0,412,0.00,0.00,0.00,0.00,307,0,0,0.0,0.0,2026-05-13T19:00:00Z,0,False,8,0,0,0,0,0,36,0,578,0,0,0,3,0.0,0,0,0,0,50,True,0
Sam Johnstone,GK,Wolves,0.0,0,0,0,0,0,0.0,0,627,0.00,0.00,0.00,0.00,351,0,0,0.0,0.0,2026-05-09T14:00:00Z,0,False,6,0,0,0,0,0,36,0,16971,0,0,0,3,0.0,0,-215,67,282,44,False,0
Antonee Robinson,DEF,Fulham,0.0,0,0,14,0,5,12.2,8,316,0.02,0.04,0.02,0.82,354,1,0,4.3,17.4,2026-05-09T14:00:00Z,90,False,4,0,0,0,6,0,36,0,100265,1,3,1,0,13.0,1,-1424,1882,3306,49,True,1
Jørgen Strand Larsen,FWD,Crystal Palace,0.0,0,0,4,0,1,5.3,1,654,0.11,0.20,0.09,1.21,353,2,0,1.3,0.0,2026-05-10T13:00:00Z,64,False,9,0,0,0,0,0,36,0,218515,1,0,2,2,8.0,2,26781,32724,5943,59,True,0
Jørgen Strand Larsen,FWD,Crystal Palace,0.0,0,0,2,0,0,0.4,0,654,0.01,0.13,0.12,0.60,307,1,0,0.5,0.0,2026-05-13T19:00:00Z,30,False,13,0,0,0,0,0,36,0,218515,0,0,0,3,6.0,1,26781,32724,5943,59,False,0
Estêvão Almeida de Oliveira Gonçalves,MID,Chelsea,0.0,0,0,0,0,0,0.0,0,238,0.00,0.00,0.00,0.00,355,0,0,0.0,0.0,2026-05-09T11:30:00Z,0,False,12,0,0,0,0,0,36,0,219931,0,0,1,1,0.0,0,-5008,31,5039,64,False,0
Tom Watson,MID,Brighton,0.0,0,0,0,0,0,0.0,0,172,0.00,0.00,0.00,0.00,351,0,0,0.0,0.0,2026-05-09T14:00:00Z,0,False,20,0,0,0,0,0,36,0,3651,0,0,0,3,0.0,0,-17,0,17,48,True,0
Lucas Estella Perri,GK,Leeds,0.0,0,0,0,0,0,0.0,0,665,0.00,0.00,0.00,0.00,359,0,0,0.0,0.0,2026-05-11T19:00:00Z,0,False,18,0,0,0,0,0,36,0,33790,0,0,1,1,0.0,0,-1009,499,1508,44,False,0
Timothée Pembélé,DEF,Sunderland,0.0,0,0,0,0,0,0.0,0,540,0.00,0.00,0.00,0.00,358,0,0,0.0,0.0,2026-05-09T14:00:00Z,0,False,14,0,0,0,0,0,36,0,35177,0,0,0,0,0.0,0,-188,0,188,39,True,0
Roméo Lavia,MID,Chelsea,0.0,0,0,0,0,0,0.0,0,244,0.00,0.00,0.00,0.00,355,0,0,0.0,0.0,2026-05-09T11:30:00Z,0,False,12,0,0,0,0,0,36,0,2585,0,0,1,1,0.0,0,55,106,51,49,False,0
Jan Paul van Hecke,DEF,Brighton,0.0,0,0,31,1,8,2.0,9,151,0.01,0.01,0.00,0.49,351,0,0,2.8,21.6,2026-05-09T14:00:00Z,90,False,20,0,0,0,5,0,36,0,1428059,1,1,0,3,4.0,6,100343,125760,25417,46,True,0
Mike Penders,GK,Chelsea,0.0,0,0,0,0,0,0.0,0,222,0.00,0.00,0.00,0.00,355,0,0,0.0,0.0,2026-05-09T11:30:00Z,0,False,12,0,0,0,0,0,36,0,353,0,0,1,1,0.0,0,-1,0,1,40,False,0
Rio Kyerematen,MID,Spurs,0.0,0,0,0,0,0,0.0,0,811,0.00,0.00,0.00,0.00,359,0,0,0.0,0.0,2026-05-11T19:00:00Z,0,False,11,0,0,0,0,0,36,0,566,0,0,1,1,0.0,0,21,47,26,45,True,0
Oleksandr Zinchenko,DEF,Nott'm Forest,0.0,0,0,0,0,0,0.0,0,12,0.00,0.00,0.00,0.00,357,0,0,0.0,0.0,2026-05-10T13:00:00Z,0,False,15,0,0,0,0,0,36,0,26807,0,0,1,1,0.0,0,-55,0,55,49,True,0
Harvey Barnes,MID,Newcastle,0.0,0,1,25,0,0,15.3,1,487,0.11,0.40,0.29,0.52,357,1,1,7.0,37.6,2026-05-10T13:00:00Z,29,False,16,0,0,0,1,0,36,0,134537,0,0,1,1,17.0,7,-2732,3625,6357,61,False,0
Josh Nichols,DEF,Arsenal,0.0,0,0,0,0,0,0.0,0,15,0.00,0.00,0.00,0.00,360,0,0,0.0,0.0,2026-05-10T15:30:00Z,0,False,19,0,0,0,0,0,36,0,31182,0,0,1,0,0.0,0,-371,299,670,37,False,0
Jhon Arias,MID,Wolves,0.0,0,0,0,0,0,0.0,0,663,0.00,0.00,0.00,0.00,351,0,0,0.0,0.0,2026-05-09T14:00:00Z,0,False,6,0,0,0,0,0,36,0,16487,0,0,0,3,0.0,0,-51,0,51,49,False,0
Chido Obi,FWD,Man Utd,0.0,0,0,0,0,0,0.0,0,467,0.00,0.00,0.00,0.00,358,0,0,0.0,0.0,2026-05-09T14:00:00Z,0,False,17,0,0,0,0,0,36,0,180099,0,0,0,0,0.0,0,-1183,547,1730,42,False,0
Marc Guiu Paz,FWD,Chelsea,0.0,0,0,0,0,0,0.0,0,252,0.00,0.00,0.00,0.00,355,0,0,0.0,0.0,2026-05-09T11:30:00Z,0,False,12,0,0,0,0,0,36,0,672127,0,0,1,1,0.0,0,11060,20740,9680,40,False,0
Aaron Ramsey,MID,Burnley,0.0,0,0,0,0,0,0.0,0,211,0.00,0.00,0.00,0.00,352,0,0,0.0,0.0,2026-05-10T13:00:00Z,0,False,2,0,0,0,0,0,36,0,181971,0,0,2,2,0.0,0,-416,0,416,44,True,0
John McGinn,MID,Aston Villa,0.0,1,0,21,0,0,48.2,4,54,0.61,0.80,0.19,1.64,352,2,0,12.7,24.8,2026-05-10T13:00:00Z,84,False,3,0,0,0,4,0,36,0,91850,1,0,2,2,54.0,5,-283,7398,7681,53,False,0
Chadi Riad Dnanou,DEF,Crystal Palace,0.0,0,0,0,0,0,0.0,0,262,0.00,0.00,0.00,0.00,353,0,0,0.0,0.0,2026-05-10T13:00:00Z,0,False,9,0,0,0,0,0,36,0,6676,0,0,2,2,0.0,0,299,502,203,40,True,0
Chadi Riad Dnanou,DEF,Crystal Palace,0.0,0,0,0,0,0,0.0,0,262,0.00,0.00,0.00,0.00,307,0,0,0.0,0.0,2026-05-13T19:00:00Z,0,False,13,0,0,0,0,0,36,0,6676,0,0,0,3,0.0,0,299,502,203,40,False,0
Pedro Cardoso de Lima,DEF,Wolves,0.0,0,0,-1,0,3,0.0,4,640,0.00,0.00,0.00,1.15,351,2,0,0.5,3.0,2026-05-09T14:00:00Z,66,False,6,0,0,0,2,0,36,0,47961,1,1,0,3,2.0,1,-42,230,272,40,False,0
Hannes Delcroix,DEF,Burnley,0.0,0,0,0,0,0,0.0,0,188,0.00,0.00,0.00,0.00,352,0,0,0.0,0.0,2026-05-10T13:00:00Z,0,False,2,0,0,0,0,0,36,0,24938,0,0,2,2,0.0,0,-228,0,228,38,True,0
Phil Foden,MID,Man City,0.0,0,0,4,0,0,1.2,3,414,0.01,0.68,0.67,0.12,356,0,0,6.7,9.6,2026-05-09T16:30:00Z,30,False,5,0,0,0,2,0,36,0,992653,0,1,0,3,56.0,1,-8803,2713,11516,80,True,0
Phil Foden,MID,Man City,0.0,2,3,44,1,1,72.2,10,414,0.59,0.60,0.01,0.53,307,0,0,12.6,47.6,2026-05-13T19:00:00Z,81,False,8,0,0,0,6,0,36,0,992653,1,3,0,3,6.0,12,-8803,2713,11516,80,True,0
Jonah Kusi-Asare,FWD,Fulham,0.0,0,0,6,0,0,0.3,1,737,0.00,0.00,0.00,0.04,354,0,0,0.2,2.0,2026-05-09T14:00:00Z,7,False,4,0,0,0,0,0,36,0,13402,0,1,1,0,0.0,1,99,388,289,45,True,0
Tom Heaton,GK,Man Utd,0.0,0,0,0,0,0,0.0,0,434,0.00,0.00,0.00,0.00,358,0,0,0.0,0.0,2026-05-09T14:00:00Z,0,False,17,0,0,0,0,0,36,0,66598,0,0,0,0,0.0,0,7138,8977,1839,38,False,0
Yéremy Pino Santos,MID,Crystal Palace,0.0,0,0,0,0,0,0.0,0,712,0.00,0.00,0.00,0.00,353,0,0,0.0,0.0,2026-05-10T13:00:00Z,0,False,9,0,0,0,0,0,36,0,26732,0,0,2,2,0.0,0,4773,5312,539,58,True,0
Yéremy Pino Santos,MID,Crystal Palace,0.0,0,0,1,0,2,2.2,4,712,0.00,0.10,0.10,0.96,307,2,0,1.1,3.4,2026-05-13T19:00:00Z,59,False,13,0,0,0,1,0,36,0,26732,1,1,0,3,5.0,1,4773,5312,539,58,False,0
Wilson Odobert,MID,Spurs,0.0,0,0,0,0,0,0.0,0,588,0.00,0.00,0.00,0.00,359,0,0,0.0,0.0,2026-05-11T19:00:00Z,0,False,11,0,0,0,0,0,36,0,5266,0,0,1,1,0.0,0,-60,10,70,53,True,0
Omari Hutchinson,MID,Nott'm Forest,0.0,0,0,4,0,0,25.6,2,693,0.28,0.37,0.09,0.52,357,1,0,4.4,7.2,2026-05-10T13:00:00Z,26,False,15,0,0,0,2,0,36,0,10009,0,0,1,1,11.0,1,-3,390,393,54,True,0
Alex Murphy,DEF,Newcastle,0.0,0,0,0,0,0,0.0,0,481,0.00,0.00,0.00,0.00,357,0,0,0.0,0.0,2026-05-10T13:00:00Z,0,False,16,0,0,0,0,0,36,0,87912,0,0,1,1,0.0,0,-304,500,804,38,False,0
Bernardo Mota Veiga de Carvalho e Silva,MID,Man City,0.0,0,0,15,1,1,22.8,15,416,0.08,0.17,0.09,0.24,356,0,0,4.4,17.2,2026-05-09T16:30:00Z,90,False,5,0,0,0,8,0,36,0,88308,1,6,0,3,4.0,4,3005,5985,2980,62,True,1
Bernardo Mota Veiga de Carvalho e Silva,MID,Man City,0.0,0,0,12,1,3,9.1,9,416,0.04,0.13,0.09,0.53,307,0,0,2.0,4.8,2026-05-13T19:00:00Z,78,False,8,0,0,0,5,0,36,0,88308,1,1,0,3,6.0,3,3005,5985,2980,62,True,0
Hannibal Mejbri,MID,Burnley,0.0,1,0,26,0,2,43.4,8,207,0.42,0.43,0.02,1.17,352,2,0,8.4,31.0,2026-05-10T13:00:00Z,68,False,2,0,0,0,4,0,36,0,16846,1,2,2,2,10.0,5,-262,181,443,47,True,0
Jacob Bruun Larsen,MID,Burnley,0.0,0,0,4,0,0,14.3,0,202,0.07,0.07,0.00,0.10,352,0,0,2.1,4.2,2026-05-10T13:00:00Z,3,False,2,0,0,0,0,0,36,0,4793,0,0,2,2,2.0,1,-36,46,82,52,True,0
Dennis Cirkin,DEF,Sunderland,0.0,0,0,0,0,0,0.0,0,535,0.00,0.00,0.00,0.00,358,0,0,0.0,0.0,2026-05-09T14:00:00Z,0,False,14,0,0,0,0,0,36,0,6275,0,0,0,0,0.0,0,-29,97,126,40,True,0
Daniel Muñoz Mejía,DEF,Crystal Palace,0.0,0,1,26,0,1,47.8,7,256,0.49,0.49,0.00,1.59,353,2,0,7.6,26.6,2026-05-10T13:00:00Z,90,False,9,0,0,0,3,0,36,0,1340813,1,6,2,2,2.0,2,160898,178533,17635,59,True,0
Daniel Muñoz Mejía,DEF,Crystal Palace,0.0,0,0,0,0,3,0.7,4,256,0.01,0.01,0.00,0.96,307,2,0,0.6,5.2,2026-05-13T19:00:00Z,81,False,13,0,0,0,4,0,36,0,1340813,1,1,0,3,0.0,1,160898,178533,17635,59,False,0
Bastien Meupiyou Menadjou,DEF,Wolves,0.0,0,0,0,0,0,0.0,0,639,0.00,0.00,0.00,0.00,351,0,0,0.0,0.0,2026-05-09T14:00:00Z,0,False,6,0,0,0,0,0,36,0,775,0,0,0,3,0.0,0,0,0,0,40,False,0
Radu Drăgușin,DEF,Spurs,0.0,0,0,0,0,0,0.0,0,572,0.00,0.00,0.00,0.00,359,0,0,0.0,0.0,2026-05-11T19:00:00Z,0,False,11,0,0,0,0,0,36,0,3186,0,0,1,1,0.0,0,-48,71,119,45,True,0
Noah Okafor,MID,Leeds,0.0,0,0,0,0,0,0.0,0,698,0.00,0.00,0.00,0.00,359,0,0,0.0,0.0,2026-05-11T19:00:00Z,0,False,18,0,0,0,0,0,36,0,326429,0,0,1,1,0.0,0,-12472,94274,106746,56,False,0
Dean Henderson,GK,Crystal Palace,0.0,0,0,11,0,1,0.0,0,253,0.00,0.00,0.00,1.59,353,2,0,3.5,35.0,2026-05-10T13:00:00Z,90,False,9,0,0,0,7,0,36,5,1275992,1,1,2,2,0.0,2,127169,141369,14200,51,True,0
Dean Henderson,GK,Crystal Palace,0.0,0,0,-3,0,0,0.0,0,253,0.00,0.00,0.00,1.56,307,3,0,0.7,7.2,2026-05-13T19:00:00Z,90,False,13,0,0,0,4,0,36,1,1275992,1,0,0,3,0.0,1,127169,141369,14200,51,False,0
Jayce Fitzgerald,MID,Man Utd,0.0,0,0,0,0,0,0.0,0,461,0.00,0.00,0.00,0.00,358,0,0,0.0,0.0,2026-05-09T14:00:00Z,0,False,17,0,0,0,0,0,36,0,5834,0,0,0,0,0.0,0,53,97,44,43,False,0
Nayef Aguerd,DEF,West Ham,0.0,0,0,0,0,0,0.0,0,607,0.00,0.00,0.00,0.00,360,0,0,0.0,0.0,2026-05-10T15:30:00Z,0,False,1,0,0,0,0,0,36,0,5309,0,0,1,0,0.0,0,-8,0,8,44,True,0
Danny Welbeck,FWD,Brighton,0.0,0,0,10,1,0,2.8,3,178,0.01,0.27,0.26,0.39,351,0,0,8.2,7.2,2026-05-09T14:00:00Z,75,False,20,0,0,0,1,0,36,0,1278827,1,2,0,3,72.0,2,251099,278354,27255,64,True,0
Tom King,GK,Everton,0.0,0,0,0,0,0,0.0,0,630,0.00,0.00,0.00,0.00,353,0,0,0.0,0.0,2026-05-10T13:00:00Z,0,False,8,0,0,0,0,0,36,0,157722,0,0,2,2,0.0,0,-658,289,947,39,False,0
Maxime Estève,DEF,Burnley,0.0,0,0,5,0,12,0.2,12,191,0.01,0.01,0.00,1.44,352,2,0,2.3,23.2,2026-05-10T13:00:00Z,90,False,2,0,0,0,3,0,36,0,892571,1,0,2,2,0.0,3,-10610,3228,13838,39,True,0
Antoine Semenyo,MID,Man City,0.0,0,0,19,1,4,17.9,7,82,0.17,0.25,0.08,0.24,356,0,0,5.8,16.4,2026-05-09T16:30:00Z,90,False,5,0,0,0,3,0,36,0,6302174,1,0,0,3,24.0,3,-255229,128905,384134,81,True,0
Antoine Semenyo,MID,Man City,0.0,0,1,26,1,0,7.2,2,82,0.08,0.31,0.23,0.68,307,0,1,7.5,36.4,2026-05-13T19:00:00Z,90,False,8,0,0,0,1,0,36,0,6302174,1,1,0,3,31.0,9,-255229,128905,384134,81,True,0
Rodrigo Muniz Carvalho,FWD,Fulham,0.0,0,0,-5,0,0,0.1,0,338,0.00,0.71,0.71,0.82,354,1,0,0.8,0.0,2026-05-09T14:00:00Z,90,False,4,0,0,0,0,0,36,0,94995,1,0,1,0,18.0,1,94,1235,1141,53,True,1
Gianluigi Donnarumma,GK,Man City,0.0,0,0,25,1,1,0.0,0,736,0.00,0.00,0.00,0.24,356,0,0,2.0,19.8,2026-05-09T16:30:00Z,90,False,5,0,0,0,5,0,36,2,1222555,1,0,0,3,0.0,6,18750,47561,28811,56,True,0
Gianluigi Donnarumma,GK,Man City,0.0,0,2,27,1,0,0.0,0,736,0.00,0.00,0.00,0.68,307,0,0,1.9,19.0,2026-05-13T19:00:00Z,90,False,8,0,0,0,9,0,36,2,1222555,1,0,0,3,0.0,8,18750,47561,28811,56,True,0
Sven Botman,DEF,Newcastle,0.0,0,0,21,0,19,0.7,20,475,0.00,0.00,0.00,1.10,357,1,0,4.5,41.8,2026-05-10T13:00:00Z,90,False,16,0,0,0,6,0,36,0,53438,1,1,1,1,2.0,4,-806,1185,1991,49,False,0
Omar Alderete,DEF,Sunderland,0.0,0,0,25,1,8,0.7,10,683,0.02,0.04,0.02,0.62,358,0,0,2.4,17.0,2026-05-09T14:00:00Z,90,False,14,0,0,0,1,0,36,0,723578,1,2,0,0,6.0,8,-32701,9149,41850,41,True,0
Nico O'Reilly,DEF,Man City,0.0,0,0,19,1,2,13.8,3,411,0.02,0.02,0.00,0.24,356,0,0,3.3,7.4,2026-05-09T16:30:00Z,90,False,5,0,0,0,7,0,36,0,2616252,1,1,0,3,12.0,5,277968,304055,26087,53,True,1
Nico O'Reilly,DEF,Man City,0.0,0,0,0,0,0,0.0,0,411,0.00,0.00,0.00,0.00,307,0,0,0.0,0.0,2026-05-13T19:00:00Z,0,False,8,0,0,0,0,0,36,0,2616252,0,0,0,3,0.0,0,277968,304055,26087,53,True,0
Liam Delap,FWD,Chelsea,0.0,0,0,0,0,0,0.0,0,250,0.00,0.00,0.00,0.00,355,0,0,0.0,0.0,2026-05-09T11:30:00Z,0,False,12,0,0,0,0,0,36,0,119004,0,0,1,1,0.0,0,40,734,694,62,False,0
Malcolm Ebiowei,MID,Crystal Palace,0.0,0,0,0,0,0,0.0,0,277,0.00,0.00,0.00,0.00,353,0,0,0.0,0.0,2026-05-10T13:00:00Z,0,False,9,0,0,0,0,0,36,0,352,0,0,2,2,0.0,0,-1,0,1,45,True,0
Malcolm Ebiowei,MID,Crystal Palace,0.0,0,0,0,0,0,0.0,0,277,0.00,0.00,0.00,0.00,307,0,0,0.0,0.0,2026-05-13T19:00:00Z,0,False,13,0,0,0,0,0,36,0,352,0,0,0,3,0.0,0,-1,0,1,45,False,0
Jerome Abbey,MID,Wolves,0.0,0,0,0,0,0,0.0,0,809,0.00,0.00,0.00,0.00,351,0,0,0.0,0.0,2026-05-09T14:00:00Z,0,False,6,0,0,0,0,0,36,0,1720,0,0,0,3,0.0,0,104,284,180,45,False,0
Benjamin White,DEF,Arsenal,0.0,0,0,3,0,0,2.8,0,11,0.01,0.01,0.00,0.00,360,0,0,0.3,0.2,2026-05-10T15:30:00Z,27,False,19,0,0,0,0,0,36,0,83941,1,0,1,0,0.0,1,12018,13474,1456,51,False,0
Miodrag Pivaš,DEF,Newcastle,0.0,0,0,0,0,0,0.0,0,483,0.00,0.00,0.00,0.00,357,0,0,0.0,0.0,2026-05-10T13:00:00Z,0,False,16,0,0,0,0,0,36,0,46437,0,0,1,1,0.0,0,-90,368,458,38,False,0
Freddie Woodman,GK,Liverpool,0.0,0,0,0,0,0,0.0,0,369,0.00,0.00,0.00,0.00,355,0,0,0.0,0.0,2026-05-09T11:30:00Z,0,False,7,0,0,0,0,0,36,0,51342,0,0,1,1,0.0,0,5952,8378,2426,39,True,0
Adam Webster,DEF,Brighton,0.0,0,0,0,0,0,0.0,0,153,0.00,0.00,0.00,0.00,351,0,0,0.0,0.0,2026-05-09T14:00:00Z,0,False,20,0,0,0,0,0,36,0,919,0,0,0,3,0.0,0,1,24,23,44,True,0
Reece James,DEF,Chelsea,0.0,0,0,9,0,3,1.3,4,225,0.01,0.01,0.00,0.05,355,0,0,0.9,7.6,2026-05-09T11:30:00Z,27,False,12,0,0,0,4,0,36,0,766481,0,1,1,1,0.0,1,-8764,2109,10873,56,False,0
Alex Paulsen,GK,Bournemouth,0.0,0,0,0,0,0,0.0,0,70,0.00,0.00,0.00,0.00,354,0,0,0.0,0.0,2026-05-09T14:00:00Z,0,False,10,0,0,0,0,0,36,0,6872,0,0,1,0,0.0,0,-25,0,25,40,False,0
Chris Wood,FWD,Nott'm Forest,0.0,0,0,2,0,0,2.6,0,525,0.07,0.07,0.00,0.31,357,1,0,0.6,0.0,2026-05-10T13:00:00Z,17,False,15,0,0,0,0,0,36,0,609900,0,0,1,1,4.0,1,2205,6917,4712,71,True,0
Rayan Cherki,MID,Man City,0.0,0,0,3,0,1,31.8,3,417,0.04,0.25,0.22,0.12,356,0,0,6.1,6.8,2026-05-09T16:30:00Z,59,False,5,0,0,0,1,0,36,0,2671053,1,1,0,3,22.0,1,643344,658608,15264,66,True,0
Rayan Cherki,MID,Man City,0.0,1,0,19,0,0,29.2,1,417,0.40,0.40,0.00,0.15,307,0,0,5.0,21.0,2026-05-13T19:00:00Z,11,False,8,0,0,0,1,0,36,0,2671053,0,0,0,3,0.0,4,643344,658608,15264,66,True,0
Emiliano Martínez Romero,GK,Aston Villa,0.0,1,1,27,0,0,10.0,0,32,0.00,0.00,0.00,1.79,352,2,0,5.2,42.0,2026-05-10T13:00:00Z,90,False,3,0,0,0,9,0,36,4,626083,1,0,2,2,0.0,6,4314,19478,15164,51,False,0
Josh King,MID,Fulham,0.0,0,0,8,0,2,4.1,3,335,0.03,0.09,0.06,0.38,354,0,0,1.3,4.8,2026-05-09T14:00:00Z,14,False,4,0,0,0,0,0,36,0,217680,0,1,1,0,4.0,0,-2043,5127,7170,44,True,1
Lewis Dunk,DEF,Brighton,0.0,0,2,38,1,2,1.3,2,146,0.01,0.31,0.30,0.49,351,0,1,8.9,40.6,2026-05-09T14:00:00Z,90,False,20,0,0,0,5,0,36,0,114085,1,0,0,3,47.0,14,2086,3167,1081,45,True,0
Willy Boly,DEF,Nott'm Forest,0.0,0,0,0,0,0,0.0,0,514,0.00,0.00,0.00,0.00,357,0,0,0.0,0.0,2026-05-10T13:00:00Z,0,False,15,0,0,0,0,0,36,0,42879,0,0,1,1,0.0,0,-294,181,475,38,True,0
Yusuf Akhamrich,MID,Spurs,0.0,0,0,0,0,0,0.0,0,751,0.00,0.00,0.00,0.00,359,0,0,0.0,0.0,2026-05-11T19:00:00Z,0,False,11,0,0,0,0,0,36,0,560,0,0,1,1,0.0,0,-4,0,4,45,True,0
William Osula,FWD,Newcastle,0.0,0,0,5,1,0,11.1,2,500,0.01,0.58,0.57,0.58,357,0,0,4.7,2.4,2026-05-10T13:00:00Z,70,False,16,0,0,0,1,0,36,0,117963,1,1,1,1,33.0,2,38360,45446,7086,54,False,0
Luca Koleosho,MID,Burnley,0.0,0,0,0,0,0,0.0,0,208,0.00,0.00,0.00,0.00,352,0,0,0.0,0.0,2026-05-10T13:00:00Z,0,False,2,0,0,0,0,0,36,0,1369,0,0,2,2,0.0,0,0,0,0,50,True,0
Omar Richards,DEF,Nott'm Forest,0.0,0,0,0,0,0,0.0,0,512,0.00,0.00,0.00,0.00,357,0,0,0.0,0.0,2026-05-10T13:00:00Z,0,False,15,0,0,0,0,0,36,0,2444,0,0,1,1,0.0,0,-3,0,3,45,True,0
Anthony Gordon,MID,Newcastle,0.0,0,0,0,0,0,0.0,0,485,0.00,0.00,0.00,0.00,357,0,0,0.0,0.0,2026-05-10T13:00:00Z,0,False,16,0,0,0,0,0,36,0,453196,0,0,1,1,0.0,0,-58942,7081,66023,73,False,0
Antoni Milambo,MID,Brentford,0.0,0,0,0,0,0,0.0,0,122,0.00,0.00,0.00,0.00,356,0,0,0.0,0.0,2026-05-09T16:30:00Z,0,False,13,0,0,0,0,0,36,0,3609,0,0,0,3,0.0,0,-3,18,21,52,False,0
Pablo Felipe Pereira de Jesus,FWD,West Ham,0.0,0,0,6,0,0,13.3,1,785,0.54,0.54,0.00,0.37,360,1,0,2.1,3.2,2026-05-10T15:30:00Z,23,False,1,0,0,0,0,0,36,0,2153,0,1,1,0,4.0,1,-223,144,367,54,True,0
Martín Zubimendi Ibáñez,MID,Arsenal,0.0,0,0,7,0,1,1.8,2,26,0.01,0.01,0.00,0.39,360,0,0,0.4,2.0,2026-05-10T15:30:00Z,39,False,19,0,0,0,1,0,36,0,384521,0,0,1,0,0.0,1,-19523,6707,26230,50,False,0
Jaidon Anthony,MID,Burnley,0.0,0,0,26,0,1,2.3,6,200,0.01,0.58,0.57,1.34,352,2,1,7.7,39.0,2026-05-10T13:00:00Z,87,False,2,0,0,0,3,0,36,0,238013,1,2,2,2,36.0,7,-5047,1509,6556,50,True,0
Curtis Jones,MID,Liverpool,0.0,0,0,17,0,1,8.5,5,388,0.03,0.03,0.00,0.50,355,1,0,2.5,14.2,2026-05-09T11:30:00Z,90,False,7,0,0,0,3,0,36,0,14947,1,1,1,1,2.0,2,191,574,383,54,True,0
Caoimhín Kelleher,GK,Brentford,0.0,0,0,19,0,2,0.0,0,101,0.00,0.00,0.00,2.98,356,3,0,5.9,59.4,2026-05-09T16:30:00Z,90,False,13,0,0,0,11,0,36,7,1577821,1,0,0,3,0.0,3,-61596,17689,79285,48,False,0
Bertrand Traoré,MID,Sunderland,0.0,0,0,0,0,0,0.0,0,735,0.00,0.00,0.00,0.00,358,0,0,0.0,0.0,2026-05-09T14:00:00Z,0,False,14,0,0,0,0,0,36,0,3756,0,0,0,0,0.0,0,29,54,25,55,True,0
Ollie Shield,DEF,Brentford,0.0,0,0,0,0,0,0.0,0,819,0.00,0.00,0.00,0.00,356,0,0,0.0,0.0,2026-05-09T16:30:00Z,0,False,13,0,0,0,0,0,36,0,1111,0,0,0,3,0.0,0,1,41,40,40,False,0
James McAtee,MID,Nott'm Forest,0.0,1,0,15,0,0,10.3,1,426,0.02,0.07,0.05,0.02,357,0,0,3.1,15.0,2026-05-10T13:00:00Z,7,False,15,0,0,0,1,0,36,0,11791,0,0,1,1,6.0,4,77,150,73,50,True,0
Guglielmo Vicario,GK,Spurs,0.0,0,0,0,0,0,0.0,0,565,0.00,0.00,0.00,0.00,359,0,0,0.0,0.0,2026-05-11T19:00:00Z,0,False,11,0,0,0,0,0,36,0,625695,0,0,1,1,0.0,0,-10924,60,10984,47,True,0
Jaydee Canvot,DEF,Crystal Palace,0.0,0,0,7,0,7,15.9,7,723,0.04,0.35,0.31,1.59,353,2,0,5.3,16.6,2026-05-10T13:00:00Z,90,False,9,0,0,0,1,0,36,0,80889,1,0,2,2,20.0,1,25160,27278,2118,45,True,0
Jaydee Canvot,DEF,Crystal Palace,0.0,0,0,4,0,8,0.1,10,723,0.00,0.00,0.00,1.56,307,3,0,1.6,16.2,2026-05-13T19:00:00Z,90,False,13,0,0,0,6,0,36,0,80889,1,2,0,3,0.0,3,25160,27278,2118,45,False,0
Zach Marsh,FWD,Crystal Palace,0.0,0,0,0,0,0,0.0,0,286,0.00,0.00,0.00,0.00,353,0,0,0.0,0.0,2026-05-10T13:00:00Z,0,False,9,0,0,0,0,0,36,0,40687,0,0,2,2,0.0,0,53,451,398,44,True,0
Zach Marsh,FWD,Crystal Palace,0.0,0,0,0,0,0,0.0,0,286,0.00,0.00,0.00,0.00,307,0,0,0.0,0.0,2026-05-13T19:00:00Z,0,False,13,0,0,0,0,0,36,0,40687,0,0,0,3,0.0,0,53,451,398,44,False,0
Joe Anderson,DEF,Sunderland,0.0,0,0,0,0,0,0.0,0,534,0.00,0.00,0.00,0.00,358,0,0,0.0,0.0,2026-05-09T14:00:00Z,0,False,14,0,0,0,0,0,36,0,38388,0,0,0,0,0.0,0,-243,0,243,38,True,0
Noussair Mazraoui,DEF,Man Utd,0.0,0,3,37,1,6,35.3,10,438,0.02,0.02,0.00,1.25,358,0,0,6.5,27.8,2026-05-09T14:00:00Z,90,False,17,0,0,0,6,0,36,0,30775,1,4,0,0,2.0,11,-455,492,947,49,False,0
Cristian Romero,DEF,Spurs,0.0,0,0,0,0,0,0.0,0,569,0.00,0.00,0.00,0.00,359,0,0,0.0,0.0,2026-05-11T19:00:00Z,0,False,11,0,0,0,0,0,36,0,378273,0,0,1,1,0.0,0,-3711,44,3755,50,True,0
Václav Hladký,GK,Burnley,0.0,0,0,0,0,0,0.0,0,185,0.00,0.00,0.00,0.00,352,0,0,0.0,0.0,2026-05-10T13:00:00Z,0,False,2,0,0,0,0,0,36,0,19625,0,0,2,2,0.0,0,-117,72,189,39,True,0
Mads Roerslev Rasmussen,DEF,Brentford,0.0,0,0,0,0,0,0.0,0,112,0.00,0.00,0.00,0.00,356,0,0,0.0,0.0,2026-05-09T16:30:00Z,0,False,13,0,0,0,0,0,36,0,1832,0,0,0,3,0.0,0,-1,0,1,45,False,0
Diogo Dalot Teixeira,DEF,Man Utd,0.0,0,0,0,0,0,0.0,0,440,0.00,0.00,0.00,0.00,358,0,0,0.0,0.0,2026-05-09T14:00:00Z,0,False,17,0,0,0,0,0,36,0,531700,0,0,0,0,0.0,0,-13516,11735,25251,45,False,0
Justin Kluivert,MID,Bournemouth,0.0,0,0,0,0,0,0.0,0,81,0.00,0.00,0.00,0.00,354,0,0,0.0,0.0,2026-05-09T14:00:00Z,0,False,10,0,0,0,0,0,36,0,76852,0,0,1,0,0.0,0,-118,140,258,69,False,0
Keane Lewis-Potter,DEF,Brentford,0.0,0,0,2,0,1,5.1,3,107,0.01,0.01,0.00,2.98,356,3,0,1.8,10.4,2026-05-09T16:30:00Z,90,False,13,0,0,0,5,0,36,0,195595,1,2,0,3,2.0,1,-5368,6440,11808,48,False,0
Kristoffer Ajer,DEF,Brentford,0.0,0,0,3,0,11,0.5,12,108,0.01,0.01,0.00,2.98,356,3,0,2.8,23.2,2026-05-09T16:30:00Z,90,False,13,0,0,0,3,0,36,0,26417,1,1,0,3,4.0,2,-1148,131,1279,44,False,1
Georginio Rutter,MID,Brighton,0.0,0,0,0,0,0,0.8,0,158,0.00,0.00,0.00,0.11,351,0,0,0.6,1.2,2026-05-09T14:00:00Z,14,False,20,0,0,0,0,0,36,0,46597,0,0,0,3,4.0,1,1735,3658,1923,56,True,0
Hwang Hee-chan,MID,Wolves,0.0,0,0,-1,0,1,0.3,4,642,0.00,0.13,0.13,1.62,351,3,0,0.1,0.0,2026-05-09T14:00:00Z,88,False,6,0,0,0,3,0,36,0,13968,1,0,0,3,6.0,1,-417,152,569,56,False,1
Ashley Phillips,DEF,Spurs,0.0,0,0,0,0,0,0.0,0,576,0.00,0.00,0.00,0.00,359,0,0,0.0,0.0,2026-05-11T19:00:00Z,0,False,11,0,0,0,0,0,36,0,1410,0,0,1,1,0.0,0,-3,0,3,40,True,0
Quilindschy Hartman,DEF,Burnley,0.0,0,0,0,0,0,0.0,0,192,0.00,0.00,0.00,0.00,352,0,0,0.0,0.0,2026-05-10T13:00:00Z,0,False,2,0,0,0,0,0,36,0,75042,0,0,2,2,0.0,0,-779,729,1508,40,True,0
George King,DEF,Crystal Palace,0.0,0,0,0,0,0,0.0,0,793,0.00,0.00,0.00,0.00,353,0,0,0.0,0.0,2026-05-10T13:00:00Z,0,False,9,0,0,0,0,0,36,0,2799,0,0,2,2,0.0,0,43,102,59,40,True,0
George King,DEF,Crystal Palace,0.0,0,0,0,0,0,0.0,0,793,0.00,0.00,0.00,0.00,307,0,0,0.0,0.0,2026-05-13T19:00:00Z,0,False,13,0,0,0,0,0,36,0,2799,0,0,0,3,0.0,0,43,102,59,40,False,0
Bruno Guimarães Rodriguez Moura,MID,Newcastle,0.0,0,2,26,0,5,44.8,14,488,0.42,0.82,0.40,1.10,357,1,0,13.3,32.2,2026-05-10T13:00:00Z,90,False,16,0,0,0,7,0,36,0,655125,1,2,1,1,56.0,6,29228,44952,15724,68,False,0
Eiran Cashin,DEF,Brighton,0.0,0,0,0,0,0,0.0,0,154,0.00,0.00,0.00,0.00,351,0,0,0.0,0.0,2026-05-09T14:00:00Z,0,False,20,0,0,0,0,0,36,0,582,0,0,0,3,0.0,0,-1,0,1,40,True,0
Nathan Patterson,DEF,Everton,0.0,0,0,0,0,0,0.0,0,296,0.00,0.00,0.00,0.00,353,0,0,0.0,0.0,2026-05-10T13:00:00Z,0,False,8,0,0,0,0,0,36,0,4407,0,0,2,2,0.0,0,-26,44,70,44,False,0
Tolu Arokodare,FWD,Wolves,0.0,0,0,-2,0,0,1.6,0,720,0.01,0.08,0.07,0.00,351,0,0,0.3,0.0,2026-05-09T14:00:00Z,1,False,6,0,0,0,0,0,36,0,15485,0,0,0,3,4.0,1,-243,1073,1316,52,False,0
Andrew Moran,MID,Brighton,0.0,0,0,0,0,0,0.0,0,177,0.00,0.00,0.00,0.00,351,0,0,0.0,0.0,2026-05-09T14:00:00Z,0,False,20,0,0,0,0,0,36,0,1975,0,0,0,3,0.0,0,-2,0,2,45,True,0
Adrien Truffert,DEF,Bournemouth,0.0,0,3,37,1,2,30.6,4,74,0.07,0.44,0.37,1.33,354,0,0,7.2,26.0,2026-05-09T14:00:00Z,90,False,10,0,0,0,7,0,36,0,606880,1,2,1,0,15.0,9,17765,40899,23134,47,False,0
Enes Ünal,FWD,Bournemouth,0.0,0,0,6,0,2,0.8,2,98,0.01,0.05,0.04,0.34,354,0,0,0.9,3.0,2026-05-09T14:00:00Z,11,False,10,0,0,0,0,0,36,0,6307,0,0,1,0,5.0,1,73,271,198,54,False,0
Jack Whittaker,MID,Sunderland,0.0,0,0,0,0,0,0.0,0,821,0.00,0.00,0.00,0.00,358,0,0,0.0,0.0,2026-05-09T14:00:00Z,0,False,14,0,0,0,0,0,36,0,259,0,0,0,0,0.0,0,33,54,21,45,True,0
Dário Luís Essugo,MID,Chelsea,0.0,0,0,0,0,0,0.0,0,247,0.00,0.00,0.00,0.00,355,0,0,0.0,0.0,2026-05-09T11:30:00Z,0,False,12,0,0,0,0,0,36,0,8196,0,0,1,1,0.0,0,212,389,177,43,False,0
Aaron Ramsdale,GK,Newcastle,0.0,0,0,0,0,0,0.0,0,674,0.00,0.00,0.00,0.00,357,0,0,0.0,0.0,2026-05-10T13:00:00Z,0,False,16,0,0,0,0,0,36,0,100403,0,0,1,1,0.0,0,-2293,823,3116,48,False,0
Moisés Caicedo Corozo,MID,Chelsea,0.0,0,0,18,0,2,37.1,10,241,0.21,0.21,0.00,0.56,355,1,0,5.7,17.4,2026-05-09T11:30:00Z,90,False,12,0,0,0,4,0,36,0,939904,1,4,1,1,2.0,1,-11948,2175,14123,57,False,1
Taiwo Awoniyi,FWD,Nott'm Forest,0.0,0,0,10,1,0,12.2,3,527,0.02,0.17,0.15,1.16,357,0,0,3.1,2.0,2026-05-10T13:00:00Z,72,False,15,0,0,0,3,0,36,0,46689,1,0,1,1,17.0,2,7813,8389,576,52,True,0
Joél Drakes-Thomas,MID,Crystal Palace,0.0,0,0,0,0,0,0.0,0,762,0.00,0.00,0.00,0.00,353,0,0,0.0,0.0,2026-05-10T13:00:00Z,0,False,9,0,0,0,0,0,36,0,780,0,0,2,2,0.0,0,51,69,18,45,True,0
Joél Drakes-Thomas,MID,Crystal Palace,0.0,0,0,0,0,0,0.0,0,762,0.00,0.00,0.00,0.00,307,0,0,0.0,0.0,2026-05-13T19:00:00Z,0,False,13,0,0,0,0,0,36,0,780,0,0,0,3,0.0,0,51,69,18,45,False,0
Conor Gallagher,MID,Spurs,0.0,0,0,12,0,0,9.3,10,796,0.04,0.12,0.08,1.34,359,1,0,2.5,7.6,2026-05-11T19:00:00Z,90,False,11,0,0,0,7,0,36,0,26936,1,3,1,1,8.0,2,13848,14606,758,50,True,0
Niall Huggins,DEF,Sunderland,0.0,0,0,0,0,0,0.0,0,537,0.00,0.00,0.00,0.00,358,0,0,0.0,0.0,2026-05-09T14:00:00Z,0,False,14,0,0,0,0,0,36,0,8569,0,0,0,0,0.0,0,-20,0,20,40,True,0
Konstantinos Tsimikas,DEF,Liverpool,0.0,0,0,0,0,0,0.0,0,377,0.00,0.00,0.00,0.00,355,0,0,0.0,0.0,2026-05-09T11:30:00Z,0,False,7,0,0,0,0,0,36,0,6074,0,0,1,1,0.0,0,-6,0,6,48,True,0
Adam Smith,DEF,Bournemouth,0.0,1,2,32,1,5,11.6,6,73,0.01,0.01,0.00,1.33,354,0,0,4.0,28.0,2026-05-09T14:00:00Z,90,False,10,0,0,0,3,0,36,0,24641,1,1,1,0,0.0,11,-32,314,346,44,False,0
Tyrone Mings,DEF,Aston Villa,0.0,0,0,1,0,8,5.4,8,40,0.02,0.02,0.00,1.79,352,2,0,2.8,21.0,2026-05-10T13:00:00Z,90,False,3,0,0,0,7,0,36,0,83930,1,0,2,2,2.0,0,-370,820,1190,43,False,1
Luke Shaw,DEF,Man Utd,0.0,0,0,27,1,3,6.7,4,443,0.11,0.11,0.00,1.25,358,0,0,2.0,10.8,2026-05-09T14:00:00Z,90,False,17,0,0,0,4,0,36,0,112167,1,1,0,0,2.0,6,1939,6424,4485,45,False,0
James Rowswell,DEF,Spurs,0.0,0,0,0,0,0,0.0,0,750,0.00,0.00,0.00,0.00,359,0,0,0.0,0.0,2026-05-11T19:00:00Z,0,False,11,0,0,0,0,0,36,0,4429,0,0,1,1,0.0,0,-7,26,33,40,True,0
Aaron Hickey,DEF,Brentford,0.0,0,0,4,0,5,0.1,6,116,0.00,0.04,0.04,1.29,356,1,0,1.5,13.4,2026-05-09T16:30:00Z,60,False,13,0,0,0,1,0,36,0,44128,1,1,0,3,1.0,2,-160,399,559,40,False,0
Sékou Koné,MID,Man Utd,0.0,0,0,0,0,0,0.0,0,463,0.00,0.00,0.00,0.00,358,0,0,0.0,0.0,2026-05-09T14:00:00Z,0,False,17,0,0,0,0,0,36,0,10029,0,0,0,0,0.0,0,-32,0,32,43,False,0
Ryan McAidoo,MID,Man City,0.0,0,0,0,0,0,0.0,0,742,0.00,0.00,0.00,0.00,356,0,0,0.0,0.0,2026-05-09T16:30:00Z,0,False,5,0,0,0,0,0,36,0,1567,0,0,0,3,0.0,0,-7,16,23,45,True,0
Ryan McAidoo,MID,Man City,0.0,0,0,0,0,0,0.0,0,742,0.00,0.00,0.00,0.00,307,0,0,0.0,0.0,2026-05-13T19:00:00Z,0,False,8,0,0,0,0,0,36,0,1567,0,0,0,3,0.0,0,-7,16,23,45,True,0
Jordan Pickford,GK,Everton,0.0,0,0,18,0,2,0.0,0,287,0.01,0.01,0.00,2.56,353,2,0,4.8,48.0,2026-05-10T13:00:00Z,90,False,8,0,0,0,7,0,36,6,1686586,1,0,2,2,0.0,3,-22190,19384,41574,56,False,0
Enzo Barrenechea,MID,Aston Villa,0.0,0,0,0,0,0,0.0,0,56,0.00,0.00,0.00,0.00,352,0,0,0.0,0.0,2026-05-10T13:00:00Z,0,False,3,0,0,0,0,0,36,0,44,0,0,2,2,0.0,0,0,0,0,50,False,0
Pau Torres,DEF,Aston Villa,0.0,0,0,0,0,0,0.0,0,41,0.00,0.00,0.00,0.00,352,0,0,0.0,0.0,2026-05-10T13:00:00Z,0,False,3,0,0,0,0,0,36,0,39839,0,0,2,2,0.0,0,-127,435,562,43,False,0
Bart Verbruggen,GK,Brighton,0.0,0,0,23,1,0,0.0,0,139,0.00,0.00,0.00,0.49,351,0,0,1.3,12.8,2026-05-09T14:00:00Z,90,False,20,0,0,0,7,0,36,1,1267231,1,0,0,3,0.0,6,79893,98776,18883,46,True,0
Tariq Lamptey,DEF,Brighton,0.0,0,0,0,0,0,0.0,0,150,0.00,0.00,0.00,0.00,351,0,0,0.0,0.0,2026-05-09T14:00:00Z,0,False,20,0,0,0,0,0,36,0,10480,0,0,0,3,0.0,0,-13,0,13,44,True,0
Ashley Barnes,FWD,Burnley,0.0,0,0,0,0,0,0.0,0,218,0.00,0.00,0.00,0.00,352,0,0,0.0,0.0,2026-05-10T13:00:00Z,0,False,2,0,0,0,0,0,36,0,163324,0,0,2,2,0.0,0,-1513,1452,2965,42,True,0
Travis Patterson,DEF,Aston Villa,0.0,0,0,0,0,0,0.0,0,710,0.00,0.00,0.00,0.00,352,0,0,0.0,0.0,2026-05-10T13:00:00Z,0,False,3,0,0,0,0,0,36,0,25003,0,0,2,2,0.0,0,-60,87,147,39,False,0
George Hemmings,MID,Aston Villa,0.0,0,0,0,0,0,0.0,0,754,0.00,0.00,0.00,0.00,352,0,0,0.0,0.0,2026-05-10T13:00:00Z,0,False,3,0,0,0,0,0,36,0,1230,0,0,2,2,0.0,0,25,45,20,45,False,0
Sverre Nypan,MID,Man City,0.0,0,0,0,0,0,0.0,0,428,0.00,0.00,0.00,0.00,356,0,0,0.0,0.0,2026-05-09T16:30:00Z,0,False,5,0,0,0,0,0,36,0,1989,0,0,0,3,0.0,0,-4,5,9,50,True,0
Sverre Nypan,MID,Man City,0.0,0,0,0,0,0,0.0,0,428,0.00,0.00,0.00,0.00,307,0,0,0.0,0.0,2026-05-13T19:00:00Z,0,False,8,0,0,0,0,0,36,0,1989,0,0,0,3,0.0,0,-4,5,9,50,True,0
Josh Acheampong,DEF,Chelsea,0.0,0,0,0,0,0,0.0,0,233,0.00,0.00,0.00,0.00,355,0,0,0.0,0.0,2026-05-09T11:30:00Z,0,False,12,0,0,0,0,0,36,0,221882,0,0,1,1,0.0,0,3984,10546,6562,37,False,0
Igor Jesus Maciel da Cruz,FWD,Nott'm Forest,0.0,0,0,8,0,1,20.7,6,526,0.00,0.29,0.29,1.46,357,1,0,9.2,15.8,2026-05-10T13:00:00Z,82,False,15,0,0,0,4,0,36,0,321533,1,1,1,1,55.0,1,43902,57397,13495,59,True,1
Illia Zabarnyi,DEF,Bournemouth,0.0,0,0,0,0,0,0.0,0,71,0.00,0.00,0.00,0.00,354,0,0,0.0,0.0,2026-05-09T14:00:00Z,0,False,10,0,0,0,0,0,36,0,2914,0,0,1,0,0.0,0,-5,0,5,50,False,0
Julián Araujo Zúñiga,DEF,Bournemouth,0.0,0,0,0,0,0,0.0,0,78,0.00,0.00,0.00,0.00,354,0,0,0.0,0.0,2026-05-09T14:00:00Z,0,False,10,0,0,0,0,0,36,0,63541,0,0,1,0,0.0,0,-399,0,399,38,False,0
Milos Kerkez,DEF,Liverpool,0.0,0,0,8,0,1,6.1,1,371,0.01,0.01,0.00,0.50,355,1,0,1.0,4.2,2026-05-09T11:30:00Z,90,False,7,0,0,0,2,0,36,0,384373,1,0,1,1,0.0,2,-7383,1117,8500,56,True,0
Lamare Bogarde,DEF,Aston Villa,0.0,0,0,5,0,1,0.9,2,44,0.00,0.00,0.00,0.17,352,0,0,0.6,4.6,2026-05-10T13:00:00Z,10,False,3,0,0,0,0,0,36,0,70313,0,1,2,2,0.0,1,83,979,896,40,False,0
Dermot Mee,GK,Man Utd,0.0,0,0,0,0,0,0.0,0,435,0.00,0.00,0.00,0.00,358,0,0,0.0,0.0,2026-05-09T14:00:00Z,0,False,17,0,0,0,0,0,36,0,12715,0,0,0,0,0.0,0,-16,86,102,39,False,0
Alisson Becker,GK,Liverpool,0.0,0,0,0,0,0,0.0,0,366,0.00,0.00,0.00,0.00,355,0,0,0.0,0.0,2026-05-09T11:30:00Z,0,False,7,0,0,0,0,0,36,0,679873,0,0,1,1,0.0,0,-10782,185,10967,54,True,0
Fabian Schär,DEF,Newcastle,0.0,0,0,0,0,0,0.0,0,474,0.00,0.00,0.00,0.00,357,0,0,0.0,0.0,2026-05-10T13:00:00Z,0,False,16,0,0,0,0,0,36,0,146973,0,0,1,1,0.0,0,-507,25,532,52,False,0
Marc Cucurella Saseta,DEF,Chelsea,0.0,0,0,2,0,0,20.5,1,224,0.03,0.06,0.03,0.56,355,1,0,5.5,7.0,2026-05-09T11:30:00Z,90,False,12,0,0,0,3,0,36,0,1890897,1,1,1,1,27.0,1,-47586,6150,53736,61,False,1
Norberto Murara Neto,GK,Bournemouth,0.0,0,0,0,0,0,0.0,0,66,0.00,0.00,0.00,0.00,354,0,0,0.0,0.0,2026-05-09T14:00:00Z,0,False,10,0,0,0,0,0,36,0,7118,0,0,1,0,0.0,0,-15,0,15,45,False,0
Max Weiß,GK,Burnley,0.0,0,0,13,0,2,0.0,0,183,0.00,0.00,0.00,1.44,352,2,0,3.1,30.8,2026-05-10T13:00:00Z,90,False,2,0,0,0,7,0,36,5,15332,1,0,2,2,0.0,2,-59,70,129,42,True,0
Amad Diallo,MID,Man Utd,0.0,0,0,6,1,1,9.8,2,452,0.04,0.10,0.06,1.20,358,0,0,1.9,4.0,2026-05-09T14:00:00Z,74,False,17,0,0,0,1,0,36,0,170862,1,0,0,0,5.0,3,-3708,2074,5782,62,False,0
Jorge Cuenca Barreno,DEF,Fulham,0.0,0,0,0,0,0,0.0,0,321,0.00,0.00,0.00,0.00,354,0,0,0.0,0.0,2026-05-09T14:00:00Z,0,False,4,0,0,0,0,0,36,0,6945,0,0,1,0,0.0,0,-68,50,118,43,True,0
Oliver Sonne,DEF,Burnley,0.0,0,0,0,0,0,0.0,0,197,0.00,0.00,0.00,0.00,352,0,0,0.0,0.0,2026-05-10T13:00:00Z,0,False,2,0,0,0,0,0,36,0,21716,0,0,2,2,0.0,0,-324,0,324,38,True,0
Edson Álvarez Velázquez,MID,West Ham,0.0,0,0,0,0,0,0.0,0,616,0.00,0.00,0.00,0.00,360,0,0,0.0,0.0,2026-05-10T15:30:00Z,0,False,1,0,0,0,0,0,36,0,5914,0,0,1,0,0.0,0,-7,0,7,49,True,0
Yankuba Minteh,MID,Brighton,0.0,0,1,37,1,1,33.3,5,160,0.11,0.33,0.22,0.49,351,0,1,11.5,48.8,2026-05-09T14:00:00Z,90,False,20,0,0,0,2,0,36,0,319742,1,2,0,3,33.0,9,9756,22251,12495,55,True,0
Eberechi Eze,MID,Arsenal,0.0,0,0,16,1,0,16.8,3,266,0.03,0.10,0.07,0.39,360,0,0,3.3,6.2,2026-05-10T15:30:00Z,66,False,19,0,0,0,3,0,36,0,1151604,1,0,1,0,10.0,3,1328,33560,32232,73,False,0
Lewis Orford,MID,West Ham,0.0,0,0,0,0,0,0.0,0,622,0.00,0.00,0.00,0.00,360,0,0,0.0,0.0,2026-05-10T15:30:00Z,0,False,1,0,0,0,0,0,36,0,6715,0,0,1,0,0.0,0,-12,0,12,44,True,0
Simon Adingra,MID,Sunderland,0.0,0,0,0,0,0,0.0,0,543,0.00,0.00,0.00,0.00,358,0,0,0.0,0.0,2026-05-09T14:00:00Z,0,False,14,0,0,0,0,0,36,0,43950,0,0,0,0,0.0,0,-150,0,150,49,True,0
Alexander Isak,FWD,Liverpool,0.0,0,0,4,0,0,0.3,2,499,0.01,0.01,0.00,0.09,355,0,0,1.1,2.2,2026-05-09T11:30:00Z,23,False,7,0,0,0,1,0,36,0,511301,0,1,1,1,8.0,1,-44822,5313,50135,103,True,0
Dominic Solanke-Mitchell,FWD,Spurs,0.0,0,0,0,0,0,0.0,0,596,0.00,0.00,0.00,0.00,359,0,0,0.0,0.0,2026-05-11T19:00:00Z,0,False,11,0,0,0,0,0,36,0,151514,0,0,1,1,0.0,0,-31865,62,31927,71,True,0
Rodrigo Bentancur,MID,Spurs,0.0,0,1,17,0,4,12.7,14,585,0.01,0.22,0.21,1.07,359,1,0,4.3,17.0,2026-05-11T19:00:00Z,80,False,11,0,0,0,5,0,36,0,21967,1,5,1,1,13.0,5,374,653,279,52,True,0
Patrick Dorgu,DEF,Man Utd,0.0,0,0,3,0,0,11.3,0,441,0.06,0.06,0.00,0.10,358,0,0,1.4,0.6,2026-05-09T14:00:00Z,25,False,17,0,0,0,1,0,36,0,311934,0,0,0,0,2.0,1,4504,8012,3508,41,False,0
Ayden Heaven,DEF,Man Utd,0.0,0,0,0,0,0,0.0,0,447,0.00,0.00,0.00,0.00,358,0,0,0.0,0.0,2026-05-09T14:00:00Z,0,False,17,0,0,0,0,0,36,0,343434,0,0,0,0,0.0,0,25101,33467,8366,37,False,0
James Tarkowski,DEF,Everton,0.0,1,3,33,0,10,13.7,13,291,0.55,0.74,0.19,2.56,353,2,1,14.8,77.2,2026-05-10T13:00:00Z,90,False,8,0,0,0,3,0,36,0,1458878,1,3,2,2,57.0,15,-67502,20945,88447,57,False,0
Facundo Buonanotte,MID,Leeds,0.0,0,0,0,0,0,0.0,0,168,0.00,0.00,0.00,0.00,359,0,0,0.0,0.0,2026-05-11T19:00:00Z,0,False,18,0,0,0,0,0,36,0,12412,0,0,1,1,0.0,0,105,381,276,46,False,0
Jack Moorhouse,MID,Man Utd,0.0,0,0,0,0,0,0.0,0,464,0.00,0.00,0.00,0.00,358,0,0,0.0,0.0,2026-05-09T14:00:00Z,0,False,17,0,0,0,0,0,36,0,2158,0,0,0,0,0.0,0,-2,0,2,45,False,0
Carlos Henrique Casimiro,MID,Man Utd,0.0,0,0,0,0,0,0.0,0,457,0.00,0.00,0.00,0.00,358,0,0,0.0,0.0,2026-05-09T14:00:00Z,0,False,17,0,0,0,0,0,36,0,701820,0,0,0,0,0.0,0,92362,118735,26373,58,False,0
José Malheiro de Sá,GK,Wolves,0.0,0,0,0,0,0,0.0,0,628,0.00,0.00,0.00,0.00,351,0,0,0.0,0.0,2026-05-09T14:00:00Z,0,False,6,0,0,0,0,0,36,0,141760,0,0,0,3,0.0,0,-9899,159,10058,42,False,0
Callan McKenna,GK,Bournemouth,0.0,0,0,0,0,0,0.0,0,69,0.00,0.00,0.00,0.00,354,0,0,0.0,0.0,2026-05-09T14:00:00Z,0,False,10,0,0,0,0,0,36,0,31309,0,0,1,0,0.0,0,-136,196,332,39,False,0
Fábio Freitas Gouveia Carvalho,MID,Brentford,0.0,0,0,0,0,0,0.0,0,123,0.00,0.00,0.00,0.00,356,0,0,0.0,0.0,2026-05-09T16:30:00Z,0,False,13,0,0,0,0,0,36,0,13686,0,0,0,3,0.0,0,-25,15,40,46,False,0
Sean Neave,FWD,Newcastle,0.0,0,0,0,0,0,0.0,0,501,0.00,0.00,0.00,0.00,357,0,0,0.0,0.0,2026-05-10T13:00:00Z,0,False,16,0,0,0,0,0,36,0,32790,0,0,1,1,0.0,0,-36,252,288,43,False,0
Luis Díaz Marulanda,MID,Liverpool,0.0,0,0,0,0,0,0.0,0,383,0.00,0.00,0.00,0.00,355,0,0,0.0,0.0,2026-05-09T11:30:00Z,0,False,7,0,0,0,0,0,36,0,5487,0,0,1,1,0.0,0,-6,0,6,80,True,0
Joe Hodge,MID,Wolves,0.0,0,0,0,0,0,0.0,0,653,0.00,0.00,0.00,0.00,351,0,0,0.0,0.0,2026-05-09T14:00:00Z,0,False,6,0,0,0,0,0,36,0,3211,0,0,0,3,0.0,0,-6,0,6,45,False,0
Sander Berge,MID,Fulham,0.0,0,0,0,0,0,0.0,0,330,0.00,0.00,0.00,0.00,354,0,0,0.0,0.0,2026-05-09T14:00:00Z,0,False,4,0,0,0,0,0,36,0,10513,0,0,1,0,0.0,0,-261,196,457,49,True,0
Tanaka Ao,MID,Leeds,0.0,0,1,17,0,5,5.7,19,358,0.01,0.04,0.03,1.17,359,1,0,2.0,12.8,2026-05-11T19:00:00Z,90,False,18,0,0,0,10,0,36,0,26434,1,4,1,1,1.0,5,332,1191,859,48,False,0
Carlos Miguel dos Santos Pereira,GK,Nott'm Forest,0.0,0,0,0,0,0,0.0,0,503,0.00,0.00,0.00,0.00,357,0,0,0.0,0.0,2026-05-10T13:00:00Z,0,False,15,0,0,0,0,0,36,0,7858,0,0,1,1,0.0,0,-29,0,29,40,True,0
Matty Cash,DEF,Aston Villa,0.0,0,0,1,0,0,20.6,0,36,0.10,0.10,0.00,1.63,352,2,0,2.2,0.0,2026-05-10T13:00:00Z,79,False,3,0,0,0,0,0,36,0,1065989,1,0,2,2,2.0,1,-6129,20768,26897,47,False,0
Bendito Mantato,MID,Man Utd,0.0,0,0,0,0,0,0.0,0,769,0.00,0.00,0.00,0.00,358,0,0,0.0,0.0,2026-05-09T14:00:00Z,0,False,17,0,0,0,0,0,36,0,667,0,0,0,0,0.0,0,6,15,9,45,False,0
Bruno Borges Fernandes,MID,Man Utd,0.0,0,0,12,1,2,56.5,8,449,0.13,0.17,0.04,1.25,358,0,0,7.7,11.4,2026-05-09T14:00:00Z,90,False,17,0,0,0,6,0,36,0,6213324,1,0,0,0,9.0,3,37749,106989,69240,104,False,0
Stefanos Tzimas,FWD,Brighton,0.0,0,0,0,0,0,0.0,0,180,0.00,0.00,0.00,0.00,351,0,0,0.0,0.0,2026-05-09T14:00:00Z,0,False,20,0,0,0,0,0,36,0,9569,0,0,0,3,0.0,0,-7,50,57,52,True,0
Daniel Bentley,GK,Wolves,0.0,0,0,9,0,2,0.0,0,629,0.00,0.00,0.00,1.62,351,3,0,2.4,24.4,2026-05-09T14:00:00Z,90,False,6,0,0,0,10,0,36,3,64946,1,0,0,3,0.0,2,851,1753,902,39,False,0
Marcus Rashford,MID,Man Utd,0.0,0,0,0,0,0,0.0,0,451,0.00,0.00,0.00,0.00,358,0,0,0.0,0.0,2026-05-09T14:00:00Z,0,False,17,0,0,0,0,0,36,0,1927,0,0,0,0,0.0,0,-1,0,1,70,False,0
TJ Carroll,DEF,Aston Villa,0.0,0,0,0,0,0,0.0,0,781,0.00,0.00,0.00,0.00,352,0,0,0.0,0.0,2026-05-10T13:00:00Z,0,False,3,0,0,0,0,0,36,0,2371,0,0,2,2,0.0,0,7,36,29,40,False,0
Rico Henry,DEF,Brentford,0.0,0,0,0,0,0,0.0,0,109,0.00,0.00,0.00,0.00,356,0,0,0.0,0.0,2026-05-09T16:30:00Z,0,False,13,0,0,0,0,0,36,0,16186,0,0,0,3,0.0,0,-398,13,411,43,False,0
Samuel Iling-Junior,MID,Aston Villa,0.0,0,0,0,0,0,0.0,0,51,0.00,0.00,0.00,0.00,352,0,0,0.0,0.0,2026-05-10T13:00:00Z,0,False,3,0,0,0,0,0,36,0,2414,0,0,2,2,0.0,0,-2,0,2,55,False,0
Abdallah Sima,MID,Brighton,0.0,0,0,0,0,0,0.0,0,165,0.00,0.00,0.00,0.00,351,0,0,0.0,0.0,2026-05-09T14:00:00Z,0,False,20,0,0,0,0,0,36,0,1420,0,0,0,3,0.0,0,0,0,0,54,True,0
Tosin Adarabioyo,DEF,Chelsea,0.0,0,0,0,0,0,0.0,0,232,0.00,0.00,0.00,0.00,355,0,0,0.0,0.0,2026-05-09T11:30:00Z,0,False,12,0,0,0,0,0,36,0,34163,0,0,1,1,0.0,0,19,399,380,40,False,0
Sam Greenwood,MID,Leeds,0.0,0,0,0,0,0,0.0,0,355,0.00,0.00,0.00,0.00,359,0,0,0.0,0.0,2026-05-11T19:00:00Z,0,False,18,0,0,0,0,0,36,0,4138,0,0,1,1,0.0,0,-2,0,2,49,False,0
Jarrad Branthwaite,DEF,Everton,0.0,0,0,0,0,0,0.0,0,290,0.00,0.00,0.00,0.00,353,0,0,0.0,0.0,2026-05-10T13:00:00Z,0,False,8,0,0,0,0,0,36,0,39997,0,0,2,2,0.0,0,-4794,53,4847,53,False,0
Ethan Pinnock,DEF,Brentford,0.0,0,0,0,0,0,0.0,0,111,0.00,0.00,0.00,0.00,356,0,0,0.0,0.0,2026-05-09T16:30:00Z,0,False,13,0,0,0,0,0,36,0,16331,0,0,0,3,0.0,0,-406,122,528,42,False,0
Wellity Lucky,DEF,Liverpool,0.0,0,0,0,0,0,0.0,0,760,0.00,0.00,0.00,0.00,355,0,0,0.0,0.0,2026-05-09T11:30:00Z,0,False,7,0,0,0,0,0,36,0,2797,0,0,1,1,0.0,0,-13,33,46,40,True,0
Alex Cairns,GK,Leeds,0.0,0,0,0,0,0,0.0,0,340,0.00,0.00,0.00,0.00,359,0,0,0.0,0.0,2026-05-11T19:00:00Z,0,False,18,0,0,0,0,0,36,0,18861,0,0,1,1,0.0,0,-48,94,142,39,False,0
Mateo Joseph Fernández-Regatillo,FWD,Leeds,0.0,0,0,0,0,0,0.0,0,364,0.00,0.00,0.00,0.00,359,0,0,0.0,0.0,2026-05-11T19:00:00Z,0,False,18,0,0,0,0,0,36,0,1236,0,0,1,1,0.0,0,-1,0,1,50,False,0
Kai Havertz,FWD,Arsenal,0.0,0,0,6,0,0,0.7,2,30,0.00,0.00,0.00,0.76,360,0,0,0.9,3.8,2026-05-10T15:30:00Z,23,False,19,0,0,0,0,0,36,0,74917,0,2,1,0,4.0,1,-10308,1838,12146,73,False,0
Raúl Jiménez Rodríguez,FWD,Fulham,0.0,0,0,0,0,0,0.0,0,337,0.00,0.00,0.00,0.00,354,0,0,0.0,0.0,2026-05-09T14:00:00Z,0,False,4,0,0,0,0,0,36,0,249570,0,0,1,0,0.0,0,-11884,9289,21173,60,True,0
Brian Brobbey,FWD,Sunderland,0.0,0,0,5,1,2,34.9,4,730,0.11,0.29,0.18,0.62,358,0,0,9.7,11.6,2026-05-09T14:00:00Z,90,False,14,0,0,0,2,0,36,0,129859,1,0,0,0,50.0,2,-24304,4458,28762,53,True,0
Evann Guessand,MID,Crystal Palace,0.0,0,0,0,0,0,0.0,0,677,0.00,0.00,0.00,0.00,353,0,0,0.0,0.0,2026-05-10T13:00:00Z,0,False,9,0,0,0,0,0,36,0,5543,0,0,2,2,0.0,0,-109,23,132,62,True,0
Evann Guessand,MID,Crystal Palace,0.0,0,0,0,0,0,0.0,0,677,0.00,0.00,0.00,0.00,307,0,0,0.0,0.0,2026-05-13T19:00:00Z,0,False,13,0,0,0,0,0,36,0,5543,0,0,0,3,0.0,0,-109,23,132,62,False,0
Kaye Furo,FWD,Brentford,0.0,0,0,0,0,0,0.0,0,797,0.00,0.00,0.00,0.00,356,0,0,0.0,0.0,2026-05-09T16:30:00Z,0,False,13,0,0,0,0,0,36,0,2306,0,0,0,3,0.0,0,80,143,63,45,False,0
Antony dos Santos,MID,Man Utd,0.0,0,0,0,0,0,0.0,0,454,0.00,0.00,0.00,0.00,358,0,0,0.0,0.0,2026-05-09T14:00:00Z,0,False,17,0,0,0,0,0,36,0,7298,0,0,0,0,0.0,0,-6,0,6,59,False,0
Tyler Onyango,MID,Everton,0.0,0,0,0,0,0,0.0,0,704,0.00,0.00,0.00,0.00,353,0,0,0.0,0.0,2026-05-10T13:00:00Z,0,False,8,0,0,0,0,0,36,0,6318,0,0,2,2,0.0,0,-8,0,8,45,False,0
