name,position,team,xP,assists,bonus,bps,clean_sheets,clearances_blocks_interceptions,creativity,defensive_contribution,element,expected_assists,expected_goal_involvements,expected_goals,expected_goals_conceded,fixture,goals_conceded,goals_scored,ict_index,influence,kickoff_time,minutes,modified,opponent_team,own_goals,penalties_missed,penalties_saved,recoveries,red_cards,round,saves,selected,starts,tackles,team_a_score,team_h_score,threat,total_points,transfers_balance,transfers_in,transfers_out,value,was_home,yellow_cards
Reinildo Mandava,DEF,Sunderland,0.0,0,0,14,0,5,1.8,6,541,0.02,0.02,0.00,1.04,366,1,0,1.6,14.4,2026-05-17T14:00:00Z,90,False,9,0,0,0,2,0,37,0,385474,1,1,3,1,0.0,2,9961,12699,2738,38,False,0
Lorenzo Lucca,FWD,Nott'm Forest,0.0,0,0,0,0,0,0.0,0,805,0.00,0.00,0.00,0.00,368,0,0,0.0,0.0,2026-05-17T11:30:00Z,0,False,14,0,0,0,0,0,37,0,1924,0,0,2,3,0.0,0,27,104,77,53,False,0
Lewis Dobbin,MID,Aston Villa,0.0,0,0,0,0,0,0.0,0,57,0.00,0.00,0.00,0.00,362,0,0,0.0,0.0,2026-05-15T19:00:00Z,0,False,12,0,0,0,0,0,37,0,3112,0,0,2,4,0.0,0,-1,0,1,50,True,0
Ryan Christie,MID,Bournemouth,0.0,0,0,0,0,0,0.0,0,87,0.00,0.00,0.00,0.00,363,0,0,0.0,0.0,2026-05-19T18:30:00Z,0,False,13,0,0,0,0,0,37,0,15388,0,0,1,1,0.0,0,-3616,23,3639,49,True,0
Leo Shahar,DEF,Newcastle,0.0,0,0,0,0,0,0.0,0,765,0.00,0.00,0.00,0.00,369,0,0,0.0,0.0,2026-05-17T16:30:00Z,0,False,19,0,0,0,0,0,37,0,4387,0,0,1,3,0.0,0,17,98,81,40,True,0
Zeki Amdouni,FWD,Burnley,0.0,0,0,4,0,0,1.3,0,216,0.00,0.00,0.00,0.03,361,0,0,0.1,0.0,2026-05-18T19:00:00Z,20,False,1,0,0,0,0,0,37,0,3078,0,0,0,1,0.0,1,62,90,28,48,False,0
Lucas Tolentino Coelho de Lima,MID,West Ham,0.0,0,0,0,0,0,0.0,0,612,0.00,0.00,0.00,0.00,369,0,0,0.0,0.0,2026-05-17T16:30:00Z,0,False,15,0,0,0,0,0,37,0,137113,0,0,1,3,0.0,0,-267,0,267,59,False,0
Jorrel Hato,DEF,Chelsea,0.0,0,0,11,0,5,10.7,6,672,0.02,0.02,0.00,1.72,365,1,0,3.1,18.2,2026-05-19T19:15:00Z,90,False,18,0,0,0,4,0,37,0,24373,1,1,1,2,2.0,1,105,288,183,46,True,1
Myles Peart-Harris,MID,Brentford,0.0,0,0,0,0,0,0.0,0,133,0.00,0.00,0.00,0.00,364,0,0,0.0,0.0,2026-05-17T14:00:00Z,0,False,8,0,0,0,0,0,37,0,3987,0,0,2,2,0.0,0,-10,0,10,44,True,0
Bashir Humphreys,DEF,Burnley,0.0,0,0,4,0,2,0.4,2,193,0.00,0.00,0.00,0.03,361,0,0,0.5,4.6,2026-05-18T19:00:00Z,8,False,1,0,0,0,0,0,37,0,15558,0,0,0,1,0.0,1,-268,86,354,39,False,0
Romain Faivre,MID,Bournemouth,0.0,0,0,0,0,0,0.0,0,92,0.00,0.00,0.00,0.00,363,0,0,0.0,0.0,2026-05-19T18:30:00Z,0,False,13,0,0,0,0,0,37,0,7676,0,0,1,1,0.0,0,-10,0,10,45,True,0
Enock Agyei,MID,Burnley,0.0,0,0,0,0,0,0.0,0,203,0.00,0.00,0.00,0.00,361,0,0,0.0,0.0,2026-05-18T19:00:00Z,0,False,1,0,0,0,0,0,37,0,6268,0,0,0,1,0.0,0,21,70,49,47,False,0
Callum Bates,MID,Everton,0.0,0,0,0,0,0,0.0,0,306,0.00,0.00,0.00,0.00,366,0,0,0.0,0.0,2026-05-17T14:00:00Z,0,False,17,0,0,0,0,0,37,0,12314,0,0,3,1,0.0,0,31,228,197,43,True,0
Harry Tyrer,GK,Everton,0.0,0,0,0,0,0,0.0,0,289,0.00,0.00,0.00,0.00,366,0,0,0.0,0.0,2026-05-17T14:00:00Z,0,False,17,0,0,0,0,0,37,0,11273,0,0,3,1,0.0,0,-67,0,67,39,True,0
Etienne Green,GK,Burnley,0.0,0,0,0,0,0,0.0,0,184,0.00,0.00,0.00,0.00,361,0,0,0.0,0.0,2026-05-18T19:00:00Z,0,False,1,0,0,0,0,0,37,0,20180,0,0,0,1,0.0,0,-72,0,72,40,False,0
Destiny Udogie,DEF,Spurs,0.0,0,0,-5,0,1,0.6,4,574,0.00,0.00,0.00,0.48,365,2,0,0.7,4.6,2026-05-19T19:15:00Z,68,False,7,0,0,0,5,0,37,0,40467,1,3,1,2,2.0,0,140,386,246,43,False,1
Simon Moore,GK,Sunderland,0.0,0,0,0,0,0,0.0,0,529,0.00,0.00,0.00,0.00,366,0,0,0.0,0.0,2026-05-17T14:00:00Z,0,False,9,0,0,0,0,0,37,0,43319,0,0,3,1,0.0,0,-50,210,260,39,False,0
Ben Winterburn,MID,Bournemouth,0.0,0,0,0,0,0,0.0,0,96,0.00,0.00,0.00,0.00,363,0,0,0.0,0.0,2026-05-19T18:30:00Z,0,False,13,0,0,0,0,0,37,0,3838,0,0,1,1,0.0,0,-2,0,2,45,True,0
Mikey Moore,MID,Spurs,0.0,0,0,0,0,0,0.0,0,592,0.00,0.00,0.00,0.00,365,0,0,0.0,0.0,2026-05-19T19:15:00Z,0,False,7,0,0,0,0,0,37,0,417,0,0,1,2,0.0,0,0,0,0,50,False,0
Jesse Derry,MID,Chelsea,0.0,0,0,0,0,0,0.0,0,829,0.00,0.00,0.00,0.00,365,0,0,0.0,0.0,2026-05-19T19:15:00Z,0,False,18,0,0,0,0,0,37,0,96,0,0,1,2,0.0,0,-7,11,18,45,True,0
Pape Matar Sarr,MID,Spurs,0.0,1,0,18,0,0,25.2,1,593,0.03,0.16,0.13,0.15,365,0,0,4.7,18.0,2026-05-19T19:15:00Z,21,False,7,0,0,0,1,0,37,0,127053,0,0,1,2,4.0,4,-41,2527,2568,45,False,0
Hákon Rafn Valdimarsson,GK,Brentford,0.0,0,0,0,0,0,0.0,0,105,0.00,0.00,0.00,0.00,364,0,0,0.0,0.0,2026-05-17T14:00:00Z,0,False,8,0,0,0,0,0,37,0,119563,0,0,2,2,0.0,0,7756,10330,2574,38,True,0
Toby Collyer,MID,Man Utd,0.0,0,0,0,0,0,0.0,0,460,0.00,0.00,0.00,0.00,368,0,0,0.0,0.0,2026-05-17T11:30:00Z,0,False,16,0,0,0,0,0,37,0,3224,0,0,2,3,0.0,0,-3,0,3,45,True,0
Jaydon Jones,MID,Sunderland,0.0,0,0,0,0,0,0.0,0,822,0.00,0.00,0.00,0.00,366,0,0,0.0,0.0,2026-05-17T14:00:00Z,0,False,9,0,0,0,0,0,37,0,371,0,0,3,1,0.0,0,29,48,19,45,False,0
Marcos Senesi Barón,DEF,Bournemouth,0.0,0,0,13,0,9,1.0,10,72,0.01,0.01,0.00,1.67,363,1,0,2.3,22.2,2026-05-19T18:30:00Z,90,False,13,0,0,0,4,0,37,0,2724452,1,1,1,1,0.0,4,-39964,60900,100864,52,True,0
Adam Armstrong,FWD,Wolves,0.0,0,0,3,0,1,0.3,3,817,0.00,0.42,0.42,1.47,370,1,0,0.6,0.0,2026-05-17T14:00:00Z,71,False,10,0,0,0,1,0,37,0,6777,1,1,1,1,6.0,2,-1399,287,1686,52,True,0
Tyler Morton,MID,Liverpool,0.0,0,0,0,0,0,0.0,0,395,0.00,0.00,0.00,0.00,362,0,0,0.0,0.0,2026-05-15T19:00:00Z,0,False,2,0,0,0,0,0,37,0,265,0,0,2,4,0.0,0,-1,0,1,45,False,0
Alexis Mac Allister,MID,Liverpool,0.0,0,0,18,0,2,28.0,12,386,0.04,0.14,0.10,1.85,362,4,0,5.9,16.2,2026-05-15T19:00:00Z,90,False,2,0,0,0,8,0,37,0,234221,1,2,2,4,15.0,4,-7998,2681,10679,61,False,0
André Trindade da Costa Neto,MID,Wolves,0.0,0,0,10,0,2,2.4,14,643,0.01,0.01,0.00,1.59,370,1,0,0.5,2.6,2026-05-17T14:00:00Z,90,False,10,0,0,0,10,0,37,0,13435,1,2,1,1,0.0,3,-622,309,931,52,True,1
Harrison Ashby,DEF,Newcastle,0.0,0,0,0,0,0,0.0,0,482,0.00,0.00,0.00,0.00,369,0,0,0.0,0.0,2026-05-17T16:30:00Z,0,False,19,0,0,0,0,0,37,0,13978,0,0,1,3,0.0,0,-35,0,35,39,True,0
Samuel Amissah,DEF,Fulham,0.0,0,0,0,0,0,0.0,0,323,0.00,0.00,0.00,0.00,370,0,0,0.0,0.0,2026-05-17T14:00:00Z,0,False,20,0,0,0,0,0,37,0,18761,0,0,1,1,0.0,0,-60,111,171,38,False,0
Luís Hemir Silva Semedo,FWD,Sunderland,0.0,0,0,0,0,0,0.0,0,563,0.00,0.00,0.00,0.00,366,0,0,0.0,0.0,2026-05-17T14:00:00Z,0,False,9,0,0,0,0,0,37,0,10452,0,0,3,1,0.0,0,-14,0,14,44,False,0
Adama Traoré Diarra,MID,West Ham,0.0,0,0,0,0,0,0.0,0,326,0.00,0.00,0.00,0.00,369,0,0,0.0,0.0,2026-05-17T16:30:00Z,0,False,15,0,0,0,0,0,37,0,19669,0,0,1,3,0.0,0,-247,43,290,51,False,0
Yasin Ayari,MID,Brighton,0.0,0,0,3,0,1,0.2,2,166,0.00,0.00,0.00,0.07,367,1,0,0.4,1.8,2026-05-17T14:00:00Z,8,False,11,0,0,0,1,0,37,0,48843,0,0,0,1,2.0,1,-1531,831,2362,48,False,0
Mateo Kovačić,MID,Man City,0.0,0,0,8,0,4,12.8,9,422,0.03,0.03,0.00,0.75,363,1,0,2.1,7.8,2026-05-19T18:30:00Z,55,False,4,0,0,0,5,0,37,0,3088,1,0,1,1,0.0,1,-34,51,85,58,False,0
Thierno Barry,FWD,Everton,0.0,0,0,3,0,1,11.6,1,310,0.00,0.00,0.00,0.29,366,2,0,1.7,3.0,2026-05-17T14:00:00Z,17,False,17,0,0,0,0,0,37,0,101305,0,0,3,1,2.0,1,2838,6886,4048,57,True,0
Ollie Scarles,DEF,West Ham,0.0,0,0,0,0,0,0.0,0,608,0.00,0.00,0.00,0.00,369,0,0,0.0,0.0,2026-05-17T16:30:00Z,0,False,15,0,0,0,0,0,37,0,4835,0,0,1,3,0.0,0,-7,26,33,43,False,0
Rico Lewis,DEF,Man City,0.0,0,0,0,0,0,0.0,0,410,0.00,0.00,0.00,0.00,363,0,0,0.0,0.0,2026-05-19T18:30:00Z,0,False,4,0,0,0,0,0,37,0,153705,0,0,1,1,0.0,0,-221,217,438,46,False,0
Jimmy Sinclair,MID,Nott'm Forest,0.0,0,0,0,0,0,0.0,0,836,0.00,0.00,0.00,0.00,368,0,0,0.0,0.0,2026-05-17T11:30:00Z,0,False,14,0,0,0,0,0,37,0,39,0,0,2,3,0.0,0,22,26,4,45,False,0
Brenden Aaronson,MID,Leeds,0.0,0,0,4,0,0,11.8,2,350,0.02,0.02,0.00,1.92,367,0,0,1.6,3.8,2026-05-17T14:00:00Z,59,False,6,0,0,0,2,0,37,0,124770,1,0,0,1,0.0,1,-11911,3147,15058,54,True,0
Eliezer Mayenda Dossou,FWD,Sunderland,0.0,0,0,0,0,0,0.0,0,561,0.00,0.00,0.00,0.00,366,0,0,0.0,0.0,2026-05-17T14:00:00Z,0,False,9,0,0,0,0,0,37,0,65265,0,0,3,1,0.0,0,-182,209,391,51,False,0
Seth Ridgeon,MID,Fulham,0.0,0,0,0,0,0,0.0,0,770,0.00,0.00,0.00,0.00,370,0,0,0.0,0.0,2026-05-17T14:00:00Z,0,False,20,0,0,0,0,0,37,0,764,0,0,1,1,0.0,0,17,43,26,45,False,0
Steven Benda,GK,Fulham,0.0,0,0,0,0,0,0.0,0,315,0.00,0.00,0.00,0.00,370,0,0,0.0,0.0,2026-05-17T14:00:00Z,0,False,20,0,0,0,0,0,37,0,883,0,0,1,1,0.0,0,-7,0,7,40,False,0
Myles Lewis-Skelly,DEF,Arsenal,0.0,0,0,3,0,0,0.3,0,10,0.00,0.00,0.00,0.00,361,0,0,0.0,0.0,2026-05-18T19:00:00Z,17,False,3,0,0,0,1,0,37,0,250081,0,0,0,1,0.0,1,60414,61473,1059,50,True,0
Rhys Chadwick,MID,Leeds,0.0,0,0,0,0,0,0.0,0,838,0.00,0.00,0.00,0.00,367,0,0,0.0,0.0,2026-05-17T14:00:00Z,0,False,6,0,0,0,0,0,37,0,122,0,0,0,1,0.0,0,100,105,5,45,True,0
Hugo Bueno López,DEF,Wolves,0.0,0,0,5,0,0,14.0,0,633,0.03,0.03,0.00,0.10,370,0,0,1.8,4.2,2026-05-17T14:00:00Z,5,False,10,0,0,0,0,0,37,0,22234,0,0,1,1,0.0,1,-1859,296,2155,43,True,0
Milan Aleksić,MID,Sunderland,0.0,0,0,0,0,0,0.0,0,546,0.00,0.00,0.00,0.00,366,0,0,0.0,0.0,2026-05-17T14:00:00Z,0,False,9,0,0,0,0,0,37,0,2353,0,0,3,1,0.0,0,9,22,13,49,False,0
Toti Gomes,DEF,Wolves,0.0,0,0,0,0,0,0.0,0,637,0.00,0.00,0.00,0.00,370,0,0,0.0,0.0,2026-05-17T14:00:00Z,0,False,10,0,0,0,0,0,37,0,11078,0,0,1,1,0.0,0,-149,191,340,42,True,0
Ismaïla Sarr,MID,Crystal Palace,0.0,0,0,19,0,2,11.7,5,267,0.09,0.99,0.90,1.30,364,2,1,7.8,39.4,2026-05-17T14:00:00Z,90,False,5,0,0,0,3,0,37,0,818837,1,0,2,2,27.0,7,-89984,13561,103545,64,False,0
Abdukodir Khusanov,DEF,Man City,0.0,0,0,10,0,2,2.6,3,406,0.78,0.82,0.04,1.99,363,1,0,1.8,10.4,2026-05-19T18:30:00Z,90,False,4,0,0,0,5,0,37,0,95241,1,1,1,1,5.0,2,-2093,2744,4837,54,False,0
André Onana,GK,Man Utd,0.0,0,0,0,0,0,0.0,0,432,0.00,0.00,0.00,0.00,368,0,0,0.0,0.0,2026-05-17T11:30:00Z,0,False,16,0,0,0,0,0,37,0,18165,0,0,2,3,0.0,0,-12,0,12,49,True,0
Rio Cardines,MID,Crystal Palace,0.0,0,0,0,0,0,0.0,0,690,0.00,0.00,0.00,0.00,364,0,0,0.0,0.0,2026-05-17T14:00:00Z,0,False,5,0,0,0,0,0,37,0,33506,0,0,2,2,0.0,0,-9,63,72,44,False,0
Alejandro Garnacho Ferreyra,MID,Chelsea,0.0,0,0,5,0,0,0.0,3,453,0.00,0.00,0.00,0.05,365,0,0,0.4,4.0,2026-05-19T19:15:00Z,1,False,18,0,0,0,1,0,37,0,56777,0,2,1,2,0.0,1,-912,36,948,64,True,0
Talla Ndiaye,DEF,Liverpool,0.0,0,0,0,0,0,0.0,0,832,0.00,0.00,0.00,0.00,362,0,0,0.0,0.0,2026-05-15T19:00:00Z,0,False,2,0,0,0,0,0,37,0,279,0,0,2,4,0.0,0,49,77,28,40,False,0
Tammy Abraham,FWD,Aston Villa,0.0,0,0,0,0,0,0.0,0,808,0.00,0.00,0.00,0.00,362,0,0,0.0,0.0,2026-05-15T19:00:00Z,0,False,12,0,0,0,0,0,37,0,21992,0,0,2,4,0.0,0,-1906,329,2235,57,True,0
Dan Neil,MID,Sunderland,0.0,0,0,0,0,0,0.0,0,549,0.00,0.00,0.00,0.00,366,0,0,0.0,0.0,2026-05-17T14:00:00Z,0,False,9,0,0,0,0,0,37,0,3523,0,0,3,1,0.0,0,-8,0,8,48,False,0
Kiernan Dewsbury-Hall,MID,Everton,0.0,0,0,28,0,2,47.6,9,242,0.44,0.46,0.02,0.76,366,3,0,7.3,20.2,2026-05-17T14:00:00Z,90,False,17,0,0,0,6,0,37,0,1086204,1,1,3,1,5.0,2,229816,241184,11368,53,True,0
Kieran Trippier,DEF,Newcastle,0.0,0,0,9,0,2,22.5,3,478,0.06,0.06,0.00,0.90,369,1,0,3.4,11.4,2026-05-17T16:30:00Z,84,False,19,0,0,0,4,0,37,0,181029,1,1,1,3,0.0,2,-302,674,976,49,True,0
João Maria Lobo Alves Palhares Costa Palhinha Gonçalves,MID,Spurs,0.0,0,0,14,0,3,2.0,12,673,0.01,0.01,0.00,0.48,365,2,0,1.1,9.4,2026-05-19T19:15:00Z,68,False,7,0,0,0,7,0,37,0,103722,1,2,1,2,0.0,4,412,2255,1843,55,False,0
Tino Livramento,DEF,Newcastle,0.0,0,0,0,0,0,0.0,0,477,0.00,0.00,0.00,0.00,369,0,0,0.0,0.0,2026-05-17T16:30:00Z,0,False,19,0,0,0,0,0,37,0,239596,0,0,1,3,0.0,0,-1294,28,1322,49,True,0
Issa Diop,DEF,Fulham,0.0,0,0,9,0,7,0.8,7,320,0.01,0.01,0.00,1.40,370,1,0,1.9,18.4,2026-05-17T14:00:00Z,90,False,20,0,0,0,3,0,37,0,10262,1,0,1,1,0.0,2,323,426,103,43,False,0
Rasmus Højlund,FWD,Man Utd,0.0,0,0,0,0,0,0.0,0,465,0.00,0.00,0.00,0.00,368,0,0,0.0,0.0,2026-05-17T11:30:00Z,0,False,16,0,0,0,0,0,37,0,32856,0,0,2,3,0.0,0,-20,0,20,63,True,0
Dane Scarlett,FWD,Spurs,0.0,0,0,0,0,0,0.0,0,599,0.00,0.00,0.00,0.00,365,0,0,0.0,0.0,2026-05-19T19:15:00Z,0,False,7,0,0,0,0,0,37,0,68403,0,0,1,2,0.0,0,-210,0,210,43,False,0
Ezri Konsa Ngoyo,DEF,Aston Villa,0.0,0,0,9,0,6,0.9,6,38,0.01,0.01,0.00,1.43,362,2,0,1.5,13.6,2026-05-15T19:00:00Z,90,False,12,0,0,0,4,0,37,0,947196,1,0,2,4,0.0,1,-33189,1609,34798,44,True,0
Caleb Kporha,DEF,Crystal Palace,0.0,0,0,0,0,0,0.0,0,265,0.00,0.00,0.00,0.00,364,0,0,0.0,0.0,2026-05-17T14:00:00Z,0,False,5,0,0,0,0,0,37,0,2707,0,0,2,2,0.0,0,10,45,35,40,False,0
Leon Routh,DEF,Aston Villa,0.0,0,0,0,0,0,0.0,0,768,0.00,0.00,0.00,0.00,362,0,0,0.0,0.0,2026-05-15T19:00:00Z,0,False,12,0,0,0,0,0,37,0,2671,0,0,2,4,0.0,0,-1,14,15,40,True,0
Archie Gray,MID,Spurs,0.0,0,0,0,0,0,0.0,0,591,0.00,0.00,0.00,0.00,365,0,0,0.0,0.0,2026-05-19T19:15:00Z,0,False,7,0,0,0,0,0,37,0,18450,0,0,1,2,0.0,0,-452,92,544,48,False,0
Noah Sadiki,MID,Sunderland,0.0,0,0,4,0,0,3.8,5,552,0.01,0.01,0.00,0.53,366,1,0,0.4,0.0,2026-05-17T14:00:00Z,76,False,9,0,0,0,5,0,37,0,8535,1,0,3,1,0.0,2,210,437,227,49,False,0
Sávio Moreira de Oliveira,MID,Man City,0.0,0,0,9,0,0,11.1,2,415,0.05,0.05,0.00,1.25,363,0,0,2.0,4.4,2026-05-19T18:30:00Z,34,False,4,0,0,0,2,0,37,0,52104,0,0,1,1,4.0,1,234,416,182,69,False,0
Nathan Collins,DEF,Brentford,0.0,0,0,11,0,13,0.9,13,106,0.01,0.11,0.10,1.72,364,2,0,4.1,33.2,2026-05-17T14:00:00Z,90,False,8,0,0,0,8,0,37,0,335455,1,0,2,2,7.0,3,5847,13007,7160,49,True,0
Manuel Ugarte Ribeiro,MID,Man Utd,0.0,0,0,0,0,0,0.0,0,459,0.00,0.00,0.00,0.00,368,0,0,0.0,0.0,2026-05-17T11:30:00Z,0,False,16,0,0,0,0,0,37,0,18088,0,0,2,3,0.0,0,-228,17,245,47,True,0
Lewis Hall,DEF,Newcastle,0.0,0,0,5,0,1,8.7,3,473,0.03,0.17,0.14,0.95,369,1,0,5.6,12.8,2026-05-17T16:30:00Z,90,False,19,0,0,0,4,0,37,0,436029,1,2,1,3,34.0,1,-2019,10332,12351,53,True,1
Wesley Fofana,DEF,Chelsea,0.0,0,0,11,0,9,0.3,9,230,0.00,0.00,0.00,1.51,365,1,0,1.6,13.4,2026-05-19T19:15:00Z,80,False,18,0,0,0,5,0,37,0,46194,1,0,1,2,2.0,2,-315,773,1088,44,True,0
Martial Godo,MID,Fulham,0.0,0,0,0,0,0,0.0,0,333,0.00,0.00,0.00,0.00,370,0,0,0.0,0.0,2026-05-17T14:00:00Z,0,False,20,0,0,0,0,0,37,0,2959,0,0,1,1,0.0,0,-2,0,2,45,False,0
Leo Fuhr Hjelde,DEF,Sunderland,0.0,0,0,0,0,0,0.0,0,536,0.00,0.00,0.00,0.00,366,0,0,0.0,0.0,2026-05-17T14:00:00Z,0,False,9,0,0,0,0,0,37,0,1607,0,0,3,1,0.0,0,-9,0,9,40,False,0
Krisztián Hegyi,GK,West Ham,0.0,0,0,0,0,0,0.0,0,602,0.00,0.00,0.00,0.00,369,0,0,0.0,0.0,2026-05-17T16:30:00Z,0,False,15,0,0,0,0,0,37,0,24868,0,0,1,3,0.0,0,-179,0,179,39,False,0
Will Hughes,MID,Crystal Palace,0.0,0,0,0,0,0,0.0,0,270,0.00,0.00,0.00,0.00,364,0,0,0.0,0.0,2026-05-17T14:00:00Z,0,False,5,0,0,0,0,0,37,0,13336,0,0,2,2,0.0,0,-124,135,259,47,False,0
Alfie Cresswell,MID,Leeds,0.0,0,0,0,0,0,0.0,0,839,0.00,0.00,0.00,0.00,367,0,0,0.0,0.0,2026-05-17T14:00:00Z,0,False,6,0,0,0,0,0,37,0,0,0,0,0,1,0.0,0,0,0,0,45,True,0
Jadon Sancho,MID,Aston Villa,0.0,0,0,4,0,0,1.8,0,456,0.02,0.02,0.00,0.27,362,1,0,0.3,1.0,2026-05-15T19:00:00Z,1,False,12,0,0,0,0,0,37,0,28507,0,0,2,4,0.0,1,-133,246,379,58,True,0
Amine Adli,MID,Bournemouth,0.0,0,0,0,0,0,0.0,0,697,0.00,0.00,0.00,0.00,363,0,0,0.0,0.0,2026-05-19T18:30:00Z,0,False,13,0,0,0,0,0,37,0,28206,0,0,1,1,0.0,0,-1579,79,1658,54,True,0
Micky van de Ven,DEF,Spurs,0.0,0,0,6,0,3,1.3,4,575,0.01,0.01,0.00,0.63,365,2,0,1.7,15.6,2026-05-19T19:15:00Z,90,False,7,0,0,0,6,0,37,0,2284993,1,1,1,2,0.0,0,-22352,8060,30412,44,False,1
Konstantinos Mavropanos,DEF,West Ham,0.0,0,0,10,0,11,1.5,14,606,0.05,0.08,0.03,1.73,369,3,0,3.8,33.6,2026-05-17T16:30:00Z,90,False,15,0,0,0,6,0,37,0,249514,1,3,1,3,3.0,3,5884,18189,12305,45,False,0
Emmanuel Agbadou,DEF,Wolves,0.0,0,0,0,0,0,0.0,0,631,0.00,0.00,0.00,0.00,370,0,0,0.0,0.0,2026-05-17T14:00:00Z,0,False,10,0,0,0,0,0,37,0,14357,0,0,1,1,0.0,0,-29,0,29,42,True,0
Oscar Bobb,MID,Fulham,0.0,0,0,16,0,1,28.5,5,424,0.29,0.29,0.00,1.14,370,1,0,5.5,14.4,2026-05-17T14:00:00Z,78,False,20,0,0,0,1,0,37,0,27241,1,3,1,1,12.0,2,-97,198,295,51,False,0
Oluwaseun Adewumi,MID,Burnley,0.0,0,0,0,0,0,0.0,0,212,0.00,0.00,0.00,0.00,361,0,0,0.0,0.0,2026-05-18T19:00:00Z,0,False,1,0,0,0,0,0,37,0,776,0,0,0,1,0.0,0,-1,0,1,45,False,0
Jordan Henderson,MID,Brentford,0.0,0,0,4,0,0,11.5,2,124,0.03,0.03,0.00,0.05,364,0,0,1.8,4.0,2026-05-17T14:00:00Z,27,False,8,0,0,0,2,0,37,0,38175,0,0,2,2,2.0,1,-23,225,248,50,True,0
Harry Wilson,MID,Fulham,0.0,0,0,4,0,0,1.6,0,329,0.00,0.04,0.04,0.26,370,0,0,1.1,1.4,2026-05-17T14:00:00Z,11,False,20,0,0,0,0,0,37,0,2507728,0,0,1,1,8.0,1,52821,140751,87930,59,False,0
Charlie Stevens,MID,Bournemouth,0.0,0,0,0,0,0,0.0,0,799,0.00,0.00,0.00,0.00,363,0,0,0.0,0.0,2026-05-19T18:30:00Z,0,False,13,0,0,0,0,0,37,0,780,0,0,1,1,0.0,0,12,33,21,45,True,0
Malick Thiaw,DEF,Newcastle,0.0,0,0,14,0,6,1.3,9,684,0.01,0.01,0.00,0.95,369,1,0,2.0,18.2,2026-05-17T16:30:00Z,90,False,19,0,0,0,2,0,37,0,629436,1,3,1,3,0.0,2,-4861,17543,22404,49,True,0
Emerson Palmieri dos Santos,DEF,West Ham,0.0,0,0,0,0,0,0.0,0,604,0.00,0.00,0.00,0.00,369,0,0,0.0,0.0,2026-05-17T16:30:00Z,0,False,15,0,0,0,0,0,37,0,6490,0,0,1,3,0.0,0,-5,0,5,44,False,0
Godwill Kukonki,DEF,Man Utd,0.0,0,0,0,0,0,0.0,0,788,0.00,0.00,0.00,0.00,368,0,0,0.0,0.0,2026-05-17T11:30:00Z,0,False,16,0,0,0,0,0,37,0,1889,0,0,2,3,0.0,0,-9,17,26,40,True,0
Trey Nyoni,MID,Liverpool,0.0,0,0,0,0,0,0.0,0,396,0.00,0.00,0.00,0.00,362,0,0,0.0,0.0,2026-05-15T19:00:00Z,0,False,2,0,0,0,0,0,37,0,38600,0,0,2,4,0.0,0,-92,203,295,43,False,0
Conor McManus,DEF,Brentford,0.0,0,0,0,0,0,0.0,0,824,0.00,0.00,0.00,0.00,364,0,0,0.0,0.0,2026-05-17T14:00:00Z,0,False,8,0,0,0,0,0,37,0,633,0,0,2,2,0.0,0,25,37,12,40,True,0
Nilson Angulo,MID,Sunderland,0.0,0,0,5,0,1,4.0,2,813,0.01,0.01,0.00,0.53,366,1,0,0.8,2.2,2026-05-17T14:00:00Z,76,False,9,0,0,0,0,0,37,0,560,1,1,3,1,2.0,2,12,29,17,50,False,0
Angel Gomes,MID,Wolves,0.0,0,0,0,0,0,0.0,0,816,0.00,0.00,0.00,0.00,370,0,0,0.0,0.0,2026-05-17T14:00:00Z,0,False,10,0,0,0,0,0,37,0,2048,0,0,1,1,0.0,0,165,310,145,46,True,0
Saheed Olagunju,DEF,Wolves,0.0,0,0,0,0,0,0.0,0,766,0.00,0.00,0.00,0.00,370,0,0,0.0,0.0,2026-05-17T14:00:00Z,0,False,10,0,0,0,0,0,37,0,5052,0,0,1,1,0.0,0,88,396,308,40,True,0
Ladislav Krejcí,DEF,Wolves,0.0,0,0,12,0,5,4.3,9,709,0.05,0.05,0.00,1.59,370,1,0,3.1,24.2,2026-05-17T14:00:00Z,90,False,10,0,0,0,3,0,37,0,7552,1,4,1,1,2.0,2,-194,75,269,45,True,0
Malo Gusto,DEF,Chelsea,0.0,0,0,0,0,0,0.0,0,228,0.00,0.00,0.00,0.00,365,0,0,0.0,0.0,2026-05-19T19:15:00Z,0,False,18,0,0,0,0,0,37,0,236691,0,0,1,2,0.0,0,-3400,2158,5558,48,True,0
Riley Owen,MID,Brentford,0.0,0,0,0,0,0,0.0,0,826,0.00,0.00,0.00,0.00,364,0,0,0.0,0.0,2026-05-17T14:00:00Z,0,False,8,0,0,0,0,0,37,0,220,0,0,2,2,0.0,0,14,31,17,45,True,0
Jérémy Doku,MID,Man City,0.0,0,0,10,0,0,25.1,1,418,0.05,0.22,0.17,1.30,363,1,0,6.6,7.6,2026-05-19T18:30:00Z,75,False,4,0,0,0,1,0,37,0,852126,1,0,1,1,33.0,2,199905,210171,10266,65,False,0
Triston Rowe,DEF,Aston Villa,0.0,0,0,0,0,0,0.0,0,701,0.00,0.00,0.00,0.00,362,0,0,0.0,0.0,2026-05-15T19:00:00Z,0,False,12,0,0,0,0,0,37,0,8863,0,0,2,4,0.0,0,-15,0,15,40,True,0
Luis Guilherme Lira dos Santos,MID,West Ham,0.0,0,0,0,0,0,0.0,0,619,0.00,0.00,0.00,0.00,369,0,0,0.0,0.0,2026-05-17T16:30:00Z,0,False,15,0,0,0,0,0,37,0,2447,0,0,1,3,0.0,0,-1,0,1,49,False,0
Sebastiaan Bornauw,DEF,Leeds,0.0,0,0,19,1,5,0.3,6,345,0.00,0.00,0.00,2.84,367,0,0,1.4,11.2,2026-05-17T14:00:00Z,90,False,6,0,0,0,3,0,37,0,16769,1,1,0,1,2.0,6,14,291,277,38,True,0
Kendry Páez Andrade,MID,Chelsea,0.0,0,0,0,0,0,0.0,0,248,0.00,0.00,0.00,0.00,365,0,0,0.0,0.0,2026-05-19T19:15:00Z,0,False,18,0,0,0,0,0,37,0,553,0,0,1,2,0.0,0,0,0,0,45,True,0
Asher Agbinone,MID,Crystal Palace,0.0,0,0,0,0,0,0.0,0,274,0.00,0.00,0.00,0.00,364,0,0,0.0,0.0,2026-05-17T14:00:00Z,0,False,5,0,0,0,0,0,37,0,12026,0,0,2,2,0.0,0,-65,205,270,43,False,0
Matz Sels,GK,Nott'm Forest,0.0,0,0,9,0,1,0.0,0,502,0.00,0.00,0.00,4.57,368,3,0,3.8,38.4,2026-05-17T11:30:00Z,90,False,14,0,0,0,5,0,37,5,651361,1,0,2,3,0.0,2,415,5955,5540,46,False,0
Álex Jiménez Sánchez,DEF,Bournemouth,0.0,0,0,0,0,0,0.0,0,713,0.00,0.00,0.00,0.00,363,0,0,0.0,0.0,2026-05-19T18:30:00Z,0,False,13,0,0,0,0,0,37,0,21050,0,0,1,1,0.0,0,-4461,58,4519,45,True,0
Marko Stamenić,MID,Nott'm Forest,0.0,0,0,0,0,0,0.0,0,524,0.00,0.00,0.00,0.00,368,0,0,0.0,0.0,2026-05-17T11:30:00Z,0,False,14,0,0,0,0,0,37,0,2135,0,0,2,3,0.0,0,-2,0,2,45,False,0
Nathan Fraser,FWD,Wolves,0.0,0,0,0,0,0,0.0,0,658,0.00,0.00,0.00,0.00,370,0,0,0.0,0.0,2026-05-17T14:00:00Z,0,False,10,0,0,0,0,0,37,0,230135,0,0,1,1,0.0,0,-1328,802,2130,42,True,0
Evan Ferguson,FWD,Brighton,0.0,0,0,0,0,0,0.0,0,179,0.00,0.00,0.00,0.00,367,0,0,0.0,0.0,2026-05-17T14:00:00Z,0,False,11,0,0,0,0,0,37,0,963,0,0,0,1,0.0,0,0,0,0,55,False,0
Idrissa Gana Gueye,MID,Everton,0.0,0,0,0,0,0,0.0,0,302,0.00,0.00,0.00,0.00,366,0,0,0.0,0.0,2026-05-17T14:00:00Z,0,False,17,0,0,0,0,0,37,0,13913,0,0,3,1,0.0,0,-860,10,870,54,True,0
Justin Devenny,MID,Crystal Palace,0.0,0,0,0,0,0,0.0,0,276,0.00,0.00,0.00,0.00,364,0,0,0.0,0.0,2026-05-17T14:00:00Z,0,False,5,0,0,0,0,0,37,0,148391,0,0,2,2,0.0,0,-2329,1852,4181,43,False,0
Karl Darlow,GK,Leeds,0.0,0,3,40,1,2,0.0,0,341,0.00,0.00,0.00,3.06,367,0,0,4.8,47.8,2026-05-17T14:00:00Z,90,False,6,0,0,0,8,0,37,7,882139,1,0,0,1,0.0,11,9351,19991,10640,40,True,0
Junior Kroupi,FWD,Bournemouth,0.0,0,2,32,1,1,6.3,3,100,0.16,0.35,0.19,1.00,363,0,1,6.1,33.0,2026-05-19T18:30:00Z,75,False,13,0,0,0,2,0,37,0,813076,1,0,1,1,22.0,8,-17836,29814,47650,46,True,0
Habib Diarra,MID,Sunderland,0.0,1,0,17,0,0,18.5,0,544,0.14,0.14,0.00,0.52,366,0,0,4.0,21.2,2026-05-17T14:00:00Z,13,False,9,0,0,0,0,0,37,0,14801,0,0,3,1,0.0,4,-1487,113,1600,53,False,0
Luis Sinisterra Lucumí,MID,Bournemouth,0.0,0,0,0,0,0,0.0,0,91,0.00,0.00,0.00,0.00,363,0,0,0.0,0.0,2026-05-19T18:30:00Z,0,False,13,0,0,0,0,0,37,0,1250,0,0,1,1,0.0,0,-1,0,1,50,True,0
Antonín Kinský,GK,Spurs,0.0,0,0,4,0,0,0.0,0,567,0.00,0.00,0.00,0.63,365,2,0,1.6,15.6,2026-05-19T19:15:00Z,90,False,7,0,0,0,5,0,37,2,240706,1,0,1,2,0.0,1,10404,12916,2512,39,False,0
Jakub Kiwior,DEF,Arsenal,0.0,0,0,0,0,0,0.0,0,9,0.00,0.00,0.00,0.00,361,0,0,0.0,0.0,2026-05-18T19:00:00Z,0,False,3,0,0,0,0,0,37,0,6110,0,0,0,1,0.0,0,-3,0,3,54,True,0
Fábio Soares Silva,FWD,Wolves,0.0,0,0,0,0,0,0.0,0,655,0.00,0.00,0.00,0.00,370,0,0,0.0,0.0,2026-05-17T14:00:00Z,0,False,10,0,0,0,0,0,37,0,21265,0,0,1,1,0.0,0,-17,0,17,49,True,0
Đorđe Petrović,GK,Bournemouth,0.0,0,0,13,0,0,0.0,0,67,0.00,0.00,0.00,1.67,363,1,0,2.2,22.4,2026-05-19T18:30:00Z,90,False,13,0,0,0,10,0,37,3,650604,1,0,1,1,0.0,3,-22148,3883,26031,46,True,0
Kim Ji-soo,DEF,Brentford,0.0,0,0,0,0,0,0.0,0,117,0.00,0.00,0.00,0.00,364,0,0,0.0,0.0,2026-05-17T14:00:00Z,0,False,8,0,0,0,0,0,37,0,9962,0,0,2,2,0.0,0,-29,0,29,39,True,0
Alphonse Areola,GK,West Ham,0.0,0,0,0,0,0,0.0,0,600,0.00,0.00,0.00,0.00,369,0,0,0.0,0.0,2026-05-17T16:30:00Z,0,False,15,0,0,0,0,0,37,0,244577,0,0,1,3,0.0,0,-2241,829,3070,42,False,0
Gabriel dos Santos Magalhães,DEF,Arsenal,0.0,0,0,22,1,3,1.1,4,5,0.04,0.04,0.00,0.19,361,0,0,1.1,6.8,2026-05-18T19:00:00Z,90,False,3,0,0,0,1,0,37,0,6041173,1,1,0,1,3.0,6,128753,140618,11865,73,True,0
Jamaldeen Jimoh-Aloba,MID,Aston Villa,0.0,0,0,0,0,0,0.0,0,62,0.00,0.00,0.00,0.00,362,0,0,0.0,0.0,2026-05-15T19:00:00Z,0,False,12,0,0,0,0,0,37,0,7312,0,0,2,4,0.0,0,-17,0,17,45,True,0
George Brierley,MID,Burnley,0.0,0,0,0,0,0,0.0,0,784,0.00,0.00,0.00,0.00,361,0,0,0.0,0.0,2026-05-18T19:00:00Z,0,False,1,0,0,0,0,0,37,0,470,0,0,0,1,0.0,0,-4,15,19,45,False,0
Armando Broja,FWD,Burnley,0.0,0,0,0,0,0,0.0,0,680,0.00,0.00,0.00,0.00,361,0,0,0.0,0.0,2026-05-18T19:00:00Z,0,False,1,0,0,0,0,0,37,0,19059,0,0,0,1,0.0,0,-70,85,155,52,False,0
Benoît Badiashile Mukinayi,DEF,Chelsea,0.0,0,0,0,0,0,0.0,0,229,0.00,0.00,0.00,0.00,365,0,0,0.0,0.0,2026-05-19T19:15:00Z,0,False,18,0,0,0,0,0,37,0,3841,0,0,1,2,0.0,0,-22,25,47,44,True,0
Reigan Heskey,MID,Man City,0.0,0,0,0,0,0,0.0,0,764,0.00,0.00,0.00,0.00,363,0,0,0.0,0.0,2026-05-19T18:30:00Z,0,False,4,0,0,0,0,0,37,0,509,0,0,1,1,0.0,0,-1,11,12,45,False,0
Divine Mukasa,MID,Man City,0.0,0,0,0,0,0,0.0,0,739,0.00,0.00,0.00,0.00,363,0,0,0.0,0.0,2026-05-19T18:30:00Z,0,False,4,0,0,0,0,0,37,0,2318,0,0,1,1,0.0,0,-5,0,5,44,False,0
Aarón Anselmino,DEF,Chelsea,0.0,0,0,0,0,0,0.0,0,234,0.00,0.00,0.00,0.00,365,0,0,0.0,0.0,2026-05-19T19:15:00Z,0,False,18,0,0,0,0,0,37,0,6865,0,0,1,2,0.0,0,-5,0,5,40,True,0
Jean-Ricner Bellegarde,MID,Wolves,0.0,0,0,2,0,0,3.5,3,644,0.01,0.01,0.00,0.12,370,0,0,0.3,0.0,2026-05-17T14:00:00Z,11,False,10,0,0,0,3,0,37,0,5889,0,0,1,1,0.0,1,-117,57,174,51,True,0
Luke Harris,MID,Fulham,0.0,0,0,0,0,0,0.0,0,334,0.00,0.00,0.00,0.00,370,0,0,0.0,0.0,2026-05-17T14:00:00Z,0,False,20,0,0,0,0,0,37,0,179,0,0,1,1,0.0,0,0,0,0,45,False,0
Ola Aina,DEF,Nott'm Forest,0.0,0,0,0,0,0,0.0,0,507,0.00,0.00,0.00,0.00,368,0,0,0.0,0.0,2026-05-17T11:30:00Z,0,False,14,0,0,0,0,0,37,0,282477,0,0,2,3,0.0,0,-10699,47,10746,47,False,0
Dominik Szoboszlai,MID,Liverpool,0.0,2,1,37,0,1,86.8,3,387,0.47,0.48,0.01,1.85,362,4,0,14.3,45.2,2026-05-15T19:00:00Z,90,False,2,0,0,0,1,0,37,0,1707830,1,1,2,4,11.0,9,14659,87322,72663,70,False,0
Arnaud Kalimuendo,FWD,Nott'm Forest,0.0,0,0,0,0,0,0.0,0,696,0.00,0.00,0.00,0.00,368,0,0,0.0,0.0,2026-05-17T11:30:00Z,0,False,14,0,0,0,0,0,37,0,14812,0,0,2,3,0.0,0,-10,0,10,60,False,0
Freddie Simmonds,DEF,Brighton,0.0,0,0,0,0,0,0.0,0,761,0.00,0.00,0.00,0.00,367,0,0,0.0,0.0,2026-05-17T14:00:00Z,0,False,11,0,0,0,0,0,37,0,2680,0,0,0,1,0.0,0,11,46,35,40,False,0
Marcus Bettinelli,GK,Man City,0.0,0,0,0,0,0,0.0,0,401,0.00,0.00,0.00,0.00,363,0,0,0.0,0.0,2026-05-19T18:30:00Z,0,False,4,0,0,0,0,0,37,0,45710,0,0,1,1,0.0,0,-340,666,1006,38,False,0
Tomáš Souček,MID,West Ham,0.0,0,0,10,0,1,14.1,7,613,0.01,0.01,0.00,1.01,369,2,0,3.0,12.2,2026-05-17T16:30:00Z,62,False,15,0,0,0,2,0,37,0,48548,1,4,1,3,4.0,1,2693,4533,1840,57,False,1
Jack Grealish,MID,Everton,0.0,0,0,0,0,0,0.0,0,419,0.00,0.00,0.00,0.00,366,0,0,0.0,0.0,2026-05-17T14:00:00Z,0,False,17,0,0,0,0,0,37,0,733847,0,0,3,1,0.0,0,-1763,32,1795,63,True,0
Ilia Gruev,MID,Leeds,0.0,0,0,0,0,0,0.0,0,356,0.00,0.00,0.00,0.00,367,0,0,0.0,0.0,2026-05-17T14:00:00Z,0,False,6,0,0,0,0,0,37,0,10256,0,0,0,1,0.0,0,-488,33,521,47,True,0
Kadan Young,MID,Aston Villa,0.0,0,0,0,0,0,0.0,0,63,0.00,0.00,0.00,0.00,362,0,0,0.0,0.0,2026-05-15T19:00:00Z,0,False,12,0,0,0,0,0,37,0,62570,0,0,2,4,0.0,0,-527,0,527,43,True,0
Endo Wataru,MID,Liverpool,0.0,0,0,0,0,0,0.0,0,392,0.00,0.00,0.00,0.00,362,0,0,0.0,0.0,2026-05-15T19:00:00Z,0,False,2,0,0,0,0,0,37,0,10621,0,0,2,4,0.0,0,-20,2,22,49,False,0
Samuel Chukwueze,MID,Fulham,0.0,0,0,4,0,0,16.5,2,727,0.00,0.00,0.00,0.26,370,0,0,1.9,2.4,2026-05-17T14:00:00Z,11,False,20,0,0,0,2,0,37,0,10993,0,0,1,1,0.0,1,542,957,415,53,False,0
Oliver Pimlott,MID,Burnley,0.0,0,0,0,0,0,0.0,0,776,0.00,0.00,0.00,0.00,361,0,0,0.0,0.0,2026-05-18T19:00:00Z,0,False,1,0,0,0,0,0,37,0,568,0,0,0,1,0.0,0,2,23,21,45,False,0
Mats Wieffer,MID,Brighton,0.0,0,0,0,0,0,0.0,0,173,0.00,0.00,0.00,0.00,367,0,0,0.0,0.0,2026-05-17T14:00:00Z,0,False,11,0,0,0,0,0,37,0,42078,0,0,0,1,0.0,0,-8765,33,8798,49,False,0
İlkay Gündoğan,MID,Man City,0.0,0,0,0,0,0,0.0,0,420,0.00,0.00,0.00,0.00,363,0,0,0.0,0.0,2026-05-19T18:30:00Z,0,False,4,0,0,0,0,0,37,0,7787,0,0,1,1,0.0,0,-6,0,6,63,False,0
Pedro Porro Sauceda,DEF,Spurs,0.0,0,0,8,0,0,45.2,1,568,0.36,0.36,0.00,0.63,365,2,0,6.5,16.2,2026-05-19T19:15:00Z,90,False,7,0,0,0,2,0,37,0,1400779,1,1,1,2,4.0,0,-6647,16250,22897,52,False,1
Daichi Kamada,MID,Crystal Palace,0.0,0,0,19,0,4,13.1,14,271,0.18,0.33,0.15,1.71,364,2,0,3.7,16.8,2026-05-17T14:00:00Z,90,False,5,0,0,0,6,0,37,0,13450,1,4,2,2,7.0,4,-884,146,1030,50,False,0
Tyrique George,MID,Everton,0.0,0,0,10,0,0,19.3,0,243,0.46,0.46,0.00,0.29,366,2,0,2.7,7.2,2026-05-17T14:00:00Z,17,False,17,0,0,0,0,0,37,0,8521,0,0,3,1,0.0,1,-8,73,81,48,True,0
Alysson Edward Franco da Rocha dos Santos,MID,Aston Villa,0.0,0,0,0,0,0,0.0,0,792,0.00,0.00,0.00,0.00,362,0,0,0.0,0.0,2026-05-15T19:00:00Z,0,False,12,0,0,0,0,0,37,0,670,0,0,2,4,0.0,0,-3,13,16,50,True,0
Andy Irving,MID,West Ham,0.0,0,0,0,0,0,0.0,0,621,0.00,0.00,0.00,0.00,369,0,0,0.0,0.0,2026-05-17T16:30:00Z,0,False,15,0,0,0,0,0,37,0,25741,0,0,1,3,0.0,0,-153,0,153,43,False,0
Nick Pope,GK,Newcastle,0.0,0,0,26,0,0,0.0,0,469,0.00,0.00,0.00,0.95,369,1,0,5.5,54.8,2026-05-17T16:30:00Z,90,False,19,0,0,0,12,0,37,7,559260,1,0,1,3,0.0,4,3846,6801,2955,50,True,0
Karl Hein,GK,Arsenal,0.0,0,0,0,0,0,0.0,0,3,0.00,0.00,0.00,0.00,361,0,0,0.0,0.0,2026-05-18T19:00:00Z,0,False,3,0,0,0,0,0,37,0,25659,0,0,0,1,0.0,0,-60,0,60,40,True,0
Ki-Jana Hoever,DEF,Wolves,0.0,0,0,0,0,0,0.0,0,638,0.00,0.00,0.00,0.00,370,0,0,0.0,0.0,2026-05-17T14:00:00Z,0,False,10,0,0,0,0,0,37,0,112314,0,0,1,1,0.0,0,-974,0,974,38,True,0
Fer López González,MID,Wolves,0.0,0,0,0,0,0,0.0,0,645,0.00,0.00,0.00,0.00,370,0,0,0.0,0.0,2026-05-17T14:00:00Z,0,False,10,0,0,0,0,0,37,0,3418,0,0,1,1,0.0,0,-5,0,5,51,True,0
Daniel James,MID,Leeds,0.0,0,0,5,0,2,0.7,4,353,0.01,0.13,0.12,1.92,367,0,0,1.9,6.6,2026-05-17T14:00:00Z,59,False,6,0,0,0,1,0,37,0,13290,1,1,0,1,12.0,1,145,217,72,52,True,0
Christopher Nkunku,MID,Chelsea,0.0,0,0,0,0,0,0.0,0,240,0.00,0.00,0.00,0.00,365,0,0,0.0,0.0,2026-05-19T19:15:00Z,0,False,18,0,0,0,0,0,37,0,10227,0,0,1,2,0.0,0,-4,0,4,59,True,0
Abdoullah Ba,MID,Sunderland,0.0,0,0,0,0,0,0.0,0,554,0.00,0.00,0.00,0.00,366,0,0,0.0,0.0,2026-05-17T14:00:00Z,0,False,9,0,0,0,0,0,37,0,40389,0,0,3,1,0.0,0,-40,322,362,43,False,0
Mike Trésor Ndayishimiye,MID,Burnley,0.0,0,0,0,0,0,0.0,0,214,0.00,0.00,0.00,0.00,361,0,0,0.0,0.0,2026-05-18T19:00:00Z,0,False,1,0,0,0,0,0,37,0,12476,0,0,0,1,0.0,0,1275,1777,502,43,False,0
Joshua Stephenson,DEF,Brentford,0.0,0,0,0,0,0,0.0,0,823,0.00,0.00,0.00,0.00,364,0,0,0.0,0.0,2026-05-17T14:00:00Z,0,False,8,0,0,0,0,0,37,0,581,0,0,2,2,0.0,0,14,28,14,40,True,0
Ryan Kavuma-McQueen,MID,Chelsea,0.0,0,0,0,0,0,0.0,0,834,0.00,0.00,0.00,0.00,365,0,0,0.0,0.0,2026-05-19T19:15:00Z,0,False,18,0,0,0,0,0,37,0,28,0,0,1,2,0.0,0,13,15,2,45,True,0
Matthew Cox,GK,Brentford,0.0,0,0,0,0,0,0.0,0,103,0.00,0.00,0.00,0.00,364,0,0,0.0,0.0,2026-05-17T14:00:00Z,0,False,8,0,0,0,0,0,37,0,16530,0,0,2,2,0.0,0,-131,0,131,39,True,0
Darko Gyabi,MID,Leeds,0.0,0,0,0,0,0,0.0,0,361,0.00,0.00,0.00,0.00,367,0,0,0.0,0.0,2026-05-17T14:00:00Z,0,False,6,0,0,0,0,0,37,0,2990,0,0,0,1,0.0,0,-7,0,7,45,True,0
Michael Obafemi,FWD,Burnley,0.0,0,0,0,0,0,0.0,0,219,0.00,0.00,0.00,0.00,361,0,0,0.0,0.0,2026-05-18T19:00:00Z,0,False,1,0,0,0,0,0,37,0,13651,0,0,0,1,0.0,0,-21,0,21,44,False,0
Dwight McNeil,MID,Everton,0.0,0,0,3,0,0,0.8,0,300,0.00,0.00,0.00,0.19,366,1,0,0.1,0.2,2026-05-17T14:00:00Z,2,False,17,0,0,0,0,0,37,0,19175,0,0,3,1,0.0,1,13,340,327,55,True,0
Jacob Ramsey,MID,Newcastle,0.0,1,2,35,0,0,29.4,12,52,0.19,0.19,0.00,0.95,369,1,0,7.1,32.0,2026-05-17T16:30:00Z,90,False,19,0,0,0,7,0,37,0,30521,1,5,1,3,10.0,9,24,349,325,53,True,0
Veljko Milosavljevic,DEF,Bournemouth,0.0,0,0,0,0,0,0.0,0,721,0.00,0.00,0.00,0.00,363,0,0,0.0,0.0,2026-05-19T18:30:00Z,0,False,13,0,0,0,0,0,37,0,3945,0,0,1,1,0.0,0,1,31,30,44,True,0
Tom Edozie,MID,Wolves,0.0,0,0,0,0,0,0.0,0,651,0.00,0.00,0.00,0.00,370,0,0,0.0,0.0,2026-05-17T14:00:00Z,0,False,10,0,0,0,0,0,37,0,48048,0,0,1,1,0.0,0,-423,230,653,43,True,0
Coby Ebere,MID,Everton,0.0,0,0,0,0,0,0.0,0,307,0.00,0.00,0.00,0.00,366,0,0,0.0,0.0,2026-05-17T14:00:00Z,0,False,17,0,0,0,0,0,37,0,5867,0,0,3,1,0.0,0,24,71,47,44,True,0
Diego Coppola,DEF,Brighton,0.0,0,0,0,0,0,0.0,0,144,0.00,0.00,0.00,0.00,367,0,0,0.0,0.0,2026-05-17T14:00:00Z,0,False,11,0,0,0,0,0,37,0,5648,0,0,0,1,0.0,0,-10,0,10,42,False,0
Lukasz Fabianski,GK,West Ham,0.0,0,0,0,0,0,0.0,0,738,0.00,0.00,0.00,0.00,369,0,0,0.0,0.0,2026-05-17T16:30:00Z,0,False,15,0,0,0,0,0,37,0,5171,0,0,1,3,0.0,0,202,301,99,45,False,0
Amadou Onana,MID,Aston Villa,0.0,0,0,0,0,0,0.0,0,59,0.00,0.00,0.00,0.00,362,0,0,0.0,0.0,2026-05-15T19:00:00Z,0,False,12,0,0,0,0,0,37,0,80687,0,0,2,4,0.0,0,-1794,15,1809,48,True,0
Giorgi Mamardashvili,GK,Liverpool,0.0,0,0,6,0,0,0.0,0,367,0.00,0.00,0.00,1.85,362,4,0,3.8,38.4,2026-05-15T19:00:00Z,90,False,2,0,0,0,6,0,37,5,82841,1,0,2,4,0.0,1,4197,5176,979,41,False,0
Leon Bailey,MID,Aston Villa,0.0,0,0,0,0,0,0.0,0,49,0.00,0.00,0.00,0.00,362,0,0,0.0,0.0,2026-05-15T19:00:00Z,0,False,12,0,0,0,0,0,37,0,13945,0,0,2,4,0.0,0,-77,195,272,55,True,0
Federico Chiesa,MID,Liverpool,0.0,0,0,5,0,0,0.3,0,385,0.00,0.09,0.09,0.99,362,2,0,3.5,2.0,2026-05-15T19:00:00Z,24,False,2,0,0,0,0,0,37,0,35652,0,0,2,4,33.0,1,12,110,98,63,False,0
Ethan Sutherland,MID,Wolves,0.0,0,0,0,0,0,0.0,0,778,0.00,0.00,0.00,0.00,370,0,0,0.0,0.0,2026-05-17T14:00:00Z,0,False,10,0,0,0,0,0,37,0,1158,0,0,1,1,0.0,0,-17,40,57,45,True,0
Ryan Sessegnon,MID,Fulham,0.0,0,0,0,0,0,0.0,0,328,0.00,0.00,0.00,0.00,370,0,0,0.0,0.0,2026-05-17T14:00:00Z,0,False,20,0,0,0,0,0,37,0,19020,0,0,1,1,0.0,0,-346,55,401,54,False,0
John Stones,DEF,Man City,0.0,0,0,0,0,0,0.0,0,409,0.00,0.00,0.00,0.00,363,0,0,0.0,0.0,2026-05-19T18:30:00Z,0,False,4,0,0,0,0,0,37,0,74311,0,0,1,1,0.0,0,-39,104,143,54,False,0
Isaac Heath,MID,Everton,0.0,0,0,0,0,0,0.0,0,308,0.00,0.00,0.00,0.00,366,0,0,0.0,0.0,2026-05-17T14:00:00Z,0,False,17,0,0,0,0,0,37,0,2009,0,0,3,1,0.0,0,-1,0,1,45,True,0
Chris Rigg,MID,Sunderland,0.0,1,0,12,0,1,11.3,1,551,0.01,0.01,0.00,0.52,366,0,0,3.2,18.4,2026-05-17T14:00:00Z,13,False,9,0,0,0,0,0,37,0,8527,0,0,3,1,2.0,4,-374,117,491,47,False,0
Luke O'Nien,DEF,Sunderland,0.0,0,0,9,0,10,0.3,11,539,0.00,0.05,0.05,1.01,366,1,0,2.3,18.6,2026-05-17T14:00:00Z,67,False,9,0,0,0,0,0,37,0,11356,0,1,3,1,4.0,4,-223,113,336,40,False,0
Axel Tuanzebe,DEF,Burnley,0.0,0,0,8,0,5,0.2,5,198,0.00,0.00,0.00,1.29,361,1,0,1.3,12.6,2026-05-18T19:00:00Z,90,False,1,0,0,0,2,0,37,0,113181,1,0,0,1,0.0,2,-342,238,580,39,False,0
Teddy Sharman-Lowe,GK,Chelsea,0.0,0,0,0,0,0,0.0,0,803,0.00,0.00,0.00,0.00,365,0,0,0.0,0.0,2026-05-19T19:15:00Z,0,False,18,0,0,0,0,0,37,0,840,0,0,1,2,0.0,0,-13,16,29,40,True,0
Séamus Coleman,DEF,Everton,0.0,0,0,-3,0,2,0.5,2,294,0.01,0.01,0.00,0.19,366,1,0,0.1,0.0,2026-05-17T14:00:00Z,2,False,17,0,0,0,1,0,37,0,12868,0,0,3,1,0.0,1,120,172,52,42,True,0
Carlos Alcaraz Durán,MID,Everton,0.0,0,0,0,0,0,0.0,0,301,0.00,0.00,0.00,0.00,366,0,0,0.0,0.0,2026-05-17T14:00:00Z,0,False,17,0,0,0,0,0,37,0,10063,0,0,3,1,0.0,0,33,57,24,52,True,0
Jeremy Sarmiento Morante,MID,Brighton,0.0,0,0,0,0,0,0.0,0,171,0.00,0.00,0.00,0.00,367,0,0,0.0,0.0,2026-05-17T14:00:00Z,0,False,11,0,0,0,0,0,37,0,1923,0,0,0,1,0.0,0,0,0,0,49,False,0
Matt Turner,GK,Nott'm Forest,0.0,0,0,0,0,0,0.0,0,504,0.00,0.00,0.00,0.00,368,0,0,0.0,0.0,2026-05-17T11:30:00Z,0,False,14,0,0,0,0,0,37,0,9821,0,0,2,3,0.0,0,-27,0,27,40,False,0
Djiamgone Jocelin Ta Bi,MID,Sunderland,0.0,0,0,0,0,0,0.0,0,800,0.00,0.00,0.00,0.00,366,0,0,0.0,0.0,2026-05-17T14:00:00Z,0,False,9,0,0,0,0,0,37,0,139,0,0,3,1,0.0,0,15,19,4,49,False,0
Ethan Wheatley,FWD,Man Utd,0.0,0,0,0,0,0,0.0,0,468,0.00,0.00,0.00,0.00,368,0,0,0.0,0.0,2026-05-17T11:30:00Z,0,False,16,0,0,0,0,0,37,0,10674,0,0,2,3,0.0,0,-9,0,9,45,True,0
Roman Dixon,DEF,Everton,0.0,0,0,0,0,0,0.0,0,297,0.00,0.00,0.00,0.00,366,0,0,0.0,0.0,2026-05-17T14:00:00Z,0,False,17,0,0,0,0,0,37,0,20057,0,0,3,1,0.0,0,-81,0,81,38,True,0
Archie Whitehall,MID,Nott'm Forest,0.0,0,0,0,0,0,0.0,0,835,0.00,0.00,0.00,0.00,368,0,0,0.0,0.0,2026-05-17T11:30:00Z,0,False,14,0,0,0,0,0,37,0,53,0,0,2,3,0.0,0,39,41,2,45,False,0
Merlin Röhl,MID,Everton,0.0,0,2,32,0,2,5.4,6,728,0.06,0.16,0.10,0.58,366,2,1,5.8,37.6,2026-05-17T14:00:00Z,87,False,17,0,0,0,1,0,37,0,2543,1,3,3,1,15.0,9,265,303,38,50,True,0
Charlie Tasker,DEF,Brighton,0.0,0,0,0,0,0,0.0,0,156,0.00,0.00,0.00,0.00,367,0,0,0.0,0.0,2026-05-17T14:00:00Z,0,False,11,0,0,0,0,0,37,0,20384,0,0,0,1,0.0,0,-2,170,172,38,False,0
Charlie Gray,MID,Man City,0.0,0,0,0,0,0,0.0,0,763,0.00,0.00,0.00,0.00,363,0,0,0.0,0.0,2026-05-19T18:30:00Z,0,False,4,0,0,0,0,0,37,0,674,0,0,1,1,0.0,0,-2,9,11,45,False,0
Yoane Wissa,FWD,Newcastle,0.0,0,0,5,0,0,0.0,1,135,0.00,0.00,0.00,0.05,369,0,0,0.2,2.0,2026-05-17T16:30:00Z,5,False,19,0,0,0,0,0,37,0,76834,0,1,1,3,0.0,1,875,1555,680,73,True,0
Marc Guéhi,DEF,Man City,0.0,0,0,11,0,3,1.0,4,260,0.00,0.00,0.00,1.99,363,1,0,1.8,13.2,2026-05-19T18:30:00Z,90,False,4,0,0,0,4,0,37,0,4296524,1,1,1,1,4.0,2,16150,47803,31653,51,False,0
Josh Cullen,MID,Burnley,0.0,0,0,0,0,0,0.0,0,205,0.00,0.00,0.00,0.00,361,0,0,0.0,0.0,2026-05-18T19:00:00Z,0,False,1,0,0,0,0,0,37,0,101784,0,0,0,1,0.0,0,-395,9,404,49,False,0
Erling Haaland,FWD,Man City,0.0,0,3,36,0,3,14.8,5,430,0.52,0.75,0.23,1.99,363,1,1,9.3,42.8,2026-05-19T18:30:00Z,90,False,4,0,0,0,2,0,37,0,8439401,1,0,1,1,35.0,9,22040,68148,46108,147,False,0
Djed Spence,DEF,Spurs,0.0,0,0,4,0,0,0.8,0,573,0.01,0.01,0.00,0.15,365,0,0,0.3,2.6,2026-05-19T19:15:00Z,21,False,7,0,0,0,1,0,37,0,117023,0,0,1,2,0.0,1,-698,490,1188,41,False,0
Julian Eyestone,GK,Brentford,0.0,0,0,0,0,0,0.0,0,104,0.00,0.00,0.00,0.00,364,0,0,0.0,0.0,2026-05-17T14:00:00Z,0,False,8,0,0,0,0,0,37,0,13419,0,0,2,2,0.0,0,-88,48,136,39,True,0
Ármin Pécsi,GK,Liverpool,0.0,0,0,0,0,0,0.0,0,368,0.00,0.00,0.00,0.00,362,0,0,0.0,0.0,2026-05-15T19:00:00Z,0,False,2,0,0,0,0,0,37,0,115405,0,0,2,4,0.0,0,160,2995,2835,38,False,0
Anton Stach,MID,Leeds,0.0,0,0,10,1,1,19.2,7,660,0.07,0.13,0.06,2.20,367,0,0,3.0,9.8,2026-05-17T14:00:00Z,73,False,6,0,0,0,3,0,37,0,274692,1,3,0,1,1.0,3,19101,27418,8317,48,True,0
Jefferson Lerma Solís,MID,Crystal Palace,0.0,0,0,2,0,4,0.0,6,272,0.00,0.00,0.00,1.14,364,1,0,0.9,9.4,2026-05-17T14:00:00Z,16,False,5,0,0,0,2,0,37,0,13222,0,0,2,2,0.0,0,-1235,180,1415,49,False,1
Jordan Beyer,DEF,Burnley,0.0,0,0,0,0,0,0.0,0,194,0.00,0.00,0.00,0.00,361,0,0,0.0,0.0,2026-05-18T19:00:00Z,0,False,1,0,0,0,0,0,37,0,7497,0,0,0,1,0.0,0,16,49,33,39,False,0
Jayden Danns,FWD,Liverpool,0.0,0,0,0,0,0,0.0,0,398,0.00,0.00,0.00,0.00,362,0,0,0.0,0.0,2026-05-15T19:00:00Z,0,False,2,0,0,0,0,0,37,0,13304,0,0,2,4,0.0,0,-2,69,71,43,False,0
Rio Ngumoha,MID,Liverpool,0.0,0,0,11,0,0,31.6,2,686,0.12,0.24,0.12,1.85,362,4,0,5.6,9.6,2026-05-15T19:00:00Z,90,False,2,0,0,0,1,0,37,0,177884,1,1,2,4,15.0,2,26330,30235,3905,43,False,0
Brandon Austin,GK,Spurs,0.0,0,0,0,0,0,0.0,0,566,0.00,0.00,0.00,0.00,365,0,0,0.0,0.0,2026-05-19T19:15:00Z,0,False,7,0,0,0,0,0,37,0,36975,0,0,1,2,0.0,0,-108,142,250,39,False,0
Zain Silcott-Duberry,MID,Bournemouth,0.0,0,0,0,0,0,0.0,0,95,0.00,0.00,0.00,0.00,363,0,0,0.0,0.0,2026-05-19T18:30:00Z,0,False,13,0,0,0,0,0,37,0,6640,0,0,1,1,0.0,0,-14,0,14,44,True,0
Alfie Brooks,GK,Wolves,0.0,0,0,0,0,0,0.0,0,828,0.00,0.00,0.00,0.00,370,0,0,0.0,0.0,2026-05-17T14:00:00Z,0,False,10,0,0,0,0,0,37,0,692,0,0,1,1,0.0,0,-31,52,83,40,True,0
Sepp van den Berg,DEF,Brentford,0.0,1,0,19,0,4,10.4,5,113,0.48,0.66,0.18,0.03,364,0,0,4.7,28.0,2026-05-17T14:00:00Z,8,False,8,0,0,0,1,0,37,0,143331,0,1,2,2,9.0,4,-2745,1902,4647,44,True,0
Dominic Calvert-Lewin,FWD,Leeds,0.0,0,2,33,1,2,1.9,3,691,0.02,0.09,0.07,3.06,367,0,1,6.0,37.0,2026-05-17T14:00:00Z,90,False,6,0,0,0,1,0,37,0,1721312,1,0,0,1,21.0,7,41966,110455,68489,58,True,1
Aaron Wan-Bissaka,DEF,West Ham,0.0,0,0,2,0,2,1.7,4,610,0.02,0.02,0.00,1.01,369,2,0,0.9,7.0,2026-05-17T16:30:00Z,62,False,15,0,0,0,3,0,37,0,560851,1,2,1,3,0.0,1,-2155,2121,4276,41,False,0
Enzo Le Fée,MID,Sunderland,0.0,1,3,50,0,0,17.7,9,547,0.29,0.41,0.12,1.04,366,1,1,9.1,53.8,2026-05-17T14:00:00Z,90,False,9,0,0,0,7,0,37,0,187982,1,2,3,1,19.0,13,-5769,7181,12950,48,False,0
David Ozoh,MID,Crystal Palace,0.0,0,0,0,0,0,0.0,0,280,0.00,0.00,0.00,0.00,364,0,0,0.0,0.0,2026-05-17T14:00:00Z,0,False,5,0,0,0,0,0,37,0,146,0,0,2,2,0.0,0,0,0,0,45,False,0
Mark Gillespie,GK,Newcastle,0.0,0,0,0,0,0,0.0,0,471,0.00,0.00,0.00,0.00,369,0,0,0.0,0.0,2026-05-17T16:30:00Z,0,False,19,0,0,0,0,0,37,0,16685,0,0,1,3,0.0,0,-31,69,100,39,True,0
Ben Casey,FWD,Crystal Palace,0.0,0,0,0,0,0,0.0,0,780,0.00,0.00,0.00,0.00,364,0,0,0.0,0.0,2026-05-17T14:00:00Z,0,False,5,0,0,0,0,0,37,0,3909,0,0,2,2,0.0,0,33,118,85,45,False,0
Ethan Ampadu,MID,Leeds,0.0,0,0,21,1,3,3.2,7,354,0.02,0.02,0.00,3.06,367,0,0,1.8,12.8,2026-05-17T14:00:00Z,90,False,6,0,0,0,3,0,37,0,79424,1,1,0,1,2.0,3,5695,13990,8295,49,True,0
Lino da Cruz Sousa,DEF,Aston Villa,0.0,0,0,0,0,0,0.0,0,45,0.00,0.00,0.00,0.00,362,0,0,0.0,0.0,2026-05-15T19:00:00Z,0,False,12,0,0,0,0,0,37,0,32032,0,0,2,4,0.0,0,-169,0,169,38,True,0
Nicolò Savona,DEF,Nott'm Forest,0.0,0,0,0,0,0,0.0,0,716,0.00,0.00,0.00,0.00,368,0,0,0.0,0.0,2026-05-17T11:30:00Z,0,False,14,0,0,0,0,0,37,0,6409,0,0,2,3,0.0,0,-32,26,58,45,False,0
Harrison Reed,MID,Fulham,0.0,0,0,0,0,0,0.0,0,336,0.00,0.00,0.00,0.00,370,0,0,0.0,0.0,2026-05-17T14:00:00Z,0,False,20,0,0,0,0,0,37,0,41834,0,0,1,1,0.0,0,-170,795,965,43,False,0
Vitalii Mykolenko,DEF,Everton,0.0,0,0,4,0,5,15.2,5,292,0.03,0.03,0.00,0.76,366,3,0,3.1,13.8,2026-05-17T14:00:00Z,90,False,17,0,0,0,3,0,37,0,87551,1,0,3,1,2.0,1,3763,5869,2106,49,True,0
Matt Targett,DEF,Newcastle,0.0,0,0,0,0,0,0.0,0,484,0.00,0.00,0.00,0.00,369,0,0,0.0,0.0,2026-05-17T16:30:00Z,0,False,19,0,0,0,0,0,37,0,17813,0,0,1,3,0.0,0,-38,0,38,40,True,0
Frank Onyeka,MID,Brentford,0.0,0,0,0,0,0,0.0,0,128,0.00,0.00,0.00,0.00,364,0,0,0.0,0.0,2026-05-17T14:00:00Z,0,False,8,0,0,0,0,0,37,0,5264,0,0,2,2,0.0,0,-9,0,9,48,True,0
Tijjani Reijnders,MID,Man City,0.0,0,0,0,0,0,0.0,0,427,0.00,0.00,0.00,0.00,363,0,0,0.0,0.0,2026-05-19T18:30:00Z,0,False,4,0,0,0,0,0,37,0,1171663,0,0,1,1,0.0,0,-3628,534,4162,50,False,0
Igor Julio dos Santos de Paulo,DEF,Brighton,0.0,0,0,0,0,0,0.0,0,149,0.00,0.00,0.00,0.00,367,0,0,0.0,0.0,2026-05-17T14:00:00Z,0,False,11,0,0,0,0,0,37,0,11012,0,0,0,1,0.0,0,-26,132,158,45,False,0
Will Wright,FWD,Liverpool,0.0,0,0,0,0,0,0.0,0,830,0.00,0.00,0.00,0.00,362,0,0,0.0,0.0,2026-05-15T19:00:00Z,0,False,2,0,0,0,0,0,37,0,573,0,0,2,4,0.0,0,48,117,69,45,False,0
Gabriel Słonina,GK,Chelsea,0.0,0,0,0,0,0,0.0,0,223,0.00,0.00,0.00,0.00,365,0,0,0.0,0.0,2026-05-19T19:15:00Z,0,False,18,0,0,0,0,0,37,0,13716,0,0,1,2,0.0,0,-52,56,108,39,True,0
Manuel Akanji,DEF,Man City,0.0,0,0,0,0,0,0.0,0,404,0.00,0.00,0.00,0.00,363,0,0,0.0,0.0,2026-05-19T18:30:00Z,0,False,4,0,0,0,0,0,37,0,32991,0,0,1,1,0.0,0,-20,0,20,54,False,0
Bryan Mbeumo,MID,Man Utd,0.0,0,0,18,0,0,6.8,3,119,0.02,2.59,2.57,1.62,368,2,1,8.1,28.0,2026-05-17T11:30:00Z,79,False,16,0,0,0,3,0,37,0,1951645,1,0,2,3,46.0,7,-51849,18468,70317,83,True,0
Reece Welch,DEF,Everton,0.0,0,0,0,0,0,0.0,0,298,0.00,0.00,0.00,0.00,366,0,0,0.0,0.0,2026-05-17T14:00:00Z,0,False,17,0,0,0,0,0,37,0,18928,0,0,3,1,0.0,0,-3,111,114,38,True,0
Tyler Dibling,MID,Everton,0.0,0,0,0,0,0,0.0,0,707,0.00,0.00,0.00,0.00,366,0,0,0.0,0.0,2026-05-17T14:00:00Z,0,False,17,0,0,0,0,0,37,0,3880,0,0,3,1,0.0,0,-5,33,38,53,True,0
Lewis Cook,MID,Bournemouth,0.0,0,0,3,0,0,0.3,0,88,0.00,0.00,0.00,0.51,363,1,0,0.1,0.4,2026-05-19T18:30:00Z,1,False,13,0,0,0,0,0,37,0,4319,0,0,1,1,0.0,1,-47,10,57,49,True,0
Tyler Adams,MID,Bournemouth,0.0,0,0,12,0,4,2.4,12,85,0.01,0.01,0.00,1.67,363,1,0,1.6,13.2,2026-05-19T18:30:00Z,90,False,13,0,0,0,4,0,37,0,35425,1,4,1,1,0.0,3,23,313,290,49,True,1
Jamaal Lascelles,DEF,Newcastle,0.0,0,0,0,0,0,0.0,0,480,0.00,0.00,0.00,0.00,369,0,0,0.0,0.0,2026-05-17T16:30:00Z,0,False,19,0,0,0,0,0,37,0,6087,0,0,1,3,0.0,0,-11,0,11,43,True,0
Andrés García,DEF,Aston Villa,0.0,0,0,0,0,0,0.0,0,42,0.00,0.00,0.00,0.00,362,0,0,0.0,0.0,2026-05-15T19:00:00Z,0,False,12,0,0,0,0,0,37,0,26616,0,0,2,4,0.0,0,-71,146,217,39,True,0
Youri Tielemans,MID,Aston Villa,0.0,0,0,17,0,1,16.9,5,48,0.02,0.04,0.02,1.16,362,1,0,3.7,13.2,2026-05-15T19:00:00Z,89,False,12,0,0,0,2,0,37,0,86597,1,2,2,4,7.0,2,-161,1071,1232,59,True,0
Will Lankshear,FWD,Spurs,0.0,0,0,0,0,0,0.0,0,598,0.00,0.00,0.00,0.00,365,0,0,0.0,0.0,2026-05-19T19:15:00Z,0,False,7,0,0,0,0,0,37,0,2730,0,0,1,2,0.0,0,-3,0,3,45,False,0
Iwan Morgan,FWD,Brentford,0.0,0,0,0,0,0,0.0,0,137,0.00,0.00,0.00,0.00,364,0,0,0.0,0.0,2026-05-17T14:00:00Z,0,False,8,0,0,0,0,0,37,0,37188,0,0,2,2,0.0,0,-100,0,100,44,True,0
Victor Lindelöf,DEF,Aston Villa,0.0,0,0,3,0,2,2.8,2,719,0.01,0.01,0.00,0.19,362,0,0,0.4,1.4,2026-05-15T19:00:00Z,45,False,12,0,0,0,0,0,37,0,13235,1,0,2,4,0.0,1,-19,170,189,45,True,0
Pierre Ekwah Elimby,MID,Sunderland,0.0,0,0,0,0,0,0.0,0,556,0.00,0.00,0.00,0.00,366,0,0,0.0,0.0,2026-05-17T14:00:00Z,0,False,9,0,0,0,0,0,37,0,646,0,0,3,1,0.0,0,-1,0,1,45,False,0
Crysencio Summerville,MID,West Ham,0.0,0,0,23,0,1,23.3,8,615,0.24,0.29,0.05,1.73,369,3,0,5.3,14.4,2026-05-17T16:30:00Z,90,False,15,0,0,0,6,0,37,0,167164,1,1,1,3,15.0,2,1419,10153,8734,54,False,0
Kian McMahon-Brown,MID,Burnley,0.0,0,0,0,0,0,0.0,0,820,0.00,0.00,0.00,0.00,361,0,0,0.0,0.0,2026-05-18T19:00:00Z,0,False,1,0,0,0,0,0,37,0,262,0,0,0,1,0.0,0,-1,11,12,45,False,0
Philip Billing,MID,Bournemouth,0.0,0,0,0,0,0,0.0,0,89,0.00,0.00,0.00,0.00,363,0,0,0.0,0.0,2026-05-19T18:30:00Z,0,False,13,0,0,0,0,0,37,0,2723,0,0,1,1,0.0,0,-2,0,2,49,True,0
Cristhian Mosquera,DEF,Arsenal,0.0,0,0,23,1,1,19.5,5,662,0.08,0.08,0.00,0.19,361,0,0,4.1,17.2,2026-05-18T19:00:00Z,90,False,3,0,0,0,3,0,37,0,31429,1,4,0,1,4.0,6,9184,9816,632,53,True,0
Ethan Nwaneri,MID,Arsenal,0.0,0,0,0,0,0,0.0,0,25,0.00,0.00,0.00,0.00,361,0,0,0.0,0.0,2026-05-18T19:00:00Z,0,False,3,0,0,0,0,0,37,0,14653,0,0,0,1,0.0,0,-21,0,21,50,True,0
Bryan Gil Salvatierra,MID,Spurs,0.0,0,0,0,0,0,0.0,0,590,0.00,0.00,0.00,0.00,365,0,0,0.0,0.0,2026-05-19T19:15:00Z,0,False,7,0,0,0,0,0,37,0,3386,0,0,1,2,0.0,0,-1,0,1,49,False,0
Callum Olusesi,MID,Spurs,0.0,0,0,0,0,0,0.0,0,595,0.00,0.00,0.00,0.00,365,0,0,0.0,0.0,2026-05-19T19:15:00Z,0,False,7,0,0,0,0,0,37,0,26663,0,0,1,2,0.0,0,-13,189,202,43,False,0
Elyh Harrison,GK,Man Utd,0.0,0,0,0,0,0,0.0,0,433,0.00,0.00,0.00,0.00,368,0,0,0.0,0.0,2026-05-17T11:30:00Z,0,False,16,0,0,0,0,0,37,0,192,0,0,2,3,0.0,0,0,0,0,40,True,0
Ellery Balcombe,GK,Brentford,0.0,0,0,0,0,0,0.0,0,102,0.00,0.00,0.00,0.00,364,0,0,0.0,0.0,2026-05-17T14:00:00Z,0,False,8,0,0,0,0,0,37,0,32539,0,0,2,2,0.0,0,-144,72,216,39,True,0
Gustavo Nunes Fernandes Gomes,MID,Brentford,0.0,0,0,0,0,0,0.0,0,127,0.00,0.00,0.00,0.00,364,0,0,0.0,0.0,2026-05-17T14:00:00Z,0,False,8,0,0,0,0,0,37,0,1627,0,0,2,2,0.0,0,-3,0,3,49,True,0
Boubacar Traoré,MID,Wolves,0.0,0,0,0,0,0,0.0,0,649,0.00,0.00,0.00,0.00,370,0,0,0.0,0.0,2026-05-17T14:00:00Z,0,False,10,0,0,0,0,0,37,0,119,0,0,1,1,0.0,0,0,0,0,50,True,0
Luka Vušković,DEF,Spurs,0.0,0,0,0,0,0,0.0,0,578,0.00,0.00,0.00,0.00,365,0,0,0.0,0.0,2026-05-19T19:15:00Z,0,False,7,0,0,0,0,0,37,0,39830,0,0,1,2,0.0,0,-79,0,79,39,False,0
Mateus Gonçalo Espanha Fernandes,MID,West Ham,0.0,0,0,19,0,5,24.8,12,708,0.10,0.23,0.13,1.73,369,3,0,7.0,22.2,2026-05-17T16:30:00Z,90,False,15,0,0,0,6,0,37,0,51105,1,1,1,3,23.0,4,2236,4993,2757,55,False,0
Kenny Tete,DEF,Fulham,0.0,0,0,0,0,0,0.0,0,322,0.00,0.00,0.00,0.00,370,0,0,0.0,0.0,2026-05-17T14:00:00Z,0,False,20,0,0,0,0,0,37,0,28990,0,0,1,1,0.0,0,629,1160,531,45,False,0
Landon Emenalo,MID,Chelsea,0.0,0,0,0,0,0,0.0,0,743,0.00,0.00,0.00,0.00,365,0,0,0.0,0.0,2026-05-19T19:15:00Z,0,False,18,0,0,0,0,0,37,0,1676,0,0,1,2,0.0,0,13,22,9,45,True,0
Dilane Bakwa,MID,Nott'm Forest,0.0,0,0,5,0,0,5.5,0,734,0.03,0.03,0.00,1.77,368,1,0,0.9,1.6,2026-05-17T11:30:00Z,20,False,14,0,0,0,0,0,37,0,3525,0,0,2,3,2.0,1,170,345,175,59,False,0
Matt O'Riley,MID,Brighton,0.0,0,0,0,0,0,0.0,0,164,0.00,0.00,0.00,0.00,367,0,0,0.0,0.0,2026-05-17T14:00:00Z,0,False,11,0,0,0,0,0,37,0,44574,0,0,0,1,0.0,0,33,183,150,55,False,0
Senne Lammens,GK,Man Utd,0.0,0,0,7,0,1,0.0,0,733,0.00,0.00,0.00,1.88,368,2,0,2.0,19.8,2026-05-17T11:30:00Z,90,False,16,0,0,0,9,0,37,2,453794,1,0,2,3,0.0,1,28748,35106,6358,51,True,0
Dean Benamar,DEF,Crystal Palace,0.0,0,0,0,0,0,0.0,0,773,0.00,0.00,0.00,0.00,364,0,0,0.0,0.0,2026-05-17T14:00:00Z,0,False,5,0,0,0,0,0,37,0,2477,0,0,2,2,0.0,0,38,53,15,40,False,0
Carl Rushworth,GK,Brighton,0.0,0,0,0,0,0,0.0,0,141,0.00,0.00,0.00,0.00,367,0,0,0.0,0.0,2026-05-17T14:00:00Z,0,False,11,0,0,0,0,0,37,0,241,0,0,0,1,0.0,0,0,0,0,40,False,0
Walter Benítez,GK,Crystal Palace,0.0,0,0,0,0,0,0.0,0,254,0.00,0.00,0.00,0.00,364,0,0,0.0,0.0,2026-05-17T14:00:00Z,0,False,5,0,0,0,0,0,37,0,42252,0,0,2,2,0.0,0,-105,321,426,39,False,0
John Ruddy,GK,Newcastle,0.0,0,0,0,0,0,0.0,0,753,0.00,0.00,0.00,0.00,369,0,0,0.0,0.0,2026-05-17T16:30:00Z,0,False,19,0,0,0,0,0,37,0,2735,0,0,1,3,0.0,0,29,56,27,40,True,0
Ibrahim Sangaré,MID,Nott'm Forest,0.0,0,0,8,0,2,1.3,7,521,0.01,0.01,0.00,1.77,368,1,0,0.9,7.2,2026-05-17T11:30:00Z,20,False,14,0,0,0,4,0,37,0,8231,0,1,2,3,0.0,1,-287,9,296,49,False,0
Zak Johnson,DEF,Sunderland,0.0,0,0,0,0,0,0.0,0,538,0.00,0.00,0.00,0.00,366,0,0,0.0,0.0,2026-05-17T14:00:00Z,0,False,9,0,0,0,0,0,37,0,25006,0,0,3,1,0.0,0,-134,0,134,38,False,0
Brennan Johnson,MID,Crystal Palace,0.0,0,0,3,0,1,0.7,6,580,0.00,0.00,0.00,1.27,364,1,0,0.7,2.4,2026-05-17T14:00:00Z,45,False,5,0,0,0,4,0,37,0,313144,0,1,2,2,4.0,1,-4923,798,5721,65,False,0
Dominic Sadi,MID,Bournemouth,0.0,0,0,0,0,0,0.0,0,94,0.00,0.00,0.00,0.00,363,0,0,0.0,0.0,2026-05-19T18:30:00Z,0,False,13,0,0,0,0,0,37,0,3811,0,0,1,1,0.0,0,-4,0,4,45,True,0
Ian Poveda-Ocampo,MID,Sunderland,0.0,0,0,0,0,0,0.0,0,550,0.00,0.00,0.00,0.00,366,0,0,0.0,0.0,2026-05-17T14:00:00Z,0,False,9,0,0,0,0,0,37,0,3388,0,0,3,1,0.0,0,19,34,15,47,False,0
Rayan Aït-Nouri,DEF,Man City,0.0,0,0,0,0,0,0.0,0,402,0.00,0.00,0.00,0.00,363,0,0,0.0,0.0,2026-05-19T18:30:00Z,0,False,4,0,0,0,0,0,37,0,534265,0,0,1,1,0.0,0,-4024,1001,5025,57,False,0
Carlos Baleba,MID,Brighton,0.0,0,0,14,1,6,13.5,10,167,0.02,0.08,0.06,0.32,367,0,0,4.0,19.8,2026-05-17T14:00:00Z,81,False,11,0,0,0,4,0,37,0,202318,1,0,0,1,7.0,3,5826,7703,1877,45,False,0
James Wright,GK,Aston Villa,0.0,0,0,0,0,0,0.0,0,688,0.00,0.00,0.00,0.00,362,0,0,0.0,0.0,2026-05-15T19:00:00Z,0,False,12,0,0,0,0,0,37,0,75826,0,0,2,4,0.0,0,-196,100,296,39,True,0
Jamie Bynoe-Gittens,MID,Chelsea,0.0,0,0,0,0,0,0.0,0,239,0.00,0.00,0.00,0.00,365,0,0,0.0,0.0,2026-05-19T19:15:00Z,0,False,18,0,0,0,0,0,37,0,12944,0,0,1,2,0.0,0,-8,11,19,60,True,0
Dejan Kulusevski,MID,Spurs,0.0,0,0,0,0,0,0.0,0,583,0.00,0.00,0.00,0.00,365,0,0,0.0,0.0,2026-05-19T19:15:00Z,0,False,7,0,0,0,0,0,37,0,1788,0,0,1,2,0.0,0,15,36,21,64,False,0
Wilfried Gnonto,MID,Leeds,0.0,0,0,5,0,2,0.3,6,351,0.00,0.04,0.04,1.15,367,0,0,1.0,5.2,2026-05-17T14:00:00Z,30,False,6,0,0,0,2,0,37,0,11247,0,2,0,1,4.0,1,61,170,109,51,True,0
Lisandro Martínez,DEF,Man Utd,0.0,0,0,17,0,12,11.1,15,437,0.01,0.10,0.09,1.88,368,2,0,6.0,39.6,2026-05-17T11:30:00Z,90,False,16,0,0,0,4,0,37,0,56227,1,3,2,3,9.0,3,2758,3232,474,48,True,0
El Hadji Malick Diouf,DEF,West Ham,0.0,0,0,3,0,1,50.7,2,603,0.20,0.24,0.04,1.73,369,3,0,9.0,20.2,2026-05-17T16:30:00Z,90,False,15,0,0,0,4,0,37,0,307446,1,1,1,3,19.0,0,-200,6605,6805,41,False,1
Leon Chiwome,FWD,Wolves,0.0,0,0,0,0,0,0.0,0,657,0.00,0.00,0.00,0.00,370,0,0,0.0,0.0,2026-05-17T14:00:00Z,0,False,10,0,0,0,0,0,37,0,4785,0,0,1,1,0.0,0,-118,110,228,44,True,0
João Victor Gomes da Silva,MID,Wolves,0.0,0,0,9,0,6,2.5,10,646,0.02,0.02,0.00,1.59,370,1,0,1.4,7.4,2026-05-17T14:00:00Z,90,False,10,0,0,0,4,0,37,0,36284,1,0,1,1,4.0,2,-2281,1002,3283,53,True,0
Jaydon Banel,MID,Burnley,0.0,0,0,0,0,0,0.0,0,213,0.00,0.00,0.00,0.00,361,0,0,0.0,0.0,2026-05-18T19:00:00Z,0,False,1,0,0,0,0,0,37,0,4672,0,0,0,1,0.0,0,-19,0,19,45,False,0
Kjell Scherpen,GK,Brighton,0.0,0,0,0,0,0,0.0,0,142,0.00,0.00,0.00,0.00,367,0,0,0.0,0.0,2026-05-17T14:00:00Z,0,False,11,0,0,0,0,0,37,0,227,0,0,0,1,0.0,0,0,0,0,40,False,0
Levi Samuels Colwill,DEF,Chelsea,0.0,0,0,0,0,0,0.0,0,227,0.00,0.00,0.00,0.00,365,0,0,0.0,0.0,2026-05-19T19:15:00Z,0,False,18,0,0,0,0,0,37,0,16504,0,0,1,2,0.0,0,2363,2545,182,47,True,0
Shea Lacey,MID,Man Utd,0.0,0,0,0,0,0,0.0,0,755,0.00,0.00,0.00,0.00,368,0,0,0.0,0.0,2026-05-17T11:30:00Z,0,False,16,0,0,0,0,0,37,0,1676,0,0,2,3,0.0,0,28,60,32,45,True,0
Harvey Elliott,MID,Aston Villa,0.0,0,0,0,0,0,0.0,0,389,0.00,0.00,0.00,0.00,362,0,0,0.0,0.0,2026-05-15T19:00:00Z,0,False,12,0,0,0,0,0,37,0,21579,0,0,2,4,0.0,0,-168,22,190,51,True,0
Olivier Boscagli,DEF,Brighton,0.0,0,0,0,0,0,0.0,0,143,0.00,0.00,0.00,0.00,367,0,0,0.0,0.0,2026-05-17T14:00:00Z,0,False,11,0,0,0,0,0,37,0,20188,0,0,0,1,0.0,0,-1725,151,1876,42,False,0
Takai Kōta,DEF,Spurs,0.0,0,0,0,0,0,0.0,0,577,0.00,0.00,0.00,0.00,365,0,0,0.0,0.0,2026-05-19T19:15:00Z,0,False,7,0,0,0,0,0,37,0,5552,0,0,1,2,0.0,0,-14,0,14,40,False,0
Jeremie Frimpong,DEF,Liverpool,0.0,0,0,0,0,0,0.0,0,370,0.00,0.00,0.00,0.00,362,0,0,0.0,0.0,2026-05-15T19:00:00Z,0,False,2,0,0,0,0,0,37,0,653214,0,0,2,4,0.0,0,-4107,3100,7207,57,False,0
Nehemiah Oriola,MID,Brighton,0.0,0,0,0,0,0,0.0,0,744,0.00,0.00,0.00,0.00,367,0,0,0.0,0.0,2026-05-17T14:00:00Z,0,False,11,0,0,0,0,0,37,0,2006,0,0,0,1,0.0,0,28,64,36,45,False,0
Joe Rodon,DEF,Leeds,0.0,0,0,22,1,7,10.9,7,348,0.01,0.01,0.00,3.06,367,0,0,4.0,24.8,2026-05-17T14:00:00Z,90,False,6,0,0,0,3,0,37,0,382386,1,0,0,1,4.0,6,3569,10182,6613,39,True,0
Jenson Seelt,DEF,Sunderland,0.0,0,0,0,0,0,0.0,0,542,0.00,0.00,0.00,0.00,366,0,0,0.0,0.0,2026-05-17T14:00:00Z,0,False,9,0,0,0,0,0,37,0,10775,0,0,3,1,0.0,0,-26,0,26,40,False,0
Marshall Munetsi,MID,Wolves,0.0,0,0,0,0,0,0.0,0,648,0.00,0.00,0.00,0.00,370,0,0,0.0,0.0,2026-05-17T14:00:00Z,0,False,10,0,0,0,0,0,37,0,4441,0,0,1,1,0.0,0,-6,0,6,53,True,0
Mateus Mané,FWD,Wolves,0.0,0,3,40,0,1,42.9,13,749,0.40,0.52,0.12,1.59,370,1,1,10.5,46.0,2026-05-17T14:00:00Z,90,False,10,0,0,0,9,0,37,0,163142,1,3,1,1,16.0,11,-269,9518,9787,42,True,0
Rhys Williams,DEF,Liverpool,0.0,0,0,0,0,0,0.0,0,379,0.00,0.00,0.00,0.00,362,0,0,0.0,0.0,2026-05-15T19:00:00Z,0,False,2,0,0,0,0,0,37,0,69846,0,0,2,4,0.0,0,-438,908,1346,37,False,0
Luis Eduardo Soares da Silva,DEF,Nott'm Forest,0.0,0,0,0,0,0,0.0,0,729,0.00,0.00,0.00,0.00,368,0,0,0.0,0.0,2026-05-17T11:30:00Z,0,False,14,0,0,0,0,0,37,0,131,0,0,2,3,0.0,0,0,0,0,45,False,0
Josh Laurent,MID,Burnley,0.0,0,0,0,0,1,0.1,4,209,0.00,0.00,0.00,0.03,361,0,0,0.9,8.4,2026-05-18T19:00:00Z,19,False,1,0,0,0,0,0,37,0,4752,0,3,0,1,0.0,1,-37,32,69,48,False,0
Diego León Blanco,DEF,Man Utd,0.0,0,0,0,0,0,0.0,0,439,0.00,0.00,0.00,0.00,368,0,0,0.0,0.0,2026-05-17T11:30:00Z,0,False,16,0,0,0,0,0,37,0,7571,0,0,2,3,0.0,0,-3,38,41,41,True,0
Romaine Mundle,MID,Sunderland,0.0,0,0,0,0,0,0.0,0,548,0.00,0.00,0.00,0.00,366,0,0,0.0,0.0,2026-05-17T14:00:00Z,0,False,9,0,0,0,0,0,37,0,1052,0,0,3,1,0.0,0,10,19,9,49,False,0
Will Dennis,GK,Bournemouth,0.0,0,0,0,0,0,0.0,0,68,0.00,0.00,0.00,0.00,363,0,0,0.0,0.0,2026-05-19T18:30:00Z,0,False,13,0,0,0,0,0,37,0,89589,0,0,1,1,0.0,0,-487,0,487,40,True,0
Harry Howell,MID,Brighton,0.0,0,0,0,0,0,0.0,0,795,0.00,0.00,0.00,0.00,367,0,0,0.0,0.0,2026-05-17T14:00:00Z,0,False,11,0,0,0,0,0,37,0,871,0,0,0,1,0.0,0,14,44,30,45,False,0
Callum Wilson,FWD,West Ham,0.0,0,0,5,0,0,1.4,1,671,0.11,0.19,0.08,1.73,369,3,0,3.9,4.6,2026-05-17T16:30:00Z,90,False,15,0,0,0,0,0,37,0,67150,1,1,1,3,33.0,2,804,1503,699,58,False,0
Mathis Eboué,MID,Chelsea,0.0,0,0,0,0,0,0.0,0,833,0.00,0.00,0.00,0.00,365,0,0,0.0,0.0,2026-05-19T19:15:00Z,0,False,18,0,0,0,0,0,37,0,32,0,0,1,2,0.0,0,21,24,3,45,True,0
Ronnie Hollingshead,GK,Aston Villa,0.0,0,0,0,0,0,0.0,0,757,0.00,0.00,0.00,0.00,362,0,0,0.0,0.0,2026-05-15T19:00:00Z,0,False,12,0,0,0,0,0,37,0,2273,0,0,2,4,0.0,0,-4,11,15,40,True,0
Vitaly Janelt,MID,Brentford,0.0,0,0,13,0,3,20.6,5,125,0.21,0.21,0.00,1.67,364,2,0,2.7,6.6,2026-05-17T14:00:00Z,62,False,8,0,0,0,2,0,37,0,12920,1,0,2,2,0.0,2,-103,100,203,49,True,0
Douglas Luiz Soares de Paulo,MID,Aston Villa,0.0,0,0,3,0,0,0.5,0,699,0.00,0.00,0.00,0.27,362,1,0,0.1,0.2,2026-05-15T19:00:00Z,1,False,12,0,0,0,0,0,37,0,10366,0,0,2,4,0.0,1,-208,123,331,49,True,0
Marcus Tavernier,MID,Bournemouth,0.0,0,0,24,0,1,49.8,9,84,0.54,0.54,0.00,1.67,363,1,0,7.1,15.6,2026-05-19T18:30:00Z,90,False,13,0,0,0,6,0,37,0,555087,1,2,1,1,6.0,2,-87982,5724,93706,54,True,0
Virgil van Dijk,DEF,Liverpool,0.0,0,0,26,0,10,1.8,10,373,0.02,0.42,0.40,1.85,362,4,2,13.2,89.8,2026-05-15T19:00:00Z,90,False,2,0,0,0,1,0,37,0,3920609,1,0,2,4,40.0,14,-116983,21091,138074,61,False,0
Son Heung-min,MID,Spurs,0.0,0,0,0,0,0,0.0,0,579,0.00,0.00,0.00,0.00,365,0,0,0.0,0.0,2026-05-19T19:15:00Z,0,False,7,0,0,0,0,0,37,0,15141,0,0,1,2,0.0,0,-6,0,6,85,False,0
Axel Disasi,DEF,West Ham,0.0,0,0,3,0,5,1.9,6,815,0.01,0.01,0.00,1.73,369,3,0,1.6,14.4,2026-05-17T16:30:00Z,90,False,15,0,0,0,5,0,37,0,23480,1,1,1,3,0.0,1,-424,886,1310,45,False,0
Luca Netz,DEF,Nott'm Forest,0.0,0,0,-5,0,2,2.0,3,814,0.00,0.00,0.00,3.74,368,3,0,1.3,8.6,2026-05-17T11:30:00Z,83,False,14,0,0,0,0,0,37,0,1077,1,1,2,3,2.0,1,123,163,40,45,False,0
Antoñito Cordero Campillo,MID,Newcastle,0.0,0,0,0,0,0,0.0,0,492,0.00,0.00,0.00,0.00,369,0,0,0.0,0.0,2026-05-17T16:30:00Z,0,False,19,0,0,0,0,0,37,0,2655,0,0,1,3,0.0,0,-2,0,2,49,True,0
Callum Marshall,FWD,West Ham,0.0,0,0,0,0,0,0.0,0,626,0.00,0.00,0.00,0.00,369,0,0,0.0,0.0,2026-05-17T16:30:00Z,0,False,15,0,0,0,0,0,37,0,64986,0,0,1,3,0.0,0,-131,0,131,43,False,0
Garang Kuol,MID,Newcastle,0.0,0,0,0,0,0,0.0,0,496,0.00,0.00,0.00,0.00,369,0,0,0.0,0.0,2026-05-17T16:30:00Z,0,False,19,0,0,0,0,0,37,0,4187,0,0,1,3,0.0,0,-4,0,4,44,True,0
Fábio Ferreira Vieira,MID,Arsenal,0.0,0,0,0,0,0,0.0,0,23,0.00,0.00,0.00,0.00,361,0,0,0.0,0.0,2026-05-18T19:00:00Z,0,False,3,0,0,0,0,0,37,0,2444,0,0,0,1,0.0,0,-2,0,2,54,True,0
Jean-Philippe Mateta,FWD,Crystal Palace,0.0,0,0,3,0,0,4.0,0,283,0.01,0.01,0.00,1.14,364,1,0,0.8,2.0,2026-05-17T14:00:00Z,29,False,5,0,0,0,0,0,37,0,1140809,0,0,2,2,2.0,1,-65888,12452,78340,76,False,0
Gabriel Fernando de Jesus,FWD,Arsenal,0.0,0,0,0,0,0,0.0,0,31,0.00,0.00,0.00,0.00,361,0,0,0.0,0.0,2026-05-18T19:00:00Z,0,False,3,0,0,0,0,0,37,0,42030,0,0,0,1,0.0,0,-421,353,774,64,True,0
Maximilian Kilman,DEF,West Ham,0.0,0,0,0,0,0,0.0,0,605,0.00,0.00,0.00,0.00,369,0,0,0.0,0.0,2026-05-17T16:30:00Z,0,False,15,0,0,0,0,0,37,0,17568,0,0,1,3,0.0,0,-111,40,151,41,False,0
Tawanda Chirewa,MID,Wolves,0.0,0,0,0,0,0,0.0,0,650,0.00,0.00,0.00,0.00,370,0,0,0.0,0.0,2026-05-17T14:00:00Z,0,False,10,0,0,0,0,0,37,0,24814,0,0,1,1,0.0,0,-89,0,89,43,True,0
Elijah Campbell,DEF,Everton,0.0,0,0,0,0,0,0.0,0,705,0.00,0.00,0.00,0.00,366,0,0,0.0,0.0,2026-05-17T14:00:00Z,0,False,17,0,0,0,0,0,37,0,19301,0,0,3,1,0.0,0,-50,0,50,39,True,0
Christantus Uche,FWD,Crystal Palace,0.0,0,0,0,0,0,0.0,0,732,0.00,0.00,0.00,0.00,364,0,0,0.0,0.0,2026-05-17T14:00:00Z,0,False,5,0,0,0,0,0,37,0,7044,0,0,2,2,0.0,0,-6,142,148,55,False,0
Rayan Vitor Simplício Rocha,MID,Bournemouth,0.0,0,0,6,1,5,2.2,8,807,0.01,0.36,0.35,1.16,363,0,0,1.9,4.2,2026-05-19T18:30:00Z,83,False,13,0,0,0,2,0,37,0,221140,1,1,1,1,13.0,3,30298,43359,13061,54,True,0
Harry Maguire,DEF,Man Utd,0.0,0,0,14,0,12,0.8,14,442,0.01,0.06,0.05,1.88,368,2,0,3.3,27.0,2026-05-17T11:30:00Z,90,False,16,0,0,0,7,0,37,0,217081,1,2,2,3,5.0,3,36467,39125,2658,44,True,0
Hjalmar Ekdal,DEF,Burnley,0.0,0,0,0,0,0,0.0,0,190,0.00,0.00,0.00,0.00,361,0,0,0.0,0.0,2026-05-18T19:00:00Z,0,False,1,0,0,0,0,0,37,0,91848,0,0,0,1,0.0,0,-270,1063,1333,38,False,0
Mason Mount,MID,Man Utd,0.0,0,0,7,0,1,0.3,5,455,0.00,0.02,0.02,0.26,368,0,0,0.5,3.8,2026-05-17T11:30:00Z,9,False,16,0,0,0,3,0,37,0,36626,0,1,2,3,1.0,1,187,340,153,59,True,0
Paris Maghoma,MID,Brentford,0.0,0,0,0,0,0,0.0,0,132,0.00,0.00,0.00,0.00,364,0,0,0.0,0.0,2026-05-17T14:00:00Z,0,False,8,0,0,0,0,0,37,0,2534,0,0,2,2,0.0,0,-10,0,10,45,True,0
Jair Paula da Cunha Filho,DEF,Nott'm Forest,0.0,0,0,5,0,2,10.3,3,510,0.05,0.05,0.00,0.83,368,0,0,2.0,7.2,2026-05-17T11:30:00Z,6,False,14,0,0,0,0,0,37,0,8116,0,1,2,3,2.0,1,106,147,41,42,False,0
Freddie Potts,MID,West Ham,0.0,0,0,0,0,0,0.0,0,623,0.00,0.00,0.00,0.00,369,0,0,0.0,0.0,2026-05-17T16:30:00Z,0,False,15,0,0,0,0,0,37,0,67411,0,0,1,3,0.0,0,-475,761,1236,43,False,0
Joško Gvardiol,DEF,Man City,0.0,0,0,0,0,0,0.0,0,403,0.00,0.00,0.00,0.00,363,0,0,0.0,0.0,2026-05-19T18:30:00Z,0,False,4,0,0,0,0,0,37,0,417178,0,0,1,1,0.0,0,782,1609,827,58,False,0
Matthijs de Ligt,DEF,Man Utd,0.0,0,0,0,0,0,0.0,0,436,0.00,0.00,0.00,0.00,368,0,0,0.0,0.0,2026-05-17T11:30:00Z,0,False,16,0,0,0,0,0,37,0,232154,0,0,2,3,0.0,0,-316,32,348,49,True,0
Matheus França de Oliveira,MID,Crystal Palace,0.0,0,0,0,0,0,0.0,0,279,0.00,0.00,0.00,0.00,364,0,0,0.0,0.0,2026-05-17T14:00:00Z,0,False,5,0,0,0,0,0,37,0,759,0,0,2,2,0.0,0,-2,0,2,45,False,0
Nick Woltemade,FWD,Newcastle,0.0,0,2,35,0,1,40.1,6,714,0.16,0.36,0.20,0.62,369,1,1,11.0,42.8,2026-05-17T16:30:00Z,74,False,19,0,0,0,4,0,37,0,837498,1,1,1,3,27.0,8,-2293,4120,6413,67,True,0
Airidas Golambeckis,DEF,West Ham,0.0,0,0,0,0,0,0.0,0,752,0.00,0.00,0.00,0.00,369,0,0,0.0,0.0,2026-05-17T16:30:00Z,0,False,15,0,0,0,0,0,37,0,4448,0,0,1,3,0.0,0,10,61,51,40,False,0
Lucas Bergvall,MID,Spurs,0.0,0,0,0,0,0,0.0,0,586,0.00,0.00,0.00,0.00,365,0,0,0.0,0.0,2026-05-19T19:15:00Z,0,False,7,0,0,0,0,0,37,0,23237,0,0,1,2,0.0,0,-165,72,237,52,False,0
Mikel Merino Zazón,MID,Arsenal,0.0,0,0,0,0,0,0.0,0,22,0.00,0.00,0.00,0.00,361,0,0,0.0,0.0,2026-05-18T19:00:00Z,0,False,3,0,0,0,0,0,37,0,97769,0,0,0,1,0.0,0,-409,14,423,53,True,0
Braiden Graham,FWD,Everton,0.0,0,0,0,0,0,0.0,0,779,0.00,0.00,0.00,0.00,366,0,0,0.0,0.0,2026-05-17T14:00:00Z,0,False,17,0,0,0,0,0,37,0,5380,0,0,3,1,0.0,0,46,175,129,45,True,0
Odsonne Édouard,FWD,Crystal Palace,0.0,0,0,0,0,0,0.0,0,285,0.00,0.00,0.00,0.00,364,0,0,0.0,0.0,2026-05-17T14:00:00Z,0,False,5,0,0,0,0,0,37,0,26425,0,0,2,2,0.0,0,-24,0,24,50,False,0
Joe Knight,MID,Brighton,0.0,0,0,0,0,0,0.0,0,175,0.00,0.00,0.00,0.00,367,0,0,0.0,0.0,2026-05-17T14:00:00Z,0,False,11,0,0,0,0,0,37,0,8550,0,0,0,1,0.0,0,-39,0,39,44,False,0
Zépiqueno Redmond,FWD,Aston Villa,0.0,0,0,0,0,0,0.0,0,65,0.00,0.00,0.00,0.00,362,0,0,0.0,0.0,2026-05-15T19:00:00Z,0,False,12,0,0,0,0,0,37,0,37031,0,0,2,4,0.0,0,-39,0,39,45,True,0
Matheus Santos Carneiro da Cunha,MID,Man Utd,0.0,0,2,43,0,2,58.6,8,450,0.49,0.81,0.32,1.62,368,2,1,14.7,53.2,2026-05-17T11:30:00Z,79,False,16,0,0,0,5,0,37,0,1091982,1,1,2,3,35.0,9,26738,53107,26369,81,True,0
Max Merrick,GK,Chelsea,0.0,0,0,0,0,0,0.0,0,789,0.00,0.00,0.00,0.00,365,0,0,0.0,0.0,2026-05-19T19:15:00Z,0,False,18,0,0,0,0,0,37,0,1215,0,0,1,2,0.0,0,-2,17,19,40,True,0
Chemsdine Talbi,MID,Sunderland,0.0,0,0,3,0,0,3.1,2,553,0.00,0.00,0.00,0.67,366,0,0,0.4,0.4,2026-05-17T14:00:00Z,30,False,9,0,0,0,2,0,37,0,20708,0,0,3,1,0.0,1,61,402,341,49,False,0
Zach Abbott,DEF,Nott'm Forest,0.0,0,0,0,0,0,0.0,0,513,0.00,0.00,0.00,0.00,368,0,0,0.0,0.0,2026-05-17T11:30:00Z,0,False,14,0,0,0,0,0,37,0,31941,0,0,2,3,0.0,0,-459,29,488,38,False,0
Mykhailo Mudryk,MID,Chelsea,0.0,0,0,0,0,0,0.0,0,245,0.00,0.00,0.00,0.00,365,0,0,0.0,0.0,2026-05-19T19:15:00Z,0,False,18,0,0,0,0,0,37,0,1216,0,0,1,2,0.0,0,6,26,20,49,True,0
Emile Smith Rowe,MID,Fulham,0.0,0,0,18,0,0,5.5,7,325,0.02,0.06,0.04,1.14,370,1,0,4.1,10.2,2026-05-17T14:00:00Z,78,False,20,0,0,0,5,0,37,0,66660,1,2,1,1,25.0,2,938,2240,1302,56,False,0
Yves Bissouma,MID,Spurs,0.0,0,0,0,0,0,0.0,0,587,0.00,0.00,0.00,0.00,365,0,0,0.0,0.0,2026-05-19T19:15:00Z,0,False,7,0,0,0,0,0,37,0,6222,0,0,1,2,0.0,0,2,51,49,52,False,0
Zian Flemming,FWD,Burnley,0.0,0,0,6,0,2,10.8,5,215,0.03,0.03,0.00,1.29,361,1,0,1.7,4.6,2026-05-18T19:00:00Z,90,False,1,0,0,0,1,0,37,0,44732,1,2,0,1,2.0,1,1774,3530,1756,53,False,1
Alfie Pond,DEF,Wolves,0.0,0,0,0,0,0,0.0,0,641,0.00,0.00,0.00,0.00,370,0,0,0.0,0.0,2026-05-17T14:00:00Z,0,False,10,0,0,0,0,0,37,0,119406,0,0,1,1,0.0,0,-580,0,580,39,True,0
Fraser Forster,GK,Bournemouth,0.0,0,0,0,0,0,0.0,0,782,0.00,0.00,0.00,0.00,363,0,0,0.0,0.0,2026-05-19T18:30:00Z,0,False,13,0,0,0,0,0,37,0,3818,0,0,1,1,0.0,0,-3,81,84,40,True,0
Daniel Ballard,DEF,Sunderland,0.0,0,0,0,0,0,0.0,0,531,0.00,0.00,0.00,0.00,366,0,0,0.0,0.0,2026-05-17T14:00:00Z,0,False,9,0,0,0,0,0,37,0,337350,0,0,3,1,0.0,0,-23991,86,24077,47,False,0
Tim Iroegbunam,MID,Everton,0.0,0,0,4,0,2,13.9,7,304,0.04,0.04,0.00,0.47,366,1,0,1.9,5.0,2026-05-17T14:00:00Z,72,False,17,0,0,0,2,0,37,0,5058,1,3,3,1,0.0,1,115,151,36,48,True,1
Lucas Digne,DEF,Aston Villa,0.0,1,0,9,0,5,16.3,6,37,0.06,0.10,0.04,1.43,362,2,0,4.4,23.4,2026-05-15T19:00:00Z,90,False,12,0,0,0,2,0,37,0,202706,1,1,2,4,4.0,4,-5598,859,6457,45,True,0
Mads Hermansen,GK,West Ham,0.0,1,0,13,0,1,10.0,0,679,0.00,0.00,0.00,1.73,369,3,0,5.0,40.4,2026-05-17T16:30:00Z,90,False,15,0,0,0,7,0,37,4,107232,1,0,1,3,0.0,5,4731,7995,3264,42,False,0
Viktor Gyökeres,FWD,Arsenal,0.0,0,0,3,0,0,0.5,2,666,0.01,0.01,0.00,0.00,361,0,0,0.7,2.0,2026-05-18T19:00:00Z,17,False,3,0,0,0,1,0,37,0,2388342,0,1,0,1,4.0,1,395946,413927,17981,90,True,0
Emiliano Buendía Stati,MID,Aston Villa,0.0,0,0,13,0,4,25.0,9,50,0.21,0.23,0.02,1.16,362,1,0,3.7,6.4,2026-05-15T19:00:00Z,84,False,12,0,0,0,4,0,37,0,49624,1,1,2,4,6.0,2,-1986,1336,3322,53,True,0
Benjamin Lecomte,GK,Fulham,0.0,0,0,0,0,0,0.0,0,664,0.00,0.00,0.00,0.00,370,0,0,0.0,0.0,2026-05-17T14:00:00Z,0,False,20,0,0,0,0,0,37,0,88238,0,0,1,1,0.0,0,-473,180,653,39,False,0
Ismeal Kabia,MID,Arsenal,0.0,0,0,0,0,0,0.0,0,28,0.00,0.00,0.00,0.00,361,0,0,0.0,0.0,2026-05-18T19:00:00Z,0,False,3,0,0,0,0,0,37,0,12382,0,0,0,1,0.0,0,-13,0,13,45,True,0
Isaac Hayden,MID,Newcastle,0.0,0,0,0,0,0,0.0,0,495,0.00,0.00,0.00,0.00,369,0,0,0.0,0.0,2026-05-17T16:30:00Z,0,False,19,0,0,0,0,0,37,0,759,0,0,1,3,0.0,0,0,0,0,45,True,0
Adrian Mazilu,MID,Brighton,0.0,0,0,0,0,0,0.0,0,176,0.00,0.00,0.00,0.00,367,0,0,0.0,0.0,2026-05-17T14:00:00Z,0,False,11,0,0,0,0,0,37,0,2340,0,0,0,1,0.0,0,-6,0,6,45,False,0
Jurriën Timber,DEF,Arsenal,0.0,0,0,0,0,0,0.0,0,8,0.00,0.00,0.00,0.00,361,0,0,0.0,0.0,2026-05-18T19:00:00Z,0,False,3,0,0,0,0,0,37,0,2037142,0,0,0,1,0.0,0,-75691,168,75859,60,True,0
Finlay Herrick,GK,West Ham,0.0,0,0,0,0,0,0.0,0,825,0.00,0.00,0.00,0.00,369,0,0,0.0,0.0,2026-05-17T16:30:00Z,0,False,15,0,0,0,0,0,37,0,536,0,0,1,3,0.0,0,16,46,30,40,False,0
Kyle Walker,DEF,Burnley,0.0,0,0,7,0,2,1.0,4,187,0.01,0.01,0.00,1.29,361,1,0,1.0,9.2,2026-05-18T19:00:00Z,90,False,1,0,0,0,3,0,37,0,143084,1,2,0,1,0.0,2,43,1079,1036,44,False,0
Cole Palmer,MID,Chelsea,0.0,0,0,9,0,0,11.9,5,235,0.09,0.29,0.20,1.67,365,1,0,3.0,6.4,2026-05-19T19:15:00Z,88,False,18,0,0,0,4,0,37,0,1637367,1,1,1,2,12.0,2,-62557,11009,73566,103,True,0
Maxence Lacroix,DEF,Crystal Palace,0.0,0,0,5,0,7,0.5,8,257,0.04,0.05,0.01,0.58,364,1,0,2.0,12.8,2026-05-17T14:00:00Z,60,False,5,0,0,0,3,0,37,0,1003174,1,1,2,2,7.0,2,-75314,11876,87190,52,False,0
Robert Lynch Sánchez,GK,Chelsea,0.0,0,0,11,0,0,0.0,0,220,0.00,0.00,0.00,1.72,365,1,0,1.9,19.2,2026-05-19T19:15:00Z,90,False,18,0,0,0,9,0,37,2,1343527,1,0,1,2,0.0,2,-54546,202,54748,48,True,0
Benjamin Fredrick,DEF,Brentford,0.0,0,0,0,0,0,0.0,0,115,0.00,0.00,0.00,0.00,364,0,0,0.0,0.0,2026-05-17T14:00:00Z,0,False,8,0,0,0,0,0,37,0,9410,0,0,2,2,0.0,0,-13,0,13,40,True,0
Brajan Gruda,MID,Brighton,0.0,0,0,0,0,0,0.0,0,162,0.00,0.00,0.00,0.00,367,0,0,0.0,0.0,2026-05-17T14:00:00Z,0,False,11,0,0,0,0,0,37,0,5825,0,0,0,1,0.0,0,-12,0,12,54,False,0
James Trafford,GK,Man City,0.0,0,0,0,0,0,0.0,0,182,0.00,0.00,0.00,0.00,363,0,0,0.0,0.0,2026-05-19T18:30:00Z,0,False,4,0,0,0,0,0,37,0,119049,0,0,1,1,0.0,0,-142,98,240,45,False,0
Ben Gannon-Doak,MID,Bournemouth,0.0,0,0,0,0,0,0.0,0,391,0.00,0.00,0.00,0.00,363,0,0,0.0,0.0,2026-05-19T18:30:00Z,0,False,13,0,0,0,0,0,37,0,4211,0,0,1,1,0.0,0,20,36,16,48,True,0
Max Alleyne,DEF,Man City,0.0,0,0,0,0,0,0.0,0,794,0.00,0.00,0.00,0.00,363,0,0,0.0,0.0,2026-05-19T18:30:00Z,0,False,4,0,0,0,0,0,37,0,1386,0,0,1,1,0.0,0,-15,20,35,39,False,0
Saša Kalajdžić,FWD,Wolves,0.0,0,0,0,0,0,0.0,0,656,0.00,0.00,0.00,0.00,370,0,0,0.0,0.0,2026-05-17T14:00:00Z,0,False,10,0,0,0,0,0,37,0,6155,0,0,1,1,0.0,0,-5,0,5,49,True,0
Mitoma Kaoru,MID,Brighton,0.0,0,0,0,0,0,0.0,0,157,0.00,0.00,0.00,0.00,367,0,0,0.0,0.0,2026-05-17T14:00:00Z,0,False,11,0,0,0,0,0,37,0,268433,0,0,0,1,0.0,0,-35908,705,36613,61,False,0
Michael Keane,DEF,Everton,0.0,1,0,12,0,7,11.3,7,295,0.01,0.01,0.00,0.76,366,3,0,4.4,31.0,2026-05-17T14:00:00Z,90,False,17,0,0,0,4,0,37,0,420963,1,0,3,1,2.0,4,76579,85572,8993,45,True,0
Jenson Jones,DEF,Sunderland,0.0,0,0,0,0,0,0.0,0,774,0.00,0.00,0.00,0.00,366,0,0,0.0,0.0,2026-05-17T14:00:00Z,0,False,9,0,0,0,0,0,37,0,3142,0,0,3,1,0.0,0,46,119,73,40,False,0
Jean-Clair Todibo,DEF,West Ham,0.0,0,0,-4,0,2,0.3,2,609,0.00,0.00,0.00,0.84,369,2,0,0.2,1.8,2026-05-17T16:30:00Z,25,False,15,0,0,0,1,0,37,0,12848,1,0,1,3,0.0,0,60,147,87,43,False,0
Joelinton Cássio Apolinário de Lira,MID,Newcastle,0.0,0,0,0,0,0,0.0,0,490,0.00,0.00,0.00,0.00,369,0,0,0.0,0.0,2026-05-17T16:30:00Z,0,False,19,0,0,0,0,0,37,0,37406,0,0,1,3,0.0,0,7,454,447,59,True,0
Mohamadou Kanté,MID,West Ham,0.0,0,0,-1,0,1,0.0,1,758,0.00,0.00,0.00,0.72,369,1,0,0.2,2.2,2026-05-17T16:30:00Z,27,False,15,0,0,0,0,0,37,0,1669,0,0,1,3,0.0,0,4,56,52,45,False,1
Francisco Evanilson de Lima Barbosa,FWD,Bournemouth,0.0,0,0,14,1,4,12.3,8,97,0.04,0.75,0.71,1.16,363,0,0,4.0,13.4,2026-05-19T18:30:00Z,88,False,13,0,0,0,3,0,37,0,300032,1,1,1,1,14.0,2,-25735,4268,30003,67,True,0
Nordi Mukiele,DEF,Sunderland,0.0,0,0,6,0,5,12.8,5,694,0.03,0.06,0.03,1.04,366,1,0,3.5,14.2,2026-05-17T14:00:00Z,90,False,9,0,0,0,2,0,37,0,1123170,1,0,3,1,8.0,2,13855,32451,18596,46,False,0
Kevin Danso,DEF,Spurs,0.0,0,0,9,0,9,1.0,10,570,0.01,0.01,0.00,0.63,365,2,0,2.7,23.6,2026-05-19T19:15:00Z,90,False,7,0,0,0,2,0,37,0,21317,1,1,1,2,2.0,3,372,874,502,42,False,0
Shumaira Mheuka,FWD,Chelsea,0.0,0,0,3,0,1,0.3,1,840,0.00,0.00,0.00,0.05,365,0,0,0.2,2.0,2026-05-19T19:15:00Z,1,False,18,0,0,0,0,0,37,0,0,0,0,1,2,0.0,1,0,0,0,45,True,0
Adam Aznou,DEF,Everton,0.0,0,0,0,0,0,0.0,0,667,0.00,0.00,0.00,0.00,366,0,0,0.0,0.0,2026-05-17T14:00:00Z,0,False,17,0,0,0,0,0,37,0,7459,0,0,3,1,0.0,0,22,52,30,42,True,0
Ben Davies,DEF,Spurs,0.0,0,0,0,0,0,0.0,0,571,0.00,0.00,0.00,0.00,365,0,0,0.0,0.0,2026-05-19T19:15:00Z,0,False,7,0,0,0,0,0,37,0,8411,0,0,1,2,0.0,0,0,14,14,43,False,0
Trai Hume,DEF,Sunderland,0.0,0,0,4,0,1,2.9,1,532,0.01,0.01,0.00,0.37,366,1,0,0.7,1.8,2026-05-17T14:00:00Z,59,False,9,0,0,0,3,0,37,0,43356,1,0,3,1,2.0,1,67,923,856,45,False,0
Tom Cairney,MID,Fulham,0.0,0,0,0,0,0,0.0,0,331,0.00,0.00,0.00,0.00,370,0,0,0.0,0.0,2026-05-17T14:00:00Z,0,False,20,0,0,0,0,0,37,0,4237,0,0,1,1,0.0,0,75,104,29,48,False,0
Calvin Bassey,DEF,Fulham,0.0,0,0,19,0,5,1.6,7,318,0.03,0.03,0.00,1.40,370,1,0,1.9,17.4,2026-05-17T14:00:00Z,90,False,20,0,0,0,6,0,37,0,114659,1,2,1,1,0.0,2,30393,34187,3794,44,False,0
Alfie McNally,GK,Fulham,0.0,0,0,0,0,0,0.0,0,786,0.00,0.00,0.00,0.00,370,0,0,0.0,0.0,2026-05-17T14:00:00Z,0,False,20,0,0,0,0,0,37,0,1646,0,0,1,1,0.0,0,-22,43,65,40,False,0
Matai Akinmboni,DEF,Bournemouth,0.0,0,0,0,0,0,0.0,0,75,0.00,0.00,0.00,0.00,363,0,0,0.0,0.0,2026-05-19T18:30:00Z,0,False,13,0,0,0,0,0,37,0,25448,0,0,1,1,0.0,0,84,225,141,38,True,0
Yehor Yarmoliuk,MID,Brentford,0.0,1,1,24,0,7,4.1,17,129,0.03,0.03,0.00,1.69,364,2,0,3.1,25.2,2026-05-17T14:00:00Z,88,False,8,0,0,0,8,0,37,0,13292,1,2,2,2,2.0,8,152,407,255,50,True,0
Norberto Bercique Gomes Betuncal,FWD,Everton,0.0,0,0,3,0,4,1.1,4,311,0.00,0.21,0.21,0.47,366,1,0,1.6,5.4,2026-05-17T14:00:00Z,72,False,17,0,0,0,0,0,37,0,451993,1,0,3,1,9.0,2,64379,69863,5484,50,True,0
Christian Nørgaard,MID,Arsenal,0.0,0,0,0,0,0,0.0,0,24,0.00,0.00,0.00,0.00,361,0,0,0.0,0.0,2026-05-18T19:00:00Z,0,False,3,0,0,0,0,0,37,0,17149,0,0,0,1,0.0,0,-13,52,65,51,True,0
Dan Ndoye,MID,Nott'm Forest,0.0,0,0,0,0,0,0.0,0,669,0.00,0.00,0.00,0.00,368,0,0,0.0,0.0,2026-05-17T11:30:00Z,0,False,14,0,0,0,0,0,37,0,87861,0,0,2,3,0.0,0,-309,11,320,55,False,0
Soungoutou Magassa,MID,West Ham,0.0,0,0,0,0,0,0.0,0,718,0.00,0.00,0.00,0.00,369,0,0,0.0,0.0,2026-05-17T16:30:00Z,0,False,15,0,0,0,0,0,37,0,3511,0,0,1,3,0.0,0,-10,19,29,50,False,0
Bradley Burrowes,MID,Aston Villa,0.0,0,0,0,0,0,0.0,0,702,0.00,0.00,0.00,0.00,362,0,0,0.0,0.0,2026-05-15T19:00:00Z,0,False,12,0,0,0,0,0,37,0,16497,0,0,2,4,0.0,0,1678,2305,627,43,True,0
Martin Sherif,FWD,Everton,0.0,0,0,0,0,0,0.0,0,313,0.00,0.00,0.00,0.00,366,0,0,0.0,0.0,2026-05-17T14:00:00Z,0,False,17,0,0,0,0,0,37,0,14804,0,0,3,1,0.0,0,-24,0,24,44,True,0
Martin Ødegaard,MID,Arsenal,0.0,0,0,10,1,0,18.7,3,17,0.09,0.30,0.21,0.19,361,0,0,3.3,6.8,2026-05-18T19:00:00Z,90,False,3,0,0,0,3,0,37,0,217028,1,0,0,1,7.0,3,7073,8547,1474,78,True,0
Malick Yalcouyé,MID,Brighton,0.0,0,0,0,0,0,0.0,0,174,0.00,0.00,0.00,0.00,367,0,0,0.0,0.0,2026-05-17T14:00:00Z,0,False,11,0,0,0,0,0,37,0,635,0,0,0,1,0.0,0,0,0,0,50,False,0
Charalampos Kostoulas,FWD,Brighton,0.0,0,0,7,0,0,12.8,2,181,0.18,0.21,0.03,0.07,367,1,0,3.8,6.2,2026-05-17T14:00:00Z,8,False,11,0,0,0,2,0,37,0,43498,0,0,0,1,19.0,1,-12,347,359,48,False,0
Romain Esse,MID,Crystal Palace,0.0,0,0,0,0,0,0.0,0,269,0.00,0.00,0.00,0.00,364,0,0,0.0,0.0,2026-05-17T14:00:00Z,0,False,5,0,0,0,0,0,37,0,14261,0,0,2,2,0.0,0,-20,0,20,47,False,0
João Victor de Souza Menezes,DEF,Spurs,0.0,0,0,0,0,0,0.0,0,804,0.00,0.00,0.00,0.00,365,0,0,0.0,0.0,2026-05-19T19:15:00Z,0,False,7,0,0,0,0,0,37,0,2849,0,0,1,2,0.0,0,-41,42,83,40,False,0
Mark Travers,GK,Everton,0.0,0,0,0,0,0,0.0,0,288,0.00,0.00,0.00,0.00,366,0,0,0.0,0.0,2026-05-17T14:00:00Z,0,False,17,0,0,0,0,0,37,0,14766,0,0,3,1,0.0,0,-16,81,97,42,True,0
Altay Bayındır,GK,Man Utd,0.0,0,0,0,0,0,0.0,0,431,0.00,0.00,0.00,0.00,368,0,0,0.0,0.0,2026-05-17T11:30:00Z,0,False,16,0,0,0,0,0,37,0,41157,0,0,2,3,0.0,0,10,204,194,47,True,0
Largie Ramazani,MID,Leeds,0.0,0,0,0,0,0,0.0,0,357,0.00,0.00,0.00,0.00,367,0,0,0.0,0.0,2026-05-17T14:00:00Z,0,False,6,0,0,0,0,0,37,0,1842,0,0,0,1,0.0,0,-1,0,1,49,True,0
Malcom DaCosta,MID,Bournemouth,0.0,0,0,0,0,0,0.0,0,756,0.00,0.00,0.00,0.00,363,0,0,0.0,0.0,2026-05-19T18:30:00Z,0,False,13,0,0,0,0,0,37,0,1452,0,0,1,1,0.0,0,15,38,23,45,True,0
Pedro Lomba Neto,MID,Chelsea,0.0,1,0,20,0,0,15.4,5,236,0.02,0.10,0.08,1.67,365,1,0,7.0,28.6,2026-05-19T19:15:00Z,88,False,18,0,0,0,2,0,37,0,512126,1,3,1,2,26.0,5,-13217,101,13318,70,True,0
Rodrigo Martins Gomes,DEF,Wolves,0.0,0,0,4,0,2,5.4,5,635,0.04,0.32,0.28,1.49,370,1,0,3.0,5.8,2026-05-17T14:00:00Z,84,False,10,0,0,0,3,0,37,0,9827,1,3,1,1,19.0,2,-319,56,375,44,True,0
Yerson Mosquera Valdelamar,DEF,Wolves,0.0,0,0,-2,0,3,0.6,5,634,0.01,0.36,0.35,1.59,370,1,0,1.6,0.4,2026-05-17T14:00:00Z,90,False,10,0,0,0,1,0,37,0,10854,1,2,1,1,15.0,2,-102,157,259,43,True,0
Iliman Ndiaye,MID,Everton,0.0,0,0,3,0,2,6.8,4,299,0.03,0.09,0.06,0.76,366,3,0,1.8,3.8,2026-05-17T14:00:00Z,90,False,17,0,0,0,2,0,37,0,623950,1,0,3,1,7.0,2,45075,55370,10295,62,True,0
Tyler Fletcher,MID,Man Utd,0.0,0,0,0,0,0,0.0,0,771,0.00,0.00,0.00,0.00,368,0,0,0.0,0.0,2026-05-17T11:30:00Z,0,False,16,0,0,0,0,0,37,0,1496,0,0,2,3,0.0,0,6,57,51,44,True,0
Florentino Ibrain Morris Luís,MID,Burnley,0.0,0,0,14,0,6,0.1,12,722,0.00,0.02,0.02,1.27,361,1,0,1.4,12.6,2026-05-18T19:00:00Z,77,False,1,0,0,0,3,0,37,0,4971,1,3,0,1,1.0,4,-36,50,86,50,False,0
Nicolas Jackson,FWD,Chelsea,0.0,0,0,0,0,0,0.0,0,251,0.00,0.00,0.00,0.00,365,0,0,0.0,0.0,2026-05-19T19:15:00Z,0,False,18,0,0,0,0,0,37,0,9159,0,0,1,2,0.0,0,-8,0,8,65,True,0
Morgan Rogers,MID,Aston Villa,0.0,1,2,50,0,2,51.8,10,47,0.27,0.32,0.05,1.43,362,2,1,13.8,65.6,2026-05-15T19:00:00Z,90,False,12,0,0,0,6,0,37,0,2780470,1,2,2,4,21.0,12,-342946,19696,362642,74,True,0
Reiss Nelson,MID,Brentford,0.0,0,0,0,0,0,0.0,0,27,0.00,0.00,0.00,0.00,364,0,0,0.0,0.0,2026-05-17T14:00:00Z,0,False,8,0,0,0,0,0,37,0,12309,0,0,2,2,0.0,0,14,79,65,48,True,0
Dan Burn,DEF,Newcastle,0.0,0,0,4,0,0,10.5,1,476,0.00,0.00,0.00,0.33,369,0,0,1.6,5.2,2026-05-17T16:30:00Z,15,False,19,0,0,0,0,0,37,0,462115,0,1,1,3,0.0,1,9148,11712,2564,50,True,0
Andreas Hoelgebaum Pereira,MID,Fulham,0.0,0,0,0,0,0,0.0,0,327,0.00,0.00,0.00,0.00,370,0,0,0.0,0.0,2026-05-17T14:00:00Z,0,False,20,0,0,0,0,0,37,0,7499,0,0,1,1,0.0,0,-6,0,6,53,False,0
Lewis Miley,MID,Newcastle,0.0,0,0,0,0,0,0.0,0,497,0.00,0.00,0.00,0.00,369,0,0,0.0,0.0,2026-05-17T16:30:00Z,0,False,19,0,0,0,0,0,37,0,228821,0,0,1,3,0.0,0,-13203,181,13384,44,True,0
Ahmed Abdullahi,FWD,Sunderland,0.0,0,0,0,0,0,0.0,0,562,0.00,0.00,0.00,0.00,366,0,0,0.0,0.0,2026-05-17T14:00:00Z,0,False,9,0,0,0,0,0,37,0,55450,0,0,3,1,0.0,0,-242,344,586,42,False,0
James McConnell,MID,Liverpool,0.0,0,0,0,0,0,0.0,0,394,0.00,0.00,0.00,0.00,362,0,0,0.0,0.0,2026-05-15T19:00:00Z,0,False,2,0,0,0,0,0,37,0,2577,0,0,2,4,0.0,0,0,0,0,44,False,0
Tom McGill,GK,Brighton,0.0,0,0,0,0,0,0.0,0,140,0.00,0.00,0.00,0.00,367,0,0,0.0,0.0,2026-05-17T14:00:00Z,0,False,11,0,0,0,0,0,37,0,38419,0,0,0,1,0.0,0,-71,159,230,39,False,0
Brayden Clarke,DEF,Arsenal,0.0,0,0,0,0,0,0.0,0,13,0.00,0.00,0.00,0.00,361,0,0,0.0,0.0,2026-05-18T19:00:00Z,0,False,3,0,0,0,0,0,37,0,58016,0,0,0,1,0.0,0,-30,910,940,37,True,0
Joe Worrall,DEF,Burnley,0.0,0,0,0,0,0,0.0,0,199,0.00,0.00,0.00,0.00,361,0,0,0.0,0.0,2026-05-18T19:00:00Z,0,False,1,0,0,0,0,0,37,0,24889,0,0,0,1,0.0,0,-412,92,504,38,False,0
Owen Dodgson,DEF,Burnley,0.0,0,0,0,0,0,0.0,0,189,0.00,0.00,0.00,0.00,361,0,0,0.0,0.0,2026-05-18T19:00:00Z,0,False,1,0,0,0,0,0,37,0,1575,0,0,0,1,0.0,0,-2,0,2,40,False,0
Enzo Fernández,MID,Chelsea,0.0,1,3,46,0,1,27.3,9,237,0.49,0.55,0.06,1.72,365,1,1,9.3,55.2,2026-05-19T19:15:00Z,90,False,18,0,0,0,7,0,37,0,1414556,1,1,1,2,10.0,13,28411,50141,21730,64,True,0
Julio Enciso Espínola,MID,Brighton,0.0,0,0,0,0,0,0.0,0,161,0.00,0.00,0.00,0.00,367,0,0,0.0,0.0,2026-05-17T14:00:00Z,0,False,11,0,0,0,0,0,37,0,1122,0,0,0,1,0.0,0,-3,0,3,54,False,0
Emil Krafth,DEF,Newcastle,0.0,0,0,0,0,0,0.0,0,479,0.00,0.00,0.00,0.00,369,0,0,0.0,0.0,2026-05-17T16:30:00Z,0,False,19,0,0,0,0,0,37,0,4743,0,0,1,3,0.0,0,13,20,7,43,True,0
Boubacar Kamara,MID,Aston Villa,0.0,0,0,0,0,0,0.0,0,58,0.00,0.00,0.00,0.00,362,0,0,0.0,0.0,2026-05-15T19:00:00Z,0,False,12,0,0,0,0,0,37,0,21941,0,0,2,4,0.0,0,-113,15,128,49,True,0
Hugo Ekitiké,FWD,Liverpool,0.0,0,0,0,0,0,0.0,0,661,0.00,0.00,0.00,0.00,362,0,0,0.0,0.0,2026-05-15T19:00:00Z,0,False,2,0,0,0,0,0,37,0,2086389,0,0,2,4,0.0,0,-42057,117,42174,90,False,0
Amara Nallo,DEF,Liverpool,0.0,0,0,0,0,0,0.0,0,378,0.00,0.00,0.00,0.00,362,0,0,0.0,0.0,2026-05-15T19:00:00Z,0,False,2,0,0,0,0,0,37,0,114209,0,0,2,4,0.0,0,-1742,938,2680,37,False,0
Andrew Robertson,DEF,Liverpool,0.0,0,0,0,0,0,0.0,0,372,0.00,0.00,0.00,0.00,362,0,0,0.0,0.0,2026-05-15T19:00:00Z,0,False,2,0,0,0,0,0,37,0,136890,0,0,2,4,0.0,0,-1218,699,1917,57,False,0
Seung-Soo Park,MID,Newcastle,0.0,0,0,0,0,0,0.0,0,689,0.00,0.00,0.00,0.00,369,0,0,0.0,0.0,2026-05-17T16:30:00Z,0,False,19,0,0,0,0,0,37,0,62837,0,0,1,3,0.0,0,-147,954,1101,43,True,0
Randal Kolo Muani,FWD,Spurs,0.0,0,0,4,0,0,0.8,1,726,0.00,0.00,0.00,0.48,365,2,0,0.3,0.0,2026-05-19T19:15:00Z,68,False,7,0,0,0,1,0,37,0,54010,1,0,1,2,6.0,2,-900,1143,2043,69,False,0
Jason Steele,GK,Brighton,0.0,0,0,0,0,0,0.0,0,138,0.00,0.00,0.00,0.00,367,0,0,0.0,0.0,2026-05-17T14:00:00Z,0,False,11,0,0,0,0,0,37,0,31851,0,0,0,1,0.0,0,-38,205,243,42,False,0
Joe Gauci,GK,Aston Villa,0.0,0,0,0,0,0,0.0,0,34,0.00,0.00,0.00,0.00,362,0,0,0.0,0.0,2026-05-15T19:00:00Z,0,False,12,0,0,0,0,0,37,0,11219,0,0,2,4,0.0,0,-47,0,47,40,True,0
Callum Hudson-Odoi,MID,Nott'm Forest,0.0,0,0,0,0,0,0.0,0,516,0.00,0.00,0.00,0.00,368,0,0,0.0,0.0,2026-05-17T11:30:00Z,0,False,14,0,0,0,0,0,37,0,78544,0,0,2,3,0.0,0,-999,48,1047,57,False,0
Trevoh Chalobah,DEF,Chelsea,0.0,0,0,4,0,2,0.4,2,226,0.00,0.00,0.00,0.21,365,0,0,0.4,3.4,2026-05-19T19:15:00Z,16,False,18,0,0,0,0,0,37,0,1165863,0,0,1,2,0.0,1,-18237,3753,21990,54,True,0
Jun'ai Byfield,DEF,Spurs,0.0,0,0,0,0,0,0.0,0,745,0.00,0.00,0.00,0.00,365,0,0,0.0,0.0,2026-05-19T19:15:00Z,0,False,7,0,0,0,0,0,37,0,5148,0,0,1,2,0.0,0,-16,21,37,40,False,0
Guido Rodríguez,MID,West Ham,0.0,0,0,0,0,0,0.0,0,618,0.00,0.00,0.00,0.00,369,0,0,0.0,0.0,2026-05-17T16:30:00Z,0,False,15,0,0,0,0,0,37,0,5200,0,0,1,3,0.0,0,-11,0,11,48,False,0
Kepa Arrizabalaga Revuelta,GK,Arsenal,0.0,0,0,0,0,0,0.0,0,2,0.00,0.00,0.00,0.00,361,0,0,0.0,0.0,2026-05-18T19:00:00Z,0,False,3,0,0,0,0,0,37,0,48842,0,0,0,1,0.0,0,-155,134,289,40,True,0
James Justin,DEF,Leeds,0.0,0,0,23,1,4,1.3,6,706,0.02,0.08,0.06,3.06,367,0,0,2.0,10.8,2026-05-17T14:00:00Z,90,False,6,0,0,0,2,0,37,0,293454,1,2,0,1,8.0,6,19096,27078,7982,40,True,0
Daniel Adu-Adjei,FWD,Bournemouth,0.0,0,0,0,0,0,0.0,0,99,0.00,0.00,0.00,0.00,363,0,0,0.0,0.0,2026-05-19T18:30:00Z,0,False,13,0,0,0,0,0,37,0,17198,0,0,1,1,0.0,0,-21,0,21,44,True,0
Youssef Ramalho Chermiti,FWD,Everton,0.0,0,0,0,0,0,0.0,0,312,0.00,0.00,0.00,0.00,366,0,0,0.0,0.0,2026-05-17T14:00:00Z,0,False,17,0,0,0,0,0,37,0,8233,0,0,3,1,0.0,0,-3,0,3,49,True,0
Yang Min-hyeok,MID,Spurs,0.0,0,0,0,0,0,0.0,0,594,0.00,0.00,0.00,0.00,365,0,0,0.0,0.0,2026-05-19T19:15:00Z,0,False,7,0,0,0,0,0,37,0,1397,0,0,1,2,0.0,0,-3,0,3,45,False,0
Ibrahima Konaté,DEF,Liverpool,0.0,0,0,0,0,5,1.4,5,374,0.02,0.02,0.00,1.85,362,4,0,1.8,14.8,2026-05-15T19:00:00Z,90,False,2,0,0,0,5,0,37,0,494952,1,0,2,4,2.0,0,-14089,4070,18159,54,False,0
Lyle Foster,FWD,Burnley,0.0,0,0,0,0,0,0.0,0,217,0.00,0.00,0.00,0.00,361,0,0,0.0,0.0,2026-05-18T19:00:00Z,0,False,1,0,0,0,0,0,37,0,97656,0,0,0,1,0.0,0,-316,400,716,49,False,0
Rob Holding,DEF,Crystal Palace,0.0,0,0,0,0,0,0.0,0,264,0.00,0.00,0.00,0.00,364,0,0,0.0,0.0,2026-05-17T14:00:00Z,0,False,5,0,0,0,0,0,37,0,2022,0,0,2,2,0.0,0,-3,0,3,40,False,0
Valentín Castellanos,FWD,West Ham,0.0,0,0,28,0,1,2.1,5,791,0.01,0.50,0.49,0.89,369,1,1,13.5,37.6,2026-05-17T16:30:00Z,64,False,15,0,0,0,3,0,37,0,22085,0,1,1,3,95.0,6,-1385,1333,2718,55,False,0
Manor Solomon,MID,Spurs,0.0,0,0,0,0,0,0.0,0,589,0.00,0.00,0.00,0.00,365,0,0,0.0,0.0,2026-05-19T19:15:00Z,0,False,7,0,0,0,0,0,37,0,840,0,0,1,2,0.0,0,0,0,0,54,False,0
Tommy Setford,GK,Arsenal,0.0,0,0,0,0,0,0.0,0,4,0.00,0.00,0.00,0.00,361,0,0,0.0,0.0,2026-05-18T19:00:00Z,0,False,3,0,0,0,0,0,37,0,26848,0,0,0,1,0.0,0,-190,51,241,39,True,0
Marcus Edwards,MID,Burnley,0.0,0,0,0,0,0,0.0,0,206,0.00,0.00,0.00,0.00,361,0,0,0.0,0.0,2026-05-18T19:00:00Z,0,False,1,0,0,0,0,0,37,0,11912,0,0,0,1,0.0,0,-225,85,310,47,False,0
Manuel Benson Hedilazio,MID,Burnley,0.0,0,0,0,0,0,0.0,0,201,0.00,0.00,0.00,0.00,361,0,0,0.0,0.0,2026-05-18T19:00:00Z,0,False,1,0,0,0,0,0,37,0,1890,0,0,0,1,0.0,0,-3,0,3,54,False,0
Kalvin Phillips,MID,Man City,0.0,0,0,0,0,0,0.0,0,429,0.00,0.00,0.00,0.00,363,0,0,0.0,0.0,2026-05-19T18:30:00Z,0,False,4,0,0,0,0,0,37,0,7605,0,0,1,1,0.0,0,-8,0,8,47,False,0
Remy Rees-Dottin,MID,Bournemouth,0.0,0,0,0,0,0,0.0,0,687,0.00,0.00,0.00,0.00,363,0,0,0.0,0.0,2026-05-19T18:30:00Z,0,False,13,0,0,0,0,0,37,0,23062,0,0,1,1,0.0,0,64,370,306,43,True,0
John Victor Maciel Furtado,GK,Nott'm Forest,0.0,0,0,0,0,0,0.0,0,715,0.00,0.00,0.00,0.00,368,0,0,0.0,0.0,2026-05-17T11:30:00Z,0,False,14,0,0,0,0,0,37,0,36791,0,0,2,3,0.0,0,-408,74,482,40,False,0
Tyrick Mitchell,DEF,Crystal Palace,0.0,0,0,10,0,4,6.8,8,258,0.14,0.40,0.26,1.71,364,2,0,3.9,19.8,2026-05-17T14:00:00Z,90,False,5,0,0,0,6,0,37,0,313241,1,4,2,2,12.0,1,-5755,3958,9713,50,False,0
Matheus Nunes,DEF,Man City,0.0,0,0,12,0,3,3.8,4,407,0.02,0.02,0.00,1.99,363,1,0,2.0,14.2,2026-05-19T18:30:00Z,90,False,4,0,0,0,5,0,37,0,380490,1,1,1,1,2.0,2,-8069,2830,10899,53,False,0
Sam Proctor,GK,Aston Villa,0.0,0,0,0,0,0,0.0,0,703,0.00,0.00,0.00,0.00,362,0,0,0.0,0.0,2026-05-15T19:00:00Z,0,False,12,0,0,0,0,0,37,0,76210,0,0,2,4,0.0,0,-548,167,715,39,True,0
Harrison Jones,MID,Sunderland,0.0,0,0,0,0,0,0.0,0,557,0.00,0.00,0.00,0.00,366,0,0,0.0,0.0,2026-05-17T14:00:00Z,0,False,9,0,0,0,0,0,37,0,9119,0,0,3,1,0.0,0,93,202,109,43,False,0
Alex Iwobi,MID,Fulham,0.0,0,0,15,0,0,11.5,5,324,0.11,0.35,0.24,0.71,370,1,0,5.3,11.8,2026-05-17T14:00:00Z,66,False,20,0,0,0,5,0,37,0,145882,1,0,1,1,30.0,2,-6683,683,7366,61,False,0
Timothy Castagne,DEF,Fulham,0.0,1,0,25,0,2,31.1,6,319,0.15,0.20,0.05,1.40,370,1,0,7.1,24.2,2026-05-17T14:00:00Z,90,False,20,0,0,0,3,0,37,0,24498,1,4,1,1,16.0,5,6170,7080,910,43,False,0
Bernd Leno,GK,Fulham,0.0,0,0,15,0,1,0.0,0,314,0.00,0.00,0.00,1.40,370,1,0,1.3,13.4,2026-05-17T14:00:00Z,90,False,20,0,0,0,9,0,37,2,308112,1,0,1,1,0.0,2,33840,43643,9803,50,False,0
Claudio Echeverri,MID,Man City,0.0,0,0,0,0,0,0.0,0,425,0.00,0.00,0.00,0.00,363,0,0,0.0,0.0,2026-05-19T18:30:00Z,0,False,4,0,0,0,0,0,37,0,1226,0,0,1,1,0.0,0,0,0,0,54,False,0
Giovanni Leoni,DEF,Liverpool,0.0,0,0,0,0,0,0.0,0,692,0.00,0.00,0.00,0.00,362,0,0,0.0,0.0,2026-05-15T19:00:00Z,0,False,2,0,0,0,0,0,37,0,1823,0,0,2,4,0.0,0,9,21,12,49,False,0
Owen Bevan,DEF,Bournemouth,0.0,0,0,0,0,0,0.0,0,76,0.00,0.00,0.00,0.00,363,0,0,0.0,0.0,2026-05-19T18:30:00Z,0,False,13,0,0,0,0,0,37,0,23351,0,0,1,1,0.0,0,0,186,186,38,True,0
Angus Gunn,GK,Nott'm Forest,0.0,0,0,0,0,0,0.0,0,675,0.00,0.00,0.00,0.00,368,0,0,0.0,0.0,2026-05-17T11:30:00Z,0,False,14,0,0,0,0,0,37,0,145113,0,0,2,3,0.0,0,-354,116,470,40,False,0
Cody Gakpo,MID,Liverpool,0.0,0,0,-1,0,2,0.5,2,384,0.00,0.53,0.53,1.75,362,3,0,1.1,0.0,2026-05-15T19:00:00Z,73,False,2,0,0,0,0,0,37,0,729880,1,0,2,4,12.0,2,-8579,10849,19428,73,False,0
George Earthy,MID,West Ham,0.0,0,0,0,0,0,0.0,0,620,0.00,0.00,0.00,0.00,369,0,0,0.0,0.0,2026-05-17T16:30:00Z,0,False,15,0,0,0,0,0,37,0,5215,0,0,1,3,0.0,0,-8,0,8,45,False,0
Benjamin Arthur,DEF,Brentford,0.0,0,0,0,0,0,0.0,0,114,0.00,0.00,0.00,0.00,364,0,0,0.0,0.0,2026-05-17T14:00:00Z,0,False,8,0,0,0,0,0,37,0,23452,0,0,2,2,0.0,0,-135,0,135,38,True,0
Adam Wharton,MID,Crystal Palace,0.0,0,2,38,0,3,51.5,13,273,0.15,0.28,0.13,1.71,364,2,1,12.5,53.8,2026-05-17T14:00:00Z,90,False,5,0,0,0,8,0,37,0,98805,1,2,2,2,20.0,11,-5646,1296,6942,50,False,0
Tyler Fredricson,DEF,Man Utd,0.0,0,0,0,0,0,0.0,0,446,0.00,0.00,0.00,0.00,368,0,0,0.0,0.0,2026-05-17T11:30:00Z,0,False,16,0,0,0,0,0,37,0,20506,0,0,2,3,0.0,0,168,407,239,37,True,0
Ross Barkley,MID,Aston Villa,0.0,0,0,7,0,1,1.5,5,55,0.01,0.03,0.02,1.24,362,2,0,0.9,5.0,2026-05-15T19:00:00Z,45,False,12,0,0,0,3,0,37,0,11791,0,1,2,4,2.0,1,417,972,555,48,True,0
James Wilson,FWD,Spurs,0.0,0,0,0,0,0,0.0,0,818,0.00,0.00,0.00,0.00,365,0,0,0.0,0.0,2026-05-19T19:15:00Z,0,False,7,0,0,0,0,0,37,0,5111,0,0,1,2,0.0,0,144,411,267,45,False,0
Darko Churlinov,MID,Burnley,0.0,0,0,0,0,0,0.0,0,204,0.00,0.00,0.00,0.00,361,0,0,0.0,0.0,2026-05-18T19:00:00Z,0,False,1,0,0,0,0,0,37,0,1578,0,0,0,1,0.0,0,-1,0,1,49,False,0
Sam Byram,DEF,Leeds,0.0,0,0,3,0,2,0.0,3,346,0.00,0.00,0.00,0.22,367,0,0,0.5,5.4,2026-05-17T14:00:00Z,1,False,6,0,0,0,1,0,37,0,50253,0,1,0,1,0.0,1,3476,4867,1391,37,True,0
Chris Richards,DEF,Crystal Palace,0.0,0,0,-3,0,2,0.1,2,261,0.00,0.00,0.00,1.14,364,1,0,0.2,1.4,2026-05-17T14:00:00Z,29,False,5,0,0,0,1,0,37,0,344182,0,0,2,2,0.0,0,-13172,3947,17119,44,False,1
Jacob Murphy,MID,Newcastle,0.0,0,0,9,0,3,14.3,5,489,0.03,0.05,0.02,0.33,369,0,0,4.6,18.2,2026-05-17T16:30:00Z,15,False,19,0,0,0,1,0,37,0,84547,0,1,1,3,13.0,1,1201,1958,757,59,True,0
Filip Jörgensen,GK,Chelsea,0.0,0,0,0,0,0,0.0,0,221,0.00,0.00,0.00,0.00,365,0,0,0.0,0.0,2026-05-19T19:15:00Z,0,False,18,0,0,0,0,0,37,0,22605,0,0,1,2,0.0,0,316,1311,995,43,True,0
Rodrigo 'Rodri' Hernandez Cascante,MID,Man City,0.0,1,1,27,0,2,29.0,12,421,0.12,0.48,0.36,1.99,363,1,0,6.5,16.2,2026-05-19T18:30:00Z,90,False,4,0,0,0,8,0,37,0,60199,1,2,1,1,20.0,7,-798,18,816,63,False,1
Ryan Gravenberch,MID,Liverpool,0.0,0,0,10,0,1,12.3,4,390,0.01,0.04,0.03,0.85,362,2,0,2.4,2.4,2026-05-15T19:00:00Z,65,False,2,0,0,0,2,0,37,0,490960,1,1,2,4,9.0,2,4751,13118,8367,54,False,0
Naouirou Ahamada,MID,Crystal Palace,0.0,0,0,0,0,0,0.0,0,275,0.00,0.00,0.00,0.00,364,0,0,0.0,0.0,2026-05-17T14:00:00Z,0,False,5,0,0,0,0,0,37,0,4488,0,0,2,2,0.0,0,-14,0,14,43,False,0
Danny Imray,DEF,Crystal Palace,0.0,0,0,0,0,0,0.0,0,798,0.00,0.00,0.00,0.00,364,0,0,0.0,0.0,2026-05-17T14:00:00Z,0,False,5,0,0,0,0,0,37,0,300,0,0,2,2,0.0,0,0,0,0,40,False,0
Andrey Nascimento dos Santos,MID,Chelsea,0.0,0,3,46,0,0,5.3,8,246,0.01,0.23,0.22,1.72,365,1,1,6.9,46.2,2026-05-19T19:15:00Z,90,False,18,0,0,0,3,0,37,0,36511,1,5,1,2,17.0,10,468,976,508,44,True,0
Melker Ellborg,GK,Sunderland,0.0,0,0,0,0,0,0.0,0,812,0.00,0.00,0.00,0.00,366,0,0,0.0,0.0,2026-05-17T14:00:00Z,0,False,9,0,0,0,0,0,37,0,11360,0,0,3,1,0.0,0,-701,243,944,40,False,0
Jake O'Brien,DEF,Everton,0.0,0,0,-7,0,3,1.6,4,293,0.01,0.57,0.56,0.58,366,2,0,3.9,0.4,2026-05-17T14:00:00Z,87,False,17,0,0,0,4,0,37,0,97520,1,1,3,1,37.0,0,8516,10390,1874,49,True,1
Gabriel Martinelli Silva,MID,Arsenal,0.0,0,0,3,0,0,0.0,1,19,0.00,0.00,0.00,0.00,361,0,0,0.2,0.0,2026-05-18T19:00:00Z,1,False,3,0,0,0,1,0,37,0,114140,0,0,0,1,2.0,1,-788,574,1362,68,True,0
Omar Marmoush,MID,Man City,0.0,0,0,5,0,0,0.0,0,413,0.00,0.09,0.09,0.69,363,0,0,0.2,0.0,2026-05-19T18:30:00Z,14,False,4,0,0,0,0,0,37,0,328817,0,0,1,1,2.0,1,4142,5266,1124,83,False,0
Patrick Bamford,FWD,Leeds,0.0,0,0,0,0,0,0.0,0,363,0.00,0.00,0.00,0.00,367,0,0,0.0,0.0,2026-05-17T14:00:00Z,0,False,6,0,0,0,0,0,37,0,42145,0,0,0,1,0.0,0,-44,0,44,49,True,0
Ezra Mayers,DEF,West Ham,0.0,0,0,0,0,0,0.0,0,747,0.00,0.00,0.00,0.00,369,0,0,0.0,0.0,2026-05-17T16:30:00Z,0,False,15,0,0,0,0,0,37,0,4884,0,0,1,3,0.0,0,-21,28,49,40,False,0
Ederson Santana de Moraes,GK,Man City,0.0,0,0,0,0,0,0.0,0,399,0.00,0.00,0.00,0.00,363,0,0,0.0,0.0,2026-05-19T18:30:00Z,0,False,4,0,0,0,0,0,37,0,103556,0,0,1,1,0.0,0,-82,0,82,53,False,0
Jay Matete,MID,Sunderland,0.0,0,0,0,0,0,0.0,0,558,0.00,0.00,0.00,0.00,366,0,0,0.0,0.0,2026-05-17T14:00:00Z,0,False,9,0,0,0,0,0,37,0,20328,0,0,3,1,0.0,0,-83,0,83,43,False,0
James Milner,MID,Brighton,0.0,0,0,0,0,0,0.0,0,170,0.00,0.00,0.00,0.00,367,0,0,0.0,0.0,2026-05-17T14:00:00Z,0,False,11,0,0,0,0,0,37,0,13593,0,0,0,1,0.0,0,45,107,62,49,False,0
João Pedro Ferreira da Silva,MID,Nott'm Forest,0.0,0,0,0,0,0,0.0,0,518,0.00,0.00,0.00,0.00,368,0,0,0.0,0.0,2026-05-17T11:30:00Z,0,False,14,0,0,0,0,0,37,0,4832,0,0,2,3,0.0,0,-2,0,2,54,False,0
Darwin Núñez Ribeiro,FWD,Liverpool,0.0,0,0,0,0,0,0.0,0,397,0.00,0.00,0.00,0.00,362,0,0,0.0,0.0,2026-05-15T19:00:00Z,0,False,2,0,0,0,0,0,37,0,7967,0,0,2,4,0.0,0,-2,0,2,65,False,0
Nazarii Rusyn,FWD,Sunderland,0.0,0,0,0,0,0,0.0,0,564,0.00,0.00,0.00,0.00,366,0,0,0.0,0.0,2026-05-17T14:00:00Z,0,False,9,0,0,0,0,0,37,0,10412,0,0,3,1,0.0,0,-16,0,16,44,False,0
Blondy Nna Noukeu,GK,Sunderland,0.0,0,0,0,0,0,0.0,0,530,0.00,0.00,0.00,0.00,366,0,0,0.0,0.0,2026-05-17T14:00:00Z,0,False,9,0,0,0,0,0,37,0,13269,0,0,3,1,0.0,0,-102,0,102,39,False,0
Andre Harriman-Annous,MID,Arsenal,0.0,0,0,0,0,0,0.0,0,711,0.00,0.00,0.00,0.00,361,0,0,0.0,0.0,2026-05-18T19:00:00Z,0,False,3,0,0,0,0,0,37,0,2086,0,0,0,1,0.0,0,2,16,14,44,True,0
Stefan Bajčetić Maquieira,MID,Liverpool,0.0,0,0,0,0,0,0.0,0,393,0.00,0.00,0.00,0.00,362,0,0,0.0,0.0,2026-05-15T19:00:00Z,0,False,2,0,0,0,0,0,37,0,27697,0,0,2,4,0.0,0,5778,7701,1923,42,False,0
Eddie Nketiah,FWD,Crystal Palace,0.0,0,0,0,0,0,0.0,0,284,0.00,0.00,0.00,0.00,364,0,0,0.0,0.0,2026-05-17T14:00:00Z,0,False,5,0,0,0,0,0,37,0,36572,0,0,2,2,0.0,0,-9,124,133,54,False,0
Sean Longstaff,MID,Leeds,0.0,0,0,4,0,0,0.6,3,493,0.13,0.13,0.00,1.15,367,0,0,0.6,3.0,2026-05-17T14:00:00Z,30,False,6,0,0,0,2,0,37,0,29509,0,1,0,1,2.0,1,107,329,222,48,True,0
Jenson Metcalfe,MID,Everton,0.0,0,0,0,0,0,0.0,0,309,0.00,0.00,0.00,0.00,366,0,0,0.0,0.0,2026-05-17T14:00:00Z,0,False,17,0,0,0,0,0,37,0,85,0,0,3,1,0.0,0,0,0,0,45,True,0
Nathaniel Clyne,DEF,Crystal Palace,0.0,0,0,0,0,0,0.0,0,263,0.00,0.00,0.00,0.00,364,0,0,0.0,0.0,2026-05-17T14:00:00Z,0,False,5,0,0,0,0,0,37,0,62796,0,0,2,2,0.0,0,-396,427,823,38,False,0
Pascal Struijk,DEF,Leeds,0.0,0,0,0,0,0,0.0,0,343,0.00,0.00,0.00,0.00,367,0,0,0.0,0.0,2026-05-17T14:00:00Z,0,False,6,0,0,0,0,0,37,0,284686,0,0,0,1,0.0,0,-51064,585,51649,42,True,0
Morgan Gibbs-White,MID,Nott'm Forest,0.0,0,0,31,0,3,20.6,8,515,0.04,0.94,0.90,4.57,368,3,1,14.0,51.6,2026-05-17T11:30:00Z,90,False,14,0,0,0,4,0,37,0,906527,1,1,2,3,68.0,7,-290305,11493,301798,75,False,0
Joe Gelhardt,MID,Leeds,0.0,0,0,0,0,0,0.0,0,360,0.00,0.00,0.00,0.00,367,0,0,0.0,0.0,2026-05-17T14:00:00Z,0,False,6,0,0,0,0,0,37,0,953,0,0,0,1,0.0,0,-1,0,1,45,True,0
Mohamed Salah,MID,Liverpool,0.0,0,0,3,0,0,9.8,0,381,0.07,0.07,0.00,0.09,362,1,0,1.1,0.8,2026-05-15T19:00:00Z,16,False,2,0,0,0,0,0,37,0,1795817,0,0,2,4,0.0,1,-3821,3176,6997,140,False,0
Calvin Ramsay,DEF,Liverpool,0.0,0,0,0,0,0,0.0,0,380,0.00,0.00,0.00,0.00,362,0,0,0.0,0.0,2026-05-15T19:00:00Z,0,False,2,0,0,0,0,0,37,0,38870,0,0,2,4,0.0,0,1644,2306,662,37,False,0
Benjamin Sesko,FWD,Man Utd,0.0,0,0,0,0,0,0.0,0,681,0.00,0.00,0.00,0.00,368,0,0,0.0,0.0,2026-05-17T11:30:00Z,0,False,16,0,0,0,0,0,37,0,673783,0,0,2,3,0.0,0,-63591,3548,67139,73,True,0
João Pedro Junqueira de Jesus,FWD,Chelsea,0.0,0,0,0,0,0,0.0,0,249,0.00,0.00,0.00,0.00,365,0,0,0.0,0.0,2026-05-19T19:15:00Z,0,False,18,0,0,0,0,0,37,0,4960968,0,0,1,2,0.0,0,-66754,90292,157046,75,True,0
Isaac Schmidt,DEF,Leeds,0.0,0,0,0,0,0,0.0,0,349,0.00,0.00,0.00,0.00,367,0,0,0.0,0.0,2026-05-17T14:00:00Z,0,False,6,0,0,0,0,0,37,0,7865,0,0,0,1,0.0,0,-17,0,17,40,True,0
Franco Umeh-Chibueze,MID,Crystal Palace,0.0,0,0,0,0,0,0.0,0,282,0.00,0.00,0.00,0.00,364,0,0,0.0,0.0,2026-05-17T14:00:00Z,0,False,5,0,0,0,0,0,37,0,1943,0,0,2,2,0.0,0,-2,0,2,45,False,0
Lutsharel Geertruida,DEF,Sunderland,0.0,0,0,14,0,4,3.5,6,724,0.01,0.06,0.05,1.04,366,1,0,2.0,15.2,2026-05-17T14:00:00Z,90,False,9,0,0,0,7,0,37,0,6973,1,2,3,1,1.0,2,112,197,85,45,False,0
James Hill,DEF,Bournemouth,0.0,0,0,8,0,6,10.1,7,77,0.00,0.10,0.10,1.67,363,1,0,3.5,17.2,2026-05-19T18:30:00Z,90,False,13,0,0,0,3,0,37,0,949894,1,1,1,1,8.0,1,-29524,10983,40507,42,True,1
Bukayo Saka,MID,Arsenal,0.0,1,2,27,1,2,18.7,13,16,0.29,0.49,0.20,0.19,361,0,0,6.7,24.4,2026-05-18T19:00:00Z,90,False,3,0,0,0,6,0,37,0,1705530,1,5,0,1,24.0,10,253236,266079,12843,100,True,0
Santiago Ignacio Bueno,DEF,Wolves,0.0,0,0,5,0,9,0.1,9,636,0.00,0.00,0.00,1.59,370,1,0,1.7,17.2,2026-05-17T14:00:00Z,90,False,10,0,0,0,3,0,37,0,17041,1,0,1,1,0.0,2,-1449,1219,2668,44,True,0
Alex Tóth,MID,Bournemouth,0.0,0,0,0,0,0,0.0,0,801,0.00,0.00,0.00,0.00,363,0,0,0.0,0.0,2026-05-19T18:30:00Z,0,False,13,0,0,0,0,0,37,0,935,0,0,1,1,0.0,0,-2,15,17,49,True,0
Nicolás Domínguez,MID,Nott'm Forest,0.0,0,0,23,0,3,16.8,11,519,0.05,0.26,0.21,2.80,368,2,0,4.6,21.8,2026-05-17T11:30:00Z,69,False,14,0,0,0,4,0,37,0,4433,1,4,2,3,7.0,2,-1,85,86,50,False,0
Remi Matthews,GK,Crystal Palace,0.0,0,0,0,0,0,0.0,0,255,0.00,0.00,0.00,0.00,364,0,0,0.0,0.0,2026-05-17T14:00:00Z,0,False,5,0,0,0,0,0,37,0,13179,0,0,2,2,0.0,0,55,127,72,39,False,0
Illan Meslier,GK,Leeds,0.0,0,0,0,0,0,0.0,0,339,0.00,0.00,0.00,0.00,367,0,0,0.0,0.0,2026-05-17T14:00:00Z,0,False,6,0,0,0,0,0,37,0,43312,0,0,0,1,0.0,0,-70,181,251,41,True,0
Martin Dúbravka,GK,Burnley,0.0,0,0,0,0,0,0.0,0,470,0.00,0.00,0.00,0.00,361,0,0,0.0,0.0,2026-05-18T19:00:00Z,0,False,1,0,0,0,0,0,37,0,3408892,0,0,0,1,0.0,0,-64076,8630,72706,40,False,0
Yasin Özcan,DEF,Aston Villa,0.0,0,0,0,0,0,0.0,0,46,0.00,0.00,0.00,0.00,362,0,0,0.0,0.0,2026-05-15T19:00:00Z,0,False,12,0,0,0,0,0,37,0,13892,0,0,2,4,0.0,0,-22,0,22,40,True,0
Connor Roberts,DEF,Burnley,0.0,0,0,0,0,0,0.0,0,186,0.00,0.00,0.00,0.00,361,0,0,0.0,0.0,2026-05-18T19:00:00Z,0,False,1,0,0,0,0,0,37,0,3625,0,0,0,1,0.0,0,7,28,21,43,False,0
Temple Ojinnaka,MID,Wolves,0.0,0,0,0,0,0,0.0,0,777,0.00,0.00,0.00,0.00,370,0,0,0.0,0.0,2026-05-17T14:00:00Z,0,False,10,0,0,0,0,0,37,0,232,0,0,1,1,0.0,0,-1,0,1,45,True,0
Murillo Costa dos Santos,DEF,Nott'm Forest,0.0,0,0,0,0,0,0.0,0,506,0.00,0.00,0.00,0.00,368,0,0,0.0,0.0,2026-05-17T11:30:00Z,0,False,14,0,0,0,0,0,37,0,235029,0,0,2,3,0.0,0,-5252,71,5323,52,False,0
Ferdi Kadıoğlu,DEF,Brighton,0.0,0,0,13,0,3,38.6,3,148,0.66,0.67,0.01,0.39,367,1,0,8.2,16.2,2026-05-17T14:00:00Z,90,False,11,0,0,0,1,0,37,0,184455,1,0,0,1,27.0,2,11228,21086,9858,44,False,0
Aji Alese,DEF,Sunderland,0.0,0,0,0,0,0,0.0,0,533,0.00,0.00,0.00,0.00,366,0,0,0.0,0.0,2026-05-17T14:00:00Z,0,False,9,0,0,0,0,0,37,0,435,0,0,3,1,0.0,0,-2,0,2,40,False,0
Harry Gray,FWD,Leeds,0.0,0,0,0,0,0,0.0,0,741,0.00,0.00,0.00,0.00,367,0,0,0.0,0.0,2026-05-17T14:00:00Z,0,False,6,0,0,0,0,0,37,0,10141,0,0,0,1,0.0,0,-59,0,59,45,True,0
Kaden Rodney,MID,Crystal Palace,0.0,0,0,0,0,0,0.0,0,281,0.00,0.00,0.00,0.00,364,0,0,0.0,0.0,2026-05-17T14:00:00Z,0,False,5,0,0,0,0,0,37,0,6590,0,0,2,2,0.0,0,24,83,59,44,False,0
Odysseas Vlachodimos,GK,Newcastle,0.0,0,0,0,0,0,0.0,0,472,0.00,0.00,0.00,0.00,369,0,0,0.0,0.0,2026-05-17T16:30:00Z,0,False,19,0,0,0,0,0,37,0,1696,0,0,1,3,0.0,0,-8,0,8,40,True,0
Yunus Emre Konak,MID,Brentford,0.0,0,0,0,0,0,0.0,0,131,0.00,0.00,0.00,0.00,364,0,0,0.0,0.0,2026-05-17T14:00:00Z,0,False,8,0,0,0,0,0,37,0,17445,0,0,2,2,0.0,0,-133,0,133,43,True,0
Kyle Walker-Peters,DEF,West Ham,0.0,0,0,0,0,0,0.0,0,659,0.00,0.00,0.00,0.00,369,0,0,0.0,0.0,2026-05-17T16:30:00Z,0,False,15,0,0,0,0,0,37,0,35027,0,0,1,3,0.0,0,-447,238,685,42,False,0
Gabriel Gudmundsson,DEF,Leeds,0.0,0,0,0,0,0,0.0,0,347,0.00,0.00,0.00,0.00,367,0,0,0.0,0.0,2026-05-17T14:00:00Z,0,False,6,0,0,0,0,0,37,0,342664,0,0,0,1,0.0,0,-16114,296,16410,38,True,0
Jacob Slater,DEF,Brighton,0.0,0,0,0,0,0,0.0,0,155,0.00,0.00,0.00,0.00,367,0,0,0.0,0.0,2026-05-17T14:00:00Z,0,False,11,0,0,0,0,0,37,0,11162,0,0,0,1,0.0,0,-11,0,11,40,False,0
Joe White,MID,Newcastle,0.0,0,0,0,0,0,0.0,0,498,0.00,0.00,0.00,0.00,369,0,0,0.0,0.0,2026-05-17T16:30:00Z,0,False,19,0,0,0,0,0,37,0,684,0,0,1,3,0.0,0,-1,0,1,45,True,0
Sam Alabi,MID,Newcastle,0.0,0,0,0,0,0,0.0,0,772,0.00,0.00,0.00,0.00,369,0,0,0.0,0.0,2026-05-17T16:30:00Z,0,False,19,0,0,0,0,0,37,0,801,0,0,1,3,0.0,0,11,28,17,45,True,0
Tyrell Malacia,DEF,Man Utd,0.0,0,0,0,0,0,0.0,0,448,0.00,0.00,0.00,0.00,368,0,0,0.0,0.0,2026-05-17T11:30:00Z,0,False,16,0,0,0,0,0,37,0,70117,0,0,2,3,0.0,0,3719,5472,1753,37,True,0
Ian Maatsen,DEF,Aston Villa,0.0,0,0,-1,0,0,0.0,0,39,0.00,0.00,0.00,0.27,362,1,0,0.1,1.0,2026-05-15T19:00:00Z,5,False,12,0,0,0,0,0,37,0,72159,0,0,2,4,0.0,1,-1459,268,1727,42,True,0
Nathan Aké,DEF,Man City,0.0,0,0,0,0,0,0.0,0,405,0.00,0.00,0.00,0.00,363,0,0,0.0,0.0,2026-05-19T18:30:00Z,0,False,4,0,0,0,0,0,37,0,78447,0,0,1,1,0.0,0,-35,153,188,52,False,0
Enso González Medina,MID,Wolves,0.0,0,0,0,0,0,0.0,0,652,0.00,0.00,0.00,0.00,370,0,0,0.0,0.0,2026-05-17T14:00:00Z,0,False,10,0,0,0,0,0,37,0,159686,0,0,1,1,0.0,0,-577,810,1387,43,True,0
Jayden Bogle,DEF,Leeds,0.0,0,0,0,0,0,0.0,0,342,0.00,0.00,0.00,0.00,367,0,0,0.0,0.0,2026-05-17T14:00:00Z,0,False,6,0,0,0,0,0,37,0,70984,0,0,0,1,0.0,0,-14585,508,15093,44,True,0
James Maddison,MID,Spurs,0.0,0,0,-1,0,0,3.2,2,581,0.02,0.23,0.21,0.15,365,0,0,1.5,0.4,2026-05-19T19:15:00Z,21,False,7,0,0,0,2,0,37,0,20819,0,0,1,2,11.0,1,2512,3012,500,68,False,0
Pervis Estupiñán Tenorio,DEF,Brighton,0.0,0,0,0,0,0,0.0,0,147,0.00,0.00,0.00,0.00,367,0,0,0.0,0.0,2026-05-17T14:00:00Z,0,False,11,0,0,0,0,0,37,0,1161,0,0,0,1,0.0,0,0,0,0,45,False,0
Solly March,MID,Brighton,0.0,0,0,2,0,0,0.3,0,159,0.00,0.00,0.00,0.07,367,1,0,0.0,0.0,2026-05-17T14:00:00Z,1,False,11,0,0,0,0,0,37,0,2186,0,0,0,1,0.0,1,159,253,94,58,False,0
Wes Foderingham,GK,West Ham,0.0,0,0,0,0,0,0.0,0,601,0.00,0.00,0.00,0.00,369,0,0,0.0,0.0,2026-05-17T16:30:00Z,0,False,15,0,0,0,0,0,37,0,28472,0,0,1,3,0.0,0,-91,0,91,40,False,0
Kobbie Mainoo,MID,Man Utd,0.0,0,0,19,0,6,33.8,12,458,0.02,0.02,0.00,1.88,368,2,0,5.4,18.2,2026-05-17T11:30:00Z,90,False,16,0,0,0,6,0,37,0,176460,1,0,2,3,2.0,4,18344,22137,3793,47,True,0
Ryan Yates,MID,Nott'm Forest,0.0,0,0,0,0,0,0.0,0,522,0.00,0.00,0.00,0.00,368,0,0,0.0,0.0,2026-05-17T11:30:00Z,0,False,14,0,0,0,0,0,37,0,8761,0,0,2,3,0.0,0,38,150,112,47,False,0
Luka Bentt,MID,Brentford,0.0,0,0,0,0,0,0.0,0,810,0.00,0.00,0.00,0.00,364,0,0,0.0,0.0,2026-05-17T14:00:00Z,0,False,8,0,0,0,0,0,37,0,519,0,0,2,2,0.0,0,15,34,19,45,True,0
Kevin Schade,MID,Brentford,0.0,0,0,-1,0,0,0.3,0,120,0.00,0.21,0.21,0.05,364,0,0,0.9,0.0,2026-05-17T14:00:00Z,27,False,8,0,0,0,0,0,37,0,190072,0,0,2,2,13.0,1,4960,12657,7697,68,True,0
David Møller Wolfe,DEF,Wolves,0.0,0,0,0,0,0,0.4,0,682,0.01,0.01,0.00,1.49,370,1,0,0.0,0.0,2026-05-17T14:00:00Z,84,False,10,0,0,0,3,0,37,0,8386,1,0,1,1,0.0,2,-24,30,54,42,True,0
Arthur Masuaku,DEF,Sunderland,0.0,0,0,0,0,0,0.0,0,678,0.00,0.00,0.00,0.00,366,0,0,0.0,0.0,2026-05-17T14:00:00Z,0,False,9,0,0,0,0,0,37,0,60537,0,0,3,1,0.0,0,-246,0,246,39,False,0
Filip Marschall,GK,Aston Villa,0.0,0,0,0,0,0,0.0,0,35,0.00,0.00,0.00,0.00,362,0,0,0.0,0.0,2026-05-15T19:00:00Z,0,False,12,0,0,0,0,0,37,0,1040,0,0,2,4,0.0,0,-3,0,3,40,True,0
Keiber Lamadrid,MID,West Ham,0.0,0,0,0,0,0,0.0,0,802,0.00,0.00,0.00,0.00,369,0,0,0.0,0.0,2026-05-17T16:30:00Z,0,False,15,0,0,0,0,0,37,0,851,0,0,1,3,0.0,0,0,24,24,50,False,0
Joe Gomez,DEF,Liverpool,0.0,0,0,-4,0,2,6.1,2,376,0.02,0.07,0.05,0.85,362,2,0,1.3,2.2,2026-05-15T19:00:00Z,65,False,2,0,0,0,2,0,37,0,19498,1,0,2,4,5.0,0,7,116,109,49,False,1
Felipe Rodrigues da Silva,DEF,Nott'm Forest,0.0,0,0,17,0,8,3.8,10,511,0.00,0.49,0.49,4.57,368,3,1,9.7,60.0,2026-05-17T11:30:00Z,90,False,14,0,0,0,1,0,37,0,11284,1,2,2,3,33.0,9,161,280,119,43,False,0
Mohammed Kudus,MID,Spurs,0.0,0,0,0,0,0,0.0,0,582,0.00,0.00,0.00,0.00,365,0,0,0.0,0.0,2026-05-19T19:15:00Z,0,False,7,0,0,0,0,0,37,0,1199982,0,0,1,2,0.0,0,-2006,39,2045,64,False,0
Richarlison de Andrade,FWD,Spurs,0.0,0,1,38,0,2,12.2,7,597,0.04,1.00,0.96,0.63,365,2,1,11.5,44.6,2026-05-19T19:15:00Z,90,False,7,0,0,0,3,0,37,0,808406,1,2,1,2,58.0,7,-1956,18571,20527,64,False,0
Michael Kayode,DEF,Brentford,0.0,0,0,1,0,3,10.8,3,110,0.06,0.06,0.00,1.72,364,2,0,2.1,10.2,2026-05-17T14:00:00Z,90,False,8,0,0,0,4,0,37,0,147685,1,0,2,2,0.0,0,7087,10183,3096,46,True,1
Granit Xhaka,MID,Sunderland,0.0,0,0,15,0,1,8.0,7,668,0.02,0.02,0.00,1.04,366,1,0,1.8,10.0,2026-05-17T14:00:00Z,90,False,9,0,0,0,5,0,37,0,425526,1,1,3,1,0.0,2,2854,7229,4375,51,False,0
Christos Mandas,GK,Bournemouth,0.0,0,0,0,0,0,0.0,0,806,0.00,0.00,0.00,0.00,363,0,0,0.0,0.0,2026-05-19T18:30:00Z,0,False,13,0,0,0,0,0,37,0,1159,0,0,1,1,0.0,0,-13,20,33,40,True,0
Mikkel Damsgaard,MID,Brentford,0.0,0,0,13,0,0,30.8,10,121,0.35,0.38,0.03,1.72,364,2,0,4.3,9.0,2026-05-17T14:00:00Z,90,False,8,0,0,0,9,0,37,0,109026,1,1,2,2,3.0,2,12677,15160,2483,56,True,0
Albert Sambi Lokonga,MID,Arsenal,0.0,0,0,0,0,0,0.0,0,29,0.00,0.00,0.00,0.00,361,0,0,0.0,0.0,2026-05-18T19:00:00Z,0,False,3,0,0,0,0,0,37,0,6296,0,0,0,1,0.0,0,-4,0,4,45,True,0
Declan Rice,MID,Arsenal,0.0,0,0,19,1,4,6.3,16,21,0.04,0.04,0.00,0.19,361,0,0,3.5,24.6,2026-05-18T19:00:00Z,90,False,3,0,0,0,7,0,37,0,3183415,1,5,0,1,4.0,5,47183,131026,83843,72,True,0
Mathias Jensen,MID,Brentford,0.0,0,0,10,0,1,18.8,5,126,0.05,0.05,0.00,1.67,364,2,0,3.1,6.2,2026-05-17T14:00:00Z,62,False,8,0,0,0,4,0,37,0,21021,1,0,2,2,6.0,2,2848,3659,811,49,True,0
Joël Veltman,DEF,Brighton,0.0,0,0,22,1,2,3.7,4,152,0.06,0.22,0.16,0.22,367,0,0,1.7,8.0,2026-05-17T14:00:00Z,64,False,11,0,0,0,1,0,37,0,17217,1,2,0,1,5.0,6,-245,158,403,43,False,0
Joachim Andersen,DEF,Fulham,0.0,0,0,0,0,0,0.0,0,317,0.00,0.00,0.00,0.00,370,0,0,0.0,0.0,2026-05-17T14:00:00Z,0,False,20,0,0,0,0,0,37,0,434257,0,0,1,1,0.0,0,-110166,2408,112574,45,False,0
Jim Thwaites,MID,Man Utd,0.0,0,0,0,0,0,0.0,0,827,0.00,0.00,0.00,0.00,368,0,0,0.0,0.0,2026-05-17T11:30:00Z,0,False,16,0,0,0,0,0,37,0,115,0,0,2,3,0.0,0,14,21,7,45,True,0
James Garner,MID,Everton,0.0,0,0,14,0,5,10.8,8,303,0.25,0.27,0.02,0.76,366,3,0,3.2,14.2,2026-05-17T14:00:00Z,90,False,17,0,0,0,2,0,37,0,506383,1,1,3,1,7.0,1,5765,27551,21786,52,True,1
Stephen Mfuni,DEF,Man City,0.0,0,0,0,0,0,0.0,0,740,0.00,0.00,0.00,0.00,363,0,0,0.0,0.0,2026-05-19T18:30:00Z,0,False,4,0,0,0,0,0,37,0,4716,0,0,1,1,0.0,0,-5,0,5,39,False,0
Joshua Zirkzee,FWD,Man Utd,0.0,0,0,3,0,0,10.3,2,466,0.01,0.49,0.48,0.26,368,0,0,6.1,8.8,2026-05-17T11:30:00Z,10,False,16,0,0,0,2,0,37,0,54041,0,0,2,3,42.0,1,497,929,432,58,True,0
Jayden Meghoma,DEF,Brentford,0.0,0,0,0,0,0,0.0,0,118,0.00,0.00,0.00,0.00,364,0,0,0.0,0.0,2026-05-17T14:00:00Z,0,False,8,0,0,0,0,0,37,0,5204,0,0,2,2,0.0,0,-12,0,12,40,True,0
Conor Bradley,DEF,Liverpool,0.0,0,0,0,0,0,0.0,0,375,0.00,0.00,0.00,0.00,362,0,0,0.0,0.0,2026-05-15T19:00:00Z,0,False,2,0,0,0,0,0,37,0,18696,0,0,2,4,0.0,0,-52,15,67,49,False,0
Igor Thiago Nascimento Rodrigues,FWD,Brentford,0.0,0,0,0,0,5,11.8,7,136,0.05,0.16,0.11,1.72,364,2,0,3.6,10.0,2026-05-17T14:00:00Z,90,False,8,0,0,0,2,0,37,0,4252311,1,0,2,2,14.0,2,54582,146271,91689,73,True,0
Florian Wirtz,MID,Liverpool,0.0,0,0,1,0,0,2.1,2,382,0.01,0.04,0.03,0.99,362,2,0,1.0,1.6,2026-05-15T19:00:00Z,24,False,2,0,0,0,1,0,37,0,1113504,0,1,2,4,6.0,1,-51282,2952,54234,83,False,0
Leandro Trossard,MID,Arsenal,0.0,0,0,12,1,0,14.3,4,20,0.11,0.18,0.08,0.19,361,0,0,2.2,0.8,2026-05-18T19:00:00Z,90,False,3,0,0,0,4,0,37,0,264730,1,0,0,1,7.0,3,156428,158681,2253,65,True,0
William Saliba,DEF,Arsenal,0.0,0,2,27,1,7,1.8,7,6,0.01,0.01,0.00,0.19,361,0,0,2.1,19.6,2026-05-18T19:00:00Z,90,False,3,0,0,0,2,0,37,0,2243493,1,0,0,1,0.0,8,184367,202504,18137,62,True,0
Harry Amass,DEF,Man Utd,0.0,0,0,0,0,0,0.0,0,445,0.00,0.00,0.00,0.00,368,0,0,0.0,0.0,2026-05-17T11:30:00Z,0,False,16,0,0,0,0,0,37,0,8582,0,0,2,3,0.0,0,-11,0,11,40,True,0
Cheick Doucouré,MID,Crystal Palace,0.0,0,0,0,0,0,0.0,0,268,0.00,0.00,0.00,0.00,364,0,0,0.0,0.0,2026-05-17T14:00:00Z,0,False,5,0,0,0,0,0,37,0,436,0,0,2,2,0.0,0,7,28,21,49,False,0
Anthony Elanga,MID,Newcastle,0.0,0,0,0,0,0,0.1,0,486,0.00,0.21,0.21,0.05,369,0,0,0.3,0.0,2026-05-17T16:30:00Z,5,False,19,0,0,0,0,0,37,0,344019,0,0,1,3,4.0,1,-1012,869,1881,65,True,0
Noni Madueke,MID,Arsenal,0.0,0,0,0,0,0,0.0,0,18,0.00,0.00,0.00,0.00,361,0,0,0.0,0.0,2026-05-18T19:00:00Z,0,False,3,0,0,0,0,0,37,0,102955,0,0,0,1,0.0,0,-1210,935,2145,68,True,0
Saša Lukić,MID,Fulham,0.0,0,1,26,0,6,24.0,15,332,0.09,0.09,0.00,1.40,370,1,0,5.0,21.8,2026-05-17T14:00:00Z,90,False,20,0,0,0,4,0,37,0,8083,1,5,1,1,4.0,5,233,441,208,49,False,0
Luke Rawlings,MID,Wolves,0.0,0,0,0,0,0,0.0,0,767,0.00,0.00,0.00,0.00,370,0,0,0.0,0.0,2026-05-17T14:00:00Z,0,False,10,0,0,0,0,0,37,0,918,0,0,1,1,0.0,0,-29,28,57,45,True,0
Max Dowman,MID,Arsenal,0.0,0,0,0,0,0,0.0,0,700,0.00,0.00,0.00,0.00,361,0,0,0.0,0.0,2026-05-18T19:00:00Z,0,False,3,0,0,0,0,0,37,0,104655,0,0,0,1,0.0,0,-2538,5600,8138,42,True,0
Stefan Ortega Moreno,GK,Nott'm Forest,0.0,0,0,0,0,0,0.0,0,400,0.00,0.00,0.00,0.00,368,0,0,0.0,0.0,2026-05-17T11:30:00Z,0,False,14,0,0,0,0,0,37,0,24871,0,0,2,3,0.0,0,-70,257,327,47,False,0
Rúben dos Santos Gato Alves Dias,DEF,Man City,0.0,0,0,0,0,0,0.0,0,408,0.00,0.00,0.00,0.00,363,0,0,0.0,0.0,2026-05-19T18:30:00Z,0,False,4,0,0,0,0,0,37,0,406757,0,0,1,1,0.0,0,-323,647,970,55,False,0
Jayden Lienou,DEF,Leeds,0.0,0,0,0,0,0,0.0,0,837,0.00,0.00,0.00,0.00,367,0,0,0.0,0.0,2026-05-17T14:00:00Z,0,False,6,0,0,0,0,0,37,0,99,0,0,0,1,0.0,0,54,55,1,40,True,0
Chris Mepham,DEF,Bournemouth,0.0,0,0,0,0,0,0.0,0,79,0.00,0.00,0.00,0.00,363,0,0,0.0,0.0,2026-05-19T18:30:00Z,0,False,13,0,0,0,0,0,37,0,8511,0,0,1,1,0.0,0,-14,0,14,40,True,0
Joe Willock,MID,Newcastle,0.0,1,0,19,0,0,36.0,0,494,0.36,0.39,0.03,0.63,369,1,0,6.7,22.2,2026-05-17T16:30:00Z,37,False,19,0,0,0,0,0,37,0,11757,0,0,1,3,9.0,4,-32,153,185,50,True,0
Elliot Anderson,MID,Nott'm Forest,0.0,2,3,49,0,8,50.3,20,517,0.68,0.68,0.00,4.57,368,3,0,12.3,72.8,2026-05-17T11:30:00Z,90,False,14,0,0,0,9,0,37,0,967579,1,3,2,3,0.0,12,51788,78091,26303,56,False,1
Jack Hinshelwood,MID,Brighton,0.0,0,0,11,1,2,25.7,5,163,0.34,0.64,0.30,0.32,367,0,0,6.5,7.8,2026-05-17T14:00:00Z,81,False,11,0,0,0,2,0,37,0,201038,1,1,0,1,31.0,3,68187,73095,4908,52,False,0
David Brooks,MID,Bournemouth,0.0,0,0,1,0,0,10.3,1,86,0.01,0.66,0.65,0.51,363,1,0,3.4,5.2,2026-05-19T18:30:00Z,6,False,13,0,0,0,0,0,37,0,23049,0,1,1,1,18.0,1,-100,177,277,50,True,0
Kevin Santos Lopes de Macedo,MID,Fulham,0.0,0,0,2,0,1,1.4,4,731,0.05,0.07,0.02,1.05,370,0,0,1.1,2.6,2026-05-17T14:00:00Z,45,False,20,0,0,0,3,0,37,0,6834,0,0,1,1,7.0,1,250,290,40,57,False,0
Nikola Milenković,DEF,Nott'm Forest,0.0,0,0,2,0,3,0.8,4,505,0.01,0.03,0.02,4.57,368,3,0,2.0,11.6,2026-05-17T11:30:00Z,90,False,14,0,0,0,4,0,37,0,431215,1,1,2,3,8.0,1,-3316,3261,6577,51,False,0
Julio Soler Barreto,DEF,Bournemouth,0.0,0,0,0,0,0,0.0,0,80,0.00,0.00,0.00,0.00,363,0,0,0.0,0.0,2026-05-19T18:30:00Z,0,False,13,0,0,0,0,0,37,0,24950,0,0,1,1,0.0,0,29,131,102,39,True,0
Pascal Groß,MID,Brighton,0.0,0,1,26,0,1,59.2,5,783,0.48,0.51,0.03,0.39,367,1,0,10.3,24.0,2026-05-17T14:00:00Z,90,False,11,0,0,0,3,0,37,0,422248,1,1,0,1,20.0,3,4299,28633,24334,56,False,0
Mamadou Sarr,DEF,Chelsea,0.0,0,0,3,0,0,0.0,0,231,0.00,0.00,0.00,0.21,365,0,0,0.0,0.2,2026-05-19T19:15:00Z,9,False,18,0,0,0,0,0,37,0,3396,0,0,1,2,0.0,1,-26,77,103,45,True,0
Lukas Nmecha,FWD,Leeds,0.0,0,0,7,0,0,20.9,3,365,0.03,0.03,0.00,1.15,367,0,0,2.8,5.4,2026-05-17T14:00:00Z,30,False,6,0,0,0,3,0,37,0,71580,0,0,0,1,2.0,1,-142,884,1026,50,True,0
Loum Tchaouna,MID,Burnley,0.0,0,0,7,0,0,25.2,4,210,0.02,0.06,0.04,1.27,361,1,0,3.8,3.6,2026-05-18T19:00:00Z,81,False,1,0,0,0,4,0,37,0,4727,1,0,0,1,9.0,2,112,169,57,48,False,0
Ollie Watkins,FWD,Aston Villa,0.0,1,3,65,0,1,12.3,1,64,0.02,1.54,1.52,1.43,362,2,2,23.2,90.2,2026-05-15T19:00:00Z,90,False,12,0,0,0,0,0,37,0,1747965,1,0,2,4,129.0,15,-163049,40556,203605,87,True,1
James Ward-Prowse,MID,Burnley,0.0,0,0,3,0,0,0.5,2,614,0.00,0.00,0.00,0.03,361,0,0,0.2,1.4,2026-05-18T19:00:00Z,12,False,1,0,0,0,2,0,37,0,25081,0,0,0,1,0.0,1,-230,280,510,56,False,0
Jarrod Bowen,FWD,West Ham,0.0,0,0,7,0,1,5.3,10,624,0.03,0.16,0.13,1.73,369,3,0,2.7,10.6,2026-05-17T16:30:00Z,90,False,15,0,0,0,7,0,37,0,1630106,1,2,1,3,11.0,2,-40357,70316,110673,77,False,0
Nico González Iglesias,MID,Man City,0.0,0,0,0,0,0,0.0,0,423,0.00,0.00,0.00,0.00,363,0,0,0.0,0.0,2026-05-19T18:30:00Z,0,False,4,0,0,0,0,0,37,0,13732,0,0,1,1,0.0,0,-100,60,160,59,False,0
Gonçalo Manuel Ganchinho Guedes,MID,Wolves,0.0,0,0,0,0,0,0.0,0,647,0.00,0.00,0.00,0.00,370,0,0,0.0,0.0,2026-05-17T14:00:00Z,0,False,10,0,0,0,0,0,37,0,395,0,0,1,1,0.0,0,0,0,0,55,True,0
Alan Browne,MID,Sunderland,0.0,0,0,0,0,0,0.0,0,555,0.00,0.00,0.00,0.00,366,0,0,0.0,0.0,2026-05-17T14:00:00Z,0,False,9,0,0,0,0,0,37,0,3778,0,0,3,1,0.0,0,-5,0,5,45,False,0
Josh Gracey,GK,Wolves,0.0,0,0,0,0,0,0.0,0,831,0.00,0.00,0.00,0.00,370,0,0,0.0,0.0,2026-05-17T14:00:00Z,0,False,10,0,0,0,0,0,37,0,469,0,0,1,1,0.0,0,118,167,49,40,True,0
Jaka Bijol,DEF,Leeds,0.0,0,0,24,1,14,0.8,14,344,0.00,0.00,0.00,3.06,367,0,0,3.6,31.6,2026-05-17T14:00:00Z,90,False,6,0,0,0,0,0,37,0,149138,1,0,0,1,4.0,8,9169,12868,3699,39,True,0
Alex Scott,MID,Bournemouth,0.0,0,0,20,0,6,13.5,18,90,0.01,0.01,0.00,1.67,363,1,0,3.2,18.6,2026-05-19T18:30:00Z,90,False,13,0,0,0,10,0,37,0,274543,1,2,1,1,0.0,4,-25543,6976,32519,50,True,0
Lewis O'Brien,MID,Nott'm Forest,0.0,0,0,0,0,0,0.0,0,520,0.00,0.00,0.00,0.00,368,0,0,0.0,0.0,2026-05-17T11:30:00Z,0,False,14,0,0,0,0,0,37,0,102,0,0,2,3,0.0,0,0,0,0,50,False,0
Patrick Roberts,MID,Sunderland,0.0,0,0,0,0,0,0.0,0,545,0.00,0.00,0.00,0.00,366,0,0,0.0,0.0,2026-05-17T14:00:00Z,0,False,9,0,0,0,0,0,37,0,1556,0,0,3,1,0.0,0,0,0,0,54,False,0
Álex Moreno Lopera,DEF,Aston Villa,0.0,0,0,0,0,0,0.0,0,43,0.00,0.00,0.00,0.00,362,0,0,0.0,0.0,2026-05-15T19:00:00Z,0,False,12,0,0,0,0,0,37,0,201905,0,0,2,4,0.0,0,-483,0,483,40,True,0
Eric da Silva Moreira,MID,Nott'm Forest,0.0,0,0,0,0,0,0.0,0,523,0.00,0.00,0.00,0.00,368,0,0,0.0,0.0,2026-05-17T11:30:00Z,0,False,14,0,0,0,0,0,37,0,7631,0,0,2,3,0.0,0,17,69,52,45,False,0
Leny Yoro,DEF,Man Utd,0.0,0,0,0,0,0,0.0,0,444,0.00,0.00,0.00,0.00,368,0,0,0.0,0.0,2026-05-17T11:30:00Z,0,False,16,0,0,0,0,0,37,0,160748,0,0,2,3,0.0,0,-1192,276,1468,41,True,0
Shurandy Sambo,DEF,Burnley,0.0,0,0,0,0,0,0.0,0,196,0.00,0.00,0.00,0.00,361,0,0,0.0,0.0,2026-05-18T19:00:00Z,0,False,1,0,0,0,0,0,37,0,4930,0,0,0,1,0.0,0,-10,0,10,40,False,0
Diego Gómez Amarilla,MID,Brighton,0.0,0,0,-3,0,1,1.3,3,169,0.01,0.66,0.65,0.17,367,1,0,2.2,1.0,2026-05-17T14:00:00Z,25,False,11,0,0,0,2,0,37,0,52028,0,0,0,1,20.0,1,-5957,646,6603,49,False,0
Piero Hincapié,DEF,Arsenal,0.0,0,0,5,0,0,0.3,1,725,0.00,0.00,0.00,0.00,361,0,0,0.7,2.2,2026-05-18T19:00:00Z,18,False,3,0,0,0,0,0,37,0,115314,0,1,0,1,4.0,1,-7034,8956,15990,51,True,0
Lucá Williams-Barnett,MID,Spurs,0.0,0,0,0,0,0,0.0,0,790,0.00,0.00,0.00,0.00,365,0,0,0.0,0.0,2026-05-19T19:15:00Z,0,False,7,0,0,0,0,0,37,0,1004,0,0,1,2,0.0,0,24,50,26,45,False,0
Neco Williams,DEF,Nott'm Forest,0.0,0,0,8,0,6,17.2,9,508,0.05,0.05,0.00,4.57,368,3,0,4.7,28.2,2026-05-17T11:30:00Z,90,False,14,0,0,0,7,0,37,0,553832,1,3,2,3,2.0,1,-15559,5144,20703,48,False,0
David Mota Veiga Teixeira do Carmo,DEF,Nott'm Forest,0.0,0,0,0,0,0,0.0,0,509,0.00,0.00,0.00,0.00,368,0,0,0.0,0.0,2026-05-17T11:30:00Z,0,False,14,0,0,0,0,0,37,0,2616,0,0,2,3,0.0,0,0,0,0,45,False,0
Harrison Armstrong,MID,Everton,0.0,0,0,0,0,0,0.0,0,305,0.00,0.00,0.00,0.00,366,0,0,0.0,0.0,2026-05-17T14:00:00Z,0,False,17,0,0,0,0,0,37,0,10837,0,0,3,1,0.0,0,63,283,220,45,True,0
Jackson Tchatchoua,DEF,Wolves,0.0,0,0,0,0,0,0.0,0,695,0.00,0.00,0.00,0.00,370,0,0,0.0,0.0,2026-05-17T14:00:00Z,0,False,10,0,0,0,0,0,37,0,4210,0,0,1,1,0.0,0,-107,13,120,44,True,0
Lucas Pires Silva,DEF,Burnley,0.0,0,0,5,0,6,5.3,9,195,0.14,0.14,0.00,1.29,361,1,0,1.9,13.8,2026-05-18T19:00:00Z,90,False,1,0,0,0,4,0,37,0,33340,1,3,0,1,0.0,1,-270,277,547,38,False,1
Anthony Patterson,GK,Sunderland,0.0,0,0,0,0,0,0.0,0,528,0.00,0.00,0.00,0.00,366,0,0,0.0,0.0,2026-05-17T14:00:00Z,0,False,9,0,0,0,0,0,37,0,19208,0,0,3,1,0.0,0,-78,0,78,42,False,0
Wilson Isidor,FWD,Sunderland,0.0,0,0,29,0,1,0.3,4,560,0.17,0.36,0.19,0.52,366,0,1,5.6,36.2,2026-05-17T14:00:00Z,13,False,9,0,0,0,2,0,37,0,171874,0,1,3,1,19.0,5,-3526,804,4330,50,False,0
Jack Harrison,MID,Leeds,0.0,0,0,0,0,0,0.0,0,352,0.00,0.00,0.00,0.00,367,0,0,0.0,0.0,2026-05-17T14:00:00Z,0,False,6,0,0,0,0,0,37,0,5867,0,0,0,1,0.0,0,-7,0,7,51,True,0
Kieran Morrison,MID,Liverpool,0.0,0,0,0,0,0,0.0,0,746,0.00,0.00,0.00,0.00,362,0,0,0.0,0.0,2026-05-15T19:00:00Z,0,False,2,0,0,0,0,0,37,0,1358,0,0,2,4,0.0,0,9,25,16,45,False,0
Dango Ouattara,MID,Brentford,0.0,0,3,45,0,2,12.6,2,83,0.03,0.95,0.92,1.72,364,2,2,16.7,72.0,2026-05-17T14:00:00Z,90,False,8,0,0,0,0,0,37,0,207863,1,0,2,2,82.0,15,-8807,7203,16010,57,True,0
Mathys Tel,MID,Spurs,0.0,0,0,4,0,3,17.6,5,584,0.11,0.20,0.09,0.63,365,2,0,4.1,9.4,2026-05-19T19:15:00Z,90,False,7,0,0,0,2,0,37,0,31968,1,0,1,2,14.0,2,7444,8632,1188,62,False,0
Charlie Crew,MID,Leeds,0.0,0,0,0,0,0,0.0,0,359,0.00,0.00,0.00,0.00,367,0,0,0.0,0.0,2026-05-17T14:00:00Z,0,False,6,0,0,0,0,0,37,0,414,0,0,0,1,0.0,0,0,0,0,45,True,0
Ryan Trevitt,MID,Brentford,0.0,0,0,0,0,0,0.0,0,134,0.00,0.00,0.00,0.00,364,0,0,0.0,0.0,2026-05-17T14:00:00Z,0,False,8,0,0,0,0,0,37,0,477,0,0,2,2,0.0,0,0,0,0,45,True,0
Sandro Tonali,MID,Newcastle,0.0,0,0,11,0,0,14.1,5,491,0.02,0.02,0.00,0.32,369,0,0,2.4,6.0,2026-05-17T16:30:00Z,52,False,19,0,0,0,4,0,37,0,140698,1,1,1,3,4.0,1,175,1932,1757,53,True,0
Marli Salmon,DEF,Arsenal,0.0,0,0,0,0,0,0.0,0,759,0.00,0.00,0.00,0.00,361,0,0,0.0,0.0,2026-05-18T19:00:00Z,0,False,3,0,0,0,0,0,37,0,3121,0,0,0,1,0.0,0,6,28,22,40,True,0
Ben Broggio,MID,Aston Villa,0.0,0,0,0,0,0,0.0,0,60,0.00,0.00,0.00,0.00,362,0,0,0.0,0.0,2026-05-15T19:00:00Z,0,False,12,0,0,0,0,0,37,0,31526,0,0,2,4,0.0,0,-107,0,107,44,True,0
Josh Dasilva,MID,Brentford,0.0,0,0,3,0,0,10.3,1,748,0.00,0.08,0.08,0.03,364,0,0,1.5,0.2,2026-05-17T14:00:00Z,1,False,8,0,0,0,1,0,37,0,260,0,0,2,2,4.0,1,11,18,7,49,True,0
Matt Doherty,DEF,Wolves,0.0,0,0,0,0,0,0.0,0,632,0.00,0.00,0.00,0.00,370,0,0,0.0,0.0,2026-05-17T14:00:00Z,0,False,10,0,0,0,0,0,37,0,11127,0,0,1,1,0.0,0,-90,41,131,44,True,0
Niclas Füllkrug,FWD,West Ham,0.0,0,0,0,0,0,0.0,0,625,0.00,0.00,0.00,0.00,369,0,0,0.0,0.0,2026-05-17T16:30:00Z,0,False,15,0,0,0,0,0,37,0,73582,0,0,1,3,0.0,0,-68,0,68,56,False,0
Sam Chambers,MID,Leeds,0.0,0,0,0,0,0,0.0,0,787,0.00,0.00,0.00,0.00,367,0,0,0.0,0.0,2026-05-17T14:00:00Z,0,False,6,0,0,0,0,0,37,0,1774,0,0,0,1,0.0,0,89,155,66,44,True,0
Maldini Kacurri,DEF,Arsenal,0.0,0,0,0,0,0,0.0,0,14,0.00,0.00,0.00,0.00,361,0,0,0.0,0.0,2026-05-18T19:00:00Z,0,False,3,0,0,0,0,0,37,0,12026,0,0,0,1,0.0,0,-21,0,21,39,True,0
Donyell Malen,MID,Aston Villa,0.0,0,0,0,0,0,0.0,0,53,0.00,0.00,0.00,0.00,362,0,0,0.0,0.0,2026-05-15T19:00:00Z,0,False,12,0,0,0,0,0,37,0,50757,0,0,2,4,0.0,0,-109,0,109,51,True,0
Bafodé Diakité,DEF,Bournemouth,0.0,0,0,0,0,0,0.0,0,685,0.00,0.00,0.00,0.00,363,0,0,0.0,0.0,2026-05-19T18:30:00Z,0,False,13,0,0,0,0,0,37,0,34581,0,0,1,1,0.0,0,-215,100,315,41,True,0
Leander Dendoncker,MID,Aston Villa,0.0,0,0,0,0,0,0.0,0,61,0.00,0.00,0.00,0.00,362,0,0,0.0,0.0,2026-05-15T19:00:00Z,0,False,12,0,0,0,0,0,37,0,8928,0,0,2,4,0.0,0,-12,0,12,45,True,0
Robin Roefs,GK,Sunderland,0.0,0,0,13,0,3,0.0,0,670,0.00,0.00,0.00,1.04,366,1,0,2.5,24.6,2026-05-17T14:00:00Z,90,False,9,0,0,0,7,0,37,3,1059213,1,0,3,1,0.0,3,-10278,10893,21171,48,False,0
Tymur Tutierov,MID,Sunderland,0.0,0,0,0,0,0,0.0,0,775,0.00,0.00,0.00,0.00,366,0,0,0.0,0.0,2026-05-17T14:00:00Z,0,False,9,0,0,0,0,0,37,0,83,0,0,3,1,0.0,0,-1,0,1,45,False,0
Lesley Ugochukwu,MID,Burnley,0.0,0,0,9,0,2,1.7,8,676,0.00,0.00,0.00,1.27,361,1,0,1.5,11.0,2026-05-18T19:00:00Z,70,False,1,0,0,0,4,0,37,0,12994,1,2,0,1,2.0,2,-70,169,239,50,False,0
Borna Sosa,DEF,Crystal Palace,0.0,0,0,0,0,0,0.0,0,259,0.00,0.00,0.00,0.00,364,0,0,0.0,0.0,2026-05-17T14:00:00Z,0,False,5,0,0,0,0,0,37,0,15703,0,0,2,2,0.0,0,-193,19,212,48,False,0
Kaelan Casey,DEF,West Ham,0.0,0,0,0,0,0,0.0,0,611,0.00,0.00,0.00,0.00,369,0,0,0.0,0.0,2026-05-17T16:30:00Z,0,False,15,0,0,0,0,0,37,0,7899,0,0,1,3,0.0,0,-21,0,21,40,False,0
Hamed Traorè,MID,Bournemouth,0.0,0,0,0,0,0,0.0,0,93,0.00,0.00,0.00,0.00,363,0,0,0.0,0.0,2026-05-19T18:30:00Z,0,False,13,0,0,0,0,0,37,0,34756,0,0,1,1,0.0,0,-47,0,47,45,True,0
Jack Fletcher,MID,Man Utd,0.0,0,0,0,0,0,0.0,0,462,0.00,0.00,0.00,0.00,368,0,0,0.0,0.0,2026-05-17T11:30:00Z,0,False,16,0,0,0,0,0,37,0,9889,0,0,2,3,0.0,0,-27,110,137,43,True,0
Riccardo Calafiori,DEF,Arsenal,0.0,0,2,27,1,1,33.3,1,7,0.13,0.13,0.00,0.19,361,0,0,5.1,11.8,2026-05-18T19:00:00Z,71,False,3,0,0,0,1,0,37,0,773900,1,0,0,1,6.0,8,-3149,6444,9593,56,True,0
David Raya Martín,GK,Arsenal,0.0,0,0,20,1,0,0.0,0,1,0.01,0.01,0.00,0.19,361,0,0,0.2,2.2,2026-05-18T19:00:00Z,90,False,3,0,0,0,5,0,37,0,4755793,1,0,0,1,0.0,6,116618,140005,23387,61,True,0
Jesurun Rak-Sakyi,MID,Crystal Palace,0.0,0,0,0,0,0,0.0,0,278,0.00,0.00,0.00,0.00,364,0,0,0.0,0.0,2026-05-17T14:00:00Z,0,False,5,0,0,0,0,0,37,0,3623,0,0,2,2,0.0,0,-7,0,7,44,False,0
Nectarios Triantis,MID,Sunderland,0.0,0,0,0,0,0,0.0,0,559,0.00,0.00,0.00,0.00,366,0,0,0.0,0.0,2026-05-17T14:00:00Z,0,False,9,0,0,0,0,0,37,0,3790,0,0,3,1,0.0,0,-12,0,12,44,False,0
Romelle Donovan,MID,Brentford,0.0,0,0,0,0,0,0.0,0,130,0.00,0.00,0.00,0.00,364,0,0,0.0,0.0,2026-05-17T14:00:00Z,0,False,8,0,0,0,0,0,37,0,13508,0,0,2,2,0.0,0,-5,165,170,44,True,0
Maxim De Cuyper,DEF,Brighton,0.0,0,0,13,0,5,47.8,5,145,0.50,0.59,0.09,0.39,367,1,0,7.2,17.6,2026-05-17T14:00:00Z,90,False,11,0,0,0,6,0,37,0,218545,1,0,0,1,7.0,2,19280,20655,1375,43,False,0
Joël Piroe,FWD,Leeds,0.0,0,0,1,0,1,0.1,2,362,0.00,0.04,0.04,0.86,367,0,0,0.0,0.0,2026-05-17T14:00:00Z,16,False,6,0,0,0,1,0,37,0,44388,0,0,0,1,1.0,1,68,251,183,49,True,0
Marco Bizot,GK,Aston Villa,0.0,0,0,0,0,0,0.0,0,33,0.00,0.00,0.00,0.00,362,0,0,0.0,0.0,2026-05-15T19:00:00Z,0,False,12,0,0,0,0,0,37,0,48454,0,0,2,4,0.0,0,-191,82,273,42,True,0
Xavi Simons,MID,Spurs,0.0,0,0,0,0,0,0.0,0,717,0.00,0.00,0.00,0.00,365,0,0,0.0,0.0,2026-05-19T19:15:00Z,0,False,7,0,0,0,0,0,37,0,147890,0,0,1,2,0.0,0,-12940,36,12976,64,False,0
Maxwel Cornet,MID,West Ham,0.0,0,0,0,0,0,0.0,0,617,0.00,0.00,0.00,0.00,369,0,0,0.0,0.0,2026-05-17T16:30:00Z,0,False,15,0,0,0,0,0,37,0,1906,0,0,1,3,0.0,0,-1,0,1,49,False,0
Vitor de Oliveira Nunes dos Reis,DEF,Man City,0.0,0,0,0,0,0,0.0,0,412,0.00,0.00,0.00,0.00,363,0,0,0.0,0.0,2026-05-19T18:30:00Z,0,False,4,0,0,0,0,0,37,0,578,0,0,1,1,0.0,0,0,0,0,50,False,0
Sam Johnstone,GK,Wolves,0.0,0,0,0,0,0,0.0,0,627,0.00,0.00,0.00,0.00,370,0,0,0.0,0.0,2026-05-17T14:00:00Z,0,False,10,0,0,0,0,0,37,0,16793,0,0,1,1,0.0,0,-186,39,225,44,True,0
Antonee Robinson,DEF,Fulham,0.0,0,2,32,0,9,16.5,11,316,0.11,0.90,0.79,1.40,370,1,1,9.3,57.2,2026-05-17T14:00:00Z,90,False,20,0,0,0,10,0,37,0,111240,1,2,1,1,19.0,12,9305,11327,2022,49,False,0
Jørgen Strand Larsen,FWD,Crystal Palace,0.0,0,0,9,0,2,4.3,2,654,0.16,0.36,0.20,0.58,364,1,0,3.7,6.8,2026-05-17T14:00:00Z,60,False,5,0,0,0,0,0,37,0,200278,1,0,2,2,26.0,2,-15513,1430,16943,59,False,0
Estêvão Almeida de Oliveira Gonçalves,MID,Chelsea,0.0,0,0,0,0,0,0.0,0,238,0.00,0.00,0.00,0.00,365,0,0,0.0,0.0,2026-05-19T19:15:00Z,0,False,18,0,0,0,0,0,37,0,217850,0,0,1,2,0.0,0,-2210,33,2243,64,True,0
Tom Watson,MID,Brighton,0.0,0,0,0,0,0,0.0,0,172,0.00,0.00,0.00,0.00,367,0,0,0.0,0.0,2026-05-17T14:00:00Z,0,False,11,0,0,0,0,0,37,0,3646,0,0,0,1,0.0,0,-6,0,6,48,False,0
Lucas Estella Perri,GK,Leeds,0.0,0,0,0,0,0,0.0,0,665,0.00,0.00,0.00,0.00,367,0,0,0.0,0.0,2026-05-17T14:00:00Z,0,False,6,0,0,0,0,0,37,0,33645,0,0,0,1,0.0,0,-234,473,707,44,True,0
Timothée Pembélé,DEF,Sunderland,0.0,0,0,0,0,0,0.0,0,540,0.00,0.00,0.00,0.00,366,0,0,0.0,0.0,2026-05-17T14:00:00Z,0,False,9,0,0,0,0,0,37,0,35041,0,0,3,1,0.0,0,-137,0,137,39,False,0
Roméo Lavia,MID,Chelsea,0.0,0,0,0,0,0,0.0,0,244,0.00,0.00,0.00,0.00,365,0,0,0.0,0.0,2026-05-19T19:15:00Z,0,False,18,0,0,0,0,0,37,0,2620,0,0,1,2,0.0,0,19,73,54,49,True,0
Jan Paul van Hecke,DEF,Brighton,0.0,0,0,6,0,9,14.3,9,151,0.07,1.01,0.94,0.39,367,1,0,4.5,18.0,2026-05-17T14:00:00Z,90,False,11,0,0,0,0,0,37,0,1447272,1,0,0,1,13.0,2,28094,66449,38355,47,False,0
Mike Penders,GK,Chelsea,0.0,0,0,0,0,0,0.0,0,222,0.00,0.00,0.00,0.00,365,0,0,0.0,0.0,2026-05-19T19:15:00Z,0,False,18,0,0,0,0,0,37,0,353,0,0,1,2,0.0,0,0,0,0,40,True,0
Rio Kyerematen,MID,Spurs,0.0,0,0,0,0,0,0.0,0,811,0.00,0.00,0.00,0.00,365,0,0,0.0,0.0,2026-05-19T19:15:00Z,0,False,7,0,0,0,0,0,37,0,577,0,0,1,2,0.0,0,-1,19,20,45,False,0
Oleksandr Zinchenko,DEF,Nott'm Forest,0.0,0,0,0,0,0,0.0,0,12,0.00,0.00,0.00,0.00,368,0,0,0.0,0.0,2026-05-17T11:30:00Z,0,False,14,0,0,0,0,0,37,0,26768,0,0,2,3,0.0,0,-41,0,41,49,False,0
Harvey Barnes,MID,Newcastle,0.0,1,0,23,0,0,23.3,2,487,0.25,0.36,0.11,0.62,369,1,0,7.1,23.4,2026-05-17T16:30:00Z,74,False,19,0,0,0,2,0,37,0,154995,1,0,1,3,24.0,5,18654,21207,2553,61,True,0
Josh Nichols,DEF,Arsenal,0.0,0,0,0,0,0,0.0,0,15,0.00,0.00,0.00,0.00,361,0,0,0.0,0.0,2026-05-18T19:00:00Z,0,False,3,0,0,0,0,0,37,0,30755,0,0,0,1,0.0,0,-383,153,536,37,True,0
Jhon Arias,MID,Wolves,0.0,0,0,0,0,0,0.0,0,663,0.00,0.00,0.00,0.00,370,0,0,0.0,0.0,2026-05-17T14:00:00Z,0,False,10,0,0,0,0,0,37,0,16456,0,0,1,1,0.0,0,-33,0,33,49,True,0
Chido Obi,FWD,Man Utd,0.0,0,0,0,0,0,0.0,0,467,0.00,0.00,0.00,0.00,368,0,0,0.0,0.0,2026-05-17T11:30:00Z,0,False,16,0,0,0,0,0,37,0,179261,0,0,2,3,0.0,0,-909,432,1341,42,True,0
Marc Guiu Paz,FWD,Chelsea,0.0,0,0,0,0,0,0.0,0,252,0.00,0.00,0.00,0.00,365,0,0,0.0,0.0,2026-05-19T19:15:00Z,0,False,18,0,0,0,0,0,37,0,674072,0,0,1,2,0.0,0,2989,12479,9490,40,True,0
Aaron Ramsey,MID,Burnley,0.0,0,0,0,0,0,0.0,0,211,0.00,0.00,0.00,0.00,361,0,0,0.0,0.0,2026-05-18T19:00:00Z,0,False,1,0,0,0,0,0,37,0,181659,0,0,0,1,0.0,0,-336,0,336,44,False,0
John McGinn,MID,Aston Villa,0.0,0,0,26,0,1,3.4,5,54,0.01,0.04,0.03,1.16,362,1,1,5.0,35.2,2026-05-15T19:00:00Z,89,False,12,0,0,0,3,0,37,0,92455,1,1,2,4,11.0,6,654,4870,4216,53,True,1
Chadi Riad Dnanou,DEF,Crystal Palace,0.0,0,0,5,0,6,0.8,6,262,0.00,0.04,0.04,0.58,364,1,0,1.3,6.2,2026-05-17T14:00:00Z,73,False,5,0,0,0,4,0,37,0,6576,1,0,2,2,6.0,2,-132,89,221,40,False,0
Pedro Cardoso de Lima,DEF,Wolves,0.0,0,0,2,0,1,0.1,1,640,0.00,0.15,0.15,0.10,370,0,0,0.4,0.0,2026-05-17T14:00:00Z,5,False,10,0,0,0,0,0,37,0,47932,0,0,1,1,4.0,1,-123,180,303,40,True,0
Hannes Delcroix,DEF,Burnley,0.0,0,0,0,0,0,0.0,0,188,0.00,0.00,0.00,0.00,361,0,0,0.0,0.0,2026-05-18T19:00:00Z,0,False,1,0,0,0,0,0,37,0,24750,0,0,0,1,0.0,0,-204,0,204,38,False,0
Phil Foden,MID,Man City,0.0,0,0,5,0,0,2.0,4,414,0.05,0.05,0.00,1.25,363,0,0,0.8,3.6,2026-05-19T18:30:00Z,34,False,4,0,0,0,4,0,37,0,995816,0,0,1,1,2.0,1,1537,7574,6037,80,False,0
Jonah Kusi-Asare,FWD,Fulham,0.0,0,0,0,0,0,0.0,0,737,0.00,0.00,0.00,0.00,370,0,0,0.0,0.0,2026-05-17T14:00:00Z,0,False,20,0,0,0,0,0,37,0,13508,0,0,1,1,0.0,0,56,317,261,45,False,0
Tom Heaton,GK,Man Utd,0.0,0,0,0,0,0,0.0,0,434,0.00,0.00,0.00,0.00,368,0,0,0.0,0.0,2026-05-17T11:30:00Z,0,False,16,0,0,0,0,0,37,0,71498,0,0,2,3,0.0,0,5862,7908,2046,38,True,0
Yéremy Pino Santos,MID,Crystal Palace,0.0,0,0,9,0,2,15.1,5,712,0.06,0.06,0.00,0.45,364,1,0,2.4,6.6,2026-05-17T14:00:00Z,45,False,5,0,0,0,2,0,37,0,24557,1,1,2,2,2.0,1,-1732,305,2037,58,False,0
Wilson Odobert,MID,Spurs,0.0,0,0,0,0,0,0.0,0,588,0.00,0.00,0.00,0.00,365,0,0,0.0,0.0,2026-05-19T19:15:00Z,0,False,7,0,0,0,0,0,37,0,5253,0,0,1,2,0.0,0,-13,9,22,53,False,0
Omari Hutchinson,MID,Nott'm Forest,0.0,0,0,11,0,2,15.6,6,693,0.20,0.20,0.00,2.80,368,2,0,2.3,5.0,2026-05-17T11:30:00Z,69,False,14,0,0,0,4,0,37,0,9992,1,0,2,3,2.0,2,-38,291,329,54,False,0
Alex Murphy,DEF,Newcastle,0.0,0,0,0,0,0,0.0,0,481,0.00,0.00,0.00,0.00,369,0,0,0.0,0.0,2026-05-17T16:30:00Z,0,False,19,0,0,0,0,0,37,0,87778,0,0,1,3,0.0,0,-245,390,635,38,True,0
Bernardo Mota Veiga de Carvalho e Silva,MID,Man City,0.0,0,0,9,0,0,20.1,3,416,0.08,0.16,0.08,0.75,363,1,0,3.2,5.2,2026-05-19T18:30:00Z,55,False,4,0,0,0,3,0,37,0,86681,1,0,1,1,7.0,1,-1551,1234,2785,62,False,0
Hannibal Mejbri,MID,Burnley,0.0,0,0,1,0,0,15.1,2,207,0.01,0.12,0.11,1.27,361,1,0,2.2,0.0,2026-05-18T19:00:00Z,69,False,1,0,0,0,1,0,37,0,16795,1,1,0,1,7.0,1,-85,240,325,47,False,1
Jacob Bruun Larsen,MID,Burnley,0.0,0,0,3,0,0,0.1,0,202,0.00,0.00,0.00,0.03,361,0,0,0.0,0.0,2026-05-18T19:00:00Z,8,False,1,0,0,0,0,0,37,0,4812,0,0,0,1,0.0,1,1,50,49,52,False,0
Dennis Cirkin,DEF,Sunderland,0.0,0,0,0,0,0,0.0,0,535,0.00,0.00,0.00,0.00,366,0,0,0.0,0.0,2026-05-17T14:00:00Z,0,False,9,0,0,0,0,0,37,0,6343,0,0,3,1,0.0,0,-8,107,115,40,False,0
Daniel Muñoz Mejía,DEF,Crystal Palace,0.0,1,0,17,0,8,32.3,11,256,0.03,0.09,0.06,1.71,364,2,0,9.9,42.6,2026-05-17T14:00:00Z,90,False,5,0,0,0,3,0,37,0,1249309,1,3,2,2,24.0,6,-71056,10601,81657,59,False,0
Bastien Meupiyou Menadjou,DEF,Wolves,0.0,0,0,0,0,0,0.0,0,639,0.00,0.00,0.00,0.00,370,0,0,0.0,0.0,2026-05-17T14:00:00Z,0,False,10,0,0,0,0,0,37,0,768,0,0,1,1,0.0,0,-6,0,6,40,True,0
Radu Drăgușin,DEF,Spurs,0.0,0,0,0,0,0,0.0,0,572,0.00,0.00,0.00,0.00,365,0,0,0.0,0.0,2026-05-19T19:15:00Z,0,False,7,0,0,0,0,0,37,0,3191,0,0,1,2,0.0,0,-23,51,74,45,False,0
Noah Okafor,MID,Leeds,0.0,0,0,0,0,0,0.0,0,698,0.00,0.00,0.00,0.00,367,0,0,0.0,0.0,2026-05-17T14:00:00Z,0,False,6,0,0,0,0,0,37,0,179992,0,0,0,1,0.0,0,-142131,366,142497,55,True,0
Dean Henderson,GK,Crystal Palace,0.0,0,0,2,0,3,0.0,0,253,0.00,0.00,0.00,1.71,364,2,0,0.9,8.6,2026-05-17T14:00:00Z,90,False,5,0,0,0,10,0,37,1,1215435,1,0,2,2,0.0,0,-42826,5140,47966,51,False,1
Jayce Fitzgerald,MID,Man Utd,0.0,0,0,0,0,0,0.0,0,461,0.00,0.00,0.00,0.00,368,0,0,0.0,0.0,2026-05-17T11:30:00Z,0,False,16,0,0,0,0,0,37,0,5892,0,0,2,3,0.0,0,42,81,39,43,True,0
Nayef Aguerd,DEF,West Ham,0.0,0,0,0,0,0,0.0,0,607,0.00,0.00,0.00,0.00,369,0,0,0.0,0.0,2026-05-17T16:30:00Z,0,False,15,0,0,0,0,0,37,0,5305,0,0,1,3,0.0,0,-5,0,5,44,False,0
Danny Welbeck,FWD,Brighton,0.0,0,0,8,1,2,5.3,5,178,0.01,0.22,0.21,0.22,367,0,0,2.7,7.8,2026-05-17T14:00:00Z,64,False,11,0,0,0,2,0,37,0,1192264,1,1,0,1,14.0,2,-65839,36187,102026,64,False,0
Tom King,GK,Everton,0.0,0,0,0,0,0,0.0,0,630,0.00,0.00,0.00,0.00,366,0,0,0.0,0.0,2026-05-17T14:00:00Z,0,False,17,0,0,0,0,0,37,0,157139,0,0,3,1,0.0,0,-620,284,904,39,True,0
Maxime Estève,DEF,Burnley,0.0,0,0,11,0,5,0.2,9,191,0.00,0.00,0.00,1.27,361,1,0,2.4,23.6,2026-05-18T19:00:00Z,81,False,1,0,0,0,4,0,37,0,886620,1,4,0,1,0.0,2,-6379,5239,11618,39,False,0
Antoine Semenyo,MID,Man City,0.0,0,0,5,0,0,15.2,2,82,0.06,0.09,0.03,0.75,363,1,0,3.4,6.2,2026-05-19T18:30:00Z,55,False,4,0,0,0,2,0,37,0,6184703,1,0,1,1,13.0,1,-125158,44957,170115,81,False,0
Rodrigo Muniz Carvalho,FWD,Fulham,0.0,0,0,6,0,2,1.6,2,338,0.01,0.16,0.15,0.71,370,1,0,1.5,2.2,2026-05-17T14:00:00Z,66,False,20,0,0,0,0,0,37,0,96200,1,0,1,1,11.0,2,1014,2110,1096,53,False,0
Gianluigi Donnarumma,GK,Man City,0.0,0,0,6,0,2,0.0,0,736,0.00,0.00,0.00,1.99,363,1,0,1.5,15.4,2026-05-19T18:30:00Z,90,False,4,0,0,0,6,0,37,2,1213844,1,0,1,1,0.0,1,-7893,9550,17443,56,False,1
Sven Botman,DEF,Newcastle,0.0,0,0,10,0,11,0.3,13,475,0.00,0.02,0.02,0.95,369,1,0,3.3,28.0,2026-05-17T16:30:00Z,90,False,19,0,0,0,1,0,37,0,58068,1,2,1,3,5.0,4,3930,4517,587,49,True,0
Omar Alderete,DEF,Sunderland,0.0,0,0,3,0,1,0.3,1,683,0.00,0.00,0.00,0.03,366,0,0,0.2,2.0,2026-05-17T14:00:00Z,22,False,9,0,0,0,0,0,37,0,730395,1,0,3,1,0.0,1,3774,17132,13358,41,False,0
Nico O'Reilly,DEF,Man City,0.0,0,0,8,0,5,3.3,5,411,0.04,0.71,0.67,1.99,363,1,0,5.3,19.2,2026-05-19T18:30:00Z,90,False,4,0,0,0,6,0,37,0,2570372,1,0,1,1,30.0,2,-25451,36840,62291,53,False,0
Liam Delap,FWD,Chelsea,0.0,0,0,-1,0,0,3.0,2,250,0.01,0.07,0.06,1.67,365,1,0,0.3,0.0,2026-05-19T19:15:00Z,88,False,18,0,0,0,1,0,37,0,118666,1,1,1,2,4.0,1,-513,278,791,62,True,1
Malcolm Ebiowei,MID,Crystal Palace,0.0,0,0,0,0,0,0.0,0,277,0.00,0.00,0.00,0.00,364,0,0,0.0,0.0,2026-05-17T14:00:00Z,0,False,5,0,0,0,0,0,37,0,352,0,0,2,2,0.0,0,0,0,0,45,False,0
Jerome Abbey,MID,Wolves,0.0,0,0,0,0,0,0.0,0,809,0.00,0.00,0.00,0.00,370,0,0,0.0,0.0,2026-05-17T14:00:00Z,0,False,10,0,0,0,0,0,37,0,1748,0,0,1,1,0.0,0,33,194,161,45,True,0
Benjamin White,DEF,Arsenal,0.0,0,0,0,0,0,0.0,0,11,0.00,0.00,0.00,0.00,361,0,0,0.0,0.0,2026-05-18T19:00:00Z,0,False,3,0,0,0,0,0,37,0,70701,0,0,0,1,0.0,0,-12302,1789,14091,51,True,0
Miodrag Pivaš,DEF,Newcastle,0.0,0,0,0,0,0,0.0,0,483,0.00,0.00,0.00,0.00,369,0,0,0.0,0.0,2026-05-17T16:30:00Z,0,False,19,0,0,0,0,0,37,0,46292,0,0,1,3,0.0,0,-133,243,376,38,True,0
Freddie Woodman,GK,Liverpool,0.0,0,0,0,0,0,0.0,0,369,0.00,0.00,0.00,0.00,362,0,0,0.0,0.0,2026-05-15T19:00:00Z,0,False,2,0,0,0,0,0,37,0,45770,0,0,2,4,0.0,0,-4725,987,5712,39,False,0
Adam Webster,DEF,Brighton,0.0,0,0,0,0,0,0.0,0,153,0.00,0.00,0.00,0.00,367,0,0,0.0,0.0,2026-05-17T14:00:00Z,0,False,11,0,0,0,0,0,37,0,923,0,0,0,1,0.0,0,8,23,15,44,False,0
Reece James,DEF,Chelsea,0.0,0,0,0,0,0,0.0,0,225,0.00,0.00,0.00,0.00,365,0,0,0.0,0.0,2026-05-19T19:15:00Z,0,False,18,0,0,0,0,0,37,0,769100,0,0,1,2,0.0,0,1224,5030,3806,56,True,0
Alex Paulsen,GK,Bournemouth,0.0,0,0,0,0,0,0.0,0,70,0.00,0.00,0.00,0.00,363,0,0,0.0,0.0,2026-05-19T18:30:00Z,0,False,13,0,0,0,0,0,37,0,6853,0,0,1,1,0.0,0,-22,0,22,40,True,0
Chris Wood,FWD,Nott'm Forest,0.0,0,0,5,0,0,6.2,2,525,0.00,0.06,0.06,2.80,368,2,0,1.1,0.0,2026-05-17T11:30:00Z,69,False,14,0,0,0,2,0,37,0,606816,1,0,2,3,7.0,2,-2930,2219,5149,71,False,0
Rayan Cherki,MID,Man City,0.0,0,0,3,0,0,6.4,2,417,0.04,0.07,0.03,1.25,363,0,0,1.2,0.8,2026-05-19T18:30:00Z,34,False,4,0,0,0,2,0,37,0,2557261,0,0,1,1,5.0,1,-79069,48814,127883,66,False,0
Emiliano Martínez Romero,GK,Aston Villa,0.0,0,0,7,0,1,0.0,0,32,0.01,0.01,0.00,1.43,362,2,0,2.1,20.6,2026-05-15T19:00:00Z,90,False,12,0,0,0,7,0,37,3,596288,1,0,2,4,0.0,2,-27100,3745,30845,51,True,0
Josh King,MID,Fulham,0.0,0,0,4,0,0,16.2,1,335,0.02,0.02,0.00,0.68,370,0,0,2.1,3.0,2026-05-17T14:00:00Z,23,False,20,0,0,0,1,0,37,0,216054,0,0,1,1,2.0,1,-1728,4104,5832,44,False,0
Lewis Dunk,DEF,Brighton,0.0,0,0,13,0,7,12.3,7,146,0.01,0.24,0.23,0.39,367,1,0,3.9,19.6,2026-05-17T14:00:00Z,90,False,11,0,0,0,5,0,37,0,123642,1,0,0,1,7.0,2,8817,9775,958,45,False,0
Willy Boly,DEF,Nott'm Forest,0.0,0,0,0,0,0,0.0,0,514,0.00,0.00,0.00,0.00,368,0,0,0.0,0.0,2026-05-17T11:30:00Z,0,False,14,0,0,0,0,0,37,0,42641,0,0,2,3,0.0,0,-224,151,375,38,False,0
Yusuf Akhamrich,MID,Spurs,0.0,0,0,0,0,0,0.0,0,751,0.00,0.00,0.00,0.00,365,0,0,0.0,0.0,2026-05-19T19:15:00Z,0,False,7,0,0,0,0,0,37,0,560,0,0,1,2,0.0,0,0,0,0,45,False,0
William Osula,FWD,Newcastle,0.0,0,3,66,0,0,1.3,3,500,0.15,1.06,0.91,0.90,369,1,2,10.5,69.2,2026-05-17T16:30:00Z,84,False,19,0,0,0,2,0,37,0,142534,1,1,1,3,34.0,13,24769,32051,7282,54,True,0
Luca Koleosho,MID,Burnley,0.0,0,0,0,0,0,0.0,0,208,0.00,0.00,0.00,0.00,361,0,0,0.0,0.0,2026-05-18T19:00:00Z,0,False,1,0,0,0,0,0,37,0,1368,0,0,0,1,0.0,0,-1,0,1,50,False,0
Omar Richards,DEF,Nott'm Forest,0.0,0,0,0,0,0,0.0,0,512,0.00,0.00,0.00,0.00,368,0,0,0.0,0.0,2026-05-17T11:30:00Z,0,False,14,0,0,0,0,0,37,0,2439,0,0,2,3,0.0,0,-4,0,4,45,False,0
Anthony Gordon,MID,Newcastle,0.0,0,0,0,0,0,0.0,0,485,0.00,0.00,0.00,0.00,369,0,0,0.0,0.0,2026-05-17T16:30:00Z,0,False,19,0,0,0,0,0,37,0,435934,0,0,1,3,0.0,0,-20580,14381,34961,73,True,0
Antoni Milambo,MID,Brentford,0.0,0,0,0,0,0,0.0,0,122,0.00,0.00,0.00,0.00,364,0,0,0.0,0.0,2026-05-17T14:00:00Z,0,False,8,0,0,0,0,0,37,0,3621,0,0,2,2,0.0,0,11,20,9,52,True,0
Pablo Felipe Pereira de Jesus,FWD,West Ham,0.0,0,0,7,0,2,16.0,6,785,0.06,0.06,0.00,0.72,369,1,0,2.6,9.6,2026-05-17T16:30:00Z,27,False,15,0,0,0,1,0,37,0,2203,0,3,1,3,0.0,1,23,190,167,54,False,0
Martín Zubimendi Ibáñez,MID,Arsenal,0.0,0,0,3,0,0,0.0,0,26,0.00,0.00,0.00,0.00,361,0,0,0.0,0.0,2026-05-18T19:00:00Z,1,False,3,0,0,0,0,0,37,0,369999,0,0,0,1,0.0,1,-14839,4659,19498,49,True,0
Jaidon Anthony,MID,Burnley,0.0,0,0,5,0,1,7.0,6,200,0.02,0.04,0.02,1.29,361,1,0,0.8,0.0,2026-05-18T19:00:00Z,90,False,1,0,0,0,4,0,37,0,240392,1,1,0,1,1.0,2,2133,6107,3974,50,False,0
Curtis Jones,MID,Liverpool,0.0,0,0,20,0,3,20.0,11,388,0.06,0.15,0.09,1.85,362,4,0,5.4,17.2,2026-05-15T19:00:00Z,90,False,2,0,0,0,5,0,37,0,14925,1,3,2,4,17.0,2,-51,294,345,54,False,0
Caoimhín Kelleher,GK,Brentford,0.0,0,0,5,0,1,0.0,0,101,0.00,0.00,0.00,1.72,364,2,0,1.1,10.6,2026-05-17T14:00:00Z,90,False,8,0,0,0,16,0,37,3,1615939,1,0,2,2,0.0,2,27417,47879,20462,48,True,0
Bertrand Traoré,MID,Sunderland,0.0,0,0,0,0,0,0.0,0,735,0.00,0.00,0.00,0.00,366,0,0,0.0,0.0,2026-05-17T14:00:00Z,0,False,9,0,0,0,0,0,37,0,3905,0,0,3,1,0.0,0,116,137,21,55,False,0
Ollie Shield,DEF,Brentford,0.0,0,0,0,0,0,0.0,0,819,0.00,0.00,0.00,0.00,364,0,0,0.0,0.0,2026-05-17T14:00:00Z,0,False,8,0,0,0,0,0,37,0,1171,0,0,2,2,0.0,0,8,36,28,40,True,0
James McAtee,MID,Nott'm Forest,0.0,0,0,5,0,0,11.3,4,426,0.08,0.08,0.00,0.83,368,0,0,2.0,6.6,2026-05-17T11:30:00Z,6,False,14,0,0,0,2,0,37,0,11872,0,2,2,3,2.0,1,49,128,79,50,False,0
Guglielmo Vicario,GK,Spurs,0.0,0,0,0,0,0,0.0,0,565,0.00,0.00,0.00,0.00,365,0,0,0.0,0.0,2026-05-19T19:15:00Z,0,False,7,0,0,0,0,0,37,0,618710,0,0,1,2,0.0,0,-7442,48,7490,47,False,0
Jaydee Canvot,DEF,Crystal Palace,0.0,0,0,9,0,10,1.2,12,723,0.00,0.00,0.00,1.71,364,2,0,1.9,18.2,2026-05-17T14:00:00Z,90,False,5,0,0,0,4,0,37,0,70408,1,2,2,2,0.0,3,-8837,586,9423,45,False,0
Zach Marsh,FWD,Crystal Palace,0.0,0,0,0,0,0,0.0,0,286,0.00,0.00,0.00,0.00,364,0,0,0.0,0.0,2026-05-17T14:00:00Z,0,False,5,0,0,0,0,0,37,0,40716,0,0,2,2,0.0,0,-29,279,308,44,False,0
Joe Anderson,DEF,Sunderland,0.0,0,0,0,0,0,0.0,0,534,0.00,0.00,0.00,0.00,366,0,0,0.0,0.0,2026-05-17T14:00:00Z,0,False,9,0,0,0,0,0,37,0,38169,0,0,3,1,0.0,0,-226,0,226,38,False,0
Noussair Mazraoui,DEF,Man Utd,0.0,0,0,0,0,0,0.0,0,438,0.00,0.00,0.00,0.00,368,0,0,0.0,0.0,2026-05-17T11:30:00Z,0,False,16,0,0,0,0,0,37,0,35510,0,0,2,3,0.0,0,4039,4437,398,49,True,0
Cristian Romero,DEF,Spurs,0.0,0,0,0,0,0,0.0,0,569,0.00,0.00,0.00,0.00,365,0,0,0.0,0.0,2026-05-19T19:15:00Z,0,False,7,0,0,0,0,0,37,0,376423,0,0,1,2,0.0,0,-1995,43,2038,50,False,0
Václav Hladký,GK,Burnley,0.0,0,0,0,0,0,0.0,0,185,0.00,0.00,0.00,0.00,361,0,0,0.0,0.0,2026-05-18T19:00:00Z,0,False,1,0,0,0,0,0,37,0,19521,0,0,0,1,0.0,0,-105,72,177,39,False,0
Mads Roerslev Rasmussen,DEF,Brentford,0.0,0,0,0,0,0,0.0,0,112,0.00,0.00,0.00,0.00,364,0,0,0.0,0.0,2026-05-17T14:00:00Z,0,False,8,0,0,0,0,0,37,0,1831,0,0,2,2,0.0,0,-1,0,1,45,True,0
Diogo Dalot Teixeira,DEF,Man Utd,0.0,0,0,5,0,3,30.8,7,440,0.15,0.45,0.30,1.88,368,2,0,5.5,20.4,2026-05-17T11:30:00Z,90,False,16,0,0,0,8,0,37,0,512378,1,4,2,3,4.0,1,-20327,7130,27457,45,True,0
Justin Kluivert,MID,Bournemouth,0.0,0,0,-2,0,1,0.3,2,81,0.00,0.00,0.00,0.67,363,1,0,0.2,1.2,2026-05-19T18:30:00Z,14,False,13,0,0,0,1,0,37,0,78365,0,0,1,1,0.0,0,1287,1493,206,69,True,1
Keane Lewis-Potter,DEF,Brentford,0.0,0,0,3,0,3,1.9,3,107,0.02,0.11,0.09,1.72,364,2,0,1.0,3.4,2026-05-17T14:00:00Z,90,False,8,0,0,0,5,0,37,0,213081,1,0,2,2,5.0,1,15301,19578,4277,48,True,0
Kristoffer Ajer,DEF,Brentford,0.0,0,0,10,0,11,0.3,12,108,0.00,0.00,0.00,1.69,364,2,0,2.0,19.6,2026-05-17T14:00:00Z,81,False,8,0,0,0,5,0,37,0,26475,1,1,2,2,0.0,3,-63,374,437,44,True,0
Georginio Rutter,MID,Brighton,0.0,0,0,3,0,0,13.3,2,158,0.32,0.68,0.36,0.17,367,1,0,4.5,5.2,2026-05-17T14:00:00Z,25,False,11,0,0,0,1,0,37,0,44905,0,1,0,1,26.0,1,-1419,740,2159,56,False,0
Hwang Hee-chan,MID,Wolves,0.0,1,0,22,0,4,35.1,9,642,0.30,0.35,0.05,1.47,370,1,0,6.4,23.6,2026-05-17T14:00:00Z,78,False,10,0,0,0,5,0,37,0,13985,1,0,1,1,5.0,5,-31,263,294,56,True,0
Ashley Phillips,DEF,Spurs,0.0,0,0,0,0,0,0.0,0,576,0.00,0.00,0.00,0.00,365,0,0,0.0,0.0,2026-05-19T19:15:00Z,0,False,7,0,0,0,0,0,37,0,1408,0,0,1,2,0.0,0,-2,0,2,40,False,0
Quilindschy Hartman,DEF,Burnley,0.0,0,0,0,0,0,0.0,0,192,0.00,0.00,0.00,0.00,361,0,0,0.0,0.0,2026-05-18T19:00:00Z,0,False,1,0,0,0,0,0,37,0,74175,0,0,0,1,0.0,0,-922,456,1378,40,False,0
George King,DEF,Crystal Palace,0.0,0,0,0,0,0,0.0,0,793,0.00,0.00,0.00,0.00,364,0,0,0.0,0.0,2026-05-17T14:00:00Z,0,False,5,0,0,0,0,0,37,0,2903,0,0,2,2,0.0,0,39,91,52,40,False,0
Bruno Guimarães Rodriguez Moura,MID,Newcastle,0.0,0,0,16,0,2,9.3,13,488,0.36,0.45,0.09,0.95,369,1,0,5.2,20.4,2026-05-17T16:30:00Z,90,False,19,0,0,0,6,0,37,0,811580,1,5,1,3,22.0,4,148207,155209,7002,69,True,0
Eiran Cashin,DEF,Brighton,0.0,0,0,0,0,0,0.0,0,154,0.00,0.00,0.00,0.00,367,0,0,0.0,0.0,2026-05-17T14:00:00Z,0,False,11,0,0,0,0,0,37,0,582,0,0,0,1,0.0,0,0,0,0,40,False,0
Nathan Patterson,DEF,Everton,0.0,0,0,0,0,0,0.0,0,296,0.00,0.00,0.00,0.00,366,0,0,0.0,0.0,2026-05-17T14:00:00Z,0,False,17,0,0,0,0,0,37,0,4420,0,0,3,1,0.0,0,-12,61,73,44,True,0
Tolu Arokodare,FWD,Wolves,0.0,0,0,9,0,2,3.0,5,720,0.00,0.02,0.02,0.12,370,0,0,2.6,12.0,2026-05-17T14:00:00Z,18,False,10,0,0,0,2,0,37,0,14132,0,1,1,1,11.0,1,-1361,142,1503,51,True,0
Andrew Moran,MID,Brighton,0.0,0,0,0,0,0,0.0,0,177,0.00,0.00,0.00,0.00,367,0,0,0.0,0.0,2026-05-17T14:00:00Z,0,False,11,0,0,0,0,0,37,0,1969,0,0,0,1,0.0,0,-6,0,6,45,False,0
Adrien Truffert,DEF,Bournemouth,0.0,1,0,17,0,2,27.8,6,74,0.19,0.19,0.00,1.67,363,1,0,6.7,33.2,2026-05-19T18:30:00Z,90,False,13,0,0,0,3,0,37,0,608214,1,4,1,1,6.0,4,2948,33119,30171,47,True,1
Enes Ünal,FWD,Bournemouth,0.0,0,0,7,0,2,10.1,4,98,0.00,0.00,0.00,0.51,363,1,0,2.0,9.4,2026-05-19T18:30:00Z,1,False,13,0,0,0,2,0,37,0,6282,0,0,1,1,0.0,1,-38,125,163,54,True,0
Jack Whittaker,MID,Sunderland,0.0,0,0,0,0,0,0.0,0,821,0.00,0.00,0.00,0.00,366,0,0,0.0,0.0,2026-05-17T14:00:00Z,0,False,9,0,0,0,0,0,37,0,307,0,0,3,1,0.0,0,39,54,15,45,False,0
Dário Luís Essugo,MID,Chelsea,0.0,0,0,0,0,0,0.0,3,247,0.00,0.00,0.00,0.05,365,0,0,0.2,2.0,2026-05-19T19:15:00Z,1,False,18,0,0,0,1,0,37,0,8433,0,2,1,2,0.0,0,195,402,207,43,True,1
Aaron Ramsdale,GK,Newcastle,0.0,0,0,0,0,0,0.0,0,674,0.00,0.00,0.00,0.00,369,0,0,0.0,0.0,2026-05-17T16:30:00Z,0,False,19,0,0,0,0,0,37,0,99228,0,0,1,3,0.0,0,-1399,692,2091,48,True,0
Moisés Caicedo Corozo,MID,Chelsea,0.0,0,0,17,0,1,17.5,7,241,0.01,0.01,0.00,1.72,365,1,0,2.5,7.2,2026-05-19T19:15:00Z,90,False,18,0,0,0,6,0,37,0,936941,1,0,1,2,0.0,2,-3836,3111,6947,57,True,0
Taiwo Awoniyi,FWD,Nott'm Forest,0.0,0,0,1,0,0,14.4,2,527,0.35,0.53,0.18,1.77,368,1,0,2.1,0.8,2026-05-17T11:30:00Z,20,False,14,0,0,0,2,0,37,0,47540,0,0,2,3,6.0,1,1429,3232,1803,52,False,0
Joél Drakes-Thomas,MID,Crystal Palace,0.0,0,0,0,0,0,0.0,0,762,0.00,0.00,0.00,0.00,364,0,0,0.0,0.0,2026-05-17T14:00:00Z,0,False,5,0,0,0,0,0,37,0,795,0,0,2,2,0.0,0,6,33,27,45,False,0
Conor Gallagher,MID,Spurs,0.0,0,0,9,0,3,17.6,9,796,0.03,0.36,0.33,0.63,365,2,0,4.7,10.6,2026-05-19T19:15:00Z,90,False,7,0,0,0,5,0,37,0,27437,1,1,1,2,19.0,2,1469,4049,2580,50,False,0
Niall Huggins,DEF,Sunderland,0.0,0,0,0,0,0,0.0,0,537,0.00,0.00,0.00,0.00,366,0,0,0.0,0.0,2026-05-17T14:00:00Z,0,False,9,0,0,0,0,0,37,0,8546,0,0,3,1,0.0,0,-22,0,22,40,False,0
Konstantinos Tsimikas,DEF,Liverpool,0.0,0,0,0,0,0,0.0,0,377,0.00,0.00,0.00,0.00,362,0,0,0.0,0.0,2026-05-15T19:00:00Z,0,False,2,0,0,0,0,0,37,0,6072,0,0,2,4,0.0,0,-2,0,2,48,False,0
Adam Smith,DEF,Bournemouth,0.0,0,0,18,1,4,1.4,5,73,0.01,0.01,0.00,1.16,363,0,0,1.6,14.8,2026-05-19T18:30:00Z,89,False,13,0,0,0,1,0,37,0,25077,1,1,1,1,0.0,6,358,565,207,44,True,0
Tyrone Mings,DEF,Aston Villa,0.0,0,0,0,0,0,0.0,0,40,0.00,0.00,0.00,0.00,362,0,0,0.0,0.0,2026-05-15T19:00:00Z,0,False,12,0,0,0,0,0,37,0,83032,0,0,2,4,0.0,0,-902,316,1218,43,True,0
Luke Shaw,DEF,Man Utd,0.0,0,0,14,0,5,5.3,5,443,0.10,0.19,0.09,1.88,368,2,1,6.4,41.4,2026-05-17T11:30:00Z,90,False,16,0,0,0,0,0,37,0,134924,1,0,2,3,17.0,6,20320,22916,2596,45,True,1
James Rowswell,DEF,Spurs,0.0,0,0,0,0,0,0.0,0,750,0.00,0.00,0.00,0.00,365,0,0,0.0,0.0,2026-05-19T19:15:00Z,0,False,7,0,0,0,0,0,37,0,4454,0,0,1,2,0.0,0,-21,17,38,40,False,0
Aaron Hickey,DEF,Brentford,0.0,0,0,0,0,0,0.0,0,116,0.00,0.00,0.00,0.00,364,0,0,0.0,0.0,2026-05-17T14:00:00Z,0,False,8,0,0,0,0,0,37,0,44437,0,0,2,2,0.0,0,203,578,375,40,True,0
Sékou Koné,MID,Man Utd,0.0,0,0,0,0,0,0.0,0,463,0.00,0.00,0.00,0.00,368,0,0,0.0,0.0,2026-05-17T11:30:00Z,0,False,16,0,0,0,0,0,37,0,9997,0,0,2,3,0.0,0,-34,0,34,43,True,0
Ryan McAidoo,MID,Man City,0.0,0,0,0,0,0,0.0,0,742,0.00,0.00,0.00,0.00,363,0,0,0.0,0.0,2026-05-19T18:30:00Z,0,False,4,0,0,0,0,0,37,0,1584,0,0,1,1,0.0,0,-6,10,16,45,False,0
Jordan Pickford,GK,Everton,0.0,0,0,-1,0,3,0.0,0,287,0.00,0.00,0.00,0.76,366,3,0,0.8,8.2,2026-05-17T14:00:00Z,90,False,17,0,0,0,12,0,37,0,1712151,1,0,3,1,0.0,1,17857,40394,22537,56,True,0
Enzo Barrenechea,MID,Aston Villa,0.0,0,0,0,0,0,0.0,0,56,0.00,0.00,0.00,0.00,362,0,0,0.0,0.0,2026-05-15T19:00:00Z,0,False,12,0,0,0,0,0,37,0,44,0,0,2,4,0.0,0,0,0,0,50,True,0
Pau Torres,DEF,Aston Villa,0.0,1,0,13,0,3,0.3,4,41,0.00,0.55,0.55,1.43,362,2,0,3.5,17.6,2026-05-15T19:00:00Z,90,False,12,0,0,0,1,0,37,0,39335,1,1,2,4,17.0,4,-476,149,625,43,True,0
Bart Verbruggen,GK,Brighton,0.0,0,0,5,0,1,0.0,0,139,0.00,0.00,0.00,0.39,367,1,0,0.8,7.6,2026-05-17T14:00:00Z,90,False,11,0,0,0,10,0,37,1,1248836,1,0,0,1,0.0,2,-9031,25482,34513,46,False,0
Tariq Lamptey,DEF,Brighton,0.0,0,0,0,0,0,0.0,0,150,0.00,0.00,0.00,0.00,367,0,0,0.0,0.0,2026-05-17T14:00:00Z,0,False,11,0,0,0,0,0,37,0,10468,0,0,0,1,0.0,0,-12,0,12,44,False,0
Ashley Barnes,FWD,Burnley,0.0,0,0,0,0,0,0.0,0,218,0.00,0.00,0.00,0.00,361,0,0,0.0,0.0,2026-05-18T19:00:00Z,0,False,1,0,0,0,0,0,37,0,162225,0,0,0,1,0.0,0,-1221,993,2214,42,False,0
Travis Patterson,DEF,Aston Villa,0.0,0,0,0,0,0,0.0,0,710,0.00,0.00,0.00,0.00,362,0,0,0.0,0.0,2026-05-15T19:00:00Z,0,False,12,0,0,0,0,0,37,0,24996,0,0,2,4,0.0,0,-45,70,115,39,True,0
George Hemmings,MID,Aston Villa,0.0,0,0,0,0,0,0.0,0,754,0.00,0.00,0.00,0.00,362,0,0,0.0,0.0,2026-05-15T19:00:00Z,0,False,12,0,0,0,0,0,37,0,1267,0,0,2,4,0.0,0,20,43,23,45,True,0
Sverre Nypan,MID,Man City,0.0,0,0,0,0,0,0.0,0,428,0.00,0.00,0.00,0.00,363,0,0,0.0,0.0,2026-05-19T18:30:00Z,0,False,4,0,0,0,0,0,37,0,2017,0,0,1,1,0.0,0,3,12,9,50,False,0
Josh Acheampong,DEF,Chelsea,0.0,0,0,8,0,2,0.5,3,233,0.00,0.00,0.00,1.51,365,1,0,0.5,4.0,2026-05-19T19:15:00Z,73,False,18,0,0,0,3,0,37,0,225631,1,1,1,2,0.0,2,3952,10276,6324,37,True,0
Igor Jesus Maciel da Cruz,FWD,Nott'm Forest,0.0,0,0,7,0,2,5.7,5,526,0.01,0.03,0.02,3.74,368,3,0,2.1,8.0,2026-05-17T11:30:00Z,83,False,14,0,0,0,2,0,37,0,314648,1,1,2,3,7.0,2,-4285,23997,28282,59,False,0
Illia Zabarnyi,DEF,Bournemouth,0.0,0,0,0,0,0,0.0,0,71,0.00,0.00,0.00,0.00,363,0,0,0.0,0.0,2026-05-19T18:30:00Z,0,False,13,0,0,0,0,0,37,0,2911,0,0,1,1,0.0,0,-3,0,3,50,True,0
Julián Araujo Zúñiga,DEF,Bournemouth,0.0,0,0,0,0,0,0.0,0,78,0.00,0.00,0.00,0.00,363,0,0,0.0,0.0,2026-05-19T18:30:00Z,0,False,13,0,0,0,0,0,37,0,63241,0,0,1,1,0.0,0,-318,0,318,38,True,0
Milos Kerkez,DEF,Liverpool,0.0,0,0,3,0,2,11.8,2,371,0.01,0.01,0.00,1.85,362,4,0,1.8,6.6,2026-05-15T19:00:00Z,90,False,2,0,0,0,7,0,37,0,382620,1,0,2,4,0.0,0,-2317,995,3312,56,False,0
Lamare Bogarde,DEF,Aston Villa,0.0,0,0,0,0,0,0.0,0,44,0.00,0.00,0.00,0.00,362,0,0,0.0,0.0,2026-05-15T19:00:00Z,0,False,12,0,0,0,0,0,37,0,70012,0,0,2,4,0.0,0,-282,591,873,40,True,0
Dermot Mee,GK,Man Utd,0.0,0,0,0,0,0,0.0,0,435,0.00,0.00,0.00,0.00,368,0,0,0.0,0.0,2026-05-17T11:30:00Z,0,False,16,0,0,0,0,0,37,0,12731,0,0,2,3,0.0,0,5,78,73,39,True,0
Alisson Becker,GK,Liverpool,0.0,0,0,0,0,0,0.0,0,366,0.00,0.00,0.00,0.00,362,0,0,0.0,0.0,2026-05-15T19:00:00Z,0,False,2,0,0,0,0,0,37,0,674453,0,0,2,4,0.0,0,-5902,170,6072,54,False,0
Fabian Schär,DEF,Newcastle,0.0,0,0,0,0,0,0.0,0,474,0.00,0.00,0.00,0.00,369,0,0,0.0,0.0,2026-05-17T16:30:00Z,0,False,19,0,0,0,0,0,37,0,146661,0,0,1,3,0.0,0,-340,37,377,52,True,0
Marc Cucurella Saseta,DEF,Chelsea,0.0,0,0,6,0,2,1.5,5,224,0.00,0.00,0.00,1.72,365,1,0,1.2,8.8,2026-05-19T19:15:00Z,90,False,18,0,0,0,1,0,37,0,1890219,1,3,1,2,2.0,1,-5252,13083,18335,61,True,1
Norberto Murara Neto,GK,Bournemouth,0.0,0,0,0,0,0,0.0,0,66,0.00,0.00,0.00,0.00,363,0,0,0.0,0.0,2026-05-19T18:30:00Z,0,False,13,0,0,0,0,0,37,0,7103,0,0,1,1,0.0,0,-16,0,16,45,True,0
Max Weiß,GK,Burnley,0.0,0,0,9,0,2,0.0,0,183,0.00,0.00,0.00,1.29,361,1,0,1.8,18.0,2026-05-18T19:00:00Z,90,False,1,0,0,0,6,0,37,2,15719,1,0,0,1,0.0,2,313,434,121,42,False,0
Amad Diallo,MID,Man Utd,0.0,0,0,5,0,0,14.2,3,452,0.33,0.45,0.12,1.88,368,2,0,4.7,4.0,2026-05-17T11:30:00Z,90,False,16,0,0,0,2,0,37,0,170528,1,1,2,3,29.0,2,-605,2163,2768,62,True,0
Jorge Cuenca Barreno,DEF,Fulham,0.0,0,0,0,0,0,0.0,0,321,0.00,0.00,0.00,0.00,370,0,0,0.0,0.0,2026-05-17T14:00:00Z,0,False,20,0,0,0,0,0,37,0,6942,0,0,1,1,0.0,0,-33,53,86,43,False,0
Oliver Sonne,DEF,Burnley,0.0,0,0,0,0,0,0.0,0,197,0.00,0.00,0.00,0.00,361,0,0,0.0,0.0,2026-05-18T19:00:00Z,0,False,1,0,0,0,0,0,37,0,21422,0,0,0,1,0.0,0,-304,0,304,38,False,0
Edson Álvarez Velázquez,MID,West Ham,0.0,0,0,0,0,0,0.0,0,616,0.00,0.00,0.00,0.00,369,0,0,0.0,0.0,2026-05-17T16:30:00Z,0,False,15,0,0,0,0,0,37,0,5909,0,0,1,3,0.0,0,-5,0,5,49,False,0
Yankuba Minteh,MID,Brighton,0.0,0,0,12,1,3,25.3,6,160,0.29,0.29,0.00,0.32,367,0,0,4.2,13.0,2026-05-17T14:00:00Z,90,False,11,0,0,0,3,0,37,0,330934,1,0,0,1,4.0,3,11705,20835,9130,55,False,0
Eberechi Eze,MID,Arsenal,0.0,0,0,19,1,0,13.8,4,266,0.04,0.45,0.41,0.19,361,0,0,4.9,5.2,2026-05-18T19:00:00Z,72,False,3,0,0,0,4,0,37,0,1166537,1,0,0,1,30.0,3,14402,43833,29431,73,True,0
Lewis Orford,MID,West Ham,0.0,0,0,0,0,0,0.0,0,622,0.00,0.00,0.00,0.00,369,0,0,0.0,0.0,2026-05-17T16:30:00Z,0,False,15,0,0,0,0,0,37,0,6708,0,0,1,3,0.0,0,-8,0,8,44,False,0
Simon Adingra,MID,Sunderland,0.0,0,0,0,0,0,0.0,0,543,0.00,0.00,0.00,0.00,366,0,0,0.0,0.0,2026-05-17T14:00:00Z,0,False,9,0,0,0,0,0,37,0,43857,0,0,3,1,0.0,0,-96,0,96,49,False,0
Alexander Isak,FWD,Liverpool,0.0,0,0,0,0,0,0.0,0,499,0.00,0.00,0.00,0.00,362,0,0,0.0,0.0,2026-05-15T19:00:00Z,0,False,2,0,0,0,0,0,37,0,509475,0,0,2,4,0.0,0,-4578,6438,11016,103,False,0
Dominic Solanke-Mitchell,FWD,Spurs,0.0,0,0,0,0,0,0.0,0,596,0.00,0.00,0.00,0.00,365,0,0,0.0,0.0,2026-05-19T19:15:00Z,0,False,7,0,0,0,0,0,37,0,143920,0,0,1,2,0.0,0,-8527,47,8574,71,False,0
Rodrigo Bentancur,MID,Spurs,0.0,0,0,17,0,1,11.4,8,585,0.03,0.03,0.00,0.63,365,2,0,2.0,6.4,2026-05-19T19:15:00Z,90,False,7,0,0,0,5,0,37,0,22173,1,2,1,2,2.0,2,214,520,306,52,False,0
Patrick Dorgu,DEF,Man Utd,0.0,0,0,6,0,2,6.3,2,441,0.30,0.45,0.15,0.26,368,0,0,3.0,6.2,2026-05-17T11:30:00Z,10,False,16,0,0,0,2,0,37,0,313933,0,0,2,3,17.0,1,2034,5761,3727,41,True,0
Ayden Heaven,DEF,Man Utd,0.0,0,0,0,0,0,0.0,0,447,0.00,0.00,0.00,0.00,368,0,0,0.0,0.0,2026-05-17T11:30:00Z,0,False,16,0,0,0,0,0,37,0,345182,0,0,2,3,0.0,0,4590,18197,13607,37,True,0
James Tarkowski,DEF,Everton,0.0,0,0,6,0,7,11.9,11,291,0.02,0.09,0.07,0.76,366,3,0,7.2,24.8,2026-05-17T14:00:00Z,90,False,17,0,0,0,3,0,37,0,1674559,1,4,3,1,35.0,3,190536,202221,11685,57,True,0
Facundo Buonanotte,MID,Leeds,0.0,0,0,0,0,0,0.0,0,168,0.00,0.00,0.00,0.00,367,0,0,0.0,0.0,2026-05-17T14:00:00Z,0,False,6,0,0,0,0,0,37,0,12028,0,0,0,1,0.0,0,-340,47,387,46,True,0
Jack Moorhouse,MID,Man Utd,0.0,0,0,0,0,0,0.0,0,464,0.00,0.00,0.00,0.00,368,0,0,0.0,0.0,2026-05-17T11:30:00Z,0,False,16,0,0,0,0,0,37,0,2156,0,0,2,3,0.0,0,-3,0,3,45,True,0
Carlos Henrique Casimiro,MID,Man Utd,0.0,0,0,6,0,1,24.2,4,457,0.08,0.26,0.18,1.62,368,2,0,4.2,6.8,2026-05-17T11:30:00Z,80,False,16,0,0,0,1,0,37,0,707995,1,2,2,3,11.0,1,10315,61875,51560,59,True,1
José Malheiro de Sá,GK,Wolves,0.0,0,0,14,0,1,0.0,0,628,0.01,0.01,0.00,1.59,370,1,0,2.4,23.8,2026-05-17T14:00:00Z,90,False,10,0,0,0,11,0,37,4,137607,1,0,1,1,0.0,3,-4542,278,4820,42,True,0
Callan McKenna,GK,Bournemouth,0.0,0,0,0,0,0,0.0,0,69,0.00,0.00,0.00,0.00,363,0,0,0.0,0.0,2026-05-19T18:30:00Z,0,False,13,0,0,0,0,0,37,0,31087,0,0,1,1,0.0,0,-227,132,359,39,True,0
Fábio Freitas Gouveia Carvalho,MID,Brentford,0.0,0,0,0,0,0,0.0,0,123,0.00,0.00,0.00,0.00,364,0,0,0.0,0.0,2026-05-17T14:00:00Z,0,False,8,0,0,0,0,0,37,0,13685,0,0,2,2,0.0,0,-4,24,28,46,True,0
Sean Neave,FWD,Newcastle,0.0,0,0,0,0,0,0.0,0,501,0.00,0.00,0.00,0.00,369,0,0,0.0,0.0,2026-05-17T16:30:00Z,0,False,19,0,0,0,0,0,37,0,32893,0,0,1,3,0.0,0,30,200,170,43,True,0
Luis Díaz Marulanda,MID,Liverpool,0.0,0,0,0,0,0,0.0,0,383,0.00,0.00,0.00,0.00,362,0,0,0.0,0.0,2026-05-15T19:00:00Z,0,False,2,0,0,0,0,0,37,0,5482,0,0,2,4,0.0,0,-4,0,4,80,False,0
Joe Hodge,MID,Wolves,0.0,0,0,0,0,0,0.0,0,653,0.00,0.00,0.00,0.00,370,0,0,0.0,0.0,2026-05-17T14:00:00Z,0,False,10,0,0,0,0,0,37,0,3205,0,0,1,1,0.0,0,-5,0,5,45,True,0
Sander Berge,MID,Fulham,0.0,0,0,0,0,0,1.6,5,330,0.01,0.17,0.16,0.34,370,1,0,0.8,0.0,2026-05-17T14:00:00Z,45,False,20,0,0,0,4,0,37,0,10480,1,1,1,1,8.0,1,-85,256,341,49,False,0
Tanaka Ao,MID,Leeds,0.0,0,0,6,0,1,5.2,3,358,0.04,0.04,0.00,1.92,367,0,0,1.0,4.8,2026-05-17T14:00:00Z,59,False,6,0,0,0,2,0,37,0,27672,1,0,0,1,0.0,1,1136,1664,528,48,True,0
Carlos Miguel dos Santos Pereira,GK,Nott'm Forest,0.0,0,0,0,0,0,0.0,0,503,0.00,0.00,0.00,0.00,368,0,0,0.0,0.0,2026-05-17T11:30:00Z,0,False,14,0,0,0,0,0,37,0,7823,0,0,2,3,0.0,0,-34,0,34,40,False,0
Matty Cash,DEF,Aston Villa,0.0,0,0,3,0,5,12.4,7,36,0.01,0.02,0.01,1.43,362,2,0,3.1,16.6,2026-05-15T19:00:00Z,90,False,12,0,0,0,3,0,37,0,1010711,1,2,2,4,2.0,0,-51084,3841,54925,47,True,1
Bendito Mantato,MID,Man Utd,0.0,0,0,0,0,0,0.0,0,769,0.00,0.00,0.00,0.00,368,0,0,0.0,0.0,2026-05-17T11:30:00Z,0,False,16,0,0,0,0,0,37,0,681,0,0,2,3,0.0,0,6,17,11,45,True,0
Bruno Borges Fernandes,MID,Man Utd,0.0,2,1,42,0,0,106.8,2,449,0.88,1.07,0.19,1.88,368,2,0,17.8,37.0,2026-05-17T11:30:00Z,90,False,16,0,0,0,0,0,37,0,6246045,1,2,2,3,34.0,9,24021,66843,42822,104,True,0
Stefanos Tzimas,FWD,Brighton,0.0,0,0,0,0,0,0.0,0,180,0.00,0.00,0.00,0.00,367,0,0,0.0,0.0,2026-05-17T14:00:00Z,0,False,11,0,0,0,0,0,37,0,9596,0,0,0,1,0.0,0,24,69,45,52,False,0
Daniel Bentley,GK,Wolves,0.0,0,0,0,0,0,0.0,0,629,0.00,0.00,0.00,0.00,370,0,0,0.0,0.0,2026-05-17T14:00:00Z,0,False,10,0,0,0,0,0,37,0,64343,0,0,1,1,0.0,0,-622,1116,1738,39,True,0
Marcus Rashford,MID,Man Utd,0.0,0,0,0,0,0,0.0,0,451,0.00,0.00,0.00,0.00,368,0,0,0.0,0.0,2026-05-17T11:30:00Z,0,False,16,0,0,0,0,0,37,0,1926,0,0,2,3,0.0,0,-1,0,1,70,True,0
TJ Carroll,DEF,Aston Villa,0.0,0,0,0,0,0,0.0,0,781,0.00,0.00,0.00,0.00,362,0,0,0.0,0.0,2026-05-15T19:00:00Z,0,False,12,0,0,0,0,0,37,0,2444,0,0,2,4,0.0,0,10,36,26,40,True,0
Rico Henry,DEF,Brentford,0.0,0,0,0,0,0,0.0,0,109,0.00,0.00,0.00,0.00,364,0,0,0.0,0.0,2026-05-17T14:00:00Z,0,False,8,0,0,0,0,0,37,0,16024,0,0,2,2,0.0,0,-173,18,191,43,True,0
Samuel Iling-Junior,MID,Aston Villa,0.0,0,0,0,0,0,0.0,0,51,0.00,0.00,0.00,0.00,362,0,0,0.0,0.0,2026-05-15T19:00:00Z,0,False,12,0,0,0,0,0,37,0,2414,0,0,2,4,0.0,0,0,0,0,55,True,0
Abdallah Sima,MID,Brighton,0.0,0,0,0,0,0,0.0,0,165,0.00,0.00,0.00,0.00,367,0,0,0.0,0.0,2026-05-17T14:00:00Z,0,False,11,0,0,0,0,0,37,0,1418,0,0,0,1,0.0,0,-2,0,2,54,False,0
Tosin Adarabioyo,DEF,Chelsea,0.0,0,0,0,0,0,0.0,0,232,0.00,0.00,0.00,0.00,365,0,0,0.0,0.0,2026-05-19T19:15:00Z,0,False,18,0,0,0,0,0,37,0,34215,0,0,1,2,0.0,0,2,283,281,40,True,0
Sam Greenwood,MID,Leeds,0.0,0,0,0,0,0,0.0,0,355,0.00,0.00,0.00,0.00,367,0,0,0.0,0.0,2026-05-17T14:00:00Z,0,False,6,0,0,0,0,0,37,0,4137,0,0,0,1,0.0,0,-1,0,1,49,True,0
Jarrad Branthwaite,DEF,Everton,0.0,0,0,0,0,0,0.0,0,290,0.00,0.00,0.00,0.00,366,0,0,0.0,0.0,2026-05-17T14:00:00Z,0,False,17,0,0,0,0,0,37,0,38223,0,0,3,1,0.0,0,-1968,57,2025,53,True,0
Ethan Pinnock,DEF,Brentford,0.0,0,0,0,0,0,0.0,0,111,0.00,0.00,0.00,0.00,364,0,0,0.0,0.0,2026-05-17T14:00:00Z,0,False,8,0,0,0,0,0,37,0,16214,0,0,2,2,0.0,0,-162,112,274,42,True,0
Wellity Lucky,DEF,Liverpool,0.0,0,0,0,0,0,0.0,0,760,0.00,0.00,0.00,0.00,362,0,0,0.0,0.0,2026-05-15T19:00:00Z,0,False,2,0,0,0,0,0,37,0,2863,0,0,2,4,0.0,0,7,27,20,40,False,0
Alex Cairns,GK,Leeds,0.0,0,0,0,0,0,0.0,0,340,0.00,0.00,0.00,0.00,367,0,0,0.0,0.0,2026-05-17T14:00:00Z,0,False,6,0,0,0,0,0,37,0,18908,0,0,0,1,0.0,0,31,145,114,39,True,0
Mateo Joseph Fernández-Regatillo,FWD,Leeds,0.0,0,0,0,0,0,0.0,0,364,0.00,0.00,0.00,0.00,367,0,0,0.0,0.0,2026-05-17T14:00:00Z,0,False,6,0,0,0,0,0,37,0,1236,0,0,0,1,0.0,0,0,0,0,50,True,0
Kai Havertz,FWD,Arsenal,0.0,0,3,34,1,0,36.2,2,30,0.33,0.72,0.39,0.19,361,0,1,12.6,35.4,2026-05-18T19:00:00Z,72,False,3,0,0,0,2,0,37,0,74912,1,0,0,1,54.0,8,-606,3609,4215,73,True,1
Raúl Jiménez Rodríguez,FWD,Fulham,0.0,0,0,3,0,0,1.0,1,337,0.00,0.11,0.11,0.68,370,0,0,0.5,0.0,2026-05-17T14:00:00Z,23,False,20,0,0,0,1,0,37,0,253484,0,0,1,1,6.0,1,1403,17693,16290,60,False,0
Brian Brobbey,FWD,Sunderland,0.0,0,1,30,0,2,1.0,4,730,0.01,0.34,0.33,0.53,366,1,1,5.9,39.4,2026-05-17T14:00:00Z,76,False,9,0,0,0,1,0,37,0,121827,1,1,3,1,19.0,7,-8991,4313,13304,53,False,0
Evann Guessand,MID,Crystal Palace,0.0,0,0,3,0,1,0.3,1,677,0.10,0.10,0.00,0.41,364,0,0,0.2,1.2,2026-05-17T14:00:00Z,1,False,5,0,0,0,0,0,37,0,5492,0,0,2,2,0.0,1,-59,23,82,62,False,0
Kaye Furo,FWD,Brentford,0.0,0,0,0,0,0,0.0,0,797,0.00,0.00,0.00,0.00,364,0,0,0.0,0.0,2026-05-17T14:00:00Z,0,False,8,0,0,0,0,0,37,0,2422,0,0,2,2,0.0,0,71,127,56,45,True,0
Antony dos Santos,MID,Man Utd,0.0,0,0,0,0,0,0.0,0,454,0.00,0.00,0.00,0.00,368,0,0,0.0,0.0,2026-05-17T11:30:00Z,0,False,16,0,0,0,0,0,37,0,7296,0,0,2,3,0.0,0,-3,0,3,59,True,0
Tyler Onyango,MID,Everton,0.0,0,0,0,0,0,0.0,0,704,0.00,0.00,0.00,0.00,366,0,0,0.0,0.0,2026-05-17T14:00:00Z,0,False,17,0,0,0,0,0,37,0,6309,0,0,3,1,0.0,0,-9,0,9,45,True,0
