name,position,team,xP,assists,bonus,bps,clean_sheets,clearances_blocks_interceptions,creativity,defensive_contribution,element,expected_assists,expected_goal_involvements,expected_goals,expected_goals_conceded,fixture,goals_conceded,goals_scored,ict_index,influence,kickoff_time,minutes,modified,opponent_team,own_goals,penalties_missed,penalties_saved,recoveries,red_cards,round,saves,selected,starts,tackles,team_a_score,team_h_score,threat,total_points,transfers_balance,transfers_in,transfers_out,value,was_home,yellow_cards
Reinildo Mandava,DEF,Sunderland,3.5,0,0,12,0,4,1.9,8,541,0.01,0.01,0.00,0.89,378,1,0,1.6,14.0,2026-05-24T15:00:00Z,90,False,7,0,0,0,6,0,38,0,388757,1,4,1,2,0.0,2,3806,9340,5534,38,True,0
Lorenzo Lucca,FWD,Nott'm Forest,0.2,0,0,0,0,0,0.0,0,805,0.00,0.00,0.00,0.00,377,0,0,0.0,0.0,2026-05-24T15:00:00Z,0,False,4,0,0,0,0,0,38,0,1964,0,0,1,1,0.0,0,19,136,117,53,True,0
Lewis Dobbin,MID,Aston Villa,0.0,0,0,0,0,0,0.0,0,57,0.00,0.00,0.00,0.00,376,0,0,0.0,0.0,2026-05-24T15:00:00Z,0,False,13,0,0,0,0,0,38,0,3112,0,0,2,1,0.0,0,0,0,0,50,False,0
Ryan Christie,MID,Bournemouth,0.0,0,0,0,0,0,0.0,0,87,0.00,0.00,0.00,0.00,377,0,0,0.0,0.0,2026-05-24T15:00:00Z,0,False,16,0,0,0,0,0,38,0,13154,0,0,1,1,0.0,0,-2224,44,2268,49,False,0
Leo Shahar,DEF,Newcastle,0.0,0,0,0,0,0,0.0,0,765,0.00,0.00,0.00,0.00,374,0,0,0.0,0.0,2026-05-24T15:00:00Z,0,False,10,0,0,0,0,0,38,0,4490,0,0,0,2,0.0,0,28,125,97,40,False,0
Zeki Amdouni,FWD,Burnley,1.0,0,0,0,0,0,1.9,0,216,0.01,0.01,0.00,0.49,372,0,0,0.5,0.0,2026-05-24T15:00:00Z,24,False,20,0,0,0,0,0,38,0,3346,0,0,1,1,4.0,1,179,242,63,48,True,0
Lucas Tolentino Coelho de Lima,MID,West Ham,0.0,0,0,0,0,0,0.0,0,612,0.00,0.00,0.00,0.00,380,0,0,0.0,0.0,2026-05-24T15:00:00Z,0,False,11,0,0,0,0,0,38,0,136786,0,0,0,3,0.0,0,-319,0,319,59,True,0
Jorrel Hato,DEF,Chelsea,1.0,0,0,0,0,4,1.8,4,672,0.06,0.06,0.00,1.38,378,2,0,1.2,7.8,2026-05-24T15:00:00Z,51,False,17,0,0,0,0,0,38,0,25932,1,0,1,2,2.0,0,1345,1574,229,46,False,0
Myles Peart-Harris,MID,Brentford,0.0,0,0,0,0,0,0.0,0,133,0.00,0.00,0.00,0.00,375,0,0,0.0,0.0,2026-05-24T15:00:00Z,0,False,12,0,0,0,0,0,38,0,3977,0,0,1,1,0.0,0,-9,0,9,44,False,0
Bashir Humphreys,DEF,Burnley,0.8,0,0,10,0,3,3.1,3,193,0.01,0.01,0.00,2.09,372,1,0,2.4,18.4,2026-05-24T15:00:00Z,90,False,20,0,0,0,5,0,38,0,15670,1,0,1,1,2.0,2,11,416,405,39,True,0
Romain Faivre,MID,Bournemouth,0.0,0,0,0,0,0,0.0,0,92,0.00,0.00,0.00,0.00,377,0,0,0.0,0.0,2026-05-24T15:00:00Z,0,False,16,0,0,0,0,0,38,0,7658,0,0,1,1,0.0,0,-20,0,20,45,False,0
Enock Agyei,MID,Burnley,0.0,0,0,0,0,0,0.0,0,203,0.00,0.00,0.00,0.00,372,0,0,0.0,0.0,2026-05-24T15:00:00Z,0,False,20,0,0,0,0,0,38,0,6320,0,0,1,1,0.0,0,36,111,75,47,True,0
Callum Bates,MID,Everton,0.0,0,0,0,0,0,0.0,0,306,0.00,0.00,0.00,0.00,379,0,0,0.0,0.0,2026-05-24T15:00:00Z,0,False,18,0,0,0,0,0,38,0,12330,0,0,0,1,0.0,0,-1,261,262,43,False,0
Harry Tyrer,GK,Everton,0.0,0,0,0,0,0,0.0,0,289,0.00,0.00,0.00,0.00,379,0,0,0.0,0.0,2026-05-24T15:00:00Z,0,False,18,0,0,0,0,0,38,0,11207,0,0,0,1,0.0,0,-63,0,63,39,False,0
Etienne Green,GK,Burnley,0.0,0,0,0,0,0,0.0,0,184,0.00,0.00,0.00,0.00,372,0,0,0.0,0.0,2026-05-24T15:00:00Z,0,False,20,0,0,0,0,0,38,0,20058,0,0,1,1,0.0,0,-121,0,121,40,True,0
Destiny Udogie,DEF,Spurs,2.8,0,1,32,1,1,2.5,3,574,0.02,0.04,0.02,0.16,379,0,0,2.3,13.4,2026-05-24T15:00:00Z,89,False,9,0,0,0,3,0,38,0,41421,1,2,0,1,7.0,7,813,1056,243,43,True,0
Simon Moore,GK,Sunderland,0.0,0,0,0,0,0,0.0,0,529,0.00,0.00,0.00,0.00,378,0,0,0.0,0.0,2026-05-24T15:00:00Z,0,False,7,0,0,0,0,0,38,0,43057,0,0,1,2,0.0,0,-286,188,474,39,True,0
Ben Winterburn,MID,Bournemouth,0.0,0,0,0,0,0,0.0,0,96,0.00,0.00,0.00,0.00,377,0,0,0.0,0.0,2026-05-24T15:00:00Z,0,False,16,0,0,0,0,0,38,0,3837,0,0,1,1,0.0,0,-3,0,3,45,False,0
Mikey Moore,MID,Spurs,0.0,0,0,0,0,0,0.0,0,592,0.00,0.00,0.00,0.00,379,0,0,0.0,0.0,2026-05-24T15:00:00Z,0,False,9,0,0,0,0,0,38,0,417,0,0,0,1,0.0,0,0,0,0,50,True,0
Jesse Derry,MID,Chelsea,0.2,0,0,0,0,0,0.0,0,829,0.00,0.00,0.00,0.00,378,0,0,0.0,0.0,2026-05-24T15:00:00Z,0,False,17,0,0,0,0,0,38,0,141,0,0,1,2,0.0,0,41,59,18,45,False,0
Pape Matar Sarr,MID,Spurs,1.2,0,0,1,0,2,11.5,2,593,0.00,0.00,0.00,0.25,379,0,0,1.5,3.2,2026-05-24T15:00:00Z,17,False,9,0,0,0,0,0,38,0,129728,0,0,0,1,0.0,0,2413,5081,2668,45,True,1
Hákon Rafn Valdimarsson,GK,Brentford,-0.5,0,0,0,0,0,0.0,0,105,0.00,0.00,0.00,0.00,375,0,0,0.0,0.0,2026-05-24T15:00:00Z,0,False,12,0,0,0,0,0,38,0,132058,0,0,1,1,0.0,0,10970,15792,4822,38,False,0
Toby Collyer,MID,Man Utd,0.0,0,0,0,0,0,0.0,0,460,0.00,0.00,0.00,0.00,371,0,0,0.0,0.0,2026-05-24T15:00:00Z,0,False,6,0,0,0,0,0,38,0,3219,0,0,3,0,0.0,0,-5,0,5,45,False,0
Jaydon Jones,MID,Sunderland,0.0,0,0,0,0,0,0.0,0,822,0.00,0.00,0.00,0.00,378,0,0,0.0,0.0,2026-05-24T15:00:00Z,0,False,7,0,0,0,0,0,38,0,407,0,0,1,2,0.0,0,24,51,27,45,True,0
Marcos Senesi Barón,DEF,Bournemouth,7.0,0,0,11,0,5,2.3,7,72,0.02,0.02,0.00,1.73,377,1,0,3.0,25.6,2026-05-24T15:00:00Z,90,False,16,0,0,0,5,0,38,0,2904597,1,2,1,1,2.0,2,155046,186166,31120,52,False,0
Adam Armstrong,FWD,Wolves,3.2,0,1,19,0,0,0.0,1,817,0.00,0.79,0.79,0.56,372,1,1,5.9,32.0,2026-05-24T15:00:00Z,73,False,3,0,0,0,1,0,38,0,7475,1,0,1,1,27.0,7,522,1431,909,51,False,0
Tyler Morton,MID,Liverpool,0.0,0,0,0,0,0,0.0,0,395,0.00,0.00,0.00,0.00,375,0,0,0.0,0.0,2026-05-24T15:00:00Z,0,False,5,0,0,0,0,0,38,0,265,0,0,1,1,0.0,0,0,0,0,45,True,0
Alexis Mac Allister,MID,Liverpool,2.5,0,0,11,0,1,34.8,4,386,0.09,0.43,0.34,1.56,375,1,0,8.3,15.0,2026-05-24T15:00:00Z,90,False,5,0,0,0,0,0,38,0,231747,1,3,1,1,33.0,1,-2687,5257,7944,61,True,1
André Trindade da Costa Neto,MID,Wolves,2.5,0,0,14,0,3,0.8,13,643,0.00,0.02,0.02,0.98,372,1,0,2.0,15.6,2026-05-24T15:00:00Z,90,False,3,0,0,0,6,0,38,0,13847,1,4,1,1,4.0,4,286,958,672,52,False,0
Harrison Ashby,DEF,Newcastle,0.0,0,0,0,0,0,0.0,0,482,0.00,0.00,0.00,0.00,374,0,0,0.0,0.0,2026-05-24T15:00:00Z,0,False,10,0,0,0,0,0,38,0,13947,0,0,0,2,0.0,0,-35,0,35,39,False,0
Samuel Amissah,DEF,Fulham,0.0,0,0,0,0,0,0.0,0,323,0.00,0.00,0.00,0.00,374,0,0,0.0,0.0,2026-05-24T15:00:00Z,0,False,15,0,0,0,0,0,38,0,18802,0,0,0,2,0.0,0,-6,151,157,38,True,0
Luís Hemir Silva Semedo,FWD,Sunderland,0.0,0,0,0,0,0,0.0,0,563,0.00,0.00,0.00,0.00,378,0,0,0.0,0.0,2026-05-24T15:00:00Z,0,False,7,0,0,0,0,0,38,0,10436,0,0,1,2,0.0,0,-16,0,16,44,True,0
Adama Traoré Diarra,MID,West Ham,0.1,0,0,0,0,0,0.0,0,326,0.00,0.00,0.00,0.00,380,0,0,0.0,0.0,2026-05-24T15:00:00Z,0,False,11,0,0,0,0,0,38,0,19373,0,0,0,3,0.0,0,-288,17,305,51,True,0
Yasin Ayari,MID,Brighton,0.5,0,0,0,0,0,0.0,0,166,0.00,0.00,0.00,0.00,371,0,0,0.0,0.0,2026-05-24T15:00:00Z,0,False,14,0,0,0,0,0,38,0,46825,0,0,3,0,0.0,0,-1917,763,2680,48,True,0
Mateo Kovačić,MID,Man City,1.9,0,0,5,0,2,12.2,4,422,0.04,0.11,0.07,1.32,376,1,0,1.9,5.2,2026-05-24T15:00:00Z,31,False,2,0,0,0,2,0,38,0,3232,0,0,2,1,2.0,1,86,150,64,58,True,0
Thierno Barry,FWD,Everton,3.8,0,0,0,0,2,1.4,4,310,0.00,0.03,0.03,1.15,379,1,0,0.8,0.2,2026-05-24T15:00:00Z,83,False,18,0,0,0,2,0,38,0,100345,1,0,0,1,6.0,2,-840,6091,6931,57,False,0
Ollie Scarles,DEF,West Ham,0.0,0,0,0,0,0,0.0,0,608,0.00,0.00,0.00,0.00,380,0,0,0.0,0.0,2026-05-24T15:00:00Z,0,False,11,0,0,0,0,0,38,0,4904,0,0,0,3,0.0,0,18,51,33,43,True,0
Rico Lewis,DEF,Man City,0.5,0,0,-3,0,0,15.2,0,410,0.08,0.16,0.08,1.77,376,2,0,3.1,3.4,2026-05-24T15:00:00Z,90,False,2,0,0,0,5,0,38,0,153830,1,0,2,1,12.0,0,-2,369,371,46,True,1
Jimmy Sinclair,MID,Nott'm Forest,0.0,0,0,0,0,0,0.0,0,836,0.00,0.00,0.00,0.00,377,0,0,0.0,0.0,2026-05-24T15:00:00Z,0,False,4,0,0,0,0,0,38,0,74,0,0,1,1,0.0,0,21,38,17,45,True,0
Brenden Aaronson,MID,Leeds,0.9,0,0,4,0,1,16.8,6,350,0.29,0.57,0.28,2.07,380,2,0,4.7,9.0,2026-05-24T15:00:00Z,90,False,19,0,0,0,4,0,38,0,96887,1,1,0,3,21.0,1,-27182,489,27671,54,False,1
Eliezer Mayenda Dossou,FWD,Sunderland,0.2,0,0,0,0,0,0.0,0,561,0.00,0.00,0.00,0.00,378,0,0,0.0,0.0,2026-05-24T15:00:00Z,0,False,7,0,0,0,0,0,38,0,64894,0,0,1,2,0.0,0,-364,136,500,51,True,0
Seth Ridgeon,MID,Fulham,0.0,0,0,0,0,0,0.0,0,770,0.00,0.00,0.00,0.00,374,0,0,0.0,0.0,2026-05-24T15:00:00Z,0,False,15,0,0,0,0,0,38,0,788,0,0,0,2,0.0,0,11,40,29,45,True,0
Steven Benda,GK,Fulham,0.0,0,0,0,0,0,0.0,0,315,0.00,0.00,0.00,0.00,374,0,0,0.0,0.0,2026-05-24T15:00:00Z,0,False,15,0,0,0,0,0,38,0,872,0,0,0,2,0.0,0,-10,0,10,40,True,0
Myles Lewis-Skelly,DEF,Arsenal,4.8,0,0,12,0,1,5.3,1,10,0.02,0.02,0.00,0.98,373,1,0,1.0,4.6,2026-05-24T15:00:00Z,90,False,8,0,0,0,5,0,38,0,254436,1,0,2,1,0.0,2,4888,11434,6546,50,False,0
Rhys Chadwick,MID,Leeds,0.0,0,0,0,0,0,0.0,0,838,0.00,0.00,0.00,0.00,380,0,0,0.0,0.0,2026-05-24T15:00:00Z,0,False,19,0,0,0,0,0,38,0,145,0,0,0,3,0.0,0,16,60,44,45,False,0
Hugo Bueno López,DEF,Wolves,1.8,0,0,3,0,0,0.3,0,633,0.00,0.08,0.08,0.42,372,0,0,0.6,0.4,2026-05-24T15:00:00Z,16,False,3,0,0,0,0,0,38,0,22885,0,0,1,1,5.0,1,527,1710,1183,43,False,0
Milan Aleksić,MID,Sunderland,0.0,0,0,0,0,0,0.0,0,546,0.00,0.00,0.00,0.00,378,0,0,0.0,0.0,2026-05-24T15:00:00Z,0,False,7,0,0,0,0,0,38,0,2361,0,0,1,2,0.0,0,-1,26,27,49,True,0
Toti Gomes,DEF,Wolves,2.0,0,0,3,0,1,0.1,1,637,0.00,0.00,0.00,0.42,372,0,0,0.4,1.8,2026-05-24T15:00:00Z,24,False,3,0,0,0,1,0,38,0,11165,0,0,1,1,2.0,1,35,233,198,42,False,0
Ismaïla Sarr,MID,Crystal Palace,2.4,0,0,4,0,1,2.0,3,267,0.02,0.02,0.00,1.17,373,1,0,0.9,3.2,2026-05-24T15:00:00Z,45,False,1,0,0,0,2,0,38,0,723488,1,0,2,1,4.0,1,-92355,10376,102731,64,True,0
Abdukodir Khusanov,DEF,Man City,2.7,0,0,0,0,0,0.0,0,406,0.00,0.00,0.00,0.00,376,0,0,0.0,0.0,2026-05-24T15:00:00Z,0,False,2,0,0,0,0,0,38,0,96393,0,0,2,1,0.0,0,311,4086,3775,54,True,0
André Onana,GK,Man Utd,0.0,0,0,0,0,0,0.0,0,432,0.00,0.00,0.00,0.00,371,0,0,0.0,0.0,2026-05-24T15:00:00Z,0,False,6,0,0,0,0,0,38,0,18153,0,0,3,0,0.0,0,-12,0,12,49,False,0
Rio Cardines,MID,Crystal Palace,-0.6,0,0,21,0,2,30.0,7,690,0.16,0.18,0.02,2.53,373,2,0,4.9,15.2,2026-05-24T15:00:00Z,90,False,1,0,0,0,4,0,38,0,33437,1,1,2,1,4.0,2,-87,45,132,44,True,0
Alejandro Garnacho Ferreyra,MID,Chelsea,0.2,0,0,0,0,0,0.0,0,453,0.00,0.00,0.00,0.00,378,0,0,0.0,0.0,2026-05-24T15:00:00Z,0,False,17,0,0,0,0,0,38,0,56779,0,0,1,2,0.0,0,-133,339,472,64,False,0
Talla Ndiaye,DEF,Liverpool,0.5,0,0,0,0,0,0.0,0,832,0.00,0.00,0.00,0.00,375,0,0,0.0,0.0,2026-05-24T15:00:00Z,0,False,5,0,0,0,0,0,38,0,429,0,0,1,1,0.0,0,77,99,22,40,True,0
Tammy Abraham,FWD,Aston Villa,-0.3,0,0,0,0,0,0.0,0,808,0.00,0.00,0.00,0.00,376,0,0,0.0,0.0,2026-05-24T15:00:00Z,0,False,13,0,0,0,0,0,38,0,20599,0,0,2,1,0.0,0,-1456,484,1940,57,False,0
Dan Neil,MID,Sunderland,0.0,0,0,0,0,0,0.0,0,549,0.00,0.00,0.00,0.00,378,0,0,0.0,0.0,2026-05-24T15:00:00Z,0,False,7,0,0,0,0,0,38,0,3515,0,0,1,2,0.0,0,-8,0,8,48,True,0
Lamin Sillah,FWD,Nott'm Forest,1.3,0,0,0,0,0,0.0,0,841,0.00,0.00,0.00,0.00,377,0,0,0.0,0.0,2026-05-24T15:00:00Z,0,False,4,0,0,0,0,0,38,0,0,0,0,1,1,0.0,0,0,0,0,45,True,0
Kiernan Dewsbury-Hall,MID,Everton,2.8,0,0,7,0,1,6.9,6,242,0.04,0.06,0.02,1.15,379,1,0,1.5,6.4,2026-05-24T15:00:00Z,83,False,18,0,0,0,4,0,38,0,1019620,1,1,0,1,2.0,2,-47442,29966,77408,53,False,0
Kieran Trippier,DEF,Newcastle,0.8,0,0,0,0,0,0.0,0,478,0.00,0.00,0.00,0.00,374,0,0,0.0,0.0,2026-05-24T15:00:00Z,0,False,10,0,0,0,0,0,38,0,182136,0,0,0,2,0.0,0,831,1726,895,49,False,0
João Maria Lobo Alves Palhares Costa Palhinha Gonçalves,MID,Spurs,5.2,0,3,40,1,8,23.1,17,673,0.01,0.51,0.50,0.41,379,0,1,13.4,60.6,2026-05-24T15:00:00Z,90,False,9,0,0,0,5,0,38,0,118309,1,4,0,1,50.0,12,13179,15007,1828,55,True,1
Tino Livramento,DEF,Newcastle,0.0,0,0,0,0,0,0.0,0,477,0.00,0.00,0.00,0.00,374,0,0,0.0,0.0,2026-05-24T15:00:00Z,0,False,10,0,0,0,0,0,38,0,238495,0,0,0,2,0.0,0,-1079,43,1122,49,False,0
Issa Diop,DEF,Fulham,4.5,0,3,41,1,5,0.7,5,320,0.00,0.78,0.78,0.20,374,0,1,6.4,46.6,2026-05-24T15:00:00Z,85,False,15,0,0,0,1,0,38,0,10570,1,0,0,2,17.0,15,333,470,137,43,True,0
Rasmus Højlund,FWD,Man Utd,0.0,0,0,0,0,0,0.0,0,465,0.00,0.00,0.00,0.00,371,0,0,0.0,0.0,2026-05-24T15:00:00Z,0,False,6,0,0,0,0,0,38,0,32840,0,0,3,0,0.0,0,-16,0,16,63,False,0
Dane Scarlett,FWD,Spurs,0.0,0,0,0,0,0,0.0,0,599,0.00,0.00,0.00,0.00,379,0,0,0.0,0.0,2026-05-24T15:00:00Z,0,False,9,0,0,0,0,0,38,0,68119,0,0,0,1,0.0,0,-269,0,269,43,True,0
Ezri Konsa Ngoyo,DEF,Aston Villa,0.0,0,0,0,0,0,0.0,0,38,0.00,0.00,0.00,0.00,376,0,0,0.0,0.0,2026-05-24T15:00:00Z,0,False,13,0,0,0,0,0,38,0,914726,0,0,2,1,0.0,0,-31395,2279,33674,44,False,0
Caleb Kporha,DEF,Crystal Palace,-1.0,0,0,0,0,0,0.0,0,265,0.00,0.00,0.00,0.00,373,0,0,0.0,0.0,2026-05-24T15:00:00Z,0,False,1,0,0,0,0,0,38,0,2827,0,0,2,1,0.0,0,43,91,48,40,True,0
Leon Routh,DEF,Aston Villa,-0.5,0,0,0,0,0,0.0,0,768,0.00,0.00,0.00,0.00,376,0,0,0.0,0.0,2026-05-24T15:00:00Z,0,False,13,0,0,0,0,0,38,0,2746,0,0,2,1,0.0,0,7,32,25,40,False,0
Archie Gray,MID,Spurs,0.2,0,0,2,0,1,0.0,1,591,0.00,0.00,0.00,0.25,379,0,0,0.2,2.2,2026-05-24T15:00:00Z,8,False,9,0,0,0,0,0,38,0,18081,0,0,0,1,0.0,1,-391,122,513,48,True,0
Noah Sadiki,MID,Sunderland,2.5,0,0,11,0,2,23.1,6,552,0.02,0.02,0.00,0.89,378,1,0,3.1,7.8,2026-05-24T15:00:00Z,90,False,7,0,0,0,4,0,38,0,8363,1,0,1,2,0.0,1,-162,223,385,49,True,1
Sávio Moreira de Oliveira,MID,Man City,3.1,0,0,1,0,0,27.7,2,415,0.17,0.28,0.11,1.77,376,2,0,5.8,0.8,2026-05-24T15:00:00Z,90,False,2,0,0,0,2,0,38,0,52416,1,0,2,1,29.0,2,220,506,286,69,True,0
Nathan Collins,DEF,Brentford,2.7,0,0,13,0,11,10.7,14,106,0.33,0.33,0.00,3.04,375,1,0,5.0,35.2,2026-05-24T15:00:00Z,90,False,12,0,0,0,6,0,38,0,317537,1,3,1,1,4.0,3,-15625,3234,18859,49,False,1
Manuel Ugarte Ribeiro,MID,Man Utd,0.0,0,0,0,0,0,0.0,0,459,0.00,0.00,0.00,0.00,371,0,0,0.0,0.0,2026-05-24T15:00:00Z,0,False,6,0,0,0,0,0,38,0,17989,0,0,3,0,0.0,0,-120,70,190,47,False,0
Lewis Hall,DEF,Newcastle,1.2,0,0,6,0,6,27.5,7,473,0.10,0.12,0.02,1.81,374,2,0,4.3,10.6,2026-05-24T15:00:00Z,90,False,10,0,0,0,5,0,38,0,435981,1,1,0,2,5.0,1,29,13341,13312,53,False,0
Wesley Fofana,DEF,Chelsea,1.2,0,0,-9,0,7,0.3,7,230,0.00,0.00,0.00,1.56,378,2,0,0.2,2.0,2026-05-24T15:00:00Z,61,False,17,0,0,0,3,1,38,0,47261,1,0,1,2,0.0,-2,895,1847,952,44,False,0
Martial Godo,MID,Fulham,0.0,0,0,0,0,0,0.0,0,333,0.00,0.00,0.00,0.00,374,0,0,0.0,0.0,2026-05-24T15:00:00Z,0,False,15,0,0,0,0,0,38,0,2952,0,0,0,2,0.0,0,-7,0,7,45,True,0
Leo Fuhr Hjelde,DEF,Sunderland,0.0,0,0,0,0,0,0.0,0,536,0.00,0.00,0.00,0.00,378,0,0,0.0,0.0,2026-05-24T15:00:00Z,0,False,7,0,0,0,0,0,38,0,1597,0,0,1,2,0.0,0,-9,0,9,40,True,0
Krisztián Hegyi,GK,West Ham,0.0,0,0,0,0,0,0.0,0,602,0.00,0.00,0.00,0.00,380,0,0,0.0,0.0,2026-05-24T15:00:00Z,0,False,11,0,0,0,0,0,38,0,24612,0,0,0,3,0.0,0,-251,0,251,39,True,0
Will Hughes,MID,Crystal Palace,-0.4,0,0,16,0,2,12.6,5,270,0.02,0.02,0.00,2.53,373,2,0,3.1,16.2,2026-05-24T15:00:00Z,90,False,1,0,0,0,1,0,38,0,13144,1,2,2,1,2.0,2,-188,140,328,47,True,0
Alfie Cresswell,MID,Leeds,0.0,0,0,0,0,0,0.0,0,839,0.00,0.00,0.00,0.00,380,0,0,0.0,0.0,2026-05-24T15:00:00Z,0,False,19,0,0,0,0,0,38,0,106,0,0,0,3,0.0,0,75,79,4,45,False,0
Jadon Sancho,MID,Aston Villa,0.3,0,0,0,0,0,0.0,0,456,0.00,0.00,0.00,0.00,376,0,0,0.0,0.0,2026-05-24T15:00:00Z,0,False,13,0,0,0,0,0,38,0,28625,0,0,2,1,0.0,0,22,346,324,58,False,0
Amine Adli,MID,Bournemouth,0.8,0,0,4,0,1,0.8,3,697,0.00,0.00,0.00,0.51,377,0,0,0.6,5.2,2026-05-24T15:00:00Z,17,False,16,0,0,0,0,0,38,0,26977,0,2,1,1,0.0,1,-1206,224,1430,54,False,0
Micky van de Ven,DEF,Spurs,2.5,0,0,24,1,6,0.3,6,575,0.00,0.03,0.03,0.41,379,0,0,1.9,12.6,2026-05-24T15:00:00Z,90,False,9,0,0,0,3,0,38,0,2311766,1,0,0,1,6.0,6,22025,43599,21574,44,True,0
Konstantinos Mavropanos,DEF,West Ham,3.5,0,0,24,1,11,0.9,12,606,0.01,0.01,0.00,1.59,380,0,0,2.3,22.0,2026-05-24T15:00:00Z,90,False,11,0,0,0,5,0,38,0,350546,1,1,0,3,0.0,8,88926,99727,10801,45,True,0
Emmanuel Agbadou,DEF,Wolves,0.0,0,0,0,0,0,0.0,0,631,0.00,0.00,0.00,0.00,372,0,0,0.0,0.0,2026-05-24T15:00:00Z,0,False,3,0,0,0,0,0,38,0,14325,0,0,1,1,0.0,0,-31,0,31,42,False,0
Oscar Bobb,MID,Fulham,1.8,0,0,8,1,1,22.8,5,424,0.19,0.19,0.00,0.17,374,0,0,3.1,6.2,2026-05-24T15:00:00Z,71,False,15,0,0,0,4,0,38,0,27361,1,0,0,2,2.0,3,62,418,356,51,True,0
Oluwaseun Adewumi,MID,Burnley,0.0,0,0,0,0,0,0.0,0,212,0.00,0.00,0.00,0.00,372,0,0,0.0,0.0,2026-05-24T15:00:00Z,0,False,20,0,0,0,0,0,38,0,776,0,0,1,1,0.0,0,0,0,0,45,True,0
Jordan Henderson,MID,Brentford,-0.3,0,0,7,0,0,9.0,3,124,0.02,0.02,0.00,1.79,375,1,0,1.4,4.6,2026-05-24T15:00:00Z,59,False,12,0,0,0,2,0,38,0,38325,1,1,1,1,0.0,0,98,418,320,50,False,1
Harry Wilson,MID,Fulham,2.2,1,0,14,0,0,11.3,1,329,0.00,0.10,0.10,0.14,374,0,0,3.6,17.0,2026-05-24T15:00:00Z,18,False,15,0,0,0,0,0,38,0,2261576,0,1,0,2,8.0,4,-223790,28260,252050,58,True,0
Charlie Stevens,MID,Bournemouth,0.0,0,0,0,0,0,0.0,0,799,0.00,0.00,0.00,0.00,377,0,0,0.0,0.0,2026-05-24T15:00:00Z,0,False,16,0,0,0,0,0,38,0,799,0,0,1,1,0.0,0,8,40,32,45,False,0
Malick Thiaw,DEF,Newcastle,1.8,0,0,10,0,5,1.8,6,684,0.01,0.01,0.00,1.81,374,2,0,2.0,17.8,2026-05-24T15:00:00Z,90,False,10,0,0,0,6,0,38,0,618636,1,1,0,2,0.0,1,-8544,17414,25958,49,False,0
Emerson Palmieri dos Santos,DEF,West Ham,0.0,0,0,0,0,0,0.0,0,604,0.00,0.00,0.00,0.00,380,0,0,0.0,0.0,2026-05-24T15:00:00Z,0,False,11,0,0,0,0,0,38,0,6486,0,0,0,3,0.0,0,-5,0,5,44,True,0
Godwill Kukonki,DEF,Man Utd,0.0,0,0,0,0,0,0.0,0,788,0.00,0.00,0.00,0.00,371,0,0,0.0,0.0,2026-05-24T15:00:00Z,0,False,6,0,0,0,0,0,38,0,1980,0,0,3,0,0.0,0,18,47,29,40,False,0
Trey Nyoni,MID,Liverpool,0.7,0,0,2,0,0,0.7,3,396,0.01,0.01,0.00,0.44,375,0,0,0.3,1.8,2026-05-24T15:00:00Z,7,False,5,0,0,0,2,0,38,0,38414,0,1,1,1,0.0,1,-230,230,460,43,True,0
Conor McManus,DEF,Brentford,-0.5,0,0,0,0,0,0.0,0,824,0.00,0.00,0.00,0.00,375,0,0,0.0,0.0,2026-05-24T15:00:00Z,0,False,12,0,0,0,0,0,38,0,697,0,0,1,1,0.0,0,0,30,30,40,False,0
Nilson Angulo,MID,Sunderland,1.0,0,0,7,0,5,1.2,10,813,0.02,0.30,0.28,0.81,378,1,0,2.9,4.8,2026-05-24T15:00:00Z,60,False,7,0,0,0,3,0,38,0,618,1,2,1,2,23.0,1,28,52,24,50,True,1
Angel Gomes,MID,Wolves,1.0,0,0,13,0,1,22.2,5,816,0.01,0.01,0.00,0.56,372,1,0,3.2,9.4,2026-05-24T15:00:00Z,65,False,3,0,0,0,2,0,38,0,2100,1,2,1,1,0.0,2,43,232,189,46,False,0
Saheed Olagunju,DEF,Wolves,0.0,0,0,0,0,0,0.0,0,766,0.00,0.00,0.00,0.00,372,0,0,0.0,0.0,2026-05-24T15:00:00Z,0,False,3,0,0,0,0,0,38,0,5992,0,0,1,1,0.0,0,736,961,225,40,False,0
Ladislav Krejcí,DEF,Wolves,2.0,1,1,19,0,6,10.6,7,709,0.00,0.06,0.06,0.56,372,1,0,3.0,10.4,2026-05-24T15:00:00Z,65,False,3,0,0,0,3,0,38,0,9619,1,1,1,1,9.0,6,1844,2064,220,45,False,0
Malo Gusto,DEF,Chelsea,0.2,0,0,0,0,5,12.5,7,228,0.55,0.55,0.00,1.77,378,2,0,2.8,11.2,2026-05-24T15:00:00Z,84,False,17,1,0,0,2,0,38,0,226854,1,2,1,2,4.0,-1,-9293,1114,10407,48,False,0
Riley Owen,MID,Brentford,-0.5,0,0,0,0,0,0.0,0,826,0.00,0.00,0.00,0.00,375,0,0,0.0,0.0,2026-05-24T15:00:00Z,0,False,12,0,0,0,0,0,38,0,231,0,0,1,1,0.0,0,5,34,29,45,False,0
Jérémy Doku,MID,Man City,6.5,0,0,2,0,0,3.6,0,418,0.05,0.10,0.05,0.35,376,0,0,1.5,0.0,2026-05-24T15:00:00Z,13,False,2,0,0,0,0,0,38,0,863100,0,0,2,1,12.0,1,21386,63846,42460,65,True,0
Triston Rowe,DEF,Aston Villa,0.0,0,0,0,0,0,0.0,0,701,0.00,0.00,0.00,0.00,376,0,0,0.0,0.0,2026-05-24T15:00:00Z,0,False,13,0,0,0,0,0,38,0,8849,0,0,2,1,0.0,0,-11,0,11,40,False,0
Luis Guilherme Lira dos Santos,MID,West Ham,0.0,0,0,0,0,0,0.0,0,619,0.00,0.00,0.00,0.00,380,0,0,0.0,0.0,2026-05-24T15:00:00Z,0,False,11,0,0,0,0,0,38,0,2442,0,0,0,3,0.0,0,-5,0,5,49,True,0
Sebastiaan Bornauw,DEF,Leeds,2.0,0,0,-2,0,0,0.0,0,345,0.00,0.20,0.20,0.54,380,1,0,0.5,0.0,2026-05-24T15:00:00Z,1,False,19,0,0,0,0,0,38,0,17827,0,0,0,3,7.0,1,842,1194,352,38,False,0
Kendry Páez Andrade,MID,Chelsea,0.0,0,0,0,0,0,0.0,0,248,0.00,0.00,0.00,0.00,378,0,0,0.0,0.0,2026-05-24T15:00:00Z,0,False,17,0,0,0,0,0,38,0,552,0,0,1,2,0.0,0,-1,0,1,45,False,0
Asher Agbinone,MID,Crystal Palace,-1.0,0,0,0,0,0,0.0,0,274,0.00,0.00,0.00,0.00,373,0,0,0.0,0.0,2026-05-24T15:00:00Z,0,False,1,0,0,0,0,0,38,0,11915,0,0,2,1,0.0,0,-115,276,391,43,True,0
Matz Sels,GK,Nott'm Forest,4.0,0,0,11,0,1,0.0,0,502,0.00,0.00,0.00,0.95,377,1,0,2.4,24.4,2026-05-24T15:00:00Z,90,False,4,0,0,0,4,0,38,3,663169,1,0,1,1,0.0,3,9465,15598,6133,46,True,0
Álex Jiménez Sánchez,DEF,Bournemouth,0.0,0,0,0,0,0,0.0,0,713,0.00,0.00,0.00,0.00,377,0,0,0.0,0.0,2026-05-24T15:00:00Z,0,False,16,0,0,0,0,0,38,0,18546,0,0,1,1,0.0,0,-2524,79,2603,45,False,0
Marko Stamenić,MID,Nott'm Forest,0.0,0,0,0,0,0,0.0,0,524,0.00,0.00,0.00,0.00,377,0,0,0.0,0.0,2026-05-24T15:00:00Z,0,False,4,0,0,0,0,0,38,0,2130,0,0,1,1,0.0,0,-5,0,5,45,True,0
Nathan Fraser,FWD,Wolves,0.0,0,0,0,0,0,0.0,0,658,0.00,0.00,0.00,0.00,372,0,0,0.0,0.0,2026-05-24T15:00:00Z,0,False,3,0,0,0,0,0,38,0,228840,0,0,1,1,0.0,0,-1399,1485,2884,42,False,0
Evan Ferguson,FWD,Brighton,0.0,0,0,0,0,0,0.0,0,179,0.00,0.00,0.00,0.00,371,0,0,0.0,0.0,2026-05-24T15:00:00Z,0,False,14,0,0,0,0,0,38,0,963,0,0,3,0,0.0,0,0,0,0,55,True,0
Idrissa Gana Gueye,MID,Everton,0.0,0,0,0,0,0,0.0,0,302,0.00,0.00,0.00,0.00,379,0,0,0.0,0.0,2026-05-24T15:00:00Z,0,False,18,0,0,0,0,0,38,0,13311,0,0,0,1,0.0,0,-612,12,624,54,False,0
Justin Devenny,MID,Crystal Palace,0.2,0,0,7,0,1,2.0,5,276,0.03,0.03,0.00,2.53,373,2,0,0.9,7.4,2026-05-24T15:00:00Z,90,False,1,0,0,0,2,0,38,0,143904,1,2,2,1,0.0,2,-4189,1360,5549,43,True,0
Karl Darlow,GK,Leeds,4.2,0,0,11,0,0,0.0,0,341,0.00,0.00,0.00,2.61,380,3,0,4.0,40.2,2026-05-24T15:00:00Z,90,False,19,0,0,0,10,0,38,5,901539,1,0,0,3,0.0,2,19020,31285,12265,40,False,0
Junior Kroupi,FWD,Bournemouth,4.5,0,0,12,0,1,16.0,3,100,0.08,0.29,0.21,1.22,377,1,0,5.7,6.2,2026-05-24T15:00:00Z,72,False,16,0,0,0,2,0,38,0,1010073,1,0,1,1,35.0,2,179095,200328,21233,47,False,0
Habib Diarra,MID,Sunderland,1.2,0,0,-2,0,0,10.8,2,544,0.04,0.17,0.13,0.08,378,0,0,2.1,0.0,2026-05-24T15:00:00Z,29,False,7,0,0,0,2,0,38,0,13650,0,0,1,2,12.0,0,-1179,153,1332,53,True,1
Luis Sinisterra Lucumí,MID,Bournemouth,0.0,0,0,0,0,0,0.0,0,91,0.00,0.00,0.00,0.00,377,0,0,0.0,0.0,2026-05-24T15:00:00Z,0,False,16,0,0,0,0,0,38,0,1250,0,0,1,1,0.0,0,0,0,0,50,False,0
Antonín Kinský,GK,Spurs,2.8,0,0,19,1,1,0.0,0,567,0.00,0.00,0.00,0.41,379,0,0,1.0,10.2,2026-05-24T15:00:00Z,90,False,9,0,0,0,4,0,38,1,257849,1,0,0,1,0.0,5,15149,18618,3469,39,True,1
Jakub Kiwior,DEF,Arsenal,0.0,0,0,0,0,0,0.0,0,9,0.00,0.00,0.00,0.00,373,0,0,0.0,0.0,2026-05-24T15:00:00Z,0,False,8,0,0,0,0,0,38,0,6104,0,0,2,1,0.0,0,-6,0,6,54,False,0
Fábio Soares Silva,FWD,Wolves,0.0,0,0,0,0,0,0.0,0,655,0.00,0.00,0.00,0.00,372,0,0,0.0,0.0,2026-05-24T15:00:00Z,0,False,3,0,0,0,0,0,38,0,21250,0,0,1,1,0.0,0,-19,0,19,49,False,0
Đorđe Petrović,GK,Bournemouth,4.5,0,0,14,0,2,0.0,0,67,0.00,0.00,0.00,1.73,377,1,0,2.6,26.0,2026-05-24T15:00:00Z,90,False,16,0,0,0,8,0,38,3,687593,1,0,1,1,0.0,3,30343,42172,11829,46,False,0
Kim Ji-soo,DEF,Brentford,0.0,0,0,0,0,0,0.0,0,117,0.00,0.00,0.00,0.00,375,0,0,0.0,0.0,2026-05-24T15:00:00Z,0,False,12,0,0,0,0,0,38,0,9938,0,0,1,1,0.0,0,-22,0,22,39,False,0
Alphonse Areola,GK,West Ham,0.0,0,0,0,0,0,0.0,0,600,0.00,0.00,0.00,0.00,380,0,0,0.0,0.0,2026-05-24T15:00:00Z,0,False,11,0,0,0,0,0,38,0,243561,0,0,0,3,0.0,0,-1270,1918,3188,42,True,0
Gabriel dos Santos Magalhães,DEF,Arsenal,7.0,0,0,7,0,5,0.4,5,5,0.00,0.00,0.00,0.93,373,1,0,1.1,10.4,2026-05-24T15:00:00Z,45,False,8,0,0,0,1,0,38,0,5938633,0,0,2,1,0.0,1,-80730,63485,144215,73,False,0
Jamaldeen Jimoh-Aloba,MID,Aston Villa,0.0,0,0,0,0,0,0.0,0,62,0.00,0.00,0.00,0.00,376,0,0,0.0,0.0,2026-05-24T15:00:00Z,0,False,13,0,0,0,0,0,38,0,7279,0,0,2,1,0.0,0,-33,0,33,45,False,0
George Brierley,MID,Burnley,0.0,0,0,0,0,0,0.0,0,784,0.00,0.00,0.00,0.00,372,0,0,0.0,0.0,2026-05-24T15:00:00Z,0,False,20,0,0,0,0,0,38,0,484,0,0,1,1,0.0,0,2,16,14,45,True,0
Armando Broja,FWD,Burnley,0.2,0,0,0,0,0,0.0,0,680,0.00,0.00,0.00,0.00,372,0,0,0.0,0.0,2026-05-24T15:00:00Z,0,False,20,0,0,0,0,0,38,0,19071,0,0,1,1,0.0,0,9,219,210,52,True,0
Benoît Badiashile Mukinayi,DEF,Chelsea,0.0,0,0,0,0,0,0.0,0,229,0.00,0.00,0.00,0.00,378,0,0,0.0,0.0,2026-05-24T15:00:00Z,0,False,17,0,0,0,0,0,38,0,3904,0,0,1,2,0.0,0,35,73,38,44,False,0
Reigan Heskey,MID,Man City,0.5,0,0,0,0,0,0.0,0,764,0.00,0.00,0.00,0.00,376,0,0,0.0,0.0,2026-05-24T15:00:00Z,0,False,2,0,0,0,0,0,38,0,529,0,0,2,1,0.0,0,12,22,10,45,True,0
Divine Mukasa,MID,Man City,0.0,0,0,0,0,0,0.0,0,739,0.00,0.00,0.00,0.00,376,0,0,0.0,0.0,2026-05-24T15:00:00Z,0,False,2,0,0,0,0,0,38,0,2312,0,0,2,1,0.0,0,-5,0,5,44,True,0
Aarón Anselmino,DEF,Chelsea,0.0,0,0,0,0,0,0.0,0,234,0.00,0.00,0.00,0.00,378,0,0,0.0,0.0,2026-05-24T15:00:00Z,0,False,17,0,0,0,0,0,38,0,6858,0,0,1,2,0.0,0,-7,0,7,40,False,0
Jean-Ricner Bellegarde,MID,Wolves,0.5,0,0,0,0,0,0.0,0,644,0.00,0.00,0.00,0.00,372,0,0,0.0,0.0,2026-05-24T15:00:00Z,0,False,3,0,0,0,0,0,38,0,5902,0,0,1,1,0.0,0,-9,116,125,51,False,0
Luke Harris,MID,Fulham,0.0,0,0,0,0,0,0.0,0,334,0.00,0.00,0.00,0.00,374,0,0,0.0,0.0,2026-05-24T15:00:00Z,0,False,15,0,0,0,0,0,38,0,179,0,0,0,2,0.0,0,0,0,0,45,True,0
Ola Aina,DEF,Nott'm Forest,0.0,0,0,0,0,0,0.0,0,507,0.00,0.00,0.00,0.00,377,0,0,0.0,0.0,2026-05-24T15:00:00Z,0,False,4,0,0,0,0,0,38,0,275034,0,0,1,1,0.0,0,-7558,40,7598,47,True,0
Dominik Szoboszlai,MID,Liverpool,7.0,0,0,20,0,1,55.7,9,387,0.35,0.77,0.42,1.56,375,1,0,10.1,22.0,2026-05-24T15:00:00Z,90,False,5,0,0,0,5,0,38,0,2006461,1,3,1,1,23.0,2,274022,303552,29530,71,True,0
Arnaud Kalimuendo,FWD,Nott'm Forest,0.0,0,0,0,0,0,0.0,0,696,0.00,0.00,0.00,0.00,377,0,0,0.0,0.0,2026-05-24T15:00:00Z,0,False,4,0,0,0,0,0,38,0,14788,0,0,1,1,0.0,0,-21,0,21,60,True,0
Freddie Simmonds,DEF,Brighton,0.0,0,0,0,0,0,0.0,0,761,0.00,0.00,0.00,0.00,371,0,0,0.0,0.0,2026-05-24T15:00:00Z,0,False,14,0,0,0,0,0,38,0,2747,0,0,3,0,0.0,0,3,62,59,40,True,0
Marcus Bettinelli,GK,Man City,0.5,0,0,0,0,0,0.0,0,401,0.00,0.00,0.00,0.00,376,0,0,0.0,0.0,2026-05-24T15:00:00Z,0,False,2,0,0,0,0,0,38,0,46702,0,0,2,1,0.0,0,664,1758,1094,38,True,0
Tomáš Souček,MID,West Ham,2.0,0,0,17,1,5,2.9,8,613,0.01,0.84,0.83,1.59,380,0,0,10.1,22.6,2026-05-24T15:00:00Z,90,False,11,0,0,0,3,0,38,0,63103,1,0,0,3,75.0,3,13199,15546,2347,57,True,0
Jack Grealish,MID,Everton,0.0,0,0,0,0,0,0.0,0,419,0.00,0.00,0.00,0.00,379,0,0,0.0,0.0,2026-05-24T15:00:00Z,0,False,18,0,0,0,0,0,38,0,731921,0,0,0,1,0.0,0,-1902,134,2036,63,False,0
Ilia Gruev,MID,Leeds,0.0,0,0,0,0,0,0.0,0,356,0.00,0.00,0.00,0.00,380,0,0,0.0,0.0,2026-05-24T15:00:00Z,0,False,19,0,0,0,0,0,38,0,9782,0,0,0,3,0.0,0,-466,18,484,47,False,0
Kadan Young,MID,Aston Villa,0.0,0,0,0,0,0,0.0,0,63,0.00,0.00,0.00,0.00,376,0,0,0.0,0.0,2026-05-24T15:00:00Z,0,False,13,0,0,0,0,0,38,0,61896,0,0,2,1,0.0,0,-659,0,659,43,False,0
Endo Wataru,MID,Liverpool,0.2,0,0,0,0,0,0.0,0,392,0.00,0.00,0.00,0.00,375,0,0,0.0,0.0,2026-05-24T15:00:00Z,0,False,5,0,0,0,0,0,38,0,10620,0,0,1,1,0.0,0,-4,13,17,49,True,0
Samuel Chukwueze,MID,Fulham,1.2,0,0,0,0,0,0.0,0,727,0.00,0.00,0.00,0.00,374,0,0,0.0,0.0,2026-05-24T15:00:00Z,0,False,15,0,0,0,0,0,38,0,10507,0,0,0,2,0.0,0,-442,171,613,53,True,0
Oliver Pimlott,MID,Burnley,0.0,0,0,0,0,0,0.0,0,776,0.00,0.00,0.00,0.00,372,0,0,0.0,0.0,2026-05-24T15:00:00Z,0,False,20,0,0,0,0,0,38,0,585,0,0,1,1,0.0,0,-1,22,23,45,True,0
Mats Wieffer,MID,Brighton,0.8,0,0,11,0,1,2.8,5,173,0.01,0.01,0.00,1.66,371,3,0,1.2,9.6,2026-05-24T15:00:00Z,90,False,14,0,0,0,2,0,38,0,36924,1,2,3,0,0.0,2,-5150,299,5449,48,True,0
İlkay Gündoğan,MID,Man City,0.0,0,0,0,0,0,0.0,0,420,0.00,0.00,0.00,0.00,376,0,0,0.0,0.0,2026-05-24T15:00:00Z,0,False,2,0,0,0,0,0,38,0,7783,0,0,2,1,0.0,0,-3,0,3,63,True,0
Pedro Porro Sauceda,DEF,Spurs,3.8,0,2,38,1,6,56.8,11,568,0.11,0.17,0.06,0.41,379,0,0,9.0,28.8,2026-05-24T15:00:00Z,90,False,9,0,0,0,3,0,38,0,1547038,1,5,0,1,4.0,10,127451,139913,12462,52,True,0
Daichi Kamada,MID,Crystal Palace,0.6,0,0,3,0,1,1.3,5,271,0.01,0.01,0.00,1.17,373,1,0,0.8,6.4,2026-05-24T15:00:00Z,45,False,1,0,0,0,2,0,38,0,12820,1,2,2,1,0.0,1,-671,189,860,50,True,0
Tyrique George,MID,Everton,0.8,0,0,6,0,0,1.4,2,243,0.01,0.04,0.03,0.02,379,0,0,2.5,4.6,2026-05-24T15:00:00Z,28,False,18,0,0,0,1,0,38,0,8511,0,1,0,1,19.0,1,-32,60,92,48,False,0
Alysson Edward Franco da Rocha dos Santos,MID,Aston Villa,0.0,0,0,0,0,0,0.0,0,792,0.00,0.00,0.00,0.00,376,0,0,0.0,0.0,2026-05-24T15:00:00Z,0,False,13,0,0,0,0,0,38,0,666,0,0,2,1,0.0,0,-10,19,29,50,False,0
Andy Irving,MID,West Ham,0.0,0,0,0,0,0,0.0,0,621,0.00,0.00,0.00,0.00,380,0,0,0.0,0.0,2026-05-24T15:00:00Z,0,False,11,0,0,0,0,0,38,0,25554,0,0,0,3,0.0,0,-189,0,189,43,True,0
Nick Pope,GK,Newcastle,3.0,0,0,12,0,1,0.0,0,469,0.00,0.00,0.00,1.81,374,2,0,2.7,27.2,2026-05-24T15:00:00Z,90,False,10,0,0,0,12,0,38,4,592568,1,0,0,2,0.0,2,27808,32039,4231,50,False,0
Karl Hein,GK,Arsenal,0.0,0,0,0,0,0,0.0,0,3,0.00,0.00,0.00,0.00,373,0,0,0.0,0.0,2026-05-24T15:00:00Z,0,False,8,0,0,0,0,0,38,0,25580,0,0,2,1,0.0,0,-78,0,78,40,False,0
Ki-Jana Hoever,DEF,Wolves,0.0,0,0,0,0,0,0.0,0,638,0.00,0.00,0.00,0.00,372,0,0,0.0,0.0,2026-05-24T15:00:00Z,0,False,3,0,0,0,0,0,38,0,111066,0,0,1,1,0.0,0,-1203,0,1203,38,False,0
Fer López González,MID,Wolves,0.0,0,0,0,0,0,0.0,0,645,0.00,0.00,0.00,0.00,372,0,0,0.0,0.0,2026-05-24T15:00:00Z,0,False,3,0,0,0,0,0,38,0,3408,0,0,1,1,0.0,0,-11,0,11,51,False,0
Daniel James,MID,Leeds,1.2,0,0,4,0,0,4.3,1,353,0.02,0.02,0.00,0.65,380,2,0,1.0,5.2,2026-05-24T15:00:00Z,20,False,19,0,0,0,0,0,38,0,13538,0,1,0,3,0.0,1,190,350,160,52,False,0
Christopher Nkunku,MID,Chelsea,0.0,0,0,0,0,0,0.0,0,240,0.00,0.00,0.00,0.00,378,0,0,0.0,0.0,2026-05-24T15:00:00Z,0,False,17,0,0,0,0,0,38,0,10224,0,0,1,2,0.0,0,-2,0,2,59,False,0
Abdoullah Ba,MID,Sunderland,0.0,0,0,0,0,0,0.0,0,554,0.00,0.00,0.00,0.00,378,0,0,0.0,0.0,2026-05-24T15:00:00Z,0,False,7,0,0,0,0,0,38,0,40151,0,0,1,2,0.0,0,-267,368,635,43,True,0
Mike Trésor Ndayishimiye,MID,Burnley,0.0,0,0,0,0,0,0.0,0,214,0.00,0.00,0.00,0.00,372,0,0,0.0,0.0,2026-05-24T15:00:00Z,0,False,20,0,0,0,0,0,38,0,14128,0,0,1,1,0.0,0,1552,2470,918,43,True,0
Joshua Stephenson,DEF,Brentford,-0.5,0,0,0,0,0,0.0,0,823,0.00,0.00,0.00,0.00,375,0,0,0.0,0.0,2026-05-24T15:00:00Z,0,False,12,0,0,0,0,0,38,0,678,0,0,1,1,0.0,0,12,31,19,40,False,0
Ryan Kavuma-McQueen,MID,Chelsea,0.0,0,0,0,0,0,0.0,0,834,0.00,0.00,0.00,0.00,378,0,0,0.0,0.0,2026-05-24T15:00:00Z,0,False,17,0,0,0,0,0,38,0,54,0,0,1,2,0.0,0,20,25,5,45,False,0
Matthew Cox,GK,Brentford,0.0,0,0,0,0,0,0.0,0,103,0.00,0.00,0.00,0.00,375,0,0,0.0,0.0,2026-05-24T15:00:00Z,0,False,12,0,0,0,0,0,38,0,16351,0,0,1,1,0.0,0,-182,0,182,39,False,0
Darko Gyabi,MID,Leeds,0.0,0,0,0,0,0,0.0,0,361,0.00,0.00,0.00,0.00,380,0,0,0.0,0.0,2026-05-24T15:00:00Z,0,False,19,0,0,0,0,0,38,0,2983,0,0,0,3,0.0,0,-7,0,7,45,False,0
Michael Obafemi,FWD,Burnley,0.0,0,0,0,0,0,0.0,0,219,0.00,0.00,0.00,0.00,372,0,0,0.0,0.0,2026-05-24T15:00:00Z,0,False,20,0,0,0,0,0,38,0,13626,0,0,1,1,0.0,0,-24,0,24,44,True,0
Dwight McNeil,MID,Everton,0.2,0,0,0,0,0,0.0,0,300,0.00,0.00,0.00,0.00,379,0,0,0.0,0.0,2026-05-24T15:00:00Z,0,False,18,0,0,0,0,0,38,0,18994,0,0,0,1,0.0,0,-190,245,435,55,False,0
Jacob Ramsey,MID,Newcastle,4.5,0,0,21,0,3,4.0,14,52,0.03,0.03,0.00,1.81,374,2,0,2.6,22.4,2026-05-24T15:00:00Z,90,False,10,0,0,0,6,0,38,0,33176,1,5,0,2,0.0,4,2459,2895,436,53,False,0
Veljko Milosavljevic,DEF,Bournemouth,0.0,0,0,0,0,0,0.0,0,721,0.00,0.00,0.00,0.00,377,0,0,0.0,0.0,2026-05-24T15:00:00Z,0,False,16,0,0,0,0,0,38,0,4034,0,0,1,1,0.0,0,46,69,23,44,False,0
Tom Edozie,MID,Wolves,0.2,0,0,0,0,0,0.0,0,651,0.00,0.00,0.00,0.00,372,0,0,0.0,0.0,2026-05-24T15:00:00Z,0,False,3,0,0,0,0,0,38,0,47455,0,0,1,1,0.0,0,-583,306,889,43,False,0
Coby Ebere,MID,Everton,0.0,0,0,0,0,0,0.0,0,307,0.00,0.00,0.00,0.00,379,0,0,0.0,0.0,2026-05-24T15:00:00Z,0,False,18,0,0,0,0,0,38,0,5882,0,0,0,1,0.0,0,-1,71,72,44,False,0
Diego Coppola,DEF,Brighton,0.0,0,0,0,0,0,0.0,0,144,0.00,0.00,0.00,0.00,371,0,0,0.0,0.0,2026-05-24T15:00:00Z,0,False,14,0,0,0,0,0,38,0,5620,0,0,3,0,0.0,0,-26,0,26,42,True,0
Lukasz Fabianski,GK,West Ham,0.0,0,0,0,0,0,0.0,0,738,0.00,0.00,0.00,0.00,380,0,0,0.0,0.0,2026-05-24T15:00:00Z,0,False,11,0,0,0,0,0,38,0,6813,0,0,0,3,0.0,0,1337,1533,196,45,True,0
Amadou Onana,MID,Aston Villa,-0.3,0,0,5,0,1,1.5,2,59,0.00,0.00,0.00,0.13,376,0,0,0.5,3.6,2026-05-24T15:00:00Z,17,False,13,0,0,0,0,0,38,0,79897,0,1,2,1,0.0,1,-885,354,1239,48,False,0
Giorgi Mamardashvili,GK,Liverpool,1.3,0,0,0,0,0,0.0,0,367,0.00,0.00,0.00,0.00,375,0,0,0.0,0.0,2026-05-24T15:00:00Z,0,False,5,0,0,0,0,0,38,0,91315,0,0,1,1,0.0,0,7468,8940,1472,41,True,0
Leon Bailey,MID,Aston Villa,1.3,1,0,13,0,4,1.9,10,49,0.01,0.20,0.19,1.34,376,1,0,1.8,6.2,2026-05-24T15:00:00Z,90,False,13,0,0,0,4,0,38,0,13902,1,2,2,1,10.0,5,-69,207,276,55,False,0
Federico Chiesa,MID,Liverpool,1.3,0,0,0,0,0,0.0,0,385,0.00,0.00,0.00,0.00,375,0,0,0.0,0.0,2026-05-24T15:00:00Z,0,False,5,0,0,0,0,0,38,0,35773,0,0,1,1,0.0,0,66,177,111,63,True,0
Ethan Sutherland,MID,Wolves,0.0,0,0,0,0,0,0.0,0,778,0.00,0.00,0.00,0.00,372,0,0,0.0,0.0,2026-05-24T15:00:00Z,0,False,3,0,0,0,0,0,38,0,1188,0,0,1,1,0.0,0,11,59,48,45,False,0
Ryan Sessegnon,MID,Fulham,0.0,0,0,0,0,0,0.0,0,328,0.00,0.00,0.00,0.00,374,0,0,0.0,0.0,2026-05-24T15:00:00Z,0,False,15,0,0,0,0,0,38,0,18719,0,0,0,2,0.0,0,-305,75,380,54,True,0
John Stones,DEF,Man City,1.3,0,0,7,0,9,3.5,10,409,0.03,0.03,0.00,1.42,376,2,0,2.5,19.6,2026-05-24T15:00:00Z,77,False,2,0,0,0,2,0,38,0,80243,1,1,2,1,2.0,3,4153,4476,323,54,True,0
Isaac Heath,MID,Everton,0.0,0,0,0,0,0,0.0,0,308,0.00,0.00,0.00,0.00,379,0,0,0.0,0.0,2026-05-24T15:00:00Z,0,False,18,0,0,0,0,0,38,0,2004,0,0,0,1,0.0,0,-5,0,5,45,False,0
Chris Rigg,MID,Sunderland,1.2,0,0,3,0,0,0.1,0,551,0.00,0.00,0.00,0.00,378,0,0,0.0,0.2,2026-05-24T15:00:00Z,1,False,7,0,0,0,0,0,38,0,8244,0,0,1,2,0.0,1,-282,171,453,47,True,0
Luke O'Nien,DEF,Sunderland,2.5,1,1,23,0,3,20.7,4,539,0.01,0.09,0.08,0.89,378,1,0,7.7,31.8,2026-05-24T15:00:00Z,90,False,7,0,0,0,1,0,38,0,11731,1,1,1,2,24.0,6,253,546,293,40,True,0
Axel Tuanzebe,DEF,Burnley,1.8,0,0,11,0,7,0.8,8,198,0.01,0.01,0.00,2.09,372,1,0,2.2,21.6,2026-05-24T15:00:00Z,90,False,20,0,0,0,7,0,38,0,115511,1,1,1,1,0.0,2,2023,2821,798,39,True,0
Teddy Sharman-Lowe,GK,Chelsea,0.0,0,0,0,0,0,0.0,0,803,0.00,0.00,0.00,0.00,378,0,0,0.0,0.0,2026-05-24T15:00:00Z,0,False,17,0,0,0,0,0,38,0,884,0,0,1,2,0.0,0,10,28,18,40,False,0
Séamus Coleman,DEF,Everton,0.5,0,0,6,0,0,18.7,0,294,0.16,0.16,0.00,0.00,379,0,0,2.6,7.0,2026-05-24T15:00:00Z,6,False,18,0,0,0,0,0,38,0,13211,0,0,0,1,0.0,1,266,361,95,42,False,0
Carlos Alcaraz Durán,MID,Everton,0.8,0,0,7,0,0,15.8,2,301,0.09,0.18,0.09,0.00,379,0,0,2.4,4.6,2026-05-24T15:00:00Z,6,False,18,0,0,0,1,0,38,0,10102,0,1,0,1,4.0,1,14,62,48,52,False,0
Jeremy Sarmiento Morante,MID,Brighton,0.0,0,0,0,0,0,0.0,0,171,0.00,0.00,0.00,0.00,371,0,0,0.0,0.0,2026-05-24T15:00:00Z,0,False,14,0,0,0,0,0,38,0,1921,0,0,3,0,0.0,0,-1,0,1,49,True,0
Matt Turner,GK,Nott'm Forest,0.0,0,0,0,0,0,0.0,0,504,0.00,0.00,0.00,0.00,377,0,0,0.0,0.0,2026-05-24T15:00:00Z,0,False,4,0,0,0,0,0,38,0,9782,0,0,1,1,0.0,0,-40,0,40,40,True,0
Djiamgone Jocelin Ta Bi,MID,Sunderland,0.0,0,0,0,0,0,0.0,0,800,0.00,0.00,0.00,0.00,378,0,0,0.0,0.0,2026-05-24T15:00:00Z,0,False,7,0,0,0,0,0,38,0,156,0,0,1,2,0.0,0,2,16,14,49,True,0
Ethan Wheatley,FWD,Man Utd,0.0,0,0,0,0,0,0.0,0,468,0.00,0.00,0.00,0.00,371,0,0,0.0,0.0,2026-05-24T15:00:00Z,0,False,6,0,0,0,0,0,38,0,10666,0,0,3,0,0.0,0,-7,0,7,45,False,0
Roman Dixon,DEF,Everton,0.0,0,0,0,0,0,0.0,0,297,0.00,0.00,0.00,0.00,379,0,0,0.0,0.0,2026-05-24T15:00:00Z,0,False,18,0,0,0,0,0,38,0,19960,0,0,0,1,0.0,0,-97,0,97,38,False,0
Archie Whitehall,MID,Nott'm Forest,0.0,0,0,0,0,0,0.0,0,835,0.00,0.00,0.00,0.00,377,0,0,0.0,0.0,2026-05-24T15:00:00Z,0,False,4,0,0,0,0,0,38,0,73,0,0,1,1,0.0,0,12,39,27,45,True,0
Merlin Röhl,MID,Everton,4.5,0,0,4,0,1,0.8,4,728,0.00,0.00,0.00,1.13,379,1,0,0.5,4.4,2026-05-24T15:00:00Z,61,False,18,0,0,0,1,0,38,0,3408,1,2,0,1,0.0,2,749,947,198,50,False,0
Charlie Tasker,DEF,Brighton,0.0,0,0,0,0,0,0.0,0,156,0.00,0.00,0.00,0.00,371,0,0,0.0,0.0,2026-05-24T15:00:00Z,0,False,14,0,0,0,0,0,38,0,20525,0,0,3,0,0.0,0,72,324,252,38,True,0
Charlie Gray,MID,Man City,0.5,0,0,0,0,0,0.0,0,763,0.00,0.00,0.00,0.00,376,0,0,0.0,0.0,2026-05-24T15:00:00Z,0,False,2,0,0,0,0,0,38,0,711,0,0,2,1,0.0,0,12,29,17,45,True,0
Yoane Wissa,FWD,Newcastle,1.2,0,0,2,0,0,10.4,1,135,0.00,0.00,0.00,0.59,374,1,0,1.4,2.0,2026-05-24T15:00:00Z,24,False,10,0,0,0,1,0,38,0,78465,0,0,0,2,2.0,0,1517,2646,1129,73,False,1
Marc Guéhi,DEF,Man City,4.7,0,0,0,0,0,0.0,0,260,0.00,0.00,0.00,0.00,376,0,0,0.0,0.0,2026-05-24T15:00:00Z,0,False,2,0,0,0,0,0,38,0,4262393,0,0,2,1,0.0,0,-28738,37731,66469,51,True,0
Josh Cullen,MID,Burnley,0.0,0,0,0,0,0,0.0,0,205,0.00,0.00,0.00,0.00,372,0,0,0.0,0.0,2026-05-24T15:00:00Z,0,False,20,0,0,0,0,0,38,0,101386,0,0,1,1,0.0,0,-400,29,429,49,True,0
Erling Haaland,FWD,Man City,5.9,0,0,0,0,0,0.0,0,430,0.00,0.00,0.00,0.00,376,0,0,0.0,0.0,2026-05-24T15:00:00Z,0,False,2,0,0,0,0,0,38,0,8184079,0,0,2,1,0.0,0,-245735,65440,311175,147,True,0
Djed Spence,DEF,Spurs,2.2,0,0,20,1,1,2.2,3,573,0.01,0.03,0.02,0.41,379,0,0,3.3,7.8,2026-05-24T15:00:00Z,90,False,9,0,0,0,5,0,38,0,118751,1,2,0,1,23.0,6,1464,2560,1096,41,True,0
Julian Eyestone,GK,Brentford,-0.5,0,0,0,0,0,0.0,0,104,0.00,0.00,0.00,0.00,375,0,0,0.0,0.0,2026-05-24T15:00:00Z,0,False,12,0,0,0,0,0,38,0,13298,0,0,1,1,0.0,0,-119,60,179,39,False,0
Ármin Pécsi,GK,Liverpool,0.5,0,0,0,0,0,0.0,0,368,0.00,0.00,0.00,0.00,375,0,0,0.0,0.0,2026-05-24T15:00:00Z,0,False,5,0,0,0,0,0,38,0,113687,0,0,1,1,0.0,0,-1335,2756,4091,38,True,0
Anton Stach,MID,Leeds,0.0,0,0,0,0,0,0.0,0,660,0.00,0.00,0.00,0.00,380,0,0,0.0,0.0,2026-05-24T15:00:00Z,0,False,19,0,0,0,0,0,38,0,221186,0,0,0,3,0.0,0,-49442,2127,51569,48,False,0
Jefferson Lerma Solís,MID,Crystal Palace,0.4,0,0,14,0,9,14.4,13,272,0.22,0.22,0.00,2.53,373,2,0,4.1,20.2,2026-05-24T15:00:00Z,90,False,1,0,0,0,2,0,38,0,11797,1,2,2,1,6.0,4,-1417,105,1522,49,True,0
Jordan Beyer,DEF,Burnley,0.0,0,0,0,0,0,0.0,0,194,0.00,0.00,0.00,0.00,372,0,0,0.0,0.0,2026-05-24T15:00:00Z,0,False,20,0,0,0,0,0,38,0,7549,0,0,1,1,0.0,0,40,108,68,39,True,0
Jayden Danns,FWD,Liverpool,0.0,0,0,0,0,0,0.0,0,398,0.00,0.00,0.00,0.00,375,0,0,0.0,0.0,2026-05-24T15:00:00Z,0,False,5,0,0,0,0,0,38,0,13376,0,0,1,1,0.0,0,68,160,92,43,True,0
Rio Ngumoha,MID,Liverpool,3.3,0,0,4,0,0,13.2,2,686,0.06,0.19,0.13,1.07,375,1,0,2.5,0.2,2026-05-24T15:00:00Z,72,False,5,0,0,0,1,0,38,0,190522,1,1,1,1,12.0,2,13402,22240,8838,43,True,0
Brandon Austin,GK,Spurs,0.0,0,0,0,0,0,0.0,0,566,0.00,0.00,0.00,0.00,379,0,0,0.0,0.0,2026-05-24T15:00:00Z,0,False,9,0,0,0,0,0,38,0,36867,0,0,0,1,0.0,0,-129,204,333,39,True,0
Zain Silcott-Duberry,MID,Bournemouth,0.0,0,0,0,0,0,0.0,0,95,0.00,0.00,0.00,0.00,377,0,0,0.0,0.0,2026-05-24T15:00:00Z,0,False,16,0,0,0,0,0,38,0,6625,0,0,1,1,0.0,0,-14,0,14,44,False,0
Alfie Brooks,GK,Wolves,0.0,0,0,0,0,0,0.0,0,828,0.00,0.00,0.00,0.00,372,0,0,0.0,0.0,2026-05-24T15:00:00Z,0,False,3,0,0,0,0,0,38,0,762,0,0,1,1,0.0,0,19,96,77,40,False,0
Sepp van den Berg,DEF,Brentford,3.0,0,0,6,0,7,0.6,10,113,0.03,0.03,0.00,3.04,375,1,0,2.4,19.4,2026-05-24T15:00:00Z,90,False,12,0,0,0,2,0,38,0,136048,1,3,1,1,4.0,4,-6659,1464,8123,44,False,0
Dominic Calvert-Lewin,FWD,Leeds,5.5,0,0,5,0,1,25.8,3,691,0.01,0.49,0.48,1.97,380,1,0,5.7,6.8,2026-05-24T15:00:00Z,68,False,19,0,0,0,2,0,38,0,1792682,1,0,0,3,24.0,2,70910,172341,101431,58,False,0
Aaron Wan-Bissaka,DEF,West Ham,1.0,0,0,0,0,0,0.0,0,610,0.00,0.00,0.00,0.00,380,0,0,0.0,0.0,2026-05-24T15:00:00Z,0,False,11,0,0,0,0,0,38,0,563204,0,0,0,3,0.0,0,1770,5864,4094,41,True,0
Enzo Le Fée,MID,Sunderland,6.2,0,3,27,0,3,55.7,11,547,0.66,0.74,0.08,0.89,378,1,0,12.3,27.4,2026-05-24T15:00:00Z,90,False,7,0,0,0,4,0,38,0,216991,1,4,1,2,40.0,5,25873,37676,11803,48,True,0
David Ozoh,MID,Crystal Palace,0.0,0,0,0,0,0,0.0,0,280,0.00,0.00,0.00,0.00,373,0,0,0.0,0.0,2026-05-24T15:00:00Z,0,False,1,0,0,0,0,0,38,0,146,0,0,2,1,0.0,0,0,0,0,45,True,0
Mark Gillespie,GK,Newcastle,0.0,0,0,0,0,0,0.0,0,471,0.00,0.00,0.00,0.00,374,0,0,0.0,0.0,2026-05-24T15:00:00Z,0,False,10,0,0,0,0,0,38,0,16695,0,0,0,2,0.0,0,-10,114,124,39,False,0
Ben Casey,FWD,Crystal Palace,-1.0,0,0,0,0,0,0.0,0,780,0.00,0.00,0.00,0.00,373,0,0,0.0,0.0,2026-05-24T15:00:00Z,0,False,1,0,0,0,0,0,38,0,4055,0,0,2,1,0.0,0,89,221,132,45,True,0
Ethan Ampadu,MID,Leeds,4.2,0,0,14,0,4,17.3,13,354,0.03,0.03,0.00,2.61,380,3,0,3.7,18.0,2026-05-24T15:00:00Z,90,False,19,0,0,0,7,0,38,0,78959,1,2,0,3,2.0,3,23,8392,8369,49,False,1
Lino da Cruz Sousa,DEF,Aston Villa,0.0,0,0,0,0,0,0.0,0,45,0.00,0.00,0.00,0.00,376,0,0,0.0,0.0,2026-05-24T15:00:00Z,0,False,13,0,0,0,0,0,38,0,31805,0,0,2,1,0.0,0,-222,0,222,38,False,0
Nicolò Savona,DEF,Nott'm Forest,0.0,0,0,0,0,0,0.0,0,716,0.00,0.00,0.00,0.00,377,0,0,0.0,0.0,2026-05-24T15:00:00Z,0,False,4,0,0,0,0,0,38,0,6400,0,0,1,1,0.0,0,-10,44,54,45,True,0
Harrison Reed,MID,Fulham,0.5,0,0,0,0,0,0.0,0,336,0.00,0.00,0.00,0.00,374,0,0,0.0,0.0,2026-05-24T15:00:00Z,0,False,15,0,0,0,0,0,38,0,41086,0,0,0,2,0.0,0,-690,705,1395,43,True,0
Vitalii Mykolenko,DEF,Everton,1.0,0,0,9,0,3,15.3,6,292,0.01,0.01,0.00,1.15,379,1,0,3.2,16.6,2026-05-24T15:00:00Z,90,False,18,0,0,0,2,0,38,0,84899,1,3,0,1,0.0,2,-2105,2150,4255,49,False,0
Matt Targett,DEF,Newcastle,0.0,0,0,0,0,0,0.0,0,484,0.00,0.00,0.00,0.00,374,0,0,0.0,0.0,2026-05-24T15:00:00Z,0,False,10,0,0,0,0,0,38,0,17756,0,0,0,2,0.0,0,-58,0,58,40,False,0
Frank Onyeka,MID,Brentford,0.0,0,0,0,0,0,0.0,0,128,0.00,0.00,0.00,0.00,375,0,0,0.0,0.0,2026-05-24T15:00:00Z,0,False,12,0,0,0,0,0,38,0,5252,0,0,1,1,0.0,0,-11,0,11,48,False,0
Tijjani Reijnders,MID,Man City,1.7,1,0,9,0,0,5.4,0,427,0.05,0.59,0.54,1.42,376,2,0,3.7,0.0,2026-05-24T15:00:00Z,76,False,2,0,0,0,0,0,38,0,1167977,1,0,2,1,34.0,5,-3603,819,4422,50,True,0
Igor Julio dos Santos de Paulo,DEF,Brighton,0.0,0,0,0,0,0,0.0,0,149,0.00,0.00,0.00,0.00,371,0,0,0.0,0.0,2026-05-24T15:00:00Z,0,False,14,0,0,0,0,0,38,0,11013,0,0,3,0,0.0,0,-21,136,157,45,True,0
Will Wright,FWD,Liverpool,0.5,0,0,0,0,0,0.0,0,830,0.00,0.00,0.00,0.00,375,0,0,0.0,0.0,2026-05-24T15:00:00Z,0,False,5,0,0,0,0,0,38,0,832,0,0,1,1,0.0,0,136,198,62,45,True,0
Gabriel Słonina,GK,Chelsea,0.0,0,0,0,0,0,0.0,0,223,0.00,0.00,0.00,0.00,378,0,0,0.0,0.0,2026-05-24T15:00:00Z,0,False,17,0,0,0,0,0,38,0,16648,0,0,1,2,0.0,0,2047,2278,231,38,False,0
Manuel Akanji,DEF,Man City,0.0,0,0,0,0,0,0.0,0,404,0.00,0.00,0.00,0.00,376,0,0,0.0,0.0,2026-05-24T15:00:00Z,0,False,2,0,0,0,0,0,38,0,32973,0,0,2,1,0.0,0,-20,0,20,54,True,0
Bryan Mbeumo,MID,Man Utd,4.8,0,1,30,1,0,12.5,3,119,0.01,0.93,0.92,0.48,371,0,1,8.7,35.4,2026-05-24T15:00:00Z,73,False,6,0,0,0,3,0,38,0,1959359,1,0,3,0,39.0,9,3917,42676,38759,83,False,0
Reece Welch,DEF,Everton,0.0,0,0,0,0,0,0.0,0,298,0.00,0.00,0.00,0.00,379,0,0,0.0,0.0,2026-05-24T15:00:00Z,0,False,18,0,0,0,0,0,38,0,18952,0,0,0,1,0.0,0,-29,134,163,38,False,0
Tyler Dibling,MID,Everton,0.0,0,0,0,0,0,0.0,0,707,0.00,0.00,0.00,0.00,379,0,0,0.0,0.0,2026-05-24T15:00:00Z,0,False,18,0,0,0,0,0,38,0,3931,0,0,0,1,0.0,0,31,63,32,53,False,0
Lewis Cook,MID,Bournemouth,0.5,0,0,3,0,0,0.2,0,88,0.00,0.00,0.00,0.00,377,0,0,0.1,0.4,2026-05-24T15:00:00Z,1,False,16,0,0,0,0,0,38,0,4412,0,0,1,1,0.0,1,70,112,42,49,False,0
Tyler Adams,MID,Bournemouth,2.8,0,0,14,0,2,4.1,17,85,0.02,0.04,0.02,1.73,377,1,0,1.7,12.2,2026-05-24T15:00:00Z,90,False,16,0,0,0,9,0,38,0,35714,1,6,1,1,1.0,4,244,511,267,49,False,0
Jamaal Lascelles,DEF,Newcastle,0.0,0,0,0,0,0,0.0,0,480,0.00,0.00,0.00,0.00,374,0,0,0.0,0.0,2026-05-24T15:00:00Z,0,False,10,0,0,0,0,0,38,0,6069,0,0,0,2,0.0,0,-16,0,16,43,False,0
Andrés García,DEF,Aston Villa,-0.3,0,0,5,0,5,0.5,9,42,0.00,0.00,0.00,1.19,376,1,0,1.7,14.6,2026-05-24T15:00:00Z,45,False,13,0,0,0,2,0,38,0,26631,1,4,2,1,2.0,1,-50,248,298,39,False,0
Youri Tielemans,MID,Aston Villa,1.7,0,0,11,0,1,28.9,4,48,0.28,0.30,0.02,0.13,376,0,0,5.0,13.6,2026-05-24T15:00:00Z,17,False,13,0,0,0,1,0,38,0,87445,0,2,2,1,7.0,1,605,2105,1500,59,False,0
Will Lankshear,FWD,Spurs,0.0,0,0,0,0,0,0.0,0,598,0.00,0.00,0.00,0.00,379,0,0,0.0,0.0,2026-05-24T15:00:00Z,0,False,9,0,0,0,0,0,38,0,2725,0,0,0,1,0.0,0,-4,0,4,45,True,0
Iwan Morgan,FWD,Brentford,0.0,0,0,0,0,0,0.0,0,137,0.00,0.00,0.00,0.00,375,0,0,0.0,0.0,2026-05-24T15:00:00Z,0,False,12,0,0,0,0,0,38,0,37086,0,0,1,1,0.0,0,-103,0,103,44,False,0
Victor Lindelöf,DEF,Aston Villa,0.7,0,0,11,0,4,0.9,5,719,0.00,0.00,0.00,1.22,376,1,0,1.1,10.0,2026-05-24T15:00:00Z,72,False,13,0,0,0,3,0,38,0,13382,1,1,2,1,0.0,2,60,285,225,45,False,0
Pierre Ekwah Elimby,MID,Sunderland,0.0,0,0,0,0,0,0.0,0,556,0.00,0.00,0.00,0.00,378,0,0,0.0,0.0,2026-05-24T15:00:00Z,0,False,7,0,0,0,0,0,38,0,643,0,0,1,2,0.0,0,-3,0,3,45,True,0
Crysencio Summerville,MID,West Ham,2.5,1,0,25,1,0,31.6,7,615,0.34,0.38,0.04,1.59,380,0,0,7.7,32.4,2026-05-24T15:00:00Z,90,False,11,0,0,0,3,0,38,0,219509,1,4,0,3,13.0,6,48617,56176,7559,54,True,0
Kian McMahon-Brown,MID,Burnley,0.0,0,0,0,0,0,0.0,0,820,0.00,0.00,0.00,0.00,372,0,0,0.0,0.0,2026-05-24T15:00:00Z,0,False,20,0,0,0,0,0,38,0,285,0,0,1,1,0.0,0,16,29,13,45,True,0
Philip Billing,MID,Bournemouth,0.0,0,0,0,0,0,0.0,0,89,0.00,0.00,0.00,0.00,377,0,0,0.0,0.0,2026-05-24T15:00:00Z,0,False,16,0,0,0,0,0,38,0,2722,0,0,1,1,0.0,0,-1,0,1,49,False,0
Cristhian Mosquera,DEF,Arsenal,3.8,0,0,11,0,9,2.6,10,662,0.01,0.01,0.00,0.98,373,1,0,3.3,30.8,2026-05-24T15:00:00Z,90,False,8,0,0,0,1,0,38,0,41959,1,1,2,1,0.0,4,9207,10241,1034,53,False,0
Ethan Nwaneri,MID,Arsenal,0.0,0,0,0,0,0,0.0,0,25,0.00,0.00,0.00,0.00,373,0,0,0.0,0.0,2026-05-24T15:00:00Z,0,False,8,0,0,0,0,0,38,0,14624,0,0,2,1,0.0,0,-29,0,29,50,False,0
Bryan Gil Salvatierra,MID,Spurs,0.0,0,0,0,0,0,0.0,0,590,0.00,0.00,0.00,0.00,379,0,0,0.0,0.0,2026-05-24T15:00:00Z,0,False,9,0,0,0,0,0,38,0,3381,0,0,0,1,0.0,0,-4,0,4,49,True,0
Callum Olusesi,MID,Spurs,0.0,0,0,0,0,0,0.0,0,595,0.00,0.00,0.00,0.00,379,0,0,0.0,0.0,2026-05-24T15:00:00Z,0,False,9,0,0,0,0,0,38,0,26699,0,0,0,1,0.0,0,-15,227,242,43,True,0
Elyh Harrison,GK,Man Utd,0.0,0,0,0,0,0,0.0,0,433,0.00,0.00,0.00,0.00,371,0,0,0.0,0.0,2026-05-24T15:00:00Z,0,False,6,0,0,0,0,0,38,0,192,0,0,3,0,0.0,0,0,0,0,40,False,0
Ellery Balcombe,GK,Brentford,-0.5,0,0,0,0,0,0.0,0,102,0.00,0.00,0.00,0.00,375,0,0,0.0,0.0,2026-05-24T15:00:00Z,0,False,12,0,0,0,0,0,38,0,32326,0,0,1,1,0.0,0,-180,102,282,39,False,0
Gustavo Nunes Fernandes Gomes,MID,Brentford,0.0,0,0,0,0,0,0.0,0,127,0.00,0.00,0.00,0.00,375,0,0,0.0,0.0,2026-05-24T15:00:00Z,0,False,12,0,0,0,0,0,38,0,1621,0,0,1,1,0.0,0,-6,0,6,49,False,0
Boubacar Traoré,MID,Wolves,0.0,0,0,0,0,0,0.0,0,649,0.00,0.00,0.00,0.00,372,0,0,0.0,0.0,2026-05-24T15:00:00Z,0,False,3,0,0,0,0,0,38,0,119,0,0,1,1,0.0,0,0,0,0,50,False,0
Luka Vušković,DEF,Spurs,0.0,0,0,0,0,0,0.0,0,578,0.00,0.00,0.00,0.00,379,0,0,0.0,0.0,2026-05-24T15:00:00Z,0,False,9,0,0,0,0,0,38,0,39716,0,0,0,1,0.0,0,-107,0,107,39,True,0
Mateus Gonçalo Espanha Fernandes,MID,West Ham,4.8,1,1,32,1,2,27.1,12,708,0.17,0.18,0.01,1.59,380,0,0,7.0,36.0,2026-05-24T15:00:00Z,90,False,11,0,0,0,5,0,38,0,84838,1,5,0,3,7.0,9,30793,33726,2933,55,True,0
Kenny Tete,DEF,Fulham,0.0,0,0,0,0,0,0.0,0,322,0.00,0.00,0.00,0.00,374,0,0,0.0,0.0,2026-05-24T15:00:00Z,0,False,15,0,0,0,0,0,38,0,28542,0,0,0,2,0.0,0,-318,438,756,45,True,0
Landon Emenalo,MID,Chelsea,0.0,0,0,0,0,0,0.0,0,743,0.00,0.00,0.00,0.00,378,0,0,0.0,0.0,2026-05-24T15:00:00Z,0,False,17,0,0,0,0,0,38,0,1710,0,0,1,2,0.0,0,22,39,17,45,False,0
Dilane Bakwa,MID,Nott'm Forest,2.8,0,0,0,0,0,0.0,0,734,0.00,0.00,0.00,0.00,377,0,0,0.0,0.0,2026-05-24T15:00:00Z,0,False,4,0,0,0,0,0,38,0,3465,0,0,1,1,0.0,0,-96,154,250,59,True,0
Matt O'Riley,MID,Brighton,0.0,0,0,0,0,0,0.0,0,164,0.00,0.00,0.00,0.00,371,0,0,0.0,0.0,2026-05-24T15:00:00Z,0,False,14,0,0,0,0,0,38,0,44622,0,0,3,0,0.0,0,9,180,171,55,True,0
Senne Lammens,GK,Man Utd,4.5,0,0,25,1,0,0.0,0,733,0.00,0.00,0.00,0.79,371,0,0,1.8,18.2,2026-05-24T15:00:00Z,90,False,6,0,0,0,5,0,38,2,468325,1,0,3,0,0.0,6,14086,29242,15156,51,False,0
Dean Benamar,DEF,Crystal Palace,-1.0,0,0,0,0,0,0.0,0,773,0.00,0.00,0.00,0.00,373,0,0,0.0,0.0,2026-05-24T15:00:00Z,0,False,1,0,0,0,0,0,38,0,2517,0,0,2,1,0.0,0,-29,36,65,40,True,0
Carl Rushworth,GK,Brighton,0.0,0,0,0,0,0,0.0,0,141,0.00,0.00,0.00,0.00,371,0,0,0.0,0.0,2026-05-24T15:00:00Z,0,False,14,0,0,0,0,0,38,0,237,0,0,3,0,0.0,0,-3,0,3,40,True,0
Walter Benítez,GK,Crystal Palace,-1.0,0,0,0,0,0,0.0,0,254,0.00,0.00,0.00,0.00,373,0,0,0.0,0.0,2026-05-24T15:00:00Z,0,False,1,0,0,0,0,0,38,0,42033,0,0,2,1,0.0,0,-225,371,596,39,True,0
John Ruddy,GK,Newcastle,0.0,0,0,0,0,0,0.0,0,753,0.00,0.00,0.00,0.00,374,0,0,0.0,0.0,2026-05-24T15:00:00Z,0,False,10,0,0,0,0,0,38,0,2834,0,0,0,2,0.0,0,60,106,46,40,False,0
Ibrahim Sangaré,MID,Nott'm Forest,1.2,0,0,11,0,8,2.7,16,521,0.03,0.03,0.00,0.82,377,1,0,2.2,19.6,2026-05-24T15:00:00Z,64,False,4,0,0,0,8,0,38,0,8201,1,0,1,1,0.0,4,-59,99,158,49,True,0
Zak Johnson,DEF,Sunderland,0.0,0,0,0,0,0,0.0,0,538,0.00,0.00,0.00,0.00,378,0,0,0.0,0.0,2026-05-24T15:00:00Z,0,False,7,0,0,0,0,0,38,0,24852,0,0,1,2,0.0,0,-154,0,154,38,True,0
Brennan Johnson,MID,Crystal Palace,0.4,0,0,0,0,0,0.0,0,580,0.00,0.00,0.00,0.00,373,0,0,0.0,0.0,2026-05-24T15:00:00Z,0,False,1,0,0,0,0,0,38,0,308528,0,0,2,1,0.0,0,-4559,738,5297,65,True,0
Dominic Sadi,MID,Bournemouth,0.0,0,0,0,0,0,0.0,0,94,0.00,0.00,0.00,0.00,377,0,0,0.0,0.0,2026-05-24T15:00:00Z,0,False,16,0,0,0,0,0,38,0,3806,0,0,1,1,0.0,0,-5,0,5,45,False,0
Ian Poveda-Ocampo,MID,Sunderland,0.0,0,0,0,0,0,0.0,0,550,0.00,0.00,0.00,0.00,378,0,0,0.0,0.0,2026-05-24T15:00:00Z,0,False,7,0,0,0,0,0,38,0,3397,0,0,1,2,0.0,0,1,36,35,47,True,0
Rayan Aït-Nouri,DEF,Man City,1.9,0,0,3,0,1,0.5,3,402,0.03,0.03,0.00,0.35,376,0,0,0.8,5.2,2026-05-24T15:00:00Z,13,False,2,0,0,0,1,0,38,0,534077,0,2,2,1,2.0,1,-808,3486,4294,57,True,0
Carlos Baleba,MID,Brighton,2.8,0,0,9,0,1,21.5,9,167,0.05,0.08,0.03,0.15,371,0,0,3.4,10.4,2026-05-24T15:00:00Z,31,False,14,0,0,0,6,0,38,0,202845,0,2,3,0,2.0,1,960,4822,3862,45,True,0
James Wright,GK,Aston Villa,-0.5,0,0,0,0,0,0.0,0,688,0.00,0.00,0.00,0.00,376,0,0,0.0,0.0,2026-05-24T15:00:00Z,0,False,13,0,0,0,0,0,38,0,75527,0,0,2,1,0.0,0,-308,149,457,39,False,0
Jamie Bynoe-Gittens,MID,Chelsea,0.0,0,0,0,0,0,0.0,0,239,0.00,0.00,0.00,0.00,378,0,0,0.0,0.0,2026-05-24T15:00:00Z,0,False,17,0,0,0,0,0,38,0,12955,0,0,1,2,0.0,0,3,43,40,60,False,0
Dejan Kulusevski,MID,Spurs,0.0,0,0,0,0,0,0.0,0,583,0.00,0.00,0.00,0.00,379,0,0,0.0,0.0,2026-05-24T15:00:00Z,0,False,9,0,0,0,0,0,38,0,1905,0,0,0,1,0.0,0,98,123,25,64,True,0
Wilfried Gnonto,MID,Leeds,1.0,0,0,3,0,0,1.3,0,351,0.01,0.01,0.00,0.65,380,2,0,0.6,0.8,2026-05-24T15:00:00Z,21,False,19,0,0,0,0,0,38,0,11384,0,0,0,3,4.0,1,88,258,170,51,False,0
Lisandro Martínez,DEF,Man Utd,3.8,0,0,26,1,3,1.3,4,437,0.01,0.01,0.00,0.79,371,0,0,1.4,12.2,2026-05-24T15:00:00Z,90,False,6,0,0,0,3,0,38,0,58383,1,1,3,0,0.0,6,1828,3197,1369,48,False,0
El Hadji Malick Diouf,DEF,West Ham,2.2,0,0,29,1,7,17.0,8,603,0.01,0.01,0.00,1.59,380,0,0,4.4,22.8,2026-05-24T15:00:00Z,90,False,11,0,0,0,7,0,38,0,318328,1,1,0,3,4.0,6,9625,16510,6885,41,True,0
Leon Chiwome,FWD,Wolves,0.0,0,0,0,0,0,0.0,0,657,0.00,0.00,0.00,0.00,372,0,0,0.0,0.0,2026-05-24T15:00:00Z,0,False,3,0,0,0,0,0,38,0,5024,0,0,1,1,0.0,0,133,283,150,44,False,0
João Victor Gomes da Silva,MID,Wolves,2.0,0,0,0,0,0,0.0,0,646,0.00,0.00,0.00,0.00,372,0,0,0.0,0.0,2026-05-24T15:00:00Z,0,False,3,0,0,0,0,0,38,0,37567,0,0,1,1,0.0,0,1019,4025,3006,53,False,0
Jaydon Banel,MID,Burnley,0.0,0,0,0,0,0,0.0,0,213,0.00,0.00,0.00,0.00,372,0,0,0.0,0.0,2026-05-24T15:00:00Z,0,False,20,0,0,0,0,0,38,0,4653,0,0,1,1,0.0,0,-20,0,20,45,True,0
Kjell Scherpen,GK,Brighton,0.0,0,0,0,0,0,0.0,0,142,0.00,0.00,0.00,0.00,371,0,0,0.0,0.0,2026-05-24T15:00:00Z,0,False,14,0,0,0,0,0,38,0,227,0,0,3,0,0.0,0,0,0,0,40,True,0
Levi Samuels Colwill,DEF,Chelsea,2.0,0,0,12,0,12,1.2,13,227,0.10,0.10,0.00,1.84,378,2,0,3.6,31.2,2026-05-24T15:00:00Z,90,False,17,0,0,0,5,0,38,0,20220,1,1,1,2,4.0,3,3367,3839,472,47,False,0
Shea Lacey,MID,Man Utd,0.2,0,0,1,0,0,0.6,2,755,0.01,0.04,0.03,0.40,371,0,0,0.2,0.0,2026-05-24T15:00:00Z,28,False,6,0,0,0,2,0,38,0,2140,0,0,3,0,5.0,1,388,457,69,45,False,0
Harvey Elliott,MID,Aston Villa,-0.5,0,0,0,0,0,0.0,0,389,0.00,0.00,0.00,0.00,376,0,0,0.0,0.0,2026-05-24T15:00:00Z,0,False,13,0,0,0,0,0,38,0,21735,0,0,2,1,0.0,0,85,177,92,51,False,0
Olivier Boscagli,DEF,Brighton,0.2,0,0,0,0,0,0.0,0,143,0.00,0.00,0.00,0.00,371,0,0,0.0,0.0,2026-05-24T15:00:00Z,0,False,14,0,0,0,0,0,38,0,18532,0,0,3,0,0.0,0,-1612,78,1690,42,True,0
Takai Kōta,DEF,Spurs,0.0,0,0,0,0,0,0.0,0,577,0.00,0.00,0.00,0.00,379,0,0,0.0,0.0,2026-05-24T15:00:00Z,0,False,9,0,0,0,0,0,38,0,5537,0,0,0,1,0.0,0,-13,0,13,40,True,0
Jeremie Frimpong,DEF,Liverpool,1.1,0,0,7,0,0,16.2,0,370,0.09,0.09,0.00,0.49,375,0,0,2.5,4.8,2026-05-24T15:00:00Z,16,False,5,0,0,0,2,0,38,0,636667,0,0,1,1,4.0,1,-15809,285,16094,57,True,0
Nehemiah Oriola,MID,Brighton,0.0,0,0,0,0,0,0.0,0,744,0.00,0.00,0.00,0.00,371,0,0,0.0,0.0,2026-05-24T15:00:00Z,0,False,14,0,0,0,0,0,38,0,2027,0,0,3,0,0.0,0,4,65,61,45,True,0
Joe Rodon,DEF,Leeds,2.2,0,0,4,0,6,10.3,8,348,0.00,0.00,0.00,2.61,380,3,0,2.9,18.4,2026-05-24T15:00:00Z,90,False,19,0,0,0,5,0,38,0,389168,1,2,0,3,0.0,1,6682,14497,7815,39,False,0
Jenson Seelt,DEF,Sunderland,0.0,0,0,0,0,0,0.0,0,542,0.00,0.00,0.00,0.00,378,0,0,0.0,0.0,2026-05-24T15:00:00Z,0,False,7,0,0,0,0,0,38,0,10736,0,0,1,2,0.0,0,-40,0,40,40,True,0
Marshall Munetsi,MID,Wolves,0.0,0,0,0,0,0,0.0,0,648,0.00,0.00,0.00,0.00,372,0,0,0.0,0.0,2026-05-24T15:00:00Z,0,False,3,0,0,0,0,0,38,0,4432,0,0,1,1,0.0,0,-8,0,8,53,False,0
Mateus Mané,FWD,Wolves,4.2,0,0,18,0,2,89.5,8,749,0.70,0.88,0.18,0.98,372,1,0,13.0,20.2,2026-05-24T15:00:00Z,90,False,3,0,0,0,5,0,38,0,191023,1,1,1,1,20.0,2,25132,33972,8840,42,False,0
Rhys Williams,DEF,Liverpool,0.5,0,0,0,0,0,0.0,0,379,0.00,0.00,0.00,0.00,375,0,0,0.0,0.0,2026-05-24T15:00:00Z,0,False,5,0,0,0,0,0,38,0,69317,0,0,1,1,0.0,0,-536,1408,1944,37,True,0
Luis Eduardo Soares da Silva,DEF,Nott'm Forest,0.0,0,0,0,0,0,0.0,0,729,0.00,0.00,0.00,0.00,377,0,0,0.0,0.0,2026-05-24T15:00:00Z,0,False,4,0,0,0,0,0,38,0,131,0,0,1,1,0.0,0,0,0,0,45,True,0
Josh Laurent,MID,Burnley,0.8,0,0,0,0,0,0.0,0,209,0.00,0.00,0.00,0.00,372,0,0,0.0,0.0,2026-05-24T15:00:00Z,0,False,20,0,0,0,0,0,38,0,4779,0,0,1,1,0.0,0,10,81,71,48,True,0
Diego León Blanco,DEF,Man Utd,0.0,0,0,0,0,0,0.0,0,439,0.00,0.00,0.00,0.00,371,0,0,0.0,0.0,2026-05-24T15:00:00Z,0,False,6,0,0,0,0,0,38,0,7603,0,0,3,0,0.0,0,6,49,43,41,False,0
Romaine Mundle,MID,Sunderland,0.0,0,0,0,0,0,0.0,0,548,0.00,0.00,0.00,0.00,378,0,0,0.0,0.0,2026-05-24T15:00:00Z,0,False,7,0,0,0,0,0,38,0,1045,0,0,1,2,0.0,0,-9,14,23,49,True,0
Will Dennis,GK,Bournemouth,0.0,0,0,0,0,0,0.0,0,68,0.00,0.00,0.00,0.00,377,0,0,0.0,0.0,2026-05-24T15:00:00Z,0,False,16,0,0,0,0,0,38,0,88960,0,0,1,1,0.0,0,-627,0,627,40,False,0
Harry Howell,MID,Brighton,0.0,0,0,0,0,0,0.0,0,795,0.00,0.00,0.00,0.00,371,0,0,0.0,0.0,2026-05-24T15:00:00Z,0,False,14,0,0,0,0,0,38,0,897,0,0,3,0,0.0,0,10,51,41,45,True,0
Callum Wilson,FWD,West Ham,2.2,0,0,28,0,1,10.5,2,671,0.05,0.50,0.45,0.53,380,0,1,7.9,40.4,2026-05-24T15:00:00Z,45,False,11,0,0,0,1,0,38,0,74430,0,0,0,3,28.0,5,6672,7778,1106,58,True,0
Mathis Eboué,MID,Chelsea,0.0,0,0,0,0,0,0.0,0,833,0.00,0.00,0.00,0.00,378,0,0,0.0,0.0,2026-05-24T15:00:00Z,0,False,17,0,0,0,0,0,38,0,69,0,0,1,2,0.0,0,19,24,5,45,False,0
Ronnie Hollingshead,GK,Aston Villa,-0.5,0,0,0,0,0,0.0,0,757,0.00,0.00,0.00,0.00,376,0,0,0.0,0.0,2026-05-24T15:00:00Z,0,False,13,0,0,0,0,0,38,0,2330,0,0,2,1,0.0,0,13,42,29,40,False,0
Vitaly Janelt,MID,Brentford,0.5,0,0,19,0,1,17.0,10,125,0.18,0.18,0.00,3.04,375,1,0,3.7,14.4,2026-05-24T15:00:00Z,90,False,12,0,0,0,6,0,38,0,12731,1,3,1,1,6.0,1,-198,65,263,49,False,1
Douglas Luiz Soares de Paulo,MID,Aston Villa,0.5,0,0,18,0,5,1.5,9,699,0.02,0.02,0.00,1.22,376,1,0,1.9,17.4,2026-05-24T15:00:00Z,72,False,13,0,0,0,3,0,38,0,10103,1,1,2,1,0.0,2,-277,127,404,49,False,0
Marcus Tavernier,MID,Bournemouth,4.2,0,3,38,0,3,70.0,6,84,0.15,0.39,0.24,1.73,377,1,1,15.9,57.0,2026-05-24T15:00:00Z,90,False,16,0,0,0,2,0,38,0,553186,1,1,1,1,32.0,10,-3917,25972,29889,53,False,0
Virgil van Dijk,DEF,Liverpool,5.3,0,0,11,0,6,11.6,6,373,0.17,0.24,0.07,1.56,375,1,0,3.5,22.2,2026-05-24T15:00:00Z,90,False,5,0,0,0,2,0,38,0,4156531,1,0,1,1,1.0,2,197901,221291,23390,61,True,0
Son Heung-min,MID,Spurs,0.0,0,0,0,0,0,0.0,0,579,0.00,0.00,0.00,0.00,379,0,0,0.0,0.0,2026-05-24T15:00:00Z,0,False,9,0,0,0,0,0,38,0,15139,0,0,0,1,0.0,0,-3,0,3,85,True,0
Axel Disasi,DEF,West Ham,2.5,0,0,20,1,2,0.6,2,815,0.01,0.01,0.00,1.59,380,0,0,0.5,4.8,2026-05-24T15:00:00Z,90,False,11,0,0,0,3,0,38,0,24903,1,0,0,3,0.0,6,1178,2500,1322,45,True,0
Luca Netz,DEF,Nott'm Forest,2.0,0,0,4,0,2,0.3,2,814,0.00,0.00,0.00,0.16,377,0,0,0.4,3.6,2026-05-24T15:00:00Z,27,False,4,0,0,0,0,0,38,0,1086,0,0,1,1,0.0,1,-29,99,128,45,True,0
Antoñito Cordero Campillo,MID,Newcastle,0.0,0,0,0,0,0,0.0,0,492,0.00,0.00,0.00,0.00,374,0,0,0.0,0.0,2026-05-24T15:00:00Z,0,False,10,0,0,0,0,0,38,0,2655,0,0,0,2,0.0,0,0,0,0,49,False,0
Callum Marshall,FWD,West Ham,0.0,0,0,0,0,0,0.0,0,626,0.00,0.00,0.00,0.00,380,0,0,0.0,0.0,2026-05-24T15:00:00Z,0,False,11,0,0,0,0,0,38,0,64803,0,0,0,3,0.0,0,-174,0,174,43,True,0
Garang Kuol,MID,Newcastle,0.0,0,0,0,0,0,0.0,0,496,0.00,0.00,0.00,0.00,374,0,0,0.0,0.0,2026-05-24T15:00:00Z,0,False,10,0,0,0,0,0,38,0,4180,0,0,0,2,0.0,0,-6,0,6,44,False,0
Fábio Ferreira Vieira,MID,Arsenal,0.0,0,0,0,0,0,0.0,0,23,0.00,0.00,0.00,0.00,373,0,0,0.0,0.0,2026-05-24T15:00:00Z,0,False,8,0,0,0,0,0,38,0,2443,0,0,2,1,0.0,0,-1,0,1,54,False,0
Jean-Philippe Mateta,FWD,Crystal Palace,1.8,0,1,27,0,0,0.0,0,283,0.00,0.38,0.38,0.99,373,0,1,4.9,32.0,2026-05-24T15:00:00Z,13,False,1,0,0,0,0,0,38,0,1051917,0,0,2,1,17.0,6,-87397,11881,99278,76,True,0
Gabriel Fernando de Jesus,FWD,Arsenal,2.5,0,0,19,1,2,16.9,3,31,0.03,0.91,0.88,0.23,373,0,1,10.4,33.8,2026-05-24T15:00:00Z,74,False,8,0,0,0,1,0,38,0,47527,1,0,2,1,53.0,5,4583,5610,1027,64,False,1
Maximilian Kilman,DEF,West Ham,0.0,0,0,0,0,0,0.0,0,605,0.00,0.00,0.00,0.00,380,0,0,0.0,0.0,2026-05-24T15:00:00Z,0,False,11,0,0,0,0,0,38,0,17642,0,0,0,3,0.0,0,-1,196,197,40,True,0
Tawanda Chirewa,MID,Wolves,0.0,0,0,0,0,0,0.0,0,650,0.00,0.00,0.00,0.00,372,0,0,0.0,0.0,2026-05-24T15:00:00Z,0,False,3,0,0,0,0,0,38,0,24691,0,0,1,1,0.0,0,-117,0,117,43,False,0
Elijah Campbell,DEF,Everton,0.0,0,0,0,0,0,0.0,0,705,0.00,0.00,0.00,0.00,379,0,0,0.0,0.0,2026-05-24T15:00:00Z,0,False,18,0,0,0,0,0,38,0,19231,0,0,0,1,0.0,0,-67,0,67,39,False,0
Christantus Uche,FWD,Crystal Palace,-1.0,0,0,0,0,0,0.0,0,732,0.00,0.00,0.00,0.00,373,0,0,0.0,0.0,2026-05-24T15:00:00Z,0,False,1,0,0,0,0,0,38,0,7029,0,0,2,1,0.0,0,-11,148,159,55,True,0
Rayan Vitor Simplício Rocha,MID,Bournemouth,5.5,0,0,9,0,4,16.8,6,807,0.04,0.10,0.06,1.22,377,1,0,3.5,9.8,2026-05-24T15:00:00Z,72,False,16,0,0,0,2,0,38,0,306162,1,0,1,1,8.0,2,79479,88887,9408,54,False,0
Harry Maguire,DEF,Man Utd,5.0,0,0,26,1,6,11.0,7,442,0.09,0.09,0.00,0.79,371,0,0,3.5,20.4,2026-05-24T15:00:00Z,90,False,6,0,0,0,2,0,38,0,218782,1,1,3,0,4.0,6,5143,14754,9611,44,False,0
Hjalmar Ekdal,DEF,Burnley,0.8,0,0,0,0,0,0.0,0,190,0.00,0.00,0.00,0.00,372,0,0,0.0,0.0,2026-05-24T15:00:00Z,0,False,20,0,0,0,0,0,38,0,90995,0,0,1,1,0.0,0,-780,748,1528,38,True,0
Mason Mount,MID,Man Utd,2.5,0,0,19,1,2,4.6,13,455,0.13,0.13,0.00,0.48,371,0,0,2.0,11.8,2026-05-24T15:00:00Z,73,False,6,0,0,0,7,0,38,0,37178,1,4,3,0,4.0,5,432,713,281,59,False,0
Paris Maghoma,MID,Brentford,0.0,0,0,0,0,0,0.0,0,132,0.00,0.00,0.00,0.00,375,0,0,0.0,0.0,2026-05-24T15:00:00Z,0,False,12,0,0,0,0,0,38,0,2521,0,0,1,1,0.0,0,-13,0,13,45,False,0
Jair Paula da Cunha Filho,DEF,Nott'm Forest,1.5,0,0,1,0,3,0.2,3,510,0.00,0.00,0.00,0.80,377,1,0,0.0,0.0,2026-05-24T15:00:00Z,62,False,4,0,0,0,3,0,38,0,8141,1,0,1,1,0.0,2,-13,99,112,42,True,0
Freddie Potts,MID,West Ham,0.0,0,0,0,0,0,0.0,0,623,0.00,0.00,0.00,0.00,380,0,0,0.0,0.0,2026-05-24T15:00:00Z,0,False,11,0,0,0,0,0,38,0,66575,0,0,0,3,0.0,0,-722,865,1587,43,True,0
Joško Gvardiol,DEF,Man City,0.9,0,0,3,0,1,0.5,1,403,0.00,0.00,0.00,0.35,376,0,0,0.5,4.0,2026-05-24T15:00:00Z,12,False,2,0,0,0,1,0,38,0,421006,0,0,2,1,0.0,1,2729,3793,1064,58,True,0
Matthijs de Ligt,DEF,Man Utd,0.0,0,0,0,0,0,0.0,0,436,0.00,0.00,0.00,0.00,371,0,0,0.0,0.0,2026-05-24T15:00:00Z,0,False,6,0,0,0,0,0,38,0,231796,0,0,3,0,0.0,0,-380,42,422,49,False,0
Matheus França de Oliveira,MID,Crystal Palace,0.0,0,0,0,0,0,0.0,0,279,0.00,0.00,0.00,0.00,373,0,0,0.0,0.0,2026-05-24T15:00:00Z,0,False,1,0,0,0,0,0,38,0,759,0,0,2,1,0.0,0,0,0,0,45,True,0
Nick Woltemade,FWD,Newcastle,3.0,0,0,9,0,0,31.8,1,714,0.07,0.07,0.00,1.43,374,1,0,4.0,6.6,2026-05-24T15:00:00Z,77,False,10,0,0,0,0,0,38,0,855410,1,1,0,2,2.0,2,16033,22595,6562,67,False,0
Airidas Golambeckis,DEF,West Ham,0.0,0,0,0,0,0,0.0,0,752,0.00,0.00,0.00,0.00,380,0,0,0.0,0.0,2026-05-24T15:00:00Z,0,False,11,0,0,0,0,0,38,0,4632,0,0,0,3,0.0,0,89,168,79,40,True,0
Lucas Bergvall,MID,Spurs,0.5,0,0,0,0,0,0.0,0,586,0.00,0.00,0.00,0.00,379,0,0,0.0,0.0,2026-05-24T15:00:00Z,0,False,9,0,0,0,0,0,38,0,23162,0,0,0,1,0.0,0,-107,146,253,52,True,0
Mikel Merino Zazón,MID,Arsenal,0.9,0,0,-2,0,0,4.8,2,22,0.00,0.37,0.37,0.77,373,1,0,1.0,0.0,2026-05-24T15:00:00Z,28,False,8,0,0,0,2,0,38,0,97601,0,0,2,1,7.0,1,-192,236,428,53,False,0
Braiden Graham,FWD,Everton,0.0,0,0,0,0,0,0.0,0,779,0.00,0.00,0.00,0.00,379,0,0,0.0,0.0,2026-05-24T15:00:00Z,0,False,18,0,0,0,0,0,38,0,5582,0,0,0,1,0.0,0,91,271,180,45,False,0
Odsonne Édouard,FWD,Crystal Palace,0.0,0,0,0,0,0,0.0,0,285,0.00,0.00,0.00,0.00,373,0,0,0.0,0.0,2026-05-24T15:00:00Z,0,False,1,0,0,0,0,0,38,0,26397,0,0,2,1,0.0,0,-26,0,26,50,True,0
Joe Knight,MID,Brighton,0.0,0,0,0,0,0,0.0,0,175,0.00,0.00,0.00,0.00,371,0,0,0.0,0.0,2026-05-24T15:00:00Z,0,False,14,0,0,0,0,0,38,0,8519,0,0,3,0,0.0,0,-31,0,31,44,True,0
Zépiqueno Redmond,FWD,Aston Villa,0.0,0,0,0,0,0,0.0,0,65,0.00,0.00,0.00,0.00,376,0,0,0.0,0.0,2026-05-24T15:00:00Z,0,False,13,0,0,0,0,0,38,0,36982,0,0,2,1,0.0,0,-43,0,43,45,False,0
Matheus Santos Carneiro da Cunha,MID,Man Utd,4.5,0,0,0,0,0,0.0,0,450,0.00,0.00,0.00,0.00,371,0,0,0.0,0.0,2026-05-24T15:00:00Z,0,False,6,0,0,0,0,0,38,0,1144172,0,0,3,0,0.0,0,48501,72390,23889,81,False,0
Max Merrick,GK,Chelsea,0.0,0,0,0,0,0,0.0,0,789,0.00,0.00,0.00,0.00,378,0,0,0.0,0.0,2026-05-24T15:00:00Z,0,False,17,0,0,0,0,0,38,0,1267,0,0,1,2,0.0,0,15,31,16,40,False,0
Chemsdine Talbi,MID,Sunderland,0.0,0,0,0,0,0,0.0,0,553,0.00,0.00,0.00,0.00,378,0,0,0.0,0.0,2026-05-24T15:00:00Z,0,False,7,0,0,0,0,0,38,0,20030,0,0,1,2,0.0,0,-635,108,743,49,True,0
Zach Abbott,DEF,Nott'm Forest,0.2,0,0,0,0,0,0.0,0,513,0.00,0.00,0.00,0.00,377,0,0,0.0,0.0,2026-05-24T15:00:00Z,0,False,4,0,0,0,0,0,38,0,31884,0,0,1,1,0.0,0,-149,180,329,38,True,0
Mykhailo Mudryk,MID,Chelsea,0.0,0,0,0,0,0,0.0,0,245,0.00,0.00,0.00,0.00,378,0,0,0.0,0.0,2026-05-24T15:00:00Z,0,False,17,0,0,0,0,0,38,0,1273,0,0,1,2,0.0,0,54,83,29,49,False,0
Emile Smith Rowe,MID,Fulham,2.0,0,0,11,1,1,5.4,4,325,0.00,0.06,0.06,0.17,374,0,0,2.0,7.4,2026-05-24T15:00:00Z,71,False,15,0,0,0,1,0,38,0,66317,1,2,0,2,7.0,3,-174,1297,1471,56,True,0
Yves Bissouma,MID,Spurs,0.2,0,0,0,0,0,0.0,0,587,0.00,0.00,0.00,0.00,379,0,0,0.0,0.0,2026-05-24T15:00:00Z,0,False,9,0,0,0,0,0,38,0,6259,0,0,0,1,0.0,0,12,80,68,52,True,0
Zian Flemming,FWD,Burnley,4.2,0,3,32,0,3,4.9,4,215,0.02,0.14,0.12,1.79,372,1,1,6.3,37.4,2026-05-24T15:00:00Z,84,False,20,0,0,0,1,0,38,0,114785,1,0,1,1,21.0,9,64139,67316,3177,53,True,0
Alfie Pond,DEF,Wolves,0.0,0,0,0,0,0,0.0,0,641,0.00,0.00,0.00,0.00,372,0,0,0.0,0.0,2026-05-24T15:00:00Z,0,False,3,0,0,0,0,0,38,0,118580,0,0,1,1,0.0,0,-778,0,778,39,False,0
Fraser Forster,GK,Bournemouth,0.0,0,0,0,0,0,0.0,0,782,0.00,0.00,0.00,0.00,377,0,0,0.0,0.0,2026-05-24T15:00:00Z,0,False,16,0,0,0,0,0,38,0,3907,0,0,1,1,0.0,0,41,119,78,40,False,0
Daniel Ballard,DEF,Sunderland,0.0,0,0,0,0,0,0.0,0,531,0.00,0.00,0.00,0.00,378,0,0,0.0,0.0,2026-05-24T15:00:00Z,0,False,7,0,0,0,0,0,38,0,318993,0,0,1,2,0.0,0,-18414,197,18611,46,True,0
Tim Iroegbunam,MID,Everton,2.2,0,0,6,0,5,1.6,13,304,0.01,0.01,0.00,1.15,379,1,0,2.3,21.6,2026-05-24T15:00:00Z,83,False,18,0,0,0,5,0,38,0,5040,1,3,0,1,0.0,4,-18,81,99,48,False,0
Lucas Digne,DEF,Aston Villa,0.7,0,0,0,0,0,0.0,0,37,0.00,0.00,0.00,0.00,376,0,0,0.0,0.0,2026-05-24T15:00:00Z,0,False,13,0,0,0,0,0,38,0,199269,0,0,2,1,0.0,0,-3578,1895,5473,45,False,0
Mads Hermansen,GK,West Ham,4.0,0,0,30,1,0,0.0,0,679,0.00,0.00,0.00,1.59,380,0,0,2.1,21.2,2026-05-24T15:00:00Z,90,False,11,0,0,0,12,0,38,3,137882,1,0,0,3,0.0,7,25536,28608,3072,42,True,0
Viktor Gyökeres,FWD,Arsenal,6.0,0,0,4,0,0,18.4,2,666,0.10,0.26,0.16,0.75,373,1,0,2.8,3.4,2026-05-24T15:00:00Z,7,False,8,0,0,0,2,0,38,0,2137484,0,0,2,1,6.0,1,-220550,55540,276090,91,False,0
Emiliano Buendía Stati,MID,Aston Villa,3.3,0,2,32,0,3,33.7,15,50,0.06,0.14,0.08,1.34,376,1,0,8.4,28.0,2026-05-24T15:00:00Z,90,False,13,0,0,0,4,0,38,0,48382,1,8,2,1,22.0,6,-1329,1729,3058,53,False,0
Benjamin Lecomte,GK,Fulham,0.0,0,0,0,0,0,0.0,0,664,0.00,0.00,0.00,0.00,374,0,0,0.0,0.0,2026-05-24T15:00:00Z,0,False,15,0,0,0,0,0,38,0,87653,0,0,0,2,0.0,0,-541,221,762,39,True,0
Ismeal Kabia,MID,Arsenal,0.0,0,0,0,0,0,0.0,0,28,0.00,0.00,0.00,0.00,373,0,0,0.0,0.0,2026-05-24T15:00:00Z,0,False,8,0,0,0,0,0,38,0,12366,0,0,2,1,0.0,0,-18,0,18,45,False,0
Isaac Hayden,MID,Newcastle,0.0,0,0,0,0,0,0.0,0,495,0.00,0.00,0.00,0.00,374,0,0,0.0,0.0,2026-05-24T15:00:00Z,0,False,10,0,0,0,0,0,38,0,759,0,0,0,2,0.0,0,0,0,0,45,False,0
Adrian Mazilu,MID,Brighton,0.0,0,0,0,0,0,0.0,0,176,0.00,0.00,0.00,0.00,371,0,0,0.0,0.0,2026-05-24T15:00:00Z,0,False,14,0,0,0,0,0,38,0,2338,0,0,3,0,0.0,0,-2,0,2,45,True,0
Jurriën Timber,DEF,Arsenal,0.2,0,0,0,0,0,0.0,0,8,0.00,0.00,0.00,0.00,373,0,0,0.0,0.0,2026-05-24T15:00:00Z,0,False,8,0,0,0,0,0,38,0,1984727,0,0,2,1,0.0,0,-52153,316,52469,60,False,0
Finlay Herrick,GK,West Ham,0.0,0,0,0,0,0,0.0,0,825,0.00,0.00,0.00,0.00,380,0,0,0.0,0.0,2026-05-24T15:00:00Z,0,False,11,0,0,0,0,0,38,0,660,0,0,0,3,0.0,0,79,109,30,40,True,0
Kyle Walker,DEF,Burnley,1.5,0,0,11,0,2,14.9,3,187,0.05,0.05,0.00,2.09,372,1,0,3.0,13.0,2026-05-24T15:00:00Z,90,False,20,0,0,0,7,0,38,0,155549,1,1,1,1,2.0,2,11058,12386,1328,44,True,0
Cole Palmer,MID,Chelsea,3.0,0,2,26,0,0,4.9,1,235,0.02,0.23,0.21,1.84,378,2,1,6.7,34.6,2026-05-24T15:00:00Z,90,False,17,0,0,0,1,0,38,0,1655224,1,0,1,2,27.0,8,12481,47331,34850,103,False,1
Maxence Lacroix,DEF,Crystal Palace,0.6,0,0,0,0,0,0.0,0,257,0.00,0.00,0.00,0.00,373,0,0,0.0,0.0,2026-05-24T15:00:00Z,0,False,1,0,0,0,0,0,38,0,927218,0,0,2,1,0.0,0,-72024,8947,80971,52,True,0
Robert Lynch Sánchez,GK,Chelsea,1.2,0,0,17,0,0,0.0,0,220,0.00,0.00,0.00,1.84,378,2,0,4.0,40.2,2026-05-24T15:00:00Z,90,False,17,0,0,0,14,0,38,5,1355390,1,0,1,2,0.0,2,7005,19873,12868,48,False,0
Benjamin Fredrick,DEF,Brentford,0.0,0,0,0,0,0,0.0,0,115,0.00,0.00,0.00,0.00,375,0,0,0.0,0.0,2026-05-24T15:00:00Z,0,False,12,0,0,0,0,0,38,0,9391,0,0,1,1,0.0,0,-19,0,19,40,False,0
Brajan Gruda,MID,Brighton,0.0,0,0,0,0,0,0.0,0,162,0.00,0.00,0.00,0.00,371,0,0,0.0,0.0,2026-05-24T15:00:00Z,0,False,14,0,0,0,0,0,38,0,5808,0,0,3,0,0.0,0,-15,0,15,54,True,0
James Trafford,GK,Man City,0.9,0,0,5,0,0,0.0,0,182,0.00,0.00,0.00,1.77,376,2,0,1.8,17.8,2026-05-24T15:00:00Z,90,False,2,0,0,0,2,0,38,3,120390,1,0,2,1,0.0,2,816,1128,312,45,True,0
Ben Gannon-Doak,MID,Bournemouth,0.5,0,0,4,0,0,1.4,3,391,0.03,0.20,0.17,0.69,377,0,0,2.7,4.0,2026-05-24T15:00:00Z,33,False,16,0,0,0,2,0,38,0,4237,0,1,1,1,22.0,1,15,44,29,48,False,0
Max Alleyne,DEF,Man City,0.5,0,0,0,0,0,0.0,0,794,0.00,0.00,0.00,0.00,376,0,0,0.0,0.0,2026-05-24T15:00:00Z,0,False,2,0,0,0,0,0,38,0,1478,0,0,2,1,0.0,0,34,60,26,39,True,0
Saša Kalajdžić,FWD,Wolves,0.0,0,0,0,0,0,0.0,0,656,0.00,0.00,0.00,0.00,372,0,0,0.0,0.0,2026-05-24T15:00:00Z,0,False,3,0,0,0,0,0,38,0,6152,0,0,1,1,0.0,0,-3,0,3,49,False,0
Mitoma Kaoru,MID,Brighton,0.0,0,0,0,0,0,0.0,0,157,0.00,0.00,0.00,0.00,371,0,0,0.0,0.0,2026-05-24T15:00:00Z,0,False,14,0,0,0,0,0,38,0,251090,0,0,3,0,0.0,0,-17625,91,17716,61,True,0
Michael Keane,DEF,Everton,2.8,0,0,6,0,9,4.1,11,295,0.25,0.34,0.09,1.15,379,1,0,4.3,17.8,2026-05-24T15:00:00Z,90,False,18,0,0,0,2,0,38,0,406723,1,2,0,1,21.0,4,-7676,12053,19729,45,False,0
Jenson Jones,DEF,Sunderland,0.0,0,0,0,0,0,0.0,0,774,0.00,0.00,0.00,0.00,378,0,0,0.0,0.0,2026-05-24T15:00:00Z,0,False,7,0,0,0,0,0,38,0,3164,0,0,1,2,0.0,0,-53,92,145,40,True,0
Jean-Clair Todibo,DEF,West Ham,0.2,0,0,0,0,0,0.0,0,609,0.00,0.00,0.00,0.00,380,0,0,0.0,0.0,2026-05-24T15:00:00Z,0,False,11,0,0,0,0,0,38,0,13110,0,0,0,3,0.0,0,209,296,87,43,True,0
Joelinton Cássio Apolinário de Lira,MID,Newcastle,0.0,0,0,0,0,0,0.0,0,490,0.00,0.00,0.00,0.00,374,0,0,0.0,0.0,2026-05-24T15:00:00Z,0,False,10,0,0,0,0,0,38,0,36403,0,0,0,2,0.0,0,-946,47,993,59,False,0
Mohamadou Kanté,MID,West Ham,0.2,0,0,2,0,1,0.3,1,758,0.00,0.00,0.00,0.20,380,0,0,0.1,0.2,2026-05-24T15:00:00Z,2,False,11,0,0,0,0,0,38,0,1730,0,0,0,3,0.0,1,29,101,72,45,True,0
Francisco Evanilson de Lima Barbosa,FWD,Bournemouth,2.5,0,0,9,0,2,2.6,7,97,0.01,0.07,0.06,1.22,377,1,0,0.8,2.4,2026-05-24T15:00:00Z,72,False,16,0,0,0,4,0,38,0,322517,1,1,1,1,3.0,2,19035,33469,14434,66,False,0
Nordi Mukiele,DEF,Sunderland,5.8,0,0,15,0,10,11.2,12,694,0.36,0.46,0.10,0.89,378,1,0,5.3,21.0,2026-05-24T15:00:00Z,90,False,7,0,0,0,8,0,38,0,1135103,1,2,1,2,21.0,4,10547,45322,34775,46,True,0
Kevin Danso,DEF,Spurs,4.2,0,0,28,1,11,0.8,11,570,0.01,0.21,0.20,0.41,379,0,0,4.1,22.2,2026-05-24T15:00:00Z,90,False,9,0,0,0,0,0,38,0,27617,1,0,0,1,18.0,8,5100,5636,536,42,True,0
Shumaira Mheuka,FWD,Chelsea,0.5,0,0,0,0,0,0.0,0,840,0.00,0.00,0.00,0.00,378,0,0,0.0,0.0,2026-05-24T15:00:00Z,0,False,17,0,0,0,0,0,38,0,300,0,0,1,2,0.0,0,232,246,14,45,False,0
Adam Aznou,DEF,Everton,0.0,0,0,0,0,0,0.0,0,667,0.00,0.00,0.00,0.00,379,0,0,0.0,0.0,2026-05-24T15:00:00Z,0,False,18,0,0,0,0,0,38,0,7479,0,0,0,1,0.0,0,-9,38,47,42,False,0
Ben Davies,DEF,Spurs,0.0,0,0,0,0,0,0.0,0,571,0.00,0.00,0.00,0.00,379,0,0,0.0,0.0,2026-05-24T15:00:00Z,0,False,9,0,0,0,0,0,38,0,8409,0,0,0,1,0.0,0,2,32,30,43,True,0
Trai Hume,DEF,Sunderland,4.2,0,0,22,0,0,64.8,3,532,0.19,0.37,0.18,0.89,378,1,1,13.6,50.8,2026-05-24T15:00:00Z,90,False,7,0,0,0,2,0,38,0,42572,1,3,1,2,20.0,8,-832,690,1522,45,True,0
Tom Cairney,MID,Fulham,2.2,0,0,27,0,2,28.7,5,331,0.11,0.31,0.20,0.18,374,0,1,7.6,38.6,2026-05-24T15:00:00Z,30,False,15,0,0,0,2,0,38,0,4234,0,1,0,2,9.0,6,-1,54,55,48,True,0
Calvin Bassey,DEF,Fulham,2.8,0,0,27,1,4,10.9,6,318,0.00,0.00,0.00,0.31,374,0,0,2.4,13.2,2026-05-24T15:00:00Z,90,False,15,0,0,0,5,0,38,0,107329,1,2,0,2,0.0,6,-2961,4406,7367,44,True,0
Alfie McNally,GK,Fulham,0.0,0,0,0,0,0,0.0,0,786,0.00,0.00,0.00,0.00,374,0,0,0.0,0.0,2026-05-24T15:00:00Z,0,False,15,0,0,0,0,0,38,0,1737,0,0,0,2,0.0,0,42,77,35,40,True,0
Matai Akinmboni,DEF,Bournemouth,0.0,0,0,0,0,0,0.0,0,75,0.00,0.00,0.00,0.00,377,0,0,0.0,0.0,2026-05-24T15:00:00Z,0,False,16,0,0,0,0,0,38,0,25726,0,0,1,1,0.0,0,205,423,218,38,False,0
Yehor Yarmoliuk,MID,Brentford,2.7,0,0,0,0,0,0.0,0,129,0.00,0.00,0.00,0.00,375,0,0,0.0,0.0,2026-05-24T15:00:00Z,0,False,12,0,0,0,0,0,38,0,13599,0,0,1,1,0.0,0,215,698,483,50,False,0
Norberto Bercique Gomes Betuncal,FWD,Everton,3.0,0,0,3,0,0,0.1,0,311,0.00,0.00,0.00,0.00,379,0,0,0.0,0.0,2026-05-24T15:00:00Z,6,False,18,0,0,0,0,0,38,0,431598,0,0,0,1,0.0,1,-14686,15976,30662,51,False,0
Christian Nørgaard,MID,Arsenal,1.2,0,0,9,0,2,5.1,5,24,0.04,0.07,0.03,0.05,373,0,0,1.6,7.6,2026-05-24T15:00:00Z,45,False,8,0,0,0,0,0,38,0,17646,1,3,2,1,3.0,1,420,522,102,51,False,0
Dan Ndoye,MID,Nott'm Forest,0.0,0,0,0,0,0,0.0,0,669,0.00,0.00,0.00,0.00,377,0,0,0.0,0.0,2026-05-24T15:00:00Z,0,False,4,0,0,0,0,0,38,0,87596,0,0,1,1,0.0,0,-282,16,298,55,True,0
Soungoutou Magassa,MID,West Ham,0.2,0,0,0,0,0,0.0,0,718,0.00,0.00,0.00,0.00,380,0,0,0.0,0.0,2026-05-24T15:00:00Z,0,False,11,0,0,0,0,0,38,0,3564,0,0,0,3,0.0,0,23,53,30,50,True,0
Bradley Burrowes,MID,Aston Villa,-0.5,0,0,0,0,0,0.0,0,702,0.00,0.00,0.00,0.00,376,0,0,0.0,0.0,2026-05-24T15:00:00Z,0,False,13,0,0,0,0,0,38,0,18178,0,0,2,1,0.0,0,1592,2666,1074,43,False,0
Martin Sherif,FWD,Everton,0.0,0,0,0,0,0,0.0,0,313,0.00,0.00,0.00,0.00,379,0,0,0.0,0.0,2026-05-24T15:00:00Z,0,False,18,0,0,0,0,0,38,0,14774,0,0,0,1,0.0,0,-29,0,29,44,False,0
Martin Ødegaard,MID,Arsenal,2.8,0,0,0,0,0,0.0,0,17,0.00,0.00,0.00,0.00,373,0,0,0.0,0.0,2026-05-24T15:00:00Z,0,False,8,0,0,0,0,0,38,0,217078,0,0,2,1,0.0,0,-53,3289,3342,78,False,0
Malick Yalcouyé,MID,Brighton,0.0,0,0,0,0,0,0.0,0,174,0.00,0.00,0.00,0.00,371,0,0,0.0,0.0,2026-05-24T15:00:00Z,0,False,14,0,0,0,0,0,38,0,634,0,0,3,0,0.0,0,-1,0,1,50,True,0
Charalampos Kostoulas,FWD,Brighton,1.0,0,0,4,0,0,21.6,1,181,0.08,0.27,0.19,0.15,371,0,0,4.4,3.8,2026-05-24T15:00:00Z,31,False,14,0,0,0,1,0,38,0,43417,0,0,3,0,19.0,1,-141,421,562,48,True,0
Romain Esse,MID,Crystal Palace,0.0,0,0,0,0,0,0.0,0,269,0.00,0.00,0.00,0.00,373,0,0,0.0,0.0,2026-05-24T15:00:00Z,0,False,1,0,0,0,0,0,38,0,14237,0,0,2,1,0.0,0,-26,0,26,47,True,0
João Victor de Souza Menezes,DEF,Spurs,0.0,0,0,0,0,0,0.0,0,804,0.00,0.00,0.00,0.00,379,0,0,0.0,0.0,2026-05-24T15:00:00Z,0,False,9,0,0,0,0,0,38,0,2901,0,0,0,1,0.0,0,-39,62,101,40,True,0
Mark Travers,GK,Everton,0.0,0,0,0,0,0,0.0,0,288,0.00,0.00,0.00,0.00,379,0,0,0.0,0.0,2026-05-24T15:00:00Z,0,False,18,0,0,0,0,0,38,0,14742,0,0,0,1,0.0,0,-49,68,117,42,False,0
Altay Bayındır,GK,Man Utd,0.0,0,0,0,0,0,0.0,0,431,0.00,0.00,0.00,0.00,371,0,0,0.0,0.0,2026-05-24T15:00:00Z,0,False,6,0,0,0,0,0,38,0,41270,0,0,3,0,0.0,0,43,298,255,47,False,0
Largie Ramazani,MID,Leeds,0.0,0,0,0,0,0,0.0,0,357,0.00,0.00,0.00,0.00,380,0,0,0.0,0.0,2026-05-24T15:00:00Z,0,False,19,0,0,0,0,0,38,0,1838,0,0,0,3,0.0,0,-4,0,4,49,False,0
Malcom DaCosta,MID,Bournemouth,0.0,0,0,0,0,0,0.0,0,756,0.00,0.00,0.00,0.00,377,0,0,0.0,0.0,2026-05-24T15:00:00Z,0,False,16,0,0,0,0,0,38,0,1483,0,0,1,1,0.0,0,25,52,27,45,False,0
Pedro Lomba Neto,MID,Chelsea,2.8,1,1,23,0,0,36.8,2,236,0.11,0.11,0.00,1.56,378,2,0,6.1,22.2,2026-05-24T15:00:00Z,64,False,17,0,0,0,2,0,38,0,516273,1,0,1,2,2.0,6,2878,6949,4071,70,False,0
Rodrigo Martins Gomes,DEF,Wolves,1.5,0,0,1,0,1,0.8,2,635,0.00,0.02,0.02,0.78,372,1,0,0.7,3.0,2026-05-24T15:00:00Z,81,False,3,0,0,0,4,0,38,0,10534,1,1,1,1,3.0,2,586,844,258,44,False,0
Yerson Mosquera Valdelamar,DEF,Wolves,2.5,0,0,9,0,10,0.7,13,634,0.03,0.26,0.23,0.98,372,1,0,4.4,29.2,2026-05-24T15:00:00Z,90,False,3,0,0,0,5,0,38,0,12370,1,3,1,1,14.0,3,1308,1599,291,43,False,1
Iliman Ndiaye,MID,Everton,2.0,0,0,12,0,0,14.3,6,299,0.02,0.07,0.05,1.15,379,1,0,3.1,11.8,2026-05-24T15:00:00Z,90,False,18,0,0,0,3,0,38,0,612139,1,3,0,1,5.0,2,-8478,17142,25620,63,False,0
Tyler Fletcher,MID,Man Utd,0.2,0,0,3,0,0,2.0,2,771,0.00,0.00,0.00,0.31,371,0,0,0.2,0.4,2026-05-24T15:00:00Z,16,False,6,0,0,0,2,0,38,0,1545,0,0,3,0,0.0,1,30,90,60,44,False,0
Florentino Ibrain Morris Luís,MID,Burnley,3.2,0,0,18,0,6,14.5,17,722,0.02,0.05,0.03,2.09,372,1,0,5.0,28.4,2026-05-24T15:00:00Z,90,False,20,0,0,0,7,0,38,0,5813,1,4,1,1,7.0,4,738,875,137,50,True,0
Nicolas Jackson,FWD,Chelsea,0.0,0,0,0,0,0,0.0,0,251,0.00,0.00,0.00,0.00,378,0,0,0.0,0.0,2026-05-24T15:00:00Z,0,False,17,0,0,0,0,0,38,0,9154,0,0,1,2,0.0,0,-5,0,5,65,False,0
Morgan Rogers,MID,Aston Villa,3.3,0,0,0,0,0,0.0,0,47,0.00,0.00,0.00,0.00,376,0,0,0.0,0.0,2026-05-24T15:00:00Z,0,False,13,0,0,0,0,0,38,0,2631207,0,0,2,1,0.0,0,-153130,44217,197347,73,False,0
Reiss Nelson,MID,Brentford,-0.3,0,0,3,0,0,0.5,0,27,0.00,0.00,0.00,0.99,375,0,0,0.1,0.2,2026-05-24T15:00:00Z,1,False,12,0,0,0,0,0,38,0,12347,0,0,1,1,0.0,1,27,111,84,48,False,0
Dan Burn,DEF,Newcastle,2.8,0,0,7,0,3,0.8,5,476,0.00,0.00,0.00,1.58,374,2,0,1.4,13.2,2026-05-24T15:00:00Z,83,False,10,0,0,0,4,0,38,0,466030,1,2,0,2,0.0,1,4429,9270,4841,50,False,0
Andreas Hoelgebaum Pereira,MID,Fulham,0.0,0,0,0,0,0,0.0,0,327,0.00,0.00,0.00,0.00,374,0,0,0.0,0.0,2026-05-24T15:00:00Z,0,False,15,0,0,0,0,0,38,0,7492,0,0,0,2,0.0,0,-7,0,7,53,True,0
Lewis Miley,MID,Newcastle,0.0,0,0,0,0,0,0.0,0,497,0.00,0.00,0.00,0.00,374,0,0,0.0,0.0,2026-05-24T15:00:00Z,0,False,10,0,0,0,0,0,38,0,216560,0,0,0,2,0.0,0,-12110,178,12288,44,False,0
Ahmed Abdullahi,FWD,Sunderland,0.0,0,0,0,0,0,0.0,0,562,0.00,0.00,0.00,0.00,378,0,0,0.0,0.0,2026-05-24T15:00:00Z,0,False,7,0,0,0,0,0,38,0,55218,0,0,1,2,0.0,0,-283,574,857,42,True,0
James McConnell,MID,Liverpool,0.0,0,0,0,0,0,0.0,0,394,0.00,0.00,0.00,0.00,375,0,0,0.0,0.0,2026-05-24T15:00:00Z,0,False,5,0,0,0,0,0,38,0,2566,0,0,1,1,0.0,0,-11,0,11,44,True,0
Tom McGill,GK,Brighton,0.0,0,0,0,0,0,0.0,0,140,0.00,0.00,0.00,0.00,371,0,0,0.0,0.0,2026-05-24T15:00:00Z,0,False,14,0,0,0,0,0,38,0,38195,0,0,3,0,0.0,0,-225,139,364,39,True,0
Brayden Clarke,DEF,Arsenal,1.0,0,0,0,0,0,0.0,0,13,0.00,0.00,0.00,0.00,373,0,0,0.0,0.0,2026-05-24T15:00:00Z,0,False,8,0,0,0,0,0,38,0,63482,0,0,2,1,0.0,0,3861,5023,1162,37,False,0
Joe Worrall,DEF,Burnley,0.0,0,0,0,0,0,0.0,0,199,0.00,0.00,0.00,0.00,372,0,0,0.0,0.0,2026-05-24T15:00:00Z,0,False,20,0,0,0,0,0,38,0,24515,0,0,1,1,0.0,0,-388,155,543,38,True,0
Owen Dodgson,DEF,Burnley,0.0,0,0,0,0,0,0.0,0,189,0.00,0.00,0.00,0.00,372,0,0,0.0,0.0,2026-05-24T15:00:00Z,0,False,20,0,0,0,0,0,38,0,1570,0,0,1,1,0.0,0,-5,0,5,40,True,0
Enzo Fernández,MID,Chelsea,6.0,0,0,7,0,2,26.9,7,237,0.04,0.04,0.00,1.84,378,2,0,4.0,11.4,2026-05-24T15:00:00Z,90,False,17,0,0,0,4,0,38,0,1630581,1,1,1,2,2.0,1,198389,216099,17710,65,False,1
Julio Enciso Espínola,MID,Brighton,0.0,0,0,0,0,0,0.0,0,161,0.00,0.00,0.00,0.00,371,0,0,0.0,0.0,2026-05-24T15:00:00Z,0,False,14,0,0,0,0,0,38,0,1122,0,0,3,0,0.0,0,0,0,0,54,True,0
Emil Krafth,DEF,Newcastle,0.0,0,0,0,0,0,0.0,0,479,0.00,0.00,0.00,0.00,374,0,0,0.0,0.0,2026-05-24T15:00:00Z,0,False,10,0,0,0,0,0,38,0,4782,0,0,0,2,0.0,0,32,52,20,43,False,0
Boubacar Kamara,MID,Aston Villa,0.0,0,0,0,0,0,0.0,0,58,0.00,0.00,0.00,0.00,376,0,0,0.0,0.0,2026-05-24T15:00:00Z,0,False,13,0,0,0,0,0,38,0,21828,0,0,2,1,0.0,0,-108,58,166,49,False,0
Hugo Ekitiké,FWD,Liverpool,0.0,0,0,0,0,0,0.0,0,661,0.00,0.00,0.00,0.00,375,0,0,0.0,0.0,2026-05-24T15:00:00Z,0,False,5,0,0,0,0,0,38,0,2050989,0,0,1,1,0.0,0,-35024,310,35334,90,True,0
Amara Nallo,DEF,Liverpool,0.5,0,0,0,0,0,0.0,0,378,0.00,0.00,0.00,0.00,375,0,0,0.0,0.0,2026-05-24T15:00:00Z,0,False,5,0,0,0,0,0,38,0,111768,0,0,1,1,0.0,0,-2368,1432,3800,37,True,0
Andrew Robertson,DEF,Liverpool,1.0,0,0,12,0,4,31.6,4,372,0.24,0.27,0.03,1.13,375,1,0,5.1,17.2,2026-05-24T15:00:00Z,82,False,5,0,0,0,2,0,38,0,153553,1,0,1,1,2.0,2,14160,15756,1596,57,True,0
Seung-Soo Park,MID,Newcastle,0.0,0,0,0,0,0,0.0,0,689,0.00,0.00,0.00,0.00,374,0,0,0.0,0.0,2026-05-24T15:00:00Z,0,False,10,0,0,0,0,0,38,0,62618,0,0,0,2,0.0,0,-309,1232,1541,43,False,0
Randal Kolo Muani,FWD,Spurs,1.5,0,0,3,0,0,0.9,1,726,0.00,0.02,0.02,0.25,379,0,0,0.2,0.0,2026-05-24T15:00:00Z,17,False,9,0,0,0,0,0,38,0,58382,0,1,0,1,1.0,1,3572,5292,1720,69,True,0
Jason Steele,GK,Brighton,0.0,0,0,0,0,0,0.0,0,138,0.00,0.00,0.00,0.00,371,0,0,0.0,0.0,2026-05-24T15:00:00Z,0,False,14,0,0,0,0,0,38,0,31811,0,0,3,0,0.0,0,-82,233,315,42,True,0
Joe Gauci,GK,Aston Villa,0.0,0,0,0,0,0,0.0,0,34,0.00,0.00,0.00,0.00,376,0,0,0.0,0.0,2026-05-24T15:00:00Z,0,False,13,0,0,0,0,0,38,0,11150,0,0,2,1,0.0,0,-64,0,64,40,False,0
Callum Hudson-Odoi,MID,Nott'm Forest,0.0,0,0,0,0,0,0.0,0,516,0.00,0.00,0.00,0.00,377,0,0,0.0,0.0,2026-05-24T15:00:00Z,0,False,4,0,0,0,0,0,38,0,77722,0,0,1,1,0.0,0,-827,52,879,57,True,0
Trevoh Chalobah,DEF,Chelsea,0.8,0,0,5,0,4,0.3,4,226,0.00,0.00,0.00,0.28,378,0,0,1.2,11.4,2026-05-24T15:00:00Z,25,False,17,0,0,0,1,0,38,0,1156868,0,0,1,2,0.0,1,-9382,8132,17514,54,False,0
Jun'ai Byfield,DEF,Spurs,0.0,0,0,0,0,0,0.0,0,745,0.00,0.00,0.00,0.00,379,0,0,0.0,0.0,2026-05-24T15:00:00Z,0,False,9,0,0,0,0,0,38,0,5219,0,0,0,1,0.0,0,-4,35,39,40,True,0
Guido Rodríguez,MID,West Ham,0.0,0,0,0,0,0,0.0,0,618,0.00,0.00,0.00,0.00,380,0,0,0.0,0.0,2026-05-24T15:00:00Z,0,False,11,0,0,0,0,0,38,0,5195,0,0,0,3,0.0,0,-5,0,5,48,True,0
Kepa Arrizabalaga Revuelta,GK,Arsenal,1.5,0,0,11,0,3,0.0,0,2,0.00,0.00,0.00,0.98,373,1,0,2.0,19.8,2026-05-24T15:00:00Z,90,False,8,0,0,0,8,0,38,2,57984,1,0,2,1,0.0,2,6650,7235,585,40,False,0
James Justin,DEF,Leeds,3.2,0,0,9,0,5,14.3,8,706,0.01,0.13,0.12,2.61,380,3,0,3.8,17.6,2026-05-24T15:00:00Z,90,False,19,0,0,0,4,0,38,0,295481,1,3,0,3,6.0,1,4847,16112,11265,40,False,0
Daniel Adu-Adjei,FWD,Bournemouth,0.0,0,0,0,0,0,0.0,0,99,0.00,0.00,0.00,0.00,377,0,0,0.0,0.0,2026-05-24T15:00:00Z,0,False,16,0,0,0,0,0,38,0,17171,0,0,1,1,0.0,0,-26,0,26,44,False,0
Youssef Ramalho Chermiti,FWD,Everton,0.0,0,0,0,0,0,0.0,0,312,0.00,0.00,0.00,0.00,379,0,0,0.0,0.0,2026-05-24T15:00:00Z,0,False,18,0,0,0,0,0,38,0,8228,0,0,0,1,0.0,0,-5,0,5,49,False,0
Yang Min-hyeok,MID,Spurs,0.0,0,0,0,0,0,0.0,0,594,0.00,0.00,0.00,0.00,379,0,0,0.0,0.0,2026-05-24T15:00:00Z,0,False,9,0,0,0,0,0,38,0,1395,0,0,0,1,0.0,0,-3,0,3,45,True,0
Ibrahima Konaté,DEF,Liverpool,1.5,0,0,10,0,3,12.5,4,374,0.02,0.16,0.14,1.13,375,1,0,4.7,13.8,2026-05-24T15:00:00Z,88,False,5,0,0,0,7,0,38,0,493007,1,1,1,1,21.0,1,-3148,10612,13760,54,True,1
Lyle Foster,FWD,Burnley,0.2,0,0,0,0,0,0.0,0,217,0.00,0.00,0.00,0.00,372,0,0,0.0,0.0,2026-05-24T15:00:00Z,0,False,20,0,0,0,0,0,38,0,97780,0,0,1,1,0.0,0,12,871,859,49,True,0
Rob Holding,DEF,Crystal Palace,0.0,0,0,0,0,0,0.0,0,264,0.00,0.00,0.00,0.00,373,0,0,0.0,0.0,2026-05-24T15:00:00Z,0,False,1,0,0,0,0,0,38,0,2017,0,0,2,1,0.0,0,-4,0,4,40,True,0
Valentín Castellanos,FWD,West Ham,4.0,0,2,35,1,2,1.4,4,791,0.01,0.84,0.83,1.39,380,0,1,9.8,33.0,2026-05-24T15:00:00Z,87,False,11,0,0,0,2,0,38,0,44464,1,0,0,3,64.0,8,20859,22730,1871,55,True,0
Manor Solomon,MID,Spurs,0.0,0,0,0,0,0,0.0,0,589,0.00,0.00,0.00,0.00,379,0,0,0.0,0.0,2026-05-24T15:00:00Z,0,False,9,0,0,0,0,0,38,0,840,0,0,0,1,0.0,0,0,0,0,54,True,0
Tommy Setford,GK,Arsenal,1.0,0,0,0,0,0,0.0,0,4,0.00,0.00,0.00,0.00,373,0,0,0.0,0.0,2026-05-24T15:00:00Z,0,False,8,0,0,0,0,0,38,0,26886,0,0,2,1,0.0,0,-35,217,252,39,False,0
Marcus Edwards,MID,Burnley,0.2,0,0,9,0,0,28.2,1,206,0.14,0.15,0.01,0.49,372,0,0,4.3,6.4,2026-05-24T15:00:00Z,15,False,20,0,0,0,1,0,38,0,11714,0,0,1,1,8.0,1,-207,121,328,47,True,0
Manuel Benson Hedilazio,MID,Burnley,0.0,0,0,0,0,0,0.0,0,201,0.00,0.00,0.00,0.00,372,0,0,0.0,0.0,2026-05-24T15:00:00Z,0,False,20,0,0,0,0,0,38,0,1890,0,0,1,1,0.0,0,0,0,0,54,True,0
Kalvin Phillips,MID,Man City,0.0,0,0,0,0,0,0.0,0,429,0.00,0.00,0.00,0.00,376,0,0,0.0,0.0,2026-05-24T15:00:00Z,0,False,2,0,0,0,0,0,38,0,7594,0,0,2,1,0.0,0,-11,0,11,47,True,0
Remy Rees-Dottin,MID,Bournemouth,0.0,0,0,0,0,0,0.0,0,687,0.00,0.00,0.00,0.00,377,0,0,0.0,0.0,2026-05-24T15:00:00Z,0,False,16,0,0,0,0,0,38,0,23183,0,0,1,1,0.0,0,58,435,377,43,False,0
John Victor Maciel Furtado,GK,Nott'm Forest,0.0,0,0,0,0,0,0.0,0,715,0.00,0.00,0.00,0.00,377,0,0,0.0,0.0,2026-05-24T15:00:00Z,0,False,4,0,0,0,0,0,38,0,36519,0,0,1,1,0.0,0,-316,77,393,40,True,0
Tyrick Mitchell,DEF,Crystal Palace,0.8,0,0,2,0,3,0.5,3,258,0.00,0.00,0.00,1.36,373,1,0,1.0,9.0,2026-05-24T15:00:00Z,45,False,1,0,0,0,3,0,38,0,300085,0,0,2,1,0.0,1,-12300,2622,14922,50,True,0
Matheus Nunes,DEF,Man City,2.3,0,0,0,0,0,0.0,0,407,0.00,0.00,0.00,0.00,376,0,0,0.0,0.0,2026-05-24T15:00:00Z,0,False,2,0,0,0,0,0,38,0,372446,0,0,2,1,0.0,0,-7915,5023,12938,53,True,0
Sam Proctor,GK,Aston Villa,-0.5,0,0,0,0,0,0.0,0,703,0.00,0.00,0.00,0.00,376,0,0,0.0,0.0,2026-05-24T15:00:00Z,0,False,13,0,0,0,0,0,38,0,75383,0,0,2,1,0.0,0,-766,176,942,39,False,0
Harrison Jones,MID,Sunderland,0.0,0,0,0,0,0,0.0,0,557,0.00,0.00,0.00,0.00,378,0,0,0.0,0.0,2026-05-24T15:00:00Z,0,False,7,0,0,0,0,0,38,0,9143,0,0,1,2,0.0,0,-1,224,225,43,True,0
Alex Iwobi,MID,Fulham,1.2,0,0,15,1,1,43.0,8,324,0.17,0.43,0.26,0.31,374,0,0,9.4,13.2,2026-05-24T15:00:00Z,90,False,15,0,0,0,6,0,38,0,145619,1,1,0,2,38.0,3,-497,2910,3407,61,True,0
Timothy Castagne,DEF,Fulham,4.0,0,2,31,1,4,13.9,6,319,0.15,0.24,0.09,0.31,374,0,0,3.6,12.8,2026-05-24T15:00:00Z,90,False,15,0,0,0,2,0,38,0,24748,1,2,0,2,9.0,8,1023,2247,1224,43,True,0
Bernd Leno,GK,Fulham,3.5,0,0,28,1,0,0.0,0,314,0.01,0.01,0.00,0.31,374,0,0,1.7,16.8,2026-05-24T15:00:00Z,90,False,15,0,0,0,11,0,38,2,305887,1,0,0,2,0.0,6,2343,13708,11365,50,True,0
Claudio Echeverri,MID,Man City,0.0,0,0,0,0,0,0.0,0,425,0.00,0.00,0.00,0.00,376,0,0,0.0,0.0,2026-05-24T15:00:00Z,0,False,2,0,0,0,0,0,38,0,1224,0,0,2,1,0.0,0,-2,0,2,54,True,0
Giovanni Leoni,DEF,Liverpool,0.0,0,0,0,0,0,0.0,0,692,0.00,0.00,0.00,0.00,375,0,0,0.0,0.0,2026-05-24T15:00:00Z,0,False,5,0,0,0,0,0,38,0,1870,0,0,1,1,0.0,0,39,52,13,49,True,0
Owen Bevan,DEF,Bournemouth,0.0,0,0,0,0,0,0.0,0,76,0.00,0.00,0.00,0.00,377,0,0,0.0,0.0,2026-05-24T15:00:00Z,0,False,16,0,0,0,0,0,38,0,23467,0,0,1,1,0.0,0,53,300,247,38,False,0
Angus Gunn,GK,Nott'm Forest,0.0,0,0,0,0,0,0.0,0,675,0.00,0.00,0.00,0.00,377,0,0,0.0,0.0,2026-05-24T15:00:00Z,0,False,4,0,0,0,0,0,38,0,144506,0,0,1,1,0.0,0,-597,111,708,40,True,0
Cody Gakpo,MID,Liverpool,3.5,0,0,4,0,1,32.8,4,384,0.05,0.26,0.21,1.56,375,1,0,5.7,8.0,2026-05-24T15:00:00Z,90,False,5,0,0,0,3,0,38,0,741010,1,0,1,1,16.0,2,9586,23690,14104,73,True,0
George Earthy,MID,West Ham,0.0,0,0,0,0,0,0.0,0,620,0.00,0.00,0.00,0.00,380,0,0,0.0,0.0,2026-05-24T15:00:00Z,0,False,11,0,0,0,0,0,38,0,5191,0,0,0,3,0.0,0,-21,0,21,45,True,0
Benjamin Arthur,DEF,Brentford,0.0,0,0,0,0,0,0.0,0,114,0.00,0.00,0.00,0.00,375,0,0,0.0,0.0,2026-05-24T15:00:00Z,0,False,12,0,0,0,0,0,38,0,23314,0,0,1,1,0.0,0,-141,0,141,38,False,0
Adam Wharton,MID,Crystal Palace,2.6,0,0,4,0,0,0.7,1,273,0.02,0.02,0.00,0.04,373,1,0,0.0,0.0,2026-05-24T15:00:00Z,16,False,1,0,0,0,1,0,38,0,95699,0,0,2,1,0.0,1,-3262,2853,6115,50,True,0
Tyler Fredricson,DEF,Man Utd,0.0,0,0,0,0,0,0.0,0,446,0.00,0.00,0.00,0.00,371,0,0,0.0,0.0,2026-05-24T15:00:00Z,0,False,6,0,0,0,0,0,38,0,21154,0,0,3,0,0.0,0,520,796,276,37,False,0
Ross Barkley,MID,Aston Villa,3.5,1,0,19,0,0,15.2,3,55,0.08,0.08,0.00,1.25,376,1,0,3.7,22.2,2026-05-24T15:00:00Z,85,False,13,0,0,0,1,0,38,0,11116,1,2,2,1,0.0,5,-551,410,961,48,False,0
James Wilson,FWD,Spurs,0.0,0,0,0,0,0,0.0,0,818,0.00,0.00,0.00,0.00,379,0,0,0.0,0.0,2026-05-24T15:00:00Z,0,False,9,0,0,0,0,0,38,0,5574,0,0,0,1,0.0,0,294,629,335,45,True,0
Darko Churlinov,MID,Burnley,0.0,0,0,0,0,0,0.0,0,204,0.00,0.00,0.00,0.00,372,0,0,0.0,0.0,2026-05-24T15:00:00Z,0,False,20,0,0,0,0,0,38,0,1576,0,0,1,1,0.0,0,-2,0,2,49,True,0
Sam Byram,DEF,Leeds,0.2,0,0,0,0,0,0.0,0,346,0.00,0.00,0.00,0.00,380,0,0,0.0,0.0,2026-05-24T15:00:00Z,0,False,19,0,0,0,0,0,38,0,58313,0,0,0,3,0.0,0,6820,9088,2268,37,False,0
Chris Richards,DEF,Crystal Palace,0.0,0,0,0,0,0,0.0,0,261,0.00,0.00,0.00,0.00,373,0,0,0.0,0.0,2026-05-24T15:00:00Z,0,False,1,0,0,0,0,0,38,0,284797,0,0,2,1,0.0,0,-56820,713,57533,44,True,0
Jacob Murphy,MID,Newcastle,3.2,0,0,4,0,1,2.1,1,489,0.03,0.03,0.00,1.12,374,1,0,0.5,1.0,2026-05-24T15:00:00Z,45,False,10,0,0,0,0,0,38,0,84334,1,0,0,2,2.0,1,-111,1405,1516,59,False,0
Filip Jörgensen,GK,Chelsea,0.8,0,0,0,0,0,0.0,0,221,0.00,0.00,0.00,0.00,378,0,0,0.0,0.0,2026-05-24T15:00:00Z,0,False,17,0,0,0,0,0,38,0,22323,0,0,1,2,0.0,0,-266,347,613,43,False,0
Rodrigo 'Rodri' Hernandez Cascante,MID,Man City,1.9,0,0,0,0,0,0.0,0,421,0.00,0.00,0.00,0.00,376,0,0,0.0,0.0,2026-05-24T15:00:00Z,0,False,2,0,0,0,0,0,38,0,60542,0,0,2,1,0.0,0,158,464,306,63,True,0
Ryan Gravenberch,MID,Liverpool,4.5,0,0,14,0,2,13.1,7,390,0.02,0.12,0.10,1.13,375,1,0,3.9,10.8,2026-05-24T15:00:00Z,82,False,5,0,0,0,2,0,38,0,486537,1,3,1,1,15.0,2,-3456,10316,13772,54,True,0
Naouirou Ahamada,MID,Crystal Palace,0.0,0,0,0,0,0,0.0,0,275,0.00,0.00,0.00,0.00,373,0,0,0.0,0.0,2026-05-24T15:00:00Z,0,False,1,0,0,0,0,0,38,0,4476,0,0,2,1,0.0,0,-12,0,12,43,True,0
Danny Imray,DEF,Crystal Palace,0.0,0,0,0,0,0,0.0,0,798,0.00,0.00,0.00,0.00,373,0,0,0.0,0.0,2026-05-24T15:00:00Z,0,False,1,0,0,0,0,0,38,0,298,0,0,2,1,0.0,0,-2,0,2,40,True,0
Andrey Nascimento dos Santos,MID,Chelsea,3.2,0,0,0,0,0,0.0,0,246,0.00,0.00,0.00,0.00,378,0,0,0.0,0.0,2026-05-24T15:00:00Z,0,False,17,0,0,0,0,0,38,0,41873,0,0,1,2,0.0,0,4651,5446,795,44,False,0
Melker Ellborg,GK,Sunderland,0.0,0,0,0,0,0,0.0,0,812,0.00,0.00,0.00,0.00,378,0,0,0.0,0.0,2026-05-24T15:00:00Z,0,False,7,0,0,0,0,0,38,0,10464,0,0,1,2,0.0,0,-896,260,1156,40,True,0
Jake O'Brien,DEF,Everton,2.0,0,0,3,0,3,11.5,4,293,0.02,0.02,0.00,1.13,379,1,0,1.9,7.4,2026-05-24T15:00:00Z,61,False,18,0,0,0,1,0,38,0,92641,1,1,0,1,0.0,1,-3895,2823,6718,49,False,1
Gabriel Martinelli Silva,MID,Arsenal,3.0,1,2,28,0,0,31.4,4,19,0.24,0.37,0.13,0.98,373,1,0,8.9,29.0,2026-05-24T15:00:00Z,90,False,8,0,0,0,4,0,38,0,119690,1,0,2,1,29.0,7,4740,5990,1250,68,False,0
Omar Marmoush,MID,Man City,3.7,0,0,0,0,0,0.0,0,413,0.00,0.00,0.00,0.00,376,0,0,0.0,0.0,2026-05-24T15:00:00Z,0,False,2,0,0,0,0,0,38,0,384384,0,0,2,1,0.0,0,51332,53897,2565,83,True,0
Patrick Bamford,FWD,Leeds,0.0,0,0,0,0,0,0.0,0,363,0.00,0.00,0.00,0.00,380,0,0,0.0,0.0,2026-05-24T15:00:00Z,0,False,19,0,0,0,0,0,38,0,42093,0,0,0,3,0.0,0,-52,0,52,49,False,0
Ezra Mayers,DEF,West Ham,0.0,0,0,0,0,0,0.0,0,747,0.00,0.00,0.00,0.00,380,0,0,0.0,0.0,2026-05-24T15:00:00Z,0,False,11,0,0,0,0,0,38,0,4964,0,0,0,3,0.0,0,0,55,55,40,True,0
Ederson Santana de Moraes,GK,Man City,0.0,0,0,0,0,0,0.0,0,399,0.00,0.00,0.00,0.00,376,0,0,0.0,0.0,2026-05-24T15:00:00Z,0,False,2,0,0,0,0,0,38,0,103477,0,0,2,1,0.0,0,-80,0,80,53,True,0
Jay Matete,MID,Sunderland,0.0,0,0,0,0,0,0.0,0,558,0.00,0.00,0.00,0.00,378,0,0,0.0,0.0,2026-05-24T15:00:00Z,0,False,7,0,0,0,0,0,38,0,20232,0,0,1,2,0.0,0,-97,0,97,43,True,0
James Milner,MID,Brighton,0.2,0,0,5,0,1,1.9,4,170,0.01,0.01,0.00,1.50,371,3,0,0.3,1.4,2026-05-24T15:00:00Z,58,False,14,0,0,0,2,0,38,0,13749,1,1,3,0,0.0,1,124,203,79,49,True,0
João Pedro Ferreira da Silva,MID,Nott'm Forest,0.0,0,0,0,0,0,0.0,0,518,0.00,0.00,0.00,0.00,377,0,0,0.0,0.0,2026-05-24T15:00:00Z,0,False,4,0,0,0,0,0,38,0,4827,0,0,1,1,0.0,0,-4,0,4,54,True,0
Darwin Núñez Ribeiro,FWD,Liverpool,0.0,0,0,0,0,0,0.0,0,397,0.00,0.00,0.00,0.00,375,0,0,0.0,0.0,2026-05-24T15:00:00Z,0,False,5,0,0,0,0,0,38,0,7965,0,0,1,1,0.0,0,-2,0,2,65,True,0
Nazarii Rusyn,FWD,Sunderland,0.0,0,0,0,0,0,0.0,0,564,0.00,0.00,0.00,0.00,378,0,0,0.0,0.0,2026-05-24T15:00:00Z,0,False,7,0,0,0,0,0,38,0,10403,0,0,1,2,0.0,0,-10,0,10,44,True,0
Blondy Nna Noukeu,GK,Sunderland,0.0,0,0,0,0,0,0.0,0,530,0.00,0.00,0.00,0.00,378,0,0,0.0,0.0,2026-05-24T15:00:00Z,0,False,7,0,0,0,0,0,38,0,13127,0,0,1,2,0.0,0,-144,0,144,39,True,0
Andre Harriman-Annous,MID,Arsenal,1.0,0,0,0,0,0,0.0,0,711,0.00,0.00,0.00,0.00,373,0,0,0.0,0.0,2026-05-24T15:00:00Z,0,False,8,0,0,0,0,0,38,0,2146,0,0,2,1,0.0,0,33,53,20,44,False,0
Stefan Bajčetić Maquieira,MID,Liverpool,0.0,0,0,0,0,0,0.0,0,393,0.00,0.00,0.00,0.00,375,0,0,0.0,0.0,2026-05-24T15:00:00Z,0,False,5,0,0,0,0,0,38,0,29518,0,0,1,1,0.0,0,2677,6577,3900,42,True,0
Eddie Nketiah,FWD,Crystal Palace,0.0,0,0,0,0,0,0.0,0,284,0.00,0.00,0.00,0.00,373,0,0,0.0,0.0,2026-05-24T15:00:00Z,0,False,1,0,0,0,0,0,38,0,36804,0,0,2,1,0.0,0,195,373,178,54,True,0
Sean Longstaff,MID,Leeds,0.8,0,0,0,0,0,0.0,0,493,0.00,0.00,0.00,0.00,380,0,0,0.0,0.0,2026-05-24T15:00:00Z,0,False,19,0,0,0,0,0,38,0,29363,0,0,0,3,0.0,0,-141,242,383,48,False,0
Jenson Metcalfe,MID,Everton,0.0,0,0,0,0,0,0.0,0,309,0.00,0.00,0.00,0.00,379,0,0,0.0,0.0,2026-05-24T15:00:00Z,0,False,18,0,0,0,0,0,38,0,85,0,0,0,1,0.0,0,0,0,0,45,False,0
Nathaniel Clyne,DEF,Crystal Palace,-0.6,0,0,1,0,7,1.4,8,263,0.00,0.00,0.00,2.53,373,2,0,1.8,16.6,2026-05-24T15:00:00Z,90,False,1,0,0,0,1,0,38,0,62080,1,1,2,1,0.0,1,-695,480,1175,38,True,0
Pascal Struijk,DEF,Leeds,0.6,0,0,0,0,4,1.3,6,343,0.01,0.01,0.00,2.61,380,3,0,1.3,12.0,2026-05-24T15:00:00Z,90,False,19,0,0,0,2,0,38,0,245137,1,2,0,3,0.0,1,-38915,332,39247,42,False,0
Morgan Gibbs-White,MID,Nott'm Forest,5.0,0,2,27,0,0,26.8,3,515,0.04,0.51,0.47,0.95,377,1,1,8.7,37.4,2026-05-24T15:00:00Z,90,False,4,0,0,0,3,0,38,0,1234423,1,0,1,1,23.0,9,289847,320321,30474,76,True,0
Joe Gelhardt,MID,Leeds,0.0,0,0,0,0,0,0.0,0,360,0.00,0.00,0.00,0.00,380,0,0,0.0,0.0,2026-05-24T15:00:00Z,0,False,19,0,0,0,0,0,38,0,950,0,0,0,3,0.0,0,-3,0,3,45,False,0
Mohamed Salah,MID,Liverpool,2.3,1,1,25,0,0,20.3,8,381,0.44,0.69,0.25,1.07,375,1,0,11.1,26.4,2026-05-24T15:00:00Z,73,False,5,0,0,0,7,0,38,0,2008171,1,1,1,1,64.0,6,195635,200305,4670,140,True,0
Calvin Ramsay,DEF,Liverpool,0.5,0,0,0,0,0,0.0,0,380,0.00,0.00,0.00,0.00,375,0,0,0.0,0.0,2026-05-24T15:00:00Z,0,False,5,0,0,0,0,0,38,0,41672,0,0,1,1,0.0,0,2589,3699,1110,37,True,0
Benjamin Sesko,FWD,Man Utd,0.6,0,0,0,0,0,0.0,0,681,0.00,0.00,0.00,0.00,371,0,0,0.0,0.0,2026-05-24T15:00:00Z,0,False,6,0,0,0,0,0,38,0,603700,0,0,3,0,0.0,0,-69752,1029,70781,72,False,0
João Pedro Junqueira de Jesus,FWD,Chelsea,2.1,0,0,0,0,2,0.3,6,249,0.00,0.59,0.59,1.84,378,2,0,1.2,0.4,2026-05-24T15:00:00Z,90,False,17,0,0,0,3,0,38,0,4542473,1,1,1,2,11.0,1,-399978,41210,441188,74,False,1
Isaac Schmidt,DEF,Leeds,0.0,0,0,0,0,0,0.0,0,349,0.00,0.00,0.00,0.00,380,0,0,0.0,0.0,2026-05-24T15:00:00Z,0,False,19,0,0,0,0,0,38,0,7841,0,0,0,3,0.0,0,-22,0,22,40,False,0
Franco Umeh-Chibueze,MID,Crystal Palace,0.0,0,0,0,0,0,0.0,0,282,0.00,0.00,0.00,0.00,373,0,0,0.0,0.0,2026-05-24T15:00:00Z,0,False,1,0,0,0,0,0,38,0,1942,0,0,2,1,0.0,0,-1,0,1,45,True,0
Lutsharel Geertruida,DEF,Sunderland,2.2,0,0,1,0,1,1.4,2,724,0.03,0.03,0.00,0.89,378,1,0,0.6,5.0,2026-05-24T15:00:00Z,90,False,7,0,0,0,2,0,38,0,7107,1,1,1,2,0.0,1,101,298,197,45,True,1
James Hill,DEF,Bournemouth,5.0,0,0,5,0,10,1.8,10,77,0.01,0.01,0.00,1.73,377,1,0,1.9,16.8,2026-05-24T15:00:00Z,90,False,16,0,0,0,2,0,38,0,965625,1,0,1,1,0.0,3,13052,30077,17025,42,False,1
Bukayo Saka,MID,Arsenal,6.8,0,0,0,0,0,0.0,0,16,0.00,0.00,0.00,0.00,373,0,0,0.0,0.0,2026-05-24T15:00:00Z,0,False,8,0,0,0,0,0,38,0,1519927,0,0,2,1,0.0,0,-167082,55223,222305,100,False,0
Santiago Ignacio Bueno,DEF,Wolves,3.8,0,0,3,0,8,10.3,8,636,0.00,0.31,0.31,0.98,372,1,0,6.8,22.4,2026-05-24T15:00:00Z,90,False,3,0,0,0,1,0,38,0,25402,1,0,1,1,35.0,2,7452,8724,1272,44,False,0
Alex Tóth,MID,Bournemouth,0.5,0,0,9,0,3,15.1,5,801,0.06,0.11,0.05,1.04,377,1,0,2.8,9.0,2026-05-24T15:00:00Z,56,False,16,0,0,0,2,0,38,0,955,1,0,1,1,4.0,1,1,19,18,49,False,0
Nicolás Domínguez,MID,Nott'm Forest,1.2,0,0,6,0,0,2.1,3,519,0.00,0.11,0.11,0.14,377,0,0,1.2,5.2,2026-05-24T15:00:00Z,25,False,4,0,0,0,1,0,38,0,4414,0,2,1,1,5.0,1,-51,61,112,50,True,0
Remi Matthews,GK,Crystal Palace,-1.0,0,0,0,0,0,0.0,0,255,0.00,0.00,0.00,0.00,373,0,0,0.0,0.0,2026-05-24T15:00:00Z,0,False,1,0,0,0,0,0,38,0,13113,0,0,2,1,0.0,0,-74,85,159,39,True,0
Illan Meslier,GK,Leeds,0.0,0,0,0,0,0,0.0,0,339,0.00,0.00,0.00,0.00,380,0,0,0.0,0.0,2026-05-24T15:00:00Z,0,False,19,0,0,0,0,0,38,0,43173,0,0,0,3,0.0,0,-160,228,388,41,False,0
Martin Dúbravka,GK,Burnley,0.5,0,0,0,0,0,0.0,0,470,0.00,0.00,0.00,0.00,372,0,0,0.0,0.0,2026-05-24T15:00:00Z,0,False,20,0,0,0,0,0,38,0,3368314,0,0,1,1,0.0,0,-41244,22894,64138,40,True,0
Yasin Özcan,DEF,Aston Villa,0.0,0,0,0,0,0,0.0,0,46,0.00,0.00,0.00,0.00,376,0,0,0.0,0.0,2026-05-24T15:00:00Z,0,False,13,0,0,0,0,0,38,0,13858,0,0,2,1,0.0,0,-34,0,34,40,False,0
Connor Roberts,DEF,Burnley,0.0,0,0,0,0,0,0.0,0,186,0.00,0.00,0.00,0.00,372,0,0,0.0,0.0,2026-05-24T15:00:00Z,0,False,20,0,0,0,0,0,38,0,3644,0,0,1,1,0.0,0,18,56,38,43,True,0
Temple Ojinnaka,MID,Wolves,0.0,0,0,0,0,0,0.0,0,777,0.00,0.00,0.00,0.00,372,0,0,0.0,0.0,2026-05-24T15:00:00Z,0,False,3,0,0,0,0,0,38,0,230,0,0,1,1,0.0,0,-2,0,2,45,False,0
Murillo Costa dos Santos,DEF,Nott'm Forest,0.0,0,0,0,0,0,0.0,0,506,0.00,0.00,0.00,0.00,377,0,0,0.0,0.0,2026-05-24T15:00:00Z,0,False,4,0,0,0,0,0,38,0,230037,0,0,1,1,0.0,0,-4985,135,5120,52,True,0
Ferdi Kadıoğlu,DEF,Brighton,2.5,0,0,1,0,3,5.3,4,148,0.02,0.07,0.05,1.66,371,3,0,1.6,6.6,2026-05-24T15:00:00Z,90,False,14,0,0,0,3,0,38,0,178843,1,1,3,0,4.0,1,-3889,11781,15670,45,True,0
Aji Alese,DEF,Sunderland,0.0,0,0,0,0,0,0.0,0,533,0.00,0.00,0.00,0.00,378,0,0,0.0,0.0,2026-05-24T15:00:00Z,0,False,7,0,0,0,0,0,38,0,430,0,0,1,2,0.0,0,-5,0,5,40,True,0
Harry Gray,FWD,Leeds,0.0,0,0,0,0,0,0.0,0,741,0.00,0.00,0.00,0.00,380,0,0,0.0,0.0,2026-05-24T15:00:00Z,0,False,19,0,0,0,0,0,38,0,10078,0,0,0,3,0.0,0,-59,0,59,45,False,0
Kaden Rodney,MID,Crystal Palace,-1.0,0,0,0,0,0,0.0,0,281,0.00,0.00,0.00,0.00,373,0,0,0.0,0.0,2026-05-24T15:00:00Z,0,False,1,0,0,0,0,0,38,0,6571,0,0,2,1,0.0,0,-39,68,107,44,True,0
Odysseas Vlachodimos,GK,Newcastle,0.0,0,0,0,0,0,0.0,0,472,0.00,0.00,0.00,0.00,374,0,0,0.0,0.0,2026-05-24T15:00:00Z,0,False,10,0,0,0,0,0,38,0,1683,0,0,0,2,0.0,0,-12,0,12,40,False,0
Yunus Emre Konak,MID,Brentford,0.0,0,0,0,0,0,0.0,0,131,0.00,0.00,0.00,0.00,375,0,0,0.0,0.0,2026-05-24T15:00:00Z,0,False,12,0,0,0,0,0,38,0,17302,0,0,1,1,0.0,0,-142,0,142,43,False,0
Kyle Walker-Peters,DEF,West Ham,1.8,0,0,18,1,1,1.3,1,659,0.00,0.00,0.00,1.59,380,0,0,0.5,3.6,2026-05-24T15:00:00Z,90,False,11,0,0,0,4,0,38,0,34729,1,0,0,3,0.0,6,-341,407,748,42,True,0
Gabriel Gudmundsson,DEF,Leeds,0.0,0,0,0,0,0,0.0,0,347,0.00,0.00,0.00,0.00,380,0,0,0.0,0.0,2026-05-24T15:00:00Z,0,False,19,0,0,0,0,0,38,0,322814,0,0,0,3,0.0,0,-19511,158,19669,38,False,0
Jacob Slater,DEF,Brighton,0.0,0,0,0,0,0,0.0,0,155,0.00,0.00,0.00,0.00,371,0,0,0.0,0.0,2026-05-24T15:00:00Z,0,False,14,0,0,0,0,0,38,0,11131,0,0,3,0,0.0,0,-30,0,30,40,True,0
Joe White,MID,Newcastle,0.0,0,0,0,0,0,0.0,0,498,0.00,0.00,0.00,0.00,374,0,0,0.0,0.0,2026-05-24T15:00:00Z,0,False,10,0,0,0,0,0,38,0,682,0,0,0,2,0.0,0,-2,0,2,45,False,0
Sam Alabi,MID,Newcastle,0.0,0,0,0,0,0,0.0,0,772,0.00,0.00,0.00,0.00,374,0,0,0.0,0.0,2026-05-24T15:00:00Z,0,False,10,0,0,0,0,0,38,0,810,0,0,0,2,0.0,0,3,36,33,45,False,0
Tyrell Malacia,DEF,Man Utd,0.2,0,0,4,0,0,1.0,2,448,0.00,0.00,0.00,0.23,371,0,0,0.5,4.0,2026-05-24T15:00:00Z,8,False,6,0,0,0,1,0,38,0,79587,0,2,3,0,0.0,1,7851,10683,2832,37,False,0
Ian Maatsen,DEF,Aston Villa,1.5,0,1,23,0,10,25.3,14,39,0.14,0.16,0.02,1.34,376,1,0,6.4,27.4,2026-05-24T15:00:00Z,90,False,13,0,0,0,3,0,38,0,70635,1,4,2,1,11.0,5,-1505,327,1832,42,False,0
Nathan Aké,DEF,Man City,2.1,0,0,2,0,1,2.8,1,405,0.07,0.15,0.08,1.42,376,2,0,2.0,6.8,2026-05-24T15:00:00Z,76,False,2,0,0,0,3,0,38,0,78613,1,0,2,1,10.0,1,56,299,243,52,True,0
Enso González Medina,MID,Wolves,0.0,0,0,0,0,0,0.0,0,652,0.00,0.00,0.00,0.00,372,0,0,0.0,0.0,2026-05-24T15:00:00Z,0,False,3,0,0,0,0,0,38,0,158945,0,0,1,1,0.0,0,-780,1064,1844,43,False,0
Jayden Bogle,DEF,Leeds,1.4,0,0,12,0,4,18.7,8,342,0.22,0.25,0.03,1.97,380,1,0,3.8,13.4,2026-05-24T15:00:00Z,77,False,19,0,0,0,2,0,38,0,57958,1,4,0,3,6.0,2,-12890,76,12966,44,False,0
James Maddison,MID,Spurs,0.8,0,0,4,0,0,1.0,2,581,0.00,0.00,0.00,0.25,379,0,0,0.2,1.0,2026-05-24T15:00:00Z,8,False,9,0,0,0,1,0,38,0,38930,0,1,0,1,0.0,1,16511,17504,993,68,True,0
Pervis Estupiñán Tenorio,DEF,Brighton,0.0,0,0,0,0,0,0.0,0,147,0.00,0.00,0.00,0.00,371,0,0,0.0,0.0,2026-05-24T15:00:00Z,0,False,14,0,0,0,0,0,38,0,1161,0,0,3,0,0.0,0,0,0,0,45,True,0
Solly March,MID,Brighton,0.8,0,0,9,0,0,1.9,5,159,0.02,0.06,0.04,0.15,371,0,0,3.2,7.4,2026-05-24T15:00:00Z,31,False,14,0,0,0,3,0,38,0,2432,0,2,3,0,23.0,1,220,359,139,58,True,0
Wes Foderingham,GK,West Ham,0.0,0,0,0,0,0,0.0,0,601,0.00,0.00,0.00,0.00,380,0,0,0.0,0.0,2026-05-24T15:00:00Z,0,False,11,0,0,0,0,0,38,0,28344,0,0,0,3,0.0,0,-121,0,121,40,True,0
Kobbie Mainoo,MID,Man Utd,5.0,0,0,11,1,2,13.8,7,458,0.03,0.13,0.10,0.79,371,0,0,4.3,13.4,2026-05-24T15:00:00Z,90,False,6,0,0,0,3,0,38,0,180250,1,2,3,0,16.0,2,4793,13740,8947,47,False,1
Ryan Yates,MID,Nott'm Forest,1.2,0,0,5,0,2,0.4,6,522,0.00,0.15,0.15,0.14,377,0,0,1.8,11.0,2026-05-24T15:00:00Z,25,False,4,0,0,0,2,0,38,0,8728,0,2,1,1,7.0,1,-41,109,150,47,True,0
Luka Bentt,MID,Brentford,-0.5,0,0,0,0,0,0.0,0,810,0.00,0.00,0.00,0.00,375,0,0,0.0,0.0,2026-05-24T15:00:00Z,0,False,12,0,0,0,0,0,38,0,523,0,0,1,1,0.0,0,-7,18,25,45,False,0
Kevin Schade,MID,Brentford,2.7,0,0,20,0,1,2.7,6,120,0.00,0.91,0.91,3.04,375,1,1,10.3,37.6,2026-05-24T15:00:00Z,90,False,12,0,0,0,4,0,38,0,173575,1,1,1,1,63.0,7,-15035,2873,17908,68,False,0
David Møller Wolfe,DEF,Wolves,1.2,0,0,6,0,5,4.8,6,682,0.03,0.03,0.00,0.56,372,1,0,1.6,11.6,2026-05-24T15:00:00Z,73,False,3,0,0,0,3,0,38,0,8573,1,1,1,1,0.0,2,140,198,58,42,False,0
Arthur Masuaku,DEF,Sunderland,0.0,0,0,0,0,0,0.0,0,678,0.00,0.00,0.00,0.00,378,0,0,0.0,0.0,2026-05-24T15:00:00Z,0,False,7,0,0,0,0,0,38,0,60262,0,0,1,2,0.0,0,-268,0,268,39,True,0
Filip Marschall,GK,Aston Villa,0.0,0,0,0,0,0,0.0,0,35,0.00,0.00,0.00,0.00,376,0,0,0.0,0.0,2026-05-24T15:00:00Z,0,False,13,0,0,0,0,0,38,0,1037,0,0,2,1,0.0,0,-3,0,3,40,False,0
Keiber Lamadrid,MID,West Ham,0.0,0,0,0,0,0,0.0,0,802,0.00,0.00,0.00,0.00,380,0,0,0.0,0.0,2026-05-24T15:00:00Z,0,False,11,0,0,0,0,0,38,0,902,0,0,0,3,0.0,0,24,52,28,50,True,0
Joe Gomez,DEF,Liverpool,0.7,0,0,3,0,0,0.0,0,376,0.00,0.00,0.00,0.44,375,0,0,0.0,0.0,2026-05-24T15:00:00Z,1,False,5,0,0,0,0,0,38,0,19784,0,0,1,1,0.0,1,197,347,150,49,True,0
Felipe Rodrigues da Silva,DEF,Nott'm Forest,4.0,0,0,8,0,11,0.3,12,511,0.00,0.00,0.00,0.95,377,1,0,2.9,26.2,2026-05-24T15:00:00Z,90,False,4,0,0,0,1,0,38,0,13893,1,1,1,1,2.0,4,2199,2501,302,43,True,0
Mohammed Kudus,MID,Spurs,0.0,0,0,0,0,0,0.0,0,582,0.00,0.00,0.00,0.00,379,0,0,0.0,0.0,2026-05-24T15:00:00Z,0,False,9,0,0,0,0,0,38,0,1197819,0,0,0,1,0.0,0,-2114,147,2261,64,True,0
Richarlison de Andrade,FWD,Spurs,5.0,0,0,1,1,2,10.6,4,597,0.09,0.15,0.06,0.16,379,0,0,2.7,4.8,2026-05-24T15:00:00Z,72,False,9,0,0,0,2,0,38,0,1174529,1,0,0,1,12.0,2,338247,346293,8046,65,True,0
Michael Kayode,DEF,Brentford,1.5,0,0,8,0,2,1.1,5,110,0.01,0.01,0.00,3.04,375,1,0,2.0,19.2,2026-05-24T15:00:00Z,90,False,12,0,0,0,4,0,38,0,135878,1,3,1,1,0.0,2,-10090,2266,12356,46,False,0
Granit Xhaka,MID,Sunderland,4.2,0,0,9,0,3,4.6,10,668,0.27,0.27,0.00,0.89,378,1,0,1.6,9.6,2026-05-24T15:00:00Z,90,False,7,0,0,0,7,0,38,0,423290,1,0,1,2,2.0,1,-2010,6084,8094,51,True,1
Christos Mandas,GK,Bournemouth,0.0,0,0,0,0,0,0.0,0,806,0.00,0.00,0.00,0.00,377,0,0,0.0,0.0,2026-05-24T15:00:00Z,0,False,16,0,0,0,0,0,38,0,1204,0,0,1,1,0.0,0,6,28,22,40,False,0
Mikkel Damsgaard,MID,Brentford,4.0,0,0,8,0,1,30.2,2,121,0.31,0.31,0.00,1.09,375,0,0,5.1,14.6,2026-05-24T15:00:00Z,7,False,12,0,0,0,1,0,38,0,98857,0,0,1,1,6.0,1,-8341,1979,10320,56,False,0
Albert Sambi Lokonga,MID,Arsenal,0.0,0,0,0,0,0,0.0,0,29,0.00,0.00,0.00,0.00,373,0,0,0.0,0.0,2026-05-24T15:00:00Z,0,False,8,0,0,0,0,0,38,0,6295,0,0,2,1,0.0,0,-4,0,4,45,False,0
Declan Rice,MID,Arsenal,4.2,0,0,0,0,0,0.0,0,21,0.00,0.00,0.00,0.00,373,0,0,0.0,0.0,2026-05-24T15:00:00Z,0,False,8,0,0,0,0,0,38,0,3034823,0,0,2,1,0.0,0,-139493,34123,173616,72,False,0
Mathias Jensen,MID,Brentford,2.3,0,0,12,0,1,37.4,7,126,0.20,0.24,0.04,1.95,375,1,0,4.8,7.6,2026-05-24T15:00:00Z,82,False,12,0,0,0,5,0,38,0,19057,1,1,1,1,3.0,2,-1541,814,2355,49,False,0
Joël Veltman,DEF,Brighton,2.0,0,0,0,0,0,0.0,0,152,0.00,0.00,0.00,0.00,371,0,0,0.0,0.0,2026-05-24T15:00:00Z,0,False,14,0,0,0,0,0,38,0,17560,0,0,3,0,0.0,0,227,571,344,43,True,0
Joachim Andersen,DEF,Fulham,0.0,0,0,0,0,0,0.0,0,317,0.00,0.00,0.00,0.00,374,0,0,0.0,0.0,2026-05-24T15:00:00Z,0,False,15,0,0,0,0,0,38,0,367183,0,0,0,2,0.0,0,-67890,146,68036,44,True,0
Jim Thwaites,MID,Man Utd,0.0,0,0,0,0,0,0.0,0,827,0.00,0.00,0.00,0.00,371,0,0,0.0,0.0,2026-05-24T15:00:00Z,0,False,6,0,0,0,0,0,38,0,157,0,0,3,0,0.0,0,18,29,11,45,False,0
James Garner,MID,Everton,2.8,0,0,27,0,2,56.4,13,303,0.26,0.31,0.05,1.15,379,1,0,8.7,27.2,2026-05-24T15:00:00Z,90,False,18,0,0,0,7,0,38,0,472756,1,4,0,1,3.0,4,-30402,13263,43665,52,False,0
Stephen Mfuni,DEF,Man City,0.0,0,0,0,0,0,0.0,0,740,0.00,0.00,0.00,0.00,376,0,0,0.0,0.0,2026-05-24T15:00:00Z,0,False,2,0,0,0,0,0,38,0,4712,0,0,2,1,0.0,0,-4,0,4,39,True,0
Joshua Zirkzee,FWD,Man Utd,1.0,0,0,2,0,0,1.8,0,466,0.00,0.00,0.00,0.31,371,0,0,0.2,0.0,2026-05-24T15:00:00Z,16,False,6,0,0,0,0,0,38,0,54568,0,0,3,0,0.0,1,427,1177,750,58,False,0
Jayden Meghoma,DEF,Brentford,0.0,0,0,0,0,0,0.0,0,118,0.00,0.00,0.00,0.00,375,0,0,0.0,0.0,2026-05-24T15:00:00Z,0,False,12,0,0,0,0,0,38,0,5190,0,0,1,1,0.0,0,-13,0,13,40,False,0
Conor Bradley,DEF,Liverpool,0.0,0,0,0,0,0,0.0,0,375,0.00,0.00,0.00,0.00,375,0,0,0.0,0.0,2026-05-24T15:00:00Z,0,False,5,0,0,0,0,0,38,0,18689,0,0,1,1,0.0,0,-18,37,55,49,True,0
Igor Thiago Nascimento Rodrigues,FWD,Brentford,2.5,0,0,8,0,2,3.8,5,136,0.00,0.05,0.05,3.04,375,1,0,2.3,8.6,2026-05-24T15:00:00Z,90,False,12,0,0,0,1,0,38,0,3925479,1,2,1,1,11.0,2,-298638,70626,369264,72,False,0
Florian Wirtz,MID,Liverpool,1.5,0,0,3,0,1,2.0,6,382,0.03,0.72,0.69,0.49,375,0,0,3.1,5.6,2026-05-24T15:00:00Z,17,False,5,0,0,0,4,0,38,0,1108113,0,1,1,1,23.0,1,-7731,14308,22039,83,True,0
Leandro Trossard,MID,Arsenal,5.5,0,0,0,0,0,0.0,0,20,0.00,0.00,0.00,0.00,373,0,0,0.0,0.0,2026-05-24T15:00:00Z,0,False,8,0,0,0,0,0,38,0,236279,0,0,2,1,0.0,0,-23201,11289,34490,66,False,0
William Saliba,DEF,Arsenal,5.8,0,0,0,0,0,0.0,0,6,0.00,0.00,0.00,0.00,373,0,0,0.0,0.0,2026-05-24T15:00:00Z,0,False,8,0,0,0,0,0,38,0,2240445,0,0,2,1,0.0,0,3022,62158,59136,63,False,0
Harry Amass,DEF,Man Utd,0.0,0,0,0,0,0,0.0,0,445,0.00,0.00,0.00,0.00,371,0,0,0.0,0.0,2026-05-24T15:00:00Z,0,False,6,0,0,0,0,0,38,0,8562,0,0,3,0,0.0,0,-18,0,18,40,False,0
Cheick Doucouré,MID,Crystal Palace,0.0,0,0,0,0,0,0.0,0,268,0.00,0.00,0.00,0.00,373,0,0,0.0,0.0,2026-05-24T15:00:00Z,0,False,1,0,0,0,0,0,38,0,457,0,0,2,1,0.0,0,19,39,20,49,True,0
Anthony Elanga,MID,Newcastle,0.5,0,0,5,0,0,0.5,1,486,0.03,0.03,0.00,0.59,374,1,0,0.3,0.8,2026-05-24T15:00:00Z,24,False,10,0,0,0,1,0,38,0,343130,0,0,0,2,2.0,1,-927,822,1749,65,False,0
Noni Madueke,MID,Arsenal,4.2,0,3,46,1,1,45.3,4,18,0.30,0.47,0.17,0.23,373,0,1,15.4,47.8,2026-05-24T15:00:00Z,83,False,8,0,0,0,3,0,38,0,109873,1,0,2,1,61.0,11,5996,8173,2177,68,False,0
Saša Lukić,MID,Fulham,1.8,0,0,0,0,0,0.0,0,332,0.00,0.00,0.00,0.00,374,0,0,0.0,0.0,2026-05-24T15:00:00Z,0,False,15,0,0,0,0,0,38,0,8673,0,0,0,2,0.0,0,557,789,232,49,True,0
Luke Rawlings,MID,Wolves,0.0,0,0,0,0,0,0.0,0,767,0.00,0.00,0.00,0.00,372,0,0,0.0,0.0,2026-05-24T15:00:00Z,0,False,3,0,0,0,0,0,38,0,935,0,0,1,1,0.0,0,-3,40,43,45,False,0
Max Dowman,MID,Arsenal,2.0,0,0,4,1,0,16.8,5,700,0.16,0.16,0.00,0.21,373,0,0,2.3,2.6,2026-05-24T15:00:00Z,61,False,8,0,0,0,5,0,38,0,127316,1,0,2,1,4.0,3,17366,25166,7800,42,False,0
Stefan Ortega Moreno,GK,Nott'm Forest,0.0,0,0,0,0,0,0.0,0,400,0.00,0.00,0.00,0.00,377,0,0,0.0,0.0,2026-05-24T15:00:00Z,0,False,4,0,0,0,0,0,38,0,24955,0,0,1,1,0.0,0,3,361,358,47,True,0
Rúben dos Santos Gato Alves Dias,DEF,Man City,0.7,0,0,6,0,3,12.7,3,408,0.02,0.02,0.00,1.77,376,2,0,2.4,11.6,2026-05-24T15:00:00Z,90,False,2,0,0,0,3,0,38,0,407105,1,0,2,1,0.0,1,13,978,965,55,True,0
Jayden Lienou,DEF,Leeds,0.0,0,0,0,0,0,0.0,0,837,0.00,0.00,0.00,0.00,380,0,0,0.0,0.0,2026-05-24T15:00:00Z,0,False,19,0,0,0,0,0,38,0,199,0,0,0,3,0.0,0,33,72,39,40,False,0
Chris Mepham,DEF,Bournemouth,0.0,0,0,0,0,0,0.0,0,79,0.00,0.00,0.00,0.00,377,0,0,0.0,0.0,2026-05-24T15:00:00Z,0,False,16,0,0,0,0,0,38,0,8494,0,0,1,1,0.0,0,-18,0,18,40,False,0
Joe Willock,MID,Newcastle,2.0,0,0,13,0,3,7.8,6,494,0.04,0.19,0.15,1.81,374,2,0,5.0,17.8,2026-05-24T15:00:00Z,90,False,10,0,0,0,1,0,38,0,11912,1,2,0,2,24.0,2,90,281,191,50,False,0
Elliot Anderson,MID,Nott'm Forest,6.8,0,0,18,0,2,30.0,9,517,0.39,0.40,0.01,0.82,377,1,0,4.3,12.0,2026-05-24T15:00:00Z,64,False,4,0,0,0,4,0,38,0,1256150,1,3,1,1,1.0,2,270639,290015,19376,57,True,0
Jack Hinshelwood,MID,Brighton,5.0,0,0,10,0,0,11.6,3,163,0.02,0.02,0.00,1.60,371,3,0,2.0,4.2,2026-05-24T15:00:00Z,73,False,14,0,0,0,2,0,38,0,206955,1,1,3,0,4.0,2,8549,27343,18794,52,True,0
David Brooks,MID,Bournemouth,1.5,0,0,0,0,0,0.0,0,86,0.00,0.00,0.00,0.00,377,0,0,0.0,0.0,2026-05-24T15:00:00Z,0,False,16,0,0,0,0,0,38,0,23439,0,0,1,1,0.0,0,296,596,300,50,False,0
Kevin Santos Lopes de Macedo,MID,Fulham,1.5,1,0,12,0,0,12.3,4,731,0.02,0.06,0.04,0.13,374,0,0,2.3,1.2,2026-05-24T15:00:00Z,59,False,15,0,0,0,4,0,38,0,6917,1,0,0,2,9.0,4,57,171,114,57,True,0
Nikola Milenković,DEF,Nott'm Forest,2.0,0,0,10,0,9,20.4,10,505,0.21,0.21,0.00,0.95,377,1,0,5.2,27.4,2026-05-24T15:00:00Z,90,False,4,0,0,0,4,0,38,0,429989,1,1,1,1,4.0,4,-1566,4942,6508,51,True,0
Julio Soler Barreto,DEF,Bournemouth,0.0,0,0,0,0,0,0.0,0,80,0.00,0.00,0.00,0.00,377,0,0,0.0,0.0,2026-05-24T15:00:00Z,0,False,16,0,0,0,0,0,38,0,25083,0,0,1,1,0.0,0,67,200,133,39,False,0
Pascal Groß,MID,Brighton,3.2,0,0,11,0,2,5.9,7,783,0.15,0.26,0.11,1.66,371,3,0,4.3,7.8,2026-05-24T15:00:00Z,90,False,14,0,0,0,5,0,38,0,381581,1,0,3,0,29.0,2,-36176,9339,45515,56,True,0
Mamadou Sarr,DEF,Chelsea,0.2,0,0,0,0,0,0.0,0,231,0.00,0.00,0.00,0.00,378,0,0,0.0,0.0,2026-05-24T15:00:00Z,0,False,17,0,0,0,0,0,38,0,3512,0,0,1,2,0.0,0,68,148,80,45,False,0
Lukas Nmecha,FWD,Leeds,1.2,0,0,9,0,0,25.3,5,365,0.55,0.95,0.40,2.61,380,3,0,5.2,7.2,2026-05-24T15:00:00Z,90,False,19,0,0,0,4,0,38,0,70977,1,1,0,3,19.0,2,-655,768,1423,50,False,0
Loum Tchaouna,MID,Burnley,4.2,1,0,13,0,0,14.3,2,210,0.04,0.06,0.02,1.60,372,1,0,3.8,15.6,2026-05-24T15:00:00Z,74,False,20,0,0,0,2,0,38,0,5933,1,0,1,1,8.0,5,1112,1239,127,48,True,0
Ollie Watkins,FWD,Aston Villa,9.0,0,3,63,0,1,2.5,2,64,0.01,1.25,1.24,1.34,376,1,2,16.3,73.4,2026-05-24T15:00:00Z,90,False,13,0,0,0,0,0,38,0,1706489,1,1,2,1,87.0,13,-47645,109209,156854,87,False,0
James Ward-Prowse,MID,Burnley,1.2,0,0,10,0,0,19.0,2,614,0.16,0.16,0.00,0.49,372,0,0,2.7,8.4,2026-05-24T15:00:00Z,15,False,20,0,0,0,1,0,38,0,25631,0,1,1,1,0.0,1,450,891,441,56,True,0
Jarrod Bowen,FWD,West Ham,4.5,1,3,47,1,1,26.2,6,624,0.17,0.40,0.23,1.59,380,0,1,10.7,54.6,2026-05-24T15:00:00Z,90,False,11,0,0,0,4,0,38,0,2332726,1,1,0,3,26.0,12,662900,716517,53617,78,True,0
Nico González Iglesias,MID,Man City,1.7,0,0,17,0,4,18.0,14,423,0.07,0.17,0.10,1.77,376,2,0,4.2,17.2,2026-05-24T15:00:00Z,90,False,2,0,0,0,7,0,38,0,13716,1,3,2,1,7.0,4,-57,79,136,59,True,0
Gonçalo Manuel Ganchinho Guedes,MID,Wolves,0.0,0,0,0,0,0,0.0,0,647,0.00,0.00,0.00,0.00,372,0,0,0.0,0.0,2026-05-24T15:00:00Z,0,False,3,0,0,0,0,0,38,0,395,0,0,1,1,0.0,0,0,0,0,55,False,0
Alan Browne,MID,Sunderland,0.0,0,0,0,0,0,0.0,0,555,0.00,0.00,0.00,0.00,378,0,0,0.0,0.0,2026-05-24T15:00:00Z,0,False,7,0,0,0,0,0,38,0,3770,0,0,1,2,0.0,0,-7,0,7,45,True,0
Josh Gracey,GK,Wolves,0.0,0,0,0,0,0,0.0,0,831,0.00,0.00,0.00,0.00,372,0,0,0.0,0.0,2026-05-24T15:00:00Z,0,False,3,0,0,0,0,0,38,0,965,0,0,1,1,0.0,0,379,449,70,40,False,0
Jaka Bijol,DEF,Leeds,4.8,0,0,6,0,8,0.7,9,344,0.01,0.01,0.00,1.97,380,1,0,2.3,17.8,2026-05-24T15:00:00Z,69,False,19,0,0,0,2,0,38,0,170721,1,1,0,3,4.0,1,19240,25055,5815,39,False,1
Alex Scott,MID,Bournemouth,2.8,0,0,0,0,0,0.0,0,90,0.00,0.00,0.00,0.00,377,0,0,0.0,0.0,2026-05-24T15:00:00Z,0,False,16,0,0,0,0,0,38,0,276813,0,0,1,1,0.0,0,856,21142,20286,49,False,0
Lewis O'Brien,MID,Nott'm Forest,0.0,0,0,0,0,0,0.0,0,520,0.00,0.00,0.00,0.00,377,0,0,0.0,0.0,2026-05-24T15:00:00Z,0,False,4,0,0,0,0,0,38,0,102,0,0,1,1,0.0,0,0,0,0,50,True,0
Patrick Roberts,MID,Sunderland,0.0,0,0,0,0,0,0.0,0,545,0.00,0.00,0.00,0.00,378,0,0,0.0,0.0,2026-05-24T15:00:00Z,0,False,7,0,0,0,0,0,38,0,1554,0,0,1,2,0.0,0,-2,0,2,54,True,0
Álex Moreno Lopera,DEF,Aston Villa,0.0,0,0,0,0,0,0.0,0,43,0.00,0.00,0.00,0.00,376,0,0,0.0,0.0,2026-05-24T15:00:00Z,0,False,13,0,0,0,0,0,38,0,201180,0,0,2,1,0.0,0,-687,0,687,40,False,0
Eric da Silva Moreira,MID,Nott'm Forest,0.0,0,0,0,0,0,0.0,0,523,0.00,0.00,0.00,0.00,377,0,0,0.0,0.0,2026-05-24T15:00:00Z,0,False,4,0,0,0,0,0,38,0,7698,0,0,1,1,0.0,0,36,101,65,45,True,0
Leny Yoro,DEF,Man Utd,0.5,0,0,5,0,3,0.3,4,444,0.00,0.00,0.00,0.31,371,0,0,0.8,8.0,2026-05-24T15:00:00Z,16,False,6,0,0,0,0,0,38,0,159513,0,1,3,0,0.0,1,-1264,259,1523,41,False,0
Shurandy Sambo,DEF,Burnley,0.0,0,0,0,0,0,0.0,0,196,0.00,0.00,0.00,0.00,372,0,0,0.0,0.0,2026-05-24T15:00:00Z,0,False,20,0,0,0,0,0,38,0,4919,0,0,1,1,0.0,0,-12,0,12,40,True,0
Diego Gómez Amarilla,MID,Brighton,0.5,0,0,4,0,2,1.4,9,169,0.01,0.29,0.28,1.50,371,3,0,1.8,0.0,2026-05-24T15:00:00Z,58,False,14,0,0,0,6,0,38,0,48540,1,1,3,0,18.0,1,-3504,1045,4549,49,True,0
Piero Hincapié,DEF,Arsenal,1.8,0,0,13,0,5,3.4,5,725,0.02,0.05,0.03,0.98,373,1,0,2.7,16.6,2026-05-24T15:00:00Z,90,False,8,0,0,0,4,0,38,0,116550,1,0,2,1,7.0,2,434,9382,8948,51,False,0
Lucá Williams-Barnett,MID,Spurs,0.0,0,0,0,0,0,0.0,0,790,0.00,0.00,0.00,0.00,379,0,0,0.0,0.0,2026-05-24T15:00:00Z,0,False,9,0,0,0,0,0,38,0,1048,0,0,0,1,0.0,0,22,59,37,45,True,0
Neco Williams,DEF,Nott'm Forest,1.5,0,0,7,0,6,9.3,8,508,0.05,0.12,0.07,0.95,377,1,0,5.3,16.4,2026-05-24T15:00:00Z,90,False,4,0,0,0,6,0,38,0,547266,1,2,1,1,27.0,2,-7210,9710,16920,48,True,0
David Mota Veiga Teixeira do Carmo,DEF,Nott'm Forest,0.0,0,0,0,0,0,0.0,0,509,0.00,0.00,0.00,0.00,377,0,0,0.0,0.0,2026-05-24T15:00:00Z,0,False,4,0,0,0,0,0,38,0,2614,0,0,1,1,0.0,0,-2,0,2,45,True,0
Harrison Armstrong,MID,Everton,0.5,0,0,3,0,0,3.1,0,305,0.01,0.01,0.00,0.02,379,0,0,0.5,1.4,2026-05-24T15:00:00Z,28,False,18,0,0,0,0,0,38,0,10812,0,0,0,1,0.0,1,-61,265,326,45,False,0
Jackson Tchatchoua,DEF,Wolves,0.0,0,0,0,0,0,0.0,0,695,0.00,0.00,0.00,0.00,372,0,0,0.0,0.0,2026-05-24T15:00:00Z,0,False,3,0,0,0,0,0,38,0,4207,0,0,1,1,0.0,0,-37,65,102,44,False,0
Lucas Pires Silva,DEF,Burnley,1.2,0,0,17,0,2,30.6,3,195,0.05,0.32,0.27,2.09,372,1,0,10.6,24.8,2026-05-24T15:00:00Z,90,False,20,0,0,0,5,0,38,0,33986,1,1,1,1,51.0,2,531,1167,636,38,True,0
Anthony Patterson,GK,Sunderland,0.0,0,0,0,0,0,0.0,0,528,0.00,0.00,0.00,0.00,378,0,0,0.0,0.0,2026-05-24T15:00:00Z,0,False,7,0,0,0,0,0,38,0,19115,0,0,1,2,0.0,0,-93,0,93,42,True,0
Wilson Isidor,FWD,Sunderland,1.8,0,0,5,0,0,0.6,1,560,0.01,0.10,0.09,0.08,378,0,0,1.0,0.8,2026-05-24T15:00:00Z,29,False,7,0,0,0,0,0,38,0,170019,0,1,1,2,9.0,1,-2007,1840,3847,50,True,0
Jack Harrison,MID,Leeds,0.0,0,0,0,0,0,0.0,0,352,0.00,0.00,0.00,0.00,380,0,0,0.0,0.0,2026-05-24T15:00:00Z,0,False,19,0,0,0,0,0,38,0,5844,0,0,0,3,0.0,0,-22,0,22,51,False,0
Kieran Morrison,MID,Liverpool,0.5,0,0,0,0,0,0.0,0,746,0.00,0.00,0.00,0.00,375,0,0,0.0,0.0,2026-05-24T15:00:00Z,0,False,5,0,0,0,0,0,38,0,1392,0,0,1,1,0.0,0,15,39,24,45,True,0
Dango Ouattara,MID,Brentford,5.5,0,0,2,0,4,2.8,7,83,0.01,0.53,0.52,3.04,375,1,0,1.6,2.4,2026-05-24T15:00:00Z,90,False,12,0,0,0,2,0,38,0,214480,1,1,1,1,11.0,2,5241,22830,17589,56,False,0
Mathys Tel,MID,Spurs,4.8,0,0,15,1,1,56.1,6,584,0.26,0.32,0.06,0.16,379,0,0,8.6,11.4,2026-05-24T15:00:00Z,72,False,9,0,0,0,4,0,38,0,69194,1,1,0,1,18.0,3,34749,36595,1846,62,True,0
Charlie Crew,MID,Leeds,0.0,0,0,0,0,0,0.0,0,359,0.00,0.00,0.00,0.00,380,0,0,0.0,0.0,2026-05-24T15:00:00Z,0,False,19,0,0,0,0,0,38,0,412,0,0,0,3,0.0,0,-2,0,2,45,False,0
Ryan Trevitt,MID,Brentford,0.0,0,0,0,0,0,0.0,0,134,0.00,0.00,0.00,0.00,375,0,0,0.0,0.0,2026-05-24T15:00:00Z,0,False,12,0,0,0,0,0,38,0,475,0,0,1,1,0.0,0,-1,0,1,45,False,0
Sandro Tonali,MID,Newcastle,0.8,0,0,0,0,0,0.0,0,491,0.00,0.00,0.00,0.00,374,0,0,0.0,0.0,2026-05-24T15:00:00Z,0,False,10,0,0,0,0,0,38,0,134435,0,0,0,2,0.0,0,-5844,270,6114,53,False,0
Marli Salmon,DEF,Arsenal,1.0,0,0,0,0,0,0.0,0,759,0.00,0.00,0.00,0.00,373,0,0,0.0,0.0,2026-05-24T15:00:00Z,0,False,8,0,0,0,0,0,38,0,3535,0,0,2,1,0.0,0,278,331,53,40,False,0
Ben Broggio,MID,Aston Villa,0.0,0,0,0,0,0,0.0,0,60,0.00,0.00,0.00,0.00,376,0,0,0.0,0.0,2026-05-24T15:00:00Z,0,False,13,0,0,0,0,0,38,0,31395,0,0,2,1,0.0,0,-118,0,118,44,False,0
Josh Dasilva,MID,Brentford,0.0,0,0,0,0,0,0.0,0,748,0.00,0.00,0.00,0.00,375,0,0,0.0,0.0,2026-05-24T15:00:00Z,0,False,12,0,0,0,0,0,38,0,280,0,0,1,1,0.0,0,12,21,9,49,False,0
Matt Doherty,DEF,Wolves,0.0,0,0,0,0,0,0.0,0,632,0.00,0.00,0.00,0.00,372,0,0,0.0,0.0,2026-05-24T15:00:00Z,0,False,3,0,0,0,0,0,38,0,11067,0,0,1,1,0.0,0,-76,79,155,44,False,0
Niclas Füllkrug,FWD,West Ham,0.0,0,0,0,0,0,0.0,0,625,0.00,0.00,0.00,0.00,380,0,0,0.0,0.0,2026-05-24T15:00:00Z,0,False,11,0,0,0,0,0,38,0,73513,0,0,0,3,0.0,0,-68,0,68,56,True,0
Sam Chambers,MID,Leeds,0.0,0,0,0,0,0,0.0,0,787,0.00,0.00,0.00,0.00,380,0,0,0.0,0.0,2026-05-24T15:00:00Z,0,False,19,0,0,0,0,0,38,0,1792,0,0,0,3,0.0,0,-1,127,128,44,False,0
Maldini Kacurri,DEF,Arsenal,0.0,0,0,0,0,0,0.0,0,14,0.00,0.00,0.00,0.00,373,0,0,0.0,0.0,2026-05-24T15:00:00Z,0,False,8,0,0,0,0,0,38,0,12014,0,0,2,1,0.0,0,-13,0,13,39,False,0
Donyell Malen,MID,Aston Villa,0.0,0,0,0,0,0,0.0,0,53,0.00,0.00,0.00,0.00,376,0,0,0.0,0.0,2026-05-24T15:00:00Z,0,False,13,0,0,0,0,0,38,0,50615,0,0,2,1,0.0,0,-135,0,135,51,False,0
Bafodé Diakité,DEF,Bournemouth,0.0,0,0,0,0,0,0.0,0,685,0.00,0.00,0.00,0.00,377,0,0,0.0,0.0,2026-05-24T15:00:00Z,0,False,16,0,0,0,0,0,38,0,34526,0,0,1,1,0.0,0,-106,187,293,41,False,0
Leander Dendoncker,MID,Aston Villa,0.0,0,0,0,0,0,0.0,0,61,0.00,0.00,0.00,0.00,376,0,0,0.0,0.0,2026-05-24T15:00:00Z,0,False,13,0,0,0,0,0,38,0,8893,0,0,2,1,0.0,0,-33,0,33,45,False,0
Robin Roefs,GK,Sunderland,3.5,0,0,8,0,0,10.0,0,670,0.00,0.00,0.00,0.89,378,1,0,2.2,12.2,2026-05-24T15:00:00Z,90,False,7,0,0,0,6,0,38,2,1051377,1,0,1,2,0.0,2,-8586,21532,30118,48,True,0
Tymur Tutierov,MID,Sunderland,0.0,0,0,0,0,0,0.0,0,775,0.00,0.00,0.00,0.00,378,0,0,0.0,0.0,2026-05-24T15:00:00Z,0,False,7,0,0,0,0,0,38,0,84,0,0,1,2,0.0,0,0,0,0,45,True,0
Lesley Ugochukwu,MID,Burnley,2.2,0,0,16,0,1,17.8,5,676,0.07,0.24,0.17,1.60,372,1,0,2.8,4.8,2026-05-24T15:00:00Z,74,False,20,0,0,0,4,0,38,0,14081,1,0,1,1,5.0,2,973,1311,338,50,True,0
Borna Sosa,DEF,Crystal Palace,-0.8,0,0,0,0,0,0.0,0,259,0.00,0.00,0.00,0.00,373,0,0,0.0,0.0,2026-05-24T15:00:00Z,0,False,1,0,0,0,0,0,38,0,15495,0,0,2,1,0.0,0,-205,17,222,48,True,0
Kaelan Casey,DEF,West Ham,0.0,0,0,0,0,0,0.0,0,611,0.00,0.00,0.00,0.00,380,0,0,0.0,0.0,2026-05-24T15:00:00Z,0,False,11,0,0,0,0,0,38,0,7864,0,0,0,3,0.0,0,-37,0,37,40,True,0
Hamed Traorè,MID,Bournemouth,0.0,0,0,0,0,0,0.0,0,93,0.00,0.00,0.00,0.00,377,0,0,0.0,0.0,2026-05-24T15:00:00Z,0,False,16,0,0,0,0,0,38,0,34697,0,0,1,1,0.0,0,-60,0,60,45,False,0
Jack Fletcher,MID,Man Utd,0.0,0,0,0,0,0,0.0,0,462,0.00,0.00,0.00,0.00,371,0,0,0.0,0.0,2026-05-24T15:00:00Z,0,False,6,0,0,0,0,0,38,0,9868,0,0,3,0,0.0,0,-38,155,193,43,False,0
Riccardo Calafiori,DEF,Arsenal,5.0,0,0,4,0,0,7.1,0,7,0.10,0.10,0.00,0.05,373,0,0,1.2,1.2,2026-05-24T15:00:00Z,45,False,8,0,0,0,2,0,38,0,782847,1,0,2,1,4.0,1,7139,11884,4745,56,False,0
David Raya Martín,GK,Arsenal,6.2,0,0,0,0,0,0.0,0,1,0.00,0.00,0.00,0.00,373,0,0,0.0,0.0,2026-05-24T15:00:00Z,0,False,8,0,0,0,0,0,38,0,4774619,0,0,2,1,0.0,0,20488,88664,68176,62,False,0
Jesurun Rak-Sakyi,MID,Crystal Palace,0.0,0,0,0,0,0,0.0,0,278,0.00,0.00,0.00,0.00,373,0,0,0.0,0.0,2026-05-24T15:00:00Z,0,False,1,0,0,0,0,0,38,0,3618,0,0,2,1,0.0,0,-4,0,4,44,True,0
Nectarios Triantis,MID,Sunderland,0.0,0,0,0,0,0,0.0,0,559,0.00,0.00,0.00,0.00,378,0,0,0.0,0.0,2026-05-24T15:00:00Z,0,False,7,0,0,0,0,0,38,0,3778,0,0,1,2,0.0,0,-11,0,11,44,True,0
Romelle Donovan,MID,Brentford,-0.5,0,0,0,0,0,0.0,0,130,0.00,0.00,0.00,0.00,375,0,0,0.0,0.0,2026-05-24T15:00:00Z,0,False,12,0,0,0,0,0,38,0,13484,0,0,1,1,0.0,0,-37,194,231,44,False,0
Maxim De Cuyper,DEF,Brighton,4.5,0,0,-1,0,0,44.4,1,145,0.18,0.20,0.02,1.19,371,2,0,6.2,10.2,2026-05-24T15:00:00Z,45,False,14,0,0,0,0,0,38,0,230927,1,1,3,0,7.0,0,11333,16958,5625,43,True,0
Joël Piroe,FWD,Leeds,0.5,0,0,4,0,0,0.1,1,362,0.00,0.05,0.05,0.65,380,2,0,2.6,3.0,2026-05-24T15:00:00Z,12,False,19,0,0,0,0,0,38,0,44378,0,1,0,3,23.0,1,-79,219,298,49,False,0
Marco Bizot,GK,Aston Villa,0.0,0,0,10,0,3,0.0,0,33,0.00,0.00,0.00,1.34,376,1,0,2.1,21.0,2026-05-24T15:00:00Z,90,False,13,0,0,0,3,0,38,2,48467,1,0,2,1,0.0,2,-64,258,322,42,False,0
Xavi Simons,MID,Spurs,0.0,0,0,0,0,0,0.0,0,717,0.00,0.00,0.00,0.00,379,0,0,0.0,0.0,2026-05-24T15:00:00Z,0,False,9,0,0,0,0,0,38,0,140702,0,0,0,1,0.0,0,-7274,109,7383,63,True,0
Maxwel Cornet,MID,West Ham,0.0,0,0,0,0,0,0.0,0,617,0.00,0.00,0.00,0.00,380,0,0,0.0,0.0,2026-05-24T15:00:00Z,0,False,11,0,0,0,0,0,38,0,1902,0,0,0,3,0.0,0,-5,0,5,49,True,0
Vitor de Oliveira Nunes dos Reis,DEF,Man City,0.0,0,0,0,0,0,0.0,0,412,0.00,0.00,0.00,0.00,376,0,0,0.0,0.0,2026-05-24T15:00:00Z,0,False,2,0,0,0,0,0,38,0,577,0,0,2,1,0.0,0,-1,0,1,50,True,0
Sam Johnstone,GK,Wolves,0.0,0,0,0,0,0,0.0,0,627,0.00,0.00,0.00,0.00,372,0,0,0.0,0.0,2026-05-24T15:00:00Z,0,False,3,0,0,0,0,0,38,0,16793,0,0,1,1,0.0,0,-25,184,209,44,False,0
Antonee Robinson,DEF,Fulham,5.0,0,1,29,1,4,13.8,7,316,0.10,0.12,0.02,0.31,374,0,0,3.3,15.2,2026-05-24T15:00:00Z,90,False,15,0,0,0,4,0,38,0,123919,1,3,0,2,4.0,6,12254,14916,2662,49,True,1
Jørgen Strand Larsen,FWD,Crystal Palace,0.8,0,0,1,0,1,4.7,3,654,0.01,0.08,0.07,1.55,373,2,0,0.8,0.0,2026-05-24T15:00:00Z,76,False,1,0,0,0,2,0,38,0,186117,1,0,2,1,6.0,2,-14070,2224,16294,58,True,0
Estêvão Almeida de Oliveira Gonçalves,MID,Chelsea,0.0,0,0,0,0,0,0.0,0,238,0.00,0.00,0.00,0.00,378,0,0,0.0,0.0,2026-05-24T15:00:00Z,0,False,17,0,0,0,0,0,38,0,216248,0,0,1,2,0.0,0,-1609,156,1765,64,False,0
Tom Watson,MID,Brighton,0.0,0,0,0,0,0,0.0,0,172,0.00,0.00,0.00,0.00,371,0,0,0.0,0.0,2026-05-24T15:00:00Z,0,False,14,0,0,0,0,0,38,0,3638,0,0,3,0,0.0,0,-6,0,6,48,True,0
Lucas Estella Perri,GK,Leeds,0.0,0,0,0,0,0,0.0,0,665,0.00,0.00,0.00,0.00,380,0,0,0.0,0.0,2026-05-24T15:00:00Z,0,False,19,0,0,0,0,0,38,0,33474,0,0,0,3,0.0,0,-248,615,863,44,False,0
Timothée Pembélé,DEF,Sunderland,0.0,0,0,0,0,0,0.0,0,540,0.00,0.00,0.00,0.00,378,0,0,0.0,0.0,2026-05-24T15:00:00Z,0,False,7,0,0,0,0,0,38,0,34836,0,0,1,2,0.0,0,-204,0,204,39,True,0
Roméo Lavia,MID,Chelsea,0.2,0,0,0,0,0,0.0,0,244,0.00,0.00,0.00,0.00,378,0,0,0.0,0.0,2026-05-24T15:00:00Z,0,False,17,0,0,0,0,0,38,0,2564,0,0,1,2,0.0,0,-57,24,81,49,False,0
Jan Paul van Hecke,DEF,Brighton,2.8,0,0,2,0,6,1.6,7,151,0.04,0.04,0.00,1.66,371,3,0,1.9,17.6,2026-05-24T15:00:00Z,90,False,14,0,0,0,2,0,38,0,1386574,1,1,3,0,0.0,1,-50150,26487,76637,47,True,0
Mike Penders,GK,Chelsea,0.0,0,0,0,0,0,0.0,0,222,0.00,0.00,0.00,0.00,378,0,0,0.0,0.0,2026-05-24T15:00:00Z,0,False,17,0,0,0,0,0,38,0,352,0,0,1,2,0.0,0,-1,0,1,40,False,0
Rio Kyerematen,MID,Spurs,0.0,0,0,0,0,0,0.0,0,811,0.00,0.00,0.00,0.00,379,0,0,0.0,0.0,2026-05-24T15:00:00Z,0,False,9,0,0,0,0,0,38,0,629,0,0,0,1,0.0,0,34,63,29,45,True,0
Oleksandr Zinchenko,DEF,Nott'm Forest,0.0,0,0,0,0,0,0.0,0,12,0.00,0.00,0.00,0.00,377,0,0,0.0,0.0,2026-05-24T15:00:00Z,0,False,4,0,0,0,0,0,38,0,26723,0,0,1,1,0.0,0,-46,0,46,49,True,0
Harvey Barnes,MID,Newcastle,4.8,0,0,2,0,0,13.6,0,487,0.03,0.11,0.08,0.69,374,1,0,3.0,1.2,2026-05-24T15:00:00Z,45,False,10,0,0,0,0,0,38,0,166268,0,0,0,2,15.0,1,12009,17075,5066,61,False,0
Josh Nichols,DEF,Arsenal,1.0,0,0,0,0,0,0.0,0,15,0.00,0.00,0.00,0.00,373,0,0,0.0,0.0,2026-05-24T15:00:00Z,0,False,8,0,0,0,0,0,38,0,31817,0,0,2,1,0.0,0,585,1164,579,37,False,0
Jhon Arias,MID,Wolves,0.0,0,0,0,0,0,0.0,0,663,0.00,0.00,0.00,0.00,372,0,0,0.0,0.0,2026-05-24T15:00:00Z,0,False,3,0,0,0,0,0,38,0,16408,0,0,1,1,0.0,0,-46,0,46,49,False,0
Chido Obi,FWD,Man Utd,0.0,0,0,0,0,0,0.0,0,467,0.00,0.00,0.00,0.00,371,0,0,0.0,0.0,2026-05-24T15:00:00Z,0,False,6,0,0,0,0,0,38,0,178409,0,0,3,0,0.0,0,-984,824,1808,42,False,0
Marc Guiu Paz,FWD,Chelsea,0.0,0,0,0,0,0,0.0,0,252,0.00,0.00,0.00,0.00,378,0,0,0.0,0.0,2026-05-24T15:00:00Z,0,False,17,0,0,0,0,0,38,0,679137,0,0,1,2,0.0,0,4125,19183,15058,40,False,0
Aaron Ramsey,MID,Burnley,0.0,0,0,0,0,0,0.0,0,211,0.00,0.00,0.00,0.00,372,0,0,0.0,0.0,2026-05-24T15:00:00Z,0,False,20,0,0,0,0,0,38,0,181154,0,0,1,1,0.0,0,-487,0,487,44,True,0
John McGinn,MID,Aston Villa,2.5,0,0,7,0,0,0.0,2,54,0.00,0.06,0.06,0.10,376,0,0,1.3,5.6,2026-05-24T15:00:00Z,4,False,13,0,0,0,1,0,38,0,91648,0,1,2,1,7.0,1,-724,4622,5346,53,False,0
Chadi Riad Dnanou,DEF,Crystal Palace,0.2,0,0,14,0,10,0.8,12,262,0.03,0.21,0.18,2.53,373,2,0,4.7,26.8,2026-05-24T15:00:00Z,90,False,1,0,0,0,10,0,38,0,6791,1,2,2,1,19.0,3,129,353,224,40,True,0
Pedro Cardoso de Lima,DEF,Wolves,1.0,0,0,4,0,0,0.0,1,640,0.00,0.17,0.17,0.19,372,0,0,2.5,6.2,2026-05-24T15:00:00Z,8,False,3,0,0,0,1,0,38,0,48049,0,1,1,1,19.0,1,54,313,259,40,False,0
Hannes Delcroix,DEF,Burnley,0.0,0,0,0,0,0,0.0,0,188,0.00,0.00,0.00,0.00,372,0,0,0.0,0.0,2026-05-24T15:00:00Z,0,False,20,0,0,0,0,0,38,0,24505,0,0,1,1,0.0,0,-234,0,234,38,True,0
Phil Foden,MID,Man City,3.9,0,0,11,0,0,38.9,2,414,0.08,0.08,0.00,1.77,376,2,0,5.8,9.4,2026-05-24T15:00:00Z,90,False,2,0,0,0,2,0,38,0,1020093,1,0,2,1,10.0,2,20686,29805,9119,80,True,0
Jonah Kusi-Asare,FWD,Fulham,0.0,0,0,0,0,0,0.0,0,737,0.00,0.00,0.00,0.00,374,0,0,0.0,0.0,2026-05-24T15:00:00Z,0,False,15,0,0,0,0,0,38,0,13399,0,0,0,2,0.0,0,-151,249,400,45,True,0
Tom Heaton,GK,Man Utd,0.0,0,0,0,0,0,0.0,0,434,0.00,0.00,0.00,0.00,371,0,0,0.0,0.0,2026-05-24T15:00:00Z,0,False,6,0,0,0,0,0,38,0,82656,0,0,3,0,0.0,0,9170,12712,3542,38,False,0
Yéremy Pino Santos,MID,Crystal Palace,0.4,1,0,21,0,0,36.3,2,712,0.31,0.59,0.28,1.36,373,1,0,7.9,22.6,2026-05-24T15:00:00Z,45,False,1,0,0,0,2,0,38,0,23279,0,0,2,1,20.0,4,-1291,323,1614,58,True,0
Wilson Odobert,MID,Spurs,0.0,0,0,0,0,0,0.0,0,588,0.00,0.00,0.00,0.00,379,0,0,0.0,0.0,2026-05-24T15:00:00Z,0,False,9,0,0,0,0,0,38,0,5238,0,0,0,1,0.0,0,-14,26,40,53,True,0
Omari Hutchinson,MID,Nott'm Forest,2.2,1,0,19,0,0,40.7,6,693,0.16,0.16,0.00,0.82,377,1,0,7.4,27.2,2026-05-24T15:00:00Z,77,False,4,0,0,0,3,0,38,0,9739,1,3,1,1,6.0,5,-225,194,419,54,True,0
Alex Murphy,DEF,Newcastle,0.2,0,0,4,0,3,0.6,3,481,0.00,0.00,0.00,0.22,374,0,0,1.1,8.0,2026-05-24T15:00:00Z,6,False,10,0,0,0,0,0,38,0,87530,0,0,0,2,2.0,1,-303,445,748,38,False,0
Bernardo Mota Veiga de Carvalho e Silva,MID,Man City,2.7,0,0,11,0,2,3.2,8,416,0.04,0.22,0.18,0.45,376,1,0,5.1,12.6,2026-05-24T15:00:00Z,58,False,2,0,0,0,2,0,38,0,91229,1,4,2,1,35.0,1,3718,6554,2836,62,True,0
Hannibal Mejbri,MID,Burnley,1.8,0,0,15,0,1,33.2,5,207,0.30,0.46,0.16,1.60,372,1,0,6.9,15.2,2026-05-24T15:00:00Z,65,False,20,0,0,0,3,0,38,0,18590,1,1,1,1,21.0,1,1633,2020,387,47,True,1
Jacob Bruun Larsen,MID,Burnley,0.8,0,0,4,0,0,4.8,0,202,0.02,0.04,0.02,0.30,372,0,0,1.3,2.0,2026-05-24T15:00:00Z,5,False,20,0,0,0,0,0,38,0,4927,0,0,1,1,6.0,1,77,148,71,52,True,0
Dennis Cirkin,DEF,Sunderland,0.0,0,0,0,0,0,0.0,0,535,0.00,0.00,0.00,0.00,378,0,0,0.0,0.0,2026-05-24T15:00:00Z,0,False,7,0,0,0,0,0,38,0,6360,0,0,1,2,0.0,0,-54,114,168,40,True,0
Daniel Muñoz Mejía,DEF,Crystal Palace,1.0,0,0,-3,0,0,1.8,0,256,0.01,0.06,0.05,1.17,373,1,0,2.0,1.6,2026-05-24T15:00:00Z,45,False,1,0,0,0,0,0,38,0,1201329,1,0,2,1,17.0,1,-46467,14203,60670,59,True,0
Bastien Meupiyou Menadjou,DEF,Wolves,0.0,0,0,0,0,0,0.0,0,639,0.00,0.00,0.00,0.00,372,0,0,0.0,0.0,2026-05-24T15:00:00Z,0,False,3,0,0,0,0,0,38,0,765,0,0,1,1,0.0,0,-4,0,4,40,False,0
Radu Drăgușin,DEF,Spurs,0.2,0,0,4,0,3,0.0,3,572,0.00,0.00,0.00,0.25,379,0,0,0.5,5.0,2026-05-24T15:00:00Z,1,False,9,0,0,0,0,0,38,0,3292,0,0,0,1,0.0,1,60,153,93,45,True,0
Noah Okafor,MID,Leeds,0.0,0,0,0,0,0,0.0,0,698,0.00,0.00,0.00,0.00,380,0,0,0.0,0.0,2026-05-24T15:00:00Z,0,False,19,0,0,0,0,0,38,0,112862,0,0,0,3,0.0,0,-68701,320,69021,55,False,0
Dean Henderson,GK,Crystal Palace,0.4,0,0,15,0,0,0.0,0,253,0.00,0.00,0.00,2.53,373,2,0,3.7,37.0,2026-05-24T15:00:00Z,90,False,1,0,0,0,11,0,38,5,1165604,1,0,2,1,0.0,2,-47238,6905,54143,51,True,0
Jayce Fitzgerald,MID,Man Utd,0.0,0,0,0,0,0,0.0,0,461,0.00,0.00,0.00,0.00,371,0,0,0.0,0.0,2026-05-24T15:00:00Z,0,False,6,0,0,0,0,0,38,0,5918,0,0,3,0,0.0,0,12,98,86,43,False,0
Nayef Aguerd,DEF,West Ham,0.0,0,0,0,0,0,0.0,0,607,0.00,0.00,0.00,0.00,380,0,0,0.0,0.0,2026-05-24T15:00:00Z,0,False,11,0,0,0,0,0,38,0,5300,0,0,0,3,0.0,0,-4,0,4,44,True,0
Danny Welbeck,FWD,Brighton,2.5,0,0,-1,0,0,2.1,1,178,0.01,0.01,0.00,1.50,371,3,0,0.3,0.0,2026-05-24T15:00:00Z,58,False,14,0,0,0,1,0,38,0,1097113,1,0,3,0,4.0,1,-93826,52851,146677,63,True,0
Tom King,GK,Everton,0.0,0,0,0,0,0,0.0,0,630,0.00,0.00,0.00,0.00,379,0,0,0.0,0.0,2026-05-24T15:00:00Z,0,False,18,0,0,0,0,0,38,0,156114,0,0,0,1,0.0,0,-966,235,1201,39,False,0
Maxime Estève,DEF,Burnley,2.0,0,0,0,0,0,0.0,0,191,0.00,0.00,0.00,0.00,372,0,0,0.0,0.0,2026-05-24T15:00:00Z,0,False,20,0,0,0,0,0,38,0,916015,0,0,1,1,0.0,0,23992,32901,8909,38,True,0
Antoine Semenyo,MID,Man City,4.7,0,0,18,0,1,14.4,2,82,0.07,0.17,0.10,0.45,376,1,1,9.0,36.2,2026-05-24T15:00:00Z,57,False,2,0,0,0,1,0,38,0,6034289,1,0,2,1,39.0,6,-144456,46942,191398,80,True,0
Rodrigo Muniz Carvalho,FWD,Fulham,1.5,0,0,5,1,0,0.5,2,338,0.01,0.17,0.16,0.17,374,0,0,3.2,0.2,2026-05-24T15:00:00Z,71,False,15,0,0,0,1,0,38,0,96393,1,1,0,2,31.0,2,304,1727,1423,53,True,0
Gianluigi Donnarumma,GK,Man City,3.7,0,0,0,0,0,0.0,0,736,0.00,0.00,0.00,0.00,376,0,0,0.0,0.0,2026-05-24T15:00:00Z,0,False,2,0,0,0,0,0,38,0,1216359,0,0,2,1,0.0,0,-1066,20024,21090,56,True,0
Sven Botman,DEF,Newcastle,3.8,0,0,9,0,10,0.7,11,475,0.00,0.00,0.00,1.81,374,2,0,3.7,35.8,2026-05-24T15:00:00Z,90,False,10,0,0,0,1,0,38,0,66749,1,1,0,2,0.0,3,7978,9131,1153,49,False,0
Omar Alderete,DEF,Sunderland,1.6,0,0,0,0,0,0.0,0,683,0.00,0.00,0.00,0.00,378,0,0,0.0,0.0,2026-05-24T15:00:00Z,0,False,7,0,0,0,0,0,38,0,641248,0,0,1,2,0.0,0,-82371,2222,84593,41,True,0
Nico O'Reilly,DEF,Man City,2.1,0,0,0,0,0,0.0,0,411,0.00,0.00,0.00,0.00,376,0,0,0.0,0.0,2026-05-24T15:00:00Z,0,False,2,0,0,0,0,0,38,0,2504870,0,0,2,1,0.0,0,-62356,45649,108005,53,True,0
Liam Delap,FWD,Chelsea,0.5,0,0,1,0,0,0.1,1,250,0.00,0.00,0.00,0.07,378,0,0,0.2,0.0,2026-05-24T15:00:00Z,5,False,17,0,0,0,1,0,38,0,120525,0,0,1,2,2.0,1,1427,1980,553,62,False,0
Malcolm Ebiowei,MID,Crystal Palace,0.0,0,0,0,0,0,0.0,0,277,0.00,0.00,0.00,0.00,373,0,0,0.0,0.0,2026-05-24T15:00:00Z,0,False,1,0,0,0,0,0,38,0,352,0,0,2,1,0.0,0,0,0,0,45,True,0
Jerome Abbey,MID,Wolves,0.2,0,0,2,0,1,0.0,2,809,0.00,0.00,0.00,0.42,372,0,0,0.3,3.2,2026-05-24T15:00:00Z,16,False,3,0,0,0,0,0,38,0,1957,0,1,1,1,0.0,1,179,337,158,45,False,0
Benjamin White,DEF,Arsenal,0.0,0,0,0,0,0,0.0,0,11,0.00,0.00,0.00,0.00,373,0,0,0.0,0.0,2026-05-24T15:00:00Z,0,False,8,0,0,0,0,0,38,0,65808,0,0,2,1,0.0,0,-5025,81,5106,51,False,0
Miodrag Pivaš,DEF,Newcastle,0.0,0,0,0,0,0,0.0,0,483,0.00,0.00,0.00,0.00,374,0,0,0.0,0.0,2026-05-24T15:00:00Z,0,False,10,0,0,0,0,0,38,0,46285,0,0,0,2,0.0,0,-88,404,492,38,False,0
Freddie Woodman,GK,Liverpool,1.0,0,0,0,0,0,0.0,0,369,0.00,0.00,0.00,0.00,375,0,0,0.0,0.0,2026-05-24T15:00:00Z,0,False,5,0,0,0,0,0,38,0,41916,0,0,1,1,0.0,0,-3752,780,4532,39,True,0
Adam Webster,DEF,Brighton,0.0,0,0,0,0,0,0.0,0,153,0.00,0.00,0.00,0.00,371,0,0,0.0,0.0,2026-05-24T15:00:00Z,0,False,14,0,0,0,0,0,38,0,978,0,0,3,0,0.0,0,46,74,28,44,True,0
Reece James,DEF,Chelsea,0.5,0,0,5,0,0,1.6,0,225,0.04,0.06,0.02,0.46,378,0,0,1.4,5.0,2026-05-24T15:00:00Z,38,False,17,0,0,0,2,0,38,0,784061,0,0,1,2,7.0,1,12254,16414,4160,56,False,0
Alex Paulsen,GK,Bournemouth,0.0,0,0,0,0,0,0.0,0,70,0.00,0.00,0.00,0.00,377,0,0,0.0,0.0,2026-05-24T15:00:00Z,0,False,16,0,0,0,0,0,38,0,6822,0,0,1,1,0.0,0,-29,0,29,40,False,0
Chris Wood,FWD,Nott'm Forest,1.5,0,0,6,0,1,12.4,3,525,0.09,0.67,0.58,0.80,377,1,0,4.5,4.6,2026-05-24T15:00:00Z,61,False,4,0,0,0,2,0,38,0,610435,1,0,1,1,28.0,2,3042,7302,4260,71,True,0
Rayan Cherki,MID,Man City,2.9,0,0,1,0,0,9.8,0,417,0.09,0.12,0.03,1.32,376,1,0,1.6,0.0,2026-05-24T15:00:00Z,32,False,2,0,0,0,0,0,38,0,2249816,0,0,2,1,7.0,1,-293504,23883,317387,65,True,0
Emiliano Martínez Romero,GK,Aston Villa,2.0,0,0,0,0,0,0.0,0,32,0.00,0.00,0.00,0.00,376,0,0,0.0,0.0,2026-05-24T15:00:00Z,0,False,13,0,0,0,0,0,38,0,572706,0,0,2,1,0.0,0,-23415,4437,27852,50,False,0
Josh King,MID,Fulham,0.8,0,0,7,0,0,11.8,4,335,0.01,0.10,0.09,0.14,374,0,0,3.9,6.4,2026-05-24T15:00:00Z,18,False,15,0,0,0,3,0,38,0,211355,0,1,0,2,21.0,1,-4263,2964,7227,44,True,0
Lewis Dunk,DEF,Brighton,4.5,0,0,4,0,3,3.3,5,146,0.03,0.03,0.00,1.66,371,3,0,2.1,16.0,2026-05-24T15:00:00Z,90,False,14,0,0,0,5,0,38,0,126605,1,2,3,0,2.0,1,3072,6439,3367,45,True,0
Willy Boly,DEF,Nott'm Forest,0.0,0,0,0,0,0,0.0,0,514,0.00,0.00,0.00,0.00,377,0,0,0.0,0.0,2026-05-24T15:00:00Z,0,False,4,0,0,0,0,0,38,0,42331,0,0,1,1,0.0,0,-320,235,555,38,True,0
Yusuf Akhamrich,MID,Spurs,0.0,0,0,0,0,0,0.0,0,751,0.00,0.00,0.00,0.00,379,0,0,0.0,0.0,2026-05-24T15:00:00Z,0,False,9,0,0,0,0,0,38,0,557,0,0,0,1,0.0,0,-3,0,3,45,True,0
William Osula,FWD,Newcastle,6.5,0,0,9,0,0,0.1,2,500,0.00,0.00,0.00,1.22,374,1,0,0.3,1.0,2026-05-24T15:00:00Z,65,False,10,0,0,0,1,0,38,0,290681,1,1,0,2,2.0,2,139051,147146,8095,55,False,0
Luca Koleosho,MID,Burnley,0.0,0,0,0,0,0,0.0,0,208,0.00,0.00,0.00,0.00,372,0,0,0.0,0.0,2026-05-24T15:00:00Z,0,False,20,0,0,0,0,0,38,0,1366,0,0,1,1,0.0,0,-1,0,1,50,True,0
Omar Richards,DEF,Nott'm Forest,0.0,0,0,0,0,0,0.0,0,512,0.00,0.00,0.00,0.00,377,0,0,0.0,0.0,2026-05-24T15:00:00Z,0,False,4,0,0,0,0,0,38,0,2436,0,0,1,1,0.0,0,-4,0,4,45,True,0
Anthony Gordon,MID,Newcastle,0.0,0,0,0,0,0,0.0,0,485,0.00,0.00,0.00,0.00,374,0,0,0.0,0.0,2026-05-24T15:00:00Z,0,False,10,0,0,0,0,0,38,0,409424,0,0,0,2,0.0,0,-25661,7638,33299,72,False,0
Antoni Milambo,MID,Brentford,0.0,0,0,0,0,0,0.0,0,122,0.00,0.00,0.00,0.00,375,0,0,0.0,0.0,2026-05-24T15:00:00Z,0,False,12,0,0,0,0,0,38,0,3667,0,0,1,1,0.0,0,40,61,21,52,False,0
Pablo Felipe Pereira de Jesus,FWD,West Ham,1.2,0,0,5,0,0,26.6,1,785,0.12,0.35,0.23,1.06,380,0,0,4.6,6.6,2026-05-24T15:00:00Z,45,False,11,0,0,0,1,0,38,0,2532,1,0,0,3,13.0,1,268,496,228,54,True,0
Martín Zubimendi Ibáñez,MID,Arsenal,2.2,0,0,14,0,3,18.5,7,26,0.04,0.04,0.00,0.98,373,1,0,3.5,16.0,2026-05-24T15:00:00Z,90,False,8,0,0,0,3,0,38,0,356300,1,1,2,1,0.0,2,-13581,4052,17633,49,False,0
Jaidon Anthony,MID,Burnley,4.0,0,0,11,0,1,28.2,5,200,0.06,0.10,0.04,1.79,372,1,0,5.8,10.4,2026-05-24T15:00:00Z,84,False,20,0,0,0,4,0,38,0,315778,1,0,1,1,19.0,2,68456,72990,4534,50,True,0
Curtis Jones,MID,Liverpool,4.3,0,3,37,0,5,16.7,11,388,0.07,0.70,0.63,1.56,375,1,1,9.4,56.4,2026-05-24T15:00:00Z,90,False,5,0,0,0,5,0,38,0,14943,1,1,1,1,21.0,10,-11,305,316,54,True,0
Caoimhín Kelleher,GK,Brentford,4.3,0,2,26,0,3,0.0,0,101,0.00,0.00,0.00,3.04,375,1,0,5.5,54.8,2026-05-24T15:00:00Z,90,False,12,0,0,0,10,0,38,7,1557497,1,0,1,1,0.0,6,-47685,13700,61385,48,False,0
Bertrand Traoré,MID,Sunderland,0.0,0,0,0,0,0,0.0,0,735,0.00,0.00,0.00,0.00,378,0,0,0.0,0.0,2026-05-24T15:00:00Z,0,False,7,0,0,0,0,0,38,0,3998,0,0,1,2,0.0,0,48,130,82,55,True,0
Ollie Shield,DEF,Brentford,-0.5,0,0,0,0,0,0.0,0,819,0.00,0.00,0.00,0.00,375,0,0,0.0,0.0,2026-05-24T15:00:00Z,0,False,12,0,0,0,0,0,38,0,1247,0,0,1,1,0.0,0,9,42,33,40,False,0
James McAtee,MID,Nott'm Forest,2.0,0,0,2,0,0,3.1,3,426,0.00,0.00,0.00,0.14,377,0,0,0.5,0.2,2026-05-24T15:00:00Z,12,False,4,0,0,0,3,0,38,0,11907,0,0,1,1,2.0,1,-16,98,114,50,True,0
Guglielmo Vicario,GK,Spurs,0.0,0,0,0,0,0,0.0,0,565,0.00,0.00,0.00,0.00,379,0,0,0.0,0.0,2026-05-24T15:00:00Z,0,False,9,0,0,0,0,0,38,0,621491,0,0,0,1,0.0,0,1548,5504,3956,47,True,0
Jaydee Canvot,DEF,Crystal Palace,0.4,0,0,0,0,0,0.0,0,723,0.00,0.00,0.00,0.00,373,0,0,0.0,0.0,2026-05-24T15:00:00Z,0,False,1,0,0,0,0,0,38,0,63307,0,0,2,1,0.0,0,-6564,818,7382,45,True,0
Zach Marsh,FWD,Crystal Palace,-1.0,0,0,0,0,0,0.0,0,286,0.00,0.00,0.00,0.00,373,0,0,0.0,0.0,2026-05-24T15:00:00Z,0,False,1,0,0,0,0,0,38,0,40833,0,0,2,1,0.0,0,39,410,371,44,True,0
Joe Anderson,DEF,Sunderland,0.0,0,0,0,0,0,0.0,0,534,0.00,0.00,0.00,0.00,378,0,0,0.0,0.0,2026-05-24T15:00:00Z,0,False,7,0,0,0,0,0,38,0,37877,0,0,1,2,0.0,0,-290,0,290,38,True,0
Noussair Mazraoui,DEF,Man Utd,4.2,0,0,26,1,4,13.3,5,438,0.02,0.02,0.00,0.48,371,0,0,2.9,13.2,2026-05-24T15:00:00Z,73,False,6,0,0,0,4,0,38,0,33973,1,1,3,0,2.0,6,-993,756,1749,49,False,0
Cristian Romero,DEF,Spurs,0.0,0,0,0,0,0,0.0,0,569,0.00,0.00,0.00,0.00,379,0,0,0.0,0.0,2026-05-24T15:00:00Z,0,False,9,0,0,0,0,0,38,0,374493,0,0,0,1,0.0,0,-1903,118,2021,50,True,0
Václav Hladký,GK,Burnley,0.0,0,0,0,0,0,0.0,0,185,0.00,0.00,0.00,0.00,372,0,0,0.0,0.0,2026-05-24T15:00:00Z,0,False,20,0,0,0,0,0,38,0,19403,0,0,1,1,0.0,0,-127,128,255,39,True,0
Mads Roerslev Rasmussen,DEF,Brentford,0.0,0,0,0,0,0,0.0,0,112,0.00,0.00,0.00,0.00,375,0,0,0.0,0.0,2026-05-24T15:00:00Z,0,False,12,0,0,0,0,0,38,0,1830,0,0,1,1,0.0,0,-1,0,1,45,False,0
Diogo Dalot Teixeira,DEF,Man Utd,0.5,0,0,0,0,0,0.0,0,440,0.00,0.00,0.00,0.00,371,0,0,0.0,0.0,2026-05-24T15:00:00Z,0,False,6,0,0,0,0,0,38,0,494334,0,0,3,0,0.0,0,-16877,6769,23646,45,False,0
Justin Kluivert,MID,Bournemouth,0.2,0,0,2,0,0,0.7,1,81,0.01,0.08,0.07,0.51,377,0,0,0.8,0.2,2026-05-24T15:00:00Z,17,False,16,0,0,0,1,0,38,0,83462,0,0,1,1,7.0,1,4527,5124,597,69,False,0
Keane Lewis-Potter,DEF,Brentford,4.0,1,0,23,0,5,14.5,7,107,0.18,0.21,0.03,2.05,375,1,0,4.1,21.2,2026-05-24T15:00:00Z,88,False,12,0,0,0,6,0,38,0,197584,1,2,1,1,5.0,5,-12582,2725,15307,48,False,0
Kristoffer Ajer,DEF,Brentford,1.0,0,0,0,0,0,0.0,0,108,0.00,0.00,0.00,0.00,375,0,0,0.0,0.0,2026-05-24T15:00:00Z,0,False,12,0,0,0,0,0,38,0,25842,0,0,1,1,0.0,0,-591,160,751,44,False,0
Georginio Rutter,MID,Brighton,1.0,0,0,1,0,1,1.6,2,158,0.00,0.06,0.06,0.06,371,0,0,0.8,1.6,2026-05-24T15:00:00Z,16,False,14,0,0,0,1,0,38,0,43293,0,0,3,0,5.0,1,-1586,507,2093,56,True,0
Hwang Hee-chan,MID,Wolves,1.8,0,0,11,0,1,25.2,11,642,0.34,0.39,0.05,0.98,372,1,0,3.8,6.4,2026-05-24T15:00:00Z,90,False,3,0,0,0,9,0,38,0,17672,1,1,1,1,6.0,1,3381,3783,402,56,False,1
Ashley Phillips,DEF,Spurs,0.0,0,0,0,0,0,0.0,0,576,0.00,0.00,0.00,0.00,379,0,0,0.0,0.0,2026-05-24T15:00:00Z,0,False,9,0,0,0,0,0,38,0,1404,0,0,0,1,0.0,0,-3,0,3,40,True,0
Quilindschy Hartman,DEF,Burnley,0.2,0,0,0,0,0,0.0,0,192,0.00,0.00,0.00,0.00,372,0,0,0.0,0.0,2026-05-24T15:00:00Z,0,False,20,0,0,0,0,0,38,0,74474,0,0,1,1,0.0,0,111,1561,1450,40,True,0
George King,DEF,Crystal Palace,-1.0,0,0,0,0,0,0.0,0,793,0.00,0.00,0.00,0.00,373,0,0,0.0,0.0,2026-05-24T15:00:00Z,0,False,1,0,0,0,0,0,38,0,2995,0,0,2,1,0.0,0,6,102,96,40,True,0
Bruno Guimarães Rodriguez Moura,MID,Newcastle,4.2,0,0,8,0,0,3.9,4,488,0.05,0.07,0.02,1.22,374,1,0,1.5,2.4,2026-05-24T15:00:00Z,65,False,10,0,0,0,4,0,38,0,850581,1,0,0,2,9.0,1,43566,64729,21163,69,False,1
Eiran Cashin,DEF,Brighton,0.0,0,0,0,0,0,0.0,0,154,0.00,0.00,0.00,0.00,371,0,0,0.0,0.0,2026-05-24T15:00:00Z,0,False,14,0,0,0,0,0,38,0,581,0,0,3,0,0.0,0,-1,0,1,40,True,0
Nathan Patterson,DEF,Everton,0.2,0,0,0,0,0,0.0,0,296,0.00,0.00,0.00,0.00,379,0,0,0.0,0.0,2026-05-24T15:00:00Z,0,False,18,0,0,0,0,0,38,0,4443,0,0,0,1,0.0,0,-10,68,78,44,False,0
Tolu Arokodare,FWD,Wolves,1.2,0,0,1,0,2,0.3,2,720,0.00,0.19,0.19,0.42,372,0,0,1.3,5.0,2026-05-24T15:00:00Z,24,False,3,0,0,0,0,0,38,0,13872,0,0,1,1,8.0,1,-322,507,829,51,False,0
Andrew Moran,MID,Brighton,0.0,0,0,0,0,0,0.0,0,177,0.00,0.00,0.00,0.00,371,0,0,0.0,0.0,2026-05-24T15:00:00Z,0,False,14,0,0,0,0,0,38,0,1966,0,0,3,0,0.0,0,-3,0,3,45,True,0
Adrien Truffert,DEF,Bournemouth,6.5,1,1,25,0,2,39.7,9,74,0.11,0.11,0.00,1.73,377,1,0,9.6,44.2,2026-05-24T15:00:00Z,90,False,16,0,0,0,5,0,38,0,711836,1,7,1,1,12.0,6,91593,103582,11989,48,False,0
Enes Ünal,FWD,Bournemouth,1.0,0,0,6,0,1,0.8,1,98,0.00,0.07,0.07,0.51,377,0,0,1.7,5.0,2026-05-24T15:00:00Z,17,False,16,0,0,0,0,0,38,0,6469,0,0,1,1,11.0,1,147,287,140,54,False,0
Jack Whittaker,MID,Sunderland,0.0,0,0,0,0,0,0.0,0,821,0.00,0.00,0.00,0.00,378,0,0,0.0,0.0,2026-05-24T15:00:00Z,0,False,7,0,0,0,0,0,38,0,303,0,0,1,2,0.0,0,-22,40,62,45,True,0
Dário Luís Essugo,MID,Chelsea,0.0,0,0,0,0,0,0.0,0,247,0.00,0.00,0.00,0.00,378,0,0,0.0,0.0,2026-05-24T15:00:00Z,0,False,17,0,0,0,0,0,38,0,8753,0,0,1,2,0.0,0,284,567,283,43,False,0
Aaron Ramsdale,GK,Newcastle,0.0,0,0,0,0,0,0.0,0,674,0.00,0.00,0.00,0.00,374,0,0,0.0,0.0,2026-05-24T15:00:00Z,0,False,10,0,0,0,0,0,38,0,97965,0,0,0,2,0.0,0,-1391,753,2144,48,False,0
Moisés Caicedo Corozo,MID,Chelsea,2.0,0,0,12,0,3,14.3,6,241,0.05,0.09,0.04,1.77,378,2,0,3.3,11.2,2026-05-24T15:00:00Z,84,False,17,0,0,0,3,0,38,0,935243,1,0,1,2,7.0,2,-1842,4717,6559,57,False,0
Taiwo Awoniyi,FWD,Nott'm Forest,4.8,0,0,-5,0,0,0.1,1,527,0.00,0.17,0.17,0.16,377,0,0,0.5,0.0,2026-05-24T15:00:00Z,28,False,4,0,0,0,0,0,38,0,48353,0,1,1,1,7.0,0,492,3657,3165,52,True,1
Joél Drakes-Thomas,MID,Crystal Palace,-1.0,0,0,0,0,0,0.0,0,762,0.00,0.00,0.00,0.00,373,0,0,0.0,0.0,2026-05-24T15:00:00Z,0,False,1,0,0,0,0,0,38,0,804,0,0,2,1,0.0,0,-2,28,30,45,True,0
Conor Gallagher,MID,Spurs,4.0,0,0,13,1,1,15.1,8,796,0.02,0.20,0.18,0.16,379,0,0,3.2,6.6,2026-05-24T15:00:00Z,81,False,9,0,0,0,5,0,38,0,32430,1,2,0,1,10.0,3,4755,6997,2242,50,True,0
Niall Huggins,DEF,Sunderland,0.0,0,0,0,0,0,0.0,0,537,0.00,0.00,0.00,0.00,378,0,0,0.0,0.0,2026-05-24T15:00:00Z,0,False,7,0,0,0,0,0,38,0,8522,0,0,1,2,0.0,0,-26,0,26,40,True,0
Konstantinos Tsimikas,DEF,Liverpool,0.0,0,0,0,0,0,0.0,0,377,0.00,0.00,0.00,0.00,375,0,0,0.0,0.0,2026-05-24T15:00:00Z,0,False,5,0,0,0,0,0,38,0,6068,0,0,1,1,0.0,0,-3,0,3,48,True,0
Adam Smith,DEF,Bournemouth,4.8,0,0,12,0,5,4.3,6,73,0.01,0.01,0.00,1.73,377,1,0,1.7,12.6,2026-05-24T15:00:00Z,89,False,16,0,0,0,3,0,38,0,30305,1,1,1,1,0.0,2,4672,4941,269,44,False,0
Tyrone Mings,DEF,Aston Villa,0.7,0,0,13,0,10,0.8,11,40,0.00,0.00,0.00,1.34,376,1,0,2.7,26.4,2026-05-24T15:00:00Z,90,False,13,0,0,0,1,0,38,0,82071,1,1,2,1,0.0,4,-947,415,1362,43,False,0
Luke Shaw,DEF,Man Utd,5.0,0,0,23,1,4,1.8,6,443,0.00,0.03,0.03,0.56,371,0,0,1.2,9.4,2026-05-24T15:00:00Z,81,False,6,0,0,0,2,0,38,0,145514,1,2,3,0,1.0,6,11299,16740,5441,45,False,0
James Rowswell,DEF,Spurs,0.0,0,0,0,0,0,0.0,0,750,0.00,0.00,0.00,0.00,379,0,0,0.0,0.0,2026-05-24T15:00:00Z,0,False,9,0,0,0,0,0,38,0,4545,0,0,0,1,0.0,0,-2,38,40,40,True,0
Aaron Hickey,DEF,Brentford,0.5,0,0,2,0,1,0.8,2,116,0.00,0.00,0.00,1.25,375,0,0,0.4,3.2,2026-05-24T15:00:00Z,30,False,12,0,0,0,1,0,38,0,44325,0,1,1,1,0.0,1,-137,488,625,40,False,0
Sékou Koné,MID,Man Utd,0.0,0,0,0,0,0,0.0,0,463,0.00,0.00,0.00,0.00,371,0,0,0.0,0.0,2026-05-24T15:00:00Z,0,False,6,0,0,0,0,0,38,0,9955,0,0,3,0,0.0,0,-43,0,43,43,False,0
Ryan McAidoo,MID,Man City,0.5,0,0,0,0,0,0.0,0,742,0.00,0.00,0.00,0.00,376,0,0,0.0,0.0,2026-05-24T15:00:00Z,0,False,2,0,0,0,0,0,38,0,1612,0,0,2,1,0.0,0,19,33,14,45,True,0
Jordan Pickford,GK,Everton,1.8,0,0,8,0,3,0.0,0,287,0.03,0.03,0.00,1.15,379,1,0,1.6,15.6,2026-05-24T15:00:00Z,90,False,18,0,0,0,7,0,38,1,1696922,1,0,0,1,0.0,2,-12127,31115,43242,56,False,0
Enzo Barrenechea,MID,Aston Villa,0.0,0,0,0,0,0,0.0,0,56,0.00,0.00,0.00,0.00,376,0,0,0.0,0.0,2026-05-24T15:00:00Z,0,False,13,0,0,0,0,0,38,0,44,0,0,2,1,0.0,0,0,0,0,50,False,0
Pau Torres,DEF,Aston Villa,0.7,0,0,0,0,3,0.3,3,41,0.00,0.15,0.15,0.13,376,0,0,0.9,1.8,2026-05-24T15:00:00Z,17,False,13,0,0,0,0,0,38,0,39282,0,0,2,1,7.0,1,-126,397,523,43,False,0
Bart Verbruggen,GK,Brighton,3.0,0,0,12,0,1,0.0,0,139,0.00,0.00,0.00,1.66,371,3,0,3.9,38.8,2026-05-24T15:00:00Z,90,False,14,0,0,0,10,0,38,5,1216101,1,0,3,0,0.0,2,-27531,14958,42489,46,True,0
Tariq Lamptey,DEF,Brighton,0.0,0,0,0,0,0,0.0,0,150,0.00,0.00,0.00,0.00,371,0,0,0.0,0.0,2026-05-24T15:00:00Z,0,False,14,0,0,0,0,0,38,0,10456,0,0,3,0,0.0,0,-11,0,11,44,True,0
Ashley Barnes,FWD,Burnley,0.0,0,0,1,0,0,1.3,0,218,0.04,0.18,0.14,0.30,372,0,0,3.8,2.0,2026-05-24T15:00:00Z,5,False,20,0,0,0,0,0,38,0,161358,0,0,1,1,35.0,0,-989,1939,2928,42,True,1
Travis Patterson,DEF,Aston Villa,-0.5,0,0,0,0,0,0.0,0,710,0.00,0.00,0.00,0.00,376,0,0,0.0,0.0,2026-05-24T15:00:00Z,0,False,13,0,0,0,0,0,38,0,24991,0,0,2,1,0.0,0,-85,83,168,39,False,0
George Hemmings,MID,Aston Villa,-0.5,0,0,0,0,0,0.0,0,754,0.00,0.00,0.00,0.00,376,0,0,0.0,0.0,2026-05-24T15:00:00Z,0,False,13,0,0,0,0,0,38,0,1306,0,0,2,1,0.0,0,31,62,31,45,False,0
Sverre Nypan,MID,Man City,0.5,0,0,0,0,0,0.0,0,428,0.00,0.00,0.00,0.00,376,0,0,0.0,0.0,2026-05-24T15:00:00Z,0,False,2,0,0,0,0,0,38,0,2062,0,0,2,1,0.0,0,16,28,12,50,True,0
Josh Acheampong,DEF,Chelsea,0.8,0,0,3,0,0,0.1,0,233,0.00,0.02,0.02,0.07,378,0,0,0.5,0.8,2026-05-24T15:00:00Z,5,False,17,0,0,0,0,0,38,0,237091,0,0,1,2,4.0,1,9941,17679,7738,37,False,0
Igor Jesus Maciel da Cruz,FWD,Nott'm Forest,2.5,0,0,13,0,0,3.6,6,526,0.03,0.21,0.18,0.95,377,1,0,3.2,5.6,2026-05-24T15:00:00Z,90,False,4,0,0,0,5,0,38,0,307697,1,1,1,1,23.0,2,-6939,27309,34248,59,True,0
Illia Zabarnyi,DEF,Bournemouth,0.0,0,0,0,0,0,0.0,0,71,0.00,0.00,0.00,0.00,377,0,0,0.0,0.0,2026-05-24T15:00:00Z,0,False,16,0,0,0,0,0,38,0,2911,0,0,1,1,0.0,0,0,0,0,50,False,0
Julián Araujo Zúñiga,DEF,Bournemouth,0.0,0,0,0,0,0,0.0,0,78,0.00,0.00,0.00,0.00,377,0,0,0.0,0.0,2026-05-24T15:00:00Z,0,False,16,0,0,0,0,0,38,0,62756,0,0,1,1,0.0,0,-468,0,468,38,False,0
Milos Kerkez,DEF,Liverpool,1.5,0,0,4,0,2,0.4,2,371,0.00,0.03,0.03,0.44,375,0,0,0.6,3.4,2026-05-24T15:00:00Z,7,False,5,0,0,0,1,0,38,0,382177,0,0,1,1,2.0,1,-823,2799,3622,56,True,0
Lamare Bogarde,DEF,Aston Villa,0.5,0,0,5,0,3,1.4,3,44,0.00,0.00,0.00,1.22,376,1,0,0.5,3.2,2026-05-24T15:00:00Z,72,False,13,0,0,0,4,0,38,0,69830,1,0,2,1,0.0,2,-305,890,1195,40,False,0
Dermot Mee,GK,Man Utd,0.0,0,0,0,0,0,0.0,0,435,0.00,0.00,0.00,0.00,371,0,0,0.0,0.0,2026-05-24T15:00:00Z,0,False,6,0,0,0,0,0,38,0,12729,0,0,3,0,0.0,0,-21,86,107,39,False,0
Alisson Becker,GK,Liverpool,0.8,0,0,7,0,0,0.0,0,366,0.00,0.00,0.00,1.56,375,1,0,1.1,11.4,2026-05-24T15:00:00Z,90,False,5,0,0,0,8,0,38,1,671402,1,0,1,1,0.0,2,-3411,1779,5190,54,True,0
Fabian Schär,DEF,Newcastle,0.0,0,0,0,0,0,0.0,0,474,0.00,0.00,0.00,0.00,374,0,0,0.0,0.0,2026-05-24T15:00:00Z,0,False,10,0,0,0,0,0,38,0,146322,0,0,0,2,0.0,0,-346,83,429,52,False,0
Marc Cucurella Saseta,DEF,Chelsea,1.8,0,0,-1,0,0,1.9,2,224,0.01,0.01,0.00,1.84,378,2,0,0.7,5.0,2026-05-24T15:00:00Z,90,False,17,0,0,0,4,0,38,0,1915964,1,2,1,2,0.0,1,20245,33046,12801,61,False,0
Norberto Murara Neto,GK,Bournemouth,0.0,0,0,0,0,0,0.0,0,66,0.00,0.00,0.00,0.00,377,0,0,0.0,0.0,2026-05-24T15:00:00Z,0,False,16,0,0,0,0,0,38,0,7086,0,0,1,1,0.0,0,-17,0,17,45,False,0
Max Weiß,GK,Burnley,1.8,0,0,17,0,0,10.0,0,183,0.00,0.00,0.00,2.09,372,1,0,3.8,28.0,2026-05-24T15:00:00Z,90,False,20,0,0,0,8,0,38,3,28141,1,0,1,1,0.0,3,10340,11087,747,42,True,0
Amad Diallo,MID,Man Utd,3.2,1,1,30,1,2,17.7,10,452,0.79,0.95,0.16,0.79,371,0,0,8.5,28.8,2026-05-24T15:00:00Z,90,False,6,0,0,0,7,0,38,0,170364,1,1,3,0,38.0,7,-211,2899,3110,62,False,0
Jorge Cuenca Barreno,DEF,Fulham,0.0,0,0,0,0,3,0.1,3,321,0.00,0.00,0.00,0.11,374,0,0,0.5,5.0,2026-05-24T15:00:00Z,4,False,15,0,0,0,0,0,38,0,6940,0,0,0,2,0.0,0,-23,64,87,43,True,1
Oliver Sonne,DEF,Burnley,0.0,0,0,0,0,0,0.0,0,197,0.00,0.00,0.00,0.00,372,0,0,0.0,0.0,2026-05-24T15:00:00Z,0,False,20,0,0,0,0,0,38,0,21080,0,0,1,1,0.0,0,-318,0,318,38,True,0
Edson Álvarez Velázquez,MID,West Ham,0.0,0,0,0,0,0,0.0,0,616,0.00,0.00,0.00,0.00,380,0,0,0.0,0.0,2026-05-24T15:00:00Z,0,False,11,0,0,0,0,0,38,0,5906,0,0,0,3,0.0,0,-3,0,3,49,True,0
Yankuba Minteh,MID,Brighton,3.8,0,0,6,0,0,15.5,3,160,0.11,0.11,0.00,0.47,371,1,0,2.5,9.2,2026-05-24T15:00:00Z,45,False,14,0,0,0,0,0,38,0,326104,0,3,3,0,0.0,1,-3970,14410,18380,55,True,0
Eberechi Eze,MID,Arsenal,3.5,0,0,5,0,1,0.8,3,266,0.01,0.37,0.36,0.75,373,1,0,2.5,7.4,2026-05-24T15:00:00Z,15,False,8,0,0,0,1,0,38,0,1141706,0,1,2,1,17.0,1,-23246,15404,38650,73,False,0
Lewis Orford,MID,West Ham,0.0,0,0,0,0,0,0.0,0,622,0.00,0.00,0.00,0.00,380,0,0,0.0,0.0,2026-05-24T15:00:00Z,0,False,11,0,0,0,0,0,38,0,6696,0,0,0,3,0.0,0,-10,0,10,44,True,0
Simon Adingra,MID,Sunderland,0.0,0,0,0,0,0,0.0,0,543,0.00,0.00,0.00,0.00,378,0,0,0.0,0.0,2026-05-24T15:00:00Z,0,False,7,0,0,0,0,0,38,0,43719,0,0,1,2,0.0,0,-133,0,133,49,True,0
Alexander Isak,FWD,Liverpool,0.5,0,0,0,0,0,0.0,0,499,0.00,0.00,0.00,0.00,375,0,0,0.0,0.0,2026-05-24T15:00:00Z,0,False,5,0,0,0,0,0,38,0,491343,0,0,1,1,0.0,0,-17457,1915,19372,103,True,0
Dominic Solanke-Mitchell,FWD,Spurs,0.0,0,0,0,0,0,0.0,0,596,0.00,0.00,0.00,0.00,379,0,0,0.0,0.0,2026-05-24T15:00:00Z,0,False,9,0,0,0,0,0,38,0,144245,0,0,0,1,0.0,0,-201,4268,4469,71,True,0
Rodrigo Bentancur,MID,Spurs,3.5,0,0,16,1,4,2.6,14,585,0.01,0.01,0.00,0.16,379,0,0,1.5,12.2,2026-05-24T15:00:00Z,81,False,9,0,0,0,7,0,38,0,23467,1,3,0,1,0.0,5,1182,1486,304,52,True,0
Patrick Dorgu,DEF,Man Utd,5.2,1,3,50,1,0,22.2,1,441,0.06,0.41,0.35,0.38,371,0,1,13.7,59.8,2026-05-24T15:00:00Z,61,False,6,0,0,0,1,0,38,0,313605,1,1,3,0,55.0,18,-231,4572,4803,41,False,0
Ayden Heaven,DEF,Man Utd,0.2,0,0,0,0,0,0.0,0,447,0.00,0.00,0.00,0.00,371,0,0,0.0,0.0,2026-05-24T15:00:00Z,0,False,6,0,0,0,0,0,38,0,339260,0,0,3,0,0.0,0,-5164,15552,20716,37,False,0
James Tarkowski,DEF,Everton,5.2,0,0,3,0,9,0.5,10,291,0.00,0.06,0.06,1.15,379,1,0,3.2,23.4,2026-05-24T15:00:00Z,90,False,18,0,0,0,2,0,38,0,1651131,1,1,0,1,8.0,3,-5184,56442,61626,58,False,1
Facundo Buonanotte,MID,Leeds,0.2,0,0,4,0,1,14.3,1,168,0.18,0.20,0.02,0.65,380,2,0,2.4,7.2,2026-05-24T15:00:00Z,12,False,19,0,0,0,0,0,38,0,12148,0,0,0,3,2.0,1,65,295,230,46,False,0
Jack Moorhouse,MID,Man Utd,0.0,0,0,0,0,0,0.0,0,464,0.00,0.00,0.00,0.00,371,0,0,0.0,0.0,2026-05-24T15:00:00Z,0,False,6,0,0,0,0,0,38,0,2152,0,0,3,0,0.0,0,-1,0,1,45,False,0
Carlos Henrique Casimiro,MID,Man Utd,0.0,0,0,0,0,0,0.0,0,457,0.00,0.00,0.00,0.00,371,0,0,0.0,0.0,2026-05-24T15:00:00Z,0,False,6,0,0,0,0,0,38,0,483245,0,0,3,0,0.0,0,-213457,11460,224917,58,False,0
José Malheiro de Sá,GK,Wolves,2.2,0,2,25,0,2,0.0,0,628,0.00,0.00,0.00,0.98,372,1,0,4.5,44.8,2026-05-24T15:00:00Z,90,False,3,0,0,0,15,0,38,7,145367,1,1,1,1,0.0,6,6626,8135,1509,42,False,0
Callan McKenna,GK,Bournemouth,0.0,0,0,0,0,0,0.0,0,69,0.00,0.00,0.00,0.00,377,0,0,0.0,0.0,2026-05-24T15:00:00Z,0,False,16,0,0,0,0,0,38,0,30769,0,0,1,1,0.0,0,-304,175,479,39,False,0
Fábio Freitas Gouveia Carvalho,MID,Brentford,0.0,0,0,0,0,0,0.0,0,123,0.00,0.00,0.00,0.00,375,0,0,0.0,0.0,2026-05-24T15:00:00Z,0,False,12,0,0,0,0,0,38,0,13680,0,0,1,1,0.0,0,-13,35,48,46,False,0
Sean Neave,FWD,Newcastle,0.2,0,0,2,0,0,0.0,0,501,0.00,0.03,0.03,0.37,374,1,0,0.5,0.0,2026-05-24T15:00:00Z,13,False,10,0,0,0,0,0,38,0,33063,0,0,0,2,5.0,1,70,328,258,43,False,0
Luis Díaz Marulanda,MID,Liverpool,0.0,0,0,0,0,0,0.0,0,383,0.00,0.00,0.00,0.00,375,0,0,0.0,0.0,2026-05-24T15:00:00Z,0,False,5,0,0,0,0,0,38,0,5478,0,0,1,1,0.0,0,-5,0,5,80,True,0
Joe Hodge,MID,Wolves,0.0,0,0,0,0,0,0.0,0,653,0.00,0.00,0.00,0.00,372,0,0,0.0,0.0,2026-05-24T15:00:00Z,0,False,3,0,0,0,0,0,38,0,3189,0,0,1,1,0.0,0,-17,0,17,45,False,0
Sander Berge,MID,Fulham,1.0,0,0,16,1,2,34.8,6,330,0.03,0.03,0.00,0.31,374,0,0,5.4,15.0,2026-05-24T15:00:00Z,90,False,15,0,0,0,3,0,38,0,10329,1,1,0,2,4.0,3,-149,126,275,49,True,0
Tanaka Ao,MID,Leeds,4.0,0,0,14,0,2,6.3,12,358,0.01,0.01,0.00,1.97,380,1,0,1.8,11.4,2026-05-24T15:00:00Z,77,False,19,0,0,0,7,0,38,0,27475,1,3,0,3,0.0,4,-89,1124,1213,48,False,0
Carlos Miguel dos Santos Pereira,GK,Nott'm Forest,0.0,0,0,0,0,0,0.0,0,503,0.00,0.00,0.00,0.00,377,0,0,0.0,0.0,2026-05-24T15:00:00Z,0,False,4,0,0,0,0,0,38,0,7794,0,0,1,1,0.0,0,-28,0,28,40,True,0
Matty Cash,DEF,Aston Villa,1.3,0,0,4,0,1,10.7,1,36,0.01,0.01,0.00,0.15,376,0,0,2.1,8.0,2026-05-24T15:00:00Z,45,False,13,0,0,0,2,0,38,0,959217,0,0,2,1,2.0,1,-50433,4363,54796,46,False,0
Bendito Mantato,MID,Man Utd,0.0,0,0,0,0,0,0.0,0,769,0.00,0.00,0.00,0.00,371,0,0,0.0,0.0,2026-05-24T15:00:00Z,0,False,6,0,0,0,0,0,38,0,701,0,0,3,0,0.0,0,6,20,14,45,False,0
Bruno Borges Fernandes,MID,Man Utd,7.8,1,3,50,1,1,48.5,9,449,0.15,0.22,0.07,0.79,371,0,1,13.3,65.0,2026-05-24T15:00:00Z,90,False,6,0,0,0,6,0,38,0,6300201,1,2,3,0,19.0,14,47099,89976,42877,104,False,0
Stefanos Tzimas,FWD,Brighton,0.0,0,0,0,0,0,0.0,0,180,0.00,0.00,0.00,0.00,371,0,0,0.0,0.0,2026-05-24T15:00:00Z,0,False,14,0,0,0,0,0,38,0,9697,0,0,3,0,0.0,0,85,152,67,52,True,0
Daniel Bentley,GK,Wolves,1.0,0,0,0,0,0,0.0,0,629,0.00,0.00,0.00,0.00,372,0,0,0.0,0.0,2026-05-24T15:00:00Z,0,False,3,0,0,0,0,0,38,0,63932,0,0,1,1,0.0,0,-350,670,1020,39,False,0
Marcus Rashford,MID,Man Utd,0.0,0,0,0,0,0,0.0,0,451,0.00,0.00,0.00,0.00,371,0,0,0.0,0.0,2026-05-24T15:00:00Z,0,False,6,0,0,0,0,0,38,0,1922,0,0,3,0,0.0,0,-4,0,4,70,False,0
TJ Carroll,DEF,Aston Villa,-0.5,0,0,0,0,0,0.0,0,781,0.00,0.00,0.00,0.00,376,0,0,0.0,0.0,2026-05-24T15:00:00Z,0,False,13,0,0,0,0,0,38,0,2532,0,0,2,1,0.0,0,22,52,30,40,False,0
Rico Henry,DEF,Brentford,0.0,0,0,0,0,0,0.0,0,109,0.00,0.00,0.00,0.00,375,0,0,0.0,0.0,2026-05-24T15:00:00Z,0,False,12,0,0,0,0,0,38,0,15833,0,0,1,1,0.0,0,-195,46,241,43,False,0
Samuel Iling-Junior,MID,Aston Villa,0.0,0,0,0,0,0,0.0,0,51,0.00,0.00,0.00,0.00,376,0,0,0.0,0.0,2026-05-24T15:00:00Z,0,False,13,0,0,0,0,0,38,0,2411,0,0,2,1,0.0,0,-3,0,3,55,False,0
Abdallah Sima,MID,Brighton,0.0,0,0,0,0,0,0.0,0,165,0.00,0.00,0.00,0.00,371,0,0,0.0,0.0,2026-05-24T15:00:00Z,0,False,14,0,0,0,0,0,38,0,1417,0,0,3,0,0.0,0,0,0,0,54,True,0
Tosin Adarabioyo,DEF,Chelsea,0.0,0,0,0,0,0,0.0,0,232,0.00,0.00,0.00,0.00,378,0,0,0.0,0.0,2026-05-24T15:00:00Z,0,False,17,0,0,0,0,0,38,0,34400,0,0,1,2,0.0,0,116,434,318,40,False,0
Sam Greenwood,MID,Leeds,0.0,0,0,0,0,0,0.0,0,355,0.00,0.00,0.00,0.00,380,0,0,0.0,0.0,2026-05-24T15:00:00Z,0,False,19,0,0,0,0,0,38,0,4130,0,0,0,3,0.0,0,-7,0,7,49,False,0
Jarrad Branthwaite,DEF,Everton,0.0,0,0,0,0,0,0.0,0,290,0.00,0.00,0.00,0.00,379,0,0,0.0,0.0,2026-05-24T15:00:00Z,0,False,18,0,0,0,0,0,38,0,36742,0,0,0,1,0.0,0,-1494,128,1622,53,False,0
Ethan Pinnock,DEF,Brentford,-0.5,0,0,0,0,0,0.0,0,111,0.00,0.00,0.00,0.00,375,0,0,0.0,0.0,2026-05-24T15:00:00Z,0,False,12,0,0,0,0,0,38,0,16045,0,0,1,1,0.0,0,-187,128,315,42,False,0
Wellity Lucky,DEF,Liverpool,0.5,0,0,0,0,0,0.0,0,760,0.00,0.00,0.00,0.00,375,0,0,0.0,0.0,2026-05-24T15:00:00Z,0,False,5,0,0,0,0,0,38,0,2977,0,0,1,1,0.0,0,51,84,33,40,True,0
Alex Cairns,GK,Leeds,0.0,0,0,0,0,0,0.0,0,340,0.00,0.00,0.00,0.00,380,0,0,0.0,0.0,2026-05-24T15:00:00Z,0,False,19,0,0,0,0,0,38,0,18708,0,0,0,3,0.0,0,-190,80,270,39,False,0
Mateo Joseph Fernández-Regatillo,FWD,Leeds,0.0,0,0,0,0,0,0.0,0,364,0.00,0.00,0.00,0.00,380,0,0,0.0,0.0,2026-05-24T15:00:00Z,0,False,19,0,0,0,0,0,38,0,1235,0,0,0,3,0.0,0,-1,0,1,50,False,0
Kai Havertz,FWD,Arsenal,4.2,1,0,17,0,2,35.7,3,30,0.18,0.58,0.40,0.93,373,1,0,7.5,23.6,2026-05-24T15:00:00Z,45,False,8,0,0,0,0,0,38,0,90159,0,1,2,1,16.0,4,13708,17902,4194,73,False,0
Raúl Jiménez Rodríguez,FWD,Fulham,1.0,0,0,2,0,0,0.1,1,337,0.00,0.03,0.03,0.14,374,0,0,0.0,0.0,2026-05-24T15:00:00Z,18,False,15,0,0,0,0,0,38,0,236615,0,1,0,2,1.0,1,-14988,5966,20954,59,True,0
Brian Brobbey,FWD,Sunderland,3.8,1,0,10,0,1,1.0,2,730,0.01,0.92,0.91,0.81,378,1,0,4.0,0.0,2026-05-24T15:00:00Z,60,False,7,0,0,0,1,0,38,0,122522,1,0,1,2,40.0,5,-337,12803,13140,53,True,0
Evann Guessand,MID,Crystal Palace,-0.6,0,0,3,0,0,0.5,1,677,0.00,0.00,0.00,1.33,373,0,0,0.6,1.4,2026-05-24T15:00:00Z,28,False,1,0,0,0,1,0,38,0,5576,0,0,2,1,4.0,1,65,133,68,62,True,0
Kaye Furo,FWD,Brentford,-0.3,0,0,0,0,0,0.0,0,797,0.00,0.00,0.00,0.00,375,0,0,0.0,0.0,2026-05-24T15:00:00Z,0,False,12,0,0,0,0,0,38,0,2523,0,0,1,1,0.0,0,28,130,102,45,False,0
Antony dos Santos,MID,Man Utd,0.0,0,0,0,0,0,0.0,0,454,0.00,0.00,0.00,0.00,371,0,0,0.0,0.0,2026-05-24T15:00:00Z,0,False,6,0,0,0,0,0,38,0,7293,0,0,3,0,0.0,0,-2,0,2,59,False,0
Tyler Onyango,MID,Everton,0.0,0,0,0,0,0,0.0,0,704,0.00,0.00,0.00,0.00,379,0,0,0.0,0.0,2026-05-24T15:00:00Z,0,False,18,0,0,0,0,0,38,0,6297,0,0,0,1,0.0,0,-13,0,13,45,False,0
