assists,bonus,bps,clean_sheets,creativity,element_code,end_cost,expected_assists,expected_goal_involvements,expected_goals,expected_goals_conceded,goals_conceded,goals_scored,ict_index,influence,minutes,own_goals,penalties_missed,penalties_saved,red_cards,saves,season_name,start_cost,starts,threat,total_points,yellow_cards
0,6,97,6,0.0,60706,44,0.00000,0.00000,0.00000,0.00000,27,0,0.0,0.0,1800,0,0,0,0,87,2013/14,45,0,0.0,83,2
0,6,587,9,0.0,60706,52,0.00000,0.00000,0.00000,0.00000,47,0,0.0,0.0,3390,0,0,3,1,129,2014/15,50,0,0.0,142,3
0,9,609,9,0.0,60706,51,0.00000,0.00000,0.00000,0.00000,39,0,0.0,0.0,2880,0,0,2,1,101,2015/16,50,0,0.0,125,1
0,6,311,6,10.0,60706,46,0.00000,0.00000,0.00000,0.00000,25,0,37.7,367.8,1440,0,0,0,0,53,2016/17,50,0,0.0,64,1
0,5,374,6,0.0,60706,40,0.00000,0.00000,0.00000,0.00000,29,0,47.0,470.4,1710,0,0,0,0,69,2017/18,45,0,0.0,72,2
0,0,0,0,0.0,60706,42,0.00000,0.00000,0.00000,0.00000,0,0,0.0,0.0,0,0,0,0,0,0,2018/19,45,0,0.0,0,0
0,0,136,2,0.0,60706,40,0.00000,0.00000,0.00000,0.00000,10,0,13.2,131.4,873,0,0,0,0,18,2019/20,45,0,0.0,27,1
0,2,60,1,0.0,60706,42,0.00000,0.00000,0.00000,0.00000,9,0,5.9,59.6,270,0,0,0,0,10,2020/21,45,0,0.0,11,0
0,0,0,0,0.0,60706,43,0.00000,0.00000,0.00000,0.00000,0,0,0.0,0.0,0,0,0,0,0,0,2021/22,45,0,0.0,0,0
