assists,bonus,bps,clean_sheets,creativity,element_code,end_cost,expected_assists,expected_goal_involvements,expected_goals,expected_goals_conceded,goals_conceded,goals_scored,ict_index,influence,minutes,own_goals,penalties_missed,penalties_saved,red_cards,saves,season_name,start_cost,starts,threat,total_points,yellow_cards
0,0,0,0,0.0,61366,60,0.00000,0.00000,0.00000,0.00000,0,0,0.0,0.0,0,0,0,0,0,0,2012/13,60,0,0.0,0,0
1,0,9,1,0.0,61366,63,0.00000,0.00000,0.00000,0.00000,0,0,0.0,0.0,132,0,0,0,0,0,2013/14,70,0,0.0,7,1
10,13,551,8,0.0,61366,103,0.00000,0.00000,0.00000,0.00000,26,7,0.0,0.0,2002,0,0,0,0,0,2015/16,100,0,0.0,131,2
21,33,825,11,1702.0,61366,105,0.00000,0.00000,0.00000,0.00000,34,6,336.6,872.4,2877,0,1,0,0,0,2016/17,105,0,790.0,199,4
18,25,872,19,1744.2,61366,103,0.00000,0.00000,0.00000,0.00000,22,8,368.9,1146.6,3073,0,0,0,0,0,2017/18,100,0,797.0,209,2
3,8,268,6,562.3,61366,96,0.00000,0.00000,0.00000,0.00000,3,2,117.9,301.4,968,0,0,0,0,0,2018/19,100,0,317.0,59,2
23,35,988,18,1990.8,61366,106,0.00000,0.00000,0.00000,0.00000,22,13,432.1,1322.2,2790,0,0,0,0,0,2019/20,95,0,1005.0,251,3
12,19,566,12,1170.1,61366,118,0.00000,0.00000,0.00000,0.00000,17,6,284.7,760.8,1995,0,1,0,0,0,2020/21,115,0,914.0,141,1
8,33,732,13,1222.0,61366,121,0.00000,0.00000,0.00000,0.00000,22,15,311.0,1005.8,2196,0,0,0,0,0,2021/22,120,0,880.0,196,2
