assists,bonus,bps,clean_sheets,creativity,element_code,end_cost,expected_assists,expected_goal_involvements,expected_goals,expected_goals_conceded,goals_conceded,goals_scored,ict_index,influence,minutes,own_goals,penalties_missed,penalties_saved,red_cards,saves,season_name,start_cost,starts,threat,total_points,yellow_cards
2,13,293,1,0.0,173515,48,0.00000,0.00000,0.00000,0.00000,12,8,0.0,0.0,766,0,0,0,0,0,2015/16,50,0,0.0,80,1
3,6,180,1,193.7,173515,60,0.00000,0.00000,0.00000,0.00000,9,4,87.4,224.0,537,0,0,0,0,0,2016/17,70,0,463.0,52,0
4,5,171,1,185.6,173515,65,0.00000,0.00000,0.00000,0.00000,17,3,74.5,214.2,818,0,0,0,0,0,2017/18,70,0,350.0,54,2
5,3,160,1,209.4,173515,57,0.00000,0.00000,0.00000,0.00000,16,1,56.9,135.8,924,0,0,0,0,0,2018/19,60,0,230.0,58,2
4,7,204,3,204.2,173515,57,0.00000,0.00000,0.00000,0.00000,9,5,109.4,288.2,953,0,0,0,0,0,2019/20,60,0,603.0,64,1
2,18,424,5,413.9,173515,62,0.00000,0.00000,0.00000,0.00000,23,12,176.5,540.2,1452,0,1,0,0,0,2020/21,60,0,814.0,110,1
6,10,246,1,242.7,173515,70,0.00000,0.00000,0.00000,0.00000,25,4,92.2,292.0,1253,0,0,0,0,0,2021/22,75,0,390.0,80,1
