assists,bonus,bps,clean_sheets,creativity,element_code,end_cost,expected_assists,expected_goal_involvements,expected_goals,expected_goals_conceded,goals_conceded,goals_scored,ict_index,influence,minutes,own_goals,penalties_missed,penalties_saved,red_cards,saves,season_name,start_cost,starts,threat,total_points,yellow_cards
0,0,0,0,0.0,194164,40,0.00000,0.00000,0.00000,0.00000,0,0,0.0,0.0,0,0,0,0,0,0,2015/16,40,0,0.0,0,0
1,5,303,5,152.2,194164,41,0.00000,0.00000,0.00000,0.00000,18,0,52.3,286.8,1372,0,0,0,0,0,2016/17,45,0,83.0,54,2
0,0,214,4,93.9,194164,40,0.00000,0.00000,0.00000,0.00000,14,0,48.5,285.8,1183,0,0,0,0,0,2017/18,45,0,105.0,37,3
0,0,61,0,5.0,194164,43,0.00000,0.00000,0.00000,0.00000,9,0,9.9,92.2,407,0,0,0,0,0,2018/19,45,0,2.0,5,1
4,6,412,5,63.9,194164,42,0.00000,0.00000,0.00000,0.00000,34,0,68.3,465.4,2052,0,0,0,0,0,2019/20,45,0,152.0,71,5
0,4,426,9,126.0,194164,48,0.00000,0.00000,0.00000,0.00000,32,1,64.1,432.2,2286,0,0,0,0,0,2020/21,50,0,80.0,80,9
2,2,312,5,42.1,194164,42,0.00000,0.00000,0.00000,0.00000,42,2,59.3,431.2,2133,1,0,0,1,0,2021/22,45,0,120.0,62,7
