assists,bonus,bps,clean_sheets,creativity,element_code,end_cost,expected_assists,expected_goal_involvements,expected_goals,expected_goals_conceded,goals_conceded,goals_scored,ict_index,influence,minutes,own_goals,penalties_missed,penalties_saved,red_cards,saves,season_name,start_cost,starts,threat,total_points,yellow_cards
1,2,465,9,0.0,51927,45,0.00000,0.00000,0.00000,0.00000,44,2,0.0,0.0,2888,0,0,0,0,0,2014/15,45,0,0.0,93,10
2,6,592,9,93.7,51927,44,0.00000,0.00000,0.00000,0.00000,49,1,126.7,890.0,3015,2,0,0,0,0,2016/17,45,0,281.0,94,5
0,6,491,9,74.5,51927,49,0.00000,0.00000,0.00000,0.00000,27,0,117.3,748.6,2610,0,0,0,0,0,2017/18,45,0,349.0,90,5
2,5,572,8,113.8,51927,46,0.00000,0.00000,0.00000,0.00000,68,0,123.9,885.4,3420,2,0,0,0,0,2018/19,50,0,238.0,81,9
2,6,549,13,105.8,51927,49,0.00000,0.00000,0.00000,0.00000,45,1,112.9,658.8,2880,0,0,0,0,0,2019/20,50,0,362.0,110,7
0,7,500,10,71.6,51927,47,0.00000,0.00000,0.00000,0.00000,41,2,107.9,691.0,2693,0,0,0,0,0,2020/21,50,0,312.0,102,3
0,3,325,6,63.4,51927,46,0.00000,0.00000,0.00000,0.00000,25,3,76.6,463.8,1839,1,0,0,0,0,2021/22,50,0,238.0,74,3
