assists,bonus,bps,clean_sheets,creativity,element_code,end_cost,expected_assists,expected_goal_involvements,expected_goals,expected_goals_conceded,goals_conceded,goals_scored,ict_index,influence,minutes,own_goals,penalties_missed,penalties_saved,red_cards,saves,season_name,start_cost,starts,threat,total_points,yellow_cards
2,4,282,3,0.0,122798,42,0.00000,0.00000,0.00000,0.00000,27,0,0.0,0.0,1526,0,0,0,0,0,2014/15,45,0,0.0,45,7
2,4,488,5,352.8,122798,44,0.00000,0.00000,0.00000,0.00000,59,1,95.6,502.6,2736,0,0,0,0,0,2016/17,45,0,100.0,73,5
5,12,514,10,414.5,122798,50,0.00000,0.00000,0.00000,0.00000,18,1,101.3,424.0,1940,0,0,0,0,0,2017/18,50,0,174.0,111,2
12,29,906,21,767.2,122798,67,0.00000,0.00000,0.00000,0.00000,20,0,183.6,748.8,3216,0,0,0,0,0,2018/19,60,0,318.0,213,4
12,20,847,13,980.2,122798,70,0.00000,0.00000,0.00000,0.00000,31,2,221.7,845.8,3111,0,0,0,0,0,2019/20,70,0,389.0,181,2
8,19,834,12,1129.3,122798,73,0.00000,0.00000,0.00000,0.00000,42,1,224.5,754.4,3384,0,0,0,0,0,2020/21,70,0,359.0,161,2
11,23,770,17,900.7,122798,73,0.00000,0.00000,0.00000,0.00000,20,3,198.3,708.2,2537,0,0,0,1,0,2021/22,70,0,372.0,186,5
