assists,bonus,bps,clean_sheets,creativity,element_code,end_cost,expected_assists,expected_goal_involvements,expected_goals,expected_goals_conceded,goals_conceded,goals_scored,ict_index,influence,minutes,own_goals,penalties_missed,penalties_saved,red_cards,saves,season_name,start_cost,starts,threat,total_points,yellow_cards
3,2,288,4,93.8,203341,46,0.00000,0.00000,0.00000,0.00000,28,2,76.4,313.6,1521,0,0,0,0,0,2016/17,50,0,357.0,59,0
4,4,449,9,230.7,203341,49,0.00000,0.00000,0.00000,0.00000,45,0,117.2,640.4,2896,0,0,0,2,0,2017/18,50,0,299.0,78,6
0,4,571,9,342.4,203341,49,0.00000,0.00000,0.00000,0.00000,47,2,141.6,726.0,3295,0,0,0,0,0,2018/19,50,0,346.0,89,8
1,5,443,12,254.4,203341,50,0.00000,0.00000,0.00000,0.00000,32,2,107.2,611.6,2671,0,0,0,0,0,2019/20,50,0,205.0,85,6
4,11,430,7,234.5,203341,48,0.00000,0.00000,0.00000,0.00000,31,1,86.2,549.2,2175,0,0,0,0,0,2020/21,50,0,78.0,79,6
1,0,240,5,66.0,203341,48,0.00000,0.00000,0.00000,0.00000,26,0,57.0,322.0,1617,0,0,0,0,0,2021/22,50,0,179.0,41,4
