assists,bonus,bps,clean_sheets,creativity,element_code,end_cost,expected_assists,expected_goal_involvements,expected_goals,expected_goals_conceded,goals_conceded,goals_scored,ict_index,influence,minutes,own_goals,penalties_missed,penalties_saved,red_cards,saves,season_name,start_cost,starts,threat,total_points,yellow_cards
9,8,345,7,536.5,90105,46,0.00000,0.00000,0.00000,0.00000,32,3,120.7,338.4,1764,0,0,0,0,0,2016/17,50,0,332.0,100,3
3,13,390,2,646.6,90105,51,0.00000,0.00000,0.00000,0.00000,38,5,155.0,492.8,2003,0,0,0,0,0,2017/18,55,0,413.0,97,0
14,23,751,9,1382.4,90105,64,0.00000,0.00000,0.00000,0.00000,64,7,301.2,930.6,3165,0,0,0,0,0,2018/19,55,0,696.0,181,2
5,2,305,4,627.1,90105,68,0.00000,0.00000,0.00000,0.00000,34,1,141.9,355.6,2061,0,0,0,0,0,2019/20,75,0,440.0,73,2
4,0,154,4,395.0,90105,56,0.00000,0.00000,0.00000,0.00000,18,0,70.1,142.8,922,0,0,0,1,0,2020/21,60,0,165.0,39,0
5,8,263,5,428.1,90105,51,0.00000,0.00000,0.00000,0.00000,23,2,99.2,250.2,1459,0,0,0,0,0,2021/22,55,0,324.0,78,3
