assists,bonus,bps,clean_sheets,creativity,element_code,end_cost,expected_assists,expected_goal_involvements,expected_goals,expected_goals_conceded,goals_conceded,goals_scored,ict_index,influence,minutes,own_goals,penalties_missed,penalties_saved,red_cards,saves,season_name,start_cost,starts,threat,total_points,yellow_cards
8,13,386,10,402.5,194634,63,0.00000,0.00000,0.00000,0.00000,29,9,185.0,559.6,2352,0,0,0,0,0,2018/19,65,0,888.0,139,11
3,12,348,10,453.3,194634,60,0.00000,0.00000,0.00000,0.00000,28,7,204.9,457.8,2278,0,0,0,0,0,2019/20,65,0,1139.0,105,4
0,9,228,4,188.3,194634,69,0.00000,0.00000,0.00000,0.00000,15,9,125.7,387.4,1106,0,0,0,0,0,2020/21,65,0,680.0,86,2
7,8,483,14,538.2,194634,83,0.00000,0.00000,0.00000,0.00000,19,15,264.5,736.8,2357,0,0,0,0,0,2021/22,75,0,1379.0,175,3
