assists,bonus,bps,clean_sheets,creativity,element_code,end_cost,expected_assists,expected_goal_involvements,expected_goals,expected_goals_conceded,goals_conceded,goals_scored,ict_index,influence,minutes,own_goals,penalties_missed,penalties_saved,red_cards,saves,season_name,start_cost,starts,threat,total_points,yellow_cards
6,21,492,14,0.0,148225,78,0.00000,0.00000,0.00000,0.00000,29,11,0.0,0.0,2632,0,0,0,0,0,2015/16,80,0,0.0,141,2
6,9,302,9,399.1,148225,92,0.00000,0.00000,0.00000,0.00000,13,4,136.2,382.8,1553,0,0,0,0,0,2016/17,95,0,579.0,95,2
6,7,403,9,509.3,148225,78,0.00000,0.00000,0.00000,0.00000,13,9,179.5,535.4,1572,0,0,0,0,0,2017/18,80,0,748.0,125,1
4,13,389,5,503.3,148225,72,0.00000,0.00000,0.00000,0.00000,25,10,178.9,532.8,1613,0,0,0,0,0,2018/19,75,0,755.0,122,2
9,14,544,14,439.3,148225,85,0.00000,0.00000,0.00000,0.00000,27,17,259.4,855.6,2625,0,1,0,0,0,2019/20,75,0,1297.0,200,1
7,3,238,4,265.4,148225,86,0.00000,0.00000,0.00000,0.00000,23,4,126.8,297.6,1477,0,0,0,1,0,2020/21,90,0,709.0,75,0
0,2,40,0,17.5,148225,76,0.00000,0.00000,0.00000,0.00000,3,1,14.6,40.4,207,0,0,0,0,0,2021/22,80,0,91.0,14,0
