assists,bonus,bps,clean_sheets,creativity,element_code,end_cost,expected_assists,expected_goal_involvements,expected_goals,expected_goals_conceded,goals_conceded,goals_scored,ict_index,influence,minutes,own_goals,penalties_missed,penalties_saved,red_cards,saves,season_name,start_cost,starts,threat,total_points,yellow_cards
0,0,232,6,305.0,132015,42,0.00000,0.00000,0.00000,0.00000,16,0,74.1,222.0,1300,0,0,0,0,0,2016/17,45,0,216.0,38,2
0,0,261,3,258.4,132015,43,0.00000,0.00000,0.00000,0.00000,30,0,67.6,266.6,1666,0,0,0,0,0,2017/18,45,0,148.0,39,6
3,8,477,4,445.6,132015,44,0.00000,0.00000,0.00000,0.00000,59,4,148.8,616.0,2760,0,0,0,2,0,2018/19,45,0,421.0,90,7
3,1,412,7,469.0,132015,48,0.00000,0.00000,0.00000,0.00000,51,0,133.1,493.0,2750,0,0,0,0,0,2019/20,50,0,368.0,75,5
4,6,578,12,308.7,132015,49,0.00000,0.00000,0.00000,0.00000,45,2,118.4,728.8,3420,0,0,0,0,0,2020/21,50,0,146.0,107,9
3,6,616,16,439.2,132015,48,0.00000,0.00000,0.00000,0.00000,34,2,147.9,716.0,3196,0,0,0,0,0,2021/22,50,0,323.0,109,3
