assists,bonus,bps,clean_sheets,creativity,element_code,end_cost,expected_assists,expected_goal_involvements,expected_goals,expected_goals_conceded,goals_conceded,goals_scored,ict_index,influence,minutes,own_goals,penalties_missed,penalties_saved,red_cards,saves,season_name,start_cost,starts,threat,total_points,yellow_cards
0,2,0,1,0.0,78315,40,0.00000,0.00000,0.00000,0.00000,16,0,0.0,0.0,810,0,0,0,0,23,2012/13,40,0,0.0,22,0
0,0,5,0,0.0,78315,42,0.00000,0.00000,0.00000,0.00000,2,0,0.0,0.0,157,0,0,0,0,5,2013/14,45,0,0.0,5,0
0,0,105,3,0.0,78315,48,0.00000,0.00000,0.00000,0.00000,6,0,0.0,0.0,585,0,0,0,0,15,2014/15,50,0,0.0,26,1
0,3,239,3,0.0,78315,43,0.00000,0.00000,0.00000,0.00000,20,0,0.0,0.0,1170,0,0,0,0,45,2015/16,45,0,0.0,46,1
1,5,407,10,10.0,78315,47,0.00000,0.00000,0.00000,0.00000,20,0,44.9,439.2,1737,0,0,0,0,54,2016/17,50,0,0.0,89,2
0,0,0,0,0.0,78315,42,0.00000,0.00000,0.00000,0.00000,0,0,0.0,0.0,0,0,0,0,0,0,2017/18,45,0,0.0,0,0
