assists,bonus,bps,clean_sheets,creativity,element_code,end_cost,expected_assists,expected_goal_involvements,expected_goals,expected_goals_conceded,goals_conceded,goals_scored,ict_index,influence,minutes,own_goals,penalties_missed,penalties_saved,red_cards,saves,season_name,start_cost,starts,threat,total_points,yellow_cards
3,4,0,6,0.0,57328,41,0.00000,0.00000,0.00000,0.00000,53,1,0.0,0.0,3019,1,0,0,0,0,2012/13,40,0,0.0,89,2
5,10,121,10,0.0,57328,41,0.00000,0.00000,0.00000,0.00000,18,0,0.0,0.0,1862,0,0,0,0,0,2013/14,45,0,0.0,100,3
2,15,664,13,0.0,57328,59,0.00000,0.00000,0.00000,0.00000,32,2,0.0,0.0,3146,0,0,0,0,0,2014/15,50,0,0.0,142,4
0,2,567,10,0.0,57328,52,0.00000,0.00000,0.00000,0.00000,45,1,0.0,0.0,2970,0,0,0,0,0,2015/16,55,0,0.0,93,6
2,13,735,12,716.5,57328,59,0.00000,0.00000,0.00000,0.00000,41,0,152.4,512.0,3323,0,0,0,0,0,2016/17,55,0,294.0,129,0
0,0,25,1,23.8,57328,53,0.00000,0.00000,0.00000,0.00000,1,0,8.7,21.8,173,0,0,0,0,0,2017/18,55,0,41.0,7,1
1,0,201,3,100.2,57328,44,0.00000,0.00000,0.00000,0.00000,26,0,36.9,199.4,1250,0,0,0,0,0,2018/19,50,0,72.0,34,2
1,0,172,2,84.3,57328,45,0.00000,0.00000,0.00000,0.00000,22,0,27.2,150.8,1145,0,0,0,0,0,2020/21,45,0,34.0,28,2
1,4,264,6,99.1,57328,43,0.00000,0.00000,0.00000,0.00000,12,0,29.9,181.0,1351,0,0,0,0,0,2021/22,45,0,17.0,59,1
