assists,bonus,bps,clean_sheets,creativity,element_code,end_cost,expected_assists,expected_goal_involvements,expected_goals,expected_goals_conceded,goals_conceded,goals_scored,ict_index,influence,minutes,own_goals,penalties_missed,penalties_saved,red_cards,saves,season_name,start_cost,starts,threat,total_points,yellow_cards
0,0,100,2,21.5,173954,46,0.00000,0.00000,0.00000,0.00000,6,0,10.6,74.4,435,0,0,0,0,0,2017/18,50,0,12.0,23,0
0,0,0,0,0.0,173954,43,0.00000,0.00000,0.00000,0.00000,0,0,0.0,0.0,0,0,0,0,0,0,2018/19,45,0,0.0,0,0
0,0,116,0,47.1,173954,45,0.00000,0.00000,0.00000,0.00000,9,0,19.1,117.0,761,0,0,0,0,0,2019/20,45,0,27.0,22,0
0,4,249,4,160.4,173954,44,0.00000,0.00000,0.00000,0.00000,39,2,52.4,274.0,1810,0,0,0,0,0,2020/21,45,0,88.0,64,4
0,0,16,0,27.5,173954,47,0.00000,0.00000,0.00000,0.00000,5,0,4.0,11.2,116,0,0,0,0,0,2021/22,50,0,2.0,4,0
