assists,bonus,bps,clean_sheets,creativity,element_code,end_cost,expected_assists,expected_goal_involvements,expected_goals,expected_goals_conceded,goals_conceded,goals_scored,ict_index,influence,minutes,own_goals,penalties_missed,penalties_saved,red_cards,saves,season_name,start_cost,starts,threat,total_points,yellow_cards
0,3,165,4,0.0,103192,42,0.00000,0.00000,0.00000,0.00000,3,0,0.0,0.0,647,0,0,0,0,0,2014/15,50,0,0.0,40,0
1,7,412,8,0.0,103192,51,0.00000,0.00000,0.00000,0.00000,26,1,0.0,0.0,1918,0,0,0,0,0,2015/16,55,0,0.0,81,0
1,3,69,0,13.5,103192,53,0.00000,0.00000,0.00000,0.00000,8,0,7.8,60.6,250,0,0,0,0,0,2016/17,55,0,4.0,15,0
0,5,554,7,91.8,103192,54,0.00000,0.00000,0.00000,0.00000,50,1,114.4,814.2,2887,0,0,0,0,0,2017/18,55,0,235.0,87,1
2,12,543,10,83.7,103192,50,0.00000,0.00000,0.00000,0.00000,39,2,88.8,565.2,2613,0,0,0,1,0,2018/19,50,0,235.0,112,3
0,2,432,7,40.1,103192,47,0.00000,0.00000,0.00000,0.00000,37,0,71.7,518.0,2343,1,0,0,0,0,2019/20,50,0,162.0,62,6
0,6,481,9,72.6,103192,53,0.00000,0.00000,0.00000,0.00000,25,5,99.0,577.8,2027,0,0,0,0,0,2020/21,50,0,339.0,108,3
0,5,388,5,33.3,103192,54,0.00000,0.00000,0.00000,0.00000,29,1,67.2,506.0,2078,1,0,0,0,0,2021/22,55,0,131.0,66,1
