assists,bonus,bps,clean_sheets,creativity,element_code,end_cost,expected_assists,expected_goal_involvements,expected_goals,expected_goals_conceded,goals_conceded,goals_scored,ict_index,influence,minutes,own_goals,penalties_missed,penalties_saved,red_cards,saves,season_name,start_cost,starts,threat,total_points,yellow_cards
0,3,179,3,0.0,59735,39,0.00000,0.00000,0.00000,0.00000,11,0,0.0,0.0,810,0,0,1,0,23,2015/16,40,0,0.0,41,0
0,2,172,2,0.0,59735,43,0.00000,0.00000,0.00000,0.00000,15,0,25.9,258.8,900,1,0,0,0,35,2017/18,45,0,0.0,33,0
0,0,0,0,0.0,59735,44,0.00000,0.00000,0.00000,0.00000,0,0,0.0,0.0,0,0,0,0,0,0,2018/19,45,0,0.0,0,0
0,0,0,0,0.0,59735,43,0.00000,0.00000,0.00000,0.00000,0,0,0.0,0.0,0,0,0,0,0,0,2019/20,45,0,0.0,0,0
0,6,450,4,0.0,59735,49,0.00000,0.00000,0.00000,0.00000,43,0,68.3,682.4,2250,0,0,1,0,88,2020/21,50,0,0.0,80,3
0,3,110,0,0.0,59735,45,0.00000,0.00000,0.00000,0.00000,15,0,15.8,157.0,720,0,0,0,0,24,2021/22,45,0,0.0,20,1
