assists,bonus,bps,clean_sheets,creativity,element_code,end_cost,expected_assists,expected_goal_involvements,expected_goals,expected_goals_conceded,goals_conceded,goals_scored,ict_index,influence,minutes,own_goals,penalties_missed,penalties_saved,red_cards,saves,season_name,start_cost,starts,threat,total_points,yellow_cards
3,7,506,10,626.2,84450,52,0.00000,0.00000,0.00000,0.00000,32,2,130.8,488.8,2483,0,0,0,2,0,2016/17,55,0,193.0,85,5
8,3,593,12,822.8,84450,51,0.00000,0.00000,0.00000,0.00000,50,1,195.3,753.4,3259,0,0,0,0,0,2017/18,55,0,378.0,109,10
3,8,452,7,674.0,84450,52,0.00000,0.00000,0.00000,0.00000,37,4,152.6,634.6,2498,0,0,0,0,0,2018/19,55,0,215.0,90,10
2,2,408,10,298.5,84450,51,0.00000,0.00000,0.00000,0.00000,31,1,89.9,486.2,2586,0,0,0,0,0,2019/20,55,0,110.0,73,10
2,1,396,10,327.6,84450,52,0.00000,0.00000,0.00000,0.00000,27,1,94.0,456.0,2519,0,0,0,1,0,2020/21,55,0,154.0,70,7
2,3,334,6,522.9,84450,48,0.00000,0.00000,0.00000,0.00000,38,1,118.2,395.4,2327,0,0,0,1,0,2021/22,50,0,262.0,60,10
