assists,bonus,bps,clean_sheets,creativity,element_code,end_cost,expected_assists,expected_goal_involvements,expected_goals,expected_goals_conceded,goals_conceded,goals_scored,ict_index,influence,minutes,own_goals,penalties_missed,penalties_saved,red_cards,saves,season_name,start_cost,starts,threat,total_points,yellow_cards
8,24,635,10,1311.0,60307,59,0.00000,0.00000,0.00000,0.00000,46,7,257.6,735.4,2928,0,0,0,0,0,2017/18,55,0,527.0,164,2
3,12,347,3,815.3,60307,67,0.00000,0.00000,0.00000,0.00000,31,3,161.7,456.0,1864,0,1,0,0,0,2018/19,70,0,344.0,80,1
5,7,326,3,908.5,60307,62,0.00000,0.00000,0.00000,0.00000,32,2,161.6,388.2,1791,1,0,0,0,0,2019/20,65,0,323.0,76,4
8,11,525,10,1087.8,60307,58,0.00000,0.00000,0.00000,0.00000,28,3,212.3,620.4,2479,0,1,0,0,0,2020/21,60,0,415.0,116,3
5,7,405,8,961.8,60307,56,0.00000,0.00000,0.00000,0.00000,24,2,180.9,475.2,2033,0,1,0,0,0,2021/22,60,0,370.0,88,1
