assists,bonus,bps,clean_sheets,creativity,element_code,end_cost,expected_assists,expected_goal_involvements,expected_goals,expected_goals_conceded,goals_conceded,goals_scored,ict_index,influence,minutes,own_goals,penalties_missed,penalties_saved,red_cards,saves,season_name,start_cost,starts,threat,total_points,yellow_cards
0,0,0,0,0.0,172850,40,0.00000,0.00000,0.00000,0.00000,0,0,0.0,0.0,0,0,0,0,0,0,2015/16,40,0,0.0,0,0
0,0,136,1,48.4,172850,43,0.00000,0.00000,0.00000,0.00000,18,1,27.2,137.0,699,0,0,0,0,0,2016/17,45,0,88.0,19,2
2,4,381,6,332.1,172850,44,0.00000,0.00000,0.00000,0.00000,30,0,78.0,382.8,1848,0,0,0,1,0,2017/18,45,0,63.0,65,1
5,8,578,10,674.6,172850,50,0.00000,0.00000,0.00000,0.00000,43,0,170.0,721.0,3240,0,0,0,0,0,2018/19,50,0,298.0,118,4
3,8,501,9,545.4,172850,54,0.00000,0.00000,0.00000,0.00000,26,3,130.0,546.0,2374,0,0,0,0,0,2019/20,55,0,208.0,114,3
6,11,549,12,535.8,172850,59,0.00000,0.00000,0.00000,0.00000,23,3,148.5,545.0,2286,0,0,0,0,0,2020/21,55,0,408.0,139,3
1,5,161,4,161.1,172850,56,0.00000,0.00000,0.00000,0.00000,2,3,54.0,175.8,541,0,0,0,0,0,2021/22,60,0,202.0,55,0
