assists,bonus,bps,clean_sheets,creativity,element_code,end_cost,expected_assists,expected_goal_involvements,expected_goals,expected_goals_conceded,goals_conceded,goals_scored,ict_index,influence,minutes,own_goals,penalties_missed,penalties_saved,red_cards,saves,season_name,start_cost,starts,threat,total_points,yellow_cards
0,0,8,0,5.8,200089,45,0.00000,0.00000,0.00000,0.00000,2,0,1.8,8.2,81,0,0,0,0,0,2017/18,45,0,4.0,3,0
0,0,4,1,2.5,200089,45,0.00000,0.00000,0.00000,0.00000,1,0,2.7,1.0,63,0,0,0,0,0,2018/19,45,0,23.0,4,0
1,0,150,1,165.9,200089,47,0.00000,0.00000,0.00000,0.00000,16,1,55.2,176.8,838,0,0,0,0,0,2019/20,50,0,212.0,41,2
0,5,254,4,137.2,200089,49,0.00000,0.00000,0.00000,0.00000,18,8,97.3,436.6,1210,0,1,0,0,0,2020/21,50,0,401.0,79,1
3,3,248,6,243.2,200089,53,0.00000,0.00000,0.00000,0.00000,37,2,101.3,320.4,2037,0,0,0,0,0,2021/22,60,0,449.0,79,0
