assists,bonus,bps,clean_sheets,creativity,element_code,end_cost,expected_assists,expected_goal_involvements,expected_goals,expected_goals_conceded,goals_conceded,goals_scored,ict_index,influence,minutes,own_goals,penalties_missed,penalties_saved,red_cards,saves,season_name,start_cost,starts,threat,total_points,yellow_cards
4,20,439,8,0.0,84939,55,0.00000,0.00000,0.00000,0.00000,47,11,0.0,0.0,3025,0,0,0,0,0,2014/15,60,0,0.0,139,6
0,5,68,0,0.0,84939,69,0.00000,0.00000,0.00000,0.00000,7,2,0.0,0.0,340,0,0,0,0,0,2015/16,75,0,0.0,21,1
0,0,0,0,0.0,84939,54,0.00000,0.00000,0.00000,0.00000,0,0,0.0,0.0,0,0,0,0,0,0,2016/17,60,0,0.0,0,0
1,0,53,3,42.0,84939,54,0.00000,0.00000,0.00000,0.00000,0,1,24.0,57.8,262,0,0,0,0,0,2017/18,55,0,143.0,18,0
3,11,310,5,346.9,84939,54,0.00000,0.00000,0.00000,0.00000,27,7,158.4,433.8,1650,0,0,0,0,0,2018/19,55,0,808.0,90,1
2,40,736,6,458.3,84939,76,0.00000,0.00000,0.00000,0.00000,44,22,302.4,1010.0,2800,0,1,0,0,0,2019/20,60,0,1558.0,198,3
4,21,464,6,300.7,84939,84,0.00000,0.00000,0.00000,0.00000,40,12,178.4,634.6,2172,0,0,0,0,0,2020/21,85,0,866.0,131,1
6,12,344,10,210.9,84939,77,0.00000,0.00000,0.00000,0.00000,26,7,140.3,448.6,1891,0,0,0,0,0,2021/22,80,0,749.0,106,4
