assists,bonus,bps,clean_sheets,creativity,element_code,end_cost,expected_assists,expected_goal_involvements,expected_goals,expected_goals_conceded,goals_conceded,goals_scored,ict_index,influence,minutes,own_goals,penalties_missed,penalties_saved,red_cards,saves,season_name,start_cost,starts,threat,total_points,yellow_cards
0,11,548,10,0.0,57145,49,0.00000,0.00000,0.00000,0.00000,37,0,0.0,0.0,2475,0,0,0,0,0,2014/15,50,0,0.0,93,0
1,12,638,8,0.0,57145,48,0.00000,0.00000,0.00000,0.00000,44,1,0.0,0.0,2880,1,0,0,0,0,2015/16,50,0,0.0,98,3
1,4,435,6,38.2,57145,42,0.00000,0.00000,0.00000,0.00000,41,0,82.9,579.4,2430,0,0,0,0,0,2016/17,45,0,206.0,63,7
1,10,500,7,75.4,57145,45,0.00000,0.00000,0.00000,0.00000,44,1,100.0,736.0,2676,1,0,0,0,0,2017/18,45,0,187.0,85,5
2,5,277,3,63.7,57145,44,0.00000,0.00000,0.00000,0.00000,24,0,48.5,350.0,1482,0,0,0,0,0,2018/19,45,0,70.0,47,2
3,13,507,8,74.5,57145,46,0.00000,0.00000,0.00000,0.00000,42,2,103.7,741.0,2617,1,0,0,0,0,2019/20,45,0,223.0,102,8
0,6,376,5,91.3,57145,47,0.00000,0.00000,0.00000,0.00000,38,0,67.5,522.0,2080,1,0,0,0,0,2020/21,50,0,64.0,53,4
1,0,91,0,13.8,57145,43,0.00000,0.00000,0.00000,0.00000,12,0,21.2,129.4,521,0,0,0,0,0,2021/22,45,0,69.0,11,0
