assists,bonus,bps,clean_sheets,creativity,element_code,end_cost,expected_assists,expected_goal_involvements,expected_goals,expected_goals_conceded,goals_conceded,goals_scored,ict_index,influence,minutes,own_goals,penalties_missed,penalties_saved,red_cards,saves,season_name,start_cost,starts,threat,total_points,yellow_cards
0,0,16,1,19.1,195851,45,0.00000,0.00000,0.00000,0.00000,0,0,5.8,22.2,97,0,0,0,0,0,2016/17,45,0,17.0,3,1
0,0,96,4,53.6,195851,42,0.00000,0.00000,0.00000,0.00000,3,0,14.2,78.2,629,0,0,0,0,0,2017/18,45,0,11.0,21,2
0,4,152,1,33.1,195851,42,0.00000,0.00000,0.00000,0.00000,18,2,38.8,175.4,862,0,0,0,0,0,2018/19,45,0,180.0,38,1
2,6,310,3,238.4,195851,48,0.00000,0.00000,0.00000,0.00000,20,3,96.4,415.6,1765,0,0,0,0,0,2019/20,50,0,310.0,74,2
2,4,413,9,270.5,195851,49,0.00000,0.00000,0.00000,0.00000,25,4,110.9,523.2,2124,0,0,0,0,0,2020/21,50,0,314.0,91,3
2,2,346,8,325.1,195851,54,0.00000,0.00000,0.00000,0.00000,37,1,110.1,478.4,2386,0,0,0,0,0,2021/22,55,0,297.0,68,9
