assists,bonus,bps,clean_sheets,creativity,element_code,end_cost,expected_assists,expected_goal_involvements,expected_goals,expected_goals_conceded,goals_conceded,goals_scored,ict_index,influence,minutes,own_goals,penalties_missed,penalties_saved,red_cards,saves,season_name,start_cost,starts,threat,total_points,yellow_cards
0,0,32,0,20.2,169187,43,0.00000,0.00000,0.00000,0.00000,2,0,10.1,32.4,167,0,0,0,0,0,2016/17,45,0,48.0,8,0
2,10,385,8,399.2,169187,44,0.00000,0.00000,0.00000,0.00000,17,1,90.1,358.2,1573,0,0,0,0,0,2017/18,45,0,142.0,83,3
13,25,753,16,837.4,169187,58,0.00000,0.00000,0.00000,0.00000,14,1,184.7,734.4,2460,0,0,0,0,0,2018/19,50,0,276.0,185,3
15,24,904,14,1380.3,169187,77,0.00000,0.00000,0.00000,0.00000,32,4,282.8,1026.8,3173,0,0,0,0,0,2019/20,70,0,420.0,210,5
8,26,761,10,1238.8,169187,78,0.00000,0.00000,0.00000,0.00000,40,2,255.7,789.6,3029,0,0,0,0,0,2020/21,75,0,529.0,160,2
12,32,864,18,1449.1,169187,84,0.00000,0.00000,0.00000,0.00000,22,2,283.2,865.2,2853,0,0,0,0,0,2021/22,75,0,515.0,208,2
