assists,bonus,bps,clean_sheets,creativity,element_code,end_cost,expected_assists,expected_goal_involvements,expected_goals,expected_goals_conceded,goals_conceded,goals_scored,ict_index,influence,minutes,own_goals,penalties_missed,penalties_saved,red_cards,saves,season_name,start_cost,starts,threat,total_points,yellow_cards
0,0,9,0,0.0,105666,47,0.00000,0.00000,0.00000,0.00000,7,0,0.0,0.0,225,0,0,0,0,12,2013/14,50,0,0.0,5,0
0,0,63,2,0.0,105666,45,0.00000,0.00000,0.00000,0.00000,2,0,0.0,0.0,270,0,0,0,0,11,2014/15,45,0,0.0,15,0
1,14,620,10,0.0,105666,51,0.00000,0.00000,0.00000,0.00000,37,0,0.0,0.0,2790,0,0,0,0,102,2015/16,45,0,0.0,132,0
0,2,104,2,0.0,105666,45,0.00000,0.00000,0.00000,0.00000,8,0,12.2,121.8,450,0,0,0,0,17,2016/17,50,0,0.0,20,0
0,16,687,6,10.0,105666,50,0.00000,0.00000,0.00000,0.00000,61,0,102.5,1013.4,3150,1,0,0,0,145,2017/18,50,0,0.0,125,0
0,0,14,0,0.0,105666,45,0.00000,0.00000,0.00000,0.00000,2,0,1.7,16.6,90,0,0,0,0,3,2020/21,45,0,0.0,2,0
0,3,132,1,0.0,105666,44,0.00000,0.00000,0.00000,0.00000,13,0,15.7,155.0,765,0,0,1,0,17,2021/22,45,0,0.0,30,0
