assists,bonus,bps,clean_sheets,creativity,element_code,end_cost,expected_assists,expected_goal_involvements,expected_goals,expected_goals_conceded,goals_conceded,goals_scored,ict_index,influence,minutes,own_goals,penalties_missed,penalties_saved,red_cards,saves,season_name,start_cost,starts,threat,total_points,yellow_cards
2,9,335,6,236.5,80226,59,0.00000,0.00000,0.00000,0.00000,13,2,81.4,367.2,1427,0,0,0,1,0,2017/18,60,0,209.0,77,1
2,0,116,2,108.4,80226,57,0.00000,0.00000,0.00000,0.00000,9,0,30.5,151.6,562,0,0,0,0,0,2018/19,60,0,45.0,24,1
7,15,623,9,508.1,80226,51,0.00000,0.00000,0.00000,0.00000,33,1,141.6,655.2,2699,1,0,0,1,0,2019/20,50,0,252.0,124,2
3,4,370,6,267.6,80226,52,0.00000,0.00000,0.00000,0.00000,22,2,87.4,412.2,1605,0,0,0,0,0,2020/21,55,0,194.0,80,0
0,0,0,0,0.0,80226,49,0.00000,0.00000,0.00000,0.00000,0,0,0.0,0.0,0,0,0,0,0,0,2021/22,50,0,0.0,0,0
