assists,bonus,bps,clean_sheets,creativity,element_code,end_cost,expected_assists,expected_goal_involvements,expected_goals,expected_goals_conceded,goals_conceded,goals_scored,ict_index,influence,minutes,own_goals,penalties_missed,penalties_saved,red_cards,saves,season_name,start_cost,starts,threat,total_points,yellow_cards
1,0,145,5,0.0,153256,52,0.00000,0.00000,0.00000,0.00000,8,0,0.0,0.0,792,0,0,0,0,0,2015/16,55,0,0.0,25,3
1,0,133,3,108.6,153256,45,0.00000,0.00000,0.00000,0.00000,9,0,31.1,89.0,694,0,0,0,0,0,2016/17,50,0,116.0,26,1
1,0,156,3,194.4,153256,42,0.00000,0.00000,0.00000,0.00000,12,0,42.5,138.2,865,0,0,0,1,0,2017/18,45,0,92.0,22,3
0,0,59,0,76.7,153256,42,0.00000,0.00000,0.00000,0.00000,5,0,22.7,86.6,377,0,0,0,0,0,2018/19,45,0,63.0,10,0
0,0,0,0,0.0,153256,42,0.00000,0.00000,0.00000,0.00000,0,0,0.0,0.0,0,0,0,0,0,0,2019/20,45,0,0.0,0,0
0,3,258,5,99.9,153256,42,0.00000,0.00000,0.00000,0.00000,20,1,37.8,200.2,1538,0,0,0,0,0,2020/21,45,0,79.0,50,3
2,0,156,0,131.5,153256,44,0.00000,0.00000,0.00000,0.00000,17,0,34.4,163.2,801,0,0,0,0,0,2021/22,45,0,49.0,27,1
