assists,bonus,bps,clean_sheets,creativity,element_code,end_cost,expected_assists,expected_goal_involvements,expected_goals,expected_goals_conceded,goals_conceded,goals_scored,ict_index,influence,minutes,own_goals,penalties_missed,penalties_saved,red_cards,saves,season_name,start_cost,starts,threat,total_points,yellow_cards
2,2,156,5,0.0,153133,45,0.00000,0.00000,0.00000,0.00000,6,2,0.0,0.0,628,0,0,0,0,0,2015/16,45,0,0.0,42,0
5,8,352,9,467.8,153133,53,0.00000,0.00000,0.00000,0.00000,20,3,138.7,326.4,1456,0,0,0,0,0,2016/17,60,0,592.0,89,1
5,2,426,9,592.9,153133,51,0.00000,0.00000,0.00000,0.00000,26,3,165.6,430.0,1827,0,0,0,0,0,2017/18,55,0,635.0,89,1
8,3,382,4,596.7,153133,54,0.00000,0.00000,0.00000,0.00000,32,3,171.1,469.0,1961,0,0,0,0,0,2018/19,55,0,646.0,99,0
0,2,227,4,383.7,153133,56,0.00000,0.00000,0.00000,0.00000,30,1,95.9,246.4,1591,0,0,0,0,0,2019/20,60,0,329.0,52,0
3,1,256,5,263.1,153133,59,0.00000,0.00000,0.00000,0.00000,21,1,76.0,262.6,1530,0,0,0,0,0,2020/21,60,0,233.0,65,0
2,6,312,6,501.4,153133,58,0.00000,0.00000,0.00000,0.00000,38,2,122.7,370.0,2029,0,0,0,0,0,2021/22,60,0,357.0,78,1
