assists,bonus,bps,clean_sheets,creativity,element_code,end_cost,expected_assists,expected_goal_involvements,expected_goals,expected_goals_conceded,goals_conceded,goals_scored,ict_index,influence,minutes,own_goals,penalties_missed,penalties_saved,red_cards,saves,season_name,start_cost,starts,threat,total_points,yellow_cards
0,0,20,0,0.0,95658,41,0.00000,0.00000,0.00000,0.00000,3,0,0.0,0.0,94,0,0,0,0,0,2014/15,45,0,0.0,1,1
3,5,483,4,157.2,95658,44,0.00000,0.00000,0.00000,0.00000,53,2,130.6,707.6,2307,0,0,0,0,0,2016/17,45,0,439.0,71,5
4,10,716,9,254.3,95658,55,0.00000,0.00000,0.00000,0.00000,60,2,168.8,955.8,3420,0,0,0,0,0,2017/18,50,0,478.0,117,7
1,10,533,6,165.3,95658,54,0.00000,0.00000,0.00000,0.00000,41,3,134.3,715.8,2596,0,0,0,1,0,2018/19,55,0,462.0,92,6
0,5,681,13,214.6,95658,53,0.00000,0.00000,0.00000,0.00000,36,1,136.2,772.0,3420,0,0,0,0,0,2019/20,55,0,371.0,123,6
2,8,632,13,133.6,95658,55,0.00000,0.00000,0.00000,0.00000,36,2,126.3,701.4,3047,0,0,0,0,0,2020/21,55,0,428.0,124,11
0,4,451,7,77.2,95658,54,0.00000,0.00000,0.00000,0.00000,43,1,96.5,571.0,2513,1,0,0,1,0,2021/22,55,0,316.0,69,7
