assists,bonus,bps,clean_sheets,creativity,element_code,end_cost,expected_assists,expected_goal_involvements,expected_goals,expected_goals_conceded,goals_conceded,goals_scored,ict_index,influence,minutes,own_goals,penalties_missed,penalties_saved,red_cards,saves,season_name,start_cost,starts,threat,total_points,yellow_cards
0,0,0,0,0.0,54469,40,0.00000,0.00000,0.00000,0.00000,0,0,0.0,0.0,15,0,0,0,0,0,2011/12,40,0,0.0,1,0
0,0,0,0,0.0,54469,38,0.00000,0.00000,0.00000,0.00000,0,0,0.0,0.0,0,0,0,0,0,0,2012/13,40,0,0.0,0,0
0,11,495,6,0.0,54469,40,0.00000,0.00000,0.00000,0.00000,35,2,0.0,0.0,2100,0,0,0,0,0,2015/16,40,0,0.0,84,5
5,12,645,8,509.8,54469,46,0.00000,0.00000,0.00000,0.00000,61,1,132.1,566.6,3101,1,0,0,0,0,2016/17,45,0,242.0,104,6
3,3,376,2,345.5,54469,48,0.00000,0.00000,0.00000,0.00000,38,1,94.5,455.0,2067,0,0,0,0,0,2017/18,50,0,144.0,56,6
1,1,383,8,199.8,54469,43,0.00000,0.00000,0.00000,0.00000,33,1,68.5,374.0,2067,0,0,0,1,0,2018/19,45,0,110.0,70,5
1,3,309,4,183.0,54469,43,0.00000,0.00000,0.00000,0.00000,40,0,58.8,309.6,2055,0,0,0,0,0,2019/20,45,0,97.0,49,7
