assists,bonus,bps,clean_sheets,creativity,element_code,end_cost,expected_assists,expected_goal_involvements,expected_goals,expected_goals_conceded,goals_conceded,goals_scored,ict_index,influence,minutes,own_goals,penalties_missed,penalties_saved,red_cards,saves,season_name,start_cost,starts,threat,total_points,yellow_cards
4,13,593,9,0.0,55459,56,0.00000,0.00000,0.00000,0.00000,47,2,0.0,0.0,3420,0,0,0,0,0,2014/15,55,0,0.0,129,5
4,12,655,11,0.0,55459,58,0.00000,0.00000,0.00000,0.00000,50,2,0.0,0.0,3314,0,0,0,0,0,2015/16,55,0,0.0,133,1
2,1,334,5,284.7,55459,51,0.00000,0.00000,0.00000,0.00000,35,0,71.2,307.6,2115,0,0,0,1,0,2016/17,55,0,121.0,60,2
7,10,613,10,562.7,55459,49,0.00000,0.00000,0.00000,0.00000,60,1,145.0,690.2,3069,0,0,0,0,0,2017/18,50,0,193.0,118,7
1,0,257,1,290.9,55459,50,0.00000,0.00000,0.00000,0.00000,26,0,72.3,318.2,1588,0,0,0,0,0,2018/19,55,0,113.0,34,1
0,5,444,5,441.0,55459,45,0.00000,0.00000,0.00000,0.00000,51,3,115.9,535.4,2727,0,0,0,0,0,2019/20,50,0,180.0,79,7
11,21,730,11,898.6,55459,57,0.00000,0.00000,0.00000,0.00000,41,0,166.8,669.4,3170,0,0,0,0,0,2020/21,50,0,96.0,153,3
4,17,578,7,545.7,55459,54,0.00000,0.00000,0.00000,0.00000,38,2,132.4,589.2,2726,0,0,0,0,0,2021/22,55,0,187.0,115,3
