assists,bonus,bps,clean_sheets,creativity,element_code,end_cost,expected_assists,expected_goal_involvements,expected_goals,expected_goals_conceded,goals_conceded,goals_scored,ict_index,influence,minutes,own_goals,penalties_missed,penalties_saved,red_cards,saves,season_name,start_cost,starts,threat,total_points,yellow_cards
5,9,403,6,0.0,103025,49,0.00000,0.00000,0.00000,0.00000,31,4,0.0,0.0,2079,0,0,0,0,0,2014/15,50,0,0.0,102,0
11,38,842,18,0.0,103025,72,0.00000,0.00000,0.00000,0.00000,26,17,0.0,0.0,3036,0,2,0,0,0,2015/16,55,0,0.0,240,1
4,9,437,9,802.1,103025,89,0.00000,0.00000,0.00000,0.00000,48,6,227.8,573.0,2826,0,2,0,0,0,2016/17,95,0,898.0,120,4
13,19,682,9,924.0,103025,87,0.00000,0.00000,0.00000,0.00000,51,12,282.6,966.0,2948,0,0,0,0,0,2017/18,85,0,932.0,195,2
4,14,349,4,450.8,103025,82,0.00000,0.00000,0.00000,0.00000,9,7,164.1,459.4,1331,0,1,0,0,0,2018/19,90,0,731.0,102,0
14,17,668,10,885.8,103025,86,0.00000,0.00000,0.00000,0.00000,15,11,279.5,814.2,1934,0,0,0,0,0,2019/20,85,0,1094.0,175,0
8,15,505,11,693.6,103025,81,0.00000,0.00000,0.00000,0.00000,22,9,219.1,606.0,1945,0,0,0,0,0,2020/21,85,0,893.0,145,0
7,12,477,7,631.6,103025,86,0.00000,0.00000,0.00000,0.00000,14,11,208.7,616.8,1485,0,1,0,0,0,2021/22,90,0,842.0,135,0
