assists,bonus,bps,clean_sheets,creativity,element_code,end_cost,expected_assists,expected_goal_involvements,expected_goals,expected_goals_conceded,goals_conceded,goals_scored,ict_index,influence,minutes,own_goals,penalties_missed,penalties_saved,red_cards,saves,season_name,start_cost,starts,threat,total_points,yellow_cards
0,0,0,0,0.0,114283,45,0.00000,0.00000,0.00000,0.00000,0,0,0.0,0.0,0,0,0,0,0,0,2011/12,45,0,0.0,0,0
0,0,0,0,0.0,114283,43,0.00000,0.00000,0.00000,0.00000,0,0,0.0,0.0,0,0,0,0,0,0,2012/13,45,0,0.0,0,0
0,0,1,0,0.0,114283,45,0.00000,0.00000,0.00000,0.00000,2,0,0.0,0.0,3,0,0,0,0,0,2013/14,45,0,0.0,1,0
1,2,147,2,0.0,114283,43,0.00000,0.00000,0.00000,0.00000,18,0,0.0,0.0,822,0,0,0,0,0,2014/15,45,0,0.0,31,0
0,0,128,0,0.0,114283,52,0.00000,0.00000,0.00000,0.00000,26,1,0.0,0.0,833,0,0,0,0,0,2015/16,55,0,0.0,28,1
7,19,601,7,1209.2,114283,59,0.00000,0.00000,0.00000,0.00000,63,8,287.0,826.6,3233,0,1,0,0,0,2019/20,60,0,837.0,149,8
12,13,531,12,1029.6,114283,75,0.00000,0.00000,0.00000,0.00000,28,6,265.3,707.4,2183,0,0,0,0,0,2020/21,70,0,917.0,135,6
3,2,359,15,730.6,114283,75,0.00000,0.00000,0.00000,0.00000,8,3,204.8,394.4,1910,0,0,0,0,0,2021/22,80,0,923.0,86,3
