assists,bonus,bps,clean_sheets,creativity,element_code,end_cost,expected_assists,expected_goal_involvements,expected_goals,expected_goals_conceded,goals_conceded,goals_scored,ict_index,influence,minutes,own_goals,penalties_missed,penalties_saved,red_cards,saves,season_name,start_cost,starts,threat,total_points,yellow_cards
0,0,0,0,0.0,106611,43,0.00000,0.00000,0.00000,0.00000,0,0,0.0,0.0,0,0,0,0,0,0,2012/13,45,0,0.0,0,0
0,0,0,0,0.0,106611,40,0.00000,0.00000,0.00000,0.00000,0,0,0.0,0.0,0,0,0,0,0,0,2013/14,40,0,0.0,0,0
1,0,286,2,0.0,106611,42,0.00000,0.00000,0.00000,0.00000,27,0,0.0,0.0,1645,0,0,0,0,0,2014/15,45,0,0.0,40,1
1,10,619,10,96.7,106611,50,0.00000,0.00000,0.00000,0.00000,49,2,158.6,930.8,3150,0,0,0,0,0,2016/17,50,0,557.0,113,4
1,11,513,7,58.4,106611,53,0.00000,0.00000,0.00000,0.00000,46,0,88.7,703.4,2559,0,0,0,0,0,2017/18,55,0,124.0,81,3
2,15,642,13,101.2,106611,48,0.00000,0.00000,0.00000,0.00000,39,1,117.2,740.2,2970,0,0,0,0,0,2018/19,50,0,326.0,129,2
0,9,490,7,80.0,106611,52,0.00000,0.00000,0.00000,0.00000,42,2,95.2,666.4,2556,1,0,0,0,0,2019/20,55,0,204.0,90,3
1,13,649,11,87.8,106611,50,0.00000,0.00000,0.00000,0.00000,43,3,114.5,814.0,2989,0,0,0,0,0,2020/21,50,0,243.0,127,4
2,11,518,8,97.0,106611,46,0.00000,0.00000,0.00000,0.00000,54,3,102.7,697.0,2791,2,0,0,1,0,2021/22,50,0,231.0,102,2
