assists,bonus,bps,clean_sheets,creativity,element_code,end_cost,expected_assists,expected_goal_involvements,expected_goals,expected_goals_conceded,goals_conceded,goals_scored,ict_index,influence,minutes,own_goals,penalties_missed,penalties_saved,red_cards,saves,season_name,start_cost,starts,threat,total_points,yellow_cards
1,4,0,0,0.0,17601,50,0.00000,0.00000,0.00000,0.00000,55,0,0.0,0.0,3240,0,0,2,0,117,2006/07,50,0,0.0,139,1
2,1,0,0,0.0,17601,55,0.00000,0.00000,0.00000,0.00000,46,0,0.0,0.0,3125,0,0,1,1,82,2007/08,55,0,0.0,113,1
0,5,0,0,0.0,17601,44,0.00000,0.00000,0.00000,0.00000,64,0,0.0,0.0,3150,0,0,0,0,140,2008/09,50,0,0.0,110,3
0,1,0,2,0.0,17601,40,0.00000,0.00000,0.00000,0.00000,58,0,0.0,0.0,2880,1,0,0,0,94,2010/11,40,0,0.0,72,1
0,0,0,0,0.0,17601,40,0.00000,0.00000,0.00000,0.00000,0,0,0.0,0.0,0,0,0,0,0,0,2019/20,40,0,0.0,0,0
0,1,27,0,0.0,17601,39,0.00000,0.00000,0.00000,0.00000,3,0,3.7,37.4,90,0,0,1,0,2,2020/21,40,0,0.0,7,0
0,0,0,0,0.0,17601,39,0.00000,0.00000,0.00000,0.00000,0,0,0.0,0.0,0,0,0,0,0,0,2021/22,40,0,0.0,0,0
