assists,bonus,bps,clean_sheets,creativity,element_code,end_cost,expected_assists,expected_goal_involvements,expected_goals,expected_goals_conceded,goals_conceded,goals_scored,ict_index,influence,minutes,own_goals,penalties_missed,penalties_saved,red_cards,saves,season_name,start_cost,starts,threat,total_points,yellow_cards
12,17,556,10,0.0,108823,59,0.00000,0.00000,0.00000,0.00000,21,10,0.0,0.0,2471,0,0,0,0,0,2015/16,50,0,0.0,166,7
11,17,679,17,778.7,108823,91,0.00000,0.00000,0.00000,0.00000,22,18,301.7,969.6,3036,0,0,0,0,0,2016/17,85,0,1270.0,225,4
13,12,565,16,878.5,108823,90,0.00000,0.00000,0.00000,0.00000,28,9,258.8,775.2,2957,0,0,0,0,0,2017/18,95,0,934.0,175,7
4,8,356,8,436.6,108823,88,0.00000,0.00000,0.00000,0.00000,21,5,158.5,467.2,1822,0,0,0,0,0,2018/19,90,0,681.0,94,4
6,12,349,4,328.6,108823,83,0.00000,0.00000,0.00000,0.00000,25,8,148.9,531.2,1845,0,0,0,0,0,2019/20,85,0,627.0,117,2
2,0,101,3,132.1,108823,74,0.00000,0.00000,0.00000,0.00000,9,0,39.9,103.4,613,0,0,0,0,0,2020/21,80,0,165.0,30,0
0,1,103,3,142.6,108823,62,0.00000,0.00000,0.00000,0.00000,23,1,46.1,189.2,985,0,0,0,0,0,2021/22,65,0,129.0,35,4
