assists,bonus,bps,clean_sheets,creativity,element_code,end_cost,expected_assists,expected_goal_involvements,expected_goals,expected_goals_conceded,goals_conceded,goals_scored,ict_index,influence,minutes,own_goals,penalties_missed,penalties_saved,red_cards,saves,season_name,start_cost,starts,threat,total_points,yellow_cards
3,3,303,6,320.9,109345,48,0.00000,0.00000,0.00000,0.00000,29,1,99.8,357.4,1838,0,0,0,0,0,2017/18,50,0,316.0,74,3
6,5,342,6,684.5,109345,47,0.00000,0.00000,0.00000,0.00000,40,1,156.6,474.6,2459,0,0,0,0,0,2018/19,50,0,405.0,94,1
1,3,129,4,239.6,109345,46,0.00000,0.00000,0.00000,0.00000,15,0,70.4,189.4,1139,0,0,0,0,0,2019/20,50,0,274.0,38,2
2,6,283,7,414.3,109345,49,0.00000,0.00000,0.00000,0.00000,25,2,110.5,368.6,1670,0,0,0,0,0,2020/21,50,0,322.0,69,0
2,0,216,7,528.4,109345,53,0.00000,0.00000,0.00000,0.00000,23,0,109.7,278.4,1733,0,0,0,0,0,2021/22,55,0,291.0,61,1
