assists,bonus,bps,clean_sheets,creativity,element_code,end_cost,expected_assists,expected_goal_involvements,expected_goals,expected_goals_conceded,goals_conceded,goals_scored,ict_index,influence,minutes,own_goals,penalties_missed,penalties_saved,red_cards,saves,season_name,start_cost,starts,threat,total_points,yellow_cards
0,0,3,0,0.0,433154,45,0.00000,0.00000,0.00000,0.00000,0,0,0.0,0.0,1,0,0,0,0,0,2017/18,45,0,0.0,1,0
4,6,305,5,442.8,433154,44,0.00000,0.00000,0.00000,0.00000,25,3,112.5,405.2,1590,0,0,0,0,0,2018/19,45,0,279.0,75,2
7,6,529,16,931.4,433154,60,0.00000,0.00000,0.00000,0.00000,48,2,200.6,644.2,3339,0,0,0,0,0,2019/20,60,0,430.0,123,5
5,8,493,11,790.3,433154,57,0.00000,0.00000,0.00000,0.00000,50,2,166.3,591.8,3068,0,0,0,0,0,2020/21,60,0,277.0,113,1
1,1,440,9,754.3,433154,55,0.00000,0.00000,0.00000,0.00000,49,0,182.9,565.2,3104,0,0,0,0,0,2021/22,60,0,505.0,84,1
