assists,bonus,bps,clean_sheets,creativity,element_code,end_cost,expected_assists,expected_goal_involvements,expected_goals,expected_goals_conceded,goals_conceded,goals_scored,ict_index,influence,minutes,own_goals,penalties_missed,penalties_saved,red_cards,saves,season_name,start_cost,starts,threat,total_points,yellow_cards
0,0,0,0,0.0,89085,45,0.00000,0.00000,0.00000,0.00000,0,0,0.0,0.0,0,0,0,0,0,0,2011/12,45,0,0.0,0,0
0,0,0,0,0.0,89085,38,0.00000,0.00000,0.00000,0.00000,0,0,0.0,0.0,0,0,0,0,0,0,2012/13,40,0,0.0,0,0
0,0,12,0,0.0,89085,43,0.00000,0.00000,0.00000,0.00000,3,0,0.0,0.0,69,0,0,0,0,0,2014/15,45,0,0.0,3,1
1,0,54,0,51.1,89085,45,0.00000,0.00000,0.00000,0.00000,3,0,9.9,40.6,167,0,0,0,0,0,2016/17,45,0,7.0,12,2
0,0,40,3,26.5,89085,42,0.00000,0.00000,0.00000,0.00000,7,0,20.0,78.8,447,0,0,0,0,0,2017/18,45,0,95.0,13,1
0,0,42,0,20.2,89085,44,0.00000,0.00000,0.00000,0.00000,7,0,8.8,35.6,265,0,0,0,0,0,2018/19,45,0,31.0,10,2
1,2,142,2,130.3,89085,44,0.00000,0.00000,0.00000,0.00000,14,0,34.5,162.2,919,0,0,0,0,0,2019/20,45,0,55.0,36,1
0,0,0,0,0.0,89085,50,0.00000,0.00000,0.00000,0.00000,0,0,0.0,0.0,0,0,0,0,0,0,2021/22,50,0,0.0,0,0
