assists,bonus,bps,clean_sheets,creativity,element_code,end_cost,expected_assists,expected_goal_involvements,expected_goals,expected_goals_conceded,goals_conceded,goals_scored,ict_index,influence,minutes,own_goals,penalties_missed,penalties_saved,red_cards,saves,season_name,start_cost,starts,threat,total_points,yellow_cards
0,0,0,0,0.0,81012,50,0.00000,0.00000,0.00000,0.00000,0,0,0.0,0.0,0,0,0,0,0,0,2011/12,50,0,0.0,0,0
0,0,0,0,0.0,81012,45,0.00000,0.00000,0.00000,0.00000,0,0,0.0,0.0,0,0,0,0,0,0,2013/14,45,0,0.0,0,0
0,0,0,0,0.0,81012,40,0.00000,0.00000,0.00000,0.00000,0,0,0.0,0.0,0,0,0,0,0,0,2014/15,40,0,0.0,0,0
0,4,169,3,77.2,81012,45,0.00000,0.00000,0.00000,0.00000,16,1,42.0,254.8,1084,0,0,0,0,0,2018/19,50,0,85.0,38,5
3,7,423,7,333.7,81012,44,0.00000,0.00000,0.00000,0.00000,39,0,90.5,491.2,2235,0,0,0,0,0,2019/20,45,0,76.0,74,7
1,0,127,1,166.8,81012,42,0.00000,0.00000,0.00000,0.00000,9,1,41.9,155.2,564,0,0,0,0,0,2020/21,45,0,96.0,28,2
0,0,38,0,31.6,81012,44,0.00000,0.00000,0.00000,0.00000,6,0,6.6,29.6,303,0,0,0,0,0,2021/22,45,0,4.0,7,1
