assists,bonus,bps,clean_sheets,creativity,element_code,end_cost,expected_assists,expected_goal_involvements,expected_goals,expected_goals_conceded,goals_conceded,goals_scored,ict_index,influence,minutes,own_goals,penalties_missed,penalties_saved,red_cards,saves,season_name,start_cost,starts,threat,total_points,yellow_cards
0,13,329,4,0.0,80146,54,0.00000,0.00000,0.00000,0.00000,51,7,0.0,0.0,2349,0,0,0,1,0,2015/16,60,0,0.0,86,6
4,2,122,5,122.5,80146,50,0.00000,0.00000,0.00000,0.00000,7,1,47.9,141.0,867,0,0,0,0,0,2016/17,50,0,219.0,39,1
2,12,382,7,350.4,80146,54,0.00000,0.00000,0.00000,0.00000,49,7,185.8,562.2,2850,0,0,0,1,0,2017/18,50,0,944.0,108,2
3,2,114,5,207.3,80146,57,0.00000,0.00000,0.00000,0.00000,13,1,76.7,140.2,1176,0,0,0,0,0,2018/19,60,0,421.0,46,3
3,19,443,12,445.6,80146,51,0.00000,0.00000,0.00000,0.00000,45,9,192.4,597.4,3148,0,0,0,0,0,2019/20,50,0,885.0,132,6
4,2,216,6,238.6,80146,56,0.00000,0.00000,0.00000,0.00000,42,1,96.6,278.6,2086,0,0,0,0,0,2020/21,60,0,451.0,70,4
4,3,281,9,361.3,80146,58,0.00000,0.00000,0.00000,0.00000,31,3,120.1,349.2,2012,0,0,0,0,0,2021/22,60,0,491.0,77,2
