assists,bonus,bps,clean_sheets,creativity,element_code,end_cost,expected_assists,expected_goal_involvements,expected_goals,expected_goals_conceded,goals_conceded,goals_scored,ict_index,influence,minutes,own_goals,penalties_missed,penalties_saved,red_cards,saves,season_name,start_cost,starts,threat,total_points,yellow_cards
0,0,3,0,0.0,154043,44,0.00000,0.00000,0.00000,0.00000,0,0,0.0,0.0,1,0,0,0,0,0,2014/15,45,0,0.0,1,0
0,0,5,0,0.0,154043,45,0.00000,0.00000,0.00000,0.00000,0,0,0.2,2.2,2,0,0,0,0,0,2016/17,45,0,0.0,1,0
0,0,160,3,141.3,154043,45,0.00000,0.00000,0.00000,0.00000,16,0,37.8,168.4,908,0,0,0,0,0,2017/18,45,0,67.0,25,1
1,3,152,2,98.9,154043,44,0.00000,0.00000,0.00000,0.00000,20,1,44.8,224.2,983,0,0,0,1,0,2018/19,45,0,126.0,34,1
2,3,244,3,182.0,154043,45,0.00000,0.00000,0.00000,0.00000,22,0,53.6,301.8,1382,0,0,0,1,0,2019/20,50,0,58.0,41,4
2,1,273,6,128.9,154043,46,0.00000,0.00000,0.00000,0.00000,23,0,48.8,218.2,1714,0,0,0,0,0,2020/21,50,0,142.0,68,2
0,0,44,2,41.3,154043,52,0.00000,0.00000,0.00000,0.00000,4,0,9.3,42.6,263,0,0,0,0,0,2021/22,55,0,9.0,12,0
