season,code,web_name,position,team_name,total_points,now_cost_m,selected_by_percent,minutes,archetype_id,archetype_name,local_cluster,viz_x,viz_y,goals_scored,assists,expected_goals,expected_assists,expected_goal_involvements,clean_sheets,goals_conceded,expected_goals_conceded,saves,bonus,bps,yellow_cards,red_cards,influence,creativity,threat,ict_index,points_per_90,goals_per_90,assists_per_90,xg_per_90,xa_per_90,xgi_per_90
2023-24,58621,Walker,DEF,Man City,123,5.5,15.1,2766,-1,Unclassified,-1,6.845492,5.8163786,0,5,0.4,3.2,3.6,10,29,28.61,0,13,633,2,0,465.4,534.1,126.0,112.6,4.002169197396963,0.0,0.1626898047722342,0.0130151843817787,0.1041214750542299,0.1171366594360086
2023-24,79934,Norwood,MID,Sheffield Utd,42,4.8,0.0,1429,-1,Unclassified,-1,6.8850474,7.2363005,1,0,1.1,1.23,2.33,0,47,35.98,0,3,232,8,0,311.2,275.3,82.0,66.8,2.64520643806858,0.0629811056682995,0.0,0.0692792162351294,0.0774667599720084,0.1467459762071378
2023-24,80801,Gana,MID,Everton,73,4.8,0.1,1885,-1,Unclassified,-1,6.925346,6.6389294,4,0,1.25,0.82,2.07,7,25,29.41,0,10,337,8,0,406.8,237.1,154.0,79.7,3.485411140583554,0.1909814323607427,0.0,0.059681697612732,0.0391511936339522,0.0988328912466843
2023-24,82691,Baldock,DEF,Sheffield Utd,21,3.8,4.0,968,-1,Unclassified,-1,4.928969,7.5230117,0,2,0.03,0.63,0.66,0,21,22.11,0,2,117,4,0,173.6,102.6,21.0,29.6,1.9524793388429755,0.0,0.1859504132231405,0.0027892561983471,0.0585743801652892,0.0613636363636363
2023-24,95658,Maguire,DEF,Man Utd,73,4.3,1.3,1650,-1,Unclassified,-1,5.8799324,7.1202974,2,4,1.94,0.97,2.91,4,29,36.68,0,6,351,3,0,493.4,90.9,192.0,77.7,3.981818181818182,0.109090909090909,0.2181818181818181,0.1058181818181818,0.0529090909090909,0.1587272727272727
2023-24,96784,Clark,MID,Luton,44,4.8,0.0,1297,-1,Unclassified,-1,5.6687927,7.1772876,1,1,1.1,1.19,2.29,1,41,31.01,0,3,156,4,0,198.8,187.5,177.0,56.5,3.053199691595991,0.069390902081727,0.069390902081727,0.0763299922898997,0.0825751734772552,0.1589051657671549
2023-24,106468,Alex Moreno,DEF,Aston Villa,49,4.9,1.1,1024,-1,Unclassified,-1,4.7553964,7.6016726,2,0,1.11,0.98,2.09,3,20,18.5,0,5,211,2,0,217.8,156.9,152.0,52.7,4.306640625,0.17578125,0.0,0.09755859375,0.0861328125,0.18369140625
2023-24,126184,Aké,DEF,Man City,99,5.0,5.2,2039,-1,Unclassified,-1,6.3493657,5.8487916,2,3,2.47,1.14,3.61,6,20,21.14,0,6,483,0,0,447.2,197.7,249.0,89.7,4.369789112309956,0.0882785679254536,0.1324178518881804,0.1090240313879352,0.0503187837175085,0.1593428151054438
2023-24,156658,Burke,DEF,Luton,40,4.0,0.2,1659,-1,Unclassified,-1,6.1549587,7.2066464,0,4,1.86,0.92,2.78,1,37,36.53,0,2,260,5,0,406.4,172.4,131.0,70.9,2.16998191681736,0.0,0.2169981916817359,0.1009041591320072,0.0499095840867992,0.1508137432188065
2023-24,166477,Castagne,DEF,Fulham,105,4.5,1.6,2630,-1,Unclassified,-1,6.975405,5.9824786,1,3,1.29,2.06,3.35,9,40,41.07,0,7,510,3,0,494.4,295.0,229.0,102.1,3.593155893536122,0.0342205323193916,0.1026615969581749,0.0441444866920152,0.0704942965779467,0.1146387832699619
2023-24,171314,Rúben,DEF,Man City,88,5.5,7.2,2557,-1,Unclassified,-1,6.4923315,5.818425,0,0,1.38,1.93,3.31,9,28,25.12,0,3,513,0,0,578.4,208.5,225.0,101.5,3.097379741885022,0.0,0.0,0.0485725459522878,0.0679311693390692,0.116503715291357
2023-24,184029,Ødegaard,MID,Arsenal,186,8.6,18.0,3098,-1,Unclassified,-1,12.484863,7.013474,8,11,7.53,10.16,17.69,19,23,25.26,0,26,703,2,0,910.4,1499.4,757.0,317.0,5.40348612007747,0.2324080051646223,0.3195610071013557,0.2187540348612008,0.2951581665590703,0.5139122014202712
2023-24,184667,Lindelof,DEF,Man Utd,62,4.5,0.2,1328,-1,Unclassified,-1,4.7489896,6.025833,1,1,0.69,0.43,1.12,5,16,25.99,0,7,291,2,0,263.8,125.9,105.0,49.6,4.201807228915662,0.0677710843373494,0.0677710843373494,0.046762048192771,0.0291415662650602,0.0759036144578313
2023-24,191866,Ajer,DEF,Brentford,68,4.4,0.7,1826,-1,Unclassified,-1,6.3226595,7.29854,2,1,1.22,2.68,3.9,5,33,29.41,0,3,323,5,0,406.8,166.6,223.0,79.7,3.3515881708652797,0.0985761226725082,0.0492880613362541,0.06013143483023,0.132092004381161,0.192223439211391
2023-24,198869,White,DEF,Arsenal,182,6.1,23.3,2987,-1,Unclassified,-1,7.272718,5.5179286,4,5,1.27,3.66,4.93,18,26,24.95,0,14,776,8,0,765.8,589.4,234.0,159.0,5.483762972882491,0.1205222631402745,0.1506528289253431,0.0382658185470371,0.1102778707733511,0.1485436893203883
2023-24,204968,Yates,MID,Nott'm Forest,59,4.8,0.0,1979,-1,Unclassified,-1,6.131831,7.1586227,1,1,2.78,0.59,3.37,1,38,31.96,0,1,235,6,0,330.4,133.8,258.0,72.1,2.6831733198585144,0.045477513895907,0.045477513895907,0.1264274886306215,0.0268317331985851,0.1532592218292066
2023-24,206325,Zinchenko,DEF,Arsenal,104,5.0,5.1,1717,-1,Unclassified,-1,6.718179,5.7908483,1,2,0.6,2.65,3.25,9,15,12.33,0,16,468,2,0,395.4,474.8,133.0,100.4,5.451368666278393,0.052417006406523,0.104834012813046,0.0314502038439138,0.1389050669772859,0.1703552708211997
2023-24,222677,Chong,MID,Luton,78,4.4,0.2,1972,-1,Unclassified,-1,6.5468802,7.179489,4,2,2.7,1.33,4.03,0,51,47.8,0,3,222,4,0,303.6,206.3,310.0,81.6,3.559837728194726,0.1825557809330628,0.0912778904665314,0.1232251521298174,0.0606997971602434,0.1839249492900608
2023-24,224967,Mykolenko,DEF,Everton,101,4.5,2.6,2469,-1,Unclassified,-1,6.6995134,5.936048,2,1,1.49,1.07,2.56,9,37,39.97,0,9,452,1,0,517.4,239.8,211.0,96.8,3.681652490886999,0.0729040097205346,0.0364520048602673,0.0543134872417983,0.039003645200486,0.0933171324422843
2023-24,226597,Gabriel,DEF,Arsenal,149,5.4,28.3,3042,-1,Unclassified,-1,7.0366387,5.5753508,3,1,4.48,0.65,5.13,16,26,26.18,0,8,676,4,0,675.8,121.9,379.0,117.9,4.40828402366864,0.0887573964497041,0.029585798816568,0.1325443786982248,0.0192307692307692,0.151775147928994
2023-24,244954,Pau,DEF,Aston Villa,85,4.6,2.8,2462,-1,Unclassified,-1,6.368625,5.938903,2,0,0.96,0.71,1.67,6,37,40.0,0,4,461,1,0,479.4,150.6,135.0,76.6,3.107229894394801,0.0731112916328188,0.0,0.035093419983753,0.0259545085296506,0.0610479285134037
2023-24,441455,Vitinho,DEF,Burnley,60,4.4,0.2,2311,-1,Unclassified,-1,5.834756,6.4802327,0,3,1.7,1.13,2.82,2,44,45.62,0,2,259,1,0,305.4,200.8,228.0,73.0,2.336650800519256,0.0,0.1168325400259627,0.0662051060147122,0.0440069234097793,0.109822587624405
2023-24,444145,Martinelli,MID,Arsenal,118,7.5,4.2,2010,-1,Unclassified,-1,11.303319,7.825894,6,5,6.36,5.18,11.53,10,23,14.88,0,6,404,1,0,500.4,717.1,795.0,200.8,5.283582089552239,0.2686567164179104,0.2238805970149253,0.2847761194029851,0.2319402985074626,0.5162686567164179
2023-24,449871,Onana,MID,Everton,66,4.7,0.2,2085,-1,Unclassified,-1,6.7693696,6.8609834,2,0,2.22,1.39,3.61,5,38,36.94,0,5,304,5,0,354.0,282.7,254.0,89.5,2.848920863309353,0.0863309352517985,0.0,0.0958273381294964,0.06,0.1558273381294964
2023-24,462424,Saliba,DEF,Arsenal,164,5.9,39.1,3420,-1,Unclassified,-1,7.145348,5.4803452,2,1,1.7,0.9,2.6,18,29,28.32,0,13,781,4,0,697.2,152.1,140.0,99.1,4.315789473684211,0.0526315789473684,0.0263157894736842,0.0447368421052631,0.0236842105263157,0.0684210526315789
2023-24,476369,Kaboré,DEF,Luton,34,4.0,1.9,1727,-1,Unclassified,-1,6.8831024,7.287693,0,3,0.22,1.87,2.09,0,39,38.04,0,3,236,7,0,326.6,253.0,62.0,64.0,1.7718587145338738,0.0,0.1563404748118124,0.0114649681528662,0.097452229299363,0.1089171974522292
2023-24,477424,Gvardiol,DEF,Man City,123,5.2,18.1,2327,-1,Unclassified,-1,6.709611,5.7438354,4,2,3.14,2.09,5.23,9,23,23.88,0,12,549,3,0,544.4,362.2,389.0,129.7,4.757198109153417,0.1547056295659647,0.0773528147829823,0.1214439192092823,0.0808336914482165,0.2022776106574989
2023-24,493105,Garnacho,MID,Man Utd,131,5.0,9.8,2564,-1,Unclassified,-1,12.305671,8.046906,7,7,8.23,2.81,11.04,8,39,51.56,0,7,372,4,0,527.2,616.8,1103.0,224.3,4.598283931357254,0.2457098283931357,0.2457098283931357,0.2888845553822153,0.0986349453978159,0.3875195007800311
2023-24,513046,Danilo,MID,Nott'm Forest,65,5.3,0.1,1787,-1,Unclassified,-1,6.2237525,7.2786527,2,2,1.82,0.94,2.76,1,42,28.6,0,4,302,4,0,368.0,277.6,137.0,78.1,3.2736429770565194,0.1007274762171236,0.1007274762171236,0.0916620033575825,0.0473419138220481,0.1390039171796306
2023-24,516895,Mainoo,MID,Man Utd,77,4.4,0.9,1927,-1,Unclassified,-1,6.4638867,6.269313,3,1,0.87,1.35,2.22,7,31,42.97,0,8,327,3,0,413.4,256.7,134.0,80.6,3.59626362221069,0.1401141670991178,0.0467047223663725,0.0406331084587441,0.063051375194603,0.1036844836533471
2023-24,85971,Son,MID,Spurs,213,10.0,34.4,2934,0,Elite goalscorer,7,12.928414,7.102993,17,10,11.49,7.87,19.36,8,51,53.77,0,25,707,1,0,993.2,921.9,1131.0,304.7,6.533742331288344,0.5214723926380368,0.3067484662576687,0.3524539877300613,0.2414110429447852,0.5938650306748466
2023-24,118748,Salah,MID,Liverpool,211,13.4,24.0,2531,0,Elite goalscorer,7,13.099733,7.1327643,18,12,20.89,7.47,28.36,8,30,32.22,0,24,621,2,0,1033.8,892.2,1531.0,346.0,7.502963255630187,0.6400632161201106,0.4267088107467404,0.7428289213749507,0.2656262346898459,1.0084551560647963
2023-24,154566,Solanke,FWD,Bournemouth,175,6.9,17.8,3325,0,Elite goalscorer,7,13.208028,7.6555533,19,3,19.64,2.11,21.75,10,61,56.58,0,20,560,3,0,902.0,479.6,1348.0,272.7,4.7368421052631575,0.5142857142857142,0.081203007518797,0.531609022556391,0.0571127819548872,0.5887218045112782
2023-24,156700,Morris,FWD,Luton,146,4.7,4.3,2859,0,Elite goalscorer,7,13.027852,8.00049,11,6,11.53,1.52,13.05,3,72,67.19,0,18,451,4,0,620.2,305.6,908.0,183.4,4.59601259181532,0.3462749213011543,0.1888772298006296,0.3629590766002099,0.0478488982161594,0.4108079748163694
2023-24,178186,Bowen,MID,West Ham,182,7.6,12.1,3020,0,Elite goalscorer,7,13.146156,7.7796946,16,6,11.96,4.9,16.86,5,63,62.39,0,14,519,2,0,890.4,463.8,1130.0,247.8,5.4238410596026485,0.4768211920529801,0.1788079470198675,0.3564238410596027,0.1460264900662251,0.5024503311258277
2023-24,178301,Watkins,FWD,Aston Villa,228,8.9,35.9,3222,0,Elite goalscorer,7,13.07008,7.120787,19,18,16.74,4.02,20.76,7,56,55.05,0,29,752,4,0,1024.6,588.5,1420.0,302.8,6.368715083798882,0.5307262569832402,0.5027932960893855,0.4675977653631284,0.112290502793296,0.5798882681564246
2023-24,209244,Foden,MID,Man City,230,8.5,43.3,2860,0,Elite goalscorer,7,12.94354,7.060915,19,8,10.17,6.95,17.12,14,27,28.51,0,31,866,2,0,1154.8,1157.8,1172.0,348.8,7.237762237762237,0.5979020979020979,0.2517482517482518,0.320034965034965,0.2187062937062937,0.5387412587412588
2023-24,216646,Wissa,FWD,Brentford,131,5.7,5.1,2488,0,Elite goalscorer,7,12.85801,8.180319,12,4,10.54,1.82,12.36,11,40,37.55,0,15,457,7,0,592.8,384.0,769.0,173.2,4.738745980707396,0.4340836012861737,0.1446945337620578,0.3812700964630225,0.0658360128617363,0.4471061093247588
2023-24,219168,Isak,FWD,Newcastle,172,8.4,41.0,2253,0,Elite goalscorer,7,13.291183,7.4675674,21,4,20.22,2.68,22.9,7,41,43.41,0,23,645,1,0,877.4,362.5,1054.0,229.3,6.870838881491345,0.8388814913448736,0.1597869507323568,0.8077230359520639,0.1070572569906791,0.914780292942743
2023-24,219847,Havertz,MID,Arsenal,180,7.6,11.9,2627,0,Elite goalscorer,7,12.985739,7.6030846,13,10,12.36,3.88,16.23,16,22,21.03,0,15,515,11,0,763.2,613.4,1027.0,240.2,6.166730110392082,0.445374952417206,0.3425961172440045,0.4234488009135896,0.1329272934906737,0.5560334982870194
2023-24,223094,Haaland,FWD,Man City,217,14.3,73.6,2553,0,Elite goalscorer,7,13.229802,7.343309,27,8,29.57,2.18,31.75,11,25,25.65,0,29,792,1,0,1094.6,367.2,1581.0,303.3,7.649823736780258,0.9518213866039954,0.282021151586369,1.0424206815511163,0.0768507638072855,1.1192714453584018
2023-24,223340,Saka,MID,Arsenal,226,8.8,49.2,2922,0,Elite goalscorer,7,12.935075,6.9868135,16,12,15.4,10.9,26.29,16,27,25.66,0,29,776,4,0,1093.8,1319.8,1342.0,375.7,6.960985626283367,0.4928131416837782,0.3696098562628337,0.4743326488706366,0.3357289527720739,0.8097535934291582
2023-24,231747,Mateta,FWD,Crystal Palace,165,5.1,7.3,2274,0,Elite goalscorer,7,13.048942,8.046841,16,7,10.84,1.3,12.14,8,44,40.46,0,22,563,3,0,775.0,404.0,741.0,191.9,6.530343007915567,0.633245382585752,0.2770448548812665,0.429023746701847,0.0514511873350923,0.4804749340369393
2023-24,244851,Palmer,MID,Chelsea,244,6.3,51.3,2617,0,Elite goalscorer,7,13.077085,7.0634885,22,13,17.35,8.17,25.52,7,46,45.48,0,32,844,7,0,1240.2,1022.5,1016.0,327.8,8.391287734046617,0.7565915170042032,0.4470768055024837,0.5966755827283149,0.280970576996561,0.8776461597248757
2023-24,430871,Cunha,FWD,Wolves,135,5.5,2.4,2438,0,Elite goalscorer,7,12.966523,7.8810725,12,7,9.49,2.97,12.46,6,46,48.51,0,15,520,9,0,786.0,409.8,872.0,206.4,4.983593109105825,0.4429860541427399,0.258408531583265,0.3503281378178835,0.1096390484003281,0.4599671862182117
2023-24,447203,Darwin,FWD,Liverpool,132,7.5,11.7,2033,0,Elite goalscorer,7,12.844764,7.5372963,11,11,16.23,4.37,20.6,6,25,25.33,0,9,397,9,0,660.8,439.1,1223.0,232.4,5.8435809149040825,0.4869650762420069,0.4869650762420069,0.7184948352188884,0.1934579439252336,0.911952779144122
2023-24,461358,J.Alvarez,FWD,Man City,158,6.4,15.4,2644,0,Elite goalscorer,7,12.689431,7.2994037,11,11,13.07,6.28,19.35,12,24,25.52,0,17,662,2,0,737.0,1005.2,992.0,273.3,5.37821482602118,0.3744326777609682,0.3744326777609682,0.4448940998487141,0.2137670196671709,0.658661119515885
2023-24,517052,N.Jackson,FWD,Chelsea,142,7.0,17.9,2801,0,Elite goalscorer,7,13.097004,7.675402,14,6,18.14,3.0,21.14,9,48,47.46,0,12,479,10,0,783.8,501.7,1098.0,237.7,4.562656194216351,0.4498393430917529,0.1927882898964655,0.5828632631203142,0.0963941449482327,0.679257408068547
2023-24,47431,Willian,MID,Fulham,94,5.3,0.4,2048,1,Premium attacker,4,10.852114,7.8637643,4,3,5.09,4.68,9.77,9,28,35.26,0,6,390,1,0,416.4,701.3,439.0,155.5,4.130859375,0.17578125,0.1318359375,0.2236816406249999,0.2056640625,0.429345703125
2023-24,50175,Welbeck,FWD,Brighton,79,5.7,1.0,1687,1,Premium attacker,4,11.937503,9.44964,5,4,5.09,1.46,6.55,8,28,27.78,0,5,261,4,0,326.2,320.9,492.0,114.0,4.214582098399526,0.2667457024303497,0.2133965619442797,0.271547125074096,0.0778897451096621,0.3494368701837581
2023-24,57531,Antonio,FWD,West Ham,78,5.7,1.9,1692,1,Premium attacker,4,11.932052,9.542805,6,2,5.45,1.28,6.72,5,34,35.84,0,8,228,6,0,308.6,132.2,395.0,82.7,4.148936170212766,0.3191489361702128,0.1063829787234042,0.2898936170212766,0.0680851063829787,0.3574468085106383
2023-24,60689,Wood,FWD,Nott'm Forest,131,4.7,1.7,1801,1,Premium attacker,4,12.8687725,8.629946,14,1,11.71,0.92,12.63,2,34,27.19,0,22,456,0,0,598.2,281.1,795.0,167.4,6.54636313159356,0.6996113270405331,0.0499722376457523,0.5851749028317602,0.0459744586340921,0.6311493614658523
2023-24,75115,Wilson,FWD,Newcastle,69,7.8,3.0,981,1,Premium attacker,4,12.7497,9.1525,9,1,8.96,0.54,9.5,6,15,13.12,0,4,246,3,0,366.2,110.3,563.0,103.2,6.330275229357798,0.8256880733944955,0.091743119266055,0.8220183486238533,0.0495412844036697,0.8715596330275229
2023-24,96994,De Cordova-Reid,MID,Fulham,92,5.2,0.1,1410,1,Premium attacker,4,12.268775,9.62224,6,3,4.55,1.12,5.67,3,29,28.79,0,7,290,4,0,330.6,255.3,325.0,90.0,5.872340425531915,0.3829787234042553,0.1914893617021276,0.2904255319148935,0.0714893617021276,0.3619148936170213
2023-24,115382,Maupay,FWD,Brentford,76,4.9,0.9,1417,1,Premium attacker,4,12.122167,9.530226,6,3,6.89,1.99,8.88,4,37,26.36,0,6,248,8,0,325.8,242.5,568.0,112.6,4.827099505998589,0.3810868031051517,0.1905434015525758,0.4376146788990825,0.126393789696542,0.5640084685956246
2023-24,116216,Trossard,MID,Arsenal,138,6.6,3.6,1633,1,Premium attacker,4,12.824282,8.622576,12,2,8.29,2.96,11.25,12,10,13.46,0,11,398,2,0,563.6,384.7,746.0,169.5,7.605633802816901,0.6613594611145132,0.1102265768524188,0.4568891610532761,0.1631353337415799,0.6200244947948561
2023-24,121599,A.Doucoure,MID,Everton,116,5.5,0.5,2632,1,Premium attacker,4,12.18472,8.737152,7,3,8.7,1.51,10.21,12,36,42.26,0,7,335,7,0,462.4,456.5,687.0,161.0,3.966565349544073,0.2393617021276595,0.1025835866261398,0.2974924012158054,0.0516337386018237,0.3491261398176292
2023-24,122798,Robertson,DEF,Liverpool,76,6.5,4.2,1689,1,Premium attacker,4,10.775446,7.749448,3,2,1.9,4.4,6.3,3,22,22.83,0,8,463,2,0,552.2,936.1,230.0,171.9,4.049733570159858,0.1598579040852575,0.1065719360568383,0.1012433392539964,0.2344582593250444,0.3357015985790408
2023-24,144485,Toney,FWD,Brentford,57,7.7,3.7,1449,1,Premium attacker,4,11.88445,9.635439,4,3,5.72,1.51,7.23,3,30,27.82,0,4,159,5,0,289.6,206.5,524.0,101.7,3.5403726708074537,0.2484472049689441,0.1863354037267081,0.35527950310559,0.0937888198757763,0.4490683229813665
2023-24,153133,Iwobi,MID,Fulham,102,5.3,0.4,2331,1,Premium attacker,4,10.799162,7.9776306,5,2,5.23,4.2,9.43,7,41,37.63,0,9,425,2,0,504.2,718.8,534.0,175.9,3.938223938223938,0.193050193050193,0.0772200772200772,0.2019305019305019,0.1621621621621621,0.364092664092664
2023-24,174310,Adebayo,FWD,Luton,94,4.8,1.0,1405,1,Premium attacker,4,12.264305,9.717095,10,1,5.47,0.44,5.91,2,36,29.29,0,9,288,1,0,413.6,177.0,527.0,111.8,6.02135231316726,0.6405693950177935,0.0640569395017793,0.350391459074733,0.0281850533807829,0.378576512455516
2023-24,176297,Rashford,MID,Man Utd,108,8.4,9.5,2264,1,Premium attacker,4,11.531213,8.833529,7,3,7.13,2.8,9.93,7,37,48.29,0,0,330,2,0,453.2,358.6,672.0,148.3,4.293286219081272,0.2782685512367491,0.1192579505300353,0.2834363957597173,0.1113074204946996,0.3947438162544169
2023-24,177815,Calvert-Lewin,FWD,Everton,101,5.8,1.0,2166,1,Premium attacker,4,12.577309,8.872312,7,3,12.86,1.58,14.43,13,27,31.91,0,9,259,2,0,403.0,255.6,901.0,154.8,4.196675900277008,0.2908587257617728,0.1246537396121883,0.5343490304709141,0.0656509695290858,0.599584487534626
2023-24,179018,Almirón,MID,Newcastle,77,6.0,2.7,1930,1,Premium attacker,4,11.145295,8.970004,3,1,4.57,2.39,6.96,5,40,38.15,0,4,277,2,0,299.8,369.7,434.0,110.1,3.5906735751295336,0.1398963730569948,0.0466321243523316,0.2131088082901554,0.1114507772020725,0.3245595854922279
2023-24,179458,Bruun Larsen,MID,Burnley,82,4.8,0.1,1235,1,Premium attacker,4,12.251098,9.781702,6,0,4.65,1.44,6.09,3,23,24.35,0,7,237,1,0,335.8,416.5,448.0,119.5,5.975708502024292,0.437246963562753,0.0,0.3388663967611336,0.1049392712550607,0.4438056680161943
2023-24,184754,Hee Chan,MID,Wolves,125,5.4,1.8,2116,1,Premium attacker,4,12.29746,8.921798,12,3,7.53,2.84,10.37,3,37,38.86,0,10,334,6,0,534.2,259.9,614.0,140.7,5.316635160680529,0.5103969754253308,0.1275992438563327,0.3202741020793951,0.1207939508506616,0.4410680529300567
2023-24,194634,Diogo J.,MID,Liverpool,110,7.9,1.7,1141,1,Premium attacker,4,12.741989,8.774191,10,7,5.24,1.75,6.99,5,11,15.21,0,7,328,1,1,483.8,290.2,639.0,141.4,8.676599474145487,0.7887817703768624,0.5521472392638037,0.4133216476774759,0.1380368098159509,0.5513584574934268
2023-24,195851,McTominay,MID,Man Utd,98,4.5,0.8,1891,1,Premium attacker,4,11.951443,9.2103615,7,1,6.0,0.41,6.4,7,30,39.95,0,5,307,2,0,539.4,179.5,492.0,121.3,4.6641988365943945,0.3331570597567425,0.0475938656795346,0.2855631940772078,0.0195134849286092,0.3046007403490217
2023-24,199670,Edouard,FWD,Crystal Palace,79,5.3,1.3,1545,1,Premium attacker,4,12.138202,9.361537,7,0,6.33,0.86,7.19,6,24,20.54,0,9,246,4,0,359.6,256.7,663.0,128.0,4.601941747572816,0.4077669902912621,0.0,0.3687378640776699,0.0500970873786407,0.4188349514563107
2023-24,201658,Tavernier,MID,Bournemouth,89,5.0,0.3,2118,1,Premium attacker,4,10.5827265,8.056835,3,4,3.88,4.24,8.12,8,38,32.42,0,5,324,3,0,468.4,649.4,460.0,157.8,3.7818696883852687,0.1274787535410765,0.1699716713881019,0.1648725212464589,0.1801699716713881,0.345042492917847
2023-24,204814,Brereton Díaz,MID,Sheffield Utd,62,5.0,0.2,1105,1,Premium attacker,4,12.279174,9.775281,6,1,5.52,1.07,6.58,0,37,23.91,0,5,173,3,0,312.2,124.0,422.0,85.3,5.049773755656108,0.4886877828054298,0.0814479638009049,0.4495927601809954,0.0871493212669683,0.5359276018099548
2023-24,205533,Nketiah,FWD,Arsenal,71,5.0,3.1,1065,1,Premium attacker,4,12.515475,9.607015,5,4,4.65,0.53,5.18,6,10,10.21,0,5,206,3,0,235.0,136.3,417.0,77.2,6.0,0.4225352112676056,0.3380281690140845,0.3929577464788732,0.0447887323943662,0.4377464788732395
2023-24,209046,Hudson-Odoi,MID,Nott'm Forest,109,4.7,0.8,1846,1,Premium attacker,4,11.769799,9.181719,8,2,2.65,2.02,4.67,2,41,28.38,0,14,371,0,0,489.0,514.2,444.0,145.0,5.314192849404117,0.390032502708559,0.0975081256771397,0.1291982665222101,0.0984832069339111,0.2276814734561213
2023-24,210156,Awoniyi,FWD,Nott'm Forest,67,6.3,1.3,1036,1,Premium attacker,4,12.543526,9.638966,6,3,4.85,0.9,5.75,3,21,15.61,0,5,247,2,0,303.2,134.4,308.0,74.2,5.82046332046332,0.5212355212355212,0.2606177606177606,0.4213320463320463,0.0781853281853282,0.4995173745173745
2023-24,212319,Richarlison,MID,Spurs,122,6.8,2.5,1481,1,Premium attacker,4,12.858646,8.734285,11,4,9.49,1.42,10.91,7,18,25.59,0,7,305,3,0,560.6,208.4,758.0,152.1,7.413909520594193,0.6684672518568535,0.2430790006752194,0.5767049291019581,0.0862930452397029,0.662997974341661
2023-24,221399,Harrison,MID,Everton,92,5.5,0.1,2212,1,Premium attacker,4,10.594046,8.050108,3,3,3.68,3.02,6.7,11,26,34.15,0,5,292,1,0,397.4,405.7,339.0,114.3,3.7432188065099457,0.1220614828209765,0.1220614828209765,0.1497287522603978,0.122875226039783,0.2726039783001808
2023-24,222683,Kluivert,MID,Bournemouth,100,4.6,0.7,1910,1,Premium attacker,4,11.984077,9.287392,7,1,5.76,1.68,7.44,11,23,30.07,0,2,229,5,0,362.2,283.2,619.0,126.4,4.712041884816754,0.3298429319371728,0.0471204188481675,0.271413612565445,0.0791623036649214,0.3505759162303665
2023-24,229164,Ogbene,FWD,Luton,84,4.8,0.1,1987,1,Premium attacker,4,10.973903,8.649225,4,4,4.47,3.5,7.97,2,47,46.3,0,7,387,1,0,412.6,378.3,486.0,127.7,3.8047307498741834,0.1811776547559134,0.1811776547559134,0.2024660291897332,0.1585304479114242,0.3609964771011575
2023-24,243298,Gakpo,FWD,Liverpool,106,7.1,3.1,1633,1,Premium attacker,4,12.712532,8.478112,8,5,9.07,2.71,11.78,5,20,23.9,0,12,409,1,0,521.4,348.2,708.0,157.1,5.8420085731782,0.4409063074096754,0.2755664421310471,0.4998775260257195,0.1493570116350275,0.6492345376607471
2023-24,244042,Muniz,FWD,Fulham,97,4.3,4.4,1589,1,Premium attacker,4,12.726403,8.883341,9,2,8.76,0.94,9.7,6,27,26.67,0,12,299,1,0,409.0,213.1,875.0,148.2,5.494021397105097,0.5097545626179988,0.1132787916928886,0.4961611076148521,0.0532410320956576,0.5494021397105097
2023-24,248857,Madueke,MID,Chelsea,76,5.3,1.2,1044,1,Premium attacker,4,12.5927,9.614949,5,3,2.51,2.13,4.64,4,19,18.37,0,7,253,2,0,341.6,287.5,401.0,102.8,6.551724137931035,0.4310344827586206,0.2586206896551724,0.2163793103448275,0.1836206896551724,0.4
2023-24,249231,Lewis-Potter,MID,Brentford,73,4.7,0.1,1428,1,Premium attacker,4,11.94776,9.755671,3,2,6.42,1.66,8.07,6,29,20.21,0,1,186,0,0,280.0,203.8,573.0,105.6,4.600840336134453,0.1890756302521008,0.1260504201680672,0.4046218487394958,0.1046218487394957,0.5086134453781513
2023-24,424876,Szoboszlai,MID,Liverpool,99,7.1,3.3,2102,1,Premium attacker,4,10.828042,7.789975,3,4,3.64,5.13,8.77,8,23,25.06,0,7,437,1,0,423.4,830.0,377.0,162.8,4.238820171265461,0.1284490960989533,0.1712654614652712,0.1558515699333967,0.2196479543292102,0.375499524262607
2023-24,432714,McAtee,MID,Sheffield Utd,77,4.4,0.4,1815,1,Premium attacker,4,10.726944,8.829943,3,4,2.98,2.16,5.14,2,65,39.34,0,0,259,2,0,333.8,394.4,333.0,106.0,3.8181818181818175,0.1487603305785124,0.1983471074380165,0.1477685950413223,0.1071074380165289,0.2548760330578512
2023-24,433979,Archer,FWD,Sheffield Utd,82,4.2,3.4,1829,1,Premium attacker,4,11.17416,9.083189,4,3,5.28,1.39,6.67,2,50,41.38,0,9,241,2,0,266.0,309.3,353.0,92.8,4.034991798797157,0.1968288682340076,0.1476216511755057,0.2598141060688901,0.0683980317113176,0.3282121377802077
2023-24,437730,Semenyo,FWD,Bournemouth,107,4.5,2.0,2099,1,Premium attacker,4,12.169263,8.762335,8,4,4.69,2.19,6.87,8,33,34.41,0,14,363,6,0,506.8,411.2,748.0,166.8,4.587898999523582,0.3430204859456884,0.1715102429728442,0.2010957598856598,0.0939018580276322,0.2945688423058599
2023-24,486385,Beto,FWD,Everton,50,5.7,0.1,943,1,Premium attacker,4,12.218799,9.848306,3,0,6.46,0.3,6.76,2,20,18.11,0,3,105,2,0,158.8,139.6,425.0,71.3,4.7720042417815485,0.2863202545068929,0.0,0.616542948038176,0.0286320254506892,0.6451749734888653
2023-24,487117,Ferguson,FWD,Brighton,69,5.7,3.5,1356,1,Premium attacker,4,12.212915,9.8395605,6,1,4.49,0.77,5.26,2,28,22.16,0,5,218,1,0,275.0,106.7,393.0,77.3,4.579646017699115,0.3982300884955752,0.0663716814159292,0.2980088495575221,0.0511061946902654,0.3491150442477876
2023-24,492831,Amdouni,FWD,Burnley,85,5.1,0.2,1953,1,Premium attacker,4,11.580127,9.333889,5,1,5.55,1.22,6.77,5,41,35.7,0,11,243,2,0,372.8,246.5,509.0,112.4,3.9170506912442393,0.2304147465437788,0.0460829493087557,0.2557603686635945,0.056221198156682,0.3119815668202765
2023-24,497894,Højlund,FWD,Man Utd,112,7.1,5.6,2156,1,Premium attacker,4,12.078599,9.092754,10,2,6.97,0.96,7.93,6,35,40.64,0,14,362,2,0,480.6,345.8,648.0,147.0,4.675324675324676,0.4174397031539889,0.0834879406307977,0.2909554730983302,0.0400742115027829,0.3310296846011131
2023-24,535818,Adingra,MID,Brighton,97,5.0,0.6,2220,1,Premium attacker,4,11.375509,8.769268,6,1,4.19,3.26,7.45,4,38,36.64,0,8,330,3,0,477.6,507.8,751.0,173.4,3.932432432432433,0.2432432432432432,0.0405405405405405,0.1698648648648648,0.1321621621621621,0.302027027027027
2023-24,550839,Odobert,MID,Burnley,82,5.0,0.1,2095,1,Premium attacker,4,10.79149,8.756012,3,4,2.75,3.32,6.07,2,48,45.35,0,3,303,3,0,331.0,435.4,445.0,121.1,3.522673031026253,0.1288782816229117,0.1718377088305489,0.1181384248210023,0.1426252983293556,0.260763723150358
2023-24,54469,Smith,DEF,Bournemouth,80,4.4,0.5,2148,2,Rotation midfielder,8,5.967579,6.9624615,0,3,0.05,1.5,1.55,8,33,33.02,0,4,378,6,0,336.4,296.5,27.0,66.1,3.35195530726257,0.0,0.1256983240223463,0.0020949720670391,0.0628491620111731,0.0649441340782122
2023-24,60252,Townsend,MID,Luton,61,5.0,0.1,1197,2,Rotation midfielder,8,6.0367913,8.426063,1,4,1.48,1.8,3.28,3,27,26.2,0,3,208,1,0,221.4,293.6,148.0,65.9,4.586466165413533,0.075187969924812,0.3007518796992481,0.1112781954887218,0.1353383458646616,0.2466165413533834
2023-24,60586,Gudmundsson,MID,Burnley,48,4.8,0.0,1185,2,Rotation midfielder,8,6.0033374,8.57102,1,3,1.8,2.53,4.33,2,25,21.01,0,0,193,2,0,234.6,515.6,158.0,91.0,3.645569620253165,0.0759493670886076,0.2278481012658227,0.1367088607594936,0.1921518987341772,0.3288607594936709
2023-24,76357,Cairney,MID,Fulham,70,4.9,0.0,1472,2,Rotation midfielder,8,6.173505,8.404039,1,6,1.03,2.58,3.61,4,27,29.53,0,2,346,3,0,335.2,407.2,170.0,90.9,4.279891304347826,0.061141304347826,0.3668478260869565,0.0629755434782608,0.1577445652173913,0.2207201086956521
2023-24,80607,Eriksen,MID,Man Utd,48,5.8,0.4,1134,2,Rotation midfielder,8,5.986332,8.485885,1,2,0.97,2.46,3.43,2,27,20.08,0,4,248,1,0,255.4,400.5,93.0,75.0,3.809523809523809,0.0793650793650793,0.1587301587301587,0.0769841269841269,0.1952380952380952,0.2722222222222222
2023-24,85955,Jorginho,MID,Arsenal,44,5.3,0.2,913,2,Rotation midfielder,8,5.648955,8.256496,0,2,0.1,1.77,1.87,4,11,8.42,0,1,182,1,0,165.4,187.8,16.0,36.8,4.337349397590362,0.0,0.1971522453450164,0.0098576122672508,0.1744797371303395,0.1843373493975903
2023-24,86417,Schlupp,MID,Crystal Palace,66,4.8,0.1,1340,2,Rotation midfielder,8,5.55671,8.209402,2,2,1.7,1.41,3.11,4,25,22.46,0,4,201,1,0,279.8,234.2,229.0,74.1,4.432835820895523,0.1343283582089552,0.1343283582089552,0.1141791044776119,0.0947014925373134,0.2088805970149254
2023-24,91651,Kovačić,MID,Man City,59,4.6,0.3,1539,2,Rotation midfielder,8,5.6078176,7.5115004,1,0,1.24,1.66,2.9,9,14,13.55,0,2,316,4,0,265.0,365.9,129.0,76.0,3.450292397660818,0.0584795321637426,0.0,0.0725146198830409,0.0970760233918128,0.1695906432748538
2023-24,108413,Hughes,MID,Crystal Palace,61,4.9,0.0,1886,2,Rotation midfielder,8,5.9310565,6.942445,0,2,0.31,1.7,2.01,8,38,30.83,0,2,252,6,0,319.2,338.6,67.0,72.3,2.9109225874867444,0.0,0.0954400848356309,0.0147932131495228,0.0811240721102863,0.0959172852598091
2023-24,114241,Toffolo,DEF,Nott'm Forest,52,4.4,0.1,1452,2,Rotation midfielder,8,5.944271,7.8034678,1,3,1.1,1.14,2.24,2,29,23.83,0,3,263,3,0,355.0,268.4,171.0,79.3,3.2231404958677685,0.0619834710743801,0.1859504132231405,0.0681818181818181,0.0706611570247933,0.1388429752066115
2023-24,114283,Grealish,MID,Man City,50,7.2,1.5,998,2,Rotation midfielder,8,5.818869,8.790625,3,1,2.17,2.69,4.86,3,13,12.58,0,6,199,6,0,240.4,384.1,295.0,91.9,4.509018036072145,0.2705410821643286,0.0901803607214428,0.195691382765531,0.2425851703406813,0.4382765531062125
2023-24,115556,Davies,DEF,Spurs,34,4.3,0.4,1085,2,Rotation midfielder,8,5.520067,8.089901,1,2,2.34,0.57,2.91,1,21,22.43,0,0,216,2,0,294.8,81.0,124.0,50.3,2.8202764976958528,0.0829493087557603,0.1658986175115207,0.1941013824884792,0.0472811059907834,0.2413824884792627
2023-24,153366,Reed,MID,Fulham,47,4.3,0.3,1317,2,Rotation midfielder,8,5.4544854,7.753855,0,2,0.29,1.49,1.78,6,23,25.65,0,0,205,6,0,213.8,212.6,45.0,47.2,3.2118451025056944,0.0,0.1366742596810934,0.0198177676537585,0.1018223234624145,0.1216400911161731
2023-24,166989,Tielemans,MID,Aston Villa,77,5.6,0.4,1613,2,Rotation midfielder,8,6.2323575,8.329823,2,6,1.24,1.98,3.22,4,27,31.07,0,2,318,3,0,369.2,325.4,136.0,83.3,4.296342219466832,0.1115933044017358,0.3347799132052076,0.0691878487290762,0.1104773713577185,0.1796652200867948
2023-24,171287,Gomez,DEF,Liverpool,76,4.5,1.3,1772,2,Rotation midfielder,8,5.678916,7.438295,0,2,1.02,1.07,2.09,7,19,27.08,0,2,390,5,0,316.0,338.3,119.0,77.7,3.860045146726862,0.0,0.1015801354401805,0.0518058690744921,0.0543453724604966,0.1061512415349887
2023-24,180974,Joelinton,MID,Newcastle,45,5.8,0.4,1276,2,Rotation midfielder,8,5.308456,8.714455,2,1,2.82,1.09,3.91,3,23,25.3,0,3,209,6,0,295.2,314.9,206.0,81.6,3.17398119122257,0.1410658307210031,0.0705329153605015,0.1989028213166144,0.0768808777429467,0.2757836990595611
2023-24,202993,Bentancur,MID,Spurs,32,5.4,0.0,997,2,Rotation midfielder,8,5.106974,8.729688,1,1,2.01,1.05,3.06,1,25,19.98,0,0,153,7,0,193.0,174.9,156.0,52.1,2.888665997993982,0.0902708124373119,0.0902708124373119,0.1814443329989969,0.0947843530591775,0.2762286860581745
2023-24,204214,Estupiñan,DEF,Brighton,57,4.7,14.5,1242,2,Rotation midfielder,8,6.2623196,8.502594,2,3,1.0,2.22,3.22,3,26,26.5,0,7,291,4,0,350.8,382.6,156.0,89.0,4.130434782608696,0.144927536231884,0.217391304347826,0.072463768115942,0.1608695652173913,0.2333333333333333
2023-24,215379,Anderson,MID,Newcastle,42,4.2,1.8,1018,2,Rotation midfielder,8,5.545356,8.275868,0,2,1.63,1.25,2.88,5,14,12.49,0,3,144,3,0,187.4,223.7,201.0,61.1,3.7131630648330063,0.0,0.1768172888015717,0.1441060903732809,0.1105108055009823,0.2546168958742632
2023-24,232792,Lamptey,DEF,Brighton,31,3.9,3.6,908,2,Rotation midfielder,8,5.3892965,7.862358,0,3,0.34,0.9,1.24,1,20,14.35,0,0,155,3,0,144.6,173.7,60.0,37.6,3.0726872246696035,0.0,0.2973568281938326,0.0337004405286343,0.0892070484581497,0.1229074889867841
2023-24,242453,Brown,FWD,Luton,39,4.9,0.1,1013,2,Rotation midfielder,8,5.1827927,8.541523,2,1,2.81,0.44,3.25,1,26,27.75,0,3,115,4,0,162.6,116.4,249.0,52.0,3.464955577492596,0.1776900296150049,0.0888450148075024,0.2496544916090819,0.039091806515301,0.288746298124383
2023-24,243571,Patterson,DEF,Everton,34,4.3,0.1,1000,2,Rotation midfielder,8,5.371428,7.8128104,0,2,0.34,1.03,1.37,2,21,20.6,0,3,187,4,0,207.2,138.2,26.0,37.3,3.06,0.0,0.18,0.0306,0.0927,0.1233
2023-24,247348,Muñoz,DEF,Crystal Palace,56,4.5,0.6,1440,2,Rotation midfielder,8,5.8163867,8.071089,0,4,1.26,1.26,2.52,5,22,19.71,0,3,270,4,0,331.0,265.6,119.0,71.7,3.5,0.0,0.25,0.07875,0.07875,0.1575
2023-24,250199,Dominguez,MID,Nott'm Forest,67,5.0,0.0,1489,2,Rotation midfielder,8,5.906615,7.6427593,2,2,1.3,1.14,2.44,6,27,21.2,0,6,276,4,0,340.4,176.2,187.0,70.6,4.049697783747481,0.1208865010073875,0.1208865010073875,0.0785762256548018,0.0689053055742108,0.1474815312290127
2023-24,428580,Onyeka,MID,Brentford,39,4.9,0.0,1147,2,Rotation midfielder,8,5.184135,8.587662,1,2,2.09,1.44,3.53,1,27,21.94,0,0,150,8,0,259.0,178.3,189.0,62.6,3.060156931124673,0.07846556233653,0.1569311246730601,0.1639930252833478,0.1129904097646033,0.2769834350479511
2023-24,437742,Sambi,MID,Luton,47,4.9,0.0,1304,2,Rotation midfielder,8,5.7089705,7.638771,1,3,0.55,0.79,1.34,2,31,25.2,0,4,231,4,0,289.8,154.9,56.0,49.9,3.2438650306748467,0.0690184049079754,0.2070552147239264,0.0379601226993865,0.0545245398773006,0.0924846625766871
2023-24,440854,Kiwior,DEF,Arsenal,67,4.0,0.6,942,2,Rotation midfielder,8,5.6765475,8.211816,1,3,0.74,0.6,1.34,6,8,5.15,0,1,260,1,0,228.8,106.9,90.0,42.7,6.401273885350318,0.0955414012738853,0.286624203821656,0.0707006369426751,0.0573248407643312,0.1280254777070063
2023-24,441266,Gravenberch,MID,Liverpool,45,5.0,0.1,1110,2,Rotation midfielder,8,4.83095,7.824381,1,0,2.08,1.35,3.43,3,17,15.05,0,3,176,0,0,187.0,229.4,198.0,61.5,3.6486486486486487,0.081081081081081,0.0,0.1686486486486486,0.1094594594594594,0.2781081081081081
2023-24,467169,Antony,MID,Man Utd,47,6.8,0.6,1311,2,Rotation midfielder,8,5.4950113,8.777176,1,1,3.38,1.83,5.21,3,26,25.18,0,0,184,5,0,247.8,327.7,347.0,91.8,3.2265446224256293,0.068649885583524,0.068649885583524,0.2320366132723112,0.1256292906178489,0.3576659038901602
2023-24,487702,Koleosho,MID,Burnley,40,4.8,0.0,972,2,Rotation midfielder,8,5.543955,8.261008,1,2,1.96,1.07,3.03,3,23,15.55,0,0,80,0,0,86.8,147.9,213.0,44.5,3.703703703703704,0.0925925925925926,0.1851851851851852,0.1814814814814814,0.099074074074074,0.2805555555555555
2023-24,496221,Wharton,MID,Crystal Palace,50,5.0,0.0,1296,2,Rotation midfielder,8,5.8415184,8.0017395,0,3,0.38,1.5,1.87,7,16,18.04,0,4,222,2,0,255.0,287.9,29.0,57.3,3.472222222222222,0.0,0.2083333333333333,0.0263888888888888,0.1041666666666666,0.1298611111111111
2023-24,503139,Scott,MID,Bournemouth,41,4.9,0.0,1003,2,Rotation midfielder,8,5.202591,8.068927,1,1,0.82,1.06,1.88,3,25,17.89,0,3,163,3,0,197.0,294.7,116.0,60.7,3.678963110667996,0.0897308075772681,0.0897308075772681,0.0735792622133599,0.0951146560319042,0.1686939182452642
2023-24,533463,O.Dango,MID,Bournemouth,56,4.7,0.0,1214,2,Rotation midfielder,8,5.6307845,8.525607,1,2,2.65,1.1,3.75,5,24,21.13,0,3,207,3,0,298.4,245.4,332.0,87.8,4.151565074135091,0.0741350906095551,0.1482701812191103,0.1964579901153212,0.0815485996705107,0.278006589785832
2023-24,536916,Buonanotte,MID,Brighton,57,4.7,0.1,1356,2,Rotation midfielder,8,5.3078365,8.644153,3,1,2.34,1.16,3.5,6,19,21.14,0,1,160,7,0,254.8,291.3,238.0,78.4,3.783185840707965,0.1991150442477876,0.0663716814159292,0.1553097345132743,0.0769911504424778,0.2323008849557522
2023-24,547719,Miley,MID,Newcastle,44,4.5,0.1,1203,2,Rotation midfielder,8,5.8396387,7.868936,1,3,1.22,1.08,2.3,1,29,30.2,0,1,232,1,0,237.4,192.8,136.0,56.7,3.291770573566085,0.0748129675810473,0.2244389027431421,0.0912718204488778,0.0807980049875311,0.1720698254364089
2023-24,17761,Tarkowski,DEF,Everton,117,4.6,5.4,3420,3,Attacking / ball-playing defender,5,8.5925665,6.5670443,1,1,2.55,2.66,5.21,13,51,55.64,0,10,649,11,0,915.4,269.6,320.0,150.9,3.0789473684210527,0.0263157894736842,0.0263157894736842,0.0671052631578947,0.07,0.1371052631578947
2023-24,51090,T.Silva,DEF,Chelsea,98,5.0,4.5,2525,3,Attacking / ball-playing defender,5,7.578958,6.1551785,3,1,0.73,0.58,1.31,7,45,42.72,0,12,604,4,0,797.0,138.7,165.0,110.6,3.493069306930693,0.1069306930693069,0.0356435643564356,0.026019801980198,0.0206732673267326,0.0466930693069307
2023-24,60232,Dawson,DEF,Wolves,69,4.5,0.4,2209,3,Attacking / ball-playing defender,5,7.491655,6.549486,1,1,1.58,0.42,2.0,6,38,38.47,0,6,421,7,0,611.8,108.6,222.0,94.4,2.811226799456768,0.0407424173834314,0.0407424173834314,0.0643730194658216,0.0171118153010411,0.0814848347668628
2023-24,61256,Casemiro,MID,Man Utd,58,5.3,1.9,1981,3,Attacking / ball-playing defender,2,8.122602,7.620749,1,3,3.64,1.2,4.84,5,34,40.58,0,0,323,7,0,628.4,247.9,323.0,119.9,2.635032811711257,0.0454316002019182,0.1362948006057546,0.1653710247349823,0.0545179202423018,0.2198889449772842
2023-24,78916,Burn,DEF,Newcastle,97,4.7,12.7,2725,3,Attacking / ball-playing defender,5,7.4836235,6.161998,2,2,3.35,1.12,4.47,8,45,46.22,0,4,493,4,0,656.4,153.8,286.0,109.7,3.203669724770642,0.0660550458715596,0.0660550458715596,0.1106422018348623,0.0369908256880734,0.1476330275229357
2023-24,83427,Robinson,DEF,Sheffield Utd,33,4.3,0.1,2883,3,Attacking / ball-playing defender,5,8.040474,6.7411957,1,1,1.13,0.93,2.06,1,83,62.5,0,1,375,10,0,602.8,162.1,190.0,95.7,1.0301768990634756,0.0312174817898022,0.0312174817898022,0.0352757544224765,0.0290322580645161,0.0643080124869927
2023-24,88894,Barkley,MID,Luton,101,4.5,0.9,2616,3,Attacking / ball-playing defender,2,9.663964,7.2329745,5,5,3.91,2.73,6.64,2,66,60.84,0,4,498,6,0,687.4,622.8,379.0,168.7,3.4747706422018347,0.1720183486238532,0.1720183486238532,0.1345183486238532,0.0939220183486238,0.228440366972477
2023-24,101188,Digne,DEF,Aston Villa,85,4.6,3.1,2405,3,Attacking / ball-playing defender,2,8.898923,7.442667,1,4,0.99,3.49,4.48,6,41,41.65,0,5,420,7,0,448.4,601.7,200.0,125.1,3.180873180873181,0.0374220374220374,0.1496881496881497,0.037047817047817,0.1306029106029106,0.1676507276507276
2023-24,103192,Zouma,DEF,West Ham,76,4.5,1.5,2838,3,Attacking / ball-playing defender,5,7.8669734,6.147007,3,0,1.9,0.07,1.97,3,63,59.8,0,6,444,3,0,636.8,55.1,227.0,92.0,2.4101479915433406,0.095137420718816,0.0,0.0602536997885835,0.0022198731501057,0.0624735729386892
2023-24,103914,Taylor,DEF,Burnley,47,3.9,2.7,2329,3,Attacking / ball-playing defender,2,7.5131946,7.2880125,1,1,0.25,1.66,1.91,2,46,43.78,0,1,347,8,0,395.6,275.7,59.0,73.3,1.8162301416917133,0.038643194504079,0.038643194504079,0.0096607986260197,0.0641477028767711,0.0738085015027908
2023-24,109533,Emerson,DEF,West Ham,82,4.3,1.9,3138,3,Attacking / ball-playing defender,2,8.310401,6.84114,1,4,1.64,2.07,3.71,5,67,68.08,0,8,519,10,0,649.0,400.2,168.0,121.8,2.3518164435946463,0.02868068833652,0.1147227533460803,0.0470363288718929,0.0593690248565965,0.1064053537284894
2023-24,119471,Schär,DEF,Newcastle,123,5.6,7.3,3055,3,Attacking / ball-playing defender,5,8.423414,6.3966455,4,3,2.47,1.41,3.87,9,58,58.64,0,12,629,5,0,826.6,166.7,278.0,127.4,3.623567921440262,0.1178396072013093,0.0883797054009819,0.0727659574468085,0.0415384615384615,0.1140098199672667
2023-24,128295,Nørgaard,MID,Brentford,74,5.2,0.1,2504,3,Attacking / ball-playing defender,2,8.532579,7.5105095,2,1,3.61,2.44,6.05,6,51,43.31,0,3,414,8,0,501.8,396.2,316.0,121.8,2.659744408945687,0.0718849840255591,0.0359424920127795,0.1297523961661341,0.0876996805111821,0.2174520766773162
2023-24,152551,Lerma,MID,Crystal Palace,64,4.7,0.1,2399,3,Attacking / ball-playing defender,2,7.9293656,7.404876,1,1,2.61,1.78,4.39,5,46,38.16,0,4,338,8,0,417.6,366.1,240.0,102.4,2.40100041684035,0.0375156315131304,0.0375156315131304,0.0979157982492705,0.0667778240933722,0.1646936223426427
2023-24,154296,J.Palhinha,MID,Fulham,91,5.0,0.3,2698,3,Attacking / ball-playing defender,2,8.29191,7.223989,4,1,3.39,0.99,4.38,9,46,49.59,0,8,387,13,0,659.2,219.0,365.0,124.5,3.0355819125277983,0.1334321719792438,0.0333580429948109,0.1130837657524092,0.0330244625648628,0.146108228317272
2023-24,158499,Christie,MID,Bournemouth,90,5.0,0.1,2908,3,Attacking / ball-playing defender,2,9.205341,7.2744317,0,5,2.49,5.37,7.86,8,56,48.61,0,5,433,6,0,620.2,780.2,351.0,175.4,2.785419532324622,0.0,0.15474552957359,0.0770632737276478,0.1661966987620357,0.2432599724896836
2023-24,169528,Robinson,DEF,Fulham,104,4.5,4.0,3266,3,Attacking / ball-playing defender,5,8.647641,6.630236,0,6,0.68,3.75,4.43,9,60,61.93,0,8,662,6,0,805.8,536.7,241.0,158.6,2.865890998162891,0.0,0.1653398652786283,0.0187385180649112,0.1033374157991426,0.1220759338640538
2023-24,172567,Cullen,MID,Burnley,65,5.0,0.1,2055,3,Attacking / ball-playing defender,2,7.8935666,7.3945885,2,4,0.59,2.29,2.88,0,48,45.18,0,5,375,9,0,458.0,426.7,106.0,98.9,2.8467153284671536,0.0875912408759124,0.1751824817518248,0.0258394160583941,0.1002919708029197,0.1261313868613138
2023-24,174874,Andersen,DEF,Crystal Palace,121,4.7,14.1,3416,3,Attacking / ball-playing defender,5,8.522419,6.486487,2,3,1.75,2.08,3.83,10,58,53.71,0,12,679,7,0,873.6,301.1,253.0,143.1,3.187939110070257,0.0526932084309133,0.07903981264637,0.0461065573770491,0.0548009367681498,0.100907494145199
2023-24,179268,Cucurella,DEF,Chelsea,44,4.9,3.7,1783,3,Attacking / ball-playing defender,2,7.4933295,7.3485518,0,3,1.16,1.01,2.17,4,33,31.18,0,3,318,10,0,384.4,283.9,122.0,79.3,2.220975883342681,0.0,0.1514301738642736,0.0585530005608524,0.0509814918676388,0.1095344924284913
2023-24,180135,Longstaff,MID,Newcastle,110,4.8,0.4,2742,3,Attacking / ball-playing defender,2,9.460968,7.543277,6,3,6.76,2.8,9.56,10,50,51.59,0,3,418,7,0,550.0,357.1,479.0,138.8,3.6105032822757113,0.1969365426695842,0.0984682713347921,0.2218818380743982,0.0919037199124726,0.3137855579868709
2023-24,196100,Hamer,MID,Sheffield Utd,108,4.9,0.2,2908,3,Attacking / ball-playing defender,2,9.788188,7.170012,4,7,3.0,4.59,7.58,2,83,62.07,0,5,462,9,0,581.2,929.8,294.0,180.4,3.3425034387895463,0.123796423658872,0.2166437414030261,0.092847317744154,0.1420563961485557,0.2345942228335626
2023-24,199796,Cash,DEF,Aston Villa,64,4.5,9.9,2138,3,Attacking / ball-playing defender,2,8.33007,7.670317,2,2,4.41,2.47,6.88,3,36,36.78,0,4,337,8,0,465.2,231.8,378.0,107.1,2.694106641721235,0.0841908325537885,0.0841908325537885,0.1856407857811038,0.1039756782039289,0.2896164639850327
2023-24,199798,Konsa,DEF,Aston Villa,91,4.5,2.2,3069,3,Attacking / ball-playing defender,5,7.8050814,6.2785664,1,1,2.56,1.01,3.57,7,54,52.28,0,7,562,5,0,554.4,170.6,223.0,95.0,2.668621700879765,0.0293255131964809,0.0293255131964809,0.0750733137829912,0.0296187683284457,0.1046920821114369
2023-24,201410,Trusty,DEF,Sheffield Utd,28,3.9,1.8,2568,3,Attacking / ball-playing defender,5,7.916703,6.0683823,0,0,0.38,0.76,1.14,1,81,53.54,0,0,349,4,0,517.4,107.3,106.0,73.4,0.9813084112149532,0.0,0.0,0.0133177570093457,0.0266355140186915,0.0399532710280373
2023-24,204580,Janelt,MID,Brentford,93,5.2,0.1,3054,3,Attacking / ball-playing defender,2,8.908761,7.3149557,1,4,1.82,3.44,5.26,9,52,47.65,0,1,466,8,0,503.4,562.5,285.0,135.3,2.7406679764243616,0.0294695481335952,0.1178781925343811,0.0536345776031434,0.1013752455795677,0.1550098231827112
2023-24,207283,Jensen,MID,Brentford,98,5.2,0.7,2201,3,Attacking / ball-playing defender,2,10.27786,7.5854845,3,4,0.71,4.89,5.6,9,45,36.36,0,10,422,5,0,481.2,689.3,135.0,130.4,4.00726942298955,0.1226715129486597,0.1635620172648796,0.0290322580645161,0.1999545661063153,0.2289868241708314
2023-24,213999,Álvarez,MID,West Ham,62,5.0,0.2,2375,3,Attacking / ball-playing defender,2,8.081758,7.1729174,1,1,1.37,0.81,2.18,5,45,49.85,0,3,345,11,0,545.8,193.1,89.0,82.7,2.349473684210526,0.0378947368421052,0.0378947368421052,0.0519157894736842,0.0306947368421052,0.0826105263157894
2023-24,214048,Kilman,DEF,Wolves,82,4.4,1.7,3420,3,Attacking / ball-playing defender,5,8.069036,6.323365,2,0,1.78,1.12,2.9,5,65,67.17,0,3,592,7,0,853.6,233.1,212.0,130.2,2.1578947368421053,0.0526315789473684,0.0,0.0468421052631579,0.0294736842105263,0.0763157894736842
2023-24,215439,Souček,MID,West Ham,116,4.9,0.8,2867,3,Attacking / ball-playing defender,2,9.392989,7.123698,7,2,6.69,1.14,7.83,5,64,62.38,0,9,456,7,0,751.6,262.5,488.0,150.3,3.641437042204395,0.2197418904778514,0.0627833972793861,0.2100104638995465,0.03578653644925,0.2457970003487966
2023-24,220362,Disasi,DEF,Chelsea,71,4.9,3.4,2579,3,Attacking / ball-playing defender,5,7.5231905,6.4571185,2,0,2.35,1.46,3.81,5,50,43.96,0,6,468,6,0,573.2,105.5,172.0,85.1,2.477704536642109,0.0697944939899185,0.0,0.0820085304381543,0.0509499806126405,0.1329585110507948
2023-24,221466,Senesi,DEF,Bournemouth,102,4.4,2.4,2239,3,Attacking / ball-playing defender,2,8.375245,7.1664124,4,5,1.98,2.27,4.25,6,44,40.83,0,13,486,13,0,735.0,311.2,147.0,119.7,4.100044662795892,0.160786065207682,0.2009825815096025,0.0795891022778026,0.0912460920053595,0.1708351942831621
2023-24,224024,L.Paquetá,MID,West Ham,100,6.0,1.4,2627,3,Attacking / ball-playing defender,2,9.739844,7.3964305,4,6,5.19,4.93,10.12,4,52,50.96,0,7,398,10,0,570.6,722.3,343.0,163.7,3.425961172440046,0.1370384468976018,0.2055576703464027,0.1778073848496384,0.1688998858012942,0.3467072706509326
2023-24,226182,Bogle,DEF,Sheffield Utd,63,4.5,0.1,2787,3,Attacking / ball-playing defender,5,8.093175,6.891388,3,3,2.36,1.14,3.5,3,79,57.85,0,0,354,9,0,514.4,183.5,339.0,103.7,2.034445640473628,0.0968783638320775,0.0968783638320775,0.0762109795479009,0.0368137782561894,0.1130247578040904
2023-24,231065,Pinnock,DEF,Brentford,77,4.5,1.4,2521,3,Attacking / ball-playing defender,5,7.199099,6.02319,2,0,2.01,0.83,2.84,5,46,39.14,0,5,479,1,0,653.2,63.4,221.0,94.2,2.748909163030544,0.0714002380007933,0.0,0.0717572391907973,0.0296310987703292,0.1013883379611265
2023-24,232928,Garner,MID,Everton,87,4.9,0.1,3001,3,Attacking / ball-playing defender,2,8.918404,7.2721305,1,2,2.62,3.75,6.37,11,47,48.61,0,3,421,7,0,526.6,663.1,244.0,143.5,2.6091302899033657,0.0299900033322225,0.0599800066644451,0.0785738087304231,0.1124625124958347,0.1910363212262579
2023-24,244723,Mitchell,DEF,Crystal Palace,119,4.5,4.7,3204,3,Attacking / ball-playing defender,5,8.45441,6.479636,2,3,1.27,2.39,3.66,10,55,50.84,0,10,590,6,0,669.8,393.7,209.0,127.4,3.342696629213483,0.0561797752808988,0.0842696629213483,0.0356741573033707,0.0671348314606741,0.1028089887640449
2023-24,244856,Mengi,DEF,Luton,42,3.9,1.5,2467,3,Attacking / ball-playing defender,5,7.865178,6.05082,1,0,0.54,0.56,1.1,1,59,55.92,0,1,345,3,0,579.6,83.0,95.0,76.0,1.5322253749493313,0.0364815565464126,0.0,0.0197000405350628,0.020429671665991,0.0401297122010539
2023-24,424001,Vini Souza,MID,Sheffield Utd,73,5.0,0.0,2664,3,Attacking / ball-playing defender,5,8.001129,6.1219444,1,1,0.61,0.46,1.07,1,80,60.24,0,4,357,3,0,558.4,101.8,152.0,81.1,2.466216216216216,0.0337837837837837,0.0337837837837837,0.0206081081081081,0.0155405405405405,0.0361486486486486
2023-24,432830,Collins,DEF,Brentford,84,4.5,0.8,2649,3,Attacking / ball-playing defender,5,7.5306582,6.05771,1,1,1.59,0.95,2.54,7,51,41.61,0,8,489,3,0,653.8,151.5,180.0,98.7,2.853907134767837,0.0339750849377123,0.0339750849377123,0.0540203850509626,0.0322763306908267,0.0862967157417893
2023-24,448047,Enzo,MID,Chelsea,77,4.8,1.9,2208,3,Attacking / ball-playing defender,2,9.608562,7.601191,3,3,5.72,3.78,9.5,5,47,40.13,0,4,369,7,0,527.2,567.7,369.0,146.3,3.1385869565217392,0.1222826086956521,0.1222826086956521,0.2331521739130434,0.1540760869565217,0.3872282608695652
2023-24,448089,João Gomes,MID,Wolves,75,4.9,0.1,2646,3,Attacking / ball-playing defender,2,8.178332,7.265539,2,2,1.82,1.76,3.58,4,51,53.05,0,3,359,11,0,493.2,372.3,196.0,106.1,2.5510204081632653,0.0680272108843537,0.0680272108843537,0.0619047619047619,0.0598639455782312,0.1217687074829932
2023-24,448514,Aït-Nouri,DEF,Wolves,77,4.6,3.9,2327,3,Attacking / ball-playing defender,2,8.145996,7.5391803,2,3,3.12,1.81,4.93,3,43,45.79,0,6,365,7,0,448.4,376.9,253.0,107.7,2.9780833691448216,0.0773528147829823,0.1160292221744735,0.1206703910614525,0.070004297378599,0.1906746884400515
2023-24,469142,Van Hecke,DEF,Brighton,61,4.0,2.1,2368,3,Attacking / ball-playing defender,5,7.3342643,6.239443,0,0,1.42,0.93,2.35,5,38,37.22,0,3,454,4,0,631.8,176.4,175.0,98.5,2.3184121621621623,0.0,0.0,0.0539695945945945,0.0353462837837837,0.0893158783783783
2023-24,477580,Zabarnyi,DEF,Bournemouth,84,4.4,1.9,3330,3,Attacking / ball-playing defender,5,8.014546,6.26093,1,0,1.13,0.55,1.68,8,67,58.38,0,3,583,5,0,686.0,111.1,117.0,91.5,2.27027027027027,0.027027027027027,0.0,0.0305405405405405,0.0148648648648648,0.0454054054054054
2023-24,480455,Branthwaite,DEF,Everton,124,4.5,10.8,3116,3,Attacking / ball-playing defender,5,8.393528,6.379021,3,1,1.62,1.29,2.91,12,44,49.43,0,10,621,8,0,789.4,67.2,185.0,104.3,3.5815147625160466,0.0866495507060333,0.0288831835686777,0.046790757381258,0.0372593068035943,0.0840500641848523
2023-24,482442,Sarr,MID,Spurs,86,4.4,1.6,2063,3,Attacking / ball-playing defender,2,8.3917465,7.615479,3,3,3.17,2.09,5.26,9,27,34.83,0,4,397,9,0,406.0,373.3,317.0,110.2,3.75181774115366,0.1308773630634997,0.1308773630634997,0.1382937469704314,0.0911778962675714,0.2294716432380029
2023-24,486672,Caicedo,MID,Chelsea,84,4.5,1.2,2865,3,Attacking / ball-playing defender,2,8.350077,7.1568775,1,3,0.42,2.01,2.43,7,50,46.79,0,6,466,11,0,613.6,403.2,68.0,108.2,2.6387434554973823,0.031413612565445,0.0942408376963351,0.0131937172774869,0.0631413612565445,0.0763350785340314
2023-24,491279,Van de Ven,DEF,Spurs,81,4.4,3.7,2341,3,Attacking / ball-playing defender,5,7.2238603,6.3699985,3,0,0.61,0.33,0.94,5,38,37.56,0,10,501,5,0,561.6,56.7,85.0,70.5,3.1140538231524992,0.1153353267834259,0.0,0.0234515164459632,0.0126868859461768,0.0361384023921401
2023-24,510362,Toti,DEF,Wolves,82,4.4,0.3,2771,3,Attacking / ball-playing defender,5,7.780858,6.5270047,1,4,1.62,0.63,2.25,4,49,53.46,0,6,468,7,0,550.0,117.7,167.0,83.7,2.663298448213641,0.032479249368459,0.1299169974738361,0.0526163839769036,0.0204619271021291,0.0730783110790328
2023-24,575476,Murillo,DEF,Nott'm Forest,58,4.5,0.3,2790,3,Attacking / ball-playing defender,5,7.6839685,6.2988505,0,2,1.78,0.64,2.42,3,56,42.99,0,1,451,5,0,678.4,115.0,164.0,95.8,1.870967741935484,0.0,0.064516129032258,0.0574193548387096,0.0206451612903225,0.0780645161290322
2023-24,49262,Steele,GK,Brighton,42,4.0,1.7,1530,4,Goalkeeper,1,1.602056,7.18342,0,0,0.0,0.0,0.0,2,34,24.86,43,5,300,0,0,382.2,0.1,0.0,38.2,2.4705882352941178,0.0,0.0,0.0,0.0,0.0
2023-24,54738,Kaminski,GK,Luton,86,4.5,0.7,3405,4,Goalkeeper,1,-0.20462589,7.0299754,0,0,0.0,0.04,0.04,2,85,79.15,144,3,642,3,0,1116.6,10.0,0.0,112.2,2.2731277533039647,0.0,0.0,0.0,0.0010572687224669,0.0010572687224669
2023-24,67089,Dubravka,GK,Newcastle,75,4.3,8.7,1984,4,Goalkeeper,1,0.85718435,7.122124,0,0,0.0,0.0,0.0,4,42,44.34,88,3,426,1,0,661.0,10.0,0.0,67.2,3.402217741935484,0.0,0.0,0.0,0.0,0.0
2023-24,69752,Neto,GK,Bournemouth,110,4.6,4.2,2880,4,Goalkeeper,1,-0.122751065,6.9260054,0,0,0.0,0.01,0.01,7,55,49.66,113,14,592,5,0,875.2,0.0,0.0,87.5,3.4375000000000004,0.0,0.0,0.0,0.0003125,0.0003125
2023-24,80201,Leno,GK,Fulham,133,4.8,14.6,3420,4,Goalkeeper,1,-0.16942923,6.906159,0,0,0.0,0.0,0.0,10,61,64.14,134,15,782,3,0,1069.8,0.1,0.0,106.7,3.5,0.0,0.0,0.0,0.0,0.0
2023-24,82143,Foderingham,GK,Sheffield Utd,70,4.4,0.3,2648,4,Goalkeeper,1,-0.18739791,7.0328717,0,0,0.0,0.05,0.05,1,79,62.03,133,7,531,2,0,966.0,10.0,0.0,97.7,2.3791540785498486,0.0,0.0,0.0,0.0016993957703927,0.0016993957703927
2023-24,84182,Areola,GK,West Ham,116,4.2,22.3,2700,4,Goalkeeper,1,-0.26312402,7.0913506,0,0,0.0,0.0,0.0,4,53,54.72,138,11,598,1,0,1023.2,0.0,0.0,102.4,3.866666666666666,0.0,0.0,0.0,0.0,0.0
2023-24,85633,Sels,GK,Nott'm Forest,34,4.5,0.2,1440,4,Goalkeeper,1,1.7624398,7.182975,0,0,0.0,0.09,0.09,1,27,20.5,37,1,206,1,0,293.2,10.0,0.0,30.3,2.125,0.0,0.0,0.0,0.005625,0.005625
2023-24,98747,Pope,GK,Newcastle,57,5.3,4.8,1345,4,Goalkeeper,1,1.668624,7.1283894,0,0,0.02,0.0,0.02,6,16,15.92,43,1,279,1,0,323.0,0.0,4.0,32.7,3.8141263940520447,0.0,0.0,0.0013382899628252,0.0,0.0013382899628252
2023-24,98980,Martinez,GK,Aston Villa,115,5.2,10.5,3015,4,Goalkeeper,1,0.016980335,6.8021364,0,0,0.0,0.01,0.01,8,48,49.87,95,19,640,4,0,802.0,20.0,0.0,82.2,3.4328358208955225,0.0,0.0,0.0,0.0002985074626865,0.0002985074626865
2023-24,101982,Johnstone,GK,Crystal Palace,68,4.3,1.3,1796,4,Goalkeeper,1,1.4630276,7.2213454,0,0,0.0,0.0,0.0,6,27,27.17,41,7,310,1,0,321.4,0.0,0.0,32.2,3.4075723830734965,0.0,0.0,0.0,0.0,0.0
2023-24,111234,Pickford,GK,Everton,153,4.8,16.3,3420,4,Goalkeeper,1,-0.04884941,6.789268,0,0,0.0,0.46,0.46,13,51,56.01,121,22,734,5,0,969.2,43.4,0.0,101.3,4.026315789473684,0.0,0.0,0.0,0.0121052631578947,0.0121052631578947
2023-24,116535,A.Becker,GK,Liverpool,107,5.7,9.7,2520,4,Goalkeeper,1,0.9936667,7.1215544,0,0,0.0,0.0,0.0,8,30,35.21,83,9,575,1,0,671.2,10.4,0.0,68.1,3.821428571428572,0.0,0.0,0.0,0.0,0.0
2023-24,118342,Flekken,GK,Brentford,119,4.7,4.5,3285,4,Goalkeeper,1,-0.19691227,7.0225134,0,1,0.0,0.14,0.14,7,63,54.01,115,12,685,3,0,921.2,40.3,0.0,96.2,3.26027397260274,0.0,0.0273972602739726,0.0,0.0038356164383561,0.0038356164383561
2023-24,121160,Ederson M.,GK,Man City,112,5.5,13.1,2785,4,Goalkeeper,1,1.233183,7.169134,0,0,0.0,0.03,0.03,11,27,27.43,57,5,569,5,0,551.8,10.0,0.0,56.0,3.619389587073609,0.0,0.0,0.0,0.0009694793536804,0.0009694793536804
2023-24,149065,José Sá,GK,Wolves,107,5.0,2.0,3037,4,Goalkeeper,1,-0.2798836,7.1153016,0,1,0.0,0.0,0.0,4,58,59.38,134,8,622,1,0,1003.4,11.0,0.0,101.6,3.1708923279552192,0.0,0.0296345077378992,0.0,0.0,0.0
2023-24,154561,Raya,GK,Arsenal,135,5.3,11.7,2880,4,Goalkeeper,1,1.22009,7.105928,0,0,0.0,0.04,0.04,16,24,22.51,46,6,569,2,0,413.0,0.0,0.0,41.1,4.21875,0.0,0.0,0.0,0.00125,0.00125
2023-24,172649,Henderson,GK,Crystal Palace,48,4.4,1.7,1620,4,Goalkeeper,1,1.5036315,7.288177,0,0,0.0,0.01,0.01,4,30,26.47,58,2,293,2,0,434.8,0.0,0.0,43.7,2.666666666666667,0.0,0.0,0.0,0.0005555555555555,0.0005555555555555
2023-24,184254,Vicario,GK,Spurs,112,5.3,9.4,3420,4,Goalkeeper,1,-0.2183869,6.9831223,0,0,0.0,0.0,0.0,7,61,63.58,110,9,730,2,0,974.2,0.0,0.0,97.4,2.947368421052632,0.0,0.0,0.0,0.0,0.0
2023-24,200720,Kelleher,GK,Liverpool,34,3.6,3.9,900,4,Goalkeeper,1,1.9767631,7.0366163,0,0,0.0,0.01,0.01,2,11,10.33,28,3,198,0,0,261.2,10.0,0.0,27.0,3.4,0.0,0.0,0.0,0.001,0.001
2023-24,202641,Onana,GK,Man Utd,133,5.0,15.5,3420,4,Goalkeeper,1,-0.22838926,6.944424,0,0,0.0,0.08,0.08,9,58,69.64,149,10,741,5,0,1167.8,33.2,0.0,120.2,3.5,0.0,0.0,0.0,0.0021052631578947,0.0021052631578947
2023-24,215059,Sanchez,GK,Chelsea,59,4.5,2.2,1433,4,Goalkeeper,1,1.496189,7.380519,0,0,0.0,0.0,0.0,3,25,23.72,53,7,317,2,0,450.6,0.1,0.0,45.2,3.705512909979065,0.0,0.0,0.0,0.0,0.0
2023-24,224068,Turner,GK,Nott'm Forest,41,3.7,8.6,1530,4,Goalkeeper,1,1.4624486,7.246406,0,0,0.0,0.0,0.0,2,28,25.43,55,0,278,2,0,379.6,0.0,0.0,37.9,2.411764705882353,0.0,0.0,0.0,0.0,0.0
2023-24,232917,Muric,GK,Burnley,47,4.3,0.6,900,4,Goalkeeper,1,1.691462,7.0668645,0,0,0.0,0.05,0.05,0,16,20.43,64,12,241,0,0,513.0,40.3,0.0,55.3,4.7,0.0,0.0,0.0,0.005,0.005
2023-24,432720,Trafford,GK,Burnley,70,4.4,0.9,2520,4,Goalkeeper,1,-0.095709376,7.2445936,0,0,0.0,0.04,0.04,2,62,49.37,106,5,533,2,0,903.6,3.3,0.0,90.7,2.5,0.0,0.0,0.0,0.0014285714285714,0.0014285714285714
2023-24,457569,Petrović,GK,Chelsea,71,4.7,8.4,1986,4,Goalkeeper,1,1.1064647,7.1841946,0,0,0.0,0.0,0.0,5,38,34.93,75,5,414,2,0,567.8,0.0,0.0,56.8,3.2175226586102723,0.0,0.0,0.0,0.0,0.0
2023-24,489639,Verbruggen,GK,Brighton,68,4.4,1.2,1890,4,Goalkeeper,1,1.2714151,7.240261,0,0,0.0,0.0,0.0,4,28,31.6,65,7,417,3,0,541.4,1.0,0.0,54.3,3.238095238095238,0.0,0.0,0.0,0.0,0.0
2023-24,61366,De Bruyne,MID,Man City,98,10.6,16.6,1219,5,Creative midfielder,6,11.863086,7.794929,4,10,2.4,6.9,9.3,7,8,10.92,0,11,415,2,0,527.6,901.1,406.0,183.6,7.23543888433142,0.29532403609516,0.7383100902379,0.1771944216570959,0.5094339622641509,0.686628383921247
2023-24,88484,Sarabia,MID,Wolves,99,4.5,0.5,1737,5,Creative midfielder,6,11.706416,7.9060054,4,7,5.52,5.0,10.52,6,27,30.95,0,8,358,5,0,469.2,795.3,418.0,168.4,5.129533678756477,0.2072538860103627,0.3626943005181346,0.2860103626943005,0.2590673575129533,0.5450777202072539
2023-24,103955,Sterling,MID,Chelsea,123,6.8,4.8,1972,5,Creative midfielder,6,11.923139,7.9011397,8,8,6.39,4.33,10.72,5,38,32.83,0,8,323,7,0,502.8,473.7,747.0,172.1,5.613590263691684,0.3651115618661257,0.3651115618661257,0.2916328600405679,0.1976166328600405,0.4892494929006085
2023-24,114243,J.Murphy,MID,Newcastle,82,4.8,0.2,1184,5,Creative midfielder,6,11.872108,8.122286,3,8,2.23,3.35,5.58,5,21,18.42,0,4,312,1,0,377.8,453.4,270.0,110.0,6.233108108108108,0.2280405405405405,0.6081081081081081,0.1695101351351351,0.2546452702702703,0.4241554054054054
2023-24,153682,Wilson,MID,Fulham,94,5.3,0.2,1603,5,Creative midfielder,6,11.613546,8.3591795,4,7,3.45,2.63,6.08,5,30,33.01,0,5,307,6,0,375.0,357.3,340.0,107.2,5.277604491578291,0.2245789145352464,0.3930131004366812,0.19369931378665,0.1476606363069245,0.3413599500935745
2023-24,172780,Maddison,MID,Spurs,117,7.8,10.0,2137,5,Creative midfielder,6,11.794368,7.4137015,4,11,6.53,6.21,12.74,7,31,32.54,0,9,495,5,0,630.4,979.5,605.0,221.4,4.927468413664015,0.1684604585868039,0.4632662611137108,0.2750116986429574,0.2615348619560131,0.5365465605989705
2023-24,205651,G.Jesus,FWD,Arsenal,85,7.7,2.6,1470,5,Creative midfielder,6,11.87904,8.221218,4,7,6.27,3.26,9.53,11,11,11.67,0,10,271,6,0,364.8,403.0,756.0,152.7,5.204081632653061,0.2448979591836734,0.4285714285714286,0.3838775510204081,0.1995918367346938,0.583469387755102
2023-24,215711,Bailey,MID,Aston Villa,148,5.4,3.1,2063,5,Creative midfielder,6,12.115915,7.6179986,10,11,6.29,7.17,13.46,5,32,36.17,0,11,482,5,0,663.2,707.1,623.0,199.1,6.456616577799322,0.4362578768783325,0.4798836645661657,0.2744062045564712,0.3127968977217644,0.5872031022782357
2023-24,232413,Eze,MID,Crystal Palace,136,6.0,5.4,2054,5,Creative midfielder,6,12.480916,7.6762805,11,5,9.12,5.66,14.78,8,28,32.39,0,11,490,3,0,740.4,810.0,735.0,228.7,5.959104186952288,0.4819863680623173,0.2190847127555988,0.3996105160662122,0.2480038948393378,0.6476144109055502
2023-24,242898,Johnson,MID,Spurs,131,5.8,2.0,2317,5,Creative midfielder,6,12.056335,7.5660095,5,12,10.36,4.3,14.65,5,42,43.97,0,9,397,3,0,554.4,624.3,782.0,196.3,5.088476478204575,0.194216659473457,0.4661199827362969,0.402416918429003,0.167026327147173,0.5690548122572292
2023-24,243557,Diaby,MID,Aston Villa,142,6.3,5.8,2168,5,Creative midfielder,6,11.997261,7.600788,6,11,7.4,4.24,11.64,8,40,35.75,0,10,429,1,0,515.4,617.8,675.0,180.6,5.894833948339484,0.2490774907749077,0.4566420664206642,0.3071955719557195,0.1760147601476014,0.483210332103321
2023-24,244731,Luis Díaz,MID,Liverpool,142,7.6,10.0,2625,5,Creative midfielder,6,12.562539,7.640225,8,7,12.08,4.73,16.81,7,33,35.22,0,9,413,3,0,613.0,844.0,1190.0,264.6,4.868571428571428,0.2742857142857143,0.24,0.4141714285714286,0.1621714285714286,0.5763428571428572
2023-24,247632,Neto,MID,Wolves,86,5.5,1.3,1516,5,Creative midfielder,6,11.761352,8.117703,2,11,3.17,3.69,6.86,3,27,29.09,0,8,310,4,0,371.4,599.2,389.0,135.5,5.105540897097626,0.1187335092348284,0.6530343007915568,0.1881926121372031,0.2190633245382585,0.4072559366754617
2023-24,248875,Doku,MID,Man City,98,6.4,1.9,1585,5,Creative midfielder,6,11.886444,7.80768,3,10,2.57,5.85,8.42,1,19,16.21,0,13,391,3,0,524.2,640.2,875.0,203.9,5.564668769716088,0.1703470031545741,0.5678233438485805,0.1459305993690851,0.3321766561514195,0.4781072555205047
2023-24,443661,Olise,MID,Crystal Palace,125,5.7,5.3,1272,5,Creative midfielder,6,12.2616825,7.87895,10,6,5.32,4.96,10.28,3,19,18.89,0,21,438,0,0,627.6,568.7,556.0,175.4,8.84433962264151,0.7075471698113207,0.4245283018867924,0.3764150943396227,0.350943396226415,0.7273584905660376
2023-24,444884,Elliott,MID,Liverpool,96,4.8,0.4,1330,5,Creative midfielder,6,11.887362,7.994228,3,9,2.72,4.68,7.4,4,13,19.29,0,8,402,2,0,417.2,570.0,391.0,137.5,6.49624060150376,0.2030075187969925,0.6090225563909775,0.1840601503759398,0.3166917293233082,0.5007518796992482
2023-24,446008,Mbeumo,MID,Brentford,127,6.8,6.7,1957,5,Creative midfielder,6,12.336349,7.717081,9,7,9.7,5.67,15.37,5,31,28.31,0,12,364,2,0,554.2,572.1,576.0,170.1,5.840572304547777,0.4138988247317322,0.3219213081246806,0.4460909555442003,0.2607562595809913,0.7068472151251917
2023-24,449434,Elanga,MID,Nott'm Forest,119,4.9,1.1,2424,5,Creative midfielder,6,11.607774,7.815279,5,9,6.2,4.04,10.24,2,47,39.39,0,5,386,1,0,536.4,441.6,618.0,159.2,4.4183168316831685,0.1856435643564356,0.3341584158415841,0.2301980198019802,0.15,0.3801980198019801
2023-24,451340,Mitoma,MID,Brighton,74,6.4,11.8,1485,5,Creative midfielder,6,11.665906,8.273056,3,7,3.49,3.56,7.05,1,27,24.64,0,7,252,4,0,327.6,375.1,636.0,134.0,4.484848484848484,0.1818181818181818,0.4242424242424242,0.2115151515151515,0.2157575757575758,0.4272727272727273
2023-24,460842,Kudus,MID,West Ham,137,6.7,3.0,2485,5,Creative midfielder,6,11.591985,7.6524496,8,9,5.06,3.48,8.54,3,61,49.5,0,13,476,6,0,667.2,472.9,566.0,170.8,4.961770623742455,0.289738430583501,0.3259557344064386,0.1832595573440643,0.1260362173038229,0.3092957746478872
2023-24,465920,Mudryk,MID,Chelsea,94,6.3,0.9,1564,5,Creative midfielder,6,11.687599,8.34156,5,5,4.77,3.15,7.92,7,28,25.05,0,5,291,5,0,347.2,457.5,420.0,122.4,5.40920716112532,0.2877237851662404,0.2877237851662404,0.2744884910485933,0.1812659846547314,0.4557544757033248
2023-24,475168,João Pedro,FWD,Brighton,104,5.2,6.1,2037,5,Creative midfielder,6,12.583428,7.765615,9,3,12.01,4.64,16.65,5,38,32.63,0,12,406,2,0,622.4,578.8,932.0,213.4,4.594992636229749,0.3976435935198821,0.1325478645066274,0.5306332842415317,0.2050073637702503,0.7356406480117819
2023-24,18892,Young,DEF,Everton,76,4.4,0.4,2277,6,Balanced defender,0,9.191197,10.2023735,0,1,0.67,1.51,2.18,9,34,37.73,0,3,375,5,1,284.8,365.2,87.0,74.0,3.003952569169961,0.0,0.0395256916996047,0.0264822134387351,0.0596837944664031,0.0861660079051383
2023-24,51927,Mee,DEF,Brentford,39,4.7,1.1,1272,6,Balanced defender,0,9.76767,10.684496,2,1,1.57,0.78,2.35,1,28,24.8,0,3,210,1,1,334.8,88.2,118.0,54.2,2.759433962264151,0.1415094339622641,0.070754716981132,0.1110849056603773,0.055188679245283,0.1662735849056603
2023-24,80146,J.Ayew,MID,Crystal Palace,109,5.3,0.3,2540,6,Balanced defender,0,9.453614,9.087469,4,7,3.97,2.55,6.52,11,39,36.77,0,3,325,7,1,517.6,445.2,550.0,151.1,3.862204724409449,0.1417322834645669,0.2480314960629921,0.1406692913385827,0.0903543307086614,0.231023622047244
2023-24,82514,Ream,DEF,Fulham,40,4.4,0.6,1503,6,Balanced defender,0,9.582502,10.715469,1,0,0.96,0.16,1.12,3,31,34.03,0,4,267,2,1,339.8,18.2,45.0,40.4,2.395209580838323,0.059880239520958,0.0,0.0574850299401197,0.0095808383233532,0.067065868263473
2023-24,83299,Dunk,DEF,Brighton,89,5.2,5.3,2869,6,Balanced defender,0,8.956023,8.966805,3,1,3.15,2.24,5.38,5,53,49.76,0,11,567,6,1,823.0,205.4,389.0,141.7,2.7919135587312653,0.0941094457999302,0.0313698152666434,0.0988149180899267,0.0702683861972812,0.1687696061345416
2023-24,90585,Boly,DEF,Nott'm Forest,58,4.5,0.5,1437,6,Balanced defender,0,9.642408,10.819639,2,1,1.56,0.77,2.33,3,26,26.3,0,7,275,1,1,480.0,100.5,200.0,78.1,3.632567849686848,0.1252609603340292,0.0626304801670146,0.0977035490605428,0.0482254697286012,0.145929018789144
2023-24,97032,Virgil,DEF,Liverpool,117,6.6,17.7,3177,6,Balanced defender,0,9.010023,9.011973,2,2,2.88,1.04,3.92,9,40,45.72,0,8,662,3,1,911.2,176.3,449.0,153.8,3.3144475920679883,0.0566572237960339,0.0566572237960339,0.0815864022662889,0.0294617563739376,0.1110481586402266
2023-24,102057,Raúl,FWD,Fulham,72,5.0,0.6,1390,6,Balanced defender,0,11.102228,10.025463,7,0,5.37,0.96,6.33,4,29,37.43,0,13,237,3,1,335.8,185.9,440.0,95.1,4.661870503597122,0.4532374100719424,0.0,0.3476978417266187,0.0621582733812949,0.4098561151079137
2023-24,122806,McGinn,MID,Aston Villa,119,5.3,0.9,3000,6,Balanced defender,0,9.448629,8.79109,6,5,5.01,4.99,10.0,7,54,49.85,0,9,502,9,1,640.4,690.7,360.0,169.4,3.5700000000000003,0.18,0.15,0.1503,0.1497,0.3
2023-24,151086,Mario Jr.,MID,Wolves,95,4.9,0.1,2969,6,Balanced defender,0,8.867975,8.966208,4,1,4.6,1.26,5.86,4,55,60.17,0,13,490,10,1,621.6,333.6,470.0,142.7,2.8797574941057595,0.1212529471202425,0.0303132367800606,0.1394408891882788,0.0381946783428763,0.1776355675311552
2023-24,155408,L.Cook,MID,Bournemouth,77,4.8,0.1,2787,6,Balanced defender,0,9.0982685,9.437637,0,3,0.42,2.92,3.34,8,51,50.3,0,5,446,5,1,520.2,681.9,67.0,127.2,2.4865446716899893,0.0,0.0968783638320775,0.0135629709364908,0.0942949407965554,0.1078579117330462
2023-24,164555,Coufal,DEF,West Ham,85,4.5,2.0,3135,6,Balanced defender,0,8.8220005,9.136783,0,7,0.35,3.01,3.36,4,70,66.02,0,9,514,5,1,661.6,500.0,92.0,125.6,2.4401913875598087,0.0,0.200956937799043,0.0100478468899521,0.0864114832535885,0.0964593301435406
2023-24,168991,Billing,MID,Bournemouth,60,5.1,0.3,1385,6,Balanced defender,0,9.984458,10.478928,2,3,2.53,2.11,4.64,2,36,29.25,0,3,228,3,1,304.2,313.5,267.0,88.3,3.898916967509025,0.1299638989169675,0.1949458483754512,0.1644043321299639,0.1371119133574007,0.3015162454873646
2023-24,169432,McBurnie,FWD,Sheffield Utd,66,5.4,0.1,1279,6,Balanced defender,0,10.360779,10.30527,6,3,6.91,1.98,8.88,1,43,27.74,0,9,225,3,2,377.4,195.9,501.0,107.5,4.644253322908522,0.4222048475371384,0.2111024237685692,0.4862392494136044,0.1393275996872556,0.6248631743549649
2023-24,172782,Brownhill,MID,Burnley,78,4.7,0.2,2248,6,Balanced defender,0,9.054123,9.505464,4,2,1.81,2.04,3.85,2,56,47.82,0,2,365,4,1,499.0,501.5,234.0,123.5,3.122775800711744,0.1601423487544483,0.0800711743772241,0.0724644128113879,0.0816725978647686,0.1541370106761566
2023-24,199170,Niakhaté,DEF,Nott'm Forest,29,4.5,0.1,1456,6,Balanced defender,0,9.6054325,10.719185,1,0,1.3,0.25,1.55,1,36,27.6,0,1,238,3,1,316.6,51.7,55.0,42.3,1.7925824175824174,0.0618131868131868,0.0,0.0803571428571428,0.0154532967032967,0.0958104395604395
2023-24,199249,Reguilón,DEF,Brentford,74,4.5,3.0,1524,6,Balanced defender,0,9.359783,9.405215,0,6,0.94,2.83,3.77,5,30,30.44,0,14,350,7,1,390.2,436.3,111.0,93.8,4.3700787401574805,0.0,0.3543307086614173,0.055511811023622,0.1671259842519685,0.2226377952755905
2023-24,200402,N.Semedo,DEF,Wolves,63,4.5,0.6,3084,6,Balanced defender,0,8.658856,9.264319,0,2,0.97,1.69,2.65,5,62,69.09,0,0,455,10,1,508.8,395.7,165.0,107.2,1.8385214007782105,0.0,0.0583657587548638,0.0283073929961089,0.0493190661478599,0.0773346303501945
2023-24,204716,Konaté,DEF,Liverpool,56,4.9,2.0,1570,6,Balanced defender,0,9.362615,10.500107,0,0,0.7,0.47,1.17,6,19,21.42,0,2,315,3,1,357.4,139.9,87.0,58.5,3.2101910828025475,0.0,0.0,0.0401273885350318,0.0269426751592356,0.0670700636942675
2023-24,206915,Jones,MID,Liverpool,40,4.9,0.1,1156,6,Balanced defender,0,9.895297,10.625436,1,1,2.74,1.04,3.78,2,19,19.42,0,2,171,3,1,174.0,203.2,195.0,57.0,3.114186851211073,0.0778546712802768,0.0778546712802768,0.2133217993079585,0.0809688581314879,0.2942906574394463
2023-24,207189,Berge,MID,Burnley,74,4.6,0.1,3002,6,Balanced defender,0,8.691736,9.141354,1,2,2.04,1.66,3.7,2,70,66.96,0,3,430,8,1,533.6,446.3,161.0,114.3,2.218520986009327,0.0299800133244503,0.0599600266489007,0.0611592271818787,0.0497668221185876,0.1109260493004663
2023-24,210494,N.Aguerd,DEF,West Ham,36,4.4,0.5,1857,6,Balanced defender,0,9.508194,10.672336,1,0,1.37,0.41,1.78,2,44,38.79,0,0,282,1,1,439.4,58.1,145.0,64.4,1.7447495961227786,0.048465266558966,0.0,0.0663974151857835,0.019870759289176,0.0862681744749596
2023-24,211975,Akanji,DEF,Man City,112,5.0,5.6,2512,6,Balanced defender,0,9.054379,10.205384,2,0,1.77,1.79,3.56,11,23,25.72,0,8,560,2,1,536.4,298.7,137.0,97.4,4.012738853503184,0.071656050955414,0.0,0.0634156050955414,0.0641321656050955,0.1275477707006369
2023-24,216051,Dalot,DEF,Man Utd,111,5.2,7.4,3174,6,Balanced defender,0,9.007149,9.046567,2,3,1.67,2.38,4.05,8,55,64.76,0,13,662,4,1,738.6,590.8,212.0,154.4,3.1474480151228734,0.0567107750472589,0.0850661625708884,0.0473534971644612,0.0674858223062381,0.1148393194706994
2023-24,216616,O'Shea,DEF,Burnley,69,4.4,0.3,2892,6,Balanced defender,0,8.710886,9.224306,3,4,0.74,0.9,1.64,2,71,62.7,0,2,478,5,1,772.0,189.7,213.0,117.7,2.1473029045643157,0.0933609958506224,0.1244813278008298,0.0230290456431535,0.0280082987551867,0.0510373443983402
2023-24,219924,Diop,DEF,Fulham,43,4.4,0.4,1423,6,Balanced defender,0,9.414873,10.547967,0,0,0.26,0.42,0.68,5,26,33.2,0,3,259,2,1,348.8,20.5,37.0,40.8,2.719606465214336,0.0,0.0,0.0164441321152494,0.026563598032326,0.0430077301475755
2023-24,221632,Romero,DEF,Spurs,107,5.1,12.2,2790,6,Balanced defender,0,8.995917,8.910732,5,0,3.25,1.41,4.66,7,46,52.55,0,15,591,7,1,841.8,161.9,252.0,125.9,3.451612903225806,0.1612903225806451,0.0,0.1048387096774193,0.0454838709677419,0.1503225806451613
2023-24,223723,Tomiyasu,DEF,Arsenal,70,4.5,0.5,1140,6,Balanced defender,0,9.81446,10.788291,2,1,1.74,0.68,2.42,6,10,14.03,0,4,244,0,1,247.0,141.8,143.0,52.8,5.526315789473684,0.1578947368421052,0.0789473684210526,0.1373684210526315,0.0536842105263157,0.1910526315789473
2023-24,226944,Kamara,MID,Aston Villa,40,5.0,0.1,1653,6,Balanced defender,0,9.222727,10.278869,0,1,0.13,1.39,1.52,7,22,24.68,0,1,247,7,1,256.2,292.7,44.0,59.1,2.177858439201452,0.0,0.0544464609800363,0.0070780399274047,0.0756805807622504,0.0827586206896551
2023-24,227127,Bissouma,MID,Spurs,44,5.0,0.3,2070,6,Balanced defender,0,9.201504,10.243179,0,0,1.18,1.67,2.85,7,35,41.3,0,0,315,8,2,403.0,279.4,140.0,82.3,1.9130434782608696,0.0,0.0,0.0513043478260869,0.0726086956521739,0.1239130434782608
2023-24,231057,Bellegarde,MID,Wolves,45,4.9,0.0,948,6,Balanced defender,0,9.903746,10.674416,2,2,1.35,0.76,2.11,0,24,26.15,0,1,150,0,1,189.8,170.1,163.0,52.2,4.272151898734178,0.1898734177215189,0.1898734177215189,0.1281645569620253,0.0721518987341772,0.2003164556962025
2023-24,232787,Gallagher,MID,Chelsea,129,5.4,1.7,3129,6,Balanced defender,0,9.454758,8.786523,5,8,4.01,3.53,7.54,8,56,52.43,0,10,618,7,1,754.8,821.5,401.0,197.4,3.7104506232023007,0.1438159156279961,0.2301054650047938,0.1153403643336529,0.1015340364333653,0.2168744007670182
2023-24,232892,Bassey,DEF,Fulham,66,4.4,0.4,2299,6,Balanced defender,0,9.335563,10.59717,1,0,0.37,0.16,0.53,6,42,40.83,0,4,442,4,1,462.8,34.8,50.0,55.0,2.583732057416268,0.039147455415398,0.0,0.0144845585036972,0.0062635928664636,0.0207481513701609
2023-24,233821,Ahmedhodžić,DEF,Sheffield Utd,31,4.3,0.2,2649,6,Balanced defender,0,8.589516,8.975122,2,0,3.03,0.58,3.61,1,89,61.13,0,4,325,9,1,568.4,96.7,228.0,89.6,1.0532276330690826,0.0679501698754246,0.0,0.1029445073612684,0.0197055492638731,0.1226500566251415
2023-24,243016,Mac Allister,MID,Liverpool,109,5.9,3.9,2600,6,Balanced defender,0,9.514503,8.868656,5,5,3.59,4.89,8.48,6,34,37.16,0,12,512,7,1,712.4,726.7,224.0,166.2,3.773076923076923,0.173076923076923,0.173076923076923,0.1242692307692307,0.1692692307692307,0.2935384615384615
2023-24,243568,Gilmour,MID,Brighton,61,4.8,0.2,2116,6,Balanced defender,0,9.200308,9.9139385,0,3,0.98,2.56,3.54,6,37,36.04,0,4,354,8,1,291.4,481.5,104.0,87.7,2.5945179584120983,0.0,0.1275992438563327,0.0416824196597353,0.1088846880907372,0.1505671077504725
2023-24,435973,Foster,FWD,Burnley,75,4.7,0.4,1898,6,Balanced defender,0,10.125893,10.373393,5,3,4.36,1.27,5.63,2,43,40.47,0,4,229,0,1,364.2,263.4,467.0,109.6,3.556375131717598,0.2370916754478398,0.1422550052687039,0.2067439409905163,0.0602212855637513,0.2669652265542676
2023-24,482609,Gusto,DEF,Chelsea,74,4.3,8.2,1746,6,Balanced defender,0,9.410356,9.402887,0,6,1.01,3.39,4.4,5,28,26.12,0,10,409,7,1,434.8,494.8,174.0,110.4,3.814432989690722,0.0,0.3092783505154639,0.052061855670103,0.1747422680412371,0.2268041237113402
2023-24,487053,Udogie,DEF,Spurs,79,4.9,5.2,2391,6,Balanced defender,0,9.180887,9.413064,2,3,2.42,2.36,4.78,5,43,48.7,0,8,402,5,1,534.8,357.9,279.0,117.3,2.973651191969887,0.0752823086574654,0.1129234629861982,0.0910915934755332,0.0888331242158092,0.1799247176913425
2023-24,503724,Assignon,DEF,Burnley,25,4.0,0.2,1235,6,Balanced defender,0,9.699133,10.623284,1,2,0.42,1.55,1.97,0,32,33.62,0,3,140,3,1,270.2,176.0,119.0,56.6,1.8218623481781375,0.0728744939271255,0.145748987854251,0.0306072874493927,0.1129554655870445,0.1435627530364372
2023-24,544877,Kerkez,DEF,Bournemouth,59,4.4,0.3,1966,6,Balanced defender,0,9.3078575,10.346393,0,2,1.32,1.06,2.38,6,37,36.85,0,1,290,4,1,310.0,216.5,150.0,67.7,2.700915564598169,0.0,0.091556459816887,0.0604272634791454,0.0485249237029501,0.1089521871820956
2023-24,60307,Gross,MID,Brighton,153,6.1,4.1,3112,7,Elite playmaker,3,11.3122,6.8695307,4,11,6.4,8.89,15.29,7,50,51.16,0,29,724,6,0,988.6,1674.9,434.0,309.9,4.424807197943445,0.1156812339331619,0.3181233933161954,0.1850899742930591,0.2571015424164524,0.4421915167095115
2023-24,77794,Trippier,DEF,Newcastle,111,6.6,21.2,2235,7,Elite playmaker,3,10.93114,7.0064907,1,10,0.65,6.97,7.62,6,43,40.26,0,20,589,5,0,719.0,1028.5,102.0,185.2,4.469798657718121,0.0402684563758389,0.4026845637583892,0.0261744966442953,0.2806711409395973,0.3068456375838926
2023-24,101178,Ward-Prowse,MID,West Ham,146,5.7,5.3,3000,7,Elite playmaker,3,10.832639,6.7926617,7,7,6.23,6.3,12.53,5,65,63.29,0,19,708,4,0,831.0,1023.5,324.0,217.5,4.38,0.21,0.21,0.1869,0.189,0.3758999999999999
2023-24,141746,B.Fernandes,MID,Man Utd,166,8.5,14.6,3118,7,Elite playmaker,3,11.525283,6.78772,10,9,9.73,10.23,19.96,7,52,63.99,0,24,729,9,0,1101.6,1663.0,748.0,351.3,4.791533033996151,0.2886465683130211,0.259781911481719,0.2808531109685696,0.2952854393842207,0.5761385503527903
2023-24,156689,Andreas,MID,Fulham,127,5.3,0.9,2611,7,Elite playmaker,3,11.085093,7.2207828,3,9,4.52,5.72,10.24,14,40,42.91,0,7,459,6,0,503.6,1254.3,417.0,217.8,4.37763309076982,0.103408655687476,0.3102259670624281,0.1558023745691306,0.197165836844121,0.3529682114132516
2023-24,165809,Bernardo,MID,Man City,141,6.2,2.9,2576,7,Elite playmaker,3,11.311366,7.0906453,6,9,3.54,8.05,11.59,10,26,26.4,0,20,604,8,0,747.4,959.5,570.0,228.0,4.926242236024844,0.2096273291925466,0.3144409937888199,0.1236801242236024,0.28125,0.4049301242236025
2023-24,169187,Alexander-Arnold,DEF,Liverpool,122,8.4,10.3,2153,7,Elite playmaker,3,11.090681,7.2798676,3,5,2.78,5.84,8.62,8,28,27.96,0,19,590,6,0,601.8,1027.5,237.0,186.8,5.099860659544821,0.1254064096609382,0.2090106827682304,0.116209939619136,0.244124477473293,0.3603344170924291
2023-24,204480,Rice,MID,Arsenal,165,5.5,6.2,3225,7,Elite playmaker,3,11.173636,6.8516192,7,9,3.53,5.09,8.62,17,28,27.08,0,17,744,5,0,959.4,745.3,451.0,215.9,4.604651162790698,0.1953488372093023,0.2511627906976744,0.0985116279069767,0.1420465116279069,0.2405581395348836
2023-24,208706,Bruno G.,MID,Newcastle,153,5.8,3.3,3264,7,Elite playmaker,3,10.9934225,6.7923827,7,9,4.91,6.2,11.11,10,60,58.64,0,15,691,8,0,968.4,948.7,489.0,241.0,4.21875,0.1930147058823529,0.2481617647058823,0.1353860294117647,0.1709558823529411,0.3063419117647059
2023-24,220566,Rodrigo,MID,Man City,159,5.6,6.1,2931,7,Elite playmaker,3,11.375028,6.9668508,8,10,3.99,6.15,10.14,14,26,29.89,0,19,737,8,1,1043.8,894.8,484.0,242.3,4.882292732855681,0.2456499488229273,0.3070624360286592,0.122517911975435,0.1888433981576254,0.3113613101330604
2023-24,222531,Gibbs-White,MID,Nott'm Forest,142,5.7,2.1,3156,7,Elite playmaker,3,11.041426,6.9453263,5,12,6.65,6.79,13.44,5,59,49.08,0,13,563,9,0,703.2,1155.2,495.0,235.6,4.0494296577946765,0.1425855513307984,0.3422053231939163,0.189638783269962,0.1936311787072243,0.3832699619771863
2023-24,230046,Douglas Luiz,MID,Aston Villa,148,5.4,4.8,2994,7,Elite playmaker,3,10.936763,6.7846384,9,5,6.69,4.86,11.55,6,57,52.79,0,25,666,12,0,761.8,867.0,381.0,201.1,4.448897795591182,0.2705410821643286,0.1503006012024048,0.2011022044088176,0.1460921843687374,0.3471943887775551
2023-24,232826,Gordon,MID,Newcastle,183,6.4,20.6,2896,7,Elite playmaker,3,11.872145,7.0990973,11,16,10.03,5.4,15.42,12,48,51.73,0,14,594,10,1,822.6,843.7,905.0,256.7,5.6871546961325965,0.3418508287292817,0.4972375690607734,0.3117058011049723,0.167817679558011,0.4792127071823204
2023-24,244262,Doughty,DEF,Luton,101,4.3,6.2,2923,7,Elite playmaker,3,10.495086,6.9545517,2,10,1.39,5.55,6.94,2,74,67.6,0,11,577,5,0,690.4,1126.0,318.0,213.3,3.1098186794389324,0.0615805679096818,0.3079028395484091,0.0427984946972288,0.170886075949367,0.213684570646596
2023-24,433154,McNeil,MID,Everton,124,5.4,0.3,2891,7,Elite playmaker,3,10.982354,7.2760897,3,8,3.26,7.9,11.16,12,39,45.06,0,8,515,2,0,615.4,1110.8,400.0,212.7,3.860255966793497,0.0933932895191975,0.2490487720511933,0.1014873746108612,0.2459356624005534,0.3474230370114147
2023-24,441164,Pedro Porro,DEF,Spurs,136,5.9,22.4,3090,7,Elite playmaker,3,10.768586,6.9323163,3,8,2.92,6.18,9.1,7,54,58.42,0,20,720,3,0,839.0,877.4,365.0,208.5,3.961165048543689,0.087378640776699,0.233009708737864,0.0850485436893203,0.18,0.2650485436893204
2023-24,445044,Kulusevski,MID,Spurs,130,6.7,2.1,2759,7,Elite playmaker,3,10.964285,6.9516735,8,3,4.95,6.37,11.31,8,46,49.32,0,14,463,7,0,698.8,950.4,953.0,260.1,4.240666908300109,0.2609641174338528,0.0978615440376948,0.1614715476621964,0.2077926785067053,0.3689380210221094
2023-24,37642,Evans,DEF,Man Utd,49,4.0,0.6,1389,8,Defensive / rotation defender,9,4.9408674,6.072458,0,1,0.06,0.27,0.33,4,24,27.68,0,3,293,2,0,330.8,81.2,21.0,43.6,3.1749460043196542,0.0,0.0647948164146868,0.0038876889848812,0.0174946004319654,0.0213822894168466
2023-24,48760,Zanka,DEF,Brentford,29,4.3,0.3,1086,8,Defensive / rotation defender,10,4.4010453,6.943813,1,0,0.74,0.55,1.29,2,24,19.72,0,3,179,4,0,216.0,94.0,90.0,40.0,2.403314917127072,0.0828729281767955,0.0,0.0613259668508287,0.0455801104972375,0.1069060773480663
2023-24,55494,Ward,DEF,Crystal Palace,54,4.5,0.2,1978,8,Defensive / rotation defender,9,5.4030814,6.218345,0,1,0.88,0.25,1.13,5,34,30.96,0,0,304,4,0,348.2,79.0,41.0,46.8,2.457027300303337,0.0,0.0455005055611729,0.0400404448938321,0.0113751263902932,0.0514155712841253
2023-24,57328,Clyne,DEF,Crystal Palace,52,4.3,0.2,1335,8,Defensive / rotation defender,10,4.3637576,6.1917477,0,1,0.21,0.21,0.42,5,16,21.65,0,0,259,0,0,179.6,67.8,21.0,27.0,3.50561797752809,0.0,0.0674157303370786,0.0141573033707865,0.0141573033707865,0.028314606741573
2023-24,87835,Doherty,DEF,Wolves,41,4.3,0.2,1136,8,Defensive / rotation defender,10,4.3309608,6.885106,1,0,0.89,0.86,1.75,1,21,23.16,0,1,186,2,0,237.8,168.1,122.0,52.9,3.2482394366197185,0.079225352112676,0.0,0.0705105633802817,0.0681338028169014,0.1386443661971831
2023-24,90152,R.Varane,DEF,Man Utd,44,4.9,2.1,1370,8,Defensive / rotation defender,9,4.7358646,6.2643957,1,0,0.81,0.36,1.17,3,23,27.29,0,2,273,2,0,356.2,35.3,85.0,47.7,2.890510948905109,0.0656934306569343,0.0,0.0532116788321168,0.0236496350364963,0.0768613138686131
2023-24,97299,Stones,DEF,Man City,53,5.3,3.1,1061,8,Defensive / rotation defender,10,4.214941,6.402867,1,0,1.06,0.4,1.46,5,9,12.27,0,3,239,2,0,188.4,128.4,70.0,38.7,4.495758718190387,0.0848256361922714,0.0,0.0899151743638077,0.0339302544769085,0.1238454288407163
2023-24,101148,Lascelles,DEF,Newcastle,46,3.7,1.9,1077,8,Defensive / rotation defender,10,4.2241826,6.330602,1,0,0.74,0.12,0.86,5,15,18.08,0,3,212,4,0,233.0,35.4,69.0,33.8,3.8440111420612815,0.0835654596100278,0.0,0.0618384401114206,0.0100278551532033,0.0718662952646239
2023-24,104047,Mpanzu,MID,Luton,35,4.6,0.0,1085,8,Defensive / rotation defender,10,4.090142,6.809509,0,0,0.6,1.41,2.01,1,29,29.41,0,0,107,1,0,108.8,102.3,70.0,28.0,2.903225806451613,0.0,0.0,0.0497695852534562,0.1169585253456221,0.1667281105990783
2023-24,106760,Shaw,DEF,Man Utd,31,5.2,2.7,960,8,Defensive / rotation defender,10,4.842257,7.7383513,0,1,0.05,0.89,0.94,4,13,20.17,0,0,195,6,0,197.2,199.3,29.0,42.6,2.9062500000000004,0.0,0.09375,0.0046875,0.0834375,0.088125
2023-24,108796,Lockyer,DEF,Luton,23,4.2,0.1,1169,8,Defensive / rotation defender,10,4.2618136,7.176257,1,1,0.99,0.29,1.28,0,23,27.64,0,1,162,4,0,286.2,39.2,80.0,40.6,1.7707442258340462,0.0769888793840889,0.0769888793840889,0.076218990590248,0.0223267750213858,0.0985457656116338
2023-24,109646,Tosin,DEF,Fulham,66,4.3,0.2,1616,8,Defensive / rotation defender,9,5.175459,5.9215407,2,0,0.78,0.32,1.1,6,25,28.19,0,2,327,2,0,431.8,39.3,152.0,62.4,3.6757425742574257,0.1113861386138613,0.0,0.0434405940594059,0.0178217821782178,0.0612623762376237
2023-24,110735,Webster,DEF,Brighton,26,4.2,0.3,1142,8,Defensive / rotation defender,10,4.120984,6.8227835,0,0,0.5,0.33,0.83,2,22,18.16,0,2,212,2,0,252.2,89.3,54.0,39.7,2.0490367775831877,0.0,0.0,0.0394045534150613,0.0260070052539404,0.0654115586690017
2023-24,111478,Veltman,DEF,Brighton,49,4.3,0.6,1579,8,Defensive / rotation defender,9,5.2168617,6.555776,1,1,0.46,0.53,0.99,3,32,25.63,0,0,294,4,0,320.8,97.8,98.0,51.8,2.79290690310323,0.0569981000633312,0.0569981000633312,0.0262191260291323,0.0302089930335655,0.0564281190626979
2023-24,111773,Krafth,DEF,Newcastle,33,4.4,0.1,909,8,Defensive / rotation defender,10,4.0918136,6.5999656,0,0,0.2,0.76,0.96,3,15,12.94,0,1,187,2,0,164.2,145.4,28.0,33.8,3.267326732673268,0.0,0.0,0.0198019801980198,0.0752475247524752,0.095049504950495
2023-24,132015,Højbjerg,MID,Spurs,39,5.1,0.3,1289,8,Defensive / rotation defender,9,5.120779,6.920721,0,0,0.68,1.57,2.24,1,28,26.52,0,0,239,4,0,282.2,205.8,108.0,59.7,2.723041117145074,0.0,0.0,0.047478665632273,0.1096198603568657,0.156400310318076
2023-24,158983,Endo,MID,Liverpool,47,5.4,0.1,1714,8,Defensive / rotation defender,10,4.8259573,7.7844896,1,0,0.51,1.53,2.04,6,16,22.42,0,0,250,10,0,281.6,269.5,53.0,60.1,2.4679113185530923,0.0525087514585764,0.0,0.0267794632438739,0.0803383897316219,0.1071178529754959
2023-24,159506,Aina,DEF,Nott'm Forest,45,4.5,0.3,1690,8,Defensive / rotation defender,9,5.392429,6.67958,1,1,0.34,1.01,1.35,2,39,29.01,0,2,289,3,0,312.0,181.7,49.0,54.4,2.396449704142012,0.0532544378698224,0.0532544378698224,0.0181065088757396,0.0537869822485207,0.0718934911242603
2023-24,165183,Bell,DEF,Luton,35,3.8,2.2,1720,8,Defensive / rotation defender,9,5.3056097,6.3503947,0,0,0.38,0.43,0.81,2,41,38.68,0,3,263,0,0,358.2,119.6,50.0,52.7,1.8313953488372092,0.0,0.0,0.0198837209302325,0.0225,0.0423837209302325
2023-24,165659,Diego Carlos,DEF,Aston Villa,55,4.4,0.5,1809,8,Defensive / rotation defender,9,5.6441503,6.0626707,0,0,1.95,0.35,2.3,6,36,33.17,0,1,338,4,0,370.4,59.8,100.0,53.2,2.736318407960199,0.0,0.0,0.0970149253731343,0.017412935323383,0.1144278606965174
2023-24,167878,Osborn,MID,Sheffield Utd,38,4.8,0.0,1359,8,Defensive / rotation defender,9,5.3642373,7.1596394,0,2,0.22,0.93,1.15,0,40,28.43,0,0,182,3,0,191.4,212.2,26.0,42.8,2.5165562913907285,0.0,0.1324503311258278,0.014569536423841,0.0615894039735099,0.0761589403973509
2023-24,171101,Lenglet,DEF,Aston Villa,24,4.5,0.2,1153,8,Defensive / rotation defender,10,4.5524683,6.997533,0,1,0.81,0.52,1.33,2,27,23.45,0,0,207,3,0,250.6,41.8,103.0,39.5,1.873373807458803,0.0,0.0780572419774501,0.0632263660017346,0.040589765828274,0.1038161318300086
2023-24,172912,Amrabat,MID,Man Utd,26,5.0,0.1,929,8,Defensive / rotation defender,10,4.259551,7.470142,0,0,0.07,0.36,0.43,2,15,19.46,0,0,125,6,0,159.0,102.5,6.0,27.0,2.518837459634015,0.0,0.0,0.0067814854682454,0.0348762109795479,0.0416576964477933
2023-24,179519,Mangala,MID,Nott'm Forest,40,5.0,0.0,1562,8,Defensive / rotation defender,10,4.3866506,7.451904,1,0,0.77,0.28,1.05,3,31,24.5,0,0,186,6,0,208.0,108.7,44.0,36.0,2.3047375160051216,0.057618437900128,0.0,0.0443661971830985,0.0161331626120358,0.0604993597951344
2023-24,180736,Chalobah,DEF,Chelsea,39,4.3,2.0,949,8,Defensive / rotation defender,10,4.1196632,6.2974663,1,0,0.2,0.16,0.36,3,14,15.26,0,4,221,1,0,250.8,45.4,38.0,33.4,3.698630136986301,0.0948366701791359,0.0,0.0189673340358271,0.0151738672286617,0.0341412012644889
2023-24,184704,Nakamba,MID,Luton,21,4.3,0.4,1131,8,Defensive / rotation defender,10,4.0035915,7.414962,0,0,0.18,0.49,0.67,0,24,26.26,0,0,131,5,0,146.4,102.8,14.0,26.5,1.6710875331564987,0.0,0.0,0.0143236074270557,0.0389920424403183,0.053315649867374
2023-24,198826,Godfrey,DEF,Everton,37,4.3,0.2,1120,8,Defensive / rotation defender,10,4.167808,6.56159,0,0,1.76,0.55,2.31,4,13,18.73,0,0,166,2,0,221.4,64.9,156.0,44.3,2.9732142857142856,0.0,0.0,0.1414285714285714,0.0441964285714285,0.185625
2023-24,199056,Osho,DEF,Luton,41,4.4,0.1,1846,8,Defensive / rotation defender,9,5.900267,6.221125,2,0,1.09,0.16,1.25,2,47,45.02,0,1,286,3,0,448.6,37.9,103.0,59.0,1.998916576381365,0.0975081256771397,0.0,0.0531419284940411,0.0078006500541711,0.0609425785482123
2023-24,209036,Guéhi,DEF,Crystal Palace,66,4.2,1.3,2020,8,Defensive / rotation defender,9,5.8466315,5.953498,0,1,0.58,1.0,1.58,6,32,31.51,0,6,397,2,0,417.8,106.6,35.0,56.1,2.9405940594059405,0.0,0.0445544554455445,0.0258415841584158,0.0445544554455445,0.0703960396039604
2023-24,210462,Sangaré,MID,Nott'm Forest,25,4.9,0.0,1031,8,Defensive / rotation defender,10,4.2066245,7.4124813,0,0,0.67,0.4,1.07,4,16,14.75,0,0,89,6,0,168.8,112.9,43.0,32.5,2.182347235693501,0.0,0.0,0.0584869059165858,0.034917555771096,0.0934044616876818
2023-24,212314,Lukić,MID,Fulham,43,4.3,0.3,1113,8,Defensive / rotation defender,10,4.2321553,6.5407076,1,0,1.49,0.46,1.95,5,20,22.86,0,0,157,3,0,192.4,155.6,115.0,46.2,3.477088948787062,0.0808625336927223,0.0,0.1204851752021563,0.0371967654986522,0.1576819407008086
2023-24,214590,Wan-Bissaka,DEF,Man Utd,47,4.4,2.0,1778,8,Defensive / rotation defender,9,5.5962214,6.5055413,0,2,0.11,1.47,1.58,3,34,38.57,0,5,323,4,0,397.8,196.5,60.0,65.5,2.379077615298088,0.0,0.1012373453318335,0.0055680539932508,0.0744094488188976,0.0799775028121484
2023-24,215136,Williams,DEF,Nott'm Forest,39,4.3,0.2,1630,8,Defensive / rotation defender,9,5.3486757,6.8749366,0,1,0.74,1.54,2.28,1,33,23.05,0,2,224,4,0,393.4,195.2,139.0,72.8,2.1533742331288344,0.0,0.0552147239263803,0.0408588957055214,0.0850306748466257,0.1258895705521472
2023-24,220237,Botman,DEF,Newcastle,51,4.5,4.3,1375,8,Defensive / rotation defender,9,5.4541335,6.495149,2,2,0.62,0.54,1.16,3,29,31.58,0,4,298,2,0,386.8,62.9,104.0,55.5,3.3381818181818184,0.1309090909090909,0.1309090909090909,0.0405818181818181,0.0353454545454545,0.0759272727272727
2023-24,220394,Doyle,MID,Wolves,38,4.4,0.1,1209,8,Defensive / rotation defender,10,4.1034727,6.739744,0,0,0.42,0.87,1.29,3,24,22.22,0,0,197,2,0,198.4,173.7,55.0,42.7,2.8287841191067,0.0,0.0,0.0312655086848635,0.0647642679900744,0.0960297766749379
2023-24,223434,Igor,DEF,Brighton,37,4.3,0.2,1631,8,Defensive / rotation defender,10,4.6777544,6.819482,0,0,0.25,0.5,0.75,2,26,24.36,0,1,311,4,0,297.8,135.5,23.0,45.8,2.041692213366033,0.0,0.0,0.0137952176578786,0.0275904353157572,0.0413856529736358
2023-24,226956,Roerslev,DEF,Brentford,75,4.4,0.4,1975,8,Defensive / rotation defender,9,6.1415343,6.107485,1,2,1.05,1.34,2.39,5,40,37.71,0,3,354,1,0,382.0,281.3,94.0,76.3,3.4177215189873418,0.0455696202531645,0.0911392405063291,0.0478481012658227,0.0610632911392405,0.1089113924050633
2023-24,232980,Aarons,DEF,Bournemouth,28,4.4,0.1,1233,8,Defensive / rotation defender,10,4.5918603,6.8537755,0,1,0.04,0.89,0.93,2,35,26.75,0,0,199,1,0,179.6,114.0,27.0,31.8,2.043795620437956,0.0,0.072992700729927,0.002919708029197,0.064963503649635,0.0678832116788321
2023-24,233963,Mavropanos,DEF,West Ham,40,4.5,0.1,1500,8,Defensive / rotation defender,9,4.8613997,6.2676578,1,0,1.19,0.09,1.28,3,27,29.36,0,3,229,2,0,300.2,41.9,112.0,45.3,2.4000000000000004,0.06,0.0,0.0713999999999999,0.0053999999999999,0.0768
2023-24,235530,Kelly,DEF,Bournemouth,48,4.5,0.1,1553,8,Defensive / rotation defender,9,5.146652,6.2060404,0,1,0.34,0.77,1.11,4,32,25.04,0,5,293,2,0,279.0,141.8,48.0,46.9,2.7817128139085643,0.0,0.0579523502897617,0.0197037990985189,0.0446233097231165,0.0643271088216355
2023-24,241157,E.Royal,DEF,Spurs,27,4.3,0.8,1152,8,Defensive / rotation defender,9,5.0226216,6.77488,1,0,0.22,0.86,1.08,0,31,28.71,0,4,233,4,0,316.0,119.5,55.0,49.4,2.109375,0.078125,0.0,0.0171875,0.0671875,0.084375
2023-24,241231,Beyer,DEF,Burnley,30,3.9,0.8,1234,8,Defensive / rotation defender,10,4.4743495,7.3775015,0,1,0.56,0.19,0.75,2,23,20.87,0,4,236,6,0,330.8,46.1,35.0,41.3,2.188006482982172,0.0,0.072933549432739,0.0408427876823338,0.0138573743922204,0.0547001620745543
2023-24,242880,B.Badiashile,DEF,Chelsea,35,4.4,0.3,1337,8,Defensive / rotation defender,9,5.1880975,6.528919,0,1,0.27,0.92,1.19,3,31,25.42,0,4,267,3,0,336.4,87.4,51.0,47.5,2.356020942408377,0.0,0.0673148840688107,0.0181750186985789,0.0619296933433059,0.0801047120418848
2023-24,244619,Thomas,DEF,Sheffield Utd,7,4.0,0.0,916,8,Defensive / rotation defender,10,3.9832766,7.25101,0,0,0.53,0.18,0.71,0,29,21.7,0,0,80,3,0,127.8,53.9,64.0,24.7,0.6877729257641921,0.0,0.0,0.0520742358078602,0.0176855895196506,0.0697598253275109
2023-24,427623,C.Richards,DEF,Crystal Palace,62,3.9,1.5,2091,8,Defensive / rotation defender,9,5.7024336,6.0931044,1,1,0.6,0.17,0.77,4,38,33.16,0,4,370,3,0,456.2,87.5,108.0,65.2,2.66857962697274,0.0430416068866571,0.0430416068866571,0.0258249641319942,0.0073170731707317,0.0331420373027259
2023-24,438464,C.Doucouré,MID,Crystal Palace,21,4.8,0.0,920,8,Defensive / rotation defender,10,4.075043,6.824315,0,0,0.28,0.76,1.04,3,12,13.76,0,0,141,2,0,165.8,138.5,36.0,34.2,2.0543478260869565,0.0,0.0,0.027391304347826,0.0743478260869565,0.1017391304347826
2023-24,441191,Livramento,DEF,Newcastle,45,4.0,1.1,1302,8,Defensive / rotation defender,9,4.8630257,6.372421,1,0,0.38,0.83,1.21,2,27,28.63,0,4,253,1,0,292.0,193.9,96.0,58.4,3.1105990783410142,0.0691244239631336,0.0,0.0262672811059907,0.0573732718894009,0.0836405529953917
2023-24,441428,Quansah,DEF,Liverpool,49,4.0,0.5,1188,8,Defensive / rotation defender,10,4.270632,6.237046,2,0,1.04,0.19,1.23,2,15,14.28,0,5,263,1,0,331.6,58.8,104.0,49.4,3.712121212121212,0.1515151515151515,0.0,0.0787878787878788,0.0143939393939393,0.0931818181818181
2023-24,460028,Colwill,DEF,Chelsea,65,4.6,2.1,1794,8,Defensive / rotation defender,9,5.384911,5.9079123,1,1,1.29,0.53,1.82,5,26,28.43,0,4,355,2,0,394.6,113.2,163.0,67.2,3.260869565217392,0.0501672240802675,0.0501672240802675,0.0647157190635451,0.0265886287625418,0.0913043478260869
2023-24,477717,Estève,DEF,Burnley,15,4.0,0.0,1310,8,Defensive / rotation defender,10,4.055743,7.4233627,0,0,0.27,0.16,0.43,0,28,27.6,0,0,157,6,0,229.2,38.9,29.0,29.9,1.0305343511450382,0.0,0.0,0.0185496183206106,0.0109923664122137,0.0295419847328244
2023-24,487968,Al-Dakhil,DEF,Burnley,19,3.8,1.2,1055,8,Defensive / rotation defender,10,3.93568,7.052805,1,0,1.28,0.54,1.81,0,26,20.63,0,0,127,1,0,193.0,42.8,84.0,32.0,1.6208530805687202,0.0853080568720379,0.0,0.1091943127962085,0.0460663507109004,0.1544075829383886
2023-24,532372,Arblaster,MID,Sheffield Utd,19,4.5,0.0,942,8,Defensive / rotation defender,10,4.0434713,6.9608564,0,0,0.02,0.82,0.84,0,28,20.34,0,0,131,2,0,155.4,140.5,23.0,32.0,1.8152866242038213,0.0,0.0,0.0019108280254777,0.0783439490445859,0.0802547770700636
2023-24,535301,Baleba,MID,Brighton,34,4.5,0.0,1314,8,Defensive / rotation defender,10,4.294925,7.4847956,0,0,0.85,0.24,1.08,2,28,23.59,0,0,174,7,0,179.8,134.7,72.0,38.8,2.328767123287671,0.0,0.0,0.0582191780821917,0.0164383561643835,0.073972602739726
2023-24,538210,Brooks,MID,Sheffield Utd,26,4.4,0.0,932,8,Defensive / rotation defender,10,3.8501737,7.002149,0,0,0.49,0.24,0.73,1,29,18.53,0,0,82,1,0,88.6,51.9,76.0,21.8,2.510729613733906,0.0,0.0,0.0473175965665236,0.023175965665236,0.0704935622317596
2024-25,171314,Rúben,DEF,Man City,90,5.5,5.5,2269,-1,Unclassified,-1,8.395166,1.5045935,0,0,1.54,1.2,2.74,11,21,29.48,0,7,410,4,0,478.2,173.8,150.0,80.2,3.5698545614808284,0.0,0.0,0.0610841780520052,0.0475980608197443,0.1086822388717496
2024-25,180736,Chalobah,DEF,Chelsea,93,4.4,0.7,1969,-1,Unclassified,-1,8.61201,1.9300358,3,1,1.98,0.64,2.62,6,25,27.15,0,11,379,3,0,496.4,124.2,222.0,84.6,4.250888776028441,0.1371254443880142,0.0457084814626714,0.0905027932960893,0.0292534281361097,0.119756221432199
2024-25,204716,Konaté,DEF,Liverpool,106,5.3,7.0,2561,-1,Unclassified,-1,8.171679,1.4579761,1,2,1.8,0.91,2.71,11,28,26.67,0,4,487,5,0,578.0,161.4,133.0,87.6,3.725107379929715,0.0351425224521671,0.0702850449043342,0.0632565404139008,0.031979695431472,0.0952362358453729
2024-25,215379,Anderson,MID,Nott'm Forest,107,5.0,0.3,2726,-1,Unclassified,-1,6.247221,1.906841,2,6,2.04,3.51,5.55,13,37,40.36,0,8,526,10,0,638.8,605.2,308.0,155.6,3.5326485693323555,0.066030814380044,0.198092443140132,0.0673514306676449,0.1158840792369772,0.1832355099046221
2024-25,221399,Harrison,MID,Everton,81,5.2,0.2,2068,-1,Unclassified,-1,7.2430997,2.7616103,1,3,3.54,3.12,6.66,7,27,31.23,0,4,291,0,0,277.0,527.7,288.0,108.6,3.525145067698259,0.0435203094777562,0.1305609284332688,0.1540618955512572,0.1357833655705996,0.2898452611218569
2024-25,226597,Gabriel,DEF,Arsenal,117,6.1,12.2,2363,-1,Unclassified,-1,8.138133,1.7225814,3,2,2.7,1.21,3.91,10,22,23.09,0,9,459,4,0,584.6,208.8,287.0,108.2,4.456199746085484,0.1142615319509098,0.0761743546339399,0.1028353787558188,0.0460854845535336,0.1489208633093525
2024-25,445122,J.Timber,DEF,Arsenal,114,5.5,4.3,2415,-1,Unclassified,-1,8.278019,1.6038994,1,3,1.23,1.3,2.53,11,21,21.09,0,9,426,7,0,393.0,296.8,254.0,94.2,4.248447204968945,0.0372670807453416,0.1118012422360248,0.0458385093167701,0.0484472049689441,0.0942857142857142
2024-25,480455,Branthwaite,DEF,Everton,88,4.9,1.9,2509,-1,Unclassified,-1,8.402138,1.3782437,0,1,1.2,0.61,1.81,9,28,29.83,0,3,420,4,0,624.6,57.7,130.0,81.3,3.1566361100039857,0.0,0.0358708648864089,0.0430450378636907,0.0218812275807094,0.0649262654444001
2024-25,510362,Toti,DEF,Wolves,79,4.3,0.3,2613,-1,Unclassified,-1,8.158591,0.674688,0,1,0.73,0.6,1.33,8,45,41.65,0,8,370,7,0,617.2,144.2,102.0,86.5,2.721010332950632,0.0,0.0344431687715269,0.0251435132032146,0.0206659012629161,0.0458094144661308
2024-25,50175,Welbeck,FWD,Brighton,125,5.5,6.9,2109,0,Elite goalscorer,3,3.6344,4.730751,10,5,9.58,1.36,10.94,7,37,37.4,0,21,484,5,0,550.2,331.3,676.0,155.8,5.334281650071124,0.4267425320056899,0.2133712660028449,0.4088193456614509,0.0580369843527738,0.4668563300142248
2024-25,60689,Wood,FWD,Nott'm Forest,200,7.2,30.8,2958,0,Elite goalscorer,3,2.9750276,4.2958145,20,3,13.42,1.59,15.01,15,37,40.64,0,41,744,1,0,838.4,320.0,900.0,205.6,6.085192697768763,0.6085192697768762,0.0912778904665314,0.4083164300202839,0.0483772819472616,0.4566937119675456
2024-25,101668,Vardy,FWD,Leicester,128,5.4,5.2,2825,0,Elite goalscorer,3,3.5658395,4.83193,9,5,11.23,2.55,13.78,4,68,63.1,0,18,464,5,0,490.8,270.8,742.0,150.0,4.07787610619469,0.2867256637168142,0.1592920353982301,0.3577699115044248,0.0812389380530973,0.4390088495575221
2024-25,102057,Raúl,FWD,Fulham,147,5.3,5.0,2486,0,Elite goalscorer,3,3.347208,4.577006,12,3,11.97,2.07,14.04,7,37,33.49,0,26,539,4,0,612.8,372.2,1018.0,199.7,5.321802091713597,0.4344328238133547,0.1086082059533386,0.4333467417538214,0.0749396621078037,0.508286403861625
2024-25,118748,M.Salah,MID,Liverpool,344,13.6,66.3,3374,0,Elite goalscorer,3,2.9015727,3.8129895,29,18,24.7,8.99,33.69,15,40,37.83,0,55,1133,1,0,1577.0,1199.2,1985.0,476.0,9.17605216360403,0.7735625370480143,0.4801422643746295,0.6588618850029638,0.2398043864848844,0.8986662714878482
2024-25,154566,Solanke,FWD,Spurs,108,7.3,4.7,2199,0,Elite goalscorer,3,3.8513374,4.4383125,9,5,10.89,1.13,12.02,4,43,40.14,0,7,404,0,0,505.8,199.8,729.0,142.1,4.42019099590723,0.3683492496589358,0.2046384720327421,0.4457025920873124,0.0462482946793997,0.4919508867667121
2024-25,176297,Rashford,MID,Aston Villa,95,6.6,3.7,1414,0,Elite goalscorer,3,4.813002,3.8489246,6,4,4.67,3.43,8.1,7,15,21.68,0,9,333,2,0,398.4,451.1,369.0,122.1,6.046676096181047,0.3818953323903818,0.2545968882602546,0.2972418670438472,0.2183168316831683,0.5155586987270155
2024-25,178186,Bowen,MID,West Ham,193,7.9,18.0,2974,0,Elite goalscorer,3,3.4121943,3.5579572,13,11,8.6,6.47,15.07,8,50,51.12,0,21,678,1,0,903.0,737.8,1081.0,271.9,5.840618695359785,0.3934095494283793,0.3328850033624748,0.2602555480833893,0.195796906523201,0.4560524546065905
2024-25,178301,Watkins,FWD,Aston Villa,186,9.2,29.0,2593,0,Elite goalscorer,3,3.0001001,4.3415036,16,8,15.12,2.07,17.19,10,40,38.62,0,32,631,2,0,766.0,345.2,1148.0,223.8,6.4558426532973385,0.5553413035094485,0.2776706517547243,0.5247975318164289,0.0718472811415349,0.5966448129579638
2024-25,201666,Barnes,MID,Newcastle,130,5.9,4.2,1746,0,Elite goalscorer,3,4.2698483,3.9195635,9,5,6.45,4.4,10.85,6,23,24.32,0,13,442,0,0,522.2,407.1,701.0,163.1,6.701030927835052,0.4639175257731959,0.2577319587628865,0.3324742268041237,0.2268041237113402,0.5592783505154639
2024-25,209244,Foden,MID,Man City,105,9.1,4.6,1771,0,Elite goalscorer,3,4.581951,3.8441103,7,3,5.17,5.33,10.49,6,24,29.11,0,10,454,2,0,448.0,749.0,449.0,164.2,5.33596837944664,0.3557312252964427,0.1524562394127611,0.2627329192546583,0.2708639186900056,0.5330886504799548
2024-25,215439,Souček,MID,West Ham,126,4.8,1.5,2563,0,Elite goalscorer,3,3.6591144,4.931065,9,2,6.6,1.27,7.87,7,44,44.29,0,15,442,8,0,672.6,231.8,643.0,154.0,4.424502536090519,0.3160358954350371,0.0702301989855637,0.2317596566523605,0.044596176355833,0.2763558330081935
2024-25,216646,Wissa,FWD,Brentford,185,6.9,24.2,2921,0,Elite goalscorer,3,2.8668625,4.170655,18,6,18.58,2.2,20.77,9,45,45.12,0,32,739,5,0,849.4,400.0,1181.0,242.4,5.700102704553235,0.5546045874700445,0.1848681958233481,0.5724751797329681,0.0677850051352276,0.6399520712084902
2024-25,219168,Isak,FWD,Newcastle,211,9.4,49.4,2758,0,Elite goalscorer,3,2.8442066,4.108359,23,6,20.33,3.59,23.92,12,41,36.85,0,36,848,1,0,1043.0,573.1,1320.0,292.7,6.885424220449601,0.7505438723712835,0.1957940536620739,0.6634155184916606,0.1171501087744742,0.7805656272661349
2024-25,219847,Havertz,FWD,Arsenal,97,7.7,6.2,1872,0,Elite goalscorer,3,3.9189928,4.5851774,9,3,9.53,1.65,11.18,7,20,19.32,0,14,343,5,0,467.6,269.0,711.0,144.8,4.663461538461538,0.4326923076923077,0.1442307692307692,0.4581730769230769,0.079326923076923,0.5375
2024-25,222683,Kluivert,MID,Bournemouth,158,5.9,11.0,2339,0,Elite goalscorer,3,3.5294507,3.8919172,12,6,10.05,3.66,13.71,13,29,32.6,0,14,532,8,0,700.0,654.1,771.0,212.0,6.079521162890124,0.4617357845233005,0.2308678922616502,0.3867037195382642,0.1408294142796066,0.5275331338178709
2024-25,223094,Haaland,FWD,Man City,181,14.9,24.0,2736,0,Elite goalscorer,3,2.8462632,4.2491956,22,3,21.9,2.04,23.94,10,38,41.27,0,26,795,2,0,946.0,359.4,1511.0,281.8,5.953947368421053,0.7236842105263157,0.0986842105263157,0.7203947368421052,0.0671052631578947,0.7875000000000001
2024-25,231747,Mateta,FWD,Crystal Palace,150,7.5,8.3,2642,0,Elite goalscorer,3,3.2225416,4.483203,14,2,13.77,2.28,16.05,9,37,37.94,0,27,576,2,0,671.6,405.4,800.0,187.3,5.109765329295988,0.4769114307342922,0.0681302043906131,0.4690764572293717,0.077668433005299,0.5467448902346708
2024-25,232185,I.Sarr,MID,Crystal Palace,149,5.5,5.3,2708,0,Elite goalscorer,3,3.7330308,3.7231982,8,7,10.82,6.82,17.64,10,39,38.63,0,14,542,4,0,675.0,618.0,866.0,215.9,4.951994091580502,0.2658788774002954,0.2326440177252585,0.3596011816838996,0.2266617429837518,0.5862629246676514
2024-25,232413,Eze,MID,Crystal Palace,148,7.0,14.6,2588,0,Elite goalscorer,3,3.7468941,3.6443276,8,8,10.39,4.67,15.06,10,34,35.03,0,15,605,1,0,685.0,849.2,691.0,222.4,5.146831530139104,0.2782071097372488,0.2782071097372488,0.3613214837712519,0.162403400309119,0.523724884080371
2024-25,232826,Gordon,MID,Newcastle,124,7.4,8.0,2428,0,Elite goalscorer,3,4.0190163,3.8143668,6,6,8.19,4.8,12.99,10,33,32.62,0,9,476,2,0,537.0,777.3,655.0,196.8,4.596375617792422,0.2224052718286655,0.2224052718286655,0.3035831960461285,0.1779242174629324,0.481507413509061
2024-25,242898,Johnson,MID,Spurs,137,6.2,2.3,2171,0,Elite goalscorer,3,3.6514957,4.6656137,11,6,10.75,1.99,12.74,2,38,38.88,0,13,461,5,0,559.6,295.0,761.0,161.0,5.679410409949332,0.45601105481345,0.2487333026255182,0.4456471672040534,0.0824965453707968,0.5281437125748503
2024-25,243298,Gakpo,FWD,Liverpool,127,7.2,5.4,1921,0,Elite goalscorer,3,3.726206,4.125602,10,5,7.12,3.76,10.87,5,25,21.51,0,22,572,5,0,597.0,517.7,686.0,180.3,5.950026028110359,0.4685059864653826,0.2342529932326913,0.3335762623633524,0.1761582509109838,0.5092660072878709
2024-25,244731,Luis Díaz,MID,Liverpool,183,7.5,16.8,2393,0,Elite goalscorer,3,3.4284706,3.9347458,13,7,11.9,4.34,16.24,15,21,24.44,0,21,634,2,0,770.8,748.0,946.0,246.4,6.882574174676138,0.4889260342666109,0.2632678646050982,0.447555369828667,0.1632260760551608,0.6107814458838278
2024-25,244851,Palmer,MID,Chelsea,214,10.5,34.3,3193,0,Elite goalscorer,3,3.0791278,3.726377,15,10,16.79,9.53,26.32,10,41,43.88,0,35,952,7,0,1068.2,1259.2,1052.0,338.0,6.0319448794237385,0.422799874725963,0.281866583150642,0.473253993109928,0.2686188537425618,0.7418728468524899
2024-25,247412,Strand Larsen,FWD,Wolves,145,5.2,2.6,2587,0,Elite goalscorer,3,3.449226,4.7093573,14,4,10.14,1.0,11.14,7,52,43.94,0,17,570,4,0,646.8,303.4,848.0,179.5,5.044453034402784,0.4870506378044066,0.1391573250869733,0.3527638190954774,0.0347893312717433,0.3875531503672207
2024-25,248857,Madueke,MID,Chelsea,120,6.0,3.2,2028,0,Elite goalscorer,3,3.882442,4.263181,7,5,9.62,2.86,12.48,6,28,29.55,0,12,425,3,0,479.2,475.1,998.0,195.3,5.325443786982248,0.3106508875739645,0.2218934911242603,0.4269230769230768,0.1269230769230769,0.5538461538461539
2024-25,430871,Cunha,FWD,Wolves,178,7.0,13.6,2596,0,Elite goalscorer,3,3.1315002,3.7486277,15,7,8.73,5.29,14.02,7,54,44.53,0,41,838,4,0,936.2,847.8,940.0,272.2,6.171032357473036,0.5200308166409862,0.2426810477657935,0.3026579352850539,0.1833975346687211,0.486055469953775
2024-25,437730,Semenyo,MID,Bournemouth,165,5.7,8.0,3202,0,Elite goalscorer,3,3.6028352,3.647758,11,7,9.51,4.43,13.94,11,41,44.18,0,14,571,9,0,792.2,688.9,1204.0,267.8,4.637726420986883,0.3091817613991255,0.1967520299812617,0.2673016864459712,0.1245159275452841,0.3918176139912555
2024-25,444102,Evanilson,FWD,Bournemouth,128,5.9,8.5,2317,0,Elite goalscorer,3,3.4786074,4.467366,10,5,12.47,1.74,14.21,11,30,26.78,0,20,487,1,1,456.0,331.9,966.0,174.8,4.971946482520501,0.3884333189469141,0.194216659473457,0.4843763487268019,0.067587397496763,0.5519637462235649
2024-25,444145,Martinelli,MID,Arsenal,125,6.5,3.1,2284,0,Elite goalscorer,3,4.1015997,4.0199513,8,4,7.13,4.46,11.59,10,25,26.22,0,6,422,1,0,559.8,587.8,912.0,206.1,4.925569176882663,0.3152364273204904,0.1576182136602452,0.280954465849387,0.1757443082311733,0.4566987740805604
2024-25,445044,Kulusevski,MID,Spurs,117,6.2,2.2,2386,0,Elite goalscorer,3,4.24277,3.6515977,7,4,4.06,4.03,8.09,6,41,42.39,0,9,426,3,0,613.6,843.8,733.0,218.7,4.413243922883487,0.2640402347024309,0.1508801341156747,0.1531433361274098,0.1520117351215423,0.3051550712489522
2024-25,446008,Mbeumo,MID,Brentford,236,8.3,46.7,3415,0,Elite goalscorer,3,3.1599624,3.6299312,20,9,12.52,9.24,21.75,9,55,55.4,0,29,948,3,0,1236.8,1107.5,1060.0,340.8,6.219619326500732,0.527086383601757,0.2371888726207906,0.3299560761346998,0.2435139092240117,0.5732064421669106
2024-25,451340,Mitoma,MID,Brighton,145,6.3,6.3,2597,0,Elite goalscorer,3,3.868439,4.0508904,10,5,9.19,4.03,13.22,6,40,37.05,0,12,536,1,0,670.6,578.0,856.0,210.7,5.025028879476319,0.346553715825953,0.1732768579129765,0.3184828648440508,0.139661147477859,0.4581440123219099
2024-25,463034,Delap,FWD,Ipswich,132,5.6,3.3,2587,0,Elite goalscorer,3,3.6109781,4.901327,12,2,9.44,1.38,10.82,3,58,53.6,0,22,472,12,0,513.0,290.5,783.0,157.5,4.59219172787012,0.41747197526092,0.0695786625434866,0.328411287205257,0.0480092771550057,0.3764205643602629
2024-25,475168,João Pedro,FWD,Brighton,126,5.5,8.5,1946,0,Elite goalscorer,3,3.505966,4.347483,10,6,8.96,3.1,12.06,6,28,25.51,0,26,516,4,1,567.0,456.0,644.0,166.0,5.827338129496403,0.4624871531346351,0.277492291880781,0.4143884892086331,0.1433710174717369,0.55775950668037
2024-25,493105,Garnacho,MID,Man Utd,106,5.9,4.7,2188,0,Elite goalscorer,3,4.067154,4.093999,6,4,7.4,2.76,10.16,5,36,35.43,0,7,370,3,0,454.0,532.2,904.0,188.3,4.360146252285192,0.2468007312614259,0.1645338208409506,0.3043875685557586,0.1135283363802559,0.4179159049360146
2024-25,513418,Schade,MID,Brentford,149,5.3,3.3,2281,0,Elite goalscorer,3,3.6482277,4.5286574,11,4,8.45,1.75,10.2,10,34,30.66,0,12,498,3,0,630.8,312.7,892.0,183.3,5.8790004384042085,0.4340201665935993,0.1578255151249452,0.3334064007014466,0.0690486628671635,0.4024550635686102
2024-25,517052,N.Jackson,FWD,Chelsea,121,7.7,6.2,2220,0,Elite goalscorer,3,3.4282253,4.4296384,10,6,11.68,1.9,13.58,11,24,28.47,0,17,417,7,1,546.4,368.3,976.0,187.4,4.905405405405405,0.4054054054054054,0.2432432432432432,0.4735135135135135,0.077027027027027,0.5505405405405406
2024-25,533463,O.Dango,MID,Bournemouth,111,4.5,0.9,1998,0,Elite goalscorer,3,4.014904,4.133742,7,4,8.42,3.24,11.66,7,23,31.96,0,7,432,3,0,624.6,496.8,754.0,187.2,5.0,0.3153153153153153,0.1801801801801801,0.3792792792792793,0.1459459459459459,0.5252252252252252
2024-25,80607,Eriksen,MID,Man Utd,45,5.2,0.2,1052,1,Premium attacker,7,8.812267,4.3237863,1,2,1.31,2.6,3.91,4,16,18.54,0,0,228,4,0,235.8,474.3,79.0,78.9,3.849809885931559,0.085551330798479,0.1711026615969581,0.1120722433460076,0.2224334600760456,0.3345057034220532
2024-25,111317,Brooks,MID,Bournemouth,52,4.9,0.0,941,1,Premium attacker,7,8.377253,4.5004582,2,1,2.58,2.02,4.6,3,12,15.03,0,2,204,3,0,193.6,316.7,300.0,80.4,4.973432518597237,0.1912858660998937,0.0956429330499468,0.2467587672688629,0.1931987247608926,0.4399574920297555
2024-25,147611,Onuachu,FWD,Southampton,51,4.9,0.3,1038,1,Premium attacker,7,7.718168,4.3202987,4,1,3.61,0.26,3.87,1,26,24.35,0,4,151,4,0,219.8,127.3,479.0,81.7,4.421965317919075,0.3468208092485549,0.0867052023121387,0.3130057803468208,0.022543352601156,0.3355491329479769
2024-25,153682,Wilson,MID,Fulham,78,5.2,0.2,1148,1,Premium attacker,7,7.376664,4.561843,6,2,4.19,1.17,5.36,2,21,16.22,0,6,329,2,0,334.6,310.2,440.0,107.8,6.114982578397212,0.470383275261324,0.156794425087108,0.3284843205574913,0.0917247386759581,0.4202090592334495
2024-25,172453,Szmodics,MID,Ipswich,54,5.7,0.1,988,1,Premium attacker,7,7.7792706,4.375199,4,0,3.44,0.45,3.89,2,18,23.27,0,2,167,2,0,216.0,93.0,263.0,56.7,4.919028340080972,0.3643724696356275,0.0,0.3133603238866397,0.040991902834008,0.3543522267206478
2024-25,177815,Calvert-Lewin,FWD,Everton,63,5.4,1.0,1602,1,Premium attacker,7,7.8874393,4.1641893,3,2,6.53,0.63,7.16,8,18,24.83,0,3,157,2,0,200.2,126.1,573.0,89.2,3.539325842696629,0.1685393258426966,0.1123595505617977,0.3668539325842697,0.0353932584269662,0.4022471910112359
2024-25,181284,Guedes,MID,Wolves,62,5.3,0.1,979,1,Premium attacker,7,8.103631,4.399234,2,4,3.28,0.92,4.2,3,25,18.83,0,2,187,1,0,215.8,213.9,217.0,64.0,5.6996935648621045,0.1838610827374872,0.3677221654749745,0.301532175689479,0.0845760980592441,0.3861082737487232
2024-25,194634,Diogo J.,MID,Liverpool,87,7.2,2.6,1182,1,Premium attacker,7,7.2749844,4.651312,6,4,7.98,1.09,9.07,7,12,11.75,0,4,225,2,0,300.6,169.5,537.0,99.0,6.624365482233502,0.4568527918781725,0.3045685279187817,0.6076142131979696,0.082994923857868,0.6906091370558376
2024-25,195384,Merino,MID,Arsenal,92,6.0,1.5,1575,1,Premium attacker,7,7.4000554,4.5846596,7,2,5.75,1.18,6.93,4,17,15.71,0,8,326,2,1,456.8,265.8,511.0,123.3,5.257142857142857,0.4,0.1142857142857142,0.3285714285714285,0.0674285714285714,0.3959999999999999
2024-25,205533,Nketiah,FWD,Crystal Palace,53,5.9,0.7,1018,1,Premium attacker,7,7.6422133,4.631111,3,2,5.94,0.83,6.77,2,17,14.29,0,4,186,4,1,192.2,163.7,475.0,82.5,4.685658153241651,0.2652259332023575,0.1768172888015717,0.525147347740668,0.0733791748526522,0.5985265225933202
2024-25,213198,Nkunku,MID,Chelsea,60,5.7,2.0,904,1,Premium attacker,7,7.564896,4.6485524,3,2,5.11,1.01,6.12,2,16,16.25,0,5,190,2,0,230.2,204.9,339.0,77.1,5.9734513274336285,0.2986725663716814,0.1991150442477876,0.5087389380530973,0.1005530973451327,0.6092920353982301
2024-25,215711,Bailey,MID,Aston Villa,47,6.2,0.8,1132,1,Premium attacker,7,8.715492,4.411524,1,2,1.73,2.92,4.65,2,19,13.91,0,2,174,3,0,146.4,235.8,325.0,70.3,3.7367491166077738,0.0795053003533568,0.1590106007067137,0.1375441696113074,0.2321554770318021,0.3696996466431095
2024-25,219249,O'Riley,MID,Brighton,50,5.5,0.0,929,1,Premium attacker,7,8.305888,4.50425,2,3,2.76,2.04,4.8,2,20,14.27,0,2,209,1,0,211.4,322.5,219.0,75.3,4.843918191603875,0.193756727664155,0.2906350914962325,0.2673842841765338,0.1976318622174381,0.465016146393972
2024-25,244042,Muniz,FWD,Fulham,86,5.5,1.4,943,1,Premium attacker,7,7.255016,4.709761,8,1,5.91,0.2,6.11,2,17,15.28,0,14,349,1,0,352.4,95.3,508.0,95.4,8.207847295864262,0.7635206786850478,0.0954400848356309,0.564050901378579,0.0190880169671261,0.5831389183457052
2024-25,433312,Munetsi,MID,Wolves,50,5.0,0.1,1077,1,Premium attacker,7,8.061297,4.3847785,2,2,3.32,1.08,4.39,5,11,14.59,0,4,134,0,0,176.8,132.9,212.0,52.3,4.178272980501393,0.1671309192200557,0.1671309192200557,0.2774373259052924,0.09025069637883,0.3668523676880222
2024-25,433979,Archer,FWD,Southampton,57,4.8,1.1,1421,1,Premium attacker,7,7.89591,4.060911,2,0,5.71,0.72,6.43,2,34,37.31,0,4,145,0,0,125.2,102.5,376.0,60.0,3.610133708655876,0.1266713581984518,0.0,0.3616467276565799,0.0456016889514426,0.4072484166080225
2024-25,438234,Marmoush,FWD,Man City,73,7.4,22.6,1174,1,Premium attacker,7,7.1699595,4.696498,7,1,5.41,1.71,7.12,8,12,14.48,0,12,326,0,0,318.0,246.7,410.0,97.3,5.596252129471891,0.5366269165247018,0.0766609880749574,0.4147359454855195,0.1310902896081771,0.5458262350936968
2024-25,441302,Maatsen,DEF,Aston Villa,57,4.5,1.6,1125,1,Premium attacker,7,8.983058,4.227915,1,2,0.87,2.43,3.3,3,16,17.31,0,0,204,2,0,252.0,293.4,197.0,74.3,4.56,0.08,0.16,0.0696,0.1944,0.264
2024-25,447203,Darwin,FWD,Liverpool,66,7.0,1.9,1113,1,Premium attacker,7,7.5495844,4.610944,5,3,5.76,0.51,6.27,2,21,16.85,0,6,244,8,0,263.8,151.6,404.0,81.2,5.336927223719677,0.4043126684636118,0.2425876010781671,0.4657681940700808,0.0412398921832884,0.5070080862533692
2024-25,458249,Zirkzee,FWD,Man Utd,64,6.5,1.5,1385,1,Premium attacker,7,7.84163,4.230806,3,2,4.64,1.04,5.68,3,24,24.84,0,6,216,2,0,222.6,212.0,351.0,78.0,4.15884476534296,0.1949458483754512,0.1299638989169675,0.3015162454873646,0.0675812274368231,0.3690974729241877
2024-25,463067,Georginio,MID,Brighton,95,5.0,0.3,1651,1,Premium attacker,7,7.562366,4.0373106,5,6,4.57,1.67,6.24,6,29,27.9,0,1,288,2,0,355.4,281.8,404.0,103.0,5.178679588128407,0.2725620835857056,0.3270745003028468,0.2491217443973349,0.0910357359176256,0.3401574803149606
2024-25,474120,Enciso,MID,Ipswich,59,5.4,0.2,1155,1,Premium attacker,7,8.196633,4.277242,2,3,2.82,1.32,4.14,2,22,22.1,0,5,224,3,0,250.8,268.9,362.0,87.7,4.597402597402597,0.1558441558441558,0.2337662337662337,0.2197402597402597,0.1028571428571428,0.3225974025974025
2024-25,486385,Beto,FWD,Everton,87,4.8,3.9,1521,1,Premium attacker,7,7.090431,4.684408,8,0,7.89,0.44,8.33,4,24,18.8,0,11,295,2,0,373.2,163.9,666.0,119.5,5.14792899408284,0.4733727810650888,0.0,0.4668639053254437,0.0260355029585798,0.4928994082840237
2024-25,497894,Højlund,FWD,Man Utd,78,6.9,1.0,1998,1,Premium attacker,7,7.8930583,3.860573,4,1,5.1,1.14,6.24,6,31,30.44,0,8,246,2,0,187.0,254.7,432.0,86.3,3.5135135135135136,0.1801801801801801,0.045045045045045,0.2297297297297297,0.0513513513513513,0.2810810810810811
2024-25,511499,Tel,MID,Spurs,42,5.8,0.1,908,1,Premium attacker,7,8.198887,4.4425907,2,2,2.96,1.55,4.51,2,20,17.39,0,2,151,2,0,183.8,208.3,236.0,62.3,4.1629955947136565,0.198237885462555,0.198237885462555,0.2933920704845815,0.1536343612334801,0.4470264317180616
2024-25,535818,Adingra,MID,Brighton,60,5.1,0.3,1081,1,Premium attacker,7,8.404175,4.5365252,2,3,2.47,2.73,5.2,2,23,18.94,0,0,207,0,0,212.4,261.9,337.0,80.9,4.995374653098982,0.1665124884366327,0.2497687326549491,0.2056429232192414,0.2272895467160037,0.4329324699352451
2024-25,77794,Trippier,DEF,Newcastle,72,5.6,4.4,1299,2,Rotation midfielder,6,9.581051,3.6242971,0,3,0.12,1.44,1.56,6,18,17.05,0,8,287,1,0,319.4,406.8,33.0,76.1,4.988452655889145,0.0,0.207852193995381,0.0083140877598152,0.0997690531177829,0.1080831408775981
2024-25,106468,Alex Moreno,DEF,Nott'm Forest,34,4.2,0.4,952,2,Rotation midfielder,6,9.784183,3.5527222,0,1,0.17,1.1,1.27,3,16,13.94,0,1,126,2,0,200.8,134.5,29.0,36.4,3.214285714285714,0.0,0.0945378151260504,0.0160714285714285,0.1039915966386554,0.120063025210084
2024-25,149929,Burns,MID,Ipswich,30,4.7,0.0,922,2,Rotation midfielder,6,9.749035,3.5473046,0,1,0.5,1.17,1.67,1,23,23.62,0,0,144,1,0,111.6,148.5,66.0,31.8,2.928416485900217,0.0,0.0976138828633405,0.0488069414316702,0.1142082429501084,0.1630151843817787
2024-25,151086,Mario Jr.,MID,Wolves,47,4.8,0.1,1363,2,Rotation midfielder,6,9.078078,3.2893798,1,3,1.3,0.87,2.17,1,39,27.26,0,5,252,4,0,356.8,166.7,120.0,64.4,3.103448275862069,0.066030814380044,0.198092443140132,0.0858400586940572,0.0574468085106383,0.1432868672046955
2024-25,155511,Armstrong,FWD,Southampton,45,5.1,0.5,1246,2,Rotation midfielder,6,8.573425,3.5768578,2,3,3.28,0.56,3.84,2,35,33.47,0,2,145,4,0,154.4,143.7,262.0,56.0,3.2504012841091496,0.1444622792937399,0.2166934189406099,0.2369181380417335,0.0404494382022471,0.2773675762439807
2024-25,198869,White,DEF,Arsenal,50,6.2,4.4,1195,2,Rotation midfielder,6,9.639272,3.6580694,0,2,0.46,1.3,1.76,5,13,16.88,0,0,211,2,0,247.6,162.6,100.0,51.0,3.7656903765690375,0.0,0.1506276150627615,0.0346443514644351,0.0979079497907949,0.1325523012552301
2024-25,200089,Willock,MID,Newcastle,46,4.7,0.1,1065,2,Rotation midfielder,6,9.459824,3.683417,0,2,1.65,0.93,2.58,4,16,15.01,0,0,139,4,0,172.8,273.8,197.0,63.9,3.887323943661972,0.0,0.1690140845070422,0.1394366197183098,0.0785915492957746,0.2180281690140845
2024-25,225796,James,DEF,Chelsea,54,4.8,1.1,1057,2,Rotation midfielder,6,9.597539,3.7456274,1,2,0.45,1.15,1.6,3,14,16.1,0,5,223,1,0,207.6,202.1,56.0,46.7,4.597918637653737,0.0851466414380321,0.1702932828760643,0.0383159886471144,0.097918637653737,0.1362346263008514
2024-25,226956,Roerslev,DEF,Brentford,36,4.3,0.1,1100,2,Rotation midfielder,6,9.43406,3.8599825,0,2,0.2,2.09,2.29,2,20,21.52,0,0,125,2,0,214.4,185.8,78.0,48.0,2.9454545454545458,0.0,0.1636363636363636,0.0163636363636363,0.1709999999999999,0.1873636363636363
2024-25,443261,J.Clarke,MID,Ipswich,53,5.4,0.0,1161,2,Rotation midfielder,6,9.073196,3.5028865,0,4,1.17,1.11,2.28,1,31,27.25,0,0,221,2,0,230.8,341.7,151.0,72.2,4.108527131782946,0.0,0.3100775193798449,0.0906976744186046,0.0860465116279069,0.1767441860465116
2024-25,463903,Lindstrøm,MID,Everton,44,5.0,0.1,1229,2,Rotation midfielder,6,9.200765,4.03753,0,1,2.15,1.96,4.11,6,14,13.37,0,0,167,2,0,214.2,309.6,237.0,76.0,3.2221318144833195,0.0,0.0732302685109845,0.1574450772986167,0.1435313262815296,0.3009764035801465
2024-25,466075,Calafiori,DEF,Arsenal,39,5.8,1.5,978,2,Rotation midfielder,6,9.96637,3.1394176,2,1,0.86,0.69,1.55,1,12,10.28,0,1,142,4,0,252.6,118.2,176.0,54.6,3.588957055214724,0.1840490797546012,0.0920245398773006,0.0791411042944785,0.0634969325153374,0.1426380368098159
2024-25,467779,Wieffer,MID,Brighton,52,4.7,0.1,1003,2,Rotation midfielder,6,8.844765,3.6872227,1,5,0.8,1.0,1.8,2,22,18.89,0,4,243,6,0,328.8,230.4,129.0,68.5,4.666001994017947,0.0897308075772681,0.448654037886341,0.0717846460618145,0.0897308075772681,0.1615154536390827
2024-25,491279,Van de Ven,DEF,Spurs,32,4.5,2.4,1014,2,Rotation midfielder,6,9.842487,3.3973413,0,2,0.54,0.7,1.24,2,17,13.28,0,2,139,4,0,212.0,39.4,57.0,30.9,2.840236686390533,0.0,0.1775147928994083,0.0479289940828402,0.0621301775147929,0.1100591715976331
2024-25,496221,Wharton,MID,Crystal Palace,42,4.7,0.1,1314,2,Rotation midfielder,6,9.373692,3.8241384,0,2,0.38,2.17,2.55,4,21,19.34,0,0,244,2,0,261.2,381.4,69.0,71.2,2.8767123287671232,0.0,0.136986301369863,0.0260273972602739,0.1486301369863013,0.1746575342465753
2024-25,504783,Kamaldeen,MID,Southampton,53,5.0,0.0,1394,2,Rotation midfielder,6,9.036707,3.3148987,1,2,1.39,0.85,2.24,3,36,35.69,0,2,163,2,0,187.2,182.4,290.0,65.7,3.421807747489239,0.0645624103299856,0.1291248206599713,0.08974175035868,0.0548780487804878,0.1446197991391678
2024-25,570526,Bergvall,MID,Spurs,44,4.4,0.8,1200,2,Rotation midfielder,6,9.4052,3.3242512,0,2,0.71,0.82,1.53,3,25,24.33,0,0,216,3,0,237.2,218.7,97.0,55.0,3.3,0.0,0.15,0.05325,0.0615,0.11475
2024-25,17761,Tarkowski,DEF,Everton,105,4.7,1.6,2922,3,Attacking / ball-playing defender,8,7.273829,0.8124374,1,1,1.32,2.33,3.65,10,38,39.3,0,8,468,6,0,859.0,188.8,217.0,126.9,3.2340862422997945,0.0308008213552361,0.0308008213552361,0.0406570841889117,0.0717659137577002,0.1124229979466119
2024-25,78916,Burn,DEF,Newcastle,115,4.6,12.6,3330,3,Attacking / ball-playing defender,8,7.4137545,0.72913235,1,1,1.97,1.09,3.06,13,45,45.22,0,9,476,11,0,736.6,123.6,297.0,115.8,3.108108108108108,0.027027027027027,0.027027027027027,0.0532432432432432,0.0294594594594594,0.0827027027027027
2024-25,80146,J.Ayew,MID,Leicester,75,5.1,0.2,1649,3,Attacking / ball-playing defender,9,7.8769846,2.7302885,5,0,3.72,1.5,5.22,4,42,30.33,0,3,279,6,0,304.4,316.9,311.0,93.4,4.0933899332929045,0.272892662219527,0.0,0.2030321406913281,0.0818677986658581,0.2848999393571861
2024-25,80801,Gana,MID,Everton,89,4.8,0.2,3063,3,Attacking / ball-playing defender,8,7.179821,1.1513166,0,3,1.15,1.99,3.14,12,39,39.88,0,5,505,9,0,522.0,327.2,117.0,96.6,2.615083251714006,0.0,0.0881488736532811,0.033790401567091,0.0584720861900097,0.0922624877571008
2024-25,97032,Virgil,DEF,Liverpool,143,6.7,25.6,3330,3,Attacking / ball-playing defender,8,7.342682,0.7139823,3,1,2.22,0.98,3.2,14,38,36.13,0,8,631,5,0,932.6,206.6,299.0,143.7,3.864864864864865,0.081081081081081,0.027027027027027,0.06,0.0264864864864864,0.0864864864864864
2024-25,101188,Digne,DEF,Aston Villa,89,4.4,5.6,2348,3,Attacking / ball-playing defender,9,6.360088,2.2476783,0,5,0.8,3.97,4.77,6,36,34.94,0,7,383,4,0,512.6,583.9,112.0,120.7,3.411413969335605,0.0,0.1916524701873935,0.0306643952299829,0.1521720613287904,0.1828364565587734
2024-25,108413,Hughes,MID,Crystal Palace,67,4.9,0.0,2100,3,Attacking / ball-playing defender,9,7.4580827,1.6934232,0,4,1.09,2.64,3.73,10,31,31.64,0,3,278,11,0,335.2,462.6,90.0,87.5,2.871428571428572,0.0,0.1714285714285714,0.0467142857142857,0.1131428571428571,0.1598571428571428
2024-25,109533,Emerson,DEF,West Ham,76,4.4,0.6,2108,3,Attacking / ball-playing defender,9,8.111312,2.2817733,2,1,1.95,2.19,4.14,5,41,37.51,0,4,219,5,0,420.4,310.9,173.0,90.4,3.2447817836812147,0.0853889943074003,0.0426944971537001,0.0832542694497153,0.0935009487666034,0.1767552182163187
2024-25,122806,McGinn,MID,Aston Villa,78,5.2,0.7,2217,3,Attacking / ball-playing defender,9,7.073237,2.0228374,1,4,3.1,2.7,5.8,8,34,35.03,0,1,360,7,0,277.2,500.6,263.0,103.7,3.1664411366711773,0.040595399188092,0.162381596752368,0.1258457374830852,0.1096075778078484,0.2354533152909337
2024-25,154048,Mavididi,MID,Leicester,72,5.0,0.3,1606,3,Attacking / ball-playing defender,9,8.026743,2.5402248,4,1,1.85,3.25,5.1,1,38,36.71,0,5,270,2,0,339.2,375.3,302.0,101.5,4.0348692403486925,0.224159402241594,0.0560398505603985,0.1036737235367372,0.1821295143212951,0.2858032378580323
2024-25,158499,Christie,MID,Bournemouth,76,4.8,0.1,2114,3,Attacking / ball-playing defender,9,6.716193,2.0042663,2,3,2.14,2.9,5.04,8,28,30.17,0,5,435,9,0,514.0,576.8,303.0,139.6,3.2355723746452223,0.0851466414380321,0.1277199621570482,0.0911069063386944,0.1234626300851466,0.214569536423841
2024-25,159506,Aina,DEF,Nott'm Forest,128,5.3,13.0,2996,3,Attacking / ball-playing defender,8,7.395734,0.99946624,2,1,0.63,2.25,2.88,12,39,40.59,0,15,483,5,0,578.2,282.3,80.0,94.1,3.845126835781041,0.0600801068090787,0.0300400534045393,0.0189252336448598,0.0675901201602136,0.0865153538050734
2024-25,167199,Thomas,MID,Arsenal,108,4.9,0.7,2793,3,Attacking / ball-playing defender,9,7.1988325,2.1298738,4,3,2.27,2.64,4.91,9,30,30.83,0,8,567,4,0,626.6,377.9,223.0,123.2,3.4801288936627284,0.1288936627282492,0.0966702470461868,0.0731471535982814,0.0850698174006444,0.1582169709989259
2024-25,169528,Robinson,DEF,Fulham,106,4.7,15.2,3166,3,Attacking / ball-playing defender,9,6.081198,1.7669008,0,10,0.7,4.17,4.87,5,49,44.79,0,8,507,8,0,922.2,723.4,206.0,185.5,3.013265950726469,0.0,0.2842703727100442,0.019898926089703,0.1185407454200884,0.1384396715097915
2024-25,180974,Joelinton,MID,Newcastle,99,6.0,1.1,2394,3,Attacking / ball-playing defender,9,6.579834,1.9543688,4,4,3.74,2.17,5.91,10,32,31.79,0,11,374,10,0,469.8,389.3,465.0,132.7,3.721804511278195,0.150375939849624,0.150375939849624,0.1406015037593985,0.081578947368421,0.2221804511278195
2024-25,199798,Konsa,DEF,Aston Villa,103,4.5,9.5,2936,3,Attacking / ball-playing defender,8,7.9555793,0.98287743,2,0,1.29,0.61,1.9,8,45,43.82,0,10,448,1,0,532.8,123.9,166.0,82.4,3.1573569482288826,0.0613079019073569,0.0,0.0395435967302452,0.0186989100817438,0.0582425068119891
2024-25,200402,N.Semedo,DEF,Wolves,84,4.5,0.6,2889,3,Attacking / ball-playing defender,9,7.480717,1.45994,0,4,1.05,1.71,2.76,8,49,47.76,0,0,302,8,0,504.6,404.9,149.0,106.0,2.6168224299065423,0.0,0.1246105919003115,0.0327102803738317,0.0532710280373831,0.0859813084112149
2024-25,203341,Ndidi,MID,Leicester,64,4.9,0.2,2325,3,Attacking / ball-playing defender,9,7.528471,1.6742162,0,5,2.12,1.53,3.65,3,48,49.32,0,1,375,8,0,546.4,302.2,280.0,112.8,2.47741935483871,0.0,0.1935483870967742,0.0820645161290322,0.0592258064516129,0.1412903225806451
2024-25,204214,Estupiñan,DEF,Brighton,63,4.9,1.3,2399,3,Attacking / ball-playing defender,9,7.916679,2.043801,1,1,1.09,2.43,3.52,3,44,39.85,0,7,313,5,0,504.4,530.1,173.0,120.8,2.36348478532722,0.0375156315131304,0.0375156315131304,0.0408920383493122,0.091162984576907,0.1320550229262192
2024-25,204580,Janelt,MID,Brentford,73,4.8,0.2,2251,3,Attacking / ball-playing defender,9,7.994939,2.0924132,1,3,0.83,2.38,3.21,6,38,37.37,0,2,384,3,0,356.6,284.2,131.0,77.2,2.918702798756108,0.0399822301199466,0.11994669035984,0.0331852509995557,0.0951577076854731,0.1283429586850288
2024-25,209046,Hudson-Odoi,MID,Nott'm Forest,103,5.1,1.2,2190,3,Attacking / ball-playing defender,9,6.883499,2.3160808,5,3,2.52,2.54,5.06,11,23,27.79,0,7,454,2,0,445.6,663.9,405.0,151.0,4.232876712328767,0.2054794520547945,0.1232876712328767,0.1035616438356164,0.1043835616438356,0.207945205479452
2024-25,209289,Smith Rowe,MID,Fulham,114,5.0,7.3,2036,3,Attacking / ball-playing defender,9,7.2191052,2.6273837,6,3,4.45,2.04,6.49,7,28,25.35,0,15,449,3,0,433.8,422.3,386.0,124.4,5.039292730844794,0.2652259332023575,0.1326129666011787,0.1967092337917485,0.0901768172888015,0.2868860510805501
2024-25,214590,Wan-Bissaka,DEF,West Ham,118,4.5,6.4,3154,3,Attacking / ball-playing defender,9,6.624316,1.2996465,2,6,1.18,2.75,3.93,6,59,56.95,0,15,496,1,0,807.4,531.5,188.0,152.7,3.36715282181357,0.0570703868103994,0.1712111604311984,0.0336715282181356,0.0784717818642993,0.112143310082435
2024-25,215136,N.Williams,DEF,Nott'm Forest,109,4.5,4.0,2588,3,Attacking / ball-playing defender,8,7.1222157,0.98572296,1,3,2.29,1.54,3.83,10,31,38.5,0,8,435,7,0,628.4,305.3,244.0,118.0,3.790571870170016,0.0347758887171561,0.1043276661514683,0.0796367851622874,0.0535548686244203,0.1331916537867079
2024-25,216051,Dalot,DEF,Man Utd,95,5.0,4.7,2812,3,Attacking / ball-playing defender,9,7.075847,1.5442669,0,4,1.96,2.35,4.31,8,45,46.95,0,9,352,5,0,493.2,434.2,258.0,118.2,3.040540540540541,0.0,0.1280227596017069,0.0627311522048364,0.0752133712660028,0.1379445234708392
2024-25,219279,Sugawara,DEF,Southampton,43,4.2,0.1,1548,3,Attacking / ball-playing defender,9,8.461336,2.4517121,1,1,0.48,2.47,2.95,2,46,41.15,0,0,116,4,0,315.4,291.3,137.0,74.2,2.5,0.0581395348837209,0.0581395348837209,0.027906976744186,0.1436046511627907,0.1715116279069767
2024-25,224024,L.Paquetá,MID,West Ham,80,5.7,0.9,2374,3,Attacking / ball-playing defender,9,7.478125,2.252175,4,1,5.36,3.36,8.72,4,50,43.32,0,5,375,10,0,433.2,627.7,267.0,132.6,3.032855939342881,0.151642796967144,0.037910699241786,0.203201347935973,0.127379949452401,0.330581297388374
2024-25,224967,Mykolenko,DEF,Everton,121,4.4,6.7,3082,3,Attacking / ball-playing defender,8,7.098684,1.2205149,1,3,0.48,2.12,2.6,11,39,39.81,0,9,467,4,0,621.4,428.5,100.0,115.2,3.533419857235561,0.0292018170019467,0.0876054510058403,0.0140168721609344,0.0619078520441272,0.0759247242050616
2024-25,227444,Milenković,DEF,Nott'm Forest,145,5.2,18.0,3330,3,Attacking / ball-playing defender,8,7.412669,0.8340143,5,2,4.05,0.73,4.78,13,45,48.95,0,2,499,4,0,805.2,107.9,361.0,127.2,3.918918918918919,0.1351351351351351,0.054054054054054,0.1094594594594594,0.0197297297297297,0.1291891891891891
2024-25,230001,Mazraoui,DEF,Man Utd,88,4.2,7.3,2836,3,Attacking / ball-playing defender,8,7.7823644,1.018387,0,1,0.69,1.87,2.56,7,43,46.26,0,5,410,3,0,619.4,332.7,123.0,107.5,2.7926657263751764,0.0,0.0317348377997179,0.0218970380818053,0.0593441466854725,0.0812411847672778
2024-25,244723,Mitchell,DEF,Crystal Palace,123,4.8,2.1,3090,3,Attacking / ball-playing defender,9,6.5171676,1.5463387,0,6,1.31,3.67,4.98,12,46,46.45,0,4,455,2,0,630.8,559.1,170.0,136.2,3.58252427184466,0.0,0.174757281553398,0.0381553398058252,0.1068932038834951,0.1450485436893204
2024-25,249231,Lewis-Potter,MID,Brentford,94,5.0,0.1,3092,3,Attacking / ball-playing defender,9,6.7430654,1.823782,1,5,2.96,4.94,7.9,8,49,50.62,0,0,460,7,0,542.0,462.2,391.0,139.9,2.736093143596378,0.0291073738680465,0.1455368693402328,0.0861578266494178,0.14379042690815,0.2299482535575679
2024-25,432422,Tonali,MID,Newcastle,106,5.5,0.9,2625,3,Attacking / ball-playing defender,9,6.9496627,2.2736142,4,2,4.46,2.77,7.23,11,34,33.18,0,10,536,5,0,539.4,496.3,299.0,133.5,3.634285714285714,0.1371428571428571,0.0685714285714285,0.1529142857142857,0.0949714285714285,0.2478857142857143
2024-25,432830,Collins,DEF,Brentford,127,4.6,4.5,3420,3,Attacking / ball-playing defender,9,6.667303,1.1918342,2,7,2.44,1.57,4.01,8,57,56.31,0,11,549,5,0,1023.2,160.5,311.0,149.6,3.342105263157895,0.0526315789473684,0.1842105263157895,0.0642105263157894,0.0413157894736842,0.1055263157894736
2024-25,437499,Lacroix,DEF,Crystal Palace,114,4.5,0.9,3116,3,Attacking / ball-playing defender,8,7.3952026,0.7983807,1,2,3.5,1.01,4.51,11,45,44.59,0,9,463,5,0,723.8,113.7,277.0,111.4,3.292682926829268,0.0288831835686777,0.0577663671373555,0.1010911424903722,0.0291720154043645,0.1302631578947368
2024-25,440993,Ndiaye,FWD,Everton,114,5.2,1.1,2426,3,Attacking / ball-playing defender,9,7.084387,2.4269147,9,0,6.23,1.36,7.59,15,24,29.01,0,21,552,3,0,598.0,326.4,493.0,142.0,4.2291838417147565,0.3338829348722176,0.0,0.231121187139324,0.0504534212695795,0.2815746084089035
2024-25,441164,Pedro Porro,DEF,Spurs,98,5.2,16.5,2606,3,Attacking / ball-playing defender,9,5.826252,1.7937498,2,6,1.63,4.71,6.34,6,47,49.37,0,6,456,5,0,778.4,932.9,200.0,191.2,3.384497313891021,0.0690713737528779,0.2072141212586339,0.0562931696085955,0.1626630851880276,0.2189562547966231
2024-25,441191,Livramento,DEF,Newcastle,105,4.6,8.9,2835,3,Attacking / ball-playing defender,8,7.4797826,1.2280586,0,1,0.33,2.7,3.03,10,40,37.83,0,6,476,1,0,567.4,406.2,127.0,110.1,3.333333333333333,0.0,0.0317460317460317,0.0104761904761904,0.0857142857142857,0.0961904761904761
2024-25,460028,Colwill,DEF,Chelsea,109,4.4,2.4,3150,3,Attacking / ball-playing defender,8,7.4255214,0.68489397,2,1,1.92,1.31,3.23,10,41,43.52,0,6,461,9,0,692.0,214.3,185.0,109.4,3.114285714285714,0.0571428571428571,0.0285714285714285,0.0548571428571428,0.0374285714285714,0.0922857142857142
2024-25,477424,Gvardiol,DEF,Man City,153,6.5,38.6,3278,3,Attacking / ball-playing defender,9,6.943725,1.8281267,5,0,4.6,2.92,7.52,13,41,44.27,0,15,623,2,0,847.0,501.7,497.0,185.0,4.200732153752288,0.1372788285539963,0.0,0.1262965222696766,0.0801708358755338,0.2064673581452104
2024-25,482442,P.M.Sarr,MID,Spurs,71,4.7,0.2,1901,3,Attacking / ball-playing defender,9,8.170526,2.4447055,3,2,3.72,0.78,4.5,2,38,36.38,0,4,365,6,0,398.4,257.2,220.0,87.2,3.361388742766965,0.142030510257759,0.094687006838506,0.1761178327196212,0.0369279326670173,0.2130457653866386
2024-25,486672,Caicedo,MID,Chelsea,98,4.9,1.0,3351,3,Attacking / ball-playing defender,8,6.866056,1.2656084,1,4,0.81,2.82,3.63,12,42,45.42,0,4,650,11,0,627.6,568.8,95.0,129.2,2.632050134288272,0.0268576544315129,0.1074306177260519,0.0217547000895255,0.0757385854968666,0.0974932855863921
2024-25,496661,Dibling,MID,Southampton,68,4.3,1.4,1863,3,Attacking / ball-playing defender,9,8.067803,2.2114174,2,2,2.6,1.47,4.07,3,50,49.16,0,4,247,6,0,261.0,344.5,264.0,87.0,3.2850241545893724,0.0966183574879227,0.0966183574879227,0.1256038647342995,0.0710144927536231,0.1966183574879227
2024-25,503301,Hutchinson,MID,Ipswich,88,5.2,0.3,2585,3,Attacking / ball-playing defender,9,7.4959755,1.846086,3,3,2.93,2.46,5.39,3,61,51.04,0,6,352,5,0,383.2,487.5,443.0,131.5,3.0638297872340425,0.104448742746615,0.104448742746615,0.1020116054158607,0.0856479690522243,0.1876595744680851
2024-25,509416,Ayari,MID,Brighton,74,5.0,0.1,1958,3,Attacking / ball-playing defender,9,7.633336,2.5449088,2,1,2.51,2.62,5.13,7,28,30.15,0,3,358,4,0,363.2,507.5,247.0,111.7,3.401430030643513,0.0919305413687436,0.0459652706843718,0.1153728294177732,0.1204290091930541,0.2358018386108273
2024-25,513527,El Khannouss,MID,Leicester,83,4.8,0.2,2179,3,Attacking / ball-playing defender,9,7.2662354,1.9526235,2,4,1.29,2.85,4.14,3,54,48.23,0,6,376,4,0,381.6,634.1,191.0,120.5,3.428178063331804,0.0826067003212482,0.1652134006424965,0.0532813217072051,0.1177145479577788,0.1709958696649839
2024-25,532529,Hinshelwood,MID,Brighton,89,4.9,0.1,1839,3,Attacking / ball-playing defender,9,7.6122146,2.6656072,5,3,2.74,1.5,4.24,6,30,30.09,0,8,404,5,0,394.6,268.1,304.0,97.0,4.355628058727569,0.2446982055464927,0.1468189233278956,0.134094616639478,0.0734094616639478,0.2075040783034258
2024-25,536916,Buonanotte,MID,Leicester,75,4.5,0.4,1508,3,Attacking / ball-playing defender,9,7.661042,2.7611594,5,2,4.01,2.29,6.3,2,33,29.23,0,6,299,8,0,415.8,415.8,318.0,114.7,4.476127320954907,0.2984084880636605,0.1193633952254641,0.2393236074270557,0.1366710875331565,0.3759946949602122
2024-25,544877,Kerkez,DEF,Bournemouth,134,5.3,20.0,3336,3,Attacking / ball-playing defender,9,6.474708,1.4458553,2,6,0.6,2.57,3.17,9,45,48.69,0,10,550,4,0,694.0,642.0,238.0,157.3,3.615107913669065,0.0539568345323741,0.1618705035971223,0.0161870503597122,0.0693345323741007,0.0855215827338129
2024-25,551226,M.Fernandes,MID,Southampton,95,5.0,0.1,2911,3,Attacking / ball-playing defender,9,7.246431,1.764573,2,4,4.12,3.62,7.74,5,66,70.78,0,8,513,8,0,553.4,649.5,372.0,157.8,2.9371350051528684,0.061834421161113,0.123668842322226,0.1273789075918928,0.1119203023016145,0.2392992098935074
2024-25,554605,Huijsen,DEF,Bournemouth,104,4.5,5.0,2422,3,Attacking / ball-playing defender,8,7.172542,0.5691834,3,2,1.82,1.57,3.39,7,31,37.44,0,14,449,10,0,826.4,217.6,193.0,123.6,3.864574731626755,0.111478117258464,0.074318744838976,0.0676300578034682,0.0583402146985962,0.1259702725020644
2024-25,575476,Murillo,DEF,Nott'm Forest,130,4.7,4.1,3188,3,Attacking / ball-playing defender,8,7.3107915,0.7497549,2,0,1.47,1.15,2.62,12,44,47.42,0,18,541,6,0,927.2,211.2,201.0,134.0,3.670012547051443,0.0564617314930991,0.0,0.0414993726474278,0.0324654956085319,0.0739648682559598
2024-25,80201,Leno,GK,Fulham,115,5.0,2.9,3420,4,Goalkeeper,0,16.156046,3.8632853,0,2,0.0,0.03,0.03,5,54,47.75,110,5,475,5,0,967.0,20.0,0.0,98.6,3.026315789473684,0.0,0.0526315789473684,0.0,0.0007894736842105,0.0007894736842105
2024-25,84182,Areola,GK,West Ham,69,4.2,7.2,2259,4,Goalkeeper,0,15.685942,3.6692638,0,0,0.0,0.0,0.0,4,41,37.78,82,1,261,0,0,619.8,0.0,0.0,62.1,2.749003984063745,0.0,0.0,0.0,0.0,0.0
2024-25,85633,Sels,GK,Nott'm Forest,150,5.2,19.9,3420,4,Goalkeeper,0,16.097239,4.017056,0,1,0.0,0.26,0.26,13,46,50.17,120,11,521,4,0,942.2,20.2,0.0,96.7,3.947368421052632,0.0,0.0263157894736842,0.0,0.0068421052631578,0.0068421052631578
2024-25,98747,Pope,GK,Newcastle,102,5.0,6.1,2520,4,Goalkeeper,0,15.815247,3.8078108,0,0,0.0,0.0,0.0,8,35,34.94,88,2,384,2,0,666.0,10.0,0.0,67.4,3.6428571428571432,0.0,0.0,0.0,0.0,0.0
2024-25,98980,Martinez,GK,Aston Villa,111,5.0,13.3,3195,4,Goalkeeper,0,15.964961,3.7444866,0,0,0.0,0.02,0.02,8,47,44.99,100,6,457,5,1,839.6,20.0,0.0,86.0,3.126760563380281,0.0,0.0,0.0,0.0005633802816901,0.0005633802816901
2024-25,109745,Arrizabalaga,GK,Bournemouth,106,4.6,3.7,2790,4,Goalkeeper,0,15.867137,3.882858,0,0,0.06,0.03,0.09,8,39,38.83,97,7,406,3,0,744.4,10.4,4.0,75.8,3.419354838709677,0.0,0.0,0.0019354838709677,0.0009677419354838,0.0029032258064516
2024-25,111234,Pickford,GK,Everton,158,5.2,15.9,3420,4,Goalkeeper,0,16.115763,4.00283,0,1,0.0,0.22,0.22,12,44,46.11,122,15,593,7,0,1052.0,20.3,0.0,107.0,4.157894736842105,0.0,0.0263157894736842,0.0,0.0057894736842105,0.0057894736842105
2024-25,116535,A.Becker,GK,Liverpool,112,5.5,8.4,2508,4,Goalkeeper,0,15.774871,3.8311327,0,0,0.0,0.2,0.2,10,29,27.1,78,9,451,0,0,628.8,13.0,0.0,64.0,4.019138755980861,0.0,0.0,0.0,0.0071770334928229,0.0071770334928229
2024-25,118342,Flekken,GK,Brentford,138,4.5,10.0,3275,4,Goalkeeper,0,16.248411,3.9777784,0,2,0.0,0.11,0.11,7,55,54.82,153,12,584,1,0,1298.4,30.3,0.0,132.5,3.792366412213741,0.0,0.0549618320610687,0.0,0.0030229007633587,0.0030229007633587
2024-25,121160,Ederson M.,GK,Man City,111,5.3,5.7,2320,4,Goalkeeper,0,15.703383,3.9519632,0,4,0.0,0.16,0.16,10,26,29.5,54,9,400,4,0,567.0,43.0,0.0,60.9,4.306034482758621,0.0,0.1551724137931034,0.0,0.0062068965517241,0.0062068965517241
2024-25,149065,José Sá,GK,Wolves,93,4.4,2.8,2610,4,Goalkeeper,0,15.750261,3.7283506,0,0,0.0,0.01,0.01,7,48,42.22,71,4,305,2,0,603.4,30.0,0.0,63.4,3.206896551724138,0.0,0.0,0.0,0.0003448275862068,0.0003448275862068
2024-25,154561,Raya,GK,Arsenal,142,5.6,32.6,3420,4,Goalkeeper,0,15.872872,3.9721704,0,0,0.0,0.03,0.03,13,34,35.03,86,10,555,3,0,755.4,10.7,0.0,76.7,3.736842105263158,0.0,0.0,0.0,0.0007894736842105,0.0007894736842105
2024-25,172649,Henderson,GK,Crystal Palace,135,4.6,11.7,3420,4,Goalkeeper,0,16.050974,3.9229066,0,0,0.01,0.02,0.03,11,51,50.33,104,8,466,3,0,853.6,30.0,4.0,88.6,3.552631578947368,0.0,0.0,0.0002631578947368,0.0005263157894736,0.0007894736842105
2024-25,184254,Vicario,GK,Spurs,66,4.8,1.8,2160,4,Goalkeeper,0,15.511101,3.5595062,0,0,0.0,0.0,0.0,4,37,33.6,68,2,293,1,0,587.8,0.0,0.0,58.5,2.75,0.0,0.0,0.0,0.0,0.0
2024-25,202641,Onana,GK,Man Utd,120,4.9,5.0,3060,4,Goalkeeper,0,15.994569,3.9259636,0,0,0.0,0.2,0.2,9,44,47.79,90,8,443,0,0,733.0,13.0,0.0,74.7,3.5294117647058822,0.0,0.0,0.0,0.0058823529411764,0.0058823529411764
2024-25,215059,Sánchez,GK,Chelsea,126,4.5,6.2,2880,4,Goalkeeper,0,15.997529,3.8618402,0,0,0.0,0.02,0.02,10,34,38.55,95,11,470,5,0,755.6,20.0,0.0,77.5,3.9375,0.0,0.0,0.0,0.000625,0.000625
2024-25,225321,Ramsdale,GK,Southampton,97,4.4,1.3,2700,4,Goalkeeper,0,16.254036,3.83192,0,0,0.0,0.04,0.04,3,66,66.34,125,11,315,2,0,980.6,0.1,0.0,98.3,3.233333333333333,0.0,0.0,0.0,0.0013333333333333,0.0013333333333333
2024-25,232917,Muric,GK,Ipswich,49,4.4,0.4,1620,4,Goalkeeper,0,15.566191,3.619124,0,0,0.0,0.01,0.01,1,33,36.12,70,5,186,1,0,531.2,0.0,0.0,53.1,2.7222222222222223,0.0,0.0,0.0,0.0005555555555555,0.0005555555555555
2024-25,467189,Hermansen,GK,Leicester,63,4.4,0.4,2385,4,Goalkeeper,0,16.195696,3.8104258,0,0,0.0,0.02,0.02,1,58,55.09,103,1,231,1,0,827.0,0.2,0.0,82.8,2.3773584905660377,0.0,0.0,0.0,0.000754716981132,0.000754716981132
2024-25,489639,Verbruggen,GK,Brighton,103,4.5,2.5,3240,4,Goalkeeper,0,16.19493,3.8163977,0,1,0.0,0.01,0.01,7,58,53.1,91,6,366,5,0,849.8,10.0,0.0,85.8,2.861111111111111,0.0,0.0277777777777777,0.0,0.0002777777777777,0.0002777777777777
2024-25,59859,Gündogan,MID,Man City,97,6.3,0.5,2218,5,Creative midfielder,2,6.047813,2.798109,1,7,3.21,4.43,7.63,10,28,35.69,0,5,460,1,0,387.0,781.3,273.0,144.2,3.9359783588818753,0.0405770964833183,0.2840396753832281,0.1302524797114517,0.1797565374211001,0.3096032461677186
2024-25,61366,De Bruyne,MID,Man City,114,9.5,11.6,1694,5,Creative midfielder,2,4.4258857,3.0895174,4,9,5.17,6.75,11.92,10,19,21.47,0,12,462,2,0,466.6,920.0,411.0,179.5,6.056670602125148,0.2125147579693034,0.4781582054309327,0.2746753246753247,0.3586186540731995,0.6332939787485242
2024-25,85971,Son,MID,Spurs,129,9.7,4.1,2106,5,Creative midfielder,2,4.0411305,3.379946,7,10,7.25,4.97,12.22,4,35,37.99,0,12,543,1,0,629.6,734.9,707.0,207.2,5.512820512820513,0.2991452991452991,0.4273504273504273,0.3098290598290598,0.2123931623931623,0.5222222222222223
2024-25,114243,J.Murphy,MID,Newcastle,159,5.2,14.3,2356,5,Creative midfielder,2,4.106871,3.1222255,8,13,5.89,6.14,12.03,11,31,28.19,0,11,601,4,0,713.4,625.2,519.0,185.6,6.073853989813243,0.3056027164685908,0.4966044142614601,0.225,0.2345500848896434,0.4595500848896434
2024-25,116216,Trossard,MID,Arsenal,152,6.7,4.5,2546,5,Creative midfielder,2,3.7076077,3.14449,8,8,6.74,4.12,10.86,11,27,24.76,0,18,561,2,1,609.0,617.6,798.0,202.1,5.3731343283582085,0.2827965435978005,0.2827965435978005,0.2382560879811469,0.1456402199528672,0.3838963079340141
2024-25,141746,B.Fernandes,MID,Man Utd,174,8.4,13.7,3017,5,Creative midfielder,2,3.687058,2.8518896,8,12,9.93,7.89,17.82,10,47,45.85,0,28,810,3,2,1017.8,1407.7,587.0,300.8,5.190586675505469,0.2386476632416307,0.3579714948624461,0.2962214119986742,0.2353662578720583,0.5315876698707325
2024-25,153133,Iwobi,MID,Fulham,156,5.4,4.9,2981,5,Creative midfielder,2,4.050219,3.3287306,9,6,4.33,6.9,11.23,6,45,38.06,0,16,704,1,0,806.8,922.4,699.0,243.0,4.709828916470983,0.2717208990271721,0.1811472660181147,0.1307279436430728,0.2083193559208319,0.3390472995639047
2024-25,156689,Andreas,MID,Fulham,81,4.9,0.8,2004,5,Creative midfielder,2,5.3939795,2.9431138,2,6,4.24,4.63,8.87,5,32,27.35,0,2,355,8,0,326.6,868.3,300.0,149.0,3.637724550898204,0.0898203592814371,0.2694610778443114,0.1904191616766467,0.2079341317365269,0.3983532934131736
2024-25,159533,Adama,MID,Fulham,95,4.5,1.4,1756,5,Creative midfielder,2,5.4382744,3.125431,2,8,4.11,4.61,8.72,3,28,25.17,0,8,384,3,0,385.4,632.1,426.0,144.6,4.8690205011389525,0.10250569476082,0.4100227790432801,0.2106492027334852,0.2362756264236902,0.4469248291571754
2024-25,165809,Bernardo,MID,Man City,110,6.1,2.8,2667,5,Creative midfielder,2,5.1541433,2.4045029,4,4,3.84,4.56,8.4,10,36,39.68,0,13,568,7,0,603.0,800.4,532.0,193.6,3.712035995500562,0.1349831271091113,0.1349831271091113,0.1295838020247469,0.1538807649043869,0.2834645669291338
2024-25,166989,Tielemans,MID,Aston Villa,121,5.5,1.1,3025,5,Creative midfielder,2,4.93227,2.2864723,3,7,3.31,5.83,9.14,7,46,43.87,0,15,686,4,0,799.6,963.1,333.0,209.6,3.6,0.0892561983471074,0.2082644628099173,0.0984793388429752,0.1734545454545454,0.2719338842975207
2024-25,169187,Alexander-Arnold,DEF,Liverpool,148,7.2,16.7,2362,5,Creative midfielder,2,4.6771016,2.6076434,3,7,1.81,7.2,9.01,12,25,21.67,0,13,603,5,0,723.8,833.7,268.0,182.4,5.639288738357324,0.1143099068585944,0.2667231160033869,0.0689669771380186,0.2743437764606266,0.3433107535986452
2024-25,172780,Maddison,MID,Spurs,133,7.4,3.8,1799,5,Creative midfielder,2,4.1328526,3.3625085,9,8,5.54,5.92,11.46,6,32,32.39,0,15,592,6,0,683.4,702.3,495.0,187.8,6.653696498054475,0.4502501389660922,0.4002223457476375,0.277153974430239,0.2961645358532518,0.5733185102834909
2024-25,184029,Ødegaard,MID,Arsenal,116,8.2,5.7,2321,5,Creative midfielder,2,4.488386,2.8453348,3,9,4.85,6.68,11.53,11,21,22.16,0,11,529,4,0,524.6,968.7,493.0,198.8,4.498061180525635,0.1163291684618698,0.3489875053856096,0.1880654890133563,0.2590262817750969,0.4470917707884532
2024-25,201658,Tavernier,MID,Bournemouth,87,5.4,0.2,1932,5,Creative midfielder,2,5.3796344,3.0591643,3,7,5.51,3.65,9.16,4,29,25.42,0,4,362,6,0,447.0,664.8,442.0,155.4,4.052795031055901,0.139751552795031,0.3260869565217391,0.2566770186335403,0.1700310559006211,0.4267080745341615
2024-25,204480,Rice,MID,Arsenal,127,6.3,4.2,2823,5,Creative midfielder,2,4.1039653,2.5225673,4,7,3.51,5.64,9.14,11,29,27.13,0,17,627,5,1,733.0,959.6,399.0,208.8,4.048884165781084,0.1275239107332625,0.2231668437832093,0.1119022316684378,0.1798087141339001,0.2913921360255048
2024-25,208706,Bruno G.,MID,Newcastle,135,6.2,3.0,3273,5,Creative midfielder,2,5.052096,2.2537413,5,6,4.34,5.32,9.66,13,44,43.41,0,10,661,7,0,723.0,796.0,454.0,197.5,3.712190650779102,0.1374885426214482,0.1649862511457378,0.119340054995417,0.1462878093492209,0.265627864344638
2024-25,209243,Sancho,MID,Chelsea,86,6.2,0.9,1754,5,Creative midfielder,2,6.2429285,2.9701557,3,5,2.13,3.1,5.23,7,24,23.66,0,3,367,2,0,340.0,523.2,414.0,127.5,4.412770809578107,0.153933865450399,0.2565564424173318,0.1092930444697833,0.1590649942987457,0.2683580387685291
2024-25,222531,Gibbs-White,MID,Nott'm Forest,154,6.5,7.4,2806,5,Creative midfielder,2,4.026116,2.6770096,7,11,6.31,4.68,10.99,13,34,41.21,0,18,594,9,1,680.4,793.7,632.0,210.6,4.939415538132573,0.2245188880969351,0.3528153955808981,0.2023877405559515,0.1501069137562366,0.3524946543121882
2024-25,223340,Saka,MID,Arsenal,127,10.4,20.2,1724,5,Creative midfielder,2,4.3831196,3.0872521,6,11,6.87,7.78,14.65,7,21,17.72,0,18,508,3,0,606.0,842.8,830.0,227.9,6.629930394431554,0.3132250580046403,0.574245939675174,0.3586426914153132,0.4061484918793503,0.7647911832946636
2024-25,231057,Bellegarde,MID,Wolves,90,4.9,0.2,1666,5,Creative midfielder,2,6.1936054,2.9879844,2,7,1.46,2.74,4.2,6,31,26.55,0,5,332,3,0,355.6,422.8,200.0,97.2,4.861944777911164,0.1080432172869147,0.3781512605042016,0.0788715486194477,0.1480192076830732,0.226890756302521
2024-25,243016,Mac Allister,MID,Liverpool,122,6.2,1.7,2597,5,Creative midfielder,2,4.8140163,2.577055,5,6,2.89,5.57,8.46,14,24,24.21,0,8,578,6,0,653.4,731.3,357.0,174.1,4.227955333076627,0.1732768579129765,0.2079322294955718,0.1001540238737004,0.1930304197150558,0.2931844435887563
2024-25,244850,Rogers,MID,Aston Villa,161,5.8,25.8,3115,5,Creative midfielder,2,4.3220477,2.6756299,8,11,6.49,5.24,11.73,10,40,43.7,0,15,534,10,0,730.6,722.7,689.0,214.2,4.651685393258426,0.2311396468699839,0.3178170144462279,0.1875120385232745,0.1513964686998395,0.338908507223114
2024-25,247348,Muñoz,DEF,Crystal Palace,142,5.2,19.3,3229,5,Creative midfielder,2,5.578948,2.0510023,4,6,4.92,3.46,8.38,11,46,46.3,0,9,480,10,0,816.6,634.2,524.0,197.6,3.957881697119852,0.1114896252709817,0.1672344379064725,0.1371322390833075,0.0964385258593991,0.2335707649427067
2024-25,247632,Neto,MID,Chelsea,104,6.1,1.4,2262,5,Creative midfielder,2,5.156448,2.7726603,4,6,3.48,4.47,7.95,8,25,27.98,0,9,434,8,0,492.0,762.7,545.0,180.0,4.137931034482759,0.1591511936339522,0.2387267904509283,0.1384615384615384,0.1778514588859416,0.3163129973474801
2024-25,248875,Doku,MID,Man City,88,6.2,1.7,1506,5,Creative midfielder,2,5.889672,3.067607,3,6,1.32,3.81,5.13,8,14,15.18,0,3,425,1,0,453.8,515.9,528.0,150.0,5.258964143426295,0.1792828685258964,0.3585657370517928,0.0788844621513944,0.2276892430278884,0.3065737051792829
2024-25,424876,Szoboszlai,MID,Liverpool,143,6.1,2.7,2485,5,Creative midfielder,2,4.2538495,2.954964,6,10,6.94,6.06,13.0,12,29,26.78,0,14,605,6,0,589.8,794.8,601.0,198.1,5.17907444668008,0.2173038229376257,0.3621730382293763,0.2513480885311872,0.219476861167002,0.4708249496981891
2024-25,433154,McNeil,MID,Everton,93,5.1,1.4,1366,5,Creative midfielder,2,5.5768924,3.143142,4,8,1.05,4.49,5.53,5,24,21.12,0,9,401,1,0,392.0,631.8,207.0,123.3,6.1273792093704245,0.2635431918008785,0.527086383601757,0.0691800878477306,0.2958272327964861,0.3643484626647145
2024-25,440089,Damsgaard,MID,Brentford,131,4.9,1.2,2911,5,Creative midfielder,2,4.814677,2.3839746,2,10,2.91,7.01,9.92,11,41,45.6,0,10,611,2,0,714.8,1006.4,338.0,205.9,4.050154586052902,0.061834421161113,0.3091721058055651,0.0899690827894194,0.2167296461697011,0.3066987289591206
2024-25,448047,Enzo,MID,Chelsea,135,4.7,4.1,2943,5,Creative midfielder,2,4.5424056,2.5328562,6,8,6.23,6.11,12.34,10,37,38.06,0,11,691,8,0,761.6,1131.6,517.0,241.3,4.128440366972478,0.1834862385321101,0.2446483180428134,0.1905198776758409,0.1868501529051987,0.3773700305810398
2024-25,449434,Elanga,MID,Nott'm Forest,153,5.5,9.4,2496,5,Creative midfielder,2,4.016644,3.0424647,6,11,4.81,5.12,9.93,12,35,38.74,0,15,535,1,0,627.0,785.4,582.0,199.8,5.5168269230769225,0.2163461538461538,0.3966346153846153,0.1734375,0.1846153846153846,0.3580528846153846
2024-25,465351,Matheus N.,MID,Man City,81,4.9,0.2,1670,5,Creative midfielder,2,6.131325,2.9160657,1,7,1.11,3.32,4.43,9,19,24.87,0,6,373,4,0,370.4,422.4,206.0,99.9,4.365269461077844,0.0538922155688622,0.3772455089820359,0.0598203592814371,0.1789221556886227,0.2387425149700598
2024-25,487838,Hall,DEF,Newcastle,102,4.7,4.4,2188,5,Creative midfielder,2,6.240411,2.678448,0,7,0.43,3.73,4.16,8,31,29.73,0,11,443,3,0,561.6,561.2,128.0,125.3,4.195612431444242,0.0,0.2879341864716636,0.0176873857404021,0.1534277879341864,0.1711151736745886
2024-25,493250,Amad,MID,Man Utd,129,5.3,4.1,1898,5,Creative midfielder,2,4.0110455,3.3931859,8,8,4.71,3.98,8.69,7,30,31.71,0,17,569,5,0,634.0,687.2,615.0,193.8,6.116965226554268,0.3793466807165437,0.3793466807165437,0.2233403582718651,0.1887249736564805,0.4120653319283456
2024-25,510281,Savinho,MID,Man City,106,6.0,1.9,1760,5,Creative midfielder,2,4.4374075,3.031098,1,11,5.02,6.1,11.12,8,25,21.39,0,15,442,3,0,415.2,682.9,671.0,177.3,5.420454545454545,0.0511363636363636,0.5625,0.2567045454545454,0.3119318181818181,0.5686363636363636
2024-25,592031,Minteh,MID,Brighton,102,4.8,1.0,1831,5,Creative midfielder,2,5.01158,3.3868682,6,5,4.13,4.99,9.12,4,33,28.41,0,8,398,6,0,523.8,448.9,615.0,159.1,5.013653741125069,0.2949208083014746,0.2457673402512288,0.203003823047515,0.2452758055707263,0.4482796286182414
2024-25,18892,Young,DEF,Everton,98,4.2,1.4,1864,6,Balanced defender,1,4.9071217,-0.94459593,1,4,0.27,2.87,3.14,9,23,26.17,0,9,354,7,1,431.2,388.2,46.0,86.8,4.73175965665236,0.0482832618025751,0.1931330472103004,0.0130364806866952,0.1385729613733905,0.1516094420600858
2024-25,88900,Stephens,DEF,Southampton,31,4.0,0.3,1389,6,Balanced defender,1,4.3398438,-1.6435324,1,0,0.58,0.26,0.84,2,31,31.75,0,2,112,2,2,291.8,71.6,51.0,41.5,2.008639308855292,0.0647948164146868,0.0,0.0375809935205183,0.0168466522678185,0.0544276457883369
2024-25,91651,Kovačić,MID,Man City,109,5.4,1.2,2194,6,Balanced defender,1,5.3124757,-0.95331544,6,3,1.91,3.21,5.11,10,29,31.5,0,13,542,5,1,606.4,579.3,204.0,139.1,4.4712853236098455,0.2461257976298997,0.1230628988149498,0.0783500455788514,0.1316773017319963,0.2096171376481312
2024-25,101178,Ward-Prowse,MID,West Ham,51,6.1,0.5,1433,6,Balanced defender,1,4.762877,-0.93929756,1,2,1.59,2.68,4.27,5,18,19.29,0,2,293,2,1,282.4,378.3,138.0,80.0,3.203070481507327,0.0628053035589672,0.1256106071179344,0.0998604326587578,0.1683182135380321,0.2681786461967899
2024-25,119471,Schär,DEF,Newcastle,118,5.5,5.0,2935,6,Balanced defender,1,5.5763106,-1.115489,4,2,3.94,1.01,4.95,11,42,37.26,0,4,440,9,1,743.2,111.5,346.0,119.6,3.61839863713799,0.1226575809199318,0.0613287904599659,0.1208177172061328,0.0309710391822827,0.1517887563884156
2024-25,121599,A.Doucoure,MID,Everton,94,5.1,0.5,2563,6,Balanced defender,1,5.126145,-1.1038245,3,2,4.15,1.41,5.56,11,33,34.38,0,5,333,3,1,352.6,379.4,348.0,107.6,3.300819352321498,0.1053452984783456,0.0702301989855637,0.1457276628950448,0.0495122902848224,0.1952399531798673
2024-25,122798,Robertson,DEF,Liverpool,91,5.8,4.0,2479,6,Balanced defender,1,5.124944,-0.9305614,0,1,1.12,4.27,5.39,10,32,26.9,0,4,397,3,1,395.4,668.7,182.0,124.4,3.3037515127067363,0.0,0.036304961678096,0.0406615570794675,0.1550221863654699,0.1956837434449374
2024-25,128295,Nørgaard,MID,Brentford,107,4.8,0.2,2820,6,Balanced defender,1,5.6147127,-1.0442196,5,5,4.23,1.38,5.61,6,45,44.54,0,7,580,8,1,735.4,333.0,409.0,147.9,3.4148936170212765,0.1595744680851064,0.1595744680851064,0.135,0.0440425531914893,0.1790425531914893
2024-25,155405,Phillips,MID,Ipswich,27,4.8,0.1,1231,6,Balanced defender,1,4.3442645,-1.671142,0,0,0.45,0.46,0.91,1,30,27.21,0,0,167,4,1,181.8,116.2,41.0,33.8,1.9740048740861087,0.0,0.0,0.0329000812347684,0.0336311941510966,0.0665312753858651
2024-25,155408,Cook,MID,Bournemouth,82,5.0,0.1,2976,6,Balanced defender,1,5.722397,-0.93370885,1,4,0.94,3.76,4.7,5,44,45.25,0,3,500,8,1,607.0,727.1,114.0,144.9,2.4798387096774195,0.0302419354838709,0.1209677419354838,0.0284274193548387,0.1137096774193548,0.1421370967741935
2024-25,174874,Andersen,DEF,Fulham,51,4.2,3.4,2673,6,Balanced defender,1,5.01723,-1.5060265,0,0,1.04,0.57,1.61,4,47,37.85,0,3,306,7,1,687.6,99.0,162.0,95.0,1.7171717171717171,0.0,0.0,0.035016835016835,0.0191919191919191,0.0542087542087542
2024-25,179268,Cucurella,DEF,Chelsea,133,5.4,11.8,2988,6,Balanced defender,1,5.418925,-1.1796907,5,2,2.79,2.39,5.18,9,38,39.94,0,14,533,8,1,668.6,350.6,358.0,137.9,4.006024096385542,0.1506024096385542,0.0602409638554216,0.0840361445783132,0.0719879518072289,0.1560240963855421
2024-25,180804,Tuanzebe,DEF,Ipswich,27,3.9,1.2,1710,6,Balanced defender,1,4.2438383,-1.6169829,0,1,0.21,0.26,0.47,1,38,32.01,0,0,80,3,1,284.4,93.4,25.0,40.1,1.4210526315789471,0.0,0.0526315789473684,0.0110526315789473,0.0136842105263157,0.0247368421052631
2024-25,206915,Jones,MID,Liverpool,87,5.3,0.2,1702,6,Balanced defender,1,4.813904,-0.61876357,3,5,4.34,1.46,5.8,6,27,23.35,0,4,396,1,1,397.2,343.7,400.0,113.6,4.600470035252644,0.1586368977673325,0.2643948296122209,0.2294947121034077,0.0772032902467685,0.3066980023501762
2024-25,209036,Guéhi,DEF,Crystal Palace,116,4.7,5.7,3059,6,Balanced defender,1,5.555921,-1.214639,3,2,1.87,2.01,3.88,11,42,41.55,0,11,492,7,1,827.0,237.6,247.0,131.0,3.412880026152337,0.088264138607388,0.058842759071592,0.0550179797319385,0.0591369728669499,0.1141549525988885
2024-25,209400,Kamada,MID,Crystal Palace,45,5.1,0.1,1545,6,Balanced defender,1,4.449137,-1.438524,0,0,1.12,1.55,2.67,3,27,25.74,0,0,246,4,1,219.2,314.1,145.0,68.2,2.621359223300971,0.0,0.0,0.0652427184466019,0.0902912621359223,0.1555339805825242
2024-25,213999,Álvarez,MID,West Ham,40,5.0,0.1,1769,6,Balanced defender,1,4.4477844,-1.5147065,0,1,0.39,0.89,1.28,3,31,30.15,0,0,221,7,1,281.8,213.9,51.0,54.7,2.035048049745619,0.0,0.0508762012436404,0.0198417184850197,0.04527981910684,0.0651215375918598
2024-25,222018,Johnson,DEF,Ipswich,30,3.8,1.9,1346,6,Balanced defender,1,4.387491,-1.5465661,1,2,1.06,0.83,1.89,0,39,37.89,0,2,23,3,1,276.6,177.2,92.0,54.6,2.0059435364041605,0.0668647845468053,0.1337295690936107,0.0708766716196136,0.0554977711738484,0.1263744427934621
2024-25,232653,Ramsey,MID,Aston Villa,66,5.4,0.3,1616,6,Balanced defender,1,4.6994457,-0.98967814,1,4,1.59,2.18,3.77,5,26,23.99,0,3,265,2,1,235.4,307.9,245.0,78.7,3.6757425742574257,0.0556930693069306,0.2227722772277227,0.0885519801980198,0.1214108910891089,0.2099628712871287
2024-25,232859,Spence,DEF,Spurs,51,4.4,0.7,1790,6,Balanced defender,1,4.5900626,-1.4070287,1,2,0.58,1.41,1.99,3,39,34.79,0,6,216,2,1,433.0,226.6,100.0,76.1,2.564245810055866,0.0502793296089385,0.100558659217877,0.0291620111731843,0.0708938547486033,0.1000558659217877
2024-25,233963,Mavropanos,DEF,West Ham,45,4.3,0.1,2035,6,Balanced defender,1,4.5501676,-1.6307641,0,0,1.61,0.39,2.0,2,39,37.11,0,4,234,4,1,497.0,74.9,160.0,73.2,1.99017199017199,0.0,0.0,0.0712039312039312,0.0172481572481572,0.0884520884520884
2024-25,427623,C.Richards,DEF,Crystal Palace,68,4.4,0.2,1921,6,Balanced defender,1,4.664591,-1.475668,1,1,1.33,0.6,1.93,7,31,29.78,0,2,249,2,1,470.8,45.0,181.0,69.6,3.185840707964602,0.0468505986465382,0.0468505986465382,0.0623112961998958,0.0281103591879229,0.0904216553878188
2024-25,441266,Gravenberch,MID,Liverpool,92,5.0,0.7,3160,6,Balanced defender,1,5.2379274,-0.91130275,0,4,1.13,3.5,4.63,14,35,33.06,0,1,568,5,1,550.6,473.9,121.0,114.7,2.620253164556962,0.0,0.1139240506329113,0.0321835443037974,0.0996835443037974,0.1318670886075949
2024-25,448089,J.Gomes,MID,Wolves,87,4.9,0.2,2975,6,Balanced defender,1,5.6316447,-1.1049992,3,1,2.94,2.61,5.55,6,59,49.5,0,7,489,9,1,513.4,428.9,231.0,117.3,2.631932773109244,0.0907563025210084,0.0302521008403361,0.0889411764705882,0.0789579831932773,0.1678991596638655
2024-25,448514,Aït-Nouri,DEF,Wolves,125,5.1,15.0,3112,6,Balanced defender,1,5.8183665,-0.6667808,4,7,2.69,3.98,6.67,7,67,53.27,0,13,447,5,1,778.4,694.3,435.0,191.0,3.6150385604113113,0.1156812339331619,0.2024421593830334,0.0777956298200514,0.1151028277634961,0.1928984575835475
2024-25,455084,Davis,DEF,Ipswich,52,4.2,0.9,2742,6,Balanced defender,1,6.040506,-0.8406984,1,2,0.98,4.74,5.72,2,71,60.7,0,5,174,5,1,486.8,865.4,145.0,149.6,1.7067833698030634,0.0328227571115973,0.0656455142231947,0.0321663019693654,0.1555798687089715,0.187746170678337
2024-25,460842,Kudus,MID,West Ham,106,6.2,2.6,2589,6,Balanced defender,1,5.174014,-0.45942068,5,4,6.97,2.67,9.64,7,46,43.46,0,5,373,2,1,471.6,552.5,752.0,177.5,3.684820393974508,0.1738122827346465,0.1390498261877172,0.2422943221320973,0.0928157589803012,0.3351100811123986
2024-25,462424,Saliba,DEF,Arsenal,130,6.4,25.8,3039,6,Balanced defender,1,5.3117833,-1.3505713,2,0,2.42,1.28,3.7,12,29,30.32,0,14,564,2,1,672.6,150.1,116.0,94.2,3.84995064165844,0.0592300098716683,0.0,0.0716683119447186,0.0379072063178677,0.1095755182625863
2024-25,469142,Van Hecke,DEF,Brighton,87,4.5,0.7,2960,6,Balanced defender,1,5.382897,-1.3050411,1,1,1.32,1.41,2.73,7,47,44.67,0,7,406,6,1,736.6,261.8,182.0,118.3,2.6452702702702706,0.0304054054054054,0.0304054054054054,0.0401351351351351,0.0428716216216216,0.0830067567567567
2024-25,477064,Lewis,DEF,Man City,66,4.3,3.5,1888,6,Balanced defender,1,4.578415,-1.3037854,1,2,1.32,1.01,2.33,5,27,27.6,0,1,285,3,1,293.8,218.6,139.0,65.0,3.146186440677966,0.0476694915254237,0.0953389830508474,0.0629237288135593,0.0481461864406779,0.1110699152542372
2024-25,477580,Zabarnyi,DEF,Bournemouth,94,4.4,0.5,3109,6,Balanced defender,1,5.247521,-1.2878767,0,1,1.2,0.76,1.96,8,42,42.54,0,8,429,4,1,651.4,177.0,88.0,92.0,2.721132196847861,0.0,0.0289482148600836,0.0347378578321003,0.0220006432936635,0.0567385011257639
2024-25,499169,Lewis-Skelly,MID,Arsenal,37,4.5,0.4,1362,6,Balanced defender,1,4.3234353,-1.5370011,1,0,0.16,0.51,0.67,5,16,16.65,0,0,237,3,2,176.0,170.7,57.0,40.0,2.444933920704846,0.066079295154185,0.0,0.0105726872246696,0.0337004405286343,0.0442731277533039
2024-25,535301,Baleba,MID,Brighton,87,5.0,0.2,2660,6,Balanced defender,1,5.3783913,-1.1527035,3,1,3.1,1.21,4.31,8,40,39.54,0,7,490,6,1,515.4,343.7,193.0,105.2,2.943609022556391,0.1015037593984962,0.0338345864661654,0.1048872180451127,0.0409398496240601,0.1458270676691729
2024-25,37096,Fabianski,GK,West Ham,39,3.9,10.0,1160,8,Defensive / rotation defender,4,11.430776,2.5580542,0,0,0.0,0.0,0.0,2,21,22.78,50,2,143,2,0,387.8,0.3,0.0,38.7,3.025862068965517,0.0,0.0,0.0,0.0,0.0
2024-25,54469,Smith,DEF,Bournemouth,57,4.4,0.1,1586,8,Defensive / rotation defender,5,10.524643,2.0878427,0,0,0.65,0.68,1.33,6,18,19.04,0,0,161,7,0,181.8,147.2,24.0,35.0,3.2345523329129886,0.0,0.0,0.0368852459016393,0.0385876418663303,0.0754728877679697
2024-25,58621,Walker,DEF,Man City,13,5.1,2.5,966,8,Defensive / rotation defender,5,10.995744,1.995527,0,0,0.12,1.34,1.46,0,21,19.26,0,0,63,3,0,157.4,147.7,29.0,33.5,1.2111801242236024,0.0,0.0,0.0111801242236024,0.1248447204968944,0.1360248447204969
2024-25,60232,Dawson,DEF,Wolves,17,4.2,0.1,969,8,Defensive / rotation defender,5,11.280944,1.7316204,0,1,0.5,0.07,0.57,1,25,18.56,0,1,57,2,0,204.2,31.3,55.0,29.1,1.5789473684210529,0.0,0.0928792569659442,0.0464396284829721,0.006501547987616,0.0529411764705882
2024-25,61256,Casemiro,MID,Man Utd,48,4.6,0.4,1489,8,Defensive / rotation defender,4,9.15262,2.3683107,1,0,1.8,1.99,3.79,6,20,24.0,0,3,300,5,0,433.2,348.2,265.0,104.8,2.9012760241773,0.0604432505036937,0.0,0.1087978509066487,0.1202820685023505,0.2290799194089993
2024-25,67089,Dúbravka,GK,Newcastle,44,4.0,1.3,900,8,Defensive / rotation defender,4,10.914337,2.8008206,0,0,0.0,0.0,0.0,5,12,11.19,29,2,160,0,0,220.2,0.0,0.0,22.0,4.4,0.0,0.0,0.0,0.0,0.0
2024-25,74944,Morsy,MID,Ipswich,67,4.8,0.1,2749,8,Defensive / rotation defender,5,9.238508,0.21219598,1,1,0.45,1.51,1.96,2,67,58.21,0,5,421,10,0,417.0,374.0,47.0,83.7,2.1935249181520557,0.0327391778828664,0.0327391778828664,0.0147326300472899,0.0494361586031284,0.0641687886504183
2024-25,83299,Dunk,DEF,Brighton,44,4.2,2.3,2081,8,Defensive / rotation defender,5,9.657417,0.932605,0,1,0.81,1.02,1.83,4,42,35.69,0,0,223,5,0,425.4,115.7,128.0,66.9,1.902931283037001,0.0,0.0432484382508409,0.0350312349831811,0.0441134070158577,0.0791446419990389
2024-25,87835,Doherty,DEF,Wolves,75,4.3,0.3,2105,8,Defensive / rotation defender,4,8.770777,1.5510982,2,1,1.12,1.24,2.36,6,38,32.68,0,4,307,6,0,502.2,179.9,135.0,81.8,3.2066508313539197,0.0855106888361045,0.0427553444180522,0.0478859857482185,0.0530166270783847,0.1009026128266033
2024-25,88248,Ortega Moreno,GK,Man City,35,5.2,0.7,1099,8,Defensive / rotation defender,4,11.271707,2.6905246,0,0,0.0,0.0,0.0,3,18,19.12,33,0,144,1,0,292.6,0.0,0.0,29.4,2.8662420382165603,0.0,0.0,0.0,0.0,0.0
2024-25,93100,Vestergaard,DEF,Leicester,11,3.9,1.5,1390,8,Defensive / rotation defender,5,11.354975,1.7325636,0,0,0.11,0.08,0.19,0,35,25.05,0,0,86,5,0,321.0,46.6,53.0,42.4,0.7122302158273381,0.0,0.0,0.0071223021582733,0.0051798561151079,0.0123021582733812
2024-25,94147,Coady,DEF,Leicester,39,4.0,0.5,1712,8,Defensive / rotation defender,5,10.2032995,0.89657396,1,0,0.52,0.48,1.0,2,42,38.75,0,3,144,3,0,378.8,33.0,62.0,47.5,2.050233644859813,0.0525700934579439,0.0,0.0273364485981308,0.025233644859813,0.0525700934579439
2024-25,95658,Maguire,DEF,Man Utd,48,4.9,0.8,1751,8,Defensive / rotation defender,4,9.603983,1.6700784,1,0,1.82,0.25,2.07,3,27,26.83,0,3,217,7,0,409.4,101.2,233.0,74.5,2.4671616219303254,0.0513992004568817,0.0,0.0935465448315248,0.0128498001142204,0.1063963449457452
2024-25,106611,Keane,DEF,Everton,48,3.8,4.3,1046,8,Defensive / rotation defender,4,10.240226,2.4206116,3,0,0.61,0.02,0.63,3,20,19.16,0,4,139,5,0,306.6,23.2,123.0,45.4,4.130019120458891,0.2581261950286806,0.0,0.0524856596558317,0.0017208413001912,0.0542065009560229
2024-25,109646,Tosin,DEF,Chelsea,71,4.2,0.3,1403,8,Defensive / rotation defender,4,10.086813,2.406225,1,1,0.93,0.23,1.16,7,14,19.62,0,7,305,4,0,352.2,48.2,92.0,49.6,4.554526015680684,0.0641482537419814,0.0641482537419814,0.0596578759800427,0.0147540983606557,0.0744119743406984
2024-25,111478,Veltman,DEF,Brighton,59,4.3,1.1,1694,8,Defensive / rotation defender,4,9.759132,2.0427837,0,0,0.47,1.31,1.78,6,24,24.83,0,7,249,5,0,273.0,147.2,59.0,48.1,3.134592680047225,0.0,0.0,0.0249704840613931,0.0695985832349468,0.09456906729634
2024-25,112520,Palmer,GK,Ipswich,22,4.5,0.1,1170,8,Defensive / rotation defender,4,11.531422,2.4023051,0,0,0.0,0.0,0.0,0,30,24.64,45,0,94,2,0,356.8,10.0,0.0,36.6,1.6923076923076923,0.0,0.0,0.0,0.0,0.0
2024-25,115556,Davies,DEF,Spurs,28,4.3,0.2,1329,8,Defensive / rotation defender,5,10.917228,1.7872976,0,0,0.27,0.5,0.77,3,26,25.79,0,0,154,5,0,343.6,42.1,49.0,43.7,1.8961625282167045,0.0,0.0,0.0182844243792325,0.0338600451467268,0.0521444695259593
2024-25,122411,Burgess,DEF,Ipswich,26,3.8,1.8,1540,8,Defensive / rotation defender,5,10.81642,1.2189906,0,2,1.08,0.34,1.42,0,37,35.17,0,0,122,0,0,422.0,87.2,103.0,61.4,1.5194805194805194,0.0,0.1168831168831168,0.0631168831168831,0.0198701298701298,0.0829870129870129
2024-25,149484,Mings,DEF,Aston Villa,47,4.4,0.2,1119,8,Defensive / rotation defender,4,10.444153,2.9046276,0,1,0.88,0.23,1.11,4,11,13.2,0,5,207,1,0,220.4,49.2,74.0,34.6,3.780160857908847,0.0,0.0804289544235924,0.0707774798927614,0.0184986595174262,0.0892761394101876
2024-25,152551,Lerma,MID,Crystal Palace,58,4.8,0.1,2270,8,Defensive / rotation defender,4,8.91581,1.2669595,0,1,1.07,1.75,2.82,6,36,33.55,0,2,326,9,0,401.4,190.2,197.0,78.7,2.2995594713656384,0.0,0.039647577092511,0.0424229074889867,0.0693832599118942,0.111806167400881
2024-25,157668,Winks,MID,Leicester,40,4.3,4.7,1536,8,Defensive / rotation defender,4,9.21636,2.7991014,0,2,0.23,1.53,1.76,0,34,29.48,0,0,282,4,0,272.8,319.6,37.0,63.2,2.34375,0.0,0.1171875,0.0134765625,0.0896484375,0.103125
2024-25,158534,Walker-Peters,DEF,Southampton,54,4.2,0.3,2918,8,Defensive / rotation defender,5,9.285601,-0.21962982,0,3,0.85,2.3,3.14,2,77,76.26,0,3,240,5,0,503.8,406.8,237.0,114.4,1.6655243317340644,0.0,0.0925291295407813,0.0262165867032213,0.070938999314599,0.0968471555860178
2024-25,164555,Coufal,DEF,West Ham,27,4.1,0.4,1056,8,Defensive / rotation defender,5,10.881225,2.0593064,0,0,0.37,0.89,1.25,2,21,19.8,0,1,89,5,0,204.0,142.0,70.0,41.3,2.301136363636364,0.0,0.0,0.0315340909090909,0.0758522727272727,0.1065340909090909
2024-25,166477,Castagne,DEF,Fulham,46,4.2,0.8,1642,8,Defensive / rotation defender,5,10.490668,1.464318,0,1,0.38,0.56,0.94,3,28,22.39,0,0,205,1,0,360.4,163.6,123.0,64.9,2.5213154689403168,0.0,0.0548112058465286,0.0208282582216808,0.030694275274056,0.0515225334957369
2024-25,167074,Tete,DEF,Fulham,49,4.4,0.2,1773,8,Defensive / rotation defender,4,9.560223,2.65421,0,2,1.37,0.65,2.02,3,26,25.5,0,0,207,5,0,381.2,192.2,158.0,73.1,2.487309644670051,0.0,0.1015228426395939,0.0695431472081218,0.032994923857868,0.1025380710659898
2024-25,171771,Bednarek,DEF,Southampton,60,4.0,1.9,2531,8,Defensive / rotation defender,5,9.327993,-0.16728888,2,0,0.65,0.84,1.49,3,57,57.8,0,3,283,7,0,770.6,78.3,71.0,91.9,2.133544053733702,0.0711181351244567,0.0,0.0231133939154484,0.0298696167522718,0.0529830106677202
2024-25,179519,Mangala,MID,Everton,39,5.0,0.0,1257,8,Defensive / rotation defender,4,10.515003,2.6786878,1,0,1.13,0.59,1.72,5,10,16.64,0,0,175,2,0,172.8,133.5,106.0,41.4,2.79236276849642,0.071599045346062,0.0,0.0809069212410501,0.0422434367541766,0.1231503579952267
2024-25,184386,Bree,DEF,Southampton,23,3.9,0.3,1070,8,Defensive / rotation defender,5,11.011146,1.3970765,0,1,0.11,0.71,0.82,1,31,32.05,0,0,95,0,0,187.4,159.4,43.0,39.0,1.9345794392523368,0.0,0.0841121495327102,0.0092523364485981,0.0597196261682243,0.0689719626168224
2024-25,191866,Ajer,DEF,Brentford,39,4.4,0.2,1433,8,Defensive / rotation defender,5,10.73925,1.965517,0,0,0.97,0.48,1.45,3,25,21.7,0,0,120,5,0,199.0,128.1,158.0,48.5,2.449406838799721,0.0,0.0,0.0609211444521981,0.0301465457083042,0.0910676901605024
2024-25,193204,Aribo,MID,Southampton,72,4.9,0.1,2007,8,Defensive / rotation defender,5,9.552304,0.56248677,3,0,2.69,1.23,3.92,1,56,56.51,0,7,394,1,0,386.2,293.0,242.0,92.3,3.2286995515695067,0.1345291479820627,0.0,0.1206278026905829,0.0551569506726457,0.1757847533632286
2024-25,197024,G.Rodríguez,MID,West Ham,36,4.8,0.1,1147,8,Defensive / rotation defender,5,10.620647,2.1461322,0,1,0.22,0.17,0.39,4,19,20.67,0,0,193,6,0,205.4,79.7,29.0,31.5,2.8247602441150828,0.0,0.07846556233653,0.0172624237140366,0.0133391455972101,0.0306015693112467
2024-25,199796,Cash,DEF,Aston Villa,76,4.4,1.6,2069,8,Defensive / rotation defender,4,9.145581,1.6729312,1,1,0.48,1.23,1.71,7,22,28.64,0,2,286,7,0,359.2,181.0,171.0,71.3,3.305944900918318,0.0434992750120831,0.0434992750120831,0.0208796520057999,0.0535041082648622,0.0743837602706621
2024-25,200720,Kelleher,GK,Liverpool,45,3.9,1.2,900,8,Defensive / rotation defender,4,10.98535,2.7941725,0,0,0.0,0.0,0.0,4,12,11.09,27,1,156,0,0,224.2,0.0,0.0,22.4,4.5,0.0,0.0,0.0,0.0,0.0
2024-25,200785,Adams,MID,Bournemouth,58,4.9,0.1,1959,8,Defensive / rotation defender,4,8.928785,1.5605944,0,3,1.33,0.76,2.09,6,30,29.26,0,1,315,7,0,411.8,261.2,83.0,75.9,2.664624808575804,0.0,0.1378254211332312,0.0611026033690658,0.0349157733537519,0.0960183767228177
2024-25,202993,Bentancur,MID,Spurs,49,4.9,0.1,1640,8,Defensive / rotation defender,4,9.150442,1.5391073,2,0,1.36,1.02,2.38,3,26,26.87,0,1,293,9,0,324.6,208.5,165.0,70.2,2.6890243902439024,0.1097560975609756,0.0,0.0746341463414634,0.0559756097560975,0.1306097560975609
2024-25,204863,Manning,DEF,Southampton,34,4.3,0.1,1458,8,Defensive / rotation defender,4,8.831977,2.7204776,0,2,0.34,2.8,3.14,1,35,36.45,0,0,162,2,0,307.4,498.3,71.0,87.6,2.098765432098765,0.0,0.1234567901234567,0.0209876543209876,0.1728395061728395,0.1938271604938271
2024-25,204968,Yates,MID,Nott'm Forest,67,4.8,0.1,1901,8,Defensive / rotation defender,4,9.06965,1.5094109,2,2,2.41,0.47,2.88,6,27,27.84,0,3,306,10,0,344.4,241.1,265.0,85.4,3.1720147290899527,0.094687006838506,0.094687006838506,0.1140978432403997,0.0222514466070489,0.1363492898474487
2024-25,207189,Berge,MID,Fulham,53,5.0,0.0,2221,8,Defensive / rotation defender,5,9.519274,1.251465,0,0,0.45,0.63,1.08,4,35,30.81,0,2,334,6,0,314.4,285.7,51.0,65.1,2.1476812246735704,0.0,0.0,0.0182350292660963,0.0255290409725348,0.0437640702386312
2024-25,209042,Skipp,MID,Leicester,27,4.7,0.0,1118,8,Defensive / rotation defender,5,10.762811,1.9743326,0,0,0.37,0.32,0.69,3,26,26.06,0,0,121,8,0,119.4,146.0,35.0,29.9,2.173524150268336,0.0,0.0,0.0297853309481216,0.0257602862254025,0.0555456171735241
2024-25,209365,De Ligt,DEF,Man Utd,68,4.8,2.9,2119,8,Defensive / rotation defender,5,9.775261,0.8928259,2,0,2.48,0.25,2.73,4,36,38.53,0,3,312,3,0,518.4,88.7,303.0,91.5,2.888154789995281,0.0849457291175082,0.0,0.1053327041057102,0.0106182161396885,0.1159509202453987
2024-25,211975,Akanji,DEF,Man City,61,5.3,2.3,2012,8,Defensive / rotation defender,4,9.720316,2.042038,0,0,1.57,1.3,2.87,6,28,29.72,0,1,307,3,0,339.8,249.8,100.0,68.9,2.728628230616302,0.0,0.0,0.0702286282306163,0.0581510934393638,0.1283797216699801
2024-25,212314,Lukić,MID,Fulham,56,4.8,0.0,2348,8,Defensive / rotation defender,4,8.979781,1.2239683,0,2,1.16,1.4,2.56,4,37,33.02,0,1,354,12,0,335.6,455.1,119.0,91.0,2.1465076660988074,0.0,0.0766609880749574,0.0444633730834753,0.0536626916524701,0.0981260647359455
2024-25,214048,Kilman,DEF,West Ham,82,4.3,1.3,3348,8,Defensive / rotation defender,5,9.26083,-0.14340553,0,1,1.55,1.19,2.74,6,62,59.71,0,5,395,5,0,832.6,203.3,149.0,118.8,2.204301075268817,0.0,0.0268817204301075,0.0416666666666666,0.0319892473118279,0.0736559139784946
2024-25,216616,O'Shea,DEF,Ipswich,49,3.8,1.2,3122,8,Defensive / rotation defender,5,9.328957,-0.24203984,0,2,1.29,0.67,1.96,2,75,67.13,0,1,231,6,0,862.8,59.9,195.0,111.6,1.4125560538116593,0.0,0.0576553491351697,0.0371877001921845,0.0193145419602818,0.0565022421524663
2024-25,218218,Faes,DEF,Leicester,55,3.8,5.2,2812,8,Defensive / rotation defender,5,9.415594,-0.16923365,1,0,1.52,0.4,1.92,3,63,58.54,0,2,241,4,0,678.0,68.5,121.0,86.9,1.760312944523471,0.0320056899004267,0.0,0.0486486486486486,0.0128022759601706,0.0614509246088193
2024-25,219924,Diop,DEF,Fulham,31,4.3,0.2,1334,8,Defensive / rotation defender,5,11.328222,1.9441105,0,0,0.51,0.07,0.58,1,19,19.98,0,0,146,2,0,257.6,44.7,83.0,38.3,2.0914542728635683,0.0,0.0,0.034407796101949,0.0047226386806596,0.0391304347826086
2024-25,220583,Woolfenden,DEF,Ipswich,18,3.9,1.2,1187,8,Defensive / rotation defender,5,11.354493,1.6821015,0,0,0.03,0.02,0.05,1,28,26.46,0,0,93,2,0,258.4,6.7,8.0,27.5,1.3647851727042966,0.0,0.0,0.0022746419545071,0.0015164279696714,0.0037910699241786
2024-25,220585,Downes,MID,Southampton,48,4.7,0.0,2149,8,Defensive / rotation defender,5,9.206602,0.7374024,1,0,0.64,1.41,2.05,4,49,48.11,0,0,312,12,0,297.6,292.2,118.0,71.0,2.010237319683574,0.0418799441600744,0.0,0.0268031642624476,0.0590507212657049,0.0858538855281526
2024-25,220627,Justin,DEF,Leicester,70,4.1,1.2,2912,8,Defensive / rotation defender,5,9.372766,-0.29715076,2,2,1.47,0.8,2.27,3,68,63.68,0,6,218,6,0,615.2,258.5,202.0,107.8,2.1634615384615388,0.0618131868131868,0.0618131868131868,0.0454326923076923,0.0247252747252747,0.070157967032967
2024-25,221466,Senesi,DEF,Bournemouth,31,4.6,0.3,1103,8,Defensive / rotation defender,5,10.897753,2.132018,0,0,0.84,0.48,1.32,2,17,14.76,0,3,114,5,0,271.6,84.2,39.0,39.6,2.529465095194923,0.0,0.0,0.0685403445149592,0.0391659111514052,0.1077062556663644
2024-25,221632,Romero,DEF,Spurs,49,4.9,3.5,1416,8,Defensive / rotation defender,4,9.83505,2.8349652,1,1,1.52,0.81,2.33,3,22,19.31,0,3,245,3,0,343.2,113.1,232.0,69.0,3.114406779661017,0.0635593220338983,0.0635593220338983,0.0966101694915254,0.0514830508474576,0.148093220338983
2024-25,221820,Martinez,DEF,Man Utd,68,4.3,2.2,1751,8,Defensive / rotation defender,4,8.965979,1.7538244,2,1,1.33,1.21,2.54,6,27,30.17,0,5,293,7,0,426.6,153.9,158.0,73.8,3.495145631067961,0.1027984009137635,0.0513992004568817,0.0683609366076527,0.0621930325528269,0.1305539691604797
2024-25,223434,Igor,DEF,Brighton,18,4.3,0.1,959,8,Defensive / rotation defender,5,11.227308,1.9734247,0,0,0.05,0.25,0.3,1,17,17.21,0,0,113,4,0,189.6,54.7,4.0,24.9,1.6892596454640252,0.0,0.0,0.0046923879040667,0.0234619395203336,0.0281543274244004
2024-25,224860,C.Soler,MID,West Ham,47,5.0,0.0,1394,8,Defensive / rotation defender,4,9.256643,2.5318334,1,1,1.85,1.93,3.78,2,25,28.62,0,2,216,6,0,189.0,295.8,186.0,67.2,3.034433285509325,0.0645624103299856,0.0645624103299856,0.1194404591104734,0.1246054519368723,0.2440459110473457
2024-25,225902,B.Soumaré,MID,Leicester,48,4.4,0.3,2165,8,Defensive / rotation defender,5,9.26176,0.62463754,0,0,0.29,0.94,1.23,1,52,46.48,0,0,327,8,0,294.2,261.8,47.0,60.4,1.9953810623556585,0.0,0.0,0.0120554272517321,0.0390762124711316,0.0511316397228637
2024-25,226944,Kamara,MID,Aston Villa,57,5.0,0.1,1720,8,Defensive / rotation defender,4,10.075839,2.2637594,1,0,0.82,0.83,1.65,6,22,23.03,0,3,296,2,0,326.6,191.0,83.0,60.2,2.982558139534884,0.0523255813953488,0.0,0.042906976744186,0.0434302325581395,0.0863372093023255
2024-25,227127,Bissouma,MID,Spurs,50,4.8,0.2,1396,8,Defensive / rotation defender,4,9.5784855,1.7195143,2,0,0.64,0.48,1.12,3,28,26.38,0,4,258,7,0,283.8,133.8,59.0,48.0,3.2234957020057307,0.1289398280802292,0.0,0.0412607449856733,0.030945558739255,0.0722063037249283
2024-25,231065,Pinnock,DEF,Brentford,47,4.4,0.3,1912,8,Defensive / rotation defender,5,10.145915,0.97987634,2,0,1.08,0.64,1.72,2,35,34.33,0,0,233,2,0,540.2,101.2,193.0,83.6,2.2123430962343096,0.0941422594142259,0.0,0.050836820083682,0.0301255230125523,0.0809623430962343
2024-25,231480,S.Bueno,DEF,Wolves,52,4.3,0.1,1678,8,Defensive / rotation defender,5,10.526133,1.2082614,0,0,0.45,0.1,0.55,5,34,29.4,0,2,174,2,0,345.4,15.8,80.0,44.2,2.789034564958284,0.0,0.0,0.0241358760429082,0.0053635280095351,0.0294994040524433
2024-25,232112,Ugarte,MID,Man Utd,49,4.9,0.1,1777,8,Defensive / rotation defender,4,9.050416,1.3875425,1,2,1.0,0.67,1.67,4,33,29.54,0,1,318,11,0,313.6,195.9,113.0,62.1,2.481710748452448,0.0506471581316826,0.1012943162633652,0.0506471581316826,0.0339335959482273,0.0845807540799099
2024-25,232892,Bassey,DEF,Fulham,75,4.5,0.6,3074,8,Defensive / rotation defender,5,9.011787,0.5584161,1,0,1.02,0.42,1.44,5,47,39.22,0,0,390,7,0,587.2,96.7,157.0,84.1,2.19583604424203,0.029277813923227,0.0,0.0298633702016916,0.0122966818477553,0.0421600520494469
2024-25,232928,Garner,MID,Everton,42,4.9,0.0,1590,8,Defensive / rotation defender,4,9.744919,2.3781314,0,1,0.67,1.37,2.04,5,19,19.71,0,0,244,5,0,264.8,248.2,93.0,60.4,2.3773584905660377,0.0,0.0566037735849056,0.0379245283018867,0.0775471698113207,0.1154716981132075
2024-25,244619,Thomas,DEF,Leicester,27,3.9,1.4,1109,8,Defensive / rotation defender,5,11.093509,1.8745587,0,0,0.36,0.49,0.85,3,23,25.08,0,0,144,3,0,226.4,144.5,34.0,40.4,2.1911632100991887,0.0,0.0,0.0292155094679891,0.0397655545536519,0.0689810640216411
2024-25,244954,Pau,DEF,Aston Villa,55,4.2,0.8,2019,8,Defensive / rotation defender,5,10.416549,1.2695082,0,0,0.51,0.43,0.94,5,33,29.69,0,3,254,2,0,350.6,84.5,102.0,54.0,2.4517087667161963,0.0,0.0,0.0227340267459138,0.0191679049034175,0.0419019316493313
2024-25,245719,Harwood-Bellis,DEF,Southampton,55,3.9,4.1,2824,8,Defensive / rotation defender,5,9.307822,-0.29388312,1,0,1.78,0.68,2.46,3,65,68.5,0,2,268,9,0,727.0,218.3,252.0,119.9,1.7528328611898016,0.0318696883852691,0.0,0.056728045325779,0.021671388101983,0.078399433427762
2024-25,250199,Dominguez,MID,Nott'm Forest,54,4.8,0.0,1954,8,Defensive / rotation defender,4,8.941119,1.3727609,0,1,1.58,1.58,3.16,7,27,31.9,0,0,292,9,0,410.2,247.2,237.0,89.4,2.487205731832139,0.0,0.0460593654042988,0.0727737973387922,0.0727737973387922,0.1455475946775844
2024-25,436680,Stolarczyk,GK,Leicester,25,4.0,0.5,900,8,Defensive / rotation defender,4,11.331777,2.6004324,0,0,0.0,0.0,0.0,2,16,14.83,28,0,104,1,0,228.4,0.0,0.0,22.8,2.5,0.0,0.0,0.0,0.0,0.0
2024-25,440854,Kiwior,DEF,Arsenal,43,4.9,3.8,1117,8,Defensive / rotation defender,4,10.619044,2.693472,1,0,0.17,0.29,0.46,3,15,14.71,0,2,178,1,0,267.2,91.3,32.0,39.2,3.4646374216651745,0.0805729632945389,0.0,0.0136974037600716,0.0233661593554162,0.0370635631154879
2024-25,444463,W.Fofana,DEF,Chelsea,26,4.3,0.2,1172,8,Defensive / rotation defender,5,10.956011,2.0567856,0,0,0.44,0.18,0.62,2,13,14.76,0,2,162,7,0,200.2,85.0,33.0,31.9,1.9965870307167235,0.0,0.0,0.0337883959044368,0.0138225255972696,0.0476109215017064
2024-25,444765,Van den Berg,DEF,Brentford,62,4.1,1.5,2584,8,Defensive / rotation defender,5,9.56155,0.4577004,0,1,2.09,0.52,2.61,5,49,44.61,0,1,266,3,0,587.4,108.3,226.0,92.3,2.1594427244582044,0.0,0.0348297213622291,0.0727941176470588,0.0181114551083591,0.0909055727554179
2024-25,449429,Greaves,DEF,Ipswich,37,3.8,2.3,2205,8,Defensive / rotation defender,5,9.527939,0.17017819,1,0,1.31,0.21,1.52,2,53,45.51,0,0,171,5,0,592.8,77.2,157.0,82.7,1.5102040816326532,0.0408163265306122,0.0,0.053469387755102,0.0085714285714285,0.0620408163265306
2024-25,449871,Onana,MID,Aston Villa,65,4.8,2.1,1613,8,Defensive / rotation defender,4,9.300357,2.2317321,3,0,2.12,0.84,2.96,6,23,23.66,0,5,324,4,0,358.0,194.8,215.0,77.0,3.626782393056416,0.1673899566026038,0.0,0.11828890266584,0.046869187848729,0.1651580905145691
2024-25,454667,Cajuste,MID,Ipswich,63,4.5,0.1,1960,8,Defensive / rotation defender,5,10.045282,0.7682832,1,1,0.68,0.73,1.41,1,46,43.97,0,2,309,2,0,284.0,209.2,59.0,54.9,2.8928571428571423,0.0459183673469387,0.0459183673469387,0.0312244897959183,0.0335204081632653,0.0647448979591836
2024-25,462116,Todibo,DEF,West Ham,54,4.2,0.3,1824,8,Defensive / rotation defender,5,10.3909025,1.2616293,0,0,0.36,0.06,0.42,5,33,29.86,0,1,233,3,0,373.0,37.1,35.0,44.5,2.664473684210526,0.0,0.0,0.0177631578947368,0.0029605263157894,0.0207236842105263
2024-25,473341,Okoli,DEF,Leicester,27,4.0,0.4,1122,8,Defensive / rotation defender,5,11.294159,1.7272302,1,0,0.62,0.17,0.79,1,26,27.72,0,1,106,4,0,318.6,15.2,73.0,40.7,2.1657754010695185,0.0802139037433155,0.0,0.0497326203208556,0.0136363636363636,0.0633689839572192
2024-25,481510,Kristiansen,DEF,Leicester,34,4.4,0.1,2481,8,Defensive / rotation defender,5,9.601182,0.047200393,0,1,0.13,1.74,1.87,1,62,54.38,0,0,153,1,0,519.4,358.6,40.0,91.6,1.2333736396614268,0.0,0.0362756952841596,0.0047158403869407,0.0631197097944377,0.0678355501813784
2024-25,482609,Gusto,DEF,Chelsea,60,4.9,1.4,1853,8,Defensive / rotation defender,4,9.189792,2.5363705,0,1,1.44,1.91,3.35,4,26,27.43,0,2,285,4,0,336.8,394.6,147.0,87.9,2.914193200215866,0.0,0.0485698866702644,0.0699406368051807,0.092768483540205,0.1627091203453858
2024-25,487053,Udogie,DEF,Spurs,43,4.8,1.5,1923,8,Defensive / rotation defender,5,10.123105,1.2711998,0,1,0.31,1.22,1.53,2,35,33.28,0,0,233,2,0,354.8,256.5,132.0,74.5,2.012480499219969,0.0,0.046801872074883,0.0145085803432137,0.0570982839313572,0.0716068642745709
2024-25,493125,Dragusin,DEF,Spurs,24,4.3,0.1,1250,8,Defensive / rotation defender,5,11.111062,1.40606,0,0,0.13,0.16,0.29,2,29,28.59,0,0,96,1,0,256.4,58.1,47.0,36.2,1.7279999999999998,0.0,0.0,0.00936,0.0115199999999999,0.02088
2024-25,503714,Ugochukwu,MID,Southampton,47,4.4,0.3,1652,8,Defensive / rotation defender,5,9.541346,1.1426675,1,1,0.85,0.62,1.47,1,39,40.28,0,3,209,7,0,265.0,211.9,84.0,55.9,2.560532687651332,0.0544794188861985,0.0544794188861985,0.0463075060532687,0.033777239709443,0.0800847457627118
2024-25,508395,Yarmoliuk,MID,Brentford,43,4.3,2.3,1435,8,Defensive / rotation defender,4,9.932997,1.8549465,0,0,0.62,0.91,1.53,3,25,26.43,0,0,255,6,0,259.6,196.1,89.0,54.4,2.696864111498258,0.0,0.0,0.0388850174216027,0.0570731707317073,0.0959581881533101
2024-25,509291,André,MID,Wolves,61,5.0,0.0,2472,8,Defensive / rotation defender,5,8.943453,0.741243,0,0,0.41,0.52,0.93,7,46,40.79,0,1,436,7,0,383.2,285.5,30.0,69.7,2.220873786407767,0.0,0.0,0.0149271844660194,0.0189320388349514,0.0338592233009708
2024-25,512462,O'Brien,DEF,Everton,65,4.5,0.9,1568,8,Defensive / rotation defender,4,10.150401,2.3869312,2,0,0.77,0.31,1.08,5,17,18.63,0,5,233,5,0,341.4,108.9,109.0,56.0,3.730867346938776,0.1147959183673469,0.0,0.0441964285714285,0.0177933673469387,0.0619897959183673
2024-25,516895,Mainoo,MID,Man Utd,42,5.2,1.7,1646,8,Defensive / rotation defender,4,9.709108,2.1812308,0,0,0.84,1.78,2.62,5,27,25.23,0,0,229,5,0,196.6,250.8,137.0,58.8,2.296476306196841,0.0,0.0,0.0459295261239368,0.0973268529769137,0.1432563791008505
2024-25,516939,Agbadou,DEF,Wolves,45,4.0,0.4,1410,8,Defensive / rotation defender,4,10.400863,2.308375,1,0,0.9,0.32,1.22,4,22,23.12,0,1,223,3,0,395.2,57.3,67.0,52.0,2.8723404255319145,0.0638297872340425,0.0,0.0574468085106383,0.0204255319148936,0.0778723404255319
2024-25,547701,Gray,MID,Spurs,45,4.6,0.2,1750,8,Defensive / rotation defender,5,10.47002,0.9139991,0,0,0.03,0.19,0.22,2,41,37.33,0,0,253,1,0,254.6,71.4,15.0,34.3,2.314285714285714,0.0,0.0,0.0015428571428571,0.0097714285714285,0.0113142857142857
2024-25,550864,Yoro,DEF,Man Utd,22,4.3,0.2,1160,8,Defensive / rotation defender,5,11.115369,1.8548682,0,0,0.7,0.15,0.85,1,24,19.35,0,0,90,5,0,207.4,55.8,54.0,31.8,1.706896551724138,0.0,0.0,0.0543103448275862,0.0116379310344827,0.0659482758620689
2025-26,77794,Trippier,DEF,Newcastle,54,4.9,1.4,1586,-1,Unclassified,-1,9.124996,9.200064,0,1,0.08,2.06,2.14,5,27,21.28,0,2,225,3,0,288.0,488.5,14.0,79.0,3.064312736443884,0.0,0.0567465321563682,0.0045397225725094,0.1168978562421185,0.121437578814628
2025-26,101178,Ward-Prowse,MID,Burnley,40,5.6,0.2,1092,-1,Unclassified,-1,8.674675,8.56893,0,1,0.24,1.87,2.11,2,27,23.32,0,0,248,1,0,215.0,384.4,22.0,62.1,3.296703296703297,0.0,0.0824175824175824,0.0197802197802197,0.1541208791208791,0.1739010989010989
2025-26,114283,Grealish,MID,Everton,79,6.3,5.6,1627,-1,Unclassified,-1,11.78154,8.733565,2,6,2.05,3.37,5.41,7,23,25.81,0,12,356,3,1,374.2,520.5,397.0,129.2,4.3700061462815,0.1106330669944683,0.331899200983405,0.11339889366933,0.1864167178856791,0.2992624462200369
2025-26,116216,Trossard,MID,Arsenal,119,6.6,1.8,1997,-1,Unclassified,-1,12.76742,7.763492,6,6,5.6,3.59,9.18,11,15,13.94,0,11,445,2,0,494.0,545.5,541.0,158.3,5.363044566850276,0.2704056084126189,0.2704056084126189,0.2523785678517776,0.1617926890335503,0.4137205808713069
2025-26,159506,Aina,DEF,Nott'm Forest,67,4.7,2.1,1587,-1,Unclassified,-1,8.235144,9.240702,0,2,0.41,0.84,1.25,6,19,25.31,0,5,264,3,0,285.2,160.3,58.0,50.5,3.799621928166352,0.0,0.1134215500945179,0.0232514177693761,0.0476370510396975,0.0708884688090737
2025-26,166477,Castagne,DEF,Fulham,61,4.3,0.2,1838,-1,Unclassified,-1,9.755837,9.943995,0,2,1.5,1.47,2.97,3,31,32.66,0,3,294,4,0,373.0,292.2,195.0,86.2,2.986942328618063,0.0,0.0979325353645266,0.0734494015233949,0.0719804134929271,0.1454298150163221
2025-26,179458,Bruun Larsen,MID,Burnley,41,5.2,0.0,1014,-1,Unclassified,-1,8.289932,8.260582,0,1,1.37,1.16,2.53,3,29,23.46,0,0,123,0,0,121.0,212.4,140.0,47.4,3.6390532544378695,0.0,0.0887573964497041,0.1215976331360946,0.1029585798816568,0.2245562130177514
2025-26,180974,Joelinton,MID,Newcastle,73,5.9,0.3,1950,-1,Unclassified,-1,9.262466,9.5955,2,1,2.36,1.35,3.71,5,27,28.75,0,2,304,10,0,324.4,296.3,329.0,95.0,3.3692307692307697,0.0923076923076923,0.0461538461538461,0.1089230769230769,0.0623076923076923,0.1712307692307692
2025-26,191866,Ajer,DEF,Brentford,76,4.4,0.2,1805,-1,Unclassified,-1,9.329883,10.089261,0,2,0.69,0.73,1.42,5,32,31.51,0,1,211,4,0,401.4,59.1,165.0,62.7,3.789473684210526,0.0,0.0997229916897507,0.0344044321329639,0.036398891966759,0.0708033240997229
2025-26,209400,Kamada,MID,Crystal Palace,67,5.0,0.1,1899,-1,Unclassified,-1,9.379645,9.131106,0,2,1.64,3.24,4.88,6,28,26.04,0,0,331,3,0,239.2,350.1,155.0,74.5,3.175355450236967,0.0,0.0947867298578199,0.0777251184834123,0.1535545023696682,0.2312796208530805
2025-26,214590,Wan-Bissaka,DEF,West Ham,67,4.1,4.3,2080,-1,Unclassified,-1,9.976708,10.150691,0,3,0.0,1.0,1.0,3,43,35.44,0,0,203,4,0,432.0,305.6,30.0,77.2,2.899038461538461,0.0,0.1298076923076923,0.0,0.0432692307692307,0.0432692307692307
2025-26,216055,Florentino,MID,Burnley,84,5.0,0.0,2100,-1,Unclassified,-1,10.445946,10.804188,0,2,0.64,0.52,1.16,2,45,46.26,0,0,357,6,0,421.0,234.5,56.0,71.4,3.6,0.0,0.0857142857142857,0.0274285714285714,0.0222857142857142,0.0497142857142857
2025-26,220566,Rodrigo,MID,Man City,69,6.3,0.5,1510,-1,Unclassified,-1,9.005601,9.314027,1,1,1.15,2.45,3.6,5,15,20.74,0,6,350,3,0,358.0,421.5,122.0,90.3,4.112582781456954,0.0596026490066225,0.0596026490066225,0.0685430463576158,0.1460264900662251,0.214569536423841
2025-26,226944,Kamara,MID,Aston Villa,61,4.9,0.2,1410,-1,Unclassified,-1,8.655413,9.173417,1,3,0.53,0.84,1.36,5,15,20.8,0,7,282,5,0,325.0,241.3,75.0,64.2,3.893617021276596,0.0638297872340425,0.1914893617021276,0.0338297872340425,0.0536170212765957,0.0868085106382978
2025-26,232928,Garner,MID,Everton,159,5.2,3.6,3413,-1,Unclassified,-1,13.177439,9.718862,2,7,2.1,6.18,8.28,11,50,56.18,0,13,818,12,0,887.0,958.0,237.0,208.4,4.192792264869616,0.0527395253442719,0.1845883387049516,0.0553765016114855,0.1629651333138001,0.2183416349252856
2025-26,441302,Maatsen,DEF,Aston Villa,54,4.2,0.5,1590,-1,Unclassified,-1,9.211217,9.046919,0,1,1.26,2.39,3.65,2,27,26.64,0,1,242,2,0,336.6,373.4,231.0,94.3,3.056603773584905,0.0,0.0566037735849056,0.0713207547169811,0.1352830188679245,0.2066037735849056
2025-26,448104,Hincapie,DEF,Arsenal,87,5.1,0.9,1787,-1,Unclassified,-1,8.717417,9.343785,1,2,0.36,1.67,2.03,5,19,17.53,0,7,335,2,0,453.6,184.7,72.0,70.9,4.38164521544488,0.0503637381085618,0.1007274762171236,0.0181309457190822,0.0841074426412982,0.1022383883603805
2025-26,449434,Elanga,MID,Newcastle,48,6.5,2.6,1302,-1,Unclassified,-1,8.512305,8.240858,0,1,1.65,1.74,3.39,2,28,21.11,0,0,179,0,0,130.4,266.7,185.0,57.8,3.3179723502304146,0.0,0.0691244239631336,0.1140552995391705,0.1202764976958525,0.234331797235023
2025-26,451340,Mitoma,MID,Brighton,62,6.1,1.9,1714,-1,Unclassified,-1,10.186419,8.073031,3,1,4.04,2.74,6.78,5,20,23.76,0,2,247,5,0,288.4,422.3,416.0,112.3,3.2555425904317383,0.1575262543757292,0.0525087514585764,0.2121353558926487,0.1438739789964994,0.3560093348891482
2025-26,461188,Humphreys,DEF,Burnley,47,3.9,0.1,1574,-1,Unclassified,-1,9.759191,10.215495,0,2,0.42,0.68,1.1,2,33,35.3,0,1,210,6,0,379.0,135.6,101.0,61.4,2.687420584498094,0.0,0.1143583227445997,0.0240152477763659,0.0388818297331639,0.0628970775095298
2025-26,486520,Gruev,MID,Leeds,56,4.7,0.1,1318,-1,Unclassified,-1,8.617648,9.014257,0,4,0.49,0.86,1.35,5,23,25.27,0,3,245,3,0,199.4,171.0,64.0,43.2,3.8239757207890746,0.0,0.2731411229135053,0.0334597875569044,0.0587253414264036,0.092185128983308
2025-26,493362,Xavi,MID,Spurs,80,6.3,1.1,1747,-1,Unclassified,-1,11.71121,8.786804,2,5,3.06,3.85,6.91,4,36,30.71,0,7,345,5,1,349.6,533.8,255.0,113.9,4.12135088723526,0.1030337721808815,0.2575844304522037,0.1576416714367487,0.1983400114481969,0.3559816828849456
2025-26,494960,Hartman,DEF,Burnley,63,4.0,0.6,1825,-1,Unclassified,-1,10.288922,10.057631,0,6,0.32,1.98,2.3,3,40,42.91,0,0,228,1,0,422.2,288.8,83.0,79.5,3.106849315068493,0.0,0.2958904109589041,0.0157808219178082,0.0976438356164383,0.1134246575342465
2025-26,496221,Wharton,MID,Crystal Palace,112,5.0,0.7,2552,-1,Unclassified,-1,12.626164,8.695008,1,6,1.52,7.47,8.98,8,43,39.08,0,8,511,4,1,494.4,720.0,180.0,139.6,3.949843260188088,0.0352664576802507,0.2115987460815047,0.0536050156739811,0.2634404388714733,0.316692789968652
2025-26,516895,Mainoo,MID,Man Utd,73,4.7,1.4,1653,-1,Unclassified,-1,8.764975,9.355594,1,2,0.48,1.27,1.75,6,22,22.88,0,2,340,2,0,365.0,360.1,94.0,82.1,3.97459165154265,0.0544464609800363,0.1088929219600726,0.0261343012704174,0.0691470054446461,0.0952813067150635
2025-26,523705,Tchatchoua,DEF,Wolves,52,4.4,0.0,1834,-1,Unclassified,-1,9.700034,9.924649,0,1,0.33,1.6,1.93,3,37,30.68,0,0,156,3,0,318.2,349.9,69.0,73.8,2.5517993456924755,0.0,0.0490730643402399,0.0161941112322791,0.0785169029443838,0.094711014176663
2025-26,61256,Casemiro,MID,Man Utd,165,5.8,3.8,2575,0,Elite goalscorer,6,14.153836,8.146974,9,4,5.44,3.17,8.61,9,32,31.77,0,20,636,9,1,903.6,536.1,585.0,202.8,5.766990291262136,0.3145631067961165,0.1398058252427184,0.1901359223300971,0.1107961165048543,0.3009320388349514
2025-26,118748,M.Salah,MID,Liverpool,123,14.0,15.2,2144,0,Elite goalscorer,6,13.910024,8.03982,7,7,8.23,5.44,13.67,7,35,30.94,0,11,392,1,0,524.8,740.7,805.0,207.1,5.163246268656716,0.2938432835820895,0.2938432835820895,0.3454757462686567,0.2283582089552239,0.5738339552238806
2025-26,141746,B.Fernandes,MID,Man Utd,235,10.4,48.0,3065,0,Elite goalscorer,6,14.072,8.335146,9,24,10.79,12.28,23.07,7,46,44.42,0,41,1008,5,0,1258.0,1938.5,614.0,381.4,6.900489396411094,0.2642740619902121,0.7047308319738989,0.3168352365415987,0.3605872756933115,0.6774225122349103
2025-26,153682,Wilson,MID,Fulham,168,5.8,17.4,2674,0,Elite goalscorer,6,14.161628,8.256191,10,9,5.88,4.77,10.65,9,38,40.14,0,21,637,7,0,707.2,661.1,601.0,196.9,5.654450261780104,0.3365744203440538,0.3029169783096485,0.1979057591623036,0.1605459985041137,0.3584517576664173
2025-26,178186,Bowen,FWD,West Ham,187,7.8,17.5,3406,0,Elite goalscorer,6,14.268002,8.298005,9,13,7.22,5.21,12.43,8,63,58.16,0,28,731,4,0,881.4,694.0,813.0,238.9,4.94128009395185,0.2378156194950088,0.3435114503816793,0.1907809747504404,0.1376688197298884,0.3284497944803288
2025-26,178301,Watkins,FWD,Aston Villa,167,8.7,13.0,2833,0,Elite goalscorer,6,14.041706,6.7510824,16,4,15.4,1.18,16.58,9,38,43.39,0,26,623,4,0,720.2,330.9,1206.0,225.2,5.305330038828098,0.5082950935404165,0.1270737733851041,0.4892340275326509,0.0374867631486057,0.5267207906812565
2025-26,201658,Tavernier,MID,Bournemouth,137,5.3,4.2,2732,0,Elite goalscorer,6,14.047362,7.8384404,7,4,9.06,4.6,13.66,11,44,41.06,0,14,552,6,0,656.8,816.6,605.0,207.9,4.513177159590044,0.2306002928257686,0.1317715959004392,0.2984626647144949,0.1515373352855051,0.45
2025-26,204480,Rice,MID,Arsenal,184,7.2,23.3,3093,0,Elite goalscorer,6,13.759735,8.483404,4,9,3.15,7.32,10.47,18,25,23.87,0,23,790,3,0,827.2,1027.4,298.0,215.4,5.354025218234724,0.11639185257032,0.2618816682832202,0.091658583899127,0.2129970902036857,0.3046556741028128
2025-26,208706,Bruno G.,MID,Newcastle,154,6.9,6.5,2456,0,Elite goalscorer,6,14.169887,8.330924,9,7,5.59,4.96,10.55,6,37,31.99,0,22,681,6,0,782.4,756.7,488.0,202.9,5.643322475570033,0.3298045602605863,0.256514657980456,0.2048452768729641,0.1817589576547231,0.3866042345276874
2025-26,209244,Foden,MID,Man City,131,8.0,7.8,2078,0,Elite goalscorer,6,13.663294,8.223329,7,5,6.03,4.76,10.79,11,19,27.38,0,13,563,4,0,583.2,918.8,520.0,201.9,5.673724735322426,0.3031761308950914,0.2165543792107795,0.2611645813282002,0.2061597690086621,0.4673243503368623
2025-26,215379,Anderson,MID,Nott'm Forest,180,5.7,9.4,3332,0,Elite goalscorer,6,13.371508,9.484889,4,5,2.94,4.79,7.73,10,50,53.65,0,16,795,8,0,915.2,961.5,310.0,219.0,4.861944777911164,0.1080432172869147,0.1350540216086434,0.0794117647058823,0.1293817527010804,0.2087935174069627
2025-26,215413,Dewsbury-Hall,MID,Everton,151,5.3,7.9,2629,0,Elite goalscorer,6,14.039175,8.5428705,8,7,4.35,5.34,9.69,8,39,40.38,0,18,598,6,0,619.4,601.1,438.0,166.0,5.169265880562952,0.2738683910232027,0.2396348421453023,0.1489159376188664,0.1828071510079878,0.3317230886268543
2025-26,222531,Gibbs-White,MID,Nott'm Forest,188,7.6,9.2,3101,0,Elite goalscorer,6,14.17699,7.313746,15,4,10.81,2.91,13.72,10,45,49.7,0,18,712,1,0,843.8,747.7,836.0,242.5,5.4563044179297,0.4353434376007739,0.1160915833602063,0.3137375040309578,0.0844566268945501,0.3981941309255078
2025-26,223094,Haaland,FWD,Man City,239,14.7,62.5,2953,0,Elite goalscorer,6,14.123677,6.8332253,27,8,25.5,2.67,28.17,13,32,38.6,0,43,952,2,0,1180.4,320.1,1520.0,302.3,7.284117846258042,0.8228919742634608,0.2438198442262106,0.7771757534710464,0.0813748730104978,0.8585506264815442
2025-26,223340,Saka,MID,Arsenal,157,10.0,11.6,2218,0,Elite goalscorer,6,13.772551,8.15325,7,10,7.57,7.16,14.73,12,16,15.57,0,18,570,2,0,627.0,847.6,828.0,230.6,6.370604147880973,0.2840396753832281,0.405770964833183,0.3071686203787195,0.2905320108205591,0.5977006311992786
2025-26,243298,Gakpo,MID,Liverpool,131,7.3,5.6,2736,0,Elite goalscorer,6,13.841544,7.8595295,7,5,8.35,4.67,13.02,10,39,34.94,0,5,449,3,0,540.4,714.7,831.0,208.4,4.309210526315789,0.2302631578947368,0.1644736842105263,0.2746710526315789,0.1536184210526315,0.4282894736842105
2025-26,244850,Rogers,MID,Aston Villa,169,7.3,20.2,3280,0,Elite goalscorer,6,14.278884,8.283486,10,8,6.84,4.32,11.16,9,48,51.55,0,17,605,7,0,746.2,706.2,871.0,232.0,4.637195121951219,0.274390243902439,0.2195121951219512,0.1876829268292683,0.1185365853658536,0.3062195121951219
2025-26,247632,Neto,MID,Chelsea,125,7.0,3.9,2629,0,Elite goalscorer,6,13.259248,8.642415,5,7,4.59,6.84,11.43,11,33,37.54,0,9,543,2,1,523.0,836.2,505.0,186.7,4.279193609737543,0.1711677443895017,0.2396348421453023,0.1571319893495625,0.2341574743248383,0.3912894636744009
2025-26,248875,Doku,MID,Man City,120,6.5,6.6,1773,0,Elite goalscorer,6,13.595748,8.298551,5,8,2.87,5.86,8.73,8,18,23.2,0,15,526,0,0,540.2,841.6,645.0,202.5,6.091370558375634,0.2538071065989847,0.4060913705583757,0.1456852791878172,0.2974619289340102,0.4431472081218274
2025-26,424876,Szoboszlai,MID,Liverpool,160,7.1,15.1,3232,0,Elite goalscorer,6,13.761948,8.934885,6,7,4.76,6.83,11.59,9,52,45.63,0,21,780,8,1,867.8,1324.6,417.0,260.9,4.455445544554456,0.167079207920792,0.1949257425742574,0.132549504950495,0.1901918316831683,0.3227413366336634
2025-26,430871,Cunha,MID,Man Utd,143,8.1,8.7,2493,0,Elite goalscorer,6,14.044019,7.7257423,10,4,6.9,3.36,10.26,8,35,35.75,0,14,591,4,0,675.8,545.4,801.0,202.5,5.16245487364621,0.3610108303249097,0.1444043321299639,0.2490974729241877,0.1212996389891696,0.3703971119133574
2025-26,437730,Semenyo,MID,Man City,202,8.0,46.2,3200,0,Elite goalscorer,6,14.251087,7.2560115,17,6,11.1,3.12,14.21,12,52,47.67,0,18,678,7,0,923.2,607.4,1047.0,257.7,5.68125,0.478125,0.1687499999999999,0.3121875,0.08775,0.39965625
2025-26,446008,Mbeumo,MID,Man Utd,148,8.3,15.0,2611,0,Elite goalscorer,6,14.144115,7.575805,11,3,11.98,4.99,16.97,8,37,35.87,0,16,528,4,0,628.8,803.1,882.0,231.4,5.101493680582152,0.3791650708540788,0.103408655687476,0.4129452317119877,0.1720030639601685,0.5849482956721562
2025-26,448047,Enzo,MID,Chelsea,157,6.5,12.3,3114,0,Elite goalscorer,6,14.263217,7.8798265,10,5,11.26,7.26,18.52,8,46,44.89,0,19,700,10,0,835.6,1063.2,747.0,264.6,4.53757225433526,0.2890173410404624,0.1445086705202312,0.3254335260115607,0.2098265895953757,0.5352601156069364
2025-26,466052,Cherki,MID,Man City,135,6.5,17.4,1772,0,Elite goalscorer,6,13.77469,8.221588,4,13,4.28,8.87,13.14,8,18,25.23,0,16,580,1,0,604.2,996.6,579.0,218.1,6.85665914221219,0.2031602708803611,0.6602708803611739,0.2173814898419865,0.4505079006772008,0.6673814898419864
2025-26,466525,Stach,MID,Leeds,137,4.8,1.7,2369,0,Elite goalscorer,6,13.577907,8.621717,5,6,2.88,4.47,7.35,7,36,34.05,0,14,550,3,0,650.0,921.4,315.0,188.8,5.204727733220768,0.1899535669058674,0.2279442802870409,0.1094132545377796,0.1698184888138454,0.2792317433516251
2025-26,475168,João Pedro,FWD,Chelsea,177,7.4,34.8,2658,0,Elite goalscorer,6,14.134529,6.9017763,15,9,14.91,1.96,16.87,10,36,37.25,0,30,715,5,0,758.4,456.6,909.0,212.1,5.993227990970654,0.5079006772009029,0.3047404063205418,0.5048532731376976,0.0663656884875846,0.5712189616252822
2025-26,484420,E.Le Fée,MID,Sunderland,147,4.8,1.6,2930,0,Elite goalscorer,6,13.796546,8.652699,5,6,5.22,5.95,11.17,10,43,46.5,0,16,621,5,0,725.8,816.4,324.0,186.9,4.515358361774744,0.1535836177474402,0.1843003412969283,0.1603412969283276,0.1827645051194539,0.3431058020477815
2025-26,494595,Wirtz,MID,Liverpool,125,8.3,8.5,2374,0,Elite goalscorer,6,13.788081,8.084368,5,4,6.83,5.14,11.96,10,32,33.99,0,17,521,1,0,526.4,908.2,665.0,210.0,4.738837405223252,0.18955349620893,0.151642796967144,0.2589300758213985,0.1948609941027801,0.4534119629317608
2025-26,502500,Thiago,FWD,Brentford,181,7.2,30.2,3282,0,Elite goalscorer,6,14.1537895,6.894911,22,1,20.6,1.83,22.43,10,50,53.17,0,22,710,7,0,1019.4,382.5,1170.0,256.9,4.963436928702011,0.603290676416819,0.0274223034734917,0.5648994515539306,0.0501828153564899,0.6150822669104204
2025-26,533463,O.Dango,MID,Brentford,136,5.6,1.6,2271,0,Elite goalscorer,6,14.121225,8.1411705,7,8,7.94,4.12,12.06,6,35,34.75,0,16,429,5,0,509.8,422.8,702.0,162.8,5.389696169088508,0.2774108322324967,0.3170409511228533,0.314663143989432,0.1632760898282695,0.4779392338177015
2025-26,592031,Minteh,MID,Brighton,117,5.5,2.5,2389,0,Elite goalscorer,6,13.218577,8.412693,3,8,3.81,5.06,8.87,11,33,34.09,0,9,466,3,0,491.8,691.4,617.0,180.3,4.407701967350356,0.1130179991628296,0.301381331100879,0.1435328589367936,0.190623691921306,0.3341565508580996
2025-26,50175,Welbeck,FWD,Brighton,126,6.3,8.4,2249,1,Premium attacker,4,13.697462,6.517514,13,1,12.36,1.4,13.76,10,28,31.68,0,18,511,5,0,578.8,309.7,803.0,168.2,5.042240995998221,0.5202312138728323,0.0400177856825255,0.494619831036016,0.0560248999555357,0.5506447309915518
2025-26,60307,Groß,MID,Brighton,78,5.6,3.0,1636,1,Premium attacker,5,11.417371,8.490061,1,6,1.39,3.95,5.34,6,17,20.36,0,10,389,2,0,397.2,668.2,220.0,128.5,4.290953545232274,0.0550122249388753,0.3300733496332518,0.0764669926650366,0.2172982885085574,0.2937652811735941
2025-26,75115,Wilson,FWD,West Ham,80,5.8,0.6,1234,1,Premium attacker,4,12.905184,6.408035,7,2,7.6,0.54,8.14,1,24,21.49,0,7,296,1,0,305.2,109.0,509.0,91.1,5.834683954619124,0.5105348460291734,0.1458670988654781,0.5542949756888168,0.0393841166936791,0.5936790923824959
2025-26,101188,Digne,DEF,Aston Villa,97,4.5,1.5,1842,1,Premium attacker,5,11.348869,8.621408,0,7,0.67,3.28,3.95,7,23,27.79,0,5,381,3,0,400.2,455.5,130.0,98.5,4.739413680781759,0.0,0.3420195439739413,0.0327361563517915,0.1602605863192182,0.1929967426710098
2025-26,102057,Raúl,FWD,Fulham,112,5.9,1.8,2183,1,Premium attacker,4,13.321429,6.8991575,9,5,11.58,0.9,12.48,9,28,34.95,0,7,410,5,0,479.4,331.5,729.0,153.1,4.617498854786991,0.3710490151168117,0.206138341731562,0.4774163994502978,0.0371049015116811,0.514521300961979
2025-26,111317,Brooks,MID,Bournemouth,59,5.0,0.2,1188,1,Premium attacker,5,11.242243,7.788165,1,3,5.81,3.4,9.21,5,20,20.25,0,4,215,7,0,236.2,384.5,434.0,104.1,4.46969696969697,0.0757575757575757,0.2272727272727273,0.4401515151515151,0.2575757575757575,0.6977272727272728
2025-26,114243,J.Murphy,MID,Newcastle,82,5.9,0.6,1606,1,Premium attacker,5,11.540301,7.7001524,3,2,3.07,2.66,5.73,8,20,24.35,0,5,314,2,0,330.8,393.7,346.0,106.0,4.595267745952678,0.1681195516811955,0.112079701120797,0.1720423412204234,0.14906600249066,0.3211083437110834
2025-26,122806,McGinn,MID,Aston Villa,103,5.3,0.7,2136,1,Premium attacker,5,12.512171,8.4263935,5,4,3.0,4.11,7.11,8,28,33.08,0,6,443,5,0,459.8,605.3,309.0,137.3,4.339887640449438,0.2106741573033708,0.1685393258426966,0.1264044943820224,0.1731741573033708,0.2995786516853932
2025-26,153133,Iwobi,MID,Fulham,103,6.1,1.1,2420,1,Premium attacker,5,12.590627,8.477916,4,3,1.91,4.7,6.61,5,40,35.7,0,13,508,3,0,511.2,739.4,343.0,159.4,3.830578512396694,0.1487603305785124,0.1115702479338843,0.0710330578512396,0.174793388429752,0.2458264462809917
2025-26,174594,Nmecha,FWD,Leeds,73,5.0,0.5,1065,1,Premium attacker,4,12.928569,6.4287105,6,1,7.25,1.58,8.83,3,23,21.84,0,8,268,0,0,290.4,153.5,434.0,87.8,6.169014084507042,0.5070422535211268,0.0845070422535211,0.6126760563380281,0.1335211267605633,0.7461971830985915
2025-26,177815,Calvert-Lewin,FWD,Leeds,142,5.8,13.7,2721,1,Premium attacker,4,13.903618,6.6679254,14,2,15.57,1.06,16.62,8,34,35.74,0,20,472,3,0,619.6,311.1,1026.0,194.7,4.696802646085998,0.4630650496141124,0.0661521499448732,0.514994487320838,0.0350606394707828,0.5497243660418965
2025-26,180135,Longstaff,MID,Leeds,56,4.8,0.2,1003,1,Premium attacker,5,10.567377,7.408864,2,2,1.23,1.87,3.1,1,20,15.88,0,5,273,2,0,291.8,403.7,116.0,81.2,5.024925224327019,0.1794616151545363,0.1794616151545363,0.1103688933200398,0.1677966101694915,0.2781655034895314
2025-26,184029,Ødegaard,MID,Arsenal,74,7.8,1.7,1363,1,Premium attacker,5,11.386783,8.295494,1,7,1.25,3.65,4.9,6,13,16.2,0,5,306,0,0,311.8,564.4,168.0,104.4,4.886280264123258,0.066030814380044,0.4622157006603081,0.082538517975055,0.2410124724871606,0.3235509904622157
2025-26,195384,Merino,MID,Arsenal,67,5.3,0.7,1024,1,Premium attacker,5,11.080636,7.247006,4,3,3.36,1.45,4.81,4,10,7.36,0,5,236,1,0,304.4,191.8,244.0,73.6,5.888671875,0.3515625,0.263671875,0.2953125,0.12744140625,0.42275390625
2025-26,195546,Buendía,MID,Aston Villa,102,5.3,0.4,1753,1,Premium attacker,5,11.831298,7.2015038,6,2,3.38,2.23,5.61,3,24,28.03,0,10,382,6,0,427.0,402.1,398.0,121.4,5.236737022247575,0.3080433542498574,0.1026811180832857,0.173531089560753,0.1144894466628636,0.2880205362236167
2025-26,201666,Barnes,MID,Newcastle,106,6.1,1.3,1951,1,Premium attacker,4,12.626677,6.841293,7,1,6.84,2.72,9.56,5,31,30.3,0,9,349,1,0,404.0,387.5,682.0,147.0,4.889800102511533,0.3229113275243465,0.0461301896463352,0.3155304971809328,0.1254741158380317,0.4410046130189647
2025-26,207283,Jensen,MID,Brentford,98,4.9,0.1,2239,1,Premium attacker,5,12.403659,8.379721,3,2,2.21,6.06,8.27,9,33,35.72,0,1,465,3,0,435.6,632.7,201.0,126.9,3.939258597588209,0.1205895489057615,0.080393032603841,0.0888343010272443,0.2435908887896382,0.3324251898168825
2025-26,209046,Hudson-Odoi,MID,Nott'm Forest,88,5.7,0.6,1838,1,Premium attacker,5,11.895882,8.214824,3,4,2.77,3.02,5.79,6,26,30.88,0,8,358,0,0,366.6,611.7,330.0,130.6,4.309031556039173,0.1468988030467899,0.1958650707290533,0.1356365614798694,0.1478781284004352,0.2835146898803047
2025-26,212319,Richarlison,FWD,Spurs,119,6.5,8.7,1954,1,Premium attacker,4,13.520487,6.5408316,11,4,8.64,1.46,10.1,7,27,25.64,0,17,505,5,0,602.6,239.6,815.0,165.2,5.481064483111567,0.5066530194472876,0.1842374616171955,0.3979529170931423,0.0672466734902763,0.4651995905834186
2025-26,218328,Chukwueze,MID,Fulham,62,5.3,0.1,1067,1,Premium attacker,5,11.381825,8.011978,3,4,2.1,3.36,5.46,2,20,18.76,0,1,242,0,0,274.0,346.7,243.0,85.8,5.229615745079663,0.2530459231490159,0.3373945641986879,0.1771321462043111,0.2834114339268978,0.460543580131209
2025-26,224117,Gyökeres,FWD,Arsenal,128,9.1,16.4,2217,1,Premium attacker,4,13.752084,6.43682,14,1,12.26,1.94,14.19,12,14,17.81,0,16,474,5,0,539.6,271.7,772.0,157.5,5.196211096075778,0.5683355886332883,0.040595399188092,0.4976995940460081,0.0787550744248985,0.5760487144790257
2025-26,225796,James,DEF,Chelsea,115,5.6,6.0,1957,1,Premium attacker,5,11.559738,8.740692,2,6,1.04,3.2,4.24,8,20,28.75,0,11,493,4,0,459.0,483.7,116.0,106.1,5.288707204905467,0.0919775166070516,0.2759325498211548,0.0478283086356668,0.1471640265712825,0.1949923352069494
2025-26,231747,Mateta,FWD,Crystal Palace,114,7.6,8.1,2210,1,Premium attacker,4,13.659087,6.6301394,12,0,14.42,1.32,15.74,8,29,31.77,0,13,397,2,0,567.2,160.6,786.0,150.8,4.642533936651583,0.4886877828054298,0.0,0.5872398190045248,0.0537556561085972,0.6409954751131222
2025-26,232185,Sarr,MID,Crystal Palace,117,6.4,5.6,2173,1,Premium attacker,4,13.095393,6.6321535,9,2,10.93,1.17,12.09,9,29,31.25,0,9,359,2,0,479.8,269.4,601.0,135.1,4.845835250805338,0.3727565577542568,0.082834790612057,0.4526921306948918,0.0484583525080533,0.500736309249885
2025-26,232413,Eze,MID,Arsenal,113,7.3,8.7,1885,1,Premium attacker,5,12.116105,7.295732,7,3,5.18,2.66,7.84,11,14,14.21,0,8,439,1,0,393.4,305.7,455.0,115.1,5.395225464190982,0.3342175066312997,0.143236074270557,0.2473209549071617,0.1270026525198939,0.3743236074270557
2025-26,232826,Gordon,MID,Newcastle,101,7.2,3.1,1798,1,Premium attacker,4,13.016874,7.0713797,6,4,8.77,3.38,12.15,8,30,24.78,0,10,352,3,1,393.8,404.2,514.0,130.9,5.055617352614016,0.3003337041156841,0.200222469410456,0.4389877641824249,0.1691879866518353,0.6081757508342602
2025-26,244851,Palmer,MID,Chelsea,114,10.3,12.6,1954,1,Premium attacker,4,13.449768,6.5307717,10,2,10.55,2.49,13.04,3,33,31.13,0,11,430,5,0,536.6,393.6,547.0,147.7,5.250767656090072,0.4605936540429888,0.0921187308085977,0.4859263050153531,0.1146878198567042,0.6006141248720573
2025-26,247670,Taty,FWD,West Ham,61,5.5,0.3,1384,1,Premium attacker,4,12.297436,6.75766,6,1,5.75,0.81,6.56,9,16,19.75,0,5,243,6,0,280.6,175.5,595.0,103.9,3.9667630057803462,0.3901734104046242,0.065028901734104,0.3739161849710982,0.0526734104046242,0.4265895953757225
2025-26,248857,Madueke,MID,Arsenal,72,6.8,0.8,1205,1,Premium attacker,5,11.159074,7.424874,3,1,1.23,2.86,4.09,8,9,12.77,0,9,254,0,0,257.4,352.8,404.0,101.3,5.377593360995851,0.2240663900414937,0.0746887966804979,0.0918672199170124,0.213609958506224,0.3054771784232365
2025-26,249231,Lewis-Potter,DEF,Brentford,115,4.8,1.5,1960,1,Premium attacker,5,11.898844,8.051776,3,4,3.01,2.51,5.52,9,32,33.74,0,5,356,1,0,378.2,332.2,353.0,106.4,5.280612244897959,0.1377551020408163,0.1836734693877551,0.1382142857142857,0.1152551020408163,0.253469387755102
2025-26,427637,Aaronson,MID,Leeds,126,5.4,0.8,2449,1,Premium attacker,5,12.745602,8.278826,4,8,4.53,3.6,8.13,9,32,37.07,0,5,446,3,0,482.8,486.7,498.0,146.7,4.63046141282156,0.1469987750102082,0.2939975500204165,0.1664761126990608,0.1322988975091874,0.2987750102082483
2025-26,431639,Flemming,FWD,Burnley,99,5.3,0.8,1764,1,Premium attacker,4,13.159998,6.3208895,11,0,7.94,0.41,8.35,3,35,37.06,0,11,371,5,0,466.0,159.5,533.0,114.9,5.051020408163265,0.5612244897959184,0.0,0.4051020408163265,0.0209183673469387,0.4260204081632652
2025-26,433036,Reijnders,MID,Man City,92,5.0,8.9,1623,1,Premium attacker,5,11.860021,7.3218,5,3,4.61,2.35,6.96,7,18,18.82,0,6,337,2,0,340.0,347.8,435.0,111.2,5.101663585951941,0.277264325323475,0.166358595194085,0.255637707948244,0.1303142329020332,0.3859519408502773
2025-26,435997,Okafor,MID,Leeds,109,5.5,0.9,1553,1,Premium attacker,4,12.556153,6.4925117,8,3,5.25,1.32,6.57,6,26,24.54,0,11,354,3,0,438.8,275.0,435.0,115.0,6.31680618158403,0.463618802318094,0.1738570508692852,0.3042498390212492,0.0764971023824855,0.3807469414037347
2025-26,437505,Isidor,FWD,Sunderland,74,5.0,1.3,1148,1,Premium attacker,4,12.6071,6.3959713,6,1,4.7,0.38,5.08,4,17,19.82,0,7,266,1,0,242.0,30.4,444.0,71.5,5.801393728222997,0.470383275261324,0.078397212543554,0.3684668989547038,0.0297909407665505,0.3982578397212544
2025-26,440089,Damsgaard,MID,Brentford,113,5.6,0.8,2046,1,Premium attacker,5,12.562355,8.464145,4,4,2.61,5.43,8.04,5,32,31.55,0,9,467,0,0,530.6,691.3,326.0,155.0,4.970674486803519,0.1759530791788856,0.1759530791788856,0.1148093841642228,0.2388563049853372,0.3536656891495601
2025-26,440993,Ndiaye,MID,Everton,128,6.3,4.7,2781,1,Premium attacker,5,13.135543,8.084512,6,3,6.68,4.41,11.09,8,44,42.68,0,7,540,2,0,605.8,479.2,578.0,166.5,4.142394822006472,0.1941747572815533,0.0970873786407766,0.2161812297734627,0.1427184466019417,0.3588996763754045
2025-26,441264,Brobbey,FWD,Sunderland,92,5.3,0.9,1920,1,Premium attacker,4,12.332055,6.7921596,7,2,6.02,0.67,6.69,6,30,31.4,0,12,309,6,0,333.4,200.5,552.0,106.7,4.3125,0.328125,0.09375,0.2821875,0.03140625,0.31359375
2025-26,444102,Evanilson,FWD,Bournemouth,115,6.6,2.4,2741,1,Premium attacker,4,13.174316,7.342683,6,7,10.64,1.48,12.12,11,40,39.02,0,6,412,2,0,350.6,397.9,809.0,155.5,3.775994162714338,0.1970083910981393,0.2298431229478292,0.3493615468807005,0.048595403137541,0.3979569500182414
2025-26,444180,Anthony,MID,Burnley,127,5.0,2.4,2717,1,Premium attacker,5,12.996438,8.284555,8,4,5.11,2.85,7.96,4,59,59.0,0,6,513,4,0,586.8,552.2,619.0,175.8,4.2068457857931545,0.2649981597350018,0.1324990798675009,0.1692675745307324,0.0944055944055944,0.2636731689363268
2025-26,450070,Summerville,MID,West Ham,110,5.4,1.6,2470,1,Premium attacker,5,12.885924,8.201747,5,4,5.43,3.35,8.78,8,42,37.57,0,10,412,6,0,445.8,460.9,546.0,145.0,4.008097165991902,0.1821862348178137,0.145748987854251,0.1978542510121457,0.1220647773279352,0.3199190283400809
2025-26,460842,Kudus,MID,Spurs,75,6.4,9.1,1535,1,Premium attacker,5,11.40147,8.484851,2,6,1.92,2.41,4.33,7,20,22.74,0,7,257,3,0,333.4,413.8,302.0,104.7,4.397394136807818,0.1172638436482084,0.3517915309446254,0.1125732899022801,0.1413029315960912,0.2538762214983713
2025-26,463067,Georginio,MID,Brighton,87,5.6,0.3,1776,1,Premium attacker,5,11.632678,7.967902,3,5,2.9,2.9,5.8,7,20,21.59,0,2,290,2,0,338.6,349.5,448.0,113.5,4.408783783783783,0.152027027027027,0.2533783783783783,0.1469594594594594,0.1469594594594594,0.2939189189189189
2025-26,465730,De Cuyper,DEF,Brighton,84,4.3,1.7,1404,1,Premium attacker,5,11.555551,8.143989,2,3,1.66,4.08,5.74,5,23,24.09,0,9,318,2,0,327.8,516.6,154.0,99.9,5.384615384615385,0.1282051282051282,0.1923076923076923,0.1064102564102564,0.2615384615384615,0.3679487179487179
2025-26,470313,Woltemade,FWD,Newcastle,108,6.7,6.5,1896,1,Premium attacker,4,12.57374,7.026195,8,4,6.59,1.53,8.12,8,29,25.67,0,12,399,0,0,447.2,314.4,425.0,117.5,5.1265822784810124,0.3797468354430379,0.1898734177215189,0.3128164556962025,0.072626582278481,0.3854430379746835
2025-26,482973,Igor Jesus,FWD,Nott'm Forest,114,5.9,2.4,2293,1,Premium attacker,4,12.867974,7.396021,6,6,6.48,1.26,7.74,9,37,38.77,0,13,407,2,0,420.6,240.7,726.0,136.4,4.474487570867859,0.2354993458351504,0.2354993458351504,0.2543392935019625,0.0494548626253815,0.3037941561273441
2025-26,485711,Šeško,FWD,Man Utd,111,7.2,4.6,1630,1,Premium attacker,4,13.406292,6.3350916,11,2,9.21,0.28,9.48,2,30,27.05,0,19,405,2,0,483.8,156.1,803.0,143.4,6.128834355828221,0.6073619631901841,0.1104294478527607,0.5085276073619632,0.0154601226993865,0.5234355828220859
2025-26,486385,Beto,FWD,Everton,104,5.1,3.3,1551,1,Premium attacker,4,13.277174,6.381838,9,1,8.9,0.23,9.13,5,19,24.16,0,15,343,3,0,445.8,159.8,655.0,124.5,6.034816247582206,0.5222437137330754,0.058027079303675,0.5164410058027079,0.0133462282398452,0.5297872340425532
2025-26,488024,Yeremy,MID,Crystal Palace,77,5.8,0.2,2074,1,Premium attacker,5,12.456701,8.314248,2,2,4.53,6.12,10.65,7,28,30.01,0,3,331,4,0,325.8,718.4,371.0,141.4,3.3413693346190936,0.0867888138862102,0.0867888138862102,0.1965766634522661,0.2655737704918032,0.4621504339440694
2025-26,489888,Adli,MID,Bournemouth,67,5.4,0.2,1074,1,Premium attacker,5,10.954957,7.3087735,3,2,2.6,1.62,4.22,3,17,18.22,0,4,241,2,0,272.6,235.9,260.0,76.1,5.614525139664805,0.2513966480446927,0.1675977653631284,0.217877094972067,0.135754189944134,0.353631284916201
2025-26,493105,Garnacho,MID,Chelsea,56,6.4,0.4,1261,1,Premium attacker,5,11.314013,8.073923,1,4,3.44,3.68,7.12,4,20,20.52,0,3,222,2,0,211.4,405.3,399.0,100.5,3.996827914353688,0.0713719270420301,0.2854877081681205,0.2455194290245836,0.2626486915146709,0.5081681205392545
2025-26,493250,Amad,MID,Man Utd,91,6.2,1.3,2339,1,Premium attacker,5,12.879226,8.312833,2,5,5.46,4.74,10.2,6,33,31.69,0,7,463,2,0,436.6,596.1,600.0,163.5,3.5014963659683622,0.0769559640872167,0.1923899102180419,0.2100897819581017,0.1823856348867037,0.3924754168448054
2025-26,499604,Rayan,MID,Bournemouth,67,5.4,2.3,1110,1,Premium attacker,5,11.164826,7.3126664,5,2,2.67,1.84,4.51,6,10,19.14,0,3,238,1,0,277.6,211.9,263.0,75.3,5.4324324324324325,0.4054054054054054,0.1621621621621621,0.2164864864864864,0.1491891891891892,0.3656756756756756
2025-26,503301,Hutchinson,MID,Nott'm Forest,82,5.4,0.1,1676,1,Premium attacker,5,11.316018,8.34978,1,7,2.01,3.87,5.88,6,24,24.42,0,3,329,1,0,333.6,527.1,356.0,121.6,4.4033412887828165,0.0536992840095465,0.3758949880668257,0.1079355608591885,0.207816229116945,0.3157517899761336
2025-26,510663,Ekitiké,FWD,Liverpool,125,9.0,15.7,1797,1,Premium attacker,4,13.571919,6.4284472,11,4,10.1,2.45,12.55,7,25,26.11,0,22,433,0,0,525.8,307.2,739.0,156.2,6.260434056761269,0.5509181969949917,0.2003338898163606,0.5058430717863105,0.1227045075125208,0.6285475792988314
2025-26,511499,Tel,MID,Spurs,78,6.2,0.5,1334,1,Premium attacker,5,11.234605,7.513423,4,2,2.47,2.43,4.89,3,23,17.29,0,7,266,1,0,303.4,457.2,312.0,107.6,5.262368815592204,0.2698650674662669,0.1349325337331334,0.1666416791604198,0.1639430284857571,0.3299100449775112
2025-26,513418,Schade,MID,Brentford,125,6.8,1.3,2744,1,Premium attacker,4,13.19437,7.122137,8,5,12.08,2.05,14.13,11,34,40.05,0,5,385,6,1,536.8,380.1,821.0,172.8,4.099854227405247,0.2623906705539358,0.1639941690962099,0.3962099125364431,0.067237609329446,0.4634475218658893
2025-26,514254,Gomez,MID,Brighton,97,4.9,0.4,2117,1,Premium attacker,4,12.169205,6.882404,5,1,6.24,1.72,7.96,8,29,29.35,0,9,361,9,0,438.2,319.7,432.0,119.0,4.123760037789324,0.2125649504015115,0.0425129900803023,0.2652810581010864,0.0731223429381199,0.3384034010392064
2025-26,532529,Hinshelwood,MID,Brighton,91,5.2,1.6,1736,1,Premium attacker,5,11.77253,7.5694346,4,5,4.94,2.34,7.28,7,23,27.83,0,2,317,0,0,312.6,228.0,412.0,94.8,4.717741935483871,0.2073732718894009,0.2592165898617511,0.2561059907834102,0.1213133640552995,0.3774193548387096
2025-26,560262,Kroupi.Jr,FWD,Bournemouth,113,4.7,7.6,1663,1,Premium attacker,4,13.5262785,6.377013,13,0,8.31,1.51,9.82,10,21,25.91,0,13,480,5,0,532.2,306.9,563.0,139.9,6.115453998797354,0.703547805171377,0.0,0.4497294046903187,0.0817197835237522,0.5314491882140709
2025-26,586309,Barry,FWD,Everton,95,5.7,0.8,1898,1,Premium attacker,4,12.739332,6.643567,8,0,8.17,0.44,8.61,7,34,33.49,0,9,295,3,0,341.0,207.7,501.0,102.5,4.504741833508957,0.3793466807165437,0.0,0.3874077976817702,0.0208640674394099,0.4082718651211801
2025-26,596777,Dorgu,DEF,Man Utd,95,4.1,2.4,1440,1,Premium attacker,5,11.472127,7.410773,4,4,2.39,1.84,4.23,4,20,19.61,0,11,321,5,0,469.0,394.2,341.0,120.3,5.9375,0.25,0.25,0.149375,0.115,0.264375
2025-26,647671,Mané,FWD,Wolves,74,4.2,1.4,1787,1,Premium attacker,5,11.784198,8.334256,3,2,2.01,3.69,5.7,5,30,31.75,0,9,314,0,0,328.2,489.6,283.0,109.5,3.726916620033576,0.1510912143256855,0.1007274762171236,0.1012311135982092,0.1858421936205931,0.2870733072188025
2025-26,56979,Henderson,MID,Brentford,76,5.0,0.3,1911,2,Rotation midfielder,3,9.572661,9.350606,1,3,0.33,2.31,2.64,6,28,28.16,0,5,343,6,0,336.6,358.3,49.0,74.4,3.579277864992151,0.0470957613814756,0.141287284144427,0.0155416012558869,0.1087912087912088,0.1243328100470957
2025-26,108413,Hughes,MID,Crystal Palace,45,4.7,0.1,1560,2,Rotation midfielder,7,8.852469,8.842036,0,1,1.11,1.94,3.05,5,18,25.35,0,0,217,7,0,198.0,322.9,90.0,60.9,2.5961538461538463,0.0,0.0576923076923076,0.0640384615384615,0.1119230769230769,0.1759615384615384
2025-26,122798,Robertson,DEF,Liverpool,55,5.7,1.2,1165,2,Rotation midfielder,8,8.767357,8.276418,1,0,1.1,1.4,2.49,4,16,17.44,0,4,216,0,0,239.8,318.8,121.0,68.2,4.24892703862661,0.0772532188841201,0.0,0.0849785407725322,0.1081545064377682,0.1923605150214592
2025-26,152551,Lerma,MID,Crystal Palace,69,4.9,0.1,1722,2,Rotation midfielder,3,9.822374,9.091124,0,5,1.84,1.48,3.32,7,25,25.11,0,3,296,7,0,287.6,207.2,233.0,72.5,3.606271777003484,0.0,0.2613240418118467,0.0961672473867595,0.0773519163763066,0.1735191637630662
2025-26,154566,Solanke,FWD,Spurs,40,7.1,1.1,997,2,Rotation midfielder,7,8.026086,7.8299723,3,0,2.97,0.34,3.3,0,21,17.8,0,4,187,1,0,205.0,84.1,339.0,62.7,3.610832497492477,0.2708124373119357,0.0,0.2681043129388165,0.030692076228686,0.2978936810431293
2025-26,155511,Armstrong,FWD,Wolves,39,5.1,0.1,1141,2,Rotation midfielder,7,8.452569,7.809378,2,2,2.77,0.85,3.62,3,20,22.93,0,1,129,3,0,145.0,85.0,191.0,41.9,3.076248904469763,0.1577563540753724,0.1577563540753724,0.2184925503943909,0.0670464504820333,0.2855390008764242
2025-26,167074,Tete,DEF,Fulham,81,4.5,0.2,1791,2,Rotation midfielder,3,8.492809,9.924566,1,0,0.92,1.46,2.38,6,25,25.79,0,5,318,2,0,416.0,214.1,108.0,73.9,4.07035175879397,0.050251256281407,0.0,0.0462311557788944,0.0733668341708542,0.1195979899497487
2025-26,169528,Robinson,DEF,Fulham,65,4.9,0.9,1487,2,Rotation midfielder,3,8.516657,9.570938,1,0,1.07,1.58,2.65,4,19,24.12,0,7,280,5,0,375.0,334.6,82.0,79.3,3.934095494283793,0.0605245460659045,0.0,0.0647612642905178,0.0956287827841291,0.1603900470746469
2025-26,171314,Rúben,DEF,Man City,113,5.5,3.1,2139,2,Rotation midfielder,3,8.514183,10.230636,2,0,0.57,0.65,1.22,12,22,26.07,0,4,453,3,0,560.8,152.2,96.0,81.0,4.754558204768584,0.0841514726507713,0.0,0.0239831697054698,0.0273492286115007,0.0513323983169705
2025-26,172567,Cullen,MID,Burnley,70,4.9,0.8,1513,2,Rotation midfielder,8,9.104682,8.62604,2,2,0.94,1.36,2.3,3,29,32.5,0,8,321,2,0,342.0,218.1,98.0,66.0,4.163912756113682,0.1189689358889623,0.1189689358889623,0.0559153998678122,0.0808988764044943,0.1368142762723066
2025-26,174592,Edwards,MID,Burnley,51,4.7,0.1,1058,2,Rotation midfielder,8,9.56781,7.1795983,1,3,1.49,1.84,3.33,1,18,24.61,0,2,189,0,0,180.0,283.9,226.0,68.9,4.338374291115312,0.0850661625708884,0.2551984877126654,0.1267485822306238,0.1565217391304348,0.2832703213610586
2025-26,184341,Mount,MID,Man Utd,58,5.9,0.3,1010,2,Rotation midfielder,8,10.019363,7.870159,3,0,1.56,1.62,3.18,5,15,12.46,0,3,201,2,0,201.2,214.1,165.0,58.0,5.1683168316831685,0.2673267326732673,0.0,0.139009900990099,0.1443564356435643,0.2833663366336634
2025-26,184349,Sessegnon,MID,Fulham,95,5.4,0.1,1816,2,Rotation midfielder,8,9.609589,8.435034,3,3,1.6,1.8,3.4,6,29,26.33,0,8,332,0,0,413.8,225.0,229.0,86.7,4.708149779735683,0.1486784140969163,0.1486784140969163,0.079295154185022,0.0892070484581497,0.1685022026431717
2025-26,184754,Hee Chan,MID,Wolves,54,5.6,0.1,1439,2,Rotation midfielder,7,8.688419,8.215319,2,2,2.37,1.57,3.94,2,29,23.37,0,0,165,5,0,163.4,216.5,166.0,53.4,3.377345378735233,0.1250868658790827,0.1250868658790827,0.148227936066713,0.0981931897150799,0.2464211257817929
2025-26,200089,Willock,MID,Newcastle,38,5.0,0.1,972,2,Rotation midfielder,8,8.814525,7.577514,0,2,1.26,1.07,2.33,3,18,17.83,0,0,166,3,0,145.4,205.8,204.0,55.5,3.5185185185185186,0.0,0.1851851851851852,0.1166666666666666,0.099074074074074,0.2157407407407407
2025-26,200785,Adams,MID,Bournemouth,77,4.9,0.3,1769,2,Rotation midfielder,3,8.898214,9.962241,2,2,0.63,0.63,1.26,7,28,27.18,0,3,346,8,0,387.0,158.2,115.0,66.3,3.917467495760316,0.1017524024872809,0.1017524024872809,0.0320520067834935,0.0320520067834935,0.064104013566987
2025-26,202993,Bentancur,MID,Spurs,86,5.2,0.2,1880,2,Rotation midfielder,3,8.552478,10.072616,1,1,0.72,0.84,1.56,8,25,23.65,0,4,366,7,0,349.0,197.8,124.0,67.4,4.117021276595745,0.0478723404255319,0.0478723404255319,0.0344680851063829,0.0402127659574468,0.0746808510638298
2025-26,204580,Janelt,MID,Brentford,74,4.9,0.1,1434,2,Rotation midfielder,3,9.997299,9.1584215,1,4,0.82,2.27,3.09,5,21,26.62,0,6,334,8,0,350.4,351.8,97.0,79.0,4.644351464435147,0.0627615062761506,0.2510460251046025,0.0514644351464435,0.1424686192468619,0.1939330543933054
2025-26,209289,Smith Rowe,MID,Fulham,80,5.6,0.5,1909,2,Rotation midfielder,7,9.060079,7.9268003,3,1,4.71,1.12,5.83,6,27,31.27,0,1,351,1,0,291.6,330.0,404.0,102.6,3.771608171817706,0.1414353064431639,0.0471451021477213,0.2220534311157674,0.0528025144054478,0.2748559455212153
2025-26,209365,De Ligt,DEF,Man Utd,43,4.9,1.8,1170,2,Rotation midfielder,7,7.6257577,8.216696,1,0,1.38,0.83,2.21,1,20,18.73,0,5,169,0,0,276.6,60.2,122.0,45.7,3.307692307692308,0.0769230769230769,0.0,0.1061538461538461,0.0638461538461538,0.17
2025-26,210462,Sangaré,MID,Nott'm Forest,89,4.9,0.1,2073,2,Rotation midfielder,3,8.822063,10.095323,2,2,1.16,1.8,2.96,8,26,33.17,0,2,366,5,0,434.4,205.9,126.0,76.8,3.863965267727931,0.0868306801736613,0.0868306801736613,0.0503617945007235,0.0781476121562952,0.1285094066570188
2025-26,212314,Lukić,MID,Fulham,67,4.9,0.1,1730,2,Rotation midfielder,3,9.876731,9.212276,1,4,2.23,1.91,4.14,6,22,27.64,0,4,314,9,0,317.6,441.6,176.0,93.4,3.485549132947977,0.0520231213872832,0.2080924855491329,0.1160115606936416,0.0993641618497109,0.2153757225433526
2025-26,216094,Frimpong,DEF,Liverpool,63,5.7,4.9,1032,2,Rotation midfielder,8,9.463747,7.1980643,0,5,0.5,1.55,2.05,5,13,12.97,0,1,237,1,0,133.2,244.6,186.0,56.5,5.494186046511628,0.0,0.436046511627907,0.0436046511627907,0.1351744186046511,0.1787790697674418
2025-26,220237,Botman,DEF,Newcastle,89,4.9,0.5,1834,2,Rotation midfielder,3,8.48912,10.2521925,1,1,1.73,0.86,2.59,5,27,27.58,0,6,332,2,0,597.0,85.8,190.0,87.4,4.367502726281352,0.0490730643402399,0.0490730643402399,0.084896401308615,0.0422028353326063,0.1270992366412213
2025-26,220627,Justin,DEF,Leeds,94,4.0,2.3,1893,2,Rotation midfielder,3,8.636801,10.026493,2,1,1.83,1.16,2.99,6,26,33.01,0,9,338,4,0,469.8,190.9,220.0,88.3,4.469096671949287,0.0950871632329635,0.0475435816164817,0.0870047543581616,0.0551505546751188,0.1421553090332805
2025-26,222683,Kluivert,MID,Bournemouth,41,6.9,0.6,945,2,Rotation midfielder,7,9.886936,8.002271,2,0,2.31,1.55,3.86,4,19,17.96,0,3,147,5,0,148.0,305.1,135.0,58.8,3.904761904761905,0.1904761904761905,0.0,0.22,0.1476190476190476,0.3676190476190475
2025-26,230046,Douglas Luiz,MID,Aston Villa,35,4.9,0.1,913,2,Rotation midfielder,8,8.684754,7.9382935,1,1,0.53,1.42,1.95,1,15,13.24,0,0,220,3,0,201.6,294.3,94.0,59.1,3.4501642935377874,0.0985761226725082,0.0985761226725082,0.0522453450164293,0.1399780941949616,0.192223439211391
2025-26,230376,J.Arias,MID,Wolves,45,4.9,0.1,1117,2,Rotation midfielder,7,8.000027,7.8423643,1,0,3.38,0.62,4.0,2,21,16.0,0,2,175,1,0,171.0,204.0,148.0,52.1,3.6257833482542527,0.0805729632945389,0.0,0.2723366159355416,0.0499552372426141,0.3222918531781558
2025-26,231057,Bellegarde,MID,Wolves,44,5.1,0.0,1239,2,Rotation midfielder,7,8.611313,8.610494,1,1,1.04,1.06,2.1,3,30,23.51,0,0,208,5,0,195.4,210.3,145.0,54.6,3.196125907990315,0.072639225181598,0.072639225181598,0.075544794188862,0.0769975786924939,0.1525423728813559
2025-26,232787,Gallagher,MID,Spurs,44,5.0,0.2,1183,2,Rotation midfielder,7,7.774764,8.336822,1,1,1.23,0.7,1.93,2,23,19.03,0,3,211,2,0,190.6,205.9,154.0,55.1,3.3474218089602705,0.0760777683854607,0.0760777683854607,0.0935756551141166,0.0532544378698224,0.1468300929839391
2025-26,232859,Spence,DEF,Spurs,78,4.1,0.9,2049,2,Rotation midfielder,3,8.537506,10.083066,0,0,0.9,1.77,2.67,9,31,31.42,0,3,271,4,0,291.0,209.7,207.0,70.5,3.4260614934114204,0.0,0.0,0.0395314787701317,0.0777452415812591,0.1172767203513909
2025-26,242898,Johnson,MID,Crystal Palace,65,6.5,2.4,1710,2,Rotation midfielder,7,8.823515,8.736355,2,1,2.45,1.31,3.76,6,24,28.29,0,2,217,6,0,223.4,311.1,230.0,75.8,3.421052631578948,0.1052631578947368,0.0526315789473684,0.1289473684210526,0.0689473684210526,0.1978947368421052
2025-26,244042,Muniz,FWD,Fulham,36,5.3,0.7,987,2,Rotation midfielder,7,8.158162,7.66391,1,1,3.3,0.15,3.45,3,13,13.83,0,3,94,2,0,113.2,93.2,287.0,47.3,3.282674772036474,0.0911854103343465,0.0911854103343465,0.3009118541033434,0.0136778115501519,0.3145896656534954
2025-26,247412,Strand Larsen,FWD,Crystal Palace,75,5.8,1.4,2301,2,Rotation midfielder,7,9.014144,8.044888,4,1,5.3,1.12,6.42,5,41,36.03,0,3,215,4,0,265.2,203.1,469.0,91.5,2.9335071707953064,0.1564537157757496,0.0391134289439374,0.2073011734028683,0.0438070404172099,0.2511082138200782
2025-26,247693,Kolo Muani,FWD,Spurs,52,6.9,0.4,1655,2,Rotation midfielder,7,8.715561,8.519173,1,1,2.07,1.63,3.7,4,31,25.24,0,1,150,3,0,169.6,267.3,287.0,71.0,2.827794561933535,0.0543806646525679,0.0543806646525679,0.1125679758308157,0.0886404833836858,0.2012084592145015
2025-26,248056,Tanaka,MID,Leeds,67,4.8,0.2,1307,2,Rotation midfielder,8,9.111715,8.18246,2,1,1.44,1.39,2.83,3,22,21.49,0,4,288,1,0,224.2,307.6,104.0,63.6,4.613618974751339,0.1377199693955623,0.0688599846977811,0.0991583779648049,0.0957153787299158,0.1948737566947207
2025-26,250199,Dominguez,MID,Nott'm Forest,48,5.0,0.0,1168,2,Rotation midfielder,7,8.274556,8.394522,1,1,1.47,0.77,2.24,3,20,23.21,0,3,229,3,0,264.8,193.5,138.0,59.7,3.698630136986301,0.0770547945205479,0.0770547945205479,0.1132705479452054,0.0593321917808219,0.1726027397260274
2025-26,433154,McNeil,MID,Everton,53,5.5,0.1,1161,2,Rotation midfielder,8,9.261307,7.205461,0,3,1.37,1.91,3.28,6,9,18.8,0,1,186,1,0,140.6,242.4,138.0,52.2,4.108527131782946,0.0,0.2325581395348837,0.1062015503875969,0.1480620155038759,0.2542635658914728
2025-26,434752,Bijol,DEF,Leeds,99,3.9,1.3,1888,2,Rotation midfielder,3,8.864677,9.971033,1,3,0.9,0.75,1.65,5,26,31.48,0,6,323,4,0,531.8,84.5,243.0,86.0,4.719279661016949,0.0476694915254237,0.1430084745762712,0.0429025423728813,0.0357521186440678,0.0786546610169491
2025-26,435973,Foster,FWD,Burnley,58,4.9,0.7,1361,2,Rotation midfielder,7,8.641624,7.879455,3,2,3.22,0.37,3.59,4,30,27.91,0,4,202,4,0,219.0,147.0,262.0,62.1,3.835415135929464,0.1983835415135929,0.1322556943423952,0.2129316678912564,0.0244673034533431,0.2373989713445995
2025-26,444145,Martinelli,MID,Arsenal,57,6.8,0.9,1065,2,Rotation midfielder,8,9.839708,7.4237413,1,5,4.12,1.27,5.39,2,8,10.51,0,3,195,3,0,204.6,202.2,390.0,79.0,4.816901408450704,0.0845070422535211,0.4225352112676056,0.348169014084507,0.1073239436619718,0.4554929577464788
2025-26,448514,Aït-Nouri,DEF,Man City,60,5.7,4.1,971,2,Rotation midfielder,8,9.411072,7.1253443,0,2,0.53,2.01,2.54,5,8,12.25,0,9,237,2,0,195.6,216.4,90.0,50.2,5.561277033985582,0.0,0.1853759011328527,0.0491246138002059,0.1863027806385169,0.2354273944387229
2025-26,449871,Onana,MID,Aston Villa,76,4.8,0.6,1755,2,Rotation midfielder,3,8.537716,10.185046,2,0,1.68,0.69,2.37,6,26,28.53,0,4,353,3,0,413.2,152.6,178.0,74.4,3.897435897435898,0.1025641025641025,0.0,0.0861538461538461,0.0353846153846153,0.1215384615384615
2025-26,456512,Ndoye,MID,Nott'm Forest,50,5.5,0.7,1167,2,Rotation midfielder,8,8.960774,7.3673654,1,2,1.05,1.51,2.56,2,17,15.96,0,4,178,1,0,166.4,217.7,180.0,56.6,3.8560411311053984,0.0771208226221079,0.1542416452442159,0.0809768637532133,0.116452442159383,0.1974293059125964
2025-26,462424,Saliba,DEF,Arsenal,137,6.3,17.1,2614,2,Rotation midfielder,3,8.388191,10.378081,1,0,0.88,1.21,2.09,15,20,20.41,0,12,581,2,0,552.6,201.0,90.0,84.3,4.716908951798011,0.0344299923488905,0.0,0.0302983932670237,0.0416602907421576,0.0719586840091813
2025-26,463034,Delap,FWD,Chelsea,45,6.2,0.9,1092,2,Rotation midfielder,7,8.33922,7.609814,1,2,4.54,0.23,4.76,2,18,16.67,0,1,123,4,0,67.8,73.7,349.0,47.3,3.708791208791209,0.0824175824175824,0.1648351648351648,0.3741758241758242,0.0189560439560439,0.3923076923076923
2025-26,463981,Hill,DEF,Bournemouth,110,4.2,7.4,2102,2,Rotation midfielder,3,8.812286,10.0583725,0,3,0.89,1.16,2.04,8,24,33.42,0,4,386,5,0,579.4,161.7,119.0,86.3,4.709800190294957,0.0,0.1284490960989533,0.0381065651760228,0.0496669838249286,0.0873453853472882
2025-26,465527,Hannibal,MID,Burnley,59,4.7,0.1,1219,2,Rotation midfielder,3,9.94489,9.053875,1,5,0.91,2.08,2.98,2,27,28.29,0,4,261,10,0,252.8,330.9,128.0,71.0,4.35602953240361,0.07383100902379,0.36915504511895,0.0671862182116489,0.1535684987694832,0.2200164068908941
2025-26,465694,N.Gonzalez,MID,Man City,63,5.9,0.1,1561,2,Rotation midfielder,3,8.317113,9.791975,1,0,0.68,1.12,1.8,7,18,20.35,0,1,337,6,0,309.8,234.1,72.0,61.5,3.632286995515695,0.0576553491351697,0.0,0.0392056374119154,0.0645739910313901,0.1037796284433055
2025-26,466075,Calafiori,DEF,Arsenal,109,5.6,6.0,1697,2,Rotation midfielder,8,9.64432,8.466706,1,2,3.36,0.76,4.12,13,8,9.72,0,6,389,5,0,283.0,182.3,313.0,77.9,5.78078962875663,0.0530347672362993,0.1060695344725987,0.1781968179139658,0.0403064230995875,0.2185032410135533
2025-26,467779,Wieffer,MID,Brighton,94,4.8,0.3,1901,2,Rotation midfielder,3,10.076717,9.350669,2,4,1.92,1.86,3.78,6,26,23.95,0,6,398,8,0,477.0,291.1,209.0,97.7,4.450289321409784,0.094687006838506,0.1893740136770121,0.0908995265649658,0.0880589163598106,0.1789584429247764
2025-26,469272,Tchaouna,MID,Burnley,59,4.8,0.0,1259,2,Rotation midfielder,8,8.812038,7.881806,2,2,1.27,0.91,2.18,2,24,25.04,0,0,208,2,0,185.8,231.1,173.0,59.3,4.217633042096902,0.1429706115965051,0.1429706115965051,0.0907863383637807,0.0650516282764098,0.1558379666401906
2025-26,477424,Gvardiol,DEF,Man City,79,5.8,3.2,1370,2,Rotation midfielder,8,9.549603,8.259003,2,2,2.25,0.7,2.95,6,13,16.05,0,5,303,2,0,369.0,109.5,218.0,69.8,5.18978102189781,0.1313868613138686,0.1313868613138686,0.1478102189781022,0.045985401459854,0.1937956204379562
2025-26,477555,Bobb,MID,Fulham,42,5.1,0.2,1030,2,Rotation midfielder,8,9.278193,7.17782,0,2,1.47,2.1,3.57,4,13,12.71,0,0,182,1,0,140.4,315.4,205.0,66.4,3.66990291262136,0.0,0.174757281553398,0.1284466019417475,0.1834951456310679,0.3119417475728155
2025-26,482442,P.M.Sarr,MID,Spurs,71,4.5,1.0,1388,2,Rotation midfielder,8,9.374501,7.841639,2,4,1.63,1.11,2.74,3,23,26.67,0,2,313,3,0,336.0,188.3,156.0,68.2,4.6037463976945245,0.1296829971181556,0.2593659942363112,0.1056916426512968,0.0719740634005763,0.1776657060518732
2025-26,483081,R.Gomes,DEF,Wolves,48,4.4,0.1,954,2,Rotation midfielder,7,7.954752,7.910019,3,0,2.13,0.39,2.52,1,18,14.08,0,0,100,0,0,185.6,75.5,221.0,48.2,4.528301886792453,0.2830188679245283,0.0,0.2009433962264151,0.0367924528301886,0.2377358490566038
2025-26,485337,Guessand,MID,Crystal Palace,44,6.2,0.0,909,2,Rotation midfielder,8,9.399381,7.295143,1,3,1.56,0.85,2.41,2,15,14.48,0,0,143,0,0,159.4,76.6,187.0,42.0,4.356435643564356,0.099009900990099,0.297029702970297,0.1544554455445544,0.0841584158415841,0.2386138613861386
2025-26,488213,Tolu,FWD,Wolves,66,5.1,0.1,1402,2,Rotation midfielder,7,8.604803,7.6146154,3,2,5.49,0.39,5.88,3,28,22.89,0,4,221,1,0,252.4,178.4,561.0,98.2,4.236804564907276,0.1925820256776034,0.1283880171184022,0.3524251069900143,0.0250356633380884,0.3774607703281027
2025-26,490094,Iroegbunam,MID,Everton,68,4.8,0.0,1477,2,Rotation midfielder,3,8.899266,9.680546,0,3,0.54,0.71,1.25,8,18,24.64,0,1,225,9,0,255.0,125.2,81.0,45.9,4.143534190927555,0.0,0.1828029790115098,0.0329045362220717,0.0432633716993906,0.0761679079214624
2025-26,500151,Savona,DEF,Nott'm Forest,39,4.5,0.0,1025,2,Rotation midfielder,7,7.7188783,8.357035,2,0,1.34,0.45,1.79,3,18,15.04,0,0,131,2,0,216.6,123.2,94.0,43.5,3.424390243902439,0.1756097560975609,0.0,0.1176585365853658,0.0395121951219512,0.157170731707317
2025-26,509416,Ayari,MID,Brighton,98,4.8,0.4,1921,2,Rotation midfielder,8,9.679989,8.24758,3,4,2.7,1.15,3.85,6,24,26.85,0,7,406,1,0,359.8,251.3,231.0,84.5,4.591358667360749,0.1405517959396147,0.187402394586153,0.1264966163456533,0.053878188443519,0.1803748047891723
2025-26,532605,Andrey Santos,MID,Chelsea,47,4.4,0.3,1247,2,Rotation midfielder,7,7.929659,8.294239,1,0,2.0,0.88,2.88,1,18,18.91,0,3,257,4,0,229.6,153.9,91.0,47.5,3.392141138732959,0.0721732157177225,0.0,0.144346431435445,0.0635124298315958,0.2078588612670409
2025-26,544877,Kerkez,DEF,Liverpool,85,5.6,2.9,2251,2,Rotation midfielder,3,9.077275,10.469591,2,1,1.5,0.69,2.19,6,37,30.1,0,4,357,4,0,434.6,415.8,141.0,99.4,3.3984895601954688,0.0799644602398933,0.0399822301199466,0.05997334517992,0.0275877387827632,0.0875610839626832
2025-26,547027,Diarra,MID,Sunderland,65,5.3,0.1,1403,2,Rotation midfielder,8,9.51293,7.7819977,2,6,3.27,0.85,4.12,5,19,21.52,0,3,209,6,0,166.2,153.8,234.0,53.9,4.169636493228795,0.1282965074839629,0.3848895224518888,0.2097647897362794,0.0545260156806842,0.2642908054169636
2025-26,547701,Gray,MID,Spurs,61,4.8,0.1,1471,2,Rotation midfielder,7,8.848011,8.686326,2,2,1.5,1.29,2.79,5,28,24.8,0,6,237,5,0,259.4,138.1,158.0,55.5,3.732154996600952,0.1223657375934738,0.1223657375934738,0.0917743031951053,0.0789259007477906,0.170700203942896
2025-26,547719,L.Miley,MID,Newcastle,72,4.4,1.7,1493,2,Rotation midfielder,8,9.593047,7.591812,1,4,1.36,2.1,3.46,2,22,21.22,0,5,334,0,0,342.6,251.4,136.0,73.0,4.340254521098459,0.0602813127930341,0.2411252511721366,0.0819825853985264,0.1265907568653717,0.2085733422638981
2025-26,549912,Talbi,MID,Sunderland,83,4.9,0.2,1553,2,Rotation midfielder,8,9.709237,8.158712,4,2,2.13,1.18,3.3,7,14,22.26,0,6,248,0,0,238.8,211.5,245.0,69.1,4.810045074050225,0.231809401159047,0.1159047005795235,0.1234385061171925,0.0683837733419188,0.1912427559562138
2025-26,550839,Odobert,MID,Spurs,46,5.3,0.0,972,2,Rotation midfielder,8,9.292117,7.1918483,0,2,1.92,1.21,3.13,2,13,14.24,0,6,176,0,0,158.8,284.3,234.0,67.6,4.25925925925926,0.0,0.1851851851851852,0.1777777777777777,0.112037037037037,0.2898148148148148
2025-26,560552,Kevin,MID,Fulham,49,5.7,0.1,1030,2,Rotation midfielder,8,9.495942,7.1801863,1,3,1.21,1.47,2.68,4,15,14.57,0,0,183,1,0,216.0,246.6,243.0,70.4,4.281553398058252,0.087378640776699,0.2621359223300971,0.1057281553398058,0.1284466019417475,0.2341747572815534
2025-26,570526,Bergvall,MID,Spurs,49,5.2,0.2,955,2,Rotation midfielder,8,9.160971,7.5193095,1,3,1.23,0.43,1.66,3,18,13.66,0,0,163,2,0,164.6,106.4,147.0,41.5,4.617801047120419,0.0942408376963351,0.2827225130890052,0.1159162303664921,0.040523560209424,0.1564397905759162
2025-26,575476,Murillo,DEF,Nott'm Forest,83,5.2,1.8,2130,2,Rotation midfielder,3,8.871042,10.286286,1,0,0.73,0.47,1.2,6,29,32.99,0,3,333,5,0,542.2,115.5,82.0,74.0,3.5070422535211265,0.0422535211267605,0.0,0.0308450704225352,0.0198591549295774,0.0507042253521126
2025-26,577725,King,MID,Fulham,63,4.4,1.6,1290,2,Rotation midfielder,8,9.295181,7.720552,1,3,2.47,0.66,3.13,5,18,18.97,0,3,225,4,0,207.4,198.7,336.0,73.3,4.395348837209302,0.0697674418604651,0.2093023255813953,0.1723255813953488,0.0460465116279069,0.2183720930232558
2025-26,17761,Tarkowski,DEF,Everton,170,5.8,12.6,3330,3,Attacking / ball-playing defender,2,12.38045,10.87252,2,3,2.53,2.1,4.63,11,48,53.54,0,12,592,8,0,995.6,235.6,422.0,165.7,4.594594594594595,0.054054054054054,0.081081081081081,0.0683783783783783,0.0567567567567567,0.1251351351351351
2025-26,58621,Walker,DEF,Burnley,70,4.4,1.2,3095,3,Attacking / ball-playing defender,2,11.187088,11.441053,0,2,0.15,1.29,1.44,4,66,67.53,0,3,242,9,0,506.0,237.2,28.0,77.4,2.035541195476575,0.0,0.0581583198707592,0.0043618739903069,0.0375121163166397,0.0418739903069466
2025-26,83299,Dunk,DEF,Brighton,100,4.5,1.0,2837,3,Attacking / ball-playing defender,2,11.307356,11.166887,1,1,1.83,0.56,2.39,7,40,41.9,0,5,443,10,0,649.6,125.5,210.0,98.7,3.1723651744800843,0.0317236517448008,0.0317236517448008,0.0580542826929855,0.0177652449770884,0.075819527670074
2025-26,84450,Xhaka,MID,Sunderland,124,5.1,3.2,2901,3,Attacking / ball-playing defender,2,12.208506,10.370524,1,6,1.01,3.73,4.74,9,39,45.68,0,8,603,8,0,685.0,595.3,101.0,138.1,3.8469493278179936,0.031023784901758,0.1861427094105481,0.0313340227507756,0.1157187176835573,0.147052740434333
2025-26,97032,Virgil,DEF,Liverpool,175,6.1,31.5,3420,3,Attacking / ball-playing defender,2,12.208198,11.190174,6,1,3.77,1.44,5.21,10,53,47.63,0,10,593,4,0,1169.4,215.9,490.0,187.6,4.605263157894736,0.1578947368421052,0.0263157894736842,0.0992105263157894,0.0378947368421052,0.1371052631578947
2025-26,106760,Shaw,DEF,Man Utd,113,4.5,1.1,3220,3,Attacking / ball-playing defender,2,11.38736,11.072753,1,1,0.72,1.98,2.69,10,45,44.9,0,3,449,9,0,560.2,314.8,97.0,97.4,3.158385093167702,0.0279503105590062,0.0279503105590062,0.0201242236024844,0.0553416149068323,0.0751863354037267
2025-26,154296,J.Palhinha,MID,Spurs,126,5.5,0.9,2192,3,Attacking / ball-playing defender,2,12.312254,10.04775,5,3,2.72,0.65,3.37,5,37,32.6,0,17,518,8,0,638.0,147.8,295.0,108.3,5.173357664233577,0.2052919708029197,0.1231751824817518,0.1116788321167883,0.0266879562043795,0.1383667883211679
2025-26,165809,Bernardo,MID,Man City,102,6.2,0.7,2869,3,Attacking / ball-playing defender,2,11.927355,10.543117,2,4,2.71,4.11,6.81,13,30,35.59,0,4,534,10,0,514.0,809.0,353.0,167.8,3.19972115719763,0.0627396305332868,0.1254792610665737,0.0850121993726037,0.1289299407459045,0.2136284419658417
2025-26,166989,Tielemans,MID,Aston Villa,68,5.9,0.7,1857,3,Attacking / ball-playing defender,2,10.778692,9.5577755,0,4,1.14,3.26,4.4,4,27,31.34,0,3,417,0,0,432.0,513.6,184.0,113.1,3.295638126009693,0.0,0.1938610662358643,0.0552504038772213,0.1579967689822294,0.2132471728594507
2025-26,199598,Ampadu,MID,Leeds,134,4.9,0.6,3119,3,Attacking / ball-playing defender,2,11.994066,10.709491,1,4,2.47,2.2,4.67,8,49,48.66,0,11,586,10,0,592.2,384.8,166.0,114.7,3.866623917922411,0.0288554023725553,0.1154216094902212,0.0712728438602116,0.0634818852196216,0.1347547290798333
2025-26,199796,Cash,DEF,Aston Villa,117,4.6,7.4,3016,3,Attacking / ball-playing defender,2,11.969792,10.745602,3,3,1.14,2.94,4.08,8,38,45.45,0,7,450,9,0,643.0,510.7,221.0,137.5,3.491379310344828,0.0895225464190981,0.0895225464190981,0.0340185676392572,0.0877320954907161,0.1217506631299734
2025-26,200834,Mukiele,DEF,Sunderland,151,4.6,8.7,2784,3,Attacking / ball-playing defender,2,12.25315,10.210535,3,5,1.62,2.65,4.27,9,40,44.71,0,11,489,5,0,733.6,353.1,242.0,132.9,4.881465517241379,0.0969827586206896,0.1616379310344827,0.0523706896551724,0.0856681034482758,0.1380387931034482
2025-26,201895,Alderete,DEF,Sunderland,125,4.1,4.9,2797,3,Attacking / ball-playing defender,2,11.707067,11.592666,1,1,1.62,0.91,2.52,10,40,44.52,0,5,400,6,0,749.0,138.1,279.0,117.0,4.022166607079013,0.0321773328566321,0.0321773328566321,0.052127279227744,0.0292813728995352,0.0810868787987129
2025-26,204716,Konaté,DEF,Liverpool,129,5.4,3.8,3090,3,Attacking / ball-playing defender,2,11.682293,11.536691,1,0,1.19,0.98,2.17,10,45,40.66,0,8,532,7,0,779.2,160.5,119.0,106.1,3.757281553398058,0.029126213592233,0.0,0.0346601941747572,0.0285436893203883,0.0632038834951456
2025-26,206915,C.Jones,MID,Liverpool,81,5.4,0.1,1923,3,Attacking / ball-playing defender,2,10.86015,9.694208,1,3,2.21,2.77,4.98,3,37,31.44,0,6,447,2,0,407.4,412.1,227.0,104.6,3.790951638065523,0.046801872074883,0.1404056162246489,0.1034321372854914,0.1296411856474259,0.2330733229329173
2025-26,207189,Berge,MID,Fulham,91,4.9,0.1,2904,3,Attacking / ball-playing defender,2,11.182759,10.851666,0,3,1.54,1.5,3.04,8,45,43.09,0,3,503,5,0,437.8,365.1,105.0,91.0,2.820247933884297,0.0,0.0929752066115702,0.0477272727272727,0.0464876033057851,0.0942148760330578
2025-26,209036,Guéhi,DEF,Man City,179,5.1,32.6,3150,3,Attacking / ball-playing defender,2,12.541004,9.993729,3,5,4.05,2.37,6.42,14,35,44.58,0,14,688,6,0,901.6,304.6,402.0,160.9,5.114285714285715,0.0857142857142857,0.1428571428571428,0.1157142857142857,0.0677142857142857,0.1834285714285714
2025-26,214225,Rodon,DEF,Leeds,109,3.9,3.0,2952,3,Attacking / ball-playing defender,2,11.45155,11.811173,2,0,1.4,0.56,1.96,6,53,48.54,0,5,373,3,0,707.2,137.3,242.0,109.1,3.323170731707317,0.0609756097560975,0.0,0.0426829268292682,0.0170731707317073,0.0597560975609756
2025-26,216051,Dalot,DEF,Man Utd,111,4.5,3.8,2609,3,Attacking / ball-playing defender,2,11.576752,10.238262,1,6,1.93,2.57,4.5,7,40,36.57,0,9,414,5,0,535.8,458.5,202.0,119.6,3.8290532771176697,0.0344959754695285,0.2069758528171713,0.0665772326561901,0.0886546569566883,0.1552318896128784
2025-26,221466,Senesi,DEF,Bournemouth,175,5.2,22.0,3288,3,Attacking / ball-playing defender,2,12.550258,10.36543,0,6,1.53,4.72,6.25,11,53,54.77,0,14,571,8,0,1114.4,367.8,201.0,168.6,4.79014598540146,0.0,0.1642335766423357,0.0418795620437956,0.1291970802919708,0.1710766423357664
2025-26,222694,Struijk,DEF,Leeds,108,4.2,1.9,2935,3,Attacking / ball-playing defender,2,11.565236,11.692042,0,1,3.06,0.76,3.82,7,48,42.92,0,4,412,5,0,697.4,161.5,272.0,113.1,3.31175468483816,0.0,0.0306643952299829,0.0938330494037478,0.023304940374787,0.1171379897785349
2025-26,224967,Mykolenko,DEF,Everton,95,4.9,0.7,2959,3,Attacking / ball-playing defender,2,11.322066,10.982264,0,1,0.28,2.46,2.74,9,47,48.41,0,2,350,6,0,559.2,394.1,71.0,102.3,2.8894896924636706,0.0,0.0304156809733017,0.0085163906725245,0.0748225751943224,0.0833389658668469
2025-26,226182,Bogle,DEF,Leeds,96,4.4,0.4,2795,3,Attacking / ball-playing defender,2,11.238371,10.346629,1,5,2.08,3.11,5.19,6,44,39.93,0,1,311,6,0,436.0,346.1,218.0,100.3,3.0912343470483004,0.0322003577817531,0.1610017889087656,0.0669767441860465,0.1001431127012522,0.1671198568872987
2025-26,226597,Gabriel,DEF,Arsenal,209,7.3,45.4,2750,3,Attacking / ball-playing defender,2,12.388388,9.849326,3,5,2.94,1.75,4.69,18,20,22.01,0,30,724,4,0,824.0,128.5,298.0,125.0,6.84,0.0981818181818181,0.1636363636363636,0.0962181818181818,0.0572727272727272,0.1534909090909091
2025-26,227444,Milenković,DEF,Nott'm Forest,119,5.1,3.3,3375,3,Attacking / ball-playing defender,2,11.490575,11.709372,0,1,0.83,0.68,1.51,9,51,54.98,0,2,401,6,0,680.4,66.9,120.0,86.9,3.1733333333333333,0.0,0.0266666666666666,0.0221333333333333,0.0181333333333333,0.0402666666666666
2025-26,231416,F.Kadıoğlu,DEF,Brighton,118,4.5,1.4,3130,3,Attacking / ball-playing defender,2,11.799843,10.660433,1,2,2.06,3.31,5.37,10,41,44.61,0,7,514,6,0,505.0,444.8,284.0,123.7,3.3929712460063897,0.0287539936102236,0.0575079872204472,0.0592332268370607,0.0951757188498402,0.1544089456869009
2025-26,231480,S.Bueno,DEF,Wolves,92,4.4,0.2,2552,3,Attacking / ball-playing defender,2,11.428857,11.759747,3,2,2.28,1.45,3.73,4,47,43.72,0,4,310,4,0,611.2,131.8,259.0,100.0,3.2445141065830723,0.1057993730407523,0.0705329153605015,0.0804075235109717,0.0511363636363636,0.1315438871473354
2025-26,232892,Bassey,DEF,Fulham,103,4.4,0.8,2532,3,Attacking / ball-playing defender,2,11.120561,11.641859,1,1,1.71,0.35,2.05,7,40,38.01,0,9,392,5,0,574.0,152.2,115.0,84.5,3.661137440758294,0.0355450236966824,0.0355450236966824,0.060781990521327,0.0124407582938388,0.072867298578199
2025-26,233963,Mavropanos,DEF,West Ham,122,4.5,2.6,2532,3,Attacking / ball-playing defender,2,11.565657,11.831982,3,0,2.47,0.7,3.17,6,44,41.03,0,5,386,2,0,777.2,66.6,294.0,113.8,4.3364928909952605,0.1066350710900474,0.0,0.0877962085308056,0.0248815165876777,0.1126777251184834
2025-26,243016,Mac Allister,MID,Liverpool,108,6.1,1.8,2654,3,Attacking / ball-playing defender,2,11.790624,10.29987,2,5,3.89,1.69,5.58,7,41,36.97,0,9,490,7,0,475.4,562.2,365.0,139.9,3.6623963828183874,0.0678221552373775,0.1695553880934438,0.1319140919366993,0.057309721175584,0.1892238131122833
2025-26,244723,Mitchell,DEF,Crystal Palace,135,5.0,2.3,3253,3,Attacking / ball-playing defender,2,11.895453,10.765463,1,3,1.59,2.53,4.12,12,47,49.78,0,8,498,6,0,649.0,467.3,241.0,136.0,3.735013833384568,0.0276667691361819,0.0830003074085459,0.0439901629265293,0.0699969259145404,0.1139870888410697
2025-26,247348,Muñoz,DEF,Crystal Palace,136,5.9,9.2,2400,3,Attacking / ball-playing defender,2,12.365444,9.183899,4,4,2.45,3.94,6.39,10,33,34.28,0,9,469,7,0,595.0,396.6,404.0,139.5,5.1,0.15,0.15,0.091875,0.14775,0.239625
2025-26,427623,Richards,DEF,Crystal Palace,128,4.4,2.2,2825,3,Attacking / ball-playing defender,2,11.528129,11.633733,1,0,2.42,1.56,3.98,11,42,41.19,0,5,453,4,0,727.2,159.6,185.0,107.6,4.07787610619469,0.031858407079646,0.0,0.0770973451327433,0.0496991150442477,0.1267964601769911
2025-26,432422,Tonali,MID,Newcastle,81,5.3,1.0,2534,3,Attacking / ball-playing defender,2,10.984008,10.196627,0,2,1.75,2.87,4.62,7,38,36.19,0,2,477,4,0,398.0,534.1,198.0,113.4,2.876874506708761,0.0,0.0710339384372533,0.0621546961325966,0.1019337016574585,0.1640883977900552
2025-26,432830,Collins,DEF,Brentford,129,4.9,2.4,2971,3,Attacking / ball-playing defender,2,11.913548,11.384807,1,2,2.24,1.71,3.95,9,44,47.52,0,7,450,7,0,848.6,143.8,325.0,131.9,3.907775159878829,0.0302928306967351,0.0605856613934702,0.0678559407606866,0.051800740491417,0.1196566812521036
2025-26,441164,Pedro Porro,DEF,Spurs,117,5.2,11.7,2793,3,Attacking / ball-playing defender,2,12.105617,10.557556,1,3,1.05,4.37,5.42,9,40,37.75,0,8,502,10,0,690.2,881.7,202.0,177.5,3.7701396348012888,0.0322234156820623,0.0966702470461868,0.0338345864661654,0.1408163265306122,0.1746509129967776
2025-26,441266,Gravenberch,MID,Liverpool,144,5.4,3.7,2991,3,Attacking / ball-playing defender,2,12.267334,10.224587,5,5,1.89,2.26,4.15,9,42,38.41,0,17,671,5,0,687.0,497.2,220.0,140.1,4.332998996990972,0.1504513540621865,0.1504513540621865,0.0568706118355065,0.0680040120361083,0.1248746238716148
2025-26,444765,Van den Berg,DEF,Brentford,113,4.4,1.0,2761,3,Attacking / ball-playing defender,2,11.552819,11.797206,0,3,3.36,1.45,4.81,8,41,41.59,0,3,435,2,0,659.0,98.0,305.0,106.3,3.683448026077508,0.0,0.0977906555595798,0.1095255342267294,0.0472654835204635,0.156791017747193
2025-26,445122,J.Timber,DEF,Arsenal,149,6.0,15.2,2452,3,Attacking / ball-playing defender,2,12.178649,9.0755625,3,6,4.71,1.53,6.24,13,20,17.45,0,9,532,5,0,499.0,402.6,352.0,125.7,5.469004893964112,0.1101141924959216,0.2202283849918433,0.172879282218597,0.05615823817292,0.2290375203915171
2025-26,448089,J.Gomes,MID,Wolves,107,5.3,0.3,2829,3,Attacking / ball-playing defender,2,11.245465,11.147418,1,2,1.29,2.09,3.38,4,56,48.6,0,6,529,10,0,486.6,353.4,176.0,102.0,3.404029692470837,0.0318133616118769,0.0636267232237539,0.0410392364793213,0.0664899257688229,0.1075291622481442
2025-26,465351,Matheus N.,DEF,Man City,154,5.3,2.9,2861,3,Attacking / ball-playing defender,2,12.291508,10.078763,1,8,0.34,2.23,2.57,12,28,34.89,0,16,676,5,0,696.0,545.0,131.0,137.6,4.844459979028311,0.0314575323313526,0.2516602586508213,0.0106955609926599,0.0701502970989164,0.0808458580915763
2025-26,465642,Thiaw,DEF,Newcastle,126,4.9,4.7,2963,3,Attacking / ball-playing defender,2,11.739051,11.751234,4,0,4.8,0.96,5.76,5,52,49.21,0,12,436,4,0,868.0,114.3,409.0,138.9,3.827202159973,0.1214984812689841,0.0,0.1457981775227809,0.0291596355045561,0.1749578130273371
2025-26,469142,Van Hecke,DEF,Brighton,148,4.7,10.7,3210,3,Attacking / ball-playing defender,2,12.272077,11.015885,3,3,3.31,1.57,4.87,10,44,46.27,0,8,575,9,0,980.6,240.4,295.0,152.0,4.149532710280374,0.0841121495327102,0.0841121495327102,0.092803738317757,0.044018691588785,0.1365420560747663
2025-26,472769,O'Reilly,DEF,Man City,160,5.3,19.2,2643,3,Attacking / ball-playing defender,2,12.483446,9.275922,5,4,6.12,2.67,8.79,14,25,34.97,0,10,567,5,0,653.8,413.9,573.0,164.1,5.448354143019296,0.170261066969353,0.1362088535754824,0.208399545970488,0.0909194097616345,0.2993189557321225
2025-26,477717,Estève,DEF,Burnley,85,3.8,7.0,2933,3,Attacking / ball-playing defender,2,11.350576,11.811882,0,0,0.73,0.59,1.32,3,70,67.06,0,0,264,1,0,745.4,92.5,97.0,93.7,2.608250937606546,0.0,0.0,0.0224002727582679,0.0181043300375042,0.0405046027957722
2025-26,481655,Zubimendi,MID,Arsenal,133,4.9,2.7,2991,3,Attacking / ball-playing defender,2,11.911176,10.007026,5,1,2.84,2.27,5.11,16,25,26.09,0,9,604,4,0,603.2,385.1,271.0,126.2,4.002006018054162,0.1504513540621865,0.0300902708124373,0.0854563691073219,0.0683049147442327,0.1537612838515547
2025-26,487676,Hume,DEF,Sunderland,110,4.5,0.3,3032,3,Attacking / ball-playing defender,2,11.639695,10.932006,2,1,2.27,2.05,4.32,9,42,47.27,0,6,383,9,0,547.8,421.3,248.0,120.9,3.2651715039577835,0.0593667546174142,0.0296833773087071,0.0673812664907651,0.0608509234828496,0.1282321899736148
2025-26,487838,Hall,DEF,Newcastle,79,5.3,3.3,2176,3,Attacking / ball-playing defender,2,10.889809,10.091043,1,2,1.01,2.78,3.79,4,39,37.72,0,4,347,4,0,550.2,433.6,196.0,118.0,3.2674632352941178,0.041360294117647,0.0827205882352941,0.0417738970588235,0.1149816176470588,0.1567555147058823
2025-26,490721,H.Bueno,DEF,Wolves,83,4.3,0.2,2359,3,Attacking / ball-playing defender,2,10.992065,10.085127,1,3,0.86,3.49,4.35,4,44,40.19,0,4,325,3,0,554.6,673.9,172.0,140.4,3.166596015260704,0.0381517592200084,0.1144552776600254,0.0328105129292072,0.1331496396778296,0.1659601526070368
2025-26,494521,Truffert,DEF,Bournemouth,165,4.8,5.3,3378,3,Attacking / ball-playing defender,2,12.430555,10.282889,1,6,1.35,3.07,4.42,11,51,54.42,0,19,607,5,0,857.0,574.2,194.0,162.6,4.396092362344583,0.0266429840142095,0.1598579040852575,0.0359680284191829,0.0817939609236234,0.1177619893428063
2025-26,501837,Mosquera,DEF,Wolves,61,4.3,0.1,2137,3,Attacking / ball-playing defender,2,10.9474125,10.985841,0,0,2.51,0.62,3.13,4,40,36.42,0,3,209,12,0,426.0,140.4,268.0,83.5,2.56902199344876,0.0,0.0,0.1057089377632194,0.0261113710809546,0.1318203088441741
2025-26,503139,Scott,MID,Bournemouth,136,4.9,2.1,2848,3,Attacking / ball-playing defender,2,12.018971,10.486371,3,2,3.8,2.94,6.74,11,41,47.02,0,9,603,5,0,597.2,482.0,314.0,139.0,4.297752808988764,0.0948033707865168,0.0632022471910112,0.1200842696629213,0.0929073033707865,0.2129915730337079
2025-26,508395,Yarmoliuk,MID,Brentford,104,5.0,0.1,2652,3,Attacking / ball-playing defender,2,11.139113,10.954993,1,3,1.22,1.39,2.61,8,42,40.31,0,1,448,7,0,445.0,273.0,117.0,83.4,3.5294117647058822,0.0339366515837104,0.1018099547511312,0.0414027149321266,0.0471719457013574,0.0885746606334841
2025-26,509291,André,MID,Wolves,96,5.2,0.1,2760,3,Attacking / ball-playing defender,2,11.138276,11.188124,1,0,0.52,0.99,1.51,2,53,47.29,0,4,473,12,0,423.0,320.6,46.0,78.9,3.130434782608696,0.0326086956521739,0.0,0.0169565217391304,0.0322826086956521,0.0492391304347826
2025-26,551226,M.Fernandes,MID,West Ham,135,5.5,0.6,3017,3,Attacking / ball-playing defender,2,12.128294,10.483444,3,4,1.99,2.96,4.95,8,50,48.3,0,7,659,7,0,657.2,622.8,183.0,146.3,4.027179317202519,0.0894928737156115,0.1193238316208153,0.0593636062313556,0.0882996353994033,0.147663241630759
2025-26,551483,A.Jimenez,DEF,Bournemouth,74,4.5,0.1,2315,3,Attacking / ball-playing defender,2,11.06179,10.985316,1,2,1.09,1.73,2.82,6,39,41.11,0,2,297,10,0,406.0,269.3,184.0,85.9,2.876889848812095,0.038876889848812,0.0777537796976241,0.0423758099352051,0.0672570194384449,0.1096328293736501
2025-26,577669,Sadiki,MID,Sunderland,80,4.9,0.1,2891,3,Attacking / ball-playing defender,2,11.155574,10.981514,0,2,1.43,1.46,2.89,9,42,41.39,0,0,410,9,0,347.6,333.3,162.0,84.6,2.4904877205119336,0.0,0.0622621930127983,0.0445174680041508,0.0454514008993427,0.0899688689034936
2025-26,607464,Kayode,DEF,Brentford,113,4.6,1.0,3258,3,Attacking / ball-playing defender,2,11.84383,10.857675,1,2,1.28,2.89,4.17,10,49,52.65,0,9,494,8,0,613.8,470.2,130.0,121.7,3.121546961325967,0.0276243093922651,0.0552486187845303,0.0353591160220994,0.0798342541436464,0.1151933701657458
2025-26,613804,Diouf,DEF,West Ham,104,4.1,2.4,2706,3,Attacking / ball-playing defender,2,11.5378895,10.396852,0,6,0.57,2.51,3.08,9,47,43.65,0,3,381,6,0,583.6,480.2,133.0,119.8,3.4589800443458985,0.0,0.1995565410199556,0.0189578713968957,0.0834811529933481,0.1024390243902439
2025-26,59735,Darlow,GK,Leeds,71,4.0,6.9,1980,4,Goalkeeper,0,3.938459,9.469876,0,0,0.0,0.05,0.05,5,27,28.36,63,3,334,1,0,531.4,0.0,0.0,53.4,3.2272727272727275,0.0,0.0,0.0,0.0022727272727272,0.0022727272727272
2025-26,67089,Dúbravka,GK,Burnley,96,4.0,25.7,3150,4,Goalkeeper,0,3.1286602,9.835655,0,0,0.0,0.04,0.04,4,71,71.26,127,7,436,1,0,976.4,0.0,0.0,97.9,2.742857142857143,0.0,0.0,0.0,0.0011428571428571,0.0011428571428571
2025-26,80201,Leno,GK,Fulham,122,5.0,2.3,3420,4,Goalkeeper,0,3.0682716,9.745857,0,0,0.0,0.02,0.02,9,51,52.73,98,8,556,3,0,816.2,0.0,0.0,81.5,3.210526315789474,0.0,0.0,0.0,0.0005263157894736,0.0005263157894736
2025-26,84182,Areola,GK,West Ham,51,4.2,1.9,1800,4,Goalkeeper,0,4.043544,9.403433,0,1,0.0,0.0,0.0,0,37,35.3,77,2,220,0,0,570.4,10.0,0.0,57.9,2.55,0.0,0.05,0.0,0.0,0.0
2025-26,85633,Sels,GK,Nott'm Forest,105,4.6,5.0,2667,4,Goalkeeper,0,3.4630656,9.593847,0,0,0.0,0.06,0.06,7,39,45.12,95,3,431,2,0,730.0,10.0,0.0,74.0,3.543307086614173,0.0,0.0,0.0,0.0020247469066366,0.0020247469066366
2025-26,98747,Pope,GK,Newcastle,96,5.0,4.5,2416,4,Goalkeeper,0,3.681522,9.525505,0,1,0.16,0.0,0.16,7,38,32.89,89,3,414,2,0,671.0,0.0,35.0,70.7,3.576158940397351,0.0,0.037251655629139,0.0059602649006622,0.0,0.0059602649006622
2025-26,98980,Martinez,GK,Aston Villa,120,5.0,4.4,2835,4,Goalkeeper,0,3.4053626,9.563615,0,1,0.0,0.08,0.08,7,39,42.92,95,11,530,2,0,769.8,23.2,0.0,79.2,3.809523809523809,0.0,0.0317460317460317,0.0,0.0025396825396825,0.0025396825396825
2025-26,111234,Pickford,GK,Everton,135,5.6,13.0,3420,4,Goalkeeper,0,3.0305302,9.7959,0,0,0.0,0.2,0.2,11,50,56.24,100,11,545,4,0,885.2,20.3,2.0,90.8,3.552631578947368,0.0,0.0,0.0,0.0052631578947368,0.0052631578947368
2025-26,116535,A.Becker,GK,Liverpool,91,5.4,5.1,2340,4,Goalkeeper,0,3.7661624,9.527919,0,0,0.0,0.03,0.03,8,31,29.58,57,8,389,1,0,479.8,0.1,0.0,47.8,3.5,0.0,0.0,0.0,0.0011538461538461,0.0011538461538461
2025-26,149065,José Sá,GK,Wolves,68,4.2,1.1,2070,4,Goalkeeper,0,3.9570374,9.450598,0,0,0.0,0.04,0.04,4,37,35.24,65,8,303,2,0,514.2,10.0,0.0,52.8,2.956521739130435,0.0,0.0,0.0,0.0017391304347826,0.0017391304347826
2025-26,154561,Raya,GK,Arsenal,162,6.2,36.4,3330,4,Goalkeeper,0,3.4298224,9.4754,0,0,0.0,0.07,0.07,19,26,27.56,60,11,633,1,0,541.6,33.5,0.0,57.5,4.378378378378379,0.0,0.0,0.0,0.0018918918918918,0.0018918918918918
2025-26,172649,Henderson,GK,Crystal Palace,131,5.1,9.0,3330,4,Goalkeeper,0,2.9404535,9.871934,0,0,0.0,0.11,0.11,11,51,51.4,106,7,538,5,0,837.8,10.0,0.0,84.7,3.540540540540541,0.0,0.0,0.0,0.0029729729729729,0.0029729729729729
2025-26,184254,Vicario,GK,Spurs,90,4.7,4.7,2790,4,Goalkeeper,0,3.4721792,9.627908,0,0,0.0,0.04,0.04,7,50,46.21,83,6,412,1,0,709.2,10.1,0.0,72.2,2.903225806451613,0.0,0.0,0.0,0.0012903225806451,0.0012903225806451
2025-26,200720,Kelleher,GK,Brentford,143,4.8,12.0,3330,4,Goalkeeper,0,3.0384672,9.76599,0,0,0.0,0.22,0.22,10,49,53.48,109,11,570,1,0,913.8,23.0,0.0,93.8,3.864864864864865,0.0,0.0,0.0,0.0059459459459459,0.0059459459459459
2025-26,204936,Donnarumma,GK,Man City,135,5.6,9.3,3060,4,Goalkeeper,0,3.2233658,9.642783,0,0,0.0,0.13,0.13,15,29,38.5,78,5,567,8,0,666.6,10.3,2.0,68.0,3.9705882352941178,0.0,0.0,0.0,0.0038235294117647,0.0038235294117647
2025-26,215059,Sánchez,GK,Chelsea,113,4.8,10.3,3040,4,Goalkeeper,0,3.0275774,9.730061,0,1,0.0,0.04,0.04,9,49,48.64,98,7,509,3,1,822.2,50.0,0.0,86.7,3.345394736842105,0.0,0.0296052631578947,0.0,0.0011842105263157,0.0011842105263157
2025-26,457569,Petrović,GK,Bournemouth,124,4.6,5.2,3420,4,Goalkeeper,0,2.9658105,9.780523,0,0,0.0,0.0,0.0,11,54,56.72,109,5,512,3,0,822.6,0.0,0.0,82.4,3.263157894736842,0.0,0.0,0.0,0.0,0.0
2025-26,465247,Lammens,GK,Man Utd,109,5.1,3.6,2880,4,Goalkeeper,0,3.6773136,9.537308,0,0,0.0,0.0,0.0,8,39,39.25,79,11,413,0,0,635.6,0.0,2.0,63.7,3.40625,0.0,0.0,0.0,0.0,0.0
2025-26,467189,Hermansen,GK,West Ham,76,4.2,1.0,1620,4,Goalkeeper,0,3.9386294,9.464999,0,1,0.0,0.01,0.01,7,28,23.98,55,8,282,0,0,422.0,20.0,0.0,44.2,4.222222222222222,0.0,0.0555555555555555,0.0,0.0005555555555555,0.0005555555555555
2025-26,489639,Verbruggen,GK,Brighton,130,4.6,9.3,3420,4,Goalkeeper,0,2.9699285,9.812458,0,0,0.0,0.06,0.06,10,46,49.06,106,6,616,3,0,935.0,10.0,0.0,94.7,3.421052631578948,0.0,0.0,0.0,0.001578947368421,0.001578947368421
2025-26,498016,Roefs,GK,Sunderland,136,4.8,8.0,3150,4,Goalkeeper,0,2.961119,9.823337,0,0,0.0,0.1,0.1,10,46,50.05,109,12,573,4,0,881.6,50.0,0.0,93.1,3.885714285714286,0.0,0.0,0.0,0.0028571428571428,0.0028571428571428
2025-26,78916,Burn,DEF,Newcastle,93,5.0,3.6,2195,6,Balanced defender,1,8.402117,12.487579,1,3,1.08,0.36,1.44,6,36,30.15,0,5,286,9,1,525.8,107.3,186.0,82.1,3.8132118451025057,0.041002277904328,0.123006833712984,0.0442824601366742,0.014760820045558,0.0590432801822323
2025-26,80801,Gana,MID,Everton,83,5.4,0.1,2094,6,Balanced defender,1,8.894079,12.192926,2,3,1.99,1.84,3.83,5,26,31.26,0,4,419,1,1,382.6,259.2,208.0,85.1,3.5673352435530084,0.0859598853868194,0.1289398280802292,0.0855300859598853,0.0790830945558739,0.1646131805157593
2025-26,95658,Maguire,DEF,Man Utd,90,4.4,1.7,1649,6,Balanced defender,1,8.378036,12.0371275,1,2,1.12,0.5,1.62,7,20,22.95,0,5,315,3,1,381.6,62.5,184.0,63.0,4.912067919951486,0.0545785324439054,0.1091570648878108,0.061127956337174,0.0272892662219527,0.0884172225591267
2025-26,106611,Keane,DEF,Everton,131,4.5,3.1,2588,6,Balanced defender,1,8.948004,12.756669,3,1,2.3,0.49,2.79,7,42,44.52,0,8,404,1,1,770.4,47.4,299.0,111.7,4.55564142194745,0.1043276661514683,0.0347758887171561,0.079984544049459,0.0170401854714064,0.0970247295208655
2025-26,158499,Christie,MID,Bournemouth,47,4.9,0.1,978,6,Balanced defender,1,8.535172,11.965231,2,1,1.81,0.79,2.6,3,14,19.14,0,2,214,3,1,226.6,197.0,220.0,64.7,4.325153374233128,0.1840490797546012,0.0920245398773006,0.1665644171779141,0.0726993865030675,0.2392638036809816
2025-26,167887,Laurent,MID,Burnley,56,4.8,0.0,1752,6,Balanced defender,1,8.158588,12.129221,1,0,0.87,0.48,1.35,2,41,39.2,0,1,232,6,1,298.0,185.1,111.0,58.6,2.8767123287671232,0.0513698630136986,0.0,0.0446917808219178,0.0246575342465753,0.0693493150684931
2025-26,174874,Andersen,DEF,Fulham,123,4.4,2.8,2882,6,Balanced defender,1,9.212366,12.661085,0,1,1.43,1.83,3.26,8,45,44.88,0,8,424,7,1,790.6,131.0,148.0,107.0,3.8410825815405967,0.0,0.0312283136710617,0.0446564885496183,0.057147814018043,0.1018043025676613
2025-26,179268,Cucurella,DEF,Chelsea,104,6.1,14.6,2706,6,Balanced defender,1,9.4342785,12.281844,1,4,2.34,3.23,5.57,9,39,41.45,0,5,468,8,1,562.8,577.8,309.0,145.1,3.4589800443458985,0.0332594235033259,0.1330376940133037,0.0778270509977827,0.1074279379157427,0.1852549889135255
2025-26,180736,Chalobah,DEF,Chelsea,136,5.4,8.8,2780,6,Balanced defender,1,9.013172,12.754119,3,1,1.44,1.03,2.47,9,40,40.83,0,7,516,3,1,719.2,111.2,160.0,99.1,4.402877697841727,0.0971223021582733,0.0323741007194244,0.0466187050359712,0.0333453237410071,0.0799640287769784
2025-26,199798,Konsa,DEF,Aston Villa,100,4.4,7.0,3035,6,Balanced defender,1,9.021892,12.794765,0,1,1.27,0.59,1.86,9,44,48.93,0,3,497,0,1,601.4,108.3,124.0,84.0,2.9654036243822075,0.0,0.029654036243822,0.037660626029654,0.017495881383855,0.055156507413509
2025-26,215136,N.Williams,DEF,Nott'm Forest,128,4.8,4.2,3203,6,Balanced defender,1,9.5320425,12.335347,2,3,2.01,3.97,5.98,9,48,51.36,0,15,531,6,1,804.0,572.3,380.0,175.6,3.59662816109897,0.0561973150171714,0.0842959725257571,0.0564783015922572,0.1115516703090852,0.1680299719013425
2025-26,215439,Souček,MID,West Ham,103,5.7,0.5,2190,6,Balanced defender,1,8.979913,12.608413,5,2,5.73,0.52,6.25,7,43,38.47,0,9,428,3,1,526.6,191.9,483.0,120.4,4.232876712328767,0.2054794520547945,0.0821917808219178,0.2354794520547945,0.0213698630136986,0.2568493150684931
2025-26,221632,Romero,DEF,Spurs,91,5.0,2.9,1869,6,Balanced defender,1,8.534858,12.46646,4,1,1.39,1.25,2.64,5,33,28.32,0,10,305,9,2,574.8,133.6,223.0,93.2,4.382022471910113,0.1926163723916532,0.0481540930979133,0.0669341894060995,0.0601926163723916,0.1271268057784911
2025-26,221820,Martinez,DEF,Man Utd,51,4.8,0.4,1229,6,Balanced defender,1,7.960956,11.818837,0,0,0.15,0.6,0.75,5,15,15.22,0,3,241,0,1,302.8,94.9,19.0,42.0,3.734743694060211,0.0,0.0,0.0109845402766476,0.0439381611065907,0.0549227013832384
2025-26,223827,Ballard,DEF,Sunderland,116,4.6,2.4,2144,6,Balanced defender,1,8.951308,12.662128,2,2,2.46,0.63,3.09,6,35,33.2,0,9,340,4,1,662.8,181.2,370.0,121.5,4.869402985074626,0.083955223880597,0.083955223880597,0.1032649253731343,0.026445895522388,0.1297108208955223
2025-26,224024,L.Paquetá,MID,West Ham,69,5.9,1.0,1513,6,Balanced defender,1,8.857934,12.086186,4,2,2.85,2.0,4.85,3,33,24.22,0,8,291,5,1,374.6,397.2,186.0,95.7,4.104428288169201,0.2379378717779246,0.1189689358889623,0.1695307336417713,0.1189689358889623,0.2884996695307336
2025-26,232653,J.Ramsey,MID,Newcastle,62,5.3,0.3,1441,6,Balanced defender,1,8.642928,12.100713,2,3,1.2,1.45,2.65,1,31,27.24,0,3,303,3,1,304.4,330.3,165.0,79.9,3.8723108952116574,0.124913254684247,0.1873698820263705,0.0749479528105482,0.0905621096460791,0.1655100624566273
2025-26,243526,Gudmundsson,DEF,Leeds,68,3.8,2.5,2637,6,Balanced defender,1,8.671906,12.4026575,0,0,1.1,2.89,3.98,5,45,41.06,0,8,286,4,1,442.6,363.7,158.0,96.4,2.3208191126279862,0.0,0.0,0.0375426621160409,0.0986348122866894,0.1358361774744027
2025-26,431248,Krejčí,DEF,Wolves,68,4.5,0.1,2356,6,Balanced defender,1,8.571021,12.41561,2,2,2.23,1.49,3.72,3,46,40.29,0,1,235,3,1,536.6,147.5,278.0,96.6,2.597623089983022,0.0764006791171477,0.0764006791171477,0.0851867572156196,0.056918505942275,0.1421052631578947
2025-26,434399,Reinildo,DEF,Sunderland,74,3.8,3.0,1966,6,Balanced defender,1,8.216652,12.19198,0,2,0.13,0.62,0.75,6,27,26.72,0,6,281,7,1,376.4,130.2,39.0,54.7,3.3875890132248223,0.0,0.091556459816887,0.0059511698880976,0.0283825025432349,0.0343336724313326
2025-26,437499,Lacroix,DEF,Crystal Palace,154,5.2,7.1,3085,6,Balanced defender,1,9.147855,12.793872,1,2,2.45,0.83,3.28,11,47,44.04,0,11,529,4,1,822.0,106.4,316.0,124.3,4.492706645056726,0.0291734197730956,0.0583468395461912,0.0714748784440842,0.0242139384116693,0.0956888168557536
2025-26,444463,Fofana,DEF,Chelsea,65,4.4,0.4,1718,6,Balanced defender,1,8.277341,12.257636,0,2,0.72,0.6,1.32,4,25,25.81,0,3,288,5,2,463.6,65.6,74.0,60.4,3.4051222351571595,0.0,0.1047729918509895,0.0377182770663562,0.0314318975552968,0.069150174621653
2025-26,462116,Todibo,DEF,West Ham,46,4.3,0.1,1817,6,Balanced defender,1,7.957462,12.006754,0,1,0.25,0.32,0.57,1,37,33.73,0,1,160,5,1,383.4,66.6,26.0,47.7,2.278481012658228,0.0,0.0495321959273527,0.0123830489818381,0.0158503026967528,0.028233351678591
2025-26,482609,Gusto,DEF,Chelsea,96,4.8,1.7,2255,6,Balanced defender,1,9.1031275,12.211058,2,3,1.56,2.97,4.53,7,36,37.13,0,7,406,3,1,443.6,448.5,205.0,109.8,3.8314855875831486,0.0798226164079822,0.1197339246119734,0.0622616407982261,0.1185365853658536,0.1807982261640798
2025-26,486672,Caicedo,MID,Chelsea,110,5.7,7.1,2796,6,Balanced defender,1,9.386391,12.553544,3,1,1.45,2.38,3.83,6,47,42.54,0,10,580,11,1,562.4,403.1,128.0,109.2,3.540772532188841,0.0965665236051502,0.0321888412017167,0.0466738197424892,0.0766094420600858,0.1232832618025751
2025-26,491279,Van de Ven,DEF,Spurs,116,4.4,17.6,3041,6,Balanced defender,1,9.171532,12.70606,4,1,2.82,0.38,3.2,9,50,42.99,0,10,431,9,1,683.4,95.2,218.0,99.6,3.433081223281815,0.1183821111476488,0.0295955277869122,0.0834593883590923,0.0112463005590266,0.094705688918119
2025-26,503714,Ugochukwu,MID,Burnley,97,5.0,0.1,2330,6,Balanced defender,1,8.69838,12.654093,3,3,2.5,0.41,2.91,3,51,52.82,0,5,374,1,1,412.2,181.5,210.0,80.2,3.746781115879828,0.1158798283261802,0.1158798283261802,0.0965665236051502,0.0158369098712446,0.1124034334763948
2025-26,510362,Toti,DEF,Wolves,41,4.2,0.1,1423,6,Balanced defender,1,7.831739,11.831313,0,0,0.53,0.29,0.82,1,33,25.43,0,0,140,1,1,349.0,92.7,73.0,51.7,2.5931131412508783,0.0,0.0,0.0335207308503162,0.0183415319747013,0.0518622628250175
2025-26,512462,O'Brien,DEF,Everton,116,4.9,0.7,3118,6,Balanced defender,1,9.106174,12.697207,1,3,1.67,1.0,2.67,10,46,53.49,0,2,368,6,1,582.8,282.9,206.0,107.5,3.3483001924310454,0.0288646568313021,0.0865939704939063,0.0482039769082745,0.0288646568313021,0.0770686337395766
2025-26,516939,Agbadou,DEF,Wolves,23,4.2,0.1,1100,6,Balanced defender,1,7.758746,11.771909,0,0,0.57,0.4,0.97,0,29,18.26,0,0,86,1,1,312.2,76.0,75.0,46.4,1.8818181818181816,0.0,0.0,0.0466363636363636,0.0327272727272727,0.0793636363636363
2025-26,549329,Lucas Pires,DEF,Burnley,25,3.8,0.3,1405,6,Balanced defender,1,7.7887506,11.767341,0,0,0.6,1.46,2.06,1,30,28.19,0,0,127,1,1,247.0,294.6,117.0,65.6,1.6014234875444842,0.0,0.0,0.0384341637010676,0.0935231316725978,0.1319572953736655
2025-26,54469,Smith,DEF,Bournemouth,58,4.4,0.2,1073,8,Defensive / rotation defender,10,7.9121785,9.164593,0,2,0.0,0.23,0.23,6,16,18.18,0,4,185,3,0,176.2,76.6,18.0,27.1,4.864864864864865,0.0,0.1677539608574091,0.0,0.019291705498602,0.019291705498602
2025-26,101982,Johnstone,GK,Wolves,21,4.4,0.1,1080,8,Defensive / rotation defender,9,6.522678,9.033267,0,0,0.0,0.02,0.02,0,24,18.59,39,0,117,0,0,308.0,0.1,0.0,30.8,1.75,0.0,0.0,0.0,0.0016666666666666,0.0016666666666666
2025-26,111478,Veltman,DEF,Brighton,46,4.3,0.1,1047,8,Defensive / rotation defender,10,7.4652624,8.973809,1,0,1.15,0.2,1.35,2,13,17.27,0,1,176,5,0,247.0,80.5,68.0,39.6,3.954154727793696,0.0859598853868194,0.0,0.0988538681948424,0.0171919770773638,0.1160458452722063
2025-26,119471,Schär,DEF,Newcastle,51,5.2,1.1,1089,8,Defensive / rotation defender,10,7.606488,9.185711,0,0,0.97,0.6,1.57,4,13,13.85,0,0,186,1,0,291.2,63.6,108.0,46.4,4.214876033057851,0.0,0.0,0.0801652892561983,0.0495867768595041,0.1297520661157024
2025-26,135720,Danso,DEF,Spurs,63,4.2,0.2,1489,8,Defensive / rotation defender,10,7.807913,9.52788,0,0,0.62,0.28,0.9,4,25,20.15,0,1,219,8,0,407.0,49.5,96.0,55.5,3.8079247817327055,0.0,0.0,0.0374748153122901,0.0169241101410342,0.0543989254533243
2025-26,149484,Mings,DEF,Aston Villa,50,4.3,0.6,1322,8,Defensive / rotation defender,9,7.397289,8.627979,0,1,1.3,0.42,1.72,3,23,23.37,0,4,169,1,0,282.6,80.5,105.0,46.8,3.40393343419062,0.0,0.0680786686838124,0.0885022692889561,0.0285930408472012,0.1170953101361573
2025-26,158534,Walker-Peters,DEF,West Ham,53,4.2,0.3,1378,8,Defensive / rotation defender,9,7.249014,8.737068,1,0,1.13,0.37,1.5,4,25,27.62,0,0,219,2,0,267.0,124.5,106.0,49.8,3.4615384615384617,0.0653120464441219,0.0,0.0738026124818577,0.0241654571843251,0.0979680696661828
2025-26,180804,Tuanzebe,DEF,Burnley,34,3.9,0.9,1201,8,Defensive / rotation defender,9,6.6895323,8.801459,1,0,0.61,0.12,0.73,1,26,29.7,0,0,102,1,0,276.4,11.1,52.0,34.1,2.547876769358868,0.0749375520399667,0.0,0.0457119067443796,0.008992506244796,0.0547044129891756
2025-26,184667,Lindelöf,DEF,Aston Villa,29,4.5,0.1,942,8,Defensive / rotation defender,9,7.104443,8.813688,0,1,0.28,0.1,0.38,1,15,15.93,0,0,124,0,0,167.8,36.6,22.0,22.7,2.770700636942675,0.0,0.0955414012738853,0.0267515923566879,0.0095541401273885,0.0363057324840764
2025-26,194010,Henry,DEF,Brentford,52,4.3,0.1,1322,8,Defensive / rotation defender,9,7.7628083,8.780074,0,2,0.18,0.54,0.72,4,22,23.91,0,0,144,2,0,151.6,82.0,35.0,26.9,3.540090771558245,0.0,0.1361573373676248,0.0122541603630862,0.0367624810892587,0.0490166414523449
2025-26,201595,Perri,GK,Leeds,43,4.4,0.3,1440,8,Defensive / rotation defender,9,6.422554,9.031943,0,0,0.0,0.0,0.0,3,29,26.68,38,3,153,2,0,322.4,0.0,0.0,32.2,2.6875,0.0,0.0,0.0,0.0,0.0
2025-26,214048,Kilman,DEF,West Ham,36,4.0,0.1,1559,8,Defensive / rotation defender,9,6.6837955,8.976777,0,0,0.56,0.25,0.81,1,37,33.28,0,0,80,4,0,392.4,55.8,60.0,50.9,2.078255291853752,0.0,0.0,0.0323284156510583,0.014432328415651,0.0467607440667094
2025-26,220362,Disasi,DEF,West Ham,49,4.5,0.2,1254,8,Defensive / rotation defender,9,7.345645,9.057945,0,0,1.1,0.03,1.13,6,17,18.54,0,1,186,1,0,220.8,19.9,84.0,32.4,3.5167464114832536,0.0,0.0,0.0789473684210526,0.0021531100478468,0.0811004784688995
2025-26,225321,Ramsdale,GK,Newcastle,25,4.8,0.7,1003,8,Defensive / rotation defender,9,6.5817065,9.13753,0,0,0.0,0.0,0.0,1,17,18.83,25,1,107,2,0,212.8,10.0,0.0,22.3,2.243270189431705,0.0,0.0,0.0,0.0,0.0
2025-26,230001,Mazraoui,DEF,Man Utd,53,4.9,0.3,977,8,Defensive / rotation defender,10,7.724989,9.472394,0,0,0.19,0.35,0.53,5,10,12.99,0,6,233,3,0,209.0,122.4,37.0,36.8,4.882292732855681,0.0,0.0,0.0175025588536335,0.0322415557830092,0.0488229273285568
2025-26,242882,Diakité,DEF,Bournemouth,46,4.1,0.3,1275,8,Defensive / rotation defender,9,6.81894,8.782864,0,0,0.02,0.19,0.21,4,27,22.47,0,2,164,1,0,267.0,54.3,22.0,34.4,3.247058823529412,0.0,0.0,0.0014117647058823,0.0134117647058823,0.0148235294117647
2025-26,244954,Pau,DEF,Aston Villa,64,4.3,0.3,1673,8,Defensive / rotation defender,9,7.6490397,8.874709,0,2,1.33,0.39,1.72,5,19,22.81,0,2,280,1,0,321.8,47.1,79.0,45.1,3.4429169157202626,0.0,0.1075911536162582,0.0715481171548117,0.0209802749551703,0.092528392109982
2025-26,246301,J.Cuenca,DEF,Fulham,39,4.3,0.1,935,8,Defensive / rotation defender,10,7.4493055,9.343128,0,0,0.05,0.53,0.58,2,11,14.7,0,1,155,6,0,249.6,47.2,14.0,31.2,3.7540106951871657,0.0,0.0,0.0048128342245989,0.0510160427807486,0.0558288770053475
2025-26,247955,Geertruida,DEF,Sunderland,55,4.5,0.1,1681,8,Defensive / rotation defender,9,6.9460273,8.718884,0,0,0.79,0.85,1.64,3,23,30.92,0,0,231,2,0,274.6,135.7,102.0,51.2,2.944675788221297,0.0,0.0,0.0422962522308149,0.0455086258179655,0.0878048780487804
2025-26,441191,Livramento,DEF,Newcastle,59,4.9,1.8,1326,8,Defensive / rotation defender,10,7.8601184,9.33572,0,1,0.13,0.89,1.02,6,14,18.62,0,3,252,1,0,219.4,199.7,42.0,46.1,4.004524886877828,0.0,0.0678733031674208,0.0088235294117647,0.0604072398190045,0.0692307692307692
2025-26,478969,Ekdal,DEF,Burnley,52,3.8,0.7,1539,8,Defensive / rotation defender,9,6.6305313,8.767768,0,0,0.25,0.32,0.57,2,34,31.03,0,2,159,0,0,372.0,55.8,88.0,51.7,3.04093567251462,0.0,0.0,0.0146198830409356,0.0187134502923976,0.0333333333333333
2025-26,485047,Morato,DEF,Nott'm Forest,53,4.3,0.1,1340,8,Defensive / rotation defender,10,7.4640803,8.866007,1,0,1.32,0.15,1.47,2,23,24.34,0,1,190,5,0,371.2,37.6,96.0,50.5,3.559701492537313,0.0671641791044776,0.0,0.0886567164179104,0.0100746268656716,0.098731343283582
2025-26,487053,Udogie,DEF,Spurs,29,4.3,0.3,1335,8,Defensive / rotation defender,9,6.7664576,8.996295,0,1,0.18,0.72,0.9,1,25,19.15,0,1,121,4,0,207.2,187.0,103.0,49.8,1.955056179775281,0.0,0.0674157303370786,0.0121348314606741,0.0485393258426966,0.0606741573033707
2025-26,490142,Potts,MID,West Ham,37,4.3,0.5,1162,8,Defensive / rotation defender,9,7.156657,8.40203,0,1,0.21,1.06,1.27,1,25,21.35,0,0,215,1,0,191.2,141.3,37.0,37.1,2.865748709122203,0.0,0.0774526678141136,0.0162650602409638,0.0820998278829604,0.0983648881239242
2025-26,492777,Bradley,DEF,Liverpool,42,4.9,0.1,928,8,Defensive / rotation defender,10,8.122096,8.934722,0,2,0.18,0.84,1.02,4,13,10.77,0,2,157,5,0,157.4,105.2,62.0,32.3,4.073275862068965,0.0,0.1939655172413793,0.0174568965517241,0.0814655172413793,0.0989224137931034
2025-26,497949,Møller Wolfe,DEF,Wolves,35,4.2,0.1,1042,8,Defensive / rotation defender,9,7.372322,8.443144,0,2,0.13,1.09,1.22,1,23,20.33,0,0,78,1,0,159.8,126.5,46.0,33.3,3.023032629558541,0.0,0.1727447216890595,0.0112284069097888,0.0941458733205374,0.1053742802303263
2025-26,500040,Mosquera,DEF,Arsenal,40,5.3,0.3,986,8,Defensive / rotation defender,10,7.538897,9.337322,0,0,0.1,0.63,0.73,3,8,9.04,0,1,195,4,0,219.2,88.7,20.0,32.9,3.6511156186612577,0.0,0.0,0.0091277890466531,0.0575050709939148,0.0666328600405679
2025-26,515597,Bogarde,DEF,Aston Villa,40,4.0,0.5,1042,8,Defensive / rotation defender,10,7.27034,9.21532,0,0,0.0,0.2,0.2,2,17,15.38,0,4,121,5,0,133.0,59.4,14.0,20.6,3.454894433781189,0.0,0.0,0.0,0.0172744721689059,0.0172744721689059
2025-26,535301,Baleba,MID,Brighton,56,4.5,1.5,1646,8,Defensive / rotation defender,10,7.59175,9.359663,0,0,0.78,0.72,1.5,7,19,20.4,0,0,231,5,0,166.8,156.3,44.0,36.8,3.0619684082624543,0.0,0.0,0.0426488456865127,0.0393681652490887,0.0820170109356014
2025-26,550864,Yoro,DEF,Man Utd,56,4.1,1.2,1730,8,Defensive / rotation defender,9,6.8561134,8.617284,0,1,1.34,0.59,1.93,2,33,26.83,0,1,191,1,0,327.0,83.1,124.0,53.2,2.913294797687861,0.0,0.0520231213872832,0.0697109826589595,0.0306936416184971,0.1004046242774566
2025-26,551210,Hato,DEF,Chelsea,19,4.6,0.2,1139,8,Defensive / rotation defender,9,6.9097543,9.094353,0,0,0.3,0.61,0.91,0,27,18.5,0,0,93,7,0,233.2,114.9,36.0,38.4,1.5013169446883232,0.0,0.0,0.0237050043898156,0.0482001755926251,0.0719051799824407
2025-26,564940,S.Magassa,MID,West Ham,42,5.0,0.0,971,8,Defensive / rotation defender,10,7.4503155,8.962382,1,0,0.44,0.32,0.76,2,23,19.03,0,2,185,4,0,182.0,83.4,44.0,31.0,3.892893923789907,0.0926879505664263,0.0,0.0407826982492276,0.0296601441812564,0.070442842430484
2025-26,578153,Khusanov,DEF,Man City,67,5.4,0.7,1427,8,Defensive / rotation defender,10,7.983581,9.5456915,0,0,0.65,1.21,1.86,6,13,20.89,0,3,293,2,0,299.0,112.2,26.0,43.9,4.225648213034338,0.0,0.0,0.0409950946040644,0.0763139453398738,0.1173090399439383
2025-26,606745,Heaven,DEF,Man Utd,42,3.7,2.6,920,8,Defensive / rotation defender,10,7.528313,9.046209,0,1,0.34,0.18,0.52,2,15,11.95,0,3,164,2,0,233.6,32.0,26.0,29.1,4.108695652173913,0.0,0.0978260869565217,0.0332608695652173,0.0176086956521739,0.0508695652173913
2025-26,651426,Canvot,DEF,Crystal Palace,72,4.5,0.5,1331,8,Defensive / rotation defender,10,7.969728,9.780146,0,0,1.48,0.33,1.81,5,23,23.84,0,9,216,3,0,362.4,63.8,56.0,48.1,4.868519909842224,0.0,0.0,0.1000751314800901,0.0223140495867768,0.122389181066867
