assists,bonus,bps,clean_sheets,creativity,element_code,end_cost,expected_assists,expected_goal_involvements,expected_goals,expected_goals_conceded,goals_conceded,goals_scored,ict_index,influence,minutes,own_goals,penalties_missed,penalties_saved,red_cards,saves,season_name,start_cost,starts,threat,total_points,yellow_cards
0,2,204,4,52.8,146941,51,0.00000,0.00000,0.00000,0.00000,5,0,25.4,165.8,806,0,0,0,0,0,2017/18,55,0,34.0,35,1
3,16,768,18,239.3,146941,63,0.00000,0.00000,0.00000,0.00000,21,3,131.2,790.0,3056,0,0,0,0,0,2018/19,55,0,278.0,177,3
0,0,298,8,62.2,146941,63,0.00000,0.00000,0.00000,0.00000,5,1,38.7,246.8,1096,0,0,0,0,0,2019/20,65,0,79.0,63,1
0,4,286,7,78.0,146941,60,0.00000,0.00000,0.00000,0.00000,10,0,39.6,233.4,1343,0,0,0,0,0,2020/21,60,0,85.0,58,1
2,8,714,18,201.0,146941,60,0.00000,0.00000,0.00000,0.00000,24,4,120.7,660.0,2830,0,0,0,1,0,2021/22,55,0,348.0,160,5
