assists,bonus,bps,clean_sheets,creativity,element_code,end_cost,expected_assists,expected_goal_involvements,expected_goals,expected_goals_conceded,goals_conceded,goals_scored,ict_index,influence,minutes,own_goals,penalties_missed,penalties_saved,red_cards,saves,season_name,start_cost,starts,threat,total_points,yellow_cards
0,0,11,0,1.7,209046,45,0.00000,0.00000,0.00000,0.00000,1,0,3.8,8.8,27,0,0,0,0,0,2017/18,45,0,27.0,2,0
1,1,83,2,143.2,209046,42,0.00000,0.00000,0.00000,0.00000,5,0,36.2,89.2,388,0,0,0,0,0,2018/19,45,0,133.0,18,0
5,3,197,2,341.4,209046,51,0.00000,0.00000,0.00000,0.00000,14,1,89.9,235.2,849,0,0,0,0,0,2019/20,60,0,325.0,53,1
3,2,239,6,471.5,209046,57,0.00000,0.00000,0.00000,0.00000,5,2,109.9,291.8,1050,0,0,0,0,0,2020/21,60,0,336.0,59,0
4,1,163,6,326.9,209046,53,0.00000,0.00000,0.00000,0.00000,8,1,82.7,175.4,958,0,0,0,0,0,2021/22,55,0,326.0,49,1
