assists,bonus,bps,clean_sheets,creativity,element_code,end_cost,expected_assists,expected_goal_involvements,expected_goals,expected_goals_conceded,goals_conceded,goals_scored,ict_index,influence,minutes,own_goals,penalties_missed,penalties_saved,red_cards,saves,season_name,start_cost,starts,threat,total_points,yellow_cards
1,1,286,9,234.4,83314,53,0.00000,0.00000,0.00000,0.00000,47,2,77.4,284.6,2691,0,0,0,1,0,2016/17,55,0,259.0,76,6
2,1,307,9,408.2,83314,54,0.00000,0.00000,0.00000,0.00000,28,2,100.9,265.6,2326,0,0,0,0,0,2017/18,55,0,335.0,85,1
2,3,243,4,205.3,83314,52,0.00000,0.00000,0.00000,0.00000,44,2,70.6,233.8,2058,0,0,0,0,0,2018/19,55,0,269.0,73,4
2,4,197,10,213.7,83314,54,0.00000,0.00000,0.00000,0.00000,30,2,76.5,269.8,1930,0,0,0,0,0,2019/20,55,0,282.0,67,8
1,3,177,3,99.0,83314,45,0.00000,0.00000,0.00000,0.00000,24,2,40.3,211.4,1418,0,0,0,1,0,2020/21,50,0,95.0,52,1
0,0,25,0,12.1,83314,48,0.00000,0.00000,0.00000,0.00000,3,1,6.0,38.8,69,0,0,0,0,0,2021/22,50,0,9.0,8,0
