assists,bonus,bps,clean_sheets,creativity,element_code,end_cost,expected_assists,expected_goal_involvements,expected_goals,expected_goals_conceded,goals_conceded,goals_scored,ict_index,influence,minutes,own_goals,penalties_missed,penalties_saved,red_cards,saves,season_name,start_cost,starts,threat,total_points,yellow_cards
1,0,36,0,83.2,95715,77,0.00000,0.00000,0.00000,0.00000,6,0,17.5,49.0,206,0,0,0,0,0,2017/18,80,0,41.0,11,0
2,8,340,14,415.6,95715,69,0.00000,0.00000,0.00000,0.00000,18,10,161.9,556.4,2115,0,0,0,0,0,2018/19,70,0,650.0,131,3
5,3,330,6,477.1,95715,70,0.00000,0.00000,0.00000,0.00000,29,4,172.1,494.6,2235,0,0,0,0,0,2019/20,75,0,751.0,100,3
5,5,238,4,258.4,95715,64,0.00000,0.00000,0.00000,0.00000,18,3,87.7,322.4,1397,0,0,0,0,0,2020/21,70,0,298.0,80,1
6,4,324,8,490.0,95715,59,0.00000,0.00000,0.00000,0.00000,21,2,131.1,390.8,1763,0,0,0,0,0,2021/22,65,0,431.0,87,4
