assists,bonus,bps,clean_sheets,creativity,element_code,end_cost,expected_assists,expected_goal_involvements,expected_goals,expected_goals_conceded,goals_conceded,goals_scored,ict_index,influence,minutes,own_goals,penalties_missed,penalties_saved,red_cards,saves,season_name,start_cost,starts,threat,total_points,yellow_cards
3,14,441,4,0.0,86934,49,0.00000,0.00000,0.00000,0.00000,30,6,0.0,0.0,1910,0,0,0,0,0,2015/16,55,0,0.0,100,3
3,20,635,9,863.3,86934,59,0.00000,0.00000,0.00000,0.00000,53,8,213.5,639.0,2708,0,0,0,0,0,2016/17,65,0,629.0,133,9
7,11,470,6,624.9,86934,66,0.00000,0.00000,0.00000,0.00000,44,5,168.8,559.4,2039,0,1,0,0,0,2017/18,70,0,502.0,106,4
2,3,148,2,118.2,86934,64,0.00000,0.00000,0.00000,0.00000,12,1,42.4,141.0,685,0,0,0,0,0,2018/19,65,0,165.0,31,2
3,3,234,2,464.8,86934,61,0.00000,0.00000,0.00000,0.00000,30,0,96.5,219.0,1370,0,0,0,0,0,2019/20,65,0,281.0,50,1
1,0,117,1,153.0,86934,64,0.00000,0.00000,0.00000,0.00000,5,1,37.5,121.4,556,0,0,0,0,0,2020/21,65,0,102.0,28,1
3,8,440,4,373.5,86934,56,0.00000,0.00000,0.00000,0.00000,29,5,100.3,425.4,1777,0,0,0,0,0,2021/22,60,0,201.0,92,2
