assists,bonus,bps,clean_sheets,creativity,element_code,end_cost,expected_assists,expected_goal_involvements,expected_goals,expected_goals_conceded,goals_conceded,goals_scored,ict_index,influence,minutes,own_goals,penalties_missed,penalties_saved,red_cards,saves,season_name,start_cost,starts,threat,total_points,yellow_cards
0,0,16,1,0.0,173807,45,0.00000,0.00000,0.00000,0.00000,0,0,0.0,0.0,98,0,0,0,0,0,2015/16,45,0,0.0,4,0
3,0,248,8,246.1,173807,44,0.00000,0.00000,0.00000,0.00000,17,2,70.9,259.0,1544,0,0,0,0,0,2016/17,45,0,208.0,63,4
2,3,223,6,207.2,173807,51,0.00000,0.00000,0.00000,0.00000,24,2,65.8,242.8,1892,0,0,0,0,0,2017/18,55,0,218.0,66,7
0,0,127,2,96.2,173807,50,0.00000,0.00000,0.00000,0.00000,19,0,32.1,122.6,975,0,0,0,0,0,2018/19,55,0,103.0,26,3
1,3,233,5,122.6,173807,53,0.00000,0.00000,0.00000,0.00000,34,1,65.5,270.4,2020,0,0,0,0,0,2019/20,55,0,262.0,59,8
1,1,209,5,112.0,173807,52,0.00000,0.00000,0.00000,0.00000,23,0,34.7,205.6,1417,0,0,0,0,0,2020/21,55,0,30.0,47,3
0,0,44,0,8.6,173807,48,0.00000,0.00000,0.00000,0.00000,9,1,16.1,61.6,230,0,0,0,0,0,2021/22,50,0,90.0,12,1
