assists,bonus,bps,clean_sheets,creativity,element_code,end_cost,expected_assists,expected_goal_involvements,expected_goals,expected_goals_conceded,goals_conceded,goals_scored,ict_index,influence,minutes,own_goals,penalties_missed,penalties_saved,red_cards,saves,season_name,start_cost,starts,threat,total_points,yellow_cards
0,0,111,1,53.4,17761,40,0.00000,0.00000,0.00000,0.00000,11,0,27.5,146.2,568,0,0,0,0,0,2016/17,40,0,81.0,23,1
1,4,539,11,98.4,17761,46,0.00000,0.00000,0.00000,0.00000,30,0,117.8,822.0,2790,0,0,0,0,0,2017/18,45,0,253.0,101,5
2,7,524,7,69.8,17761,47,0.00000,0.00000,0.00000,0.00000,63,3,154.5,1023.2,3086,0,0,0,0,0,2018/19,50,0,450.0,97,8
3,14,690,15,167.1,17761,55,0.00000,0.00000,0.00000,0.00000,50,2,149.9,919.8,3420,0,0,0,0,0,2019/20,50,0,410.0,143,10
0,9,534,11,148.0,17761,53,0.00000,0.00000,0.00000,0.00000,50,1,127.7,773.4,3240,0,0,0,0,0,2020/21,55,0,350.0,109,6
2,5,486,7,118.1,17761,49,0.00000,0.00000,0.00000,0.00000,51,1,132.8,892.6,3106,1,0,0,0,0,2021/22,50,0,315.0,83,11
