assists,bonus,bps,clean_sheets,creativity,element_code,end_cost,expected_assists,expected_goal_involvements,expected_goals,expected_goals_conceded,goals_conceded,goals_scored,ict_index,influence,minutes,own_goals,penalties_missed,penalties_saved,red_cards,saves,season_name,start_cost,starts,threat,total_points,yellow_cards
2,12,695,7,0.0,56917,43,0.00000,0.00000,0.00000,0.00000,63,4,0.0,0.0,3195,0,0,0,0,0,2015/16,45,0,0.0,114,5
0,17,777,10,66.2,56917,48,0.00000,0.00000,0.00000,0.00000,67,2,158.2,1123.0,3420,1,0,0,0,0,2016/17,50,0,391.0,112,5
1,9,495,5,65.6,56917,46,0.00000,0.00000,0.00000,0.00000,53,2,120.6,870.0,2764,1,0,0,0,0,2017/18,50,0,271.0,83,5
1,6,549,9,143.3,56917,43,0.00000,0.00000,0.00000,0.00000,56,1,116.5,731.0,2786,1,0,0,0,0,2018/19,45,0,292.0,85,3
0,5,362,3,51.5,56917,50,0.00000,0.00000,0.00000,0.00000,48,1,77.2,557.2,2427,0,0,0,1,0,2019/20,50,0,159.0,52,6
