assists,bonus,bps,clean_sheets,creativity,element_code,end_cost,expected_assists,expected_goal_involvements,expected_goals,expected_goals_conceded,goals_conceded,goals_scored,ict_index,influence,minutes,own_goals,penalties_missed,penalties_saved,red_cards,saves,season_name,start_cost,starts,threat,total_points,yellow_cards
3,7,483,8,365.9,171317,49,0.00000,0.00000,0.00000,0.00000,43,4,146.8,698.2,3006,0,0,0,0,0,2018/19,50,0,402.0,104,8
2,7,498,13,445.4,171317,52,0.00000,0.00000,0.00000,0.00000,35,2,129.1,538.6,3053,0,0,0,0,0,2019/20,55,0,307.0,97,9
1,10,502,8,455.0,171317,51,0.00000,0.00000,0.00000,0.00000,42,5,159.9,697.2,2670,0,0,0,0,0,2020/21,55,0,445.0,104,8
2,7,509,9,436.7,171317,52,0.00000,0.00000,0.00000,0.00000,34,4,130.4,629.6,2659,0,0,0,0,0,2021/22,55,0,237.0,95,9
