assists,bonus,bps,clean_sheets,creativity,element_code,end_cost,expected_assists,expected_goal_involvements,expected_goals,expected_goals_conceded,goals_conceded,goals_scored,ict_index,influence,minutes,own_goals,penalties_missed,penalties_saved,red_cards,saves,season_name,start_cost,starts,threat,total_points,yellow_cards
0,1,116,2,0.0,109528,44,0.00000,0.00000,0.00000,0.00000,11,0,0.0,0.0,759,0,0,0,0,0,2014/15,50,0,0.0,22,3
0,0,0,0,0.0,109528,45,0.00000,0.00000,0.00000,0.00000,0,0,0.0,0.0,0,0,0,0,0,0,2015/16,45,0,0.0,0,0
0,0,210,2,98.7,109528,43,0.00000,0.00000,0.00000,0.00000,28,1,40.8,242.2,1430,0,0,0,0,0,2016/17,45,0,66.0,38,2
1,1,247,4,164.8,109528,42,0.00000,0.00000,0.00000,0.00000,31,0,45.9,266.0,1757,0,0,0,0,0,2017/18,45,0,26.0,49,2
3,5,231,4,127.3,109528,43,0.00000,0.00000,0.00000,0.00000,16,0,38.8,231.0,1098,0,0,0,0,0,2018/19,45,0,28.0,53,2
1,4,288,8,100.8,109528,43,0.00000,0.00000,0.00000,0.00000,21,0,37.3,232.0,1597,0,0,0,0,0,2019/20,45,0,40.0,65,5
0,0,136,3,93.5,109528,42,0.00000,0.00000,0.00000,0.00000,15,0,22.2,109.8,822,0,0,0,0,0,2020/21,45,0,18.0,28,1
3,0,206,1,65.4,109528,39,0.00000,0.00000,0.00000,0.00000,27,1,37.7,244.2,1258,0,0,0,0,0,2021/22,40,0,64.0,38,5
