assists,bonus,bps,clean_sheets,creativity,element_code,end_cost,expected_assists,expected_goal_involvements,expected_goals,expected_goals_conceded,goals_conceded,goals_scored,ict_index,influence,minutes,own_goals,penalties_missed,penalties_saved,red_cards,saves,season_name,start_cost,starts,threat,total_points,yellow_cards
0,1,0,2,0.0,58376,40,0.00000,0.00000,0.00000,0.00000,23,0,0.0,0.0,1170,0,0,0,0,74,2012/13,40,0,0.0,48,0
0,0,31,0,0.0,58376,40,0.00000,0.00000,0.00000,0.00000,8,0,0.0,0.0,237,0,0,0,0,11,2014/15,40,0,0.0,4,0
0,0,121,0,0.0,58376,38,0.00000,0.00000,0.00000,0.00000,9,0,0.0,0.0,630,0,0,0,0,32,2015/16,40,0,0.0,20,0
0,0,0,0,0.0,58376,43,0.00000,0.00000,0.00000,0.00000,0,0,0.0,0.0,0,0,0,0,0,0,2016/17,45,0,0.0,0,0
0,3,278,4,0.0,58376,44,0.00000,0.00000,0.00000,0.00000,26,0,28.1,280.8,1620,0,0,0,0,42,2017/18,45,0,0.0,52,2
0,6,414,4,0.0,58376,43,0.00000,0.00000,0.00000,0.00000,44,0,58.6,585.2,2250,0,0,0,0,78,2018/19,45,0,0.0,73,1
0,8,491,7,10.0,58376,45,0.00000,0.00000,0.00000,0.00000,35,0,66.0,652.0,2520,0,0,1,0,79,2019/20,45,0,0.0,104,0
0,8,527,7,0.0,58376,44,0.00000,0.00000,0.00000,0.00000,57,0,74.0,741.2,2700,0,0,0,0,93,2020/21,45,0,0.0,94,2
0,3,286,5,10.0,58376,43,0.00000,0.00000,0.00000,0.00000,27,0,34.5,334.4,1530,0,0,0,0,44,2021/22,45,0,0.0,55,1
