assists,bonus,bps,clean_sheets,creativity,element_code,end_cost,expected_assists,expected_goal_involvements,expected_goals,expected_goals_conceded,goals_conceded,goals_scored,ict_index,influence,minutes,own_goals,penalties_missed,penalties_saved,red_cards,saves,season_name,start_cost,starts,threat,total_points,yellow_cards
4,3,269,5,392.4,91047,51,0.00000,0.00000,0.00000,0.00000,26,3,107.5,305.6,1421,0,0,0,0,0,2018/19,55,0,379.0,75,2
4,10,301,7,274.9,91047,52,0.00000,0.00000,0.00000,0.00000,25,5,112.4,418.2,1706,0,0,0,0,0,2019/20,55,0,431.0,98,4
7,4,455,8,496.7,91047,55,0.00000,0.00000,0.00000,0.00000,56,4,149.4,541.2,2764,0,0,0,0,0,2020/21,55,0,457.0,115,3
1,3,239,3,384.0,91047,58,0.00000,0.00000,0.00000,0.00000,30,2,102.7,266.2,1465,0,0,0,0,0,2021/22,60,0,377.0,57,1
