assists,bonus,bps,clean_sheets,creativity,element_code,end_cost,expected_assists,expected_goal_involvements,expected_goals,expected_goals_conceded,goals_conceded,goals_scored,ict_index,influence,minutes,own_goals,penalties_missed,penalties_saved,red_cards,saves,season_name,start_cost,starts,threat,total_points,yellow_cards
0,0,0,0,0.0,56983,45,0.00000,0.00000,0.00000,0.00000,0,0,0.0,0.0,81,0,0,0,0,0,2009/10,45,0,0.0,4,0
8,5,486,6,0.0,56983,51,0.00000,0.00000,0.00000,0.00000,58,4,0.0,0.0,2975,0,0,0,0,0,2015/16,60,0,0.0,119,5
7,10,489,9,844.4,56983,54,0.00000,0.00000,0.00000,0.00000,35,3,192.6,561.2,2802,0,0,0,0,0,2017/18,60,0,520.0,116,6
8,7,504,10,973.8,56983,58,0.00000,0.00000,0.00000,0.00000,40,2,213.6,712.4,2927,0,1,0,0,0,2018/19,60,0,448.0,110,9
1,7,293,8,482.7,56983,53,0.00000,0.00000,0.00000,0.00000,19,2,98.6,285.4,1312,0,1,0,0,0,2019/20,55,0,218.0,74,4
5,5,226,3,411.9,56983,49,0.00000,0.00000,0.00000,0.00000,22,0,73.8,225.8,1347,1,0,0,0,0,2020/21,50,0,101.0,52,2
2,0,207,0,420.4,56983,49,0.00000,0.00000,0.00000,0.00000,37,0,74.0,226.0,1333,0,0,0,0,0,2021/22,50,0,92.0,20,5
