assists,bonus,bps,clean_sheets,creativity,element_code,end_cost,expected_assists,expected_goal_involvements,expected_goals,expected_goals_conceded,goals_conceded,goals_scored,ict_index,influence,minutes,own_goals,penalties_missed,penalties_saved,red_cards,saves,season_name,start_cost,starts,threat,total_points,yellow_cards
3,11,311,9,0.0,57134,59,0.00000,0.00000,0.00000,0.00000,32,9,0.0,0.0,2558,0,0,0,1,0,2015/16,70,0,0.0,115,1
3,10,287,6,430.3,57134,63,0.00000,0.00000,0.00000,0.00000,44,8,227.8,435.4,2892,0,0,0,0,0,2016/17,65,0,1430.0,118,2
3,5,271,6,387.2,57134,60,0.00000,0.00000,0.00000,0.00000,48,7,169.6,431.2,2765,0,0,0,0,0,2017/18,65,0,891.0,103,4
8,20,466,9,468.0,57134,59,0.00000,0.00000,0.00000,0.00000,31,11,236.0,645.6,2601,0,0,0,0,0,2018/19,60,0,1249.0,148,1
1,2,73,2,108.9,57134,60,0.00000,0.00000,0.00000,0.00000,16,1,53.8,94.2,779,0,0,0,1,0,2021/22,60,0,339.0,30,2
