assists,bonus,bps,clean_sheets,creativity,element_code,end_cost,expected_assists,expected_goal_involvements,expected_goals,expected_goals_conceded,goals_conceded,goals_scored,ict_index,influence,minutes,own_goals,penalties_missed,penalties_saved,red_cards,saves,season_name,start_cost,starts,threat,total_points,yellow_cards
0,0,170,3,213.0,227127,46,0.00000,0.00000,0.00000,0.00000,32,0,66.8,253.4,1764,0,0,0,0,0,2018/19,50,0,201.0,43,5
0,0,207,4,110.6,227127,50,0.00000,0.00000,0.00000,0.00000,18,1,45.1,238.8,1253,0,0,0,0,0,2019/20,50,0,101.0,39,4
0,2,487,11,295.5,227127,44,0.00000,0.00000,0.00000,0.00000,42,1,101.1,523.6,3112,0,0,0,1,0,2020/21,45,0,196.0,77,8
2,9,351,7,169.3,227127,44,0.00000,0.00000,0.00000,0.00000,28,1,72.4,429.2,2110,0,0,0,0,0,2021/22,45,0,126.0,66,10
