assists,bonus,bps,clean_sheets,creativity,element_code,end_cost,expected_assists,expected_goal_involvements,expected_goals,expected_goals_conceded,goals_conceded,goals_scored,ict_index,influence,minutes,own_goals,penalties_missed,penalties_saved,red_cards,saves,season_name,start_cost,starts,threat,total_points,yellow_cards
0,0,0,0,0.0,94147,40,0.00000,0.00000,0.00000,0.00000,0,0,0.0,0.0,0,0,0,0,0,0,2010/11,40,0,0.0,0,0
0,0,0,0,0.0,94147,40,0.00000,0.00000,0.00000,0.00000,0,0,0.0,0.0,3,0,0,0,0,0,2012/13,40,0,0.0,1,0
0,0,0,0,0.0,94147,39,0.00000,0.00000,0.00000,0.00000,0,0,0.0,0.0,0,0,0,0,0,0,2013/14,40,0,0.0,0,0
0,0,0,0,0.0,94147,40,0.00000,0.00000,0.00000,0.00000,0,0,0.0,0.0,0,0,0,0,0,0,2014/15,40,0,0.0,0,0
0,6,585,9,26.2,94147,45,0.00000,0.00000,0.00000,0.00000,46,0,61.8,593.2,3420,3,0,0,0,0,2018/19,45,0,0.0,94,5
0,7,648,13,68.8,94147,51,0.00000,0.00000,0.00000,0.00000,40,0,62.4,556.4,3420,0,0,0,0,0,2019/20,50,0,0.0,118,5
0,7,606,10,40.1,94147,49,0.00000,0.00000,0.00000,0.00000,51,1,82.0,692.2,3303,0,0,0,0,0,2020/21,50,0,85.0,106,5
0,10,688,11,45.4,94147,47,0.00000,0.00000,0.00000,0.00000,43,4,103.2,781.0,3361,0,0,0,0,0,2021/22,45,0,202.0,138,4
