assists,bonus,bps,clean_sheets,creativity,element_code,end_cost,expected_assists,expected_goal_involvements,expected_goals,expected_goals_conceded,goals_conceded,goals_scored,ict_index,influence,minutes,own_goals,penalties_missed,penalties_saved,red_cards,saves,season_name,start_cost,starts,threat,total_points,yellow_cards
1,2,54,2,0.0,106618,39,0.00000,0.00000,0.00000,0.00000,24,1,0.0,0.0,1139,0,0,0,1,0,2013/14,40,0,0.0,36,1
0,3,349,6,0.0,106618,41,0.00000,0.00000,0.00000,0.00000,34,0,0.0,0.0,2107,1,0,0,0,0,2014/15,40,0,0.0,58,4
0,6,366,6,0.0,106618,42,0.00000,0.00000,0.00000,0.00000,28,1,0.0,0.0,1892,0,0,0,0,0,2015/16,45,0,0.0,69,3
0,0,280,5,97.8,106618,42,0.00000,0.00000,0.00000,0.00000,18,0,49.0,333.6,1602,0,0,0,0,0,2017/18,45,0,58.0,52,1
0,3,365,7,94.0,106618,44,0.00000,0.00000,0.00000,0.00000,27,0,57.6,424.2,1986,0,0,0,0,0,2018/19,45,0,58.0,67,1
0,4,230,5,63.1,106618,43,0.00000,0.00000,0.00000,0.00000,20,0,37.7,265.2,1227,1,0,0,0,0,2019/20,45,0,50.0,44,2
0,2,204,3,68.1,106618,44,0.00000,0.00000,0.00000,0.00000,20,1,38.8,274.4,1254,0,0,0,0,0,2020/21,45,0,45.0,40,2
0,0,28,1,1.9,106618,45,0.00000,0.00000,0.00000,0.00000,1,0,2.6,24.2,197,0,0,0,0,0,2021/22,45,0,0.0,7,2
