assists,bonus,bps,clean_sheets,creativity,element_code,end_cost,expected_assists,expected_goal_involvements,expected_goals,expected_goals_conceded,goals_conceded,goals_scored,ict_index,influence,minutes,own_goals,penalties_missed,penalties_saved,red_cards,saves,season_name,start_cost,starts,threat,total_points,yellow_cards
4,12,354,4,207.1,54694,108,0.00000,0.00000,0.00000,0.00000,15,10,127.1,484.0,1056,0,1,0,0,0,2017/18,105,0,580.0,87,0
7,32,756,7,484.6,54694,108,0.00000,0.00000,0.00000,0.00000,42,22,289.6,984.4,2722,0,1,0,0,0,2018/19,110,0,1429.0,205,0
5,37,807,10,479.6,54694,109,0.00000,0.00000,0.00000,0.00000,44,22,285.2,1006.0,3136,0,0,0,1,0,2019/20,110,0,1369.0,205,3
3,11,358,10,361.5,54694,113,0.00000,0.00000,0.00000,0.00000,26,10,167.4,493.8,2330,1,0,0,0,0,2020/21,120,0,823.0,131,2
1,7,131,6,132.4,54694,96,0.00000,0.00000,0.00000,0.00000,16,4,92.9,217.6,1036,0,2,0,0,0,2021/22,100,0,582.0,44,3
