assists,birth_date,bonus,bps,can_select,can_transact,chance_of_playing_next_round,chance_of_playing_this_round,clean_sheets,clean_sheets_per_90,clearances_blocks_interceptions,code,corners_and_indirect_freekicks_order,corners_and_indirect_freekicks_text,cost_change_event,cost_change_event_fall,cost_change_start,cost_change_start_fall,creativity,creativity_rank,creativity_rank_type,defensive_contribution,defensive_contribution_per_90,direct_freekicks_order,direct_freekicks_text,dreamteam_count,element_type,ep_next,ep_this,event_points,expected_assists,expected_assists_per_90,expected_goal_involvements,expected_goal_involvements_per_90,expected_goals,expected_goals_conceded,expected_goals_conceded_per_90,expected_goals_per_90,first_name,form,form_rank,form_rank_type,goals_conceded,goals_conceded_per_90,goals_scored,has_temporary_code,ict_index,ict_index_rank,ict_index_rank_type,id,in_dreamteam,influence,influence_rank,influence_rank_type,known_name,minutes,news,news_added,now_cost,now_cost_rank,now_cost_rank_type,opta_code,own_goals,penalties_missed,penalties_order,penalties_saved,penalties_text,photo,points_per_game,points_per_game_rank,points_per_game_rank_type,price_change_calibrating,price_change_hourly_rate,price_change_locked_until,price_change_percent,price_change_projections,recoveries,red_cards,region,removed,saves,saves_per_90,scout_news_link,scout_risks,second_name,selected_by_percent,selected_rank,selected_rank_type,special,squad_number,starts,starts_per_90,status,tackles,team,team_code,team_join_date,threat,threat_rank,threat_rank_type,total_points,transfers_in,transfers_in_event,transfers_out,transfers_out_event,value_form,value_season,web_name,yellow_cards
0,1995-09-15,0,24,True,True,None,None,1,1.0,1,154561,None,,0,0,0,0,0.0,586,68,0,0.0,None,,0,1,4.0,4.0,6,0.00,0.0,0.00,0.0,0.00,0.20,0.2,0.0,David,6.0,60,6,0,0.0,0,False,1.2,231,19,1,False,11.8,144,19,,90,,None,60,60,1,p154561,0,0,None,0,,154561.jpg,6.0,60,6,False,44,None,9.4,"[{'offset': 0, 'projected_percent': '9.4', 'likelihood': 1}, {'offset': 1, 'projected_percent': '10.3', 'likelihood': 1}, {'offset': 2, 'projected_percent': '11.0', 'likelihood': 1}]",8,0,200,False,1,1.0,,[],Raya Martín,38.3,6,1,False,None,1,1.0,a,0,1,3,2024-07-04,0.0,577,68,6,94421,94421,70963,70963,1.0,1.0,Raya,0
0,1994-10-03,0,0,True,True,None,None,0,0,0,109745,None,,0,0,0,0,0.0,443,52,0,0,None,,0,1,2.6,2.6,0,0.00,0,0.00,0,0.00,0.00,0,0,Kepa,0.0,447,63,0,0,0,False,0.0,452,63,2,False,0.0,436,63,,0,,None,50,236,9,p109745,0,0,None,0,,109745.jpg,0.0,447,63,False,-4,None,-61.0,"[{'offset': 0, 'projected_percent': '-61.0', 'likelihood': -3}, {'offset': 1, 'projected_percent': '-72.4', 'likelihood': -3}, {'offset': 2, 'projected_percent': '-79.7', 'likelihood': -3}]",0,0,200,False,0,0,,[],Arrizabalaga Revuelta,0.1,441,49,False,None,0,0,a,0,1,3,2025-07-01,0.0,384,52,0,298,298,1231,1231,0.0,0.0,Arrizabalaga,0
0,2000-03-02,0,0,True,True,None,None,0,0,0,437495,None,,0,0,0,0,0.0,484,59,0,0,None,,0,1,2.6,2.6,0,0.00,0,0.00,0,0.00,0.00,0,0,Illan,0.0,485,66,0,0,0,False,0.0,490,66,3,False,0.0,474,66,,0,,None,50,301,16,p437495,0,0,None,0,,437495.jpg,0.0,485,66,False,0,None,-56.6,"[{'offset': 0, 'projected_percent': '-56.6', 'likelihood': -3}, {'offset': 1, 'projected_percent': '-56.6', 'likelihood': -3}, {'offset': 2, 'projected_percent': '-56.6', 'likelihood': -3}]",0,0,73,False,0,0,,[],Meslier,0.0,527,59,False,None,0,0,a,0,1,3,2026-07-09,0.0,437,59,0,95,95,443,443,0.0,0.0,Meslier,0
0,1997-12-19,0,21,True,True,None,None,1,1.0,4,226597,None,,0,0,0,0,1.8,193,59,4,4.0,None,,0,2,4.0,4.0,5,0.01,0.01,0.06,0.06,0.05,0.20,0.2,0.05,Gabriel,5.0,73,30,0,0.0,0,False,0.9,240,90,4,False,6.6,196,87,Gabriel Magalhães,90,,None,80,8,1,p226597,0,0,None,0,,226597.jpg,5.0,73,30,False,-455,None,-6.6,"[{'offset': 0, 'projected_percent': '-6.6', 'likelihood': -1}, {'offset': 1, 'projected_percent': '-10.2', 'likelihood': -1}, {'offset': 2, 'projected_percent': '-12.5', 'likelihood': -1}]",2,0,30,False,0,0.0,,[],dos Santos Magalhães,29.2,8,2,False,None,1,1.0,a,0,1,3,2020-09-01,1.0,194,66,5,53275,53275,107398,107398,0.6,0.6,Gabriel,1
0,2001-06-17,0,0,True,True,0,0,0,0,0,445122,None,,0,0,0,0,0.0,606,205,0,0,None,,0,2,0.0,0.0,0,0.00,0,0.00,0,0.00,0.00,0,0,Jurriën,0.0,602,203,0,0,0,False,0.0,606,205,5,False,0.0,604,205,Jurriën Timber,0,Groin injury - Unknown return date,2026-07-23T12:01:23.272929Z,65,43,3,p445122,0,0,None,0,,445122.jpg,0.0,602,203,False,-12,None,-48.1,"[{'offset': 0, 'projected_percent': '-48.1', 'likelihood': -3}, {'offset': 1, 'projected_percent': '-57.8', 'likelihood': -3}, {'offset': 2, 'projected_percent': '-64.0', 'likelihood': -3}]",0,0,152,False,0,0,https://www.arsenal.com/news/every-word-from-mikel-artetas-pre-coventry-presser-agLtL1y0uKj3?utm_source=premier-league-web&utm_medium=referral&utm_campaign=pl-referral-always-on&utm_term=content-card,[],Timber,0.1,419,149,False,None,0,0,i,0,1,3,2023-07-14,0.0,604,205,0,375,375,2859,2859,0.0,0.0,J.Timber,0
0,2001-03-24,0,0,True,True,0,0,0,0,0,462424,None,,0,0,0,0,0.0,592,204,0,0,None,,0,2,0.0,0.0,0,0.00,0,0.00,0,0.00,0.00,0,0,William,0.0,588,202,0,0,0,False,0.0,592,204,6,False,0.0,588,204,,0,Back injury - Unknown return date,2026-07-23T12:01:23.289376Z,60,88,9,p462424,0,0,None,0,,462424.jpg,0.0,588,202,False,-28,None,-42.9,"[{'offset': 0, 'projected_percent': '-42.9', 'likelihood': -3}, {'offset': 1, 'projected_percent': '-51.7', 'likelihood': -3}, {'offset': 2, 'projected_percent': '-57.3', 'likelihood': -3}]",0,0,73,False,0,0,https://www.arsenal.com/news/every-word-from-mikel-artetas-pre-coventry-presser-agLtL1y0uKj3?utm_source=premier-league-web&utm_medium=referral&utm_campaign=pl-referral-always-on&utm_term=content-card,[],Saliba,0.3,311,117,False,None,0,0,i,0,1,3,2019-07-25,0.0,585,204,0,796,796,6380,6380,0.0,0.0,Saliba,0
0,2006-09-26,0,15,True,True,None,None,1,1.0,1,499169,None,,0,0,0,0,22.9,54,35,7,7.0,None,,0,3,2.0,2.0,3,0.11,0.11,0.17,0.17,0.06,0.20,0.2,0.06,Myles,3.0,100,43,0,0.0,0,False,4.1,101,52,7,False,11.0,155,54,,90,,None,55,195,121,p499169,0,0,None,0,,499169.jpg,3.0,100,43,False,5,None,0.9,"[{'offset': 0, 'projected_percent': '0.9', 'likelihood': 1}, {'offset': 1, 'projected_percent': '1.0', 'likelihood': 1}, {'offset': 2, 'projected_percent': '1.1', 'likelihood': 1}]",5,0,241,False,0,0.0,,[],Lewis-Skelly,0.7,226,74,False,None,1,1.0,a,1,1,3,2022-12-04,7.0,112,59,3,8642,8642,7960,7960,0.5,0.5,Lewis-Skelly,0
1,2002-05-19,0,31,True,True,None,None,1,1.12,4,466075,None,,1,-1,1,-1,12.2,105,31,5,5.62,None,,0,2,2.6,2.6,9,0.09,0.1,0.13,0.14,0.04,0.06,0.07,0.04,Riccardo,9.0,25,10,0,0.0,0,False,4.2,98,34,8,False,26.0,62,24,,80,,None,56,112,11,p466075,0,0,None,0,,466075.jpg,9.0,25,10,False,906,None,3.3,"[{'offset': 0, 'projected_percent': '3.3', 'likelihood': 1}, {'offset': 1, 'projected_percent': '10.6', 'likelihood': 1}, {'offset': 2, 'projected_percent': '15.3', 'likelihood': 1}]",1,0,106,False,0,0.0,,[],Calafiori,41.6,5,1,False,None,1,1.12,a,1,1,3,2024-07-29,4.0,137,45,9,284288,284288,35846,35846,1.6,1.6,Calafiori,0
0,2002-01-09,0,3,True,True,None,None,0,0.0,0,448104,None,,-1,1,-1,1,0.5,252,91,0,0.0,None,,0,2,2.4,2.4,1,0.00,0.0,0.00,0.0,0.00,0.15,1.5,0.0,Piero,1.0,243,93,0,0.0,0,False,0.1,290,102,9,False,0.4,273,102,,9,,None,54,224,34,p448104,0,0,None,0,,448104.jpg,1.0,243,93,False,-230,None,-3.0,"[{'offset': 0, 'projected_percent': '-3.0', 'likelihood': -1}, {'offset': 1, 'projected_percent': '-23.4', 'likelihood': -2}, {'offset': 2, 'projected_percent': '-36.5', 'likelihood': -2}]",0,0,62,False,0,0.0,,[],Hincapié,1.5,159,65,False,None,0,0.0,a,0,1,3,2026-07-01,0.0,509,190,1,3590,3590,36909,36909,0.2,0.2,Hincapie,0
1,1997-10-08,2,37,True,True,100,100,1,1.0,4,198869,None,,0,0,0,0,26.8,38,11,5,5.0,None,,0,2,2.5,2.5,11,0.21,0.21,0.39,0.39,0.18,0.20,0.2,0.18,Benjamin,11.0,10,5,0,0.0,0,False,7.3,41,11,10,False,33.2,42,15,,90,,2026-07-23T12:01:23.305229Z,55,132,14,p198869,0,0,None,0,,198869.jpg,11.0,10,5,False,750,None,44.3,"[{'offset': 0, 'projected_percent': '44.3', 'likelihood': 3}, {'offset': 1, 'projected_percent': '60.8', 'likelihood': 3}, {'offset': 2, 'projected_percent': '71.3', 'likelihood': 3}]",3,0,241,False,0,0.0,,[],White,6.6,60,24,False,None,1,1.0,a,1,1,3,2021-07-30,13.0,76,21,11,125495,125495,21048,21048,2.0,2.0,White,0
0,2004-06-27,0,27,True,True,None,None,1,1.0,6,500040,None,,0,0,0,0,0.6,246,89,6,6.0,None,,0,2,2.5,2.5,6,0.00,0.0,0.00,0.0,0.00,0.20,0.2,0.0,Cristhian,6.0,58,26,0,0.0,0,False,1.5,210,82,11,False,14.4,119,55,,90,,None,55,197,28,p500040,0,0,None,0,,500040.jpg,6.0,58,26,False,-259,None,-16.9,"[{'offset': 0, 'projected_percent': '-16.9', 'likelihood': -1}, {'offset': 1, 'projected_percent': '-27.1', 'likelihood': -2}, {'offset': 2, 'projected_percent': '-33.6', 'likelihood': -2}]",3,0,200,False,0,0.0,,[],Mosquera,5.8,65,26,False,None,1,1.0,a,0,1,3,2025-07-24,0.0,562,198,6,13985,13985,37814,37814,1.1,1.1,Mosquera,0
0,2001-09-05,1,36,True,True,None,None,1,1.34,2,223340,2,,0,0,0,0,26.1,43,29,7,9.4,2,,0,3,3.2,3.2,9,0.08,0.11,0.72,0.97,0.64,0.06,0.08,0.86,Bukayo,9.0,28,14,0,0.0,1,False,10.2,12,9,12,False,42.8,21,11,,67,,None,95,3,2,p223340,0,0,1,0,,223340.jpg,9.0,28,14,False,201,None,18.1,"[{'offset': 0, 'projected_percent': '18.1', 'likelihood': 1}, {'offset': 1, 'projected_percent': '22.5', 'likelihood': 2}, {'offset': 2, 'projected_percent': '25.4', 'likelihood': 2}]",4,0,241,False,0,0.0,,[],Saka,10.4,38,15,False,None,1,1.34,a,1,1,3,2018-11-28,33.0,25,12,9,79288,79288,29379,29379,0.9,0.9,Saka,0
0,1999-01-14,0,10,True,True,None,None,1,1.34,3,204480,1,,0,0,0,0,6.4,136,80,6,8.06,1,,0,3,2.6,2.6,3,0.08,0.11,0.15,0.2,0.07,0.06,0.08,0.09,Declan,3.0,108,50,0,0.0,0,False,1.5,213,96,13,False,6.8,193,77,,67,,None,75,14,8,p204480,0,0,None,0,,204480.jpg,3.0,108,50,False,-915,None,-27.5,"[{'offset': 0, 'projected_percent': '-27.5', 'likelihood': -2}, {'offset': 1, 'projected_percent': '-39.8', 'likelihood': -2}, {'offset': 2, 'projected_percent': '-47.7', 'likelihood': -3}]",3,0,241,False,0,0.0,,[],Rice,17.0,22,7,False,None,1,1.34,a,0,1,3,2023-07-15,2.0,187,95,3,32757,32757,136365,136365,0.4,0.4,Rice,0
0,1998-06-29,0,4,True,True,None,None,0,0.0,0,232413,None,,0,0,0,0,1.8,192,112,2,12.86,3,,0,3,2.3,2.3,1,0.00,0.0,0.04,0.26,0.04,0.15,0.96,0.26,Eberechi,1.0,286,136,0,0.0,0,False,0.1,294,140,14,False,0.0,602,263,,14,,None,65,39,26,p232413,0,0,None,0,,232413.jpg,1.0,286,136,False,-238,None,-103.1,"[{'offset': 0, 'projected_percent': '-103.1', 'likelihood': -5}, {'offset': 1, 'projected_percent': '-134.0', 'likelihood': -5}, {'offset': 2, 'projected_percent': '-153.9', 'likelihood': -5}]",2,0,241,False,0,0.0,,[],Eze,1.8,140,42,False,None,0,0.0,a,0,1,3,2025-08-23,1.0,193,99,1,5215,5215,39486,39486,0.2,0.2,Eze,0
0,1998-12-17,3,41,True,True,None,None,1,1.2,1,184029,4,,1,-1,1,-1,41.5,13,11,8,9.6,None,,0,3,2.3,2.3,11,0.10,0.12,0.31,0.37,0.21,0.06,0.07,0.25,Martin,11.0,12,7,0,0.0,1,False,12.3,6,5,15,False,50.6,6,4,,75,,None,66,31,20,p184029,0,0,3,0,,184029.jpg,11.0,12,7,False,1364,None,1.8,"[{'offset': 0, 'projected_percent': '1.8', 'likelihood': 1}, {'offset': 1, 'projected_percent': '12.8', 'likelihood': 1}, {'offset': 2, 'projected_percent': '19.9', 'likelihood': 1}]",4,0,161,False,0,0.0,,[],Ødegaard,11.5,34,12,False,None,1,1.2,a,3,1,3,2021-08-20,31.0,27,13,11,262014,262014,31434,31434,1.7,1.7,Ødegaard,0
0,2002-03-10,0,8,True,True,None,None,0,0.0,0,248857,6,,-1,1,-1,1,43.1,11,9,2,8.18,None,,0,3,2.3,2.3,1,0.04,0.16,0.04,0.16,0.00,0.15,0.61,0.0,Noni,1.0,283,133,0,0.0,0,False,5.3,70,37,16,False,9.4,171,67,,22,,None,64,54,38,p248857,0,0,None,0,,248857.jpg,1.0,283,133,False,-43,None,-3.2,"[{'offset': 0, 'projected_percent': '-3.2', 'likelihood': -1}, {'offset': 1, 'projected_percent': '-22.2', 'likelihood': -2}, {'offset': 2, 'projected_percent': '-34.4', 'likelihood': -2}]",2,0,241,False,0,0.0,,[],Madueke,0.3,297,100,False,None,0,0.0,a,0,1,3,2025-07-18,0.0,599,259,1,1187,1187,7238,7238,0.2,0.2,Madueke,0
0,1996-06-22,0,5,True,True,None,None,0,0.0,0,195384,None,,0,0,0,0,1.2,216,121,2,12.86,None,,0,3,2.2,2.2,1,0.02,0.13,0.16,1.03,0.14,0.15,0.96,0.9,Mikel,1.0,274,126,0,0.0,0,False,1.9,186,83,17,False,3.6,233,103,,14,,None,60,64,42,p195384,0,0,None,0,,195384.jpg,1.0,274,126,False,-46,None,-102.6,"[{'offset': 0, 'projected_percent': '-102.6', 'likelihood': -5}, {'offset': 1, 'projected_percent': '-120.1', 'likelihood': -5}, {'offset': 2, 'projected_percent': '-131.3', 'likelihood': -5}]",2,0,200,False,0,0.0,,[],Merino Zazón,0.6,241,81,False,None,0,0.0,a,0,1,3,2024-08-27,14.0,73,40,1,2190,2190,13950,13950,0.2,0.2,Merino,0
0,2001-06-18,0,0,True,True,None,None,0,0,0,444145,None,,-1,1,-1,1,0.0,603,263,0,0,None,,0,3,2.3,2.3,0,0.00,0,0.00,0,0.00,0.00,0,0,Gabriel,0.0,599,262,0,0,0,False,0.0,603,263,18,False,0.0,600,261,Gabriel Martinelli,0,,None,64,55,39,p444145,0,0,None,0,,444145.jpg,0.0,599,262,False,-33,None,-18.5,"[{'offset': 0, 'projected_percent': '-18.5', 'likelihood': -1}, {'offset': 1, 'projected_percent': '-40.5', 'likelihood': -3}, {'offset': 2, 'projected_percent': '-54.6', 'likelihood': -3}]",0,0,30,False,0,0,,[],Martinelli Silva,0.2,342,124,False,None,0,0,a,0,1,3,2019-07-15,0.0,600,260,0,1180,1180,6356,6356,0.0,0.0,Martinelli,0
0,1999-02-02,0,3,True,True,None,None,0,0.0,0,481655,None,,0,0,0,0,2.3,178,104,3,12.27,None,,0,3,2.0,2.0,1,0.02,0.08,0.02,0.08,0.00,0.15,0.61,0.0,Martín,1.0,259,117,0,0.0,0,False,0.6,253,114,19,False,3.8,228,100,,22,,None,55,187,115,p481655,0,0,None,0,,481655.jpg,1.0,259,117,False,-104,None,-87.6,"[{'offset': 0, 'projected_percent': '-87.6', 'likelihood': -3}, {'offset': 1, 'projected_percent': '-111.8', 'likelihood': -5}, {'offset': 2, 'projected_percent': '-127.3', 'likelihood': -5}]",2,0,200,False,0,0.0,,[],Zubimendi Ibáñez,1.0,199,65,False,None,0,0.0,a,1,1,3,2025-07-06,0.0,556,233,1,1438,1438,18218,18218,0.2,0.2,Zubimendi,0
0,2009-12-31,0,0,True,True,None,None,0,0,0,616077,None,,-1,1,-1,1,0.0,542,229,0,0,None,,0,3,1.9,1.9,0,0.00,0,0.00,0,0.00,0.00,0,0,Max,0.0,539,226,0,0,0,False,0.0,545,227,20,False,0.0,529,220,,0,,None,54,225,139,p616077,0,0,None,0,,616077.jpg,0.0,539,226,False,-4,None,-5.1,"[{'offset': 0, 'projected_percent': '-5.1', 'likelihood': -1}, {'offset': 1, 'projected_percent': '-11.4', 'likelihood': -1}, {'offset': 2, 'projected_percent': '-15.5', 'likelihood': -1}]",0,0,241,False,0,0,,[],Dowman,0.1,437,174,False,None,0,0,a,0,1,3,2025-07-22,0.0,510,205,0,410,410,2155,2155,0.0,0.0,Dowman,0
0,2007-03-21,0,0,True,True,None,None,0,0,0,499175,None,,0,0,0,0,0.0,575,247,0,0,None,,0,3,2.0,2.0,0,0.00,0,0.00,0,0.00,0.00,0,0,Ethan,0.0,571,245,0,0,0,False,0.0,575,245,22,False,0.0,562,239,,0,,None,55,196,122,p499175,0,0,None,0,,499175.jpg,0.0,571,245,False,0,None,-85.2,"[{'offset': 0, 'projected_percent': '-85.2', 'likelihood': -3}, {'offset': 1, 'projected_percent': '-85.2', 'likelihood': -3}, {'offset': 2, 'projected_percent': '-85.2', 'likelihood': -3}]",0,0,241,False,0,0,,[],Nwaneri,0.0,576,244,False,None,0,0,a,0,1,3,2022-09-17,0.0,561,237,0,71,71,296,296,0.0,0.0,Nwaneri,0
0,2000-05-30,0,0,True,True,None,None,0,0,0,438098,None,,0,0,0,0,0.0,561,239,0,0,None,,0,3,2.0,2.0,0,0.00,0,0.00,0,0.00,0.00,0,0,Fábio,0.0,559,237,0,0,0,False,0.0,562,237,23,False,0.0,548,231,Fábio Vieira,0,,None,55,163,101,p438098,0,0,None,0,,438098.jpg,0.0,559,237,False,-1,None,-61.8,"[{'offset': 0, 'projected_percent': '-61.8', 'likelihood': -3}, {'offset': 1, 'projected_percent': '-88.8', 'likelihood': -3}, {'offset': 2, 'projected_percent': '-106.0', 'likelihood': -5}]",0,0,173,False,0,0,,[],Ferreira Vieira,0.0,587,250,False,None,0,0,a,0,1,3,2022-06-21,0.0,540,224,0,72,72,194,194,0.0,0.0,Fábio Vieira,0
0,1999-12-10,0,0,True,True,None,None,0,0,0,200641,None,,0,0,0,0,0.0,552,232,0,0,None,,0,3,2.0,2.0,0,0.00,0,0.00,0,0.00,0.00,0,0,Reiss,0.0,547,229,0,0,0,False,0.0,553,230,24,False,0.0,537,223,,0,,None,55,134,83,p200641,0,0,None,0,,200641.jpg,0.0,547,229,False,0,None,-46.1,"[{'offset': 0, 'projected_percent': '-46.1', 'likelihood': -3}, {'offset': 1, 'projected_percent': '-46.1', 'likelihood': -3}, {'offset': 2, 'projected_percent': '-46.1', 'likelihood': -3}]",0,0,241,False,0,0,,[],Nelson,0.0,586,249,False,None,0,0,a,0,1,3,2017-07-12,0.0,525,213,0,60,60,148,148,0.0,0.0,Nelson,0
0,1998-06-04,0,0,True,True,None,None,0,0,0,224117,None,,-1,1,-1,1,0.0,612,71,0,0,None,,0,4,2.3,2.3,0,0.00,0,0.00,0,0.00,0.00,0,0,Viktor,0.0,608,70,0,0,0,False,0.0,612,71,25,False,0.0,611,71,,0,,None,74,22,8,p224117,0,0,2,0,,224117.jpg,0.0,608,70,False,-2021,None,-23.0,"[{'offset': 0, 'projected_percent': '-23.0', 'likelihood': -2}, {'offset': 1, 'projected_percent': '-61.9', 'likelihood': -3}, {'offset': 2, 'projected_percent': '-86.8', 'likelihood': -3}]",0,0,206,False,0,0,,[],Gyökeres,6.9,59,10,False,None,0,0,a,0,1,3,2025-07-26,0.0,612,71,0,8050,8050,203918,203918,0.0,0.0,Gyökeres,0
0,1999-06-11,0,34,True,True,None,None,1,1.0,2,219847,None,,0,0,0,0,13.2,98,9,2,2.0,None,,0,4,2.4,2.4,6,0.03,0.03,0.29,0.29,0.26,0.20,0.2,0.26,Kai,6.0,64,5,0,0.0,1,False,7.5,38,7,26,False,37.2,35,5,,90,,None,75,15,6,p219847,0,0,None,0,,219847.jpg,6.0,64,5,False,942,None,67.9,"[{'offset': 0, 'projected_percent': '67.9', 'likelihood': 3}, {'offset': 1, 'projected_percent': '88.6', 'likelihood': 3}, {'offset': 2, 'projected_percent': '101.8', 'likelihood': 5}]",0,0,80,False,0,0.0,,[],Havertz,7.4,56,8,False,None,1,1.0,a,0,1,3,2023-06-28,25.0,38,10,6,166993,166993,32513,32513,0.8,0.8,Havertz,0
0,1997-04-03,0,0,True,True,None,None,0,0,0,205651,None,,0,0,0,0,0.0,588,65,0,0,None,,0,4,2.0,2.0,0,0.00,0,0.00,0,0.00,0.00,0,0,Gabriel,0.0,584,64,0,0,0,False,0.0,588,65,27,False,0.0,582,62,Gabriel Jesus,0,,None,60,68,17,p205651,0,0,None,0,,205651.jpg,0.0,584,64,False,-34,None,-76.6,"[{'offset': 0, 'projected_percent': '-76.6', 'likelihood': -3}, {'offset': 1, 'projected_percent': '-99.8', 'likelihood': -4}, {'offset': 2, 'projected_percent': '-114.7', 'likelihood': -5}]",0,0,30,False,0,0,,[],Fernando de Jesus,0.3,290,50,False,None,0,0,a,0,1,3,2022-07-04,0.0,578,64,0,1729,1729,6526,6526,0.0,0.0,G.Jesus,0
0,1997-10-23,0,0,True,True,None,None,0,0,0,199798,None,,0,0,0,0,0.0,356,147,0,0,None,,0,2,1.7,1.7,0,0.00,0,0.00,0,0.00,0.00,0,0,Ezri,0.0,365,138,0,0,0,False,0.0,369,144,31,False,0.0,352,143,,0,,None,45,435,99,p199798,0,0,None,0,,199798.jpg,0.0,365,138,False,-1049,None,-80.7,"[{'offset': 0, 'projected_percent': '-80.7', 'likelihood': -3}, {'offset': 1, 'projected_percent': '-102.7', 'likelihood': -5}, {'offset': 2, 'projected_percent': '-116.8', 'likelihood': -5}]",0,0,241,False,0,0,,[],Konsa Ngoyo,10.9,35,12,False,None,0,0,a,0,1,3,2026-08-21,0.0,284,121,0,43278,43278,206723,206723,0.0,0.0,Konsa,0
0,1997-11-16,0,0,True,True,75,75,0,0,0,208706,5,,-1,1,-1,1,0.0,610,268,0,0,None,,0,3,1.8,1.8,0,0.00,0,0.00,0,0.00,0.00,0,0,Bruno,0.0,606,267,0,0,0,False,0.0,610,268,452,False,0.0,608,267,Bruno Guimarães,0,Thigh injury - 75% chance of playing,2026-08-20T17:00:08.846118Z,69,30,19,p208706,0,0,4,0,,208706.jpg,0.0,606,267,False,-865,None,-3.7,"[{'offset': 0, 'projected_percent': '-3.7', 'likelihood': -1}, {'offset': 1, 'projected_percent': '-25.8', 'likelihood': -2}, {'offset': 2, 'projected_percent': '-40.0', 'likelihood': -3}]",0,0,30,False,0,0,https://www.arsenal.com/news/every-word-from-mikel-artetas-pre-coventry-presser-agLtL1y0uKj3,[],Guimarães Rodriguez Moura,2.8,109,33,False,None,0,0,d,0,1,3,2026-08-08,0.0,609,267,0,779,779,113144,113144,0.0,0.0,Bruno G.,0
1,2002-01-30,0,30,True,True,None,None,1,1.2,2,439509,3,,0,0,0,0,39.8,16,14,6,7.2,None,,0,3,2.3,2.3,6,0.14,0.17,0.33,0.4,0.19,0.06,0.07,0.23,Christos,6.0,63,25,0,0.0,0,False,8.7,24,15,557,False,17.0,102,35,,75,,None,65,41,28,p439509,0,0,None,0,,439509.jpg,6.0,63,25,False,1094,None,82.6,"[{'offset': 0, 'projected_percent': '82.6', 'likelihood': 3}, {'offset': 1, 'projected_percent': '106.6', 'likelihood': 5}, {'offset': 2, 'projected_percent': '122.0', 'likelihood': 5}]",3,0,83,False,0,0.0,,[],Tzolis,26.0,11,5,False,None,1,1.2,a,1,1,3,2026-07-23,30.0,29,15,6,208043,208043,46298,46298,0.9,0.9,Tzolis,0
0,1992-09-02,0,0,True,True,None,None,0,0,0,98980,None,,0,0,0,0,0.0,440,50,0,0,None,,0,1,2.6,2.6,0,0.00,0,0.00,0,0.00,0.00,0,0,Emiliano,0.0,444,61,0,0,0,False,0.0,449,61,28,False,0.0,433,61,Emiliano Martínez,0,,None,50,233,7,p98980,0,0,None,0,,98980.jpg,0.0,444,61,False,-211,None,-47.5,"[{'offset': 0, 'projected_percent': '-47.5', 'likelihood': -3}, {'offset': 1, 'projected_percent': '-59.3', 'likelihood': -3}, {'offset': 2, 'projected_percent': '-66.9', 'likelihood': -3}]",0,0,10,False,0,0,,[],Martínez Romero,4.1,80,11,False,None,0,0,a,0,2,7,2020-09-16,0.0,381,50,0,11693,11693,50178,50178,0.0,0.0,Martinez,0
0,1991-03-10,0,1,True,True,None,None,0,0.0,2,72147,None,,0,0,0,0,0.0,337,22,0,0.0,None,,0,1,1.9,1.9,1,0.00,0.0,0.00,0.0,0.00,3.77,3.77,0.0,Marco,1.0,183,16,4,4.0,0,False,2.8,138,8,29,False,28.2,56,8,,90,,None,45,404,23,p72147,0,0,None,0,,72147.jpg,1.0,183,16,False,2,None,0.0,"[{'offset': 0, 'projected_percent': '0.0', 'likelihood': 0}, {'offset': 1, 'projected_percent': '0.0', 'likelihood': 0}, {'offset': 2, 'projected_percent': '0.1', 'likelihood': 1}]",6,0,152,False,3,3.0,,[],Bizot,0.1,393,43,False,None,1,1.0,a,0,2,7,2025-07-15,0.0,261,22,1,721,721,739,739,0.2,0.2,M.Bizot,0
0,1993-07-20,0,0,False,True,0,0,0,0,0,101188,None,,0,0,0,0,0.0,340,141,0,0,None,,0,2,0.0,0.0,0,0.00,0,0.00,0,0.00,0.00,0,0,Lucas,0.0,350,133,0,0,0,False,0.0,354,139,30,False,0.0,337,138,,0,Has joined Paris Saint-Germain permanently,2026-08-10T14:03:30.089007Z,45,409,84,p101188,0,0,None,0,,101188.jpg,0.0,350,133,False,-25,None,0.0,"[{'offset': 0, 'projected_percent': '0.0', 'likelihood': 0}, {'offset': 1, 'projected_percent': '0.0', 'likelihood': 0}, {'offset': 2, 'projected_percent': '0.0', 'likelihood': 0}]",0,0,73,False,0,0,,[],Digne,0.1,427,151,False,None,0,0,u,0,2,7,2022-01-13,0.0,265,113,0,0,0,4706,4706,0.0,0.0,Digne,0
0,1997-08-07,0,-8,True,True,None,None,0,0.0,5,199796,1,,0,0,0,0,1.1,218,72,7,7.0,None,,0,2,1.7,1.7,-1,0.00,0.0,0.00,0.0,0.00,3.77,3.77,0.0,Matty,-1.0,614,204,4,4.0,0,False,1.3,222,85,32,False,12.0,143,67,,90,,None,45,434,98,p199796,0,0,None,0,,199796.jpg,-1.0,614,204,False,-788,None,-36.5,"[{'offset': 0, 'projected_percent': '-36.5', 'likelihood': -2}, {'offset': 1, 'projected_percent': '-59.8', 'likelihood': -3}, {'offset': 2, 'projected_percent': '-74.7', 'likelihood': -3}]",0,0,172,False,0,0.0,,[],Cash,7.7,54,21,False,None,1,1.0,a,2,2,7,2020-09-03,0.0,283,120,-1,25978,25978,92507,92507,-0.2,-0.2,Cash,1
0,1993-03-13,0,5,True,True,None,None,0,0.0,0,149484,None,,0,0,0,0,0.0,349,143,1,5.62,None,,0,2,1.7,1.7,1,0.00,0.0,0.00,0.0,0.00,0.22,1.24,0.0,Tyrone,1.0,186,65,0,0.0,0,False,0.2,280,99,33,False,2.0,251,98,,16,,None,45,421,88,p149484,0,0,None,0,,149484.jpg,1.0,186,65,False,-9,None,0.2,"[{'offset': 0, 'projected_percent': '0.2', 'likelihood': 1}, {'offset': 1, 'projected_percent': '0.0', 'likelihood': 0}, {'offset': 2, 'projected_percent': '-2.6', 'likelihood': -1}]",0,0,241,False,0,0.0,,[],Mings,0.4,277,105,False,None,0,0.0,a,1,2,7,2019-07-08,0.0,275,115,1,3067,3067,3098,3098,0.2,0.2,Mings,0
0,1997-01-16,0,-14,True,True,None,None,0,0.0,5,244954,None,,0,0,0,0,0.7,234,81,5,6.16,None,,0,2,1.7,1.7,0,0.00,0.0,0.00,0.0,0.00,3.55,4.38,0.0,Pau,0.0,383,151,4,4.93,0,False,0.0,386,156,34,False,0.0,369,155,,73,,None,45,463,120,p244954,0,0,None,0,,244954.jpg,0.0,383,151,False,-32,None,-27.5,"[{'offset': 0, 'projected_percent': '-27.5', 'likelihood': -2}, {'offset': 1, 'projected_percent': '-44.7', 'likelihood': -3}, {'offset': 2, 'projected_percent': '-55.7', 'likelihood': -3}]",1,0,200,False,0,0.0,,[],Torres,0.4,270,103,False,None,1,1.23,a,0,2,7,2023-07-12,0.0,305,135,0,1768,1768,4416,4416,0.0,0.0,Pau,0
0,2004-01-05,0,3,True,True,None,None,0,0.0,1,515597,None,,0,0,0,0,0.5,251,134,1,5.62,None,,0,3,1.5,1.5,1,0.00,0.0,0.00,0.0,0.00,0.22,1.24,0.0,Lamare,1.0,229,100,0,0.0,0,False,0.3,277,130,35,False,2.2,247,112,,16,,None,50,356,207,p515597,0,0,None,0,,515597.jpg,1.0,229,100,False,-5,None,-10.8,"[{'offset': 0, 'projected_percent': '-10.8', 'likelihood': -1}, {'offset': 1, 'projected_percent': '-26.8', 'likelihood': -2}, {'offset': 2, 'projected_percent': '-37.1', 'likelihood': -2}]",0,0,152,False,0,0.0,,[],Bogarde,0.1,454,181,False,None,0,0.0,a,0,2,7,2021-01-07,0.0,477,179,1,595,595,860,860,0.2,0.2,Bogarde,0
0,2002-03-10,0,-9,True,True,None,None,0,0.0,7,441302,None,,0,0,0,0,0.8,228,78,9,10.0,None,,0,2,1.7,1.7,0,0.00,0.0,0.03,0.03,0.03,3.62,4.02,0.03,Ian,0.0,387,154,4,4.44,0,False,1.3,223,86,36,False,9.2,172,74,,81,,None,45,469,125,p441302,0,0,None,0,,441302.jpg,0.0,387,154,False,-56,None,-31.3,"[{'offset': 0, 'projected_percent': '-31.3', 'likelihood': -2}, {'offset': 1, 'projected_percent': '-48.4', 'likelihood': -3}, {'offset': 2, 'projected_percent': '-59.4', 'likelihood': -3}]",2,0,152,False,0,0.0,,[],Maatsen,0.7,220,82,False,None,1,1.11,a,2,2,7,2024-06-28,3.0,148,49,0,2396,2396,7701,7701,0.0,0.0,Maatsen,0
0,1994-07-17,0,-13,True,True,None,None,0,0.0,3,184667,None,,0,0,0,0,0.1,273,101,3,3.0,None,,0,2,1.7,1.7,-2,0.00,0.0,0.00,0.0,0.00,3.77,3.77,0.0,Victor,-2.0,615,205,4,4.0,0,False,0.2,281,100,37,False,1.8,255,99,,90,,None,45,431,95,p184667,1,0,None,0,,184667.jpg,-2.0,615,205,False,-39,None,-31.7,"[{'offset': 0, 'projected_percent': '-31.7', 'likelihood': -2}, {'offset': 1, 'projected_percent': '-63.6', 'likelihood': -3}, {'offset': 2, 'projected_percent': '-84.0', 'likelihood': -3}]",1,0,206,False,0,0.0,,[],Lindelöf,0.3,304,113,False,None,1,1.0,a,0,2,7,2025-09-01,0.0,281,118,-2,1679,1679,3593,3593,-0.4,-0.4,Lindelöf,0
0,None,0,0,True,True,None,None,0,0,0,606798,None,,0,0,0,0,0.0,330,135,0,0,None,,0,2,1.0,1.0,0,0.00,0,0.00,0,0.00,0.00,0,0,Andrés,0.0,342,127,0,0,0,False,0.0,346,133,38,False,0.0,329,132,,0,,None,40,610,199,p606798,0,0,None,0,,606798.jpg,0.0,342,127,False,-40,None,-10.1,"[{'offset': 0, 'projected_percent': '-10.1', 'likelihood': -1}, {'offset': 1, 'projected_percent': '-15.5', 'likelihood': -1}, {'offset': 2, 'projected_percent': '-19.0', 'likelihood': -1}]",0,0,None,False,0,0,,[],García,1.7,146,60,False,None,0,0,a,0,2,7,None,0.0,253,105,0,6699,6699,12466,12466,0.0,0.0,A.García,0
0,2005-12-16,0,0,False,True,0,0,0,0,0,578545,None,,0,0,0,0,0.0,327,133,0,0,None,,0,2,0.0,0.0,0,0.00,0,0.00,0,0.00,0.00,0,0,Kosta,0.0,340,126,0,0,0,False,0.0,344,132,39,False,0.0,327,131,,0,Has joined Rangers on loan for the rest of the season,2026-08-19T13:56:46.385411Z,40,607,197,p578545,0,0,None,0,,578545.jpg,0.0,340,126,False,-40,None,0.0,"[{'offset': 0, 'projected_percent': '0.0', 'likelihood': 0}, {'offset': 1, 'projected_percent': '0.0', 'likelihood': 0}, {'offset': 2, 'projected_percent': '0.0', 'likelihood': 0}]",0,0,190,False,0,0,,[],Nedeljkovic,0.2,326,123,False,None,0,0,u,0,2,7,2024-01-22,0.0,250,103,0,0,0,6578,6578,0.0,0.0,Nedeljkovic,0
0,1996-12-25,0,4,True,True,None,None,0,0.0,3,195546,3,,0,0,0,0,16.3,73,45,7,7.41,1,,0,3,2.2,2.2,2,0.09,0.1,0.22,0.24,0.13,3.62,3.83,0.14,Emiliano,2.0,151,74,4,4.24,0,False,2.2,167,76,41,False,0.0,581,249,,85,,None,60,65,43,p195546,0,0,1,0,,195546.jpg,2.0,151,74,False,-191,None,-57.4,"[{'offset': 0, 'projected_percent': '-57.4', 'likelihood': -3}, {'offset': 1, 'projected_percent': '-94.0', 'likelihood': -3}, {'offset': 2, 'projected_percent': '-117.4', 'likelihood': -5}]",3,0,10,False,0,0.0,,[],Buendía Stati,1.2,176,54,False,None,1,1.06,a,1,2,7,2021-06-10,8.0,99,50,2,4479,4479,18264,18264,0.3,0.3,Buendía,0
0,1997-08-09,0,0,True,True,None,None,0,0,0,215711,None,,0,0,0,0,0.0,557,235,0,0,None,,0,3,2.0,2.0,0,0.00,0,0.00,0,0.00,0.00,0,0,Leon,0.0,551,232,0,0,0,False,0.0,557,233,44,False,0.0,542,226,,0,,None,55,143,88,p215711,0,0,None,0,,215711.jpg,0.0,551,232,False,-16,None,-47.0,"[{'offset': 0, 'projected_percent': '-47.0', 'likelihood': -3}, {'offset': 1, 'projected_percent': '-71.4', 'likelihood': -3}, {'offset': 2, 'projected_percent': '-87.0', 'likelihood': -3}]",0,0,107,False,0,0,,[],Bailey,0.1,381,146,False,None,0,0,a,0,2,7,2021-08-04,0.0,532,217,0,920,920,2380,2380,0.0,0.0,Bailey,0
0,1994-10-18,0,8,True,True,None,None,0,0.0,2,122806,2,,0,0,0,0,2.4,173,102,6,6.67,None,,0,3,2.0,2.0,1,0.01,0.01,0.05,0.05,0.04,3.62,4.02,0.04,John,1.0,246,111,4,4.44,0,False,0.5,258,117,45,False,1.6,257,118,,81,,None,55,120,77,p122806,0,0,None,0,,122806.jpg,1.0,246,111,False,-303,None,-52.8,"[{'offset': 0, 'projected_percent': '-52.8', 'likelihood': -3}, {'offset': 1, 'projected_percent': '-77.1', 'likelihood': -3}, {'offset': 2, 'projected_percent': '-92.8', 'likelihood': -3}]",3,0,243,False,0,0.0,,[],McGinn,2.8,108,32,False,None,1,1.11,a,1,2,7,2018-08-08,1.0,190,96,1,6953,6953,38220,38220,0.2,0.2,McGinn,1
0,1993-12-05,0,11,True,True,None,None,0,0.0,1,88894,4,,0,0,0,0,21.4,58,38,1,1.23,None,,0,3,1.5,1.5,2,0.02,0.02,0.12,0.14,0.10,3.55,4.38,0.12,Ross,2.0,120,53,4,4.93,0,False,3.8,107,56,46,False,9.4,170,66,,73,,None,50,230,142,p88894,0,0,None,0,,88894.jpg,2.0,120,53,False,-12,None,-9.9,"[{'offset': 0, 'projected_percent': '-9.9', 'likelihood': -1}, {'offset': 1, 'projected_percent': '-21.1', 'likelihood': -2}, {'offset': 2, 'projected_percent': '-28.2', 'likelihood': -2}]",0,0,241,False,0,0.0,,[],Barkley,0.2,320,110,False,None,1,1.23,a,0,2,7,2024-07-01,7.0,103,52,2,1659,1659,2359,2359,0.4,0.4,Barkley,0
0,1999-11-23,0,9,True,True,100,100,0,0.0,3,226944,None,,0,0,0,0,2.8,165,97,7,7.0,None,,0,3,1.5,1.5,2,0.00,0.0,0.00,0.0,0.00,3.77,3.77,0.0,Boubacar,2.0,128,57,4,4.0,0,False,1.4,218,97,47,False,11.2,154,53,,90,,2026-07-23T12:01:23.337269Z,50,282,168,p226944,0,0,None,0,,226944.jpg,2.0,128,57,False,-25,None,-21.3,"[{'offset': 0, 'projected_percent': '-21.3', 'likelihood': -2}, {'offset': 1, 'projected_percent': '-37.7', 'likelihood': -2}, {'offset': 2, 'projected_percent': '-48.3', 'likelihood': -3}]",2,0,73,False,0,0.0,,[],Kamara,0.3,288,95,False,None,1,1.0,a,2,2,7,2022-06-11,0.0,421,152,2,2308,2308,4183,4183,0.4,0.4,Kamara,0
0,2001-08-16,0,0,True,True,0,0,0,0,0,449871,None,,0,0,0,0,0.0,492,198,0,0,None,,0,3,0.0,0.0,0,0.00,0,0.00,0,0.00,0.00,0,0,Amadou,0.0,493,197,0,0,0,False,0.0,498,196,48,False,0.0,482,189,,0,Knee injury - Unknown return date,2026-07-23T12:01:23.352497Z,50,309,182,p449871,0,0,None,0,,449871.jpg,0.0,493,197,False,0,None,-30.2,"[{'offset': 0, 'projected_percent': '-30.2', 'likelihood': -2}, {'offset': 1, 'projected_percent': '-30.2', 'likelihood': -2}, {'offset': 2, 'projected_percent': '-30.2', 'likelihood': -2}]",0,0,21,False,0,0,,[],Onana,0.0,545,226,False,None,0,0,i,0,2,7,2024-07-22,0.0,445,164,0,138,138,486,486,0.0,0.0,Onana,0
0,2003-10-04,0,0,False,True,0,0,0,0,0,469247,None,,0,0,0,0,0.0,499,202,0,0,None,,0,3,0.0,0.0,0,0.00,0,0.00,0,0.00,0.00,0,0,Samuel,0.0,500,201,0,0,0,False,0.0,504,200,49,False,0.0,488,193,,0,Has joined Bolton Wanderers on loan for the rest of the season,2026-08-17T13:52:28.532616Z,50,321,187,p469247,0,0,None,0,,469247.jpg,0.0,500,201,False,0,None,0.0,"[{'offset': 0, 'projected_percent': '0.0', 'likelihood': 0}, {'offset': 1, 'projected_percent': '0.0', 'likelihood': 0}, {'offset': 2, 'projected_percent': '0.0', 'likelihood': 0}]",0,0,241,False,0,0,,[],Iling-Junior,0.0,607,265,False,None,0,0,u,0,2,7,2024-07-01,0.0,454,169,0,0,0,116,116,0.0,0.0,Iling Jr,0
0,2008-03-04,0,0,True,True,None,None,0,0,0,645618,None,,0,0,0,0,0.0,430,167,0,0,None,,0,3,1.0,1.0,0,0.00,0,0.00,0,0.00,0.00,0,0,Bradley,0.0,435,164,0,0,0,False,0.0,440,164,50,False,0.0,424,157,,0,,None,45,539,267,p645618,0,0,None,0,,645618.jpg,0.0,435,164,False,-14,None,-14.1,"[{'offset': 0, 'projected_percent': '-14.1', 'likelihood': -1}, {'offset': 1, 'projected_percent': '-18.8', 'likelihood': -1}, {'offset': 2, 'projected_percent': '-21.8', 'likelihood': -2}]",0,0,241,False,0,0,,[],Burrowes,0.7,229,76,False,None,0,0,a,0,2,7,2025-01-09,0.0,371,126,0,3203,3203,6111,6111,0.0,0.0,Burrowes,0
0,2007-03-04,0,12,True,True,None,None,0,0.0,0,577285,None,,0,0,0,0,11.6,111,67,5,5.0,None,,0,3,1.0,1.0,2,0.00,0.0,0.00,0.0,0.00,3.77,3.77,0.0,George,2.0,118,52,4,4.0,0,False,2.4,154,69,51,False,10.6,158,56,,90,,None,45,523,260,p577285,0,0,None,0,,577285.jpg,2.0,118,52,False,23,None,1.1,"[{'offset': 0, 'projected_percent': '1.1', 'likelihood': 1}, {'offset': 1, 'projected_percent': '1.6', 'likelihood': 1}, {'offset': 2, 'projected_percent': '1.9', 'likelihood': 1}]",2,0,241,False,0,0.0,,[],Hemmings,0.7,224,73,False,None,1,1.0,a,3,2,7,2025-08-05,2.0,164,80,2,7328,7328,4747,4747,0.4,0.4,George Hemmings,0
0,2006-05-05,0,5,True,True,None,None,0,0.0,1,653481,None,,0,0,0,0,0.0,539,227,3,33.75,None,,0,3,1.5,1.5,1,0.00,0.0,0.00,0.0,0.00,0.14,1.58,0.0,Alysson Edward Franco,1.0,240,107,0,0.0,0,False,0.4,267,123,52,False,4.0,224,97,Alysson,8,,None,50,394,235,p653481,0,0,None,0,,653481.jpg,1.0,240,107,False,0,None,-16.5,"[{'offset': 0, 'projected_percent': '-16.5', 'likelihood': -1}, {'offset': 1, 'projected_percent': '-16.5', 'likelihood': -1}, {'offset': 2, 'projected_percent': '-16.5', 'likelihood': -1}]",1,0,30,False,0,0.0,,[],da Rocha dos Santos,0.0,493,204,False,None,0,0.0,a,1,2,7,2026-01-01,0.0,504,201,1,324,324,524,524,0.2,0.2,Alysson,0
0,2005-10-14,0,0,True,True,0,0,0,0,0,614071,None,,0,0,0,0,0.0,601,261,0,0,None,,0,3,0.0,0.0,0,0.00,0,0.00,0,0.00,0.00,0,0,Johan,0.0,597,260,0,0,0,False,0.0,601,261,53,False,0.0,598,259,,0,Knee injury - Unknown return date,2026-08-15T15:30:06.388335Z,60,110,71,p614071,0,0,None,0,,614071.jpg,0.0,597,260,False,-37,None,-81.2,"[{'offset': 0, 'projected_percent': '-81.2', 'likelihood': -3}, {'offset': 1, 'projected_percent': '-96.8', 'likelihood': -4}, {'offset': 2, 'projected_percent': '-106.8', 'likelihood': -5}]",0,0,207,False,0,0,,[],Manzambi,0.2,347,126,False,None,0,0,i,0,2,7,2026-07-17,0.0,596,256,0,213,213,8192,8192,0.0,0.0,Manzambi,0
0,2001-02-12,0,-2,True,True,0,0,0,0.0,1,448089,None,,0,0,0,0,11.0,121,71,7,16.15,None,,0,3,0.0,0.0,-2,0.01,0.02,0.01,0.02,0.00,2.58,5.95,0.0,Joao,-2.0,616,270,4,9.23,0,False,1.2,228,103,54,False,1.0,265,123,João Gomes,39,Suspended until 19 Sep,2026-08-23T17:30:08.367415Z,55,170,106,p448089,0,0,None,0,,448089.jpg,-2.0,616,270,False,0,2026-08-31T13:00:07.426195Z,-0.0,"[{'offset': 0, 'projected_percent': '-0.0', 'likelihood': 0}, {'offset': 1, 'projected_percent': '-0.0', 'likelihood': 0}, {'offset': 2, 'projected_percent': '-0.0', 'likelihood': 0}]",2,1,30,False,0,0.0,,[],Gomes,0.1,483,198,False,None,1,2.31,s,4,2,7,2026-07-20,0.0,545,227,-2,132,132,1737,1737,-0.4,-0.4,Gomes,0
0,1995-12-30,0,0,True,True,None,None,0,0,0,178301,None,,-1,1,-1,1,0.0,616,73,0,0,None,,0,4,2.4,2.4,0,0.00,0,0.00,0,0.00,0.00,0,0,Ollie,0.0,612,72,0,0,0,False,0.0,616,73,55,False,0.0,615,73,,0,,None,79,12,4,p178301,0,0,2,0,,178301.jpg,0.0,612,72,False,-2964,None,-23.2,"[{'offset': 0, 'projected_percent': '-23.2', 'likelihood': -2}, {'offset': 1, 'projected_percent': '-72.9', 'likelihood': -3}, {'offset': 2, 'projected_percent': '-104.7', 'likelihood': -5}]",0,0,241,False,0,0,,[],Watkins,8.0,51,7,False,None,0,0,a,0,2,7,2020-09-09,0.0,616,73,0,10204,10204,226869,226869,0.0,0.0,Watkins,0
0,1997-10-02,0,0,True,True,75,75,0,0,0,173879,None,,0,0,0,0,0.0,546,54,0,0,None,,0,4,1.3,1.3,0,0.00,0,0.00,0,0.00,0.00,0,0,Tammy,0.0,541,56,0,0,0,False,0.0,547,55,56,False,0.0,531,46,,0,Knock - 75% chance of playing,2026-08-15T16:00:07.558543Z,55,125,32,p173879,0,0,None,0,,173879.jpg,0.0,541,56,False,-18,None,-46.4,"[{'offset': 0, 'projected_percent': '-46.4', 'likelihood': -3}, {'offset': 1, 'projected_percent': '-66.9', 'likelihood': -3}, {'offset': 2, 'projected_percent': '-80.1', 'likelihood': -3}]",0,0,241,False,0,0,,[],Abraham,0.1,408,61,False,None,0,0,d,0,2,7,2026-01-27,0.0,517,53,0,541,541,2332,2332,0.0,0.0,Abraham,0
0,2004-07-01,0,2,True,True,None,None,0,0.0,0,493105,None,,0,0,0,0,0.0,595,257,0,0.0,None,,0,3,2.2,2.2,1,0.00,0.0,0.00,0.0,0.00,0.14,3.15,0.0,Alejandro,1.0,281,131,0,0.0,0,False,0.0,595,257,160,False,0.0,591,254,,4,,None,60,95,60,p493105,0,0,None,0,,493105.jpg,1.0,281,131,False,-65,None,-65.7,"[{'offset': 0, 'projected_percent': '-65.7', 'likelihood': -3}, {'offset': 1, 'projected_percent': '-92.6', 'likelihood': -3}, {'offset': 2, 'projected_percent': '-109.8', 'likelihood': -5}]",0,0,10,False,0,0.0,,[],Garnacho Ferreyra,0.6,244,82,False,None,0,0.0,a,0,2,7,2026-07-23,0.0,589,251,1,1884,1884,9265,9265,0.2,0.2,Garnacho,0
0,2009-01-12,0,0,True,True,0,0,0,0,0,690838,None,,0,0,0,0,0.0,583,62,0,0,None,,0,4,0.0,0.0,0,0.00,0,0.00,0,0.00,0.00,0,0,Brian,0.0,580,62,0,0,0,False,0.0,585,63,582,False,0.0,574,57,,0,Unspecified injury - Unknown return date,2026-08-15T16:00:07.974271Z,55,223,48,p690838,0,0,None,0,,690838.jpg,0.0,580,62,False,-86,None,-8.1,"[{'offset': 0, 'projected_percent': '-8.1', 'likelihood': -1}, {'offset': 1, 'projected_percent': '-25.0', 'likelihood': -2}, {'offset': 2, 'projected_percent': '-35.8', 'likelihood': -2}]",0,0,241,False,0,0,,[],Madjo,0.4,273,46,False,None,0,0,i,0,2,7,2026-01-12,0.0,574,62,0,1117,1117,7835,7835,0.0,0.0,Madjo,0
0,2002-07-11,0,3,True,True,None,None,0,0.0,0,487992,None,,0,0,0,0,0.0,384,161,2,22.5,None,,0,2,1.7,1.7,1,0.00,0.0,0.00,0.0,0.00,0.14,1.58,0.0,Matteo,1.0,201,78,0,0.0,0,False,0.4,262,97,596,False,4.0,222,92,,8,,None,45,485,133,p487992,0,0,None,0,,487992.jpg,1.0,201,78,False,0,2026-09-02T14:00:12.061795Z,0.0,"[{'offset': 0, 'projected_percent': '0.0', 'likelihood': 0}, {'offset': 1, 'projected_percent': '0.0', 'likelihood': 0}, {'offset': 2, 'projected_percent': '0.0', 'likelihood': 0}]",0,0,106,False,0,0.0,,[],Ruggeri,0.1,411,145,False,None,0,0.0,a,2,2,7,2026-08-19,0.0,321,142,1,797,797,945,945,0.2,0.2,Ruggeri,0
0,2002-08-21,0,0,True,True,None,None,0,0,0,433969,None,,0,0,0,0,0.0,483,58,0,0,None,,0,1,2.6,2.6,0,0.00,0,0.00,0,0.00,0.00,0,0,Zion,0.0,484,65,0,0,0,False,0.0,489,65,597,False,0.0,473,65,,0,,None,50,299,15,p433969,0,0,None,0,,433969.jpg,0.0,484,65,False,0,2026-09-02T14:00:48.901511Z,0.0,"[{'offset': 0, 'projected_percent': '0.0', 'likelihood': 0}, {'offset': 1, 'projected_percent': '0.0', 'likelihood': 0}, {'offset': 2, 'projected_percent': '0.0', 'likelihood': 0}]",0,0,108,False,0,0,,[],Suzuki,0.8,213,30,False,None,0,0,a,0,2,7,2026-08-19,0.0,436,58,0,3783,3783,5867,5867,0.0,0.0,Suzuki,0
0,2006-10-02,0,0,True,True,None,None,0,0,0,569577,None,,0,0,0,0,0.0,323,129,0,0,None,,0,2,1.0,1.0,0,0.00,0,0.00,0,0.00,0.00,0,0,Triston,0.0,336,122,0,0,0,False,0.0,340,128,606,False,0.0,323,127,,0,,None,40,602,192,p569577,0,0,None,0,,569577.jpg,0.0,336,122,False,0,2026-09-05T18:20:01.582031Z,0.0,"[{'offset': 0, 'projected_percent': '0.0', 'likelihood': 0}, {'offset': 1, 'projected_percent': '0.0', 'likelihood': 0}, {'offset': 2, 'projected_percent': '0.0', 'likelihood': 0}]",0,0,241,False,0,0,,[],Rowe,0.1,479,168,False,None,0,0,a,0,2,7,2026-07-01,0.0,245,98,0,1299,1299,211,211,0.0,0.0,Rowe,0
0,2007-01-11,0,0,True,True,None,None,0,0,0,571380,None,,0,0,0,0,0.0,414,160,0,0,None,,0,3,1.0,1.0,0,0.00,0,0.00,0,0.00,0.00,0,0,Luka,0.0,419,157,0,0,0,False,0.0,424,157,607,False,0.0,408,150,,0,,None,45,518,258,p571380,0,0,None,0,,571380.jpg,0.0,419,157,False,0,2026-09-05T18:20:27.235486Z,0.0,"[{'offset': 0, 'projected_percent': '0.0', 'likelihood': 0}, {'offset': 1, 'projected_percent': '0.0', 'likelihood': 0}, {'offset': 2, 'projected_percent': '0.0', 'likelihood': 0}]",0,0,241,False,0,0,,[],Lynch,0.1,435,173,False,None,0,0,a,0,2,7,2026-07-01,0.0,353,118,0,3379,3379,750,750,0.0,0.0,Lynch,0
0,1997-11-26,0,0,True,True,None,None,0,0,0,214590,None,,0,0,0,0,0.0,359,148,0,0,None,,0,2,1.7,1.7,0,0.00,0,0.00,0,0.00,0.00,0,0,Aaron,0.0,368,139,0,0,0,False,0.0,372,145,611,False,0.0,355,144,,0,,None,45,440,102,p214590,0,0,None,0,,214590.jpg,0.0,368,139,False,0,2026-09-07T14:00:13.698490Z,0.0,"[{'offset': 0, 'projected_percent': '0.0', 'likelihood': 0}, {'offset': 1, 'projected_percent': '0.0', 'likelihood': 0}, {'offset': 2, 'projected_percent': '0.0', 'likelihood': 0}]",0,0,50,False,0,0,,[],Wan-Bissaka,0.0,510,177,False,None,0,0,a,0,2,7,2026-08-21,0.0,287,122,0,1233,1233,115,115,0.0,0.0,Wan-Bissaka,0
0,1999-10-08,0,13,True,True,None,None,0,0.0,2,457569,None,,0,0,0,0,0.0,378,38,0,0.0,None,,0,1,1.9,1.9,2,0.00,0.0,0.00,0.0,0.00,2.25,2.25,0.0,Đorđe,2.0,115,10,2,2.0,0,False,3.7,111,3,57,False,36.8,36,3,,90,,None,45,472,39,p457569,0,0,None,0,,457569.jpg,2.0,115,10,False,110,None,3.9,"[{'offset': 0, 'projected_percent': '3.9', 'likelihood': 1}, {'offset': 1, 'projected_percent': '6.3', 'likelihood': 1}, {'offset': 2, 'projected_percent': '7.8', 'likelihood': 1}]",5,0,190,False,4,4.0,,[],Petrović,3.3,100,15,False,None,1,1.0,a,0,3,91,2025-07-16,0.0,311,38,2,21050,21050,12010,12010,0.4,0.4,Petrović,0
0,1988-03-17,0,0,True,True,None,None,0,0,0,40383,None,,0,0,0,0,0.0,278,2,0,0,None,,0,1,1.0,1.0,0,0.00,0,0.00,0,0.00,0.00,0,0,Fraser,0.0,294,22,0,0,0,False,0.0,297,22,58,False,0.0,281,22,,0,,None,40,544,50,p40383,0,0,None,0,,40383.jpg,0.0,294,22,False,-14,None,-0.9,"[{'offset': 0, 'projected_percent': '-0.9', 'likelihood': -1}, {'offset': 1, 'projected_percent': '-1.9', 'likelihood': -1}, {'offset': 2, 'projected_percent': '-2.6', 'likelihood': -1}]",0,0,241,False,0,0,,[],Forster,3.2,102,16,False,None,0,0,a,0,3,91,2026-01-02,0.0,196,2,0,8233,8233,9244,9244,0.0,0.0,Forster,0
0,2000-07-10,0,0,False,True,0,None,0,0,0,444172,None,,0,0,0,0,0.0,303,14,0,0,None,,0,1,0.0,1.0,0,0.00,0,0.00,0,0.00,0.00,0,0,Will,0.0,316,34,0,0,0,False,0.0,320,34,59,False,0.0,303,34,,0,Has joined MK Dons permanently,2026-08-27T14:53:48.692835Z,40,577,62,p444172,0,0,None,0,,444172.jpg,0.0,316,34,False,-20,None,0.0,"[{'offset': 0, 'projected_percent': '0.0', 'likelihood': 0}, {'offset': 1, 'projected_percent': '0.0', 'likelihood': 0}, {'offset': 2, 'projected_percent': '0.0', 'likelihood': 0}]",0,0,241,False,0,0,,[],Dennis,0.2,346,38,False,None,0,0,u,0,3,91,2019-08-01,0.0,222,14,0,1133,1133,1160,1160,0.0,0.0,Dennis,0
0,2002-01-10,0,0,True,True,None,None,0,0.0,5,463981,None,,0,0,0,0,0.3,264,96,6,6.0,None,,0,2,2.5,2.5,1,0.00,0.0,0.00,0.0,0.00,2.25,2.25,0.0,James,1.0,257,95,2,2.0,0,False,1.2,229,87,60,False,11.6,148,70,,90,,None,55,176,24,p463981,0,0,None,0,,463981.jpg,1.0,257,95,False,40,None,1.4,"[{'offset': 0, 'projected_percent': '1.4', 'likelihood': 1}, {'offset': 1, 'projected_percent': '2.2', 'likelihood': 1}, {'offset': 2, 'projected_percent': '2.8', 'likelihood': 1}]",1,0,241,False,0,0.0,,[],Hill,0.9,206,76,False,None,1,1.0,a,1,3,91,2022-01-05,0.0,550,196,1,7721,7721,5886,5886,0.2,0.2,Hill,0
0,2001-11-20,0,0,True,True,None,None,0,0.0,5,494521,None,,0,0,0,0,1.3,211,68,7,7.0,None,,0,2,2.5,2.5,1,0.00,0.0,0.00,0.0,0.00,2.25,2.25,0.0,Adrien,1.0,263,96,2,2.0,0,False,1.7,200,78,61,False,15.4,110,49,,90,,None,55,192,27,p494521,0,0,None,0,,494521.jpg,1.0,263,96,False,20,None,-1.0,"[{'offset': 0, 'projected_percent': '-1.0', 'likelihood': -1}, {'offset': 1, 'projected_percent': '0.0', 'likelihood': 0}, {'offset': 2, 'projected_percent': '0.3', 'likelihood': 1}]",7,0,73,False,0,0.0,,[],Truffert,4.2,77,31,False,None,1,1.0,a,2,3,91,2025-06-16,0.0,558,197,1,17486,17486,22388,22388,0.2,0.2,Truffert,0
0,2001-01-06,0,0,True,True,None,None,0,0,0,242882,None,,0,0,0,0,0.0,478,186,0,0,None,,0,2,2.2,2.2,0,0.00,0,0.00,0,0.00,0.00,0,0,Bafodé,0.0,480,179,0,0,0,False,0.0,485,186,62,False,0.0,469,186,,0,,None,50,292,52,p242882,0,0,None,0,,242882.jpg,0.0,480,179,False,-3,None,0.4,"[{'offset': 0, 'projected_percent': '0.4', 'likelihood': 1}, {'offset': 1, 'projected_percent': '0.3', 'likelihood': 1}, {'offset': 2, 'projected_percent': '0.3', 'likelihood': 1}]",0,0,73,False,0,0,,[],Diakité,0.2,340,127,False,None,0,0,a,0,3,91,2025-08-13,0.0,429,173,0,2501,2501,2125,2125,0.0,0.0,Diakité,0
0,2007-06-28,0,0,True,True,0,0,0,0,0,620487,None,,0,0,0,0,0.0,535,197,0,0,None,,0,2,0.0,0.0,0,0.00,0,0.00,0,0.00,0.00,0,0,Veljko,0.0,534,191,0,0,0,False,0.0,539,197,63,False,0.0,523,197,,0,Unspecified injury - Unknown return date,2026-08-06T10:00:10.456051Z,50,388,77,p620487,0,0,None,0,,620487.jpg,0.0,534,191,False,-1,None,-34.9,"[{'offset': 0, 'projected_percent': '-34.9', 'likelihood': -2}, {'offset': 1, 'projected_percent': '-44.0', 'likelihood': -3}, {'offset': 2, 'projected_percent': '-49.8', 'likelihood': -3}]",0,0,190,False,0,0,,[],Milosavljevic,0.0,584,199,False,None,0,0,i,0,3,91,2025-09-01,0.0,499,189,0,71,71,273,273,0.0,0.0,Milosavljević,0
0,1991-04-29,0,4,True,True,None,None,0,0.0,4,54469,None,,0,0,0,0,0.6,238,85,5,5.0,None,,0,2,1.7,1.7,1,0.00,0.0,0.00,0.0,0.00,2.25,2.25,0.0,Adam,1.0,182,62,2,2.0,0,False,0.8,242,92,64,False,7.0,188,83,,90,,None,45,402,81,p54469,0,0,None,0,,54469.jpg,1.0,182,62,False,17,None,0.8,"[{'offset': 0, 'projected_percent': '0.8', 'likelihood': 1}, {'offset': 1, 'projected_percent': '1.2', 'likelihood': 1}, {'offset': 2, 'projected_percent': '1.4', 'likelihood': 1}]",3,0,241,False,0,0.0,,[],Smith,0.1,391,140,False,None,1,1.0,a,1,3,91,2014-01-28,0.0,259,111,1,2398,2398,890,890,0.2,0.2,Smith,0
0,2001-08-13,0,0,True,True,0,0,0,0,0,436893,None,,0,0,0,0,0.0,375,159,0,0,None,,0,2,0.0,0.0,0,0.00,0,0.00,0,0.00,0.00,0,0,Julián,0.0,385,152,0,0,0,False,0.0,388,157,65,False,0.0,371,156,,0,Thigh injury - Unknown return date,2026-08-09T08:00:05.645826Z,45,467,123,p436893,0,0,None,0,,436893.jpg,0.0,385,152,False,-3,None,-48.3,"[{'offset': 0, 'projected_percent': '-48.3', 'likelihood': -3}, {'offset': 1, 'projected_percent': '-65.6', 'likelihood': -3}, {'offset': 2, 'projected_percent': '-76.7', 'likelihood': -3}]",0,0,139,False,0,0,https://www.afcb.co.uk/news/2026/august/06/araujo-undergoes-successful-surgery/,[],Araujo Zúñiga,0.0,561,195,False,None,0,0,i,0,3,91,2024-08-13,0.0,308,137,0,80,80,475,475,0.0,0.0,J.Araujo,0
0,2005-02-16,0,0,True,True,75,75,0,0,0,575901,None,,0,0,0,0,0.0,324,130,0,0,None,,0,2,0.8,0.8,0,0.00,0,0.00,0,0.00,0.00,0,0,Julio,0.0,337,123,0,0,0,False,0.0,341,129,66,False,0.0,324,128,,0,Hamstring injury - 75% chance of playing,2026-08-15T16:30:07.021055Z,40,604,194,p575901,0,0,None,0,,575901.jpg,0.0,337,123,False,-11,None,-23.5,"[{'offset': 0, 'projected_percent': '-23.5', 'likelihood': -2}, {'offset': 1, 'projected_percent': '-30.6', 'likelihood': -2}, {'offset': 2, 'projected_percent': '-35.2', 'likelihood': -2}]",0,0,10,False,0,0,,[],Soler Barreto,0.2,351,132,False,None,0,0,d,0,3,91,2025-01-07,0.0,247,100,0,373,373,2235,2235,0.0,0.0,Soler,0
0,2006-08-03,0,9,True,True,None,None,0,0.0,1,499604,None,,0,0,0,0,11.3,118,70,1,1.02,None,,0,3,2.3,2.3,2,0.03,0.03,0.07,0.07,0.04,2.06,2.11,0.04,Rayan Vitor,2.0,164,81,1,1.02,0,False,3.5,117,58,67,False,6.2,200,81,Rayan,88,,None,65,46,31,p499604,0,0,None,0,,499604.jpg,2.0,164,81,False,108,None,1.9,"[{'offset': 0, 'projected_percent': '1.9', 'likelihood': 1}, {'offset': 1, 'projected_percent': '4.3', 'likelihood': 1}, {'offset': 2, 'projected_percent': '5.8', 'likelihood': 1}]",0,0,30,False,0,0.0,,[],Simplício Rocha,2.8,110,34,False,None,1,1.02,a,0,3,91,2026-01-27,17.0,62,32,2,20435,20435,19258,19258,0.3,0.3,Rayan,0
0,1999-03-22,3,32,True,True,None,None,0,0.0,2,201658,1,,0,0,0,0,17.2,70,43,8,8.0,1,,0,3,2.2,2.2,10,0.08,0.08,0.48,0.48,0.40,2.25,2.25,0.4,Marcus,10.0,18,9,2,2.0,1,False,7.5,36,21,68,False,40.0,27,14,,90,,None,60,66,44,p201658,0,0,3,0,,201658.jpg,10.0,18,9,False,996,None,26.5,"[{'offset': 0, 'projected_percent': '26.5', 'likelihood': 2}, {'offset': 1, 'projected_percent': '48.4', 'likelihood': 3}, {'offset': 2, 'projected_percent': '62.4', 'likelihood': 3}]",4,0,241,False,0,0.0,,[],Tavernier,2.3,122,38,False,None,1,1.0,a,2,3,91,2022-08-01,18.0,53,28,10,67197,67197,10395,10395,1.7,1.7,Tavernier,0
0,2003-08-21,0,17,True,True,None,None,0,0.0,1,503139,2,,0,0,0,0,4.8,147,87,11,11.0,4,,0,3,2.2,2.2,2,0.01,0.01,0.01,0.01,0.00,2.25,2.25,0.0,Alex,2.0,157,77,2,2.0,0,False,1.6,205,93,69,False,11.4,152,52,,90,,None,60,97,62,p503139,0,0,None,0,,503139.jpg,2.0,157,77,False,-41,None,-9.4,"[{'offset': 0, 'projected_percent': '-9.4', 'likelihood': -1}, {'offset': 1, 'projected_percent': '-15.8', 'likelihood': -1}, {'offset': 2, 'projected_percent': '-19.9', 'likelihood': -1}]",6,0,241,False,0,0.0,,[],Scott,1.5,161,46,False,None,1,1.0,a,4,3,91,2023-08-10,0.0,591,253,2,7348,7348,11325,11325,0.3,0.3,Scott,0
0,1999-05-05,0,15,True,True,None,None,1,1.22,1,222683,3,,0,0,0,0,14.3,87,55,9,10.95,2,,0,3,2.2,2.2,3,0.00,0.0,0.11,0.13,0.11,1.94,2.36,0.13,Justin,3.0,104,46,0,0.0,0,False,4.2,99,51,70,False,11.0,156,55,,74,,None,60,74,47,p222683,0,0,2,0,,222683.jpg,3.0,104,46,False,104,None,3.0,"[{'offset': 0, 'projected_percent': '3.0', 'likelihood': 1}, {'offset': 1, 'projected_percent': '5.3', 'likelihood': 1}, {'offset': 2, 'projected_percent': '6.7', 'likelihood': 1}]",5,0,152,False,0,0.0,,[],Kluivert,1.2,174,53,False,None,1,1.22,a,3,3,91,2023-07-01,17.0,60,31,3,13247,13247,8327,8327,0.5,0.5,Kluivert,0
0,1997-02-03,0,8,True,True,None,None,1,1.2,3,155408,5,,0,0,0,0,2.1,184,107,7,8.4,None,,0,3,1.5,1.5,3,0.00,0.0,0.00,0.0,0.00,1.94,2.33,0.0,Lewis,3.0,86,34,0,0.0,0,False,0.7,245,108,71,False,4.6,216,92,,75,,None,50,245,148,p155408,0,0,None,0,,155408.jpg,3.0,86,34,False,20,None,0.7,"[{'offset': 0, 'projected_percent': '0.7', 'likelihood': 1}, {'offset': 1, 'projected_percent': '1.1', 'likelihood': 1}, {'offset': 2, 'projected_percent': '1.4', 'likelihood': 1}]",3,0,241,False,0,0.0,,[],Cook,0.2,358,133,False,None,1,1.2,a,1,3,91,2016-07-08,0.0,392,138,3,2735,2735,1470,1470,0.6,0.6,Cook,0
0,2005-11-11,0,3,True,True,None,None,0,0.0,0,496208,None,,0,0,0,0,0.1,275,143,1,90.0,None,,0,3,1.5,1.5,1,0.00,0.0,0.00,0.0,0.00,0.19,17.1,0.0,Ben,1.0,222,95,1,90.0,0,False,0.2,282,133,72,False,0.2,276,131,,1,,None,50,340,197,p496208,0,0,None,0,,496208.jpg,1.0,222,95,False,0,None,-20.7,"[{'offset': 0, 'projected_percent': '-20.7', 'likelihood': -2}, {'offset': 1, 'projected_percent': '-20.7', 'likelihood': -2}, {'offset': 2, 'projected_percent': '-20.7', 'likelihood': -2}]",1,0,243,False,0,0.0,,[],Gannon-Doak,0.1,440,176,False,None,0,0.0,a,0,3,91,2025-08-18,2.0,171,84,1,336,336,753,753,0.2,0.2,Gannon-Doak,0
0,1999-02-14,0,4,True,True,100,75,0,0.0,3,200785,None,,0,0,0,0,0.6,239,127,3,18.0,None,,0,3,1.5,1.1,1,0.00,0.0,0.00,0.0,0.00,0.31,1.86,0.0,Tyler,1.0,212,91,2,12.0,0,False,0.4,263,119,73,False,3.6,231,101,,15,,2026-08-15T16:30:07.029928Z,50,258,157,p200785,0,0,None,0,,200785.jpg,1.0,212,91,False,9,None,0.1,"[{'offset': 0, 'projected_percent': '0.1', 'likelihood': 1}, {'offset': 1, 'projected_percent': '0.3', 'likelihood': 1}, {'offset': 2, 'projected_percent': '0.4', 'likelihood': 1}]",0,0,229,False,0,0.0,,[],Adams,0.2,327,115,False,None,0,0.0,a,0,3,91,2023-08-20,0.0,404,146,1,2608,2608,2649,2649,0.2,0.2,Adams,0
0,1997-07-08,0,0,True,True,100,75,0,0,0,111317,4,,0,0,0,0,0.0,444,174,0,0,3,,0,3,1.5,1.1,0,0.00,0,0.00,0,0.00,0.00,0,0,David,0.0,448,171,0,0,0,False,0.0,453,171,74,False,0.0,437,164,,0,,2026-08-15T16:30:07.037929Z,50,237,143,p111317,0,0,None,0,,111317.jpg,0.0,448,171,False,-1,None,-7.4,"[{'offset': 0, 'projected_percent': '-7.4', 'likelihood': -1}, {'offset': 1, 'projected_percent': '-11.8', 'likelihood': -1}, {'offset': 2, 'projected_percent': '-14.7', 'likelihood': -1}]",0,0,244,False,0,0,,[],Brooks,0.1,487,200,False,None,0,0,a,0,3,91,2018-07-01,0.0,385,133,0,500,500,629,629,0.0,0.0,Brooks,0
0,1995-02-22,0,0,True,True,100,0,0,0,0,158499,6,,0,0,0,0,0.0,452,179,0,0,None,,0,3,1.5,0.0,0,0.00,0,0.00,0,0.00,0.00,0,0,Ryan,0.0,454,176,0,0,0,False,0.0,460,176,75,False,0.0,444,169,,0,,2026-07-24T17:30:10.035483Z,50,246,149,p158499,0,0,None,0,,158499.jpg,0.0,454,176,False,0,2026-08-31T15:30:07.730886Z,0.0,"[{'offset': 0, 'projected_percent': '0.0', 'likelihood': 0}, {'offset': 1, 'projected_percent': '0.0', 'likelihood': 0}, {'offset': 2, 'projected_percent': '0.0', 'likelihood': 0}]",0,0,243,False,0,0,,[],Christie,0.0,554,229,False,None,0,0,a,0,3,91,2021-08-31,0.0,393,139,0,457,457,171,171,0.0,0.0,Christie,0
0,2005-10-23,0,5,True,True,None,None,0,0.0,0,614574,None,,0,0,0,0,0.6,243,129,2,12.0,None,,0,3,1.5,1.5,1,0.00,0.0,0.00,0.0,0.00,0.31,1.86,0.0,Alex,1.0,236,104,2,12.0,0,False,0.3,278,131,76,False,2.8,238,107,,15,,None,50,387,231,p614574,0,0,None,0,,614574.jpg,1.0,236,104,False,0,None,-9.2,"[{'offset': 0, 'projected_percent': '-9.2', 'likelihood': -1}, {'offset': 1, 'projected_percent': '-9.2', 'likelihood': -1}, {'offset': 2, 'projected_percent': '-9.2', 'likelihood': -1}]",1,0,98,False,0,0.0,,[],Tóth,0.0,563,234,False,None,0,0.0,a,1,3,91,2026-01-20,0.0,498,197,1,90,90,131,131,0.2,0.2,Tóth.A,0
0,2000-05-10,0,0,True,True,0,0,0,0,0,489888,None,,0,0,0,0,0.0,506,206,0,0,None,,0,3,0.0,0.0,0,0.00,0,0.00,0,0.00,0.00,0,0,Amine,0.0,506,205,0,0,0,False,0.0,510,204,77,False,0.0,494,197,,0,Unspecified injury - Unknown return date,2026-08-15T16:00:07.590566Z,50,332,192,p489888,0,0,None,0,,489888.jpg,0.0,506,205,False,-4,None,-72.0,"[{'offset': 0, 'projected_percent': '-72.0', 'likelihood': -3}, {'offset': 1, 'projected_percent': '-86.2', 'likelihood': -3}, {'offset': 2, 'projected_percent': '-95.3', 'likelihood': -4}]",0,0,145,False,0,0,,[],Adli,0.0,543,225,False,None,0,0,i,0,3,91,2025-08-21,0.0,463,173,0,47,47,910,910,0.0,0.0,Adli,0
0,2006-06-23,0,0,True,True,0,0,0,0,0,560262,None,,0,0,0,0,0.0,615,270,0,0,None,,0,3,0.0,0.0,0,0.00,0,0.00,0,0.00,0.00,0,0,Junior,0.0,611,269,0,0,0,False,0.0,615,270,78,False,0.0,614,269,,0,Foot injury - Unknown return date,2026-07-29T17:30:09.796802Z,75,21,13,p560262,0,0,1,0,,560262.jpg,0.0,611,269,False,-66,None,-72.9,"[{'offset': 0, 'projected_percent': '-72.9', 'likelihood': -3}, {'offset': 1, 'projected_percent': '-89.8', 'likelihood': -3}, {'offset': 2, 'projected_percent': '-100.6', 'likelihood': -5}]",0,0,73,False,0,0,https://www.afcb.co.uk/news/2026/july/29/junior-kroupi-undergoes-successful-surgery-after-foot-injury/,[],Kroupi,0.3,295,99,False,None,0,0,i,0,3,91,2025-02-02,0.0,615,270,0,438,438,12253,12253,0.0,0.0,Kroupi.Jr,0
1,1999-10-06,0,17,True,True,None,None,1,1.22,4,444102,None,,0,0,0,0,11.9,108,12,8,9.73,None,,0,4,2.0,2.0,4,0.21,0.26,0.21,0.26,0.00,1.94,2.36,0.0,Francisco Evanilson,4.0,79,9,0,0.0,0,False,3.3,124,14,79,False,19.4,88,9,Evanilson,74,,None,60,84,22,p444102,0,0,None,0,,444102.jpg,4.0,79,9,False,644,None,22.2,"[{'offset': 0, 'projected_percent': '22.2', 'likelihood': 2}, {'offset': 1, 'projected_percent': '36.3', 'likelihood': 2}, {'offset': 2, 'projected_percent': '45.4', 'likelihood': 3}]",3,0,30,False,0,0.0,,[],de Lima Barbosa,2.9,106,16,False,None,1,1.22,a,1,3,91,2024-08-16,2.0,185,29,4,60235,60235,16276,16276,0.7,0.7,Evanilson,1
0,1997-05-10,0,0,False,True,0,0,0,0,0,168636,None,,0,0,0,0,0.0,545,53,0,0,None,,0,4,0.0,0.0,0,0.00,0,0.00,0,0.00,0.00,0,0,Enes,0.0,540,55,0,0,0,False,0.0,546,54,80,False,0.0,530,45,,0,Has joined Getafe permanently,2026-08-14T14:14:21.881112Z,55,122,30,p168636,0,0,None,0,,168636.jpg,0.0,540,55,False,-2,None,0.0,"[{'offset': 0, 'projected_percent': '0.0', 'likelihood': 0}, {'offset': 1, 'projected_percent': '0.0', 'likelihood': 0}, {'offset': 2, 'projected_percent': '0.0', 'likelihood': 0}]",0,0,219,False,0,0,,[],Ünal,0.0,537,70,False,None,0,0,u,0,3,91,2024-07-01,0.0,516,52,0,0,0,995,995,0.0,0.0,Enes Ünal,0
0,2004-07-14,0,0,True,True,100,75,0,0,0,561245,None,,0,0,0,0,0.0,598,68,0,0,None,,0,4,2.0,1.5,0,0.00,0,0.00,0,0.00,0.00,0,0,Álvaro,0.0,593,67,0,0,0,False,0.0,598,68,81,False,0.0,594,67,,0,,2026-08-15T16:30:07.054142Z,60,105,28,p561245,0,0,None,0,,561245.jpg,0.0,593,67,False,4,None,-7.0,"[{'offset': 0, 'projected_percent': '-7.0', 'likelihood': -1}, {'offset': 1, 'projected_percent': '0.0', 'likelihood': 0}, {'offset': 2, 'projected_percent': '0.1', 'likelihood': 1}]",0,0,230,False,0,0,,[],Rodríguez,0.1,406,60,False,None,0,0,a,0,3,91,2026-07-14,0.0,593,68,0,876,876,1091,1091,0.0,0.0,Rodríguez,0
0,2003-10-30,0,5,True,True,None,None,0,0.0,13,483067,None,,0,0,0,0,0.3,260,95,13,13.0,None,,0,2,2.2,2.2,2,0.00,0.0,0.00,0.0,0.00,2.25,2.25,0.0,António João,2.0,131,47,2,2.0,0,False,3.2,126,48,566,False,31.4,52,20,António Silva,90,,None,50,326,64,p483067,0,0,None,0,,483067.jpg,2.0,131,47,False,62,None,2.1,"[{'offset': 0, 'projected_percent': '2.1', 'likelihood': 1}, {'offset': 1, 'projected_percent': '3.4', 'likelihood': 1}, {'offset': 2, 'projected_percent': '4.3', 'likelihood': 1}]",1,0,173,False,0,0.0,,[],Pereira de Albuquerque Tavares da Silva,0.4,282,106,False,None,1,1.0,a,0,3,91,2026-08-01,0.0,457,180,2,5855,5855,1894,1894,0.4,0.4,Silva,1
0,2003-08-15,0,0,True,True,None,None,0,0,0,494928,None,,0,0,0,0,0.0,390,162,0,0,None,,0,2,1.7,1.7,0,0.00,0,0.00,0,0.00,0.00,0,0,Juanlu,0.0,395,155,0,0,0,False,0.0,399,161,573,False,0.0,383,161,,0,,None,45,491,134,p494928,0,0,None,0,,494928.jpg,0.0,395,155,False,-9,None,-16.4,"[{'offset': 0, 'projected_percent': '-16.4', 'likelihood': -1}, {'offset': 1, 'projected_percent': '-25.9', 'likelihood': -2}, {'offset': 2, 'projected_percent': '-32.1', 'likelihood': -2}]",0,0,200,False,0,0,,[],Sánchez,0.2,332,124,False,None,0,0,a,0,3,91,2026-08-06,0.0,327,143,0,425,425,1258,1258,0.0,0.0,Sanchez,0
0,2003-08-13,0,6,True,True,None,None,0,0.0,0,523700,None,,0,0,0,0,0.8,230,26,1,6.0,None,,0,4,1.4,1.4,1,0.00,0.0,0.10,0.6,0.10,0.31,1.86,0.6,Daniel,1.0,230,21,2,12.0,0,False,2.1,171,18,608,False,3.4,235,17,,15,,None,50,358,58,p523700,0,0,None,0,,523700.jpg,1.0,230,21,False,0,2026-09-05T18:20:47.304197Z,0.0,"[{'offset': 0, 'projected_percent': '0.0', 'likelihood': 0}, {'offset': 1, 'projected_percent': '0.0', 'likelihood': 0}, {'offset': 2, 'projected_percent': '0.0', 'likelihood': 0}]",1,0,39,False,0,0.0,,[],Jebbison,0.0,498,66,False,None,0,0.0,a,0,3,91,2024-07-10,17.0,57,12,1,2108,2108,358,358,0.2,0.2,Jebbison,0
0,1997-07-27,0,0,True,True,None,None,0,0,0,230650,None,,0,0,0,0,0.0,364,34,0,0,None,,0,1,1.9,1.9,0,0.00,0,0.00,0,0.00,0.00,0,0,Michele,0.0,373,52,0,0,0,False,0.0,377,52,615,False,0.0,360,52,,0,,None,45,450,35,p230650,0,0,None,0,,230650.jpg,0.0,373,52,False,0,2026-09-09T14:56:25.380082Z,0.0,"[{'offset': 0, 'projected_percent': '0.0', 'likelihood': 0}, {'offset': 1, 'projected_percent': '0.0', 'likelihood': 0}, {'offset': 2, 'projected_percent': '0.0', 'likelihood': 0}]",0,0,106,False,0,0,,[],Di Gregorio,0.0,606,68,False,None,0,0,a,0,3,91,2026-08-25,0.0,294,34,0,109,109,11,11,0.0,0.0,Di Gregorio,0
0,1998-11-23,0,34,True,True,None,None,1,1.0,0,200720,None,,0,0,0,0,0.0,460,54,0,0.0,None,,0,1,2.6,2.6,7,0.01,0.01,0.01,0.01,0.00,0.57,0.57,0.0,Caoimhín,7.0,36,3,0,0.0,0,False,3.1,128,6,82,False,31.4,51,6,,90,,None,50,257,11,p200720,0,0,None,0,,200720.jpg,7.0,36,3,False,345,None,18.7,"[{'offset': 0, 'projected_percent': '18.7', 'likelihood': 1}, {'offset': 1, 'projected_percent': '26.3', 'likelihood': 2}, {'offset': 2, 'projected_percent': '31.1', 'likelihood': 2}]",5,0,104,False,4,4.0,,[],Kelleher,6.5,61,8,False,None,1,1.0,a,0,4,94,2025-06-03,0.0,403,54,7,65698,65698,17067,17067,1.4,1.4,Kelleher,0
0,2001-10-13,0,0,True,True,None,None,0,0,0,507433,None,,0,0,0,0,0.0,395,43,0,0,None,,0,1,1.9,1.9,0,0.00,0,0.00,0,0.00,0.00,0,0,Hákon Rafn,0.0,400,55,0,0,0,False,0.0,404,55,83,False,0.0,388,55,,0,,None,45,496,44,p507433,0,0,None,0,,507433.jpg,0.0,400,55,False,0,None,-9.4,"[{'offset': 0, 'projected_percent': '-9.4', 'likelihood': -1}, {'offset': 1, 'projected_percent': '-9.4', 'likelihood': -1}, {'offset': 2, 'projected_percent': '-9.4', 'likelihood': -1}]",0,0,99,False,0,0,,[],Valdimarsson,0.1,409,45,False,None,0,0,a,0,4,94,2024-01-26,0.0,332,43,0,582,582,783,783,0.0,0.0,Valdimarsson,0
0,2001-04-30,0,21,True,True,None,None,1,1.0,3,432830,None,,0,0,0,0,21.5,57,17,3,3.0,None,,0,2,2.5,2.5,6,0.04,0.04,0.38,0.38,0.34,0.57,0.57,0.34,Nathan,6.0,56,24,0,0.0,0,False,5.0,77,26,84,False,11.6,147,69,,90,,None,55,160,20,p432830,0,0,None,0,,432830.jpg,6.0,56,24,False,80,None,7.0,"[{'offset': 0, 'projected_percent': '7.0', 'likelihood': 1}, {'offset': 1, 'projected_percent': '8.7', 'likelihood': 1}, {'offset': 2, 'projected_percent': '9.9', 'likelihood': 1}]",3,0,104,False,0,0.0,,[],Collins,2.1,129,51,False,None,1,1.0,a,0,4,94,2023-07-04,17.0,58,16,6,22274,22274,8002,8002,1.1,1.1,Collins,0
0,2001-12-20,0,0,True,True,0,0,0,0,0,444765,None,,0,0,0,0,0.0,489,189,0,0,None,,0,2,0.0,0.0,0,0.00,0,0.00,0,0.00,0.00,0,0,Sepp,0.0,490,182,0,0,0,False,0.0,495,189,85,False,0.0,479,189,,0,Groin injury - Unknown return date,2026-08-15T15:30:06.416627Z,50,306,57,p444765,0,0,None,0,,444765.jpg,0.0,490,182,False,-21,None,-66.7,"[{'offset': 0, 'projected_percent': '-66.7', 'likelihood': -3}, {'offset': 1, 'projected_percent': '-82.2', 'likelihood': -3}, {'offset': 2, 'projected_percent': '-92.1', 'likelihood': -3}]",0,0,152,False,0,0,https://www.brentfordfc.com/en/news/article/first-team-brentford-v-tottenham-hotspur-premier-league-team-news-mamadou-sangar%C3%A9,[],van den Berg,0.1,407,143,False,None,0,0,i,0,4,94,2024-08-22,0.0,442,177,0,138,138,3849,3849,0.0,0.0,Van den Berg,0
0,2001-02-22,2,37,True,True,None,None,1,1.0,4,249231,None,,0,0,0,0,15.9,76,47,10,10.0,1,,0,3,2.0,2.0,10,0.12,0.12,0.89,0.89,0.77,0.57,0.57,0.77,Keane,10.0,17,8,0,0.0,1,False,8.2,29,19,86,False,47.2,12,8,,90,,None,55,156,96,p249231,0,0,None,0,,249231.jpg,10.0,17,8,False,584,None,18.0,"[{'offset': 0, 'projected_percent': '18.0', 'likelihood': 1}, {'offset': 1, 'projected_percent': '30.8', 'likelihood': 2}, {'offset': 2, 'projected_percent': '39.0', 'likelihood': 2}]",5,0,241,False,0,0.0,,[],Lewis-Potter,1.0,192,63,False,None,1,1.0,a,1,4,94,2022-07-12,19.0,49,25,10,41619,41619,5789,5789,1.8,1.8,Lewis-Potter,0
0,1998-04-17,0,29,True,True,None,None,1,1.0,8,191866,None,,0,0,0,0,0.9,223,74,10,10.0,None,,0,2,1.7,1.7,8,0.02,0.02,0.13,0.13,0.11,0.57,0.57,0.11,Kristoffer,8.0,30,12,0,0.0,0,False,5.6,60,18,87,False,20.0,84,38,,90,,None,45,432,96,p191866,0,0,None,0,,191866.jpg,8.0,30,12,False,607,None,19.7,"[{'offset': 0, 'projected_percent': '19.7', 'likelihood': 1}, {'offset': 1, 'projected_percent': '33.0', 'likelihood': 2}, {'offset': 2, 'projected_percent': '41.6', 'likelihood': 3}]",3,0,161,False,0,0.0,,[],Ajer,4.0,82,33,False,None,1,1.0,a,2,4,94,2021-07-21,35.0,21,5,8,56934,56934,11681,11681,1.8,1.8,Ajer,0
0,2004-07-10,1,36,True,True,None,None,1,1.2,4,607464,None,,1,-1,1,-1,1.5,197,62,4,4.8,None,,1,2,1.9,1.9,13,0.00,0.0,0.50,0.6,0.50,0.47,0.56,0.6,Michael,13.0,6,4,0,0.0,1,False,8.1,31,6,88,True,33.8,39,13,,75,,None,46,401,80,p607464,0,0,None,0,,607464.jpg,13.0,6,4,False,1525,None,5.0,"[{'offset': 0, 'projected_percent': '5.0', 'likelihood': 1}, {'offset': 1, 'projected_percent': '17.4', 'likelihood': 1}, {'offset': 2, 'projected_percent': '25.3', 'likelihood': 2}]",5,0,106,False,0,0.0,,[],Kayode,7.4,57,23,False,None,1,1.2,a,0,4,94,2025-07-01,46.0,10,1,13,280307,280307,18214,18214,2.8,2.8,Kayode,0
0,1997-07-08,0,0,True,True,None,None,0,0,0,194010,None,,0,0,0,0,0.0,355,146,0,0,None,,0,2,1.7,1.7,0,0.00,0,0.00,0,0.00,0.00,0,0,Rico,0.0,364,137,0,0,0,False,0.0,368,143,89,False,0.0,351,142,,0,,None,45,433,97,p194010,0,0,None,0,,194010.jpg,0.0,364,137,False,-20,None,-23.9,"[{'offset': 0, 'projected_percent': '-23.9', 'likelihood': -2}, {'offset': 1, 'projected_percent': '-42.3', 'likelihood': -3}, {'offset': 2, 'projected_percent': '-54.0', 'likelihood': -3}]",0,0,107,False,0,0,,[],Henry,0.2,317,120,False,None,0,0,a,0,4,94,2016-08-31,0.0,282,119,0,498,498,1877,1877,0.0,0.0,Henry,0
0,2002-06-10,0,2,True,True,None,None,0,0.0,0,472713,None,,0,0,0,0,0.3,257,93,0,0.0,None,,0,2,1.7,1.7,1,0.00,0.0,0.00,0.0,0.00,0.10,0.64,0.0,Aaron,1.0,197,75,0,0.0,0,False,0.0,393,159,90,False,0.0,377,159,,14,,None,45,478,129,p472713,0,0,None,0,,472713.jpg,1.0,197,75,False,-2,None,0.1,"[{'offset': 0, 'projected_percent': '0.1', 'likelihood': 1}, {'offset': 1, 'projected_percent': '0.0', 'likelihood': 0}, {'offset': 2, 'projected_percent': '0.0', 'likelihood': 0}]",2,0,243,False,0,0.0,,[],Hickey,0.1,447,158,False,None,0,0.0,a,0,4,94,2022-07-09,0.0,316,140,1,554,554,478,478,0.2,0.2,Hickey,0
0,1993-05-29,0,0,True,True,None,None,0,0,0,231065,None,,0,0,0,0,0.0,365,152,0,0,None,,0,2,1.7,1.7,0,0.00,0,0.00,0,0.00,0.00,0,0,Ethan,0.0,374,143,0,0,0,False,0.0,378,149,91,False,0.0,361,148,,0,,None,45,451,111,p231065,0,0,None,0,,231065.jpg,0.0,374,143,False,-8,None,-22.9,"[{'offset': 0, 'projected_percent': '-22.9', 'likelihood': -2}, {'offset': 1, 'projected_percent': '-46.4', 'likelihood': -3}, {'offset': 2, 'projected_percent': '-61.5', 'likelihood': -3}]",0,0,107,False,0,0,,[],Pinnock,0.1,446,157,False,None,0,0,a,0,4,94,2019-07-02,0.0,295,128,0,406,406,842,842,0.0,0.0,Pinnock,0
0,2004-12-24,0,0,True,True,None,None,0,0,0,570241,None,,0,0,0,0,0.0,413,169,0,0,None,,0,2,1.7,1.7,0,0.00,0,0.00,0,0.00,0.00,0,0,Kim,0.0,418,162,0,0,0,False,0.0,423,168,92,False,0.0,407,168,Kim Ji-Soo,0,,None,45,517,143,p570241,0,0,None,0,,570241.jpg,0.0,418,162,False,-2,None,-11.2,"[{'offset': 0, 'projected_percent': '-11.2', 'likelihood': -1}, {'offset': 1, 'projected_percent': '-30.6', 'likelihood': -2}, {'offset': 2, 'projected_percent': '-43.1', 'likelihood': -3}]",0,0,114,False,0,0,,[],Ji-soo,0.0,551,190,False,None,0,0,a,0,4,94,2023-07-20,0.0,352,151,0,106,106,179,179,0.0,0.0,Ji-soo,0
0,2006-05-16,0,0,True,True,None,None,0,0,0,513086,None,,0,0,0,0,0.0,397,165,0,0,None,,0,2,1.7,1.7,0,0.00,0,0.00,0,0.00,0.00,0,0,Jannik,0.0,402,158,0,0,0,False,0.0,406,164,93,False,0.0,390,164,,0,,None,45,498,137,p513086,0,0,None,0,,513086.jpg,0.0,402,158,False,-7,None,-22.7,"[{'offset': 0, 'projected_percent': '-22.7', 'likelihood': -2}, {'offset': 1, 'projected_percent': '-31.5', 'likelihood': -2}, {'offset': 2, 'projected_percent': '-37.1', 'likelihood': -2}]",0,0,14,False,0,0,,[],Schuster,0.2,366,137,False,None,0,0,a,0,4,94,2026-06-15,0.0,334,146,0,129,129,1023,1023,0.0,0.0,Schuster,0
0,2001-11-27,0,17,True,True,None,None,1,1.0,1,513418,None,,0,0,0,0,11.8,110,66,9,9.0,None,,0,3,2.2,2.2,3,0.01,0.01,0.53,0.53,0.52,0.57,0.57,0.52,Kevin,3.0,105,47,0,0.0,0,False,8.5,28,18,94,False,14.4,120,39,,90,,None,60,99,64,p513418,0,0,2,0,,513418.jpg,3.0,105,47,False,43,None,0.6,"[{'offset': 0, 'projected_percent': '0.6', 'likelihood': 1}, {'offset': 1, 'projected_percent': '1.6', 'likelihood': 1}, {'offset': 2, 'projected_percent': '2.2', 'likelihood': 1}]",5,0,80,False,0,0.0,,[],Schade,3.5,95,30,False,None,1,1.0,a,3,4,94,2023-07-01,59.0,2,1,3,19946,19946,21590,21590,0.5,0.5,Schade,0
0,2002-02-11,0,6,True,True,None,None,1,1.36,2,533463,2,,0,0,0,0,30.8,26,21,6,8.18,None,,0,3,2.3,2.3,3,0.29,0.4,0.34,0.47,0.05,0.47,0.64,0.07,Dango,3.0,107,49,0,0.0,0,False,4.7,85,45,95,False,1.0,268,125,,66,,None,65,49,33,p533463,0,0,None,0,,533463.jpg,3.0,107,49,False,-52,None,-6.4,"[{'offset': 0, 'projected_percent': '-6.4', 'likelihood': -1}, {'offset': 1, 'projected_percent': '-16.9', 'likelihood': -1}, {'offset': 2, 'projected_percent': '-23.7', 'likelihood': -2}]",4,0,35,False,0,0.0,,[],Ouattara,1.1,182,57,False,None,1,1.36,a,0,4,94,2025-08-16,15.0,70,38,3,6461,6461,9021,9021,0.5,0.5,O.Dango,0
0,2000-07-03,0,6,True,True,None,None,0,0.0,0,440089,3,,0,0,0,0,26.3,41,28,4,25.71,3,,0,3,2.0,2.0,1,0.11,0.71,0.11,0.71,0.00,0.10,0.64,0.0,Mikkel,1.0,255,116,0,0.0,0,False,3.4,120,60,96,False,7.6,183,72,,14,,None,55,164,102,p440089,0,0,None,0,,440089.jpg,1.0,255,116,False,-25,None,-39.2,"[{'offset': 0, 'projected_percent': '-39.2', 'likelihood': -2}, {'offset': 1, 'projected_percent': '-49.9', 'likelihood': -3}, {'offset': 2, 'projected_percent': '-56.7', 'likelihood': -3}]",3,0,58,False,0,0.0,,[],Damsgaard,0.5,246,83,False,None,0,0.0,a,1,4,94,2022-08-10,0.0,541,225,1,1931,1931,6498,6498,0.2,0.2,Damsgaard,0
1,1996-01-01,0,22,True,True,None,None,1,1.36,0,207283,1,,0,0,0,0,46.2,9,8,5,6.82,2,,0,3,2.0,2.0,6,0.34,0.46,0.42,0.57,0.08,0.47,0.64,0.11,Mathias,6.0,55,24,0,0.0,0,False,7.2,43,25,97,False,12.6,138,46,,66,,None,55,140,86,p207283,0,0,3,0,,207283.jpg,6.0,55,24,False,33,None,1.1,"[{'offset': 0, 'projected_percent': '1.1', 'likelihood': 1}, {'offset': 1, 'projected_percent': '1.9', 'likelihood': 1}, {'offset': 2, 'projected_percent': '2.3', 'likelihood': 1}]",3,0,58,False,0,0.0,,[],Jensen,0.2,325,114,False,None,1,1.36,a,2,4,94,2019-07-10,13.0,77,42,6,3217,3217,1156,1156,1.1,1.1,Jensen,0
0,1998-05-10,0,35,True,True,None,None,1,1.0,6,204580,4,,0,0,0,0,38.8,18,15,13,13.0,None,,0,3,1.5,1.5,9,0.17,0.17,0.56,0.56,0.39,0.57,0.57,0.39,Vitaly,9.0,20,10,0,0.0,1,False,11.6,8,7,98,False,53.2,3,3,,90,,None,50,261,159,p204580,0,0,None,0,,204580.jpg,9.0,20,10,False,307,None,11.0,"[{'offset': 0, 'projected_percent': '11.0', 'likelihood': 1}, {'offset': 1, 'projected_percent': '17.7', 'likelihood': 1}, {'offset': 2, 'projected_percent': '22.0', 'likelihood': 2}]",3,0,80,False,0,0.0,,[],Janelt,0.4,272,88,False,None,1,1.0,a,4,4,94,2020-10-03,24.0,39,22,9,26381,26381,3608,3608,1.8,1.8,Janelt,1
0,2005-04-03,0,0,True,True,0,0,0,0,0,543295,None,,0,0,0,0,0.0,525,217,0,0,None,,0,3,0.0,0.0,0,0.00,0,0.00,0,0.00,0.00,0,0,Antoni,0.0,524,216,0,0,0,False,0.0,528,215,99,False,0.0,512,208,,0,Knee injury - Unknown return date,2026-07-23T12:01:23.384798Z,50,367,216,p543295,0,0,None,0,,543295.jpg,0.0,524,216,False,0,None,-16.1,"[{'offset': 0, 'projected_percent': '-16.1', 'likelihood': -1}, {'offset': 1, 'projected_percent': '-16.1', 'likelihood': -1}, {'offset': 2, 'projected_percent': '-16.1', 'likelihood': -1}]",0,0,152,False,0,0,https://www.brentfordfc.com/en/news/video/first-team-fabio-carvalho-brentford-injury-return-keith-andrews?utm_source=chatgpt.com,[],Milambo,0.0,610,266,False,None,0,0,i,0,4,94,2025-07-03,0.0,483,185,0,25,25,43,43,0.0,0.0,Milambo,0
0,2002-08-30,0,0,True,True,100,75,0,0,0,244858,None,,0,0,0,0,0.0,479,192,0,0,None,,0,3,1.5,1.1,0,0.00,0,0.00,0,0.00,0.00,0,0,Fábio,0.0,481,191,0,0,0,False,0.0,486,190,100,False,0.0,470,183,Fábio Carvalho,0,,2026-08-18T13:58:17.442072Z,50,293,175,p244858,0,0,None,0,,244858.jpg,0.0,481,191,False,-1,None,-33.4,"[{'offset': 0, 'projected_percent': '-33.4', 'likelihood': -2}, {'offset': 1, 'projected_percent': '-50.2', 'likelihood': -3}, {'offset': 2, 'projected_percent': '-60.9', 'likelihood': -3}]",0,0,173,False,0,0,,[],Freitas Gouveia Carvalho,0.0,562,233,False,None,0,0,a,0,4,94,2024-08-12,0.0,430,157,0,114,114,226,226,0.0,0.0,Carvalho,0
0,2004-03-01,0,7,True,True,None,None,0,0.0,1,508395,None,,0,0,0,0,0.8,229,126,6,23.48,None,,0,3,1.5,1.5,1,0.00,0.0,0.04,0.16,0.04,0.10,0.39,0.16,Yehor,1.0,226,97,0,0.0,0,False,0.6,252,113,102,False,2.2,246,111,,23,,None,50,349,202,p508395,0,0,None,0,,508395.jpg,1.0,226,97,False,-95,None,-36.8,"[{'offset': 0, 'projected_percent': '-36.8', 'likelihood': -2}, {'offset': 1, 'projected_percent': '-55.5', 'likelihood': -3}, {'offset': 2, 'projected_percent': '-67.5', 'likelihood': -3}]",3,0,225,False,0,0.0,,[],Yarmoliuk,1.2,179,55,False,None,0,0.0,a,2,4,94,2022-10-28,3.0,150,77,1,664,664,11216,11216,0.2,0.2,Yarmoliuk,0
0,1998-10-23,0,0,True,True,None,None,0,0,0,183656,None,,0,0,0,0,0.0,458,182,0,0,None,,0,3,1.5,1.5,0,0.00,0,0.00,0,0.00,0.00,0,0,Josh,0.0,459,179,0,0,0,False,0.0,466,180,103,False,0.0,450,173,,0,,None,50,254,154,p183656,0,0,None,0,,183656.jpg,0.0,459,179,False,0,None,-22.0,"[{'offset': 0, 'projected_percent': '-22.0', 'likelihood': -2}, {'offset': 1, 'projected_percent': '-22.0', 'likelihood': -2}, {'offset': 2, 'projected_percent': '-22.0', 'likelihood': -2}]",0,0,241,False,0,0,,[],Dasilva,0.0,536,222,False,None,0,0,a,0,4,94,2025-10-23,0.0,401,144,0,155,155,309,309,0.0,0.0,Dasilva,0
0,1999-12-01,0,9,True,True,None,None,0,0.0,0,444180,None,,0,0,0,0,34.9,21,16,8,31.3,None,,0,3,2.2,2.2,1,0.35,1.37,0.38,1.49,0.03,0.10,0.39,0.12,Jaidon,1.0,279,130,0,0.0,0,False,4.7,84,44,105,False,10.6,160,58,,23,,None,60,85,54,p444180,0,0,None,0,,444180.jpg,1.0,279,130,False,7,None,-5.9,"[{'offset': 0, 'projected_percent': '-5.9', 'likelihood': -1}, {'offset': 1, 'projected_percent': '0.0', 'likelihood': 0}, {'offset': 2, 'projected_percent': '0.1', 'likelihood': 1}]",6,0,241,False,0,0.0,,[],Anthony,0.2,363,135,False,None,0,0.0,a,2,4,94,2026-07-07,1.0,192,98,1,1706,1706,2072,2072,0.2,0.2,Anthony,0
0,2001-06-26,0,-3,True,True,None,None,1,1.1,1,502500,None,,0,0,0,0,4.0,153,19,5,5.49,None,,0,4,2.5,2.5,0,0.08,0.09,1.08,1.19,1.00,0.50,0.55,1.1,Igor Thiago,0.0,613,73,0,0.0,0,False,1.4,221,21,106,False,2.2,250,20,Igor Thiago,82,,None,80,11,3,p502500,0,1,1,0,,502500.jpg,0.0,613,73,False,-539,None,-9.9,"[{'offset': 0, 'projected_percent': '-9.9', 'likelihood': -1}, {'offset': 1, 'projected_percent': '-17.3', 'likelihood': -1}, {'offset': 2, 'projected_percent': '-22.0', 'likelihood': -2}]",4,0,30,False,0,0.0,,[],Nascimento Rodrigues,16.7,23,4,False,None,1,1.1,a,0,4,94,2024-07-01,8.0,102,21,0,82262,82262,119339,119339,0.0,0.0,Thiago,0
0,2007-02-06,0,0,True,True,None,None,0,0,0,593174,None,,0,0,0,0,0.0,420,39,0,0,None,,0,4,1.0,1.0,0,0.00,0,0.00,0,0.00,0.00,0,0,Kaye,0.0,425,42,0,0,0,False,0.0,430,41,107,False,0.0,414,32,,0,,None,45,527,70,p593174,0,0,None,0,,593174.jpg,0.0,425,42,False,-9,None,0.4,"[{'offset': 0, 'projected_percent': '0.4', 'likelihood': 1}, {'offset': 1, 'projected_percent': '0.2', 'likelihood': 1}, {'offset': 2, 'projected_percent': '0.1', 'likelihood': 1}]",0,0,21,False,0,0,,[],Furo,0.9,204,33,False,None,0,0,a,0,4,94,2026-01-11,0.0,360,38,0,7195,7195,7454,7454,0.0,0.0,Furo,0
0,1992-02-27,0,4,True,True,None,None,0,0.0,0,75115,None,,0,0,0,0,10.3,122,15,0,0.0,None,,0,4,1.8,1.8,1,0.04,0.51,0.07,0.9,0.03,0.07,0.9,0.39,Callum,1.0,244,22,0,0.0,0,False,1.8,192,19,108,False,2.2,248,19,,7,,None,55,115,29,p75115,0,0,None,0,,75115.jpg,1.0,244,22,False,3,None,-0.1,"[{'offset': 0, 'projected_percent': '-0.1', 'likelihood': -1}, {'offset': 1, 'projected_percent': '0.1', 'likelihood': 1}, {'offset': 2, 'projected_percent': '0.1', 'likelihood': 1}]",0,0,241,False,0,0.0,,[],Wilson,0.4,279,47,False,None,0,0.0,a,0,4,94,2026-07-09,5.0,125,23,1,3812,3812,4263,4263,0.2,0.2,Wilson,0
2,2002-06-26,3,41,True,True,None,None,1,1.2,4,513545,None,,1,-1,1,-1,21.8,56,37,13,15.6,None,,1,3,2.0,2.0,14,0.33,0.4,0.38,0.46,0.05,0.47,0.56,0.06,Mamadou,14.0,5,2,0,0.0,0,False,7.4,39,23,565,True,31.6,50,21,,75,,None,56,113,73,p513545,0,0,None,0,,513545.jpg,14.0,5,2,False,3521,None,17.8,"[{'offset': 0, 'projected_percent': '17.8', 'likelihood': 1}, {'offset': 1, 'projected_percent': '46.3', 'likelihood': 3}, {'offset': 2, 'projected_percent': '64.6', 'likelihood': 3}]",7,0,132,False,0,0.0,,[],Sangaré,8.3,50,19,False,None,1,1.2,a,2,4,94,2026-08-01,21.0,44,23,14,379714,379714,19245,19245,2.5,2.5,M.Sangaré,0
0,2002-08-18,0,25,True,True,None,None,1,1.0,0,489639,None,,0,0,0,0,0.0,385,42,0,0.0,None,,0,1,1.9,1.9,6,0.00,0.0,0.00,0.0,0.00,0.29,0.29,0.0,Bart,6.0,50,5,0,0.0,0,False,0.7,244,20,109,False,6.6,195,20,,90,,None,45,486,43,p489639,0,0,None,0,,489639.jpg,6.0,50,5,False,65,None,10.6,"[{'offset': 0, 'projected_percent': '10.6', 'likelihood': 1}, {'offset': 1, 'projected_percent': '12.0', 'likelihood': 1}, {'offset': 2, 'projected_percent': '12.9', 'likelihood': 1}]",4,0,152,False,0,0.0,,[],Verbruggen,21.5,14,3,False,None,1,1.0,a,0,5,36,2023-07-03,0.0,322,42,6,74461,74461,38364,38364,1.3,1.3,Verbruggen,0
0,1990-08-18,0,0,True,True,None,None,0,0,0,49262,None,,0,0,0,0,0.0,279,3,0,0,None,,0,1,1.0,1.0,0,0.00,0,0.00,0,0.00,0.00,0,0,Jason,0.0,295,23,0,0,0,False,0.0,298,23,111,False,0.0,282,23,,0,,None,40,545,51,p49262,0,0,None,0,,49262.jpg,0.0,295,23,False,-42,None,-2.3,"[{'offset': 0, 'projected_percent': '-2.3', 'likelihood': -1}, {'offset': 1, 'projected_percent': '-4.7', 'likelihood': -1}, {'offset': 2, 'projected_percent': '-6.2', 'likelihood': -1}]",0,0,241,False,0,0,,[],Steele,4.0,81,12,False,None,0,0,a,0,5,36,2018-07-01,0.0,197,3,0,9263,9263,12193,12193,0.0,0.0,Steele,0
0,1999-10-07,0,0,True,True,100,None,0,0,0,231416,3,,0,0,0,0,0.0,366,153,0,0,None,,0,2,1.7,1.7,0,0.00,0,0.00,0,0.00,0.00,0,0,Ferdi,0.0,375,144,0,0,0,False,0.0,379,150,113,False,0.0,362,149,,0,,2026-08-23T13:00:07.595211Z,45,452,112,p231416,0,0,None,0,,231416.jpg,0.0,375,144,False,-254,None,-98.1,"[{'offset': 0, 'projected_percent': '-98.1', 'likelihood': -4}, {'offset': 1, 'projected_percent': '-123.5', 'likelihood': -5}, {'offset': 2, 'projected_percent': '-139.8', 'likelihood': -5}]",0,0,219,False,0,0,,[],Kadıoğlu,2.3,125,50,False,None,0,0,a,0,5,36,2024-08-27,0.0,296,129,0,2296,2296,46903,46903,0.0,0.0,F.Kadıoğlu,0
0,1997-11-18,0,29,True,True,None,None,1,1.0,5,204120,None,,0,0,0,0,7.3,130,39,6,6.0,None,,0,2,1.7,1.7,6,0.04,0.04,0.04,0.04,0.00,0.29,0.29,0.0,Olivier,6.0,45,18,0,0.0,0,False,2.9,133,51,114,False,15.2,112,51,,90,,None,45,437,100,p204120,0,0,None,0,,204120.jpg,6.0,45,18,False,19,None,1.0,"[{'offset': 0, 'projected_percent': '1.0', 'likelihood': 1}, {'offset': 1, 'projected_percent': '1.4', 'likelihood': 1}, {'offset': 2, 'projected_percent': '1.7', 'likelihood': 1}]",4,0,73,False,0,0.0,,[],Boscagli,0.3,307,114,False,None,1,1.0,a,1,5,36,2025-07-02,6.0,114,33,6,3465,3465,1325,1325,1.3,1.3,Boscagli,0
1,2000-12-22,2,46,True,True,None,None,1,1.17,1,465730,2,,1,-1,1,-1,45.3,10,2,4,4.68,4,,1,2,1.9,1.9,17,0.21,0.25,1.68,1.97,1.47,0.29,0.34,1.72,Maxim,17.0,1,1,0,0.0,1,False,12.9,4,1,115,True,40.6,26,9,,77,,None,46,400,79,p465730,0,0,None,0,,465730.jpg,17.0,1,1,False,3091,None,16.5,"[{'offset': 0, 'projected_percent': '16.5', 'likelihood': 1}, {'offset': 1, 'projected_percent': '41.5', 'likelihood': 3}, {'offset': 2, 'projected_percent': '57.6', 'likelihood': 3}]",3,0,21,False,0,0.0,,[],De Cuyper,7.8,53,20,False,None,1,1.17,a,3,5,36,2025-07-05,43.0,11,2,17,440836,440836,18004,18004,3.7,3.7,De Cuyper,0
0,1991-11-21,0,24,True,True,None,None,1,1.0,1,83299,None,,0,0,0,0,6.4,134,40,2,2.0,3,,0,2,1.7,1.7,6,0.04,0.04,0.04,0.04,0.00,0.29,0.29,0.0,Lewis,6.0,43,16,0,0.0,0,False,2.0,175,66,116,False,13.4,132,61,,90,,None,45,407,82,p83299,0,0,None,0,,83299.jpg,6.0,43,16,False,62,None,3.5,"[{'offset': 0, 'projected_percent': '3.5', 'likelihood': 1}, {'offset': 1, 'projected_percent': '4.9', 'likelihood': 1}, {'offset': 2, 'projected_percent': '5.7', 'likelihood': 1}]",2,0,241,False,0,0.0,,[],Dunk,1.2,178,71,False,None,1,1.0,a,1,5,36,2009-07-01,0.0,264,112,6,11545,11545,4513,4513,1.3,1.3,Dunk,0
0,None,0,0,True,True,None,None,0,0,0,550090,None,,0,0,0,0,0.0,407,168,0,0,None,,0,2,1.7,1.7,0,0.00,0,0.00,0,0.00,0.00,0,0,Diego,0.0,412,161,0,0,0,False,0.0,416,167,117,False,0.0,400,167,,0,,None,45,509,141,p550090,0,0,None,0,,550090.jpg,0.0,412,161,False,0,None,-2.9,"[{'offset': 0, 'projected_percent': '-2.9', 'likelihood': -1}, {'offset': 1, 'projected_percent': '-2.9', 'likelihood': -1}, {'offset': 2, 'projected_percent': '-2.9', 'likelihood': -1}]",0,0,None,False,0,0,,[],Coppola,0.0,553,192,False,None,0,0,a,0,5,36,None,0.0,345,150,0,160,160,193,193,0.0,0.0,Coppola,0
0,1998-02-07,0,0,True,True,None,None,0,0,0,223434,None,,0,0,0,0,0.0,363,151,0,0,None,,0,2,1.7,1.7,0,0.00,0,0.00,0,0.00,0.00,0,0,Igor Julio,0.0,372,142,0,0,0,False,0.0,376,148,118,False,0.0,359,147,Igor Julio,0,,None,45,445,106,p223434,0,0,None,0,,223434.jpg,0.0,372,142,False,-4,None,-16.2,"[{'offset': 0, 'projected_percent': '-16.2', 'likelihood': -1}, {'offset': 1, 'projected_percent': '-27.1', 'likelihood': -2}, {'offset': 2, 'projected_percent': '-34.1', 'likelihood': -2}]",0,0,30,False,0,0,,[],dos Santos de Paulo,0.1,436,153,False,None,0,0,a,0,5,36,2023-07-26,0.0,291,125,0,435,435,772,772,0.0,0.0,Igor,0
0,2000-03-26,0,7,True,True,None,None,0,0.0,3,451490,None,,0,0,0,0,1.9,188,57,4,13.85,None,,0,2,1.7,1.7,1,0.00,0.0,0.12,0.42,0.12,0.10,0.35,0.42,João Pedro,1.0,193,72,0,0.0,0,False,2.8,139,55,119,False,8.2,177,77,Costinha,26,,None,45,471,126,p451490,0,0,None,0,,451490.jpg,1.0,193,72,False,-2,None,0.1,"[{'offset': 0, 'projected_percent': '0.1', 'likelihood': 1}, {'offset': 1, 'projected_percent': '0.0', 'likelihood': 0}, {'offset': 2, 'projected_percent': '-8.7', 'likelihood': -1}]",0,0,173,False,0,0.0,,[],Loureiro da Costa,0.0,517,180,False,None,0,0.0,a,1,5,36,2026-06-15,18.0,50,14,1,260,260,191,191,0.2,0.2,Costinha,0
0,1998-10-15,0,0,True,True,None,None,0,0,0,454490,None,,0,0,0,0,0.0,494,190,0,0,None,,0,2,2.2,2.2,0,0.00,0,0.00,0,0.00,0.00,0,0,Michael,0.0,495,183,0,0,0,False,0.0,500,190,120,False,0.0,484,190,,0,,None,50,311,58,p454490,0,0,None,0,,454490.jpg,0.0,495,183,False,-4,None,0.1,"[{'offset': 0, 'projected_percent': '0.1', 'likelihood': 1}, {'offset': 1, 'projected_percent': '0.0', 'likelihood': 0}, {'offset': 2, 'projected_percent': '-5.8', 'likelihood': -1}]",0,0,14,False,0,0,,[],Svoboda,0.1,485,170,False,None,0,0,a,0,5,36,2026-07-02,0.0,447,178,0,735,735,620,620,0.0,0.0,Svoboda,0
0,1997-05-20,0,0,True,True,0,0,0,0,0,451340,None,,0,0,0,0,0.0,591,255,0,0,None,,0,3,0.0,0.0,0,0.00,0,0.00,0,0.00,0.00,0,0,Mitoma,0.0,587,254,0,0,0,False,0.0,591,255,121,False,0.0,587,252,,0,Hamstring injury - Unknown return date,2026-07-24T18:30:10.661894Z,60,87,56,p451340,0,0,None,0,,451340.jpg,0.0,587,254,False,-4,None,-46.8,"[{'offset': 0, 'projected_percent': '-46.8', 'likelihood': -3}, {'offset': 1, 'projected_percent': '-54.5', 'likelihood': -3}, {'offset': 2, 'projected_percent': '-59.5', 'likelihood': -3}]",0,0,108,False,0,0,https://www.brightonandhovealbion.com/media-article/successful-surgery-for-mitoma,[],Kaoru,0.0,497,206,False,None,0,0,i,0,5,36,2021-08-09,0.0,584,248,0,153,153,1132,1132,0.0,0.0,Mitoma,0
0,2004-07-22,0,0,True,True,0,0,0,0,0,592031,5,,0,0,0,0,0.0,599,259,0,0,None,,0,3,0.0,0.0,0,0.00,0,0.00,0,0.00,0.00,0,0,Yankuba,0.0,594,257,0,0,0,False,0.0,599,259,122,False,0.0,595,256,,0,Leg injury - Expected back 28 Nov,2026-08-14T18:00:06.418033Z,60,106,67,p592031,0,0,None,0,,592031.jpg,0.0,594,257,False,-21,None,-96.5,"[{'offset': 0, 'projected_percent': '-96.5', 'likelihood': -4}, {'offset': 1, 'projected_percent': '-122.4', 'likelihood': -5}, {'offset': 2, 'projected_percent': '-139.0', 'likelihood': -5}]",0,0,78,False,0,0,https://www.brightonandhovealbion.com/media-article/fabian-hurzeler-reflects-on-albions-pre-season-win-over-as-roma?utm_source=premier-league-web&utm_medium=referral&utm_campaign=pl-referral-always-on&utm_term=content-card,[],Minteh,0.1,465,188,False,None,0,0,i,0,5,36,2024-07-01,0.0,594,254,0,135,135,3248,3248,0.0,0.0,Minteh,0
0,2005-04-11,3,54,True,True,25,None,1,1.43,0,532529,None,,0,0,0,0,13.4,96,60,3,4.29,None,,1,3,0.5,2.2,16,0.02,0.03,1.43,2.04,1.41,0.19,0.27,2.01,Jack,16.0,2,1,0,0.0,2,False,14.5,2,2,123,True,72.8,1,1,,63,Unspecified injury - 25% chance of playing,2026-08-27T19:30:07.780933Z,60,100,65,p532529,0,0,None,0,,532529.jpg,16.0,2,1,False,-56,None,54.4,"[{'offset': 0, 'projected_percent': '54.4', 'likelihood': 3}, {'offset': 1, 'projected_percent': '53.2', 'likelihood': 3}, {'offset': 2, 'projected_percent': '52.4', 'likelihood': 3}]",1,0,241,False,0,0.0,,[],Hinshelwood,2.6,114,36,False,None,1,1.43,d,2,5,36,2022-12-30,59.0,3,2,16,138434,138434,21722,21722,2.7,2.7,Hinshelwood,0
0,1991-06-15,0,18,True,True,None,None,1,1.0,0,60307,1,,0,0,0,0,56.9,2,1,5,5.0,1,,0,3,2.0,2.0,2,0.27,0.27,0.27,0.27,0.00,0.29,0.29,0.0,Pascal,2.0,136,63,0,0.0,0,False,8.6,26,17,124,False,21.0,79,26,,90,,None,55,114,74,p60307,0,0,1,0,,60307.jpg,2.0,136,63,False,-637,None,-25.2,"[{'offset': 0, 'projected_percent': '-25.2', 'likelihood': -2}, {'offset': 1, 'projected_percent': '-36.4', 'likelihood': -2}, {'offset': 2, 'projected_percent': '-43.6', 'likelihood': -3}]",2,0,80,False,0,0.0,,[],Groß,13.0,31,10,False,None,1,1.0,a,3,5,36,2026-01-02,8.0,95,46,2,20712,20712,89717,89717,0.4,0.4,Groß,1
1,2002-04-20,0,22,True,True,75,None,1,1.0,1,463067,None,,0,0,0,0,11.4,113,14,7,7.0,None,,0,4,1.3,1.8,5,0.44,0.44,0.52,0.52,0.08,0.29,0.29,0.08,Georginio,5.0,70,7,0,0.0,0,False,4.6,87,12,125,False,19.8,86,8,,90,Unspecified injury - 75% chance of playing,2026-08-26T16:00:07.608056Z,55,175,41,p463067,0,0,None,0,,463067.jpg,5.0,70,7,False,-125,None,5.1,"[{'offset': 0, 'projected_percent': '5.1', 'likelihood': 1}, {'offset': 1, 'projected_percent': '2.3', 'likelihood': 1}, {'offset': 2, 'projected_percent': '0.6', 'likelihood': 1}]",4,0,73,False,0,0.0,,[],Rutter,1.0,193,29,False,None,1,1.0,d,2,5,36,2024-08-19,15.0,69,14,5,23114,23114,11882,11882,0.9,0.9,Georginio,0
0,2000-11-21,0,0,True,True,None,None,0,0,0,219249,None,,0,0,0,0,0.0,558,236,0,0,None,,0,3,2.0,2.0,0,0.00,0,0.00,0,0.00,0.00,0,0,Matt,0.0,553,233,0,0,0,False,0.0,558,234,126,False,0.0,543,227,,0,,None,55,145,89,p219249,0,0,3,0,,219249.jpg,0.0,553,233,False,-7,None,-27.1,"[{'offset': 0, 'projected_percent': '-27.1', 'likelihood': -2}, {'offset': 1, 'projected_percent': '-43.4', 'likelihood': -3}, {'offset': 2, 'projected_percent': '-53.9', 'likelihood': -3}]",0,0,58,False,0,0,,[],O'Riley,0.1,418,164,False,None,0,0,a,0,5,36,2024-08-26,0.0,533,218,0,588,588,1207,1207,0.0,0.0,O'Riley,0
1,2003-03-27,0,27,True,True,None,None,1,1.06,2,514254,None,,0,0,0,0,25.1,47,31,6,6.35,5,,0,3,1.5,1.5,6,0.48,0.51,0.66,0.7,0.18,0.29,0.31,0.19,Diego,6.0,52,23,0,0.0,0,False,9.9,13,10,127,False,33.0,43,19,Diego Gómez,85,,None,50,353,204,p514254,0,0,None,0,,514254.jpg,6.0,52,23,False,84,None,3.0,"[{'offset': 0, 'projected_percent': '3.0', 'likelihood': 1}, {'offset': 1, 'projected_percent': '4.8', 'likelihood': 1}, {'offset': 2, 'projected_percent': '6.0', 'likelihood': 1}]",1,0,168,False,0,0.0,,[],Gómez Amarilla,3.8,85,27,False,None,1,1.06,a,3,5,36,2025-01-01,41.0,12,7,6,19051,19051,14291,14291,1.2,1.2,Gomez,0
0,2004-12-23,0,0,False,True,0,0,0,0,0,536916,None,,0,0,0,0,0.0,524,216,0,0,None,,0,3,0.0,0.0,0,0.00,0,0.00,0,0.00,0.00,0,0,Facundo,0.0,523,215,0,0,0,False,0.0,527,214,128,False,0.0,511,207,,0,Has joined Elche on loan for the rest of the season,2026-08-10T14:03:07.561436Z,50,365,214,p536916,0,0,None,0,,536916.jpg,0.0,523,215,False,-1,None,0.0,"[{'offset': 0, 'projected_percent': '0.0', 'likelihood': 0}, {'offset': 1, 'projected_percent': '0.0', 'likelihood': 0}, {'offset': 2, 'projected_percent': '0.0', 'likelihood': 0}]",0,0,10,False,0,0,,[],Buonanotte,0.0,602,262,False,None,0,0,u,0,5,36,2023-01-01,0.0,482,184,0,0,0,163,163,0.0,0.0,Buonanotte,0
0,2003-10-06,0,8,True,True,None,None,1,1.43,1,509416,4,,0,0,0,0,15.0,81,51,4,5.71,2,,0,3,2.0,2.0,2,0.03,0.04,0.14,0.2,0.11,0.19,0.27,0.16,Yasin,2.0,146,70,0,0.0,0,False,1.7,201,89,129,False,0.0,564,241,,63,,None,55,199,124,p509416,0,0,None,0,,509416.jpg,2.0,146,70,False,-34,None,-22.9,"[{'offset': 0, 'projected_percent': '-22.9', 'likelihood': -2}, {'offset': 1, 'projected_percent': '-34.8', 'likelihood': -2}, {'offset': 2, 'projected_percent': '-42.5', 'likelihood': -3}]",3,0,206,False,0,0.0,,[],Ayari,0.6,235,78,False,None,1,1.43,a,0,5,36,2023-01-30,6.0,121,62,2,2883,2883,6481,6481,0.4,0.4,Ayari,1
0,1999-11-16,1,32,True,True,None,None,1,1.17,4,467779,None,,0,0,0,0,26.3,40,13,8,9.35,None,,0,2,2.2,2.2,7,0.05,0.06,0.14,0.17,0.09,0.29,0.34,0.11,Mats,7.0,37,13,0,0.0,0,False,4.9,80,28,130,False,16.6,104,44,,77,,None,50,319,61,p467779,0,0,None,0,,467779.jpg,7.0,37,13,False,60,None,4.4,"[{'offset': 0, 'projected_percent': '4.4', 'likelihood': 1}, {'offset': 1, 'projected_percent': '5.7', 'likelihood': 1}, {'offset': 2, 'projected_percent': '6.5', 'likelihood': 1}]",5,0,152,False,0,0.0,,[],Wieffer,0.4,268,101,False,None,1,1.17,a,4,5,36,2024-07-06,6.0,116,35,7,12121,12121,2640,2640,1.4,1.4,Wieffer,0
0,None,0,0,False,True,0,0,0,0,0,597320,None,,0,0,0,0,0.0,422,164,0,0,None,,0,3,0.0,0.0,0,0.00,0,0.00,0,0.00,0.00,0,0,Harry,0.0,427,161,0,0,0,False,0.0,432,161,132,False,0.0,416,154,,0,Has joined Leicester City on loan for the rest of the season,2026-08-17T13:53:19.019938Z,45,529,263,p597320,0,0,None,0,,597320.jpg,0.0,427,161,False,-10,None,0.0,"[{'offset': 0, 'projected_percent': '0.0', 'likelihood': 0}, {'offset': 1, 'projected_percent': '0.0', 'likelihood': 0}, {'offset': 2, 'projected_percent': '0.0', 'likelihood': 0}]",0,0,None,False,0,0,,[],Howell,0.1,480,197,False,None,0,0,u,0,5,36,None,0.0,362,122,0,0,0,1435,1435,0.0,0.0,Howell,0
0,2006-04-08,0,0,False,True,0,0,0,0,0,549074,None,,0,0,0,0,0.0,527,219,0,0,None,,0,3,0.0,0.0,0,0.00,0,0.00,0,0.00,0.00,0,0,Tom,0.0,526,218,0,0,0,False,0.0,530,217,133,False,0.0,514,210,,0,Has joined Leicester City on loan for the rest of the season,2026-08-03T14:05:44.459483Z,50,370,219,p549074,0,0,None,0,,549074.jpg,0.0,526,218,False,0,None,0.0,"[{'offset': 0, 'projected_percent': '0.0', 'likelihood': 0}, {'offset': 1, 'projected_percent': '0.0', 'likelihood': 0}, {'offset': 2, 'projected_percent': '0.0', 'likelihood': 0}]",0,0,241,False,0,0,,[],Watson,0.0,611,267,False,None,0,0,u,0,5,36,2025-06-01,0.0,486,188,0,0,0,50,50,0.0,0.0,Watson,0
0,2007-06-11,0,0,True,True,None,None,0,0,0,556637,None,,0,0,0,0,0.0,410,159,0,0,None,,0,3,1.0,1.0,0,0.00,0,0.00,0,0.00,0.00,0,0,Nehemiah,0.0,415,156,0,0,0,False,0.0,419,156,134,False,0.0,403,149,,0,,None,45,513,257,p556637,0,0,None,0,,556637.jpg,0.0,415,156,False,0,None,-9.5,"[{'offset': 0, 'projected_percent': '-9.5', 'likelihood': -1}, {'offset': 1, 'projected_percent': '-9.5', 'likelihood': -1}, {'offset': 2, 'projected_percent': '-9.5', 'likelihood': -1}]",0,0,241,False,0,0,,[],Oriola,0.3,305,105,False,None,0,0,a,0,5,36,2025-10-17,0.0,348,117,0,1533,1533,2423,2423,0.0,0.0,Oriola,0
0,2007-06-29,0,3,True,True,None,None,0,0.0,0,700308,None,,0,0,0,0,1.3,210,119,0,0.0,None,,0,3,1.5,1.5,1,0.03,0.22,0.03,0.22,0.00,0.00,0.0,0.0,Zadok,1.0,242,109,0,0.0,0,False,0.2,284,135,135,False,0.2,278,133,,12,,None,50,398,238,p700308,0,0,None,0,,700308.jpg,1.0,242,109,False,-8,None,-23.7,"[{'offset': 0, 'projected_percent': '-23.7', 'likelihood': -2}, {'offset': 1, 'projected_percent': '-49.5', 'likelihood': -3}, {'offset': 2, 'projected_percent': '-66.0', 'likelihood': -3}]",0,0,157,False,0,0.0,,[],Yohanna,0.1,457,182,False,None,0,0.0,a,0,5,36,2026-06-15,0.0,508,204,1,344,344,746,746,0.2,0.2,Yohanna,0
0,2006-01-06,0,0,True,True,0,0,0,0,0,608181,None,,0,0,0,0,0.0,580,61,0,0,None,,0,4,0.0,0.0,0,0.00,0,0.00,0,0.00,0.00,0,0,Stefanos,0.0,577,61,0,0,0,False,0.0,582,62,137,False,0.0,570,55,,0,Knee injury - Unknown return date,2026-07-23T12:01:23.432796Z,55,219,46,p608181,0,0,None,0,,608181.jpg,0.0,577,61,False,0,None,-32.8,"[{'offset': 0, 'projected_percent': '-32.8', 'likelihood': -2}, {'offset': 1, 'projected_percent': '-32.8', 'likelihood': -2}, {'offset': 2, 'projected_percent': '-32.8', 'likelihood': -2}]",0,0,83,False,0,0,https://www.brightonandhovealbion.com/media-article/fabian-hurzeler-reflects-on-a-successful-training-camp?srsltid=AfmBOoq6Qw6fHwT9Mxn5PIGBhoGos01rwVude5hxVRG_7iMPpS-YkOIf&utm_source=chatgpt.com,[],Tzimas,0.0,590,72,False,None,0,0,i,0,5,36,2025-02-03,0.0,571,61,0,79,79,227,227,0.0,0.0,Tzimas,0
0,2007-05-30,0,-1,True,True,None,None,0,0.0,0,647850,None,,0,0,0,0,0.4,255,29,2,6.92,None,,0,4,1.8,1.8,1,0.00,0.0,0.18,0.62,0.18,0.10,0.35,0.62,Charalampos,1.0,270,29,0,0.0,0,False,0.9,237,23,138,False,0.0,573,56,,26,,None,55,222,47,p647850,0,0,None,0,,647850.jpg,1.0,270,29,False,5,None,-15.1,"[{'offset': 0, 'projected_percent': '-15.1', 'likelihood': -1}, {'offset': 1, 'projected_percent': '-10.0', 'likelihood': -1}, {'offset': 2, 'projected_percent': '-6.7', 'likelihood': -1}]",1,0,83,False,0,0.0,,[],Kostoulas,0.2,330,53,False,None,0,0.0,a,1,5,36,2025-07-01,10.0,88,17,1,1057,1057,1861,1861,0.2,0.2,Kostoulas,0
0,2004-10-19,0,0,True,True,0,0,0,0,0,487117,None,,0,0,0,0,0.0,504,47,0,0,None,,0,4,0.0,0.0,0,0.00,0,0.00,0,0.00,0.00,0,0,Evan,0.0,504,49,0,0,0,False,0.0,508,48,139,False,0.0,492,39,,0,Ankle injury - Expected back 10 Oct,2026-07-23T12:01:23.448357Z,50,329,55,p487117,0,0,None,0,,487117.jpg,0.0,504,49,False,-4,None,-15.6,"[{'offset': 0, 'projected_percent': '-15.6', 'likelihood': -1}, {'offset': 1, 'projected_percent': '-24.6', 'likelihood': -2}, {'offset': 2, 'projected_percent': '-30.3', 'likelihood': -2}]",0,0,104,False,0,0,https://www.brightonandhovealbion.com/media-article/fabian-hurzeler-reflects-on-a-successful-training-camp?srsltid=AfmBOoq6Qw6fHwT9Mxn5PIGBhoGos01rwVude5hxVRG_7iMPpS-YkOIf&utm_source=chatgpt.com,[],Ferguson,0.0,525,69,False,None,0,0,i,0,5,36,2021-08-23,0.0,460,46,0,297,297,583,583,0.0,0.0,Ferguson,0
0,1999-08-11,0,0,True,True,100,100,0,0,0,222694,None,,0,0,0,0,0.0,471,185,0,0,None,,0,2,2.2,2.2,0,0.00,0,0.00,0,0.00,0.00,0,0,Pascal,0.0,470,177,0,0,0,False,0.0,478,185,328,False,0.0,462,185,,0,,2026-08-15T20:30:07.523574Z,50,280,50,p222694,0,0,None,0,,222694.jpg,0.0,470,177,False,-14,None,-14.5,"[{'offset': 0, 'projected_percent': '-14.5', 'likelihood': -1}, {'offset': 1, 'projected_percent': '-28.1', 'likelihood': -2}, {'offset': 2, 'projected_percent': '-36.8', 'likelihood': -2}]",0,0,152,False,0,0,,[],Struijk,0.2,321,122,False,None,0,0,a,0,5,36,2026-06-30,0.0,419,171,0,1330,1330,2219,2219,0.0,0.0,Struijk,0
0,2007-02-24,0,19,True,True,None,None,1,1.0,4,610799,None,,0,0,0,0,4.5,149,44,4,4.0,None,,0,2,2.2,2.2,6,0.03,0.03,0.16,0.16,0.13,0.29,0.29,0.13,Luka,6.0,54,23,0,0.0,0,False,2.9,137,54,504,False,12.4,141,66,,90,,None,50,385,76,p610799,0,0,None,0,,610799.jpg,6.0,54,23,False,-9,None,4.5,"[{'offset': 0, 'projected_percent': '4.5', 'likelihood': 1}, {'offset': 1, 'projected_percent': '4.3', 'likelihood': 1}, {'offset': 2, 'projected_percent': '4.2', 'likelihood': 1}]",2,0,97,False,0,0.0,,[],Vušković,2.5,116,45,False,None,1,1.0,a,0,5,36,2026-07-14,12.0,78,22,6,19590,19590,10700,10700,1.2,1.2,Vuskovic,0
0,2001-07-03,0,0,True,True,None,None,0,0,0,538007,None,,0,0,0,0,0.0,597,67,0,0,None,,0,4,2.0,2.0,0,0.00,0,0.00,0,0.00,0.00,0,0,Promise,0.0,592,66,0,0,0,False,0.0,597,67,594,False,0.0,593,66,,0,,None,60,101,25,p538007,0,0,2,0,,538007.jpg,0.0,592,66,False,0,2026-09-01T14:01:16.200061Z,0.0,"[{'offset': 0, 'projected_percent': '0.0', 'likelihood': 0}, {'offset': 1, 'projected_percent': '0.0', 'likelihood': 0}, {'offset': 2, 'projected_percent': '0.0', 'likelihood': 0}]",0,0,39,False,0,0,,[],David,0.3,310,52,False,None,0,0,a,0,5,36,2026-08-18,0.0,592,67,0,2317,2317,3482,3482,0.0,0.0,David,0
0,2004-11-29,0,7,True,True,None,None,0,0.0,0,612855,None,,0,0,0,0,15.4,78,49,2,15.0,None,,0,3,1.5,1.5,1,0.05,0.38,0.05,0.38,0.00,0.00,0.0,0.0,Ibrahim,1.0,235,103,0,0.0,0,False,2.4,157,71,600,False,4.2,221,95,,12,,None,50,386,230,p612855,0,0,None,0,,612855.jpg,1.0,235,103,False,0,2026-09-03T13:04:41.322924Z,0.0,"[{'offset': 0, 'projected_percent': '0.0', 'likelihood': 0}, {'offset': 1, 'projected_percent': '0.0', 'likelihood': 0}, {'offset': 2, 'projected_percent': '0.0', 'likelihood': 0}]",2,0,81,False,0,0.0,,[],Osman,0.0,567,238,False,None,0,0.0,a,0,5,36,2024-07-01,4.0,136,68,1,205,205,127,127,0.2,0.2,Osman,0
0,2005-11-18,0,3,True,True,None,None,0,0.0,0,611695,None,,0,0,0,0,2.7,167,98,0,0.0,None,,0,3,1.0,1.0,1,0.01,0.22,0.01,0.22,0.00,0.00,0.0,0.0,Malick,1.0,207,89,0,0.0,0,False,0.3,275,129,605,False,0.6,269,126,,4,,None,45,532,264,p611695,0,0,None,0,,611695.jpg,1.0,207,89,False,0,2026-09-05T18:19:45.373499Z,0.0,"[{'offset': 0, 'projected_percent': '0.0', 'likelihood': 0}, {'offset': 1, 'projected_percent': '0.0', 'likelihood': 0}, {'offset': 2, 'projected_percent': '0.0', 'likelihood': 0}]",0,0,54,False,0,0.0,,[],Yalcouyé,0.1,428,169,False,None,0,0.0,a,0,5,36,2024-07-12,0.0,364,123,1,3852,3852,839,839,0.2,0.2,Yalcouyé,0
0,2003-03-26,0,0,True,True,None,None,0,0,0,512123,None,,0,0,0,0,0.0,396,164,0,0,None,,0,2,1.7,1.7,0,0.00,0,0.00,0,0.00,0.00,0,0,Jaouen,0.0,401,157,0,0,0,False,0.0,405,163,614,False,0.0,389,163,,0,,None,45,497,136,p512123,0,0,None,0,,512123.jpg,0.0,401,157,False,0,2026-09-08T14:03:01.287849Z,0.0,"[{'offset': 0, 'projected_percent': '0.0', 'likelihood': 0}, {'offset': 1, 'projected_percent': '0.0', 'likelihood': 0}, {'offset': 2, 'projected_percent': '0.0', 'likelihood': 0}]",0,0,3,False,0,0,,[],Hadjam,0.0,574,196,False,None,0,0,a,0,5,36,2026-08-25,0.0,333,145,0,750,750,31,31,0.0,0.0,Hadjam,0
0,2002-07-26,1,37,True,True,None,None,0,0.0,0,244850,4,,0,0,0,0,53.5,4,3,7,7.78,None,,0,3,2.6,2.6,8,0.10,0.11,1.06,1.18,0.96,1.24,1.38,1.07,Morgan,8.0,34,17,2,2.22,1,False,13.1,3,3,40,False,48.8,8,6,,81,,None,75,16,9,p244850,0,0,None,0,,244850.jpg,8.0,34,17,False,1785,None,74.7,"[{'offset': 0, 'projected_percent': '74.7', 'likelihood': 3}, {'offset': 1, 'projected_percent': '113.9', 'likelihood': 5}, {'offset': 2, 'projected_percent': '139.0', 'likelihood': 5}]",5,0,241,False,0,0.0,,[],Rogers,26.1,10,4,False,None,1,1.11,a,2,6,8,2026-07-21,29.0,30,16,8,217212,217212,60365,60365,1.1,1.1,Rogers,0
0,1990-06-17,0,0,True,True,75,75,0,0,0,56979,None,,0,0,0,0,0.0,435,172,0,0,None,,0,3,1.1,1.1,0,0.00,0,0.00,0,0.00,0.00,0,0,Jordan,0.0,440,169,0,0,0,False,0.0,445,169,101,False,0.0,429,162,Jordan Henderson,0,Wrist injury - 75% chance of playing,2026-08-09T09:30:07.136250Z,50,226,140,p56979,0,0,None,0,,56979.jpg,0.0,440,169,False,-4,None,-29.8,"[{'offset': 0, 'projected_percent': '-29.8', 'likelihood': -2}, {'offset': 1, 'projected_percent': '-42.7', 'likelihood': -3}, {'offset': 2, 'projected_percent': '-50.9', 'likelihood': -3}]",0,0,241,False,0,0,,[],Henderson,0.0,511,213,False,None,0,0,d,0,6,8,2026-08-03,0.0,376,131,0,204,204,628,628,0.0,0.0,Henderson,0
0,1990-11-26,0,0,True,True,100,75,0,0,0,50175,None,,0,0,0,0,0.0,585,63,0,0,None,,0,4,2.0,1.5,0,0.00,0,0.00,0,0.00,0.00,0,0,Danny,0.0,582,63,0,0,0,False,0.0,587,64,136,False,0.0,576,58,,0,,2026-08-20T14:00:07.949090Z,60,57,13,p50175,0,0,None,0,,50175.jpg,0.0,582,63,False,-25,None,-97.2,"[{'offset': 0, 'projected_percent': '-97.2', 'likelihood': -4}, {'offset': 1, 'projected_percent': '-103.0', 'likelihood': -5}, {'offset': 2, 'projected_percent': '-106.7', 'likelihood': -5}]",0,0,241,False,0,0,,[],Welbeck,1.0,197,32,False,None,0,0,a,0,6,8,2026-08-01,0.0,576,63,0,2071,2071,20508,20508,0.0,0.0,Welbeck,0
0,1997-11-18,0,6,True,True,None,None,0,0.0,1,215059,None,,0,0,0,0,0.0,465,55,0,0.0,None,,0,1,2.6,2.6,2,0.01,0.01,0.01,0.01,0.00,1.33,1.33,0.0,Robert,2.0,125,14,2,2.0,0,False,2.1,170,11,140,False,21.4,78,11,,90,,None,50,270,12,p215059,0,0,None,0,,215059.jpg,2.0,125,14,False,-207,None,-19.6,"[{'offset': 0, 'projected_percent': '-19.6', 'likelihood': -1}, {'offset': 1, 'projected_percent': '-40.4', 'likelihood': -3}, {'offset': 2, 'projected_percent': '-53.7', 'likelihood': -3}]",5,0,200,False,4,4.0,,[],Lynch Sánchez,2.3,127,19,False,None,1,1.0,a,0,6,8,2023-08-05,0.0,411,55,2,8117,8117,18999,18999,0.4,0.4,Sánchez,0
0,2002-04-16,0,0,False,True,0,0,0,0,0,508479,None,,0,0,0,0,0.0,518,64,0,0,None,,0,1,0.0,0.0,0,0.00,0,0.00,0,0.00,0.00,0,0,Filip,0.0,517,68,0,0,0,False,0.0,521,68,141,False,0.0,505,68,,0,Has joined RC Strasbourg on loan for the rest of the season,2026-08-12T14:07:02.607115Z,50,350,21,p508479,0,0,None,0,,508479.jpg,0.0,517,68,False,0,None,0.0,"[{'offset': 0, 'projected_percent': '0.0', 'likelihood': 0}, {'offset': 1, 'projected_percent': '0.0', 'likelihood': 0}, {'offset': 2, 'projected_percent': '0.0', 'likelihood': 0}]",0,0,58,False,0,0,,[],Jörgensen,0.0,575,66,False,None,0,0,u,0,6,8,2024-07-30,0.0,475,64,0,0,0,485,485,0.0,0.0,Jörgensen,0
0,1999-12-08,0,5,True,True,None,None,0,0.0,6,225796,1,,0,0,0,0,16.8,71,23,6,6.0,1,,0,2,2.5,2.5,0,0.07,0.07,0.17,0.17,0.10,1.33,1.33,0.1,Reece,0.0,555,195,2,2.0,0,False,5.9,54,15,142,False,23.4,72,32,,90,,None,55,147,17,p225796,0,0,None,0,,225796.jpg,0.0,555,195,False,-172,None,-3.1,"[{'offset': 0, 'projected_percent': '-3.1', 'likelihood': -1}, {'offset': 1, 'projected_percent': '-7.0', 'likelihood': -1}, {'offset': 2, 'projected_percent': '-9.5', 'likelihood': -1}]",4,0,241,False,0,0.0,,[],James,10.0,39,13,False,None,1,1.0,a,0,6,8,2019-05-15,19.0,48,13,0,55250,55250,70749,70749,0.0,0.0,James,1
0,1999-07-05,0,0,False,True,0,0,0,0,0,180736,None,,0,0,0,0,0.0,549,198,0,0,None,,0,2,0.0,0.0,0,0.00,0,0.00,0,0.00,0.00,0,0,Trevoh,0.0,544,192,0,0,0,False,0.0,550,198,143,False,0.0,534,198,,0,Has joined Como permanently,2026-08-10T14:03:50.769483Z,55,128,13,p180736,0,0,None,0,,180736.jpg,0.0,544,192,False,-41,None,0.0,"[{'offset': 0, 'projected_percent': '0.0', 'likelihood': 0}, {'offset': 1, 'projected_percent': '0.0', 'likelihood': 0}, {'offset': 2, 'projected_percent': '0.0', 'likelihood': 0}]",0,0,241,False,0,0,,[],Chalobah,0.1,389,139,False,None,0,0,u,0,6,8,2018-02-16,0.0,520,191,0,0,0,7569,7569,0.0,0.0,Chalobah,0
0,2003-05-19,0,2,True,True,None,None,0,0.0,2,482609,None,,0,0,0,0,9.8,125,38,3,3.6,None,,0,2,2.2,2.2,1,0.03,0.04,0.03,0.04,0.00,1.11,1.33,0.0,Malo,1.0,221,88,2,2.4,0,False,2.3,162,63,144,False,7.2,185,82,,75,,None,50,325,63,p482609,0,0,None,0,,482609.jpg,1.0,221,88,False,12,None,1.7,"[{'offset': 0, 'projected_percent': '1.7', 'likelihood': 1}, {'offset': 1, 'projected_percent': '2.0', 'likelihood': 1}, {'offset': 2, 'projected_percent': '2.2', 'likelihood': 1}]",4,0,73,False,0,0.0,,[],Gusto,1.2,172,70,False,None,1,1.2,a,1,6,8,2023-01-28,6.0,117,36,1,11566,11566,9661,9661,0.2,0.2,Gusto,0
0,2000-12-17,0,0,True,True,100,0,0,0,0,444463,None,,0,0,0,0,0.0,488,188,0,0,None,,0,2,2.2,0.0,0,0.00,0,0.00,0,0.00,0.00,0,0,Wesley,0.0,489,181,0,0,0,False,0.0,494,188,145,False,0.0,478,188,Wesley Fofana,0,,2026-07-23T12:01:23.464591Z,50,305,56,p444463,0,0,None,0,,444463.jpg,0.0,489,181,False,0,2026-09-01T21:00:07.689883Z,0.0,"[{'offset': 0, 'projected_percent': '0.0', 'likelihood': 0}, {'offset': 1, 'projected_percent': '0.0', 'likelihood': 0}, {'offset': 2, 'projected_percent': '0.0', 'likelihood': 0}]",0,0,73,False,0,0,,[],Fofana,0.0,523,183,False,None,0,0,a,0,6,8,2022-08-31,0.0,441,176,0,706,706,235,235,0.0,0.0,Fofana,0
0,2001-03-26,0,0,False,True,0,None,0,0,0,242880,None,,0,0,0,0,0.0,371,156,0,0,None,,0,2,0.0,1.7,0,0.00,0,0.00,0,0.00,0.00,0,0,Benoît,0.0,380,148,0,0,0,False,0.0,383,153,146,False,0.0,366,152,,0,Has joined Napoli on loan for the rest of the season,2026-08-25T14:03:47.079414Z,45,458,116,p242880,0,0,None,0,,242880.jpg,0.0,380,148,False,-7,None,0.0,"[{'offset': 0, 'projected_percent': '0.0', 'likelihood': 0}, {'offset': 1, 'projected_percent': '0.0', 'likelihood': 0}, {'offset': 2, 'projected_percent': '0.0', 'likelihood': 0}]",0,0,73,False,0,0,,[],Badiashile Mukinayi,0.0,544,187,False,None,0,0,u,0,6,8,2023-01-05,0.0,301,132,0,232,232,717,717,0.0,0.0,B.Badiashile,0
0,1997-09-24,0,0,True,True,None,None,0,0,0,109646,None,,0,0,0,0,0.0,344,142,0,0,None,,0,2,1.7,1.7,0,0.00,0,0.00,0,0.00,0.00,0,0,Tosin,0.0,354,134,0,0,0,False,0.0,358,140,147,False,0.0,341,139,,0,,None,45,415,86,p109646,0,0,None,0,,109646.jpg,0.0,354,134,False,-24,None,-37.2,"[{'offset': 0, 'projected_percent': '-37.2', 'likelihood': -2}, {'offset': 1, 'projected_percent': '-64.8', 'likelihood': -3}, {'offset': 2, 'projected_percent': '-82.5', 'likelihood': -3}]",0,0,241,False,0,0,,[],Adarabioyo,0.2,344,129,False,None,0,0,a,0,6,8,2024-07-01,0.0,270,114,0,240,240,1840,1840,0.0,0.0,Tosin,0
0,2006-03-07,0,5,True,True,None,None,0,0.0,1,551210,None,,0,0,0,0,12.3,101,30,3,4.22,None,,0,2,1.7,1.7,1,0.03,0.04,0.04,0.05,0.01,1.05,1.48,0.01,Jorrel,1.0,203,80,2,2.81,0,False,3.2,125,47,148,False,8.4,175,76,,64,,None,45,510,142,p551210,0,0,None,0,,551210.jpg,1.0,203,80,False,-6,None,0.1,"[{'offset': 0, 'projected_percent': '0.1', 'likelihood': 1}, {'offset': 1, 'projected_percent': '-0.7', 'likelihood': -1}, {'offset': 2, 'projected_percent': '-2.6', 'likelihood': -1}]",2,0,152,False,0,0.0,,[],Hato,0.5,258,96,False,None,1,1.41,a,2,6,8,2025-08-03,11.0,82,26,1,3792,3792,3966,3966,0.2,0.2,Hato,0
0,2003-02-26,0,6,True,True,None,None,0,0.0,2,460028,None,,0,0,0,0,1.6,195,60,4,4.0,None,,0,2,2.2,2.2,0,0.03,0.03,0.04,0.04,0.01,1.33,1.33,0.01,Levi,0.0,496,184,2,2.0,0,False,1.5,208,81,149,False,6.0,201,88,,90,,None,50,312,59,p460028,0,0,None,0,,460028.jpg,0.0,496,184,False,-83,None,-12.8,"[{'offset': 0, 'projected_percent': '-12.8', 'likelihood': -1}, {'offset': 1, 'projected_percent': '-25.2', 'likelihood': -2}, {'offset': 2, 'projected_percent': '-33.2', 'likelihood': -2}]",3,0,241,False,0,0.0,,[],Samuels Colwill,1.5,157,64,False,None,1,1.0,a,2,6,8,2022-07-01,7.0,105,31,0,9574,9574,15406,15406,0.0,0.0,Colwill,1
0,2005-08-29,0,0,True,True,None,None,0,0,0,574458,None,,0,0,0,0,0.0,415,170,0,0,None,,0,2,1.7,1.7,0,0.00,0,0.00,0,0.00,0.00,0,0,Mamadou,0.0,420,163,0,0,0,False,0.0,425,169,150,False,0.0,409,169,Mamadou Sarr,0,,None,45,519,144,p574458,0,0,None,0,,574458.jpg,0.0,420,163,False,-4,None,-24.4,"[{'offset': 0, 'projected_percent': '-24.4', 'likelihood': -2}, {'offset': 1, 'projected_percent': '-36.0', 'likelihood': -2}, {'offset': 2, 'projected_percent': '-43.4', 'likelihood': -3}]",0,0,189,False,0,0,,[],Sarr,0.1,444,156,False,None,0,0,a,0,6,8,2025-06-09,0.0,354,152,0,388,388,859,859,0.0,0.0,M.Sarr,0
0,2006-05-05,0,13,True,True,None,None,0,0.0,10,577016,None,,0,0,0,0,2.2,180,54,15,15.0,None,,0,2,1.7,1.7,3,0.01,0.01,0.01,0.01,0.00,1.33,1.33,0.0,Josh,3.0,85,36,2,2.0,0,False,3.7,112,40,151,False,33.2,41,14,,90,,None,45,522,146,p577016,0,0,None,0,,577016.jpg,3.0,85,36,False,65,None,1.6,"[{'offset': 0, 'projected_percent': '1.6', 'likelihood': 1}, {'offset': 1, 'projected_percent': '3.0', 'likelihood': 1}, {'offset': 2, 'projected_percent': '3.9', 'likelihood': 1}]",6,0,241,False,0,0.0,,[],Acheampong,0.4,283,107,False,None,1,1.0,a,5,6,8,2024-03-10,2.0,163,59,3,6366,6366,2662,2662,0.7,0.7,Acheampong,0
0,2005-03-03,0,0,True,True,75,None,0,0,0,620109,None,,0,0,0,0,0.0,581,203,0,0,None,,0,2,1.9,2.5,0,0.00,0,0.00,0,0.00,0.00,0,0,Marco,0.0,578,201,0,0,0,False,0.0,583,203,152,False,0.0,571,203,,0,Unspecified injury - 75% chance of playing,2026-08-24T18:30:07.421239Z,55,220,33,p620109,0,0,None,0,,620109.jpg,0.0,578,201,False,-973,None,-57.5,"[{'offset': 0, 'projected_percent': '-57.5', 'likelihood': -3}, {'offset': 1, 'projected_percent': '-109.6', 'likelihood': -5}, {'offset': 2, 'projected_percent': '-143.0', 'likelihood': -5}]",0,0,106,False,0,0,https://www.chelseafc.com/en/news/article/xabi-alonso-explains-marco-palestra-and-moises-caicedo-absences-against?utm_source=chatgpt.com,[],Palestra,2.3,123,48,False,None,0,0,d,0,6,8,2026-07-01,0.0,572,202,0,4872,4872,52915,52915,0.0,0.0,Palestra,0
0,1998-03-11,0,0,True,True,None,None,0,0,0,220362,None,,0,0,0,0,0.0,361,150,0,0,None,,0,2,1.7,1.7,0,0.00,0,0.00,0,0.00,0.00,0,0,Axel,0.0,370,141,0,0,0,False,0.0,374,147,153,False,0.0,357,146,,0,,None,45,442,104,p220362,0,0,None,0,,220362.jpg,0.0,370,141,False,-2,None,-23.2,"[{'offset': 0, 'projected_percent': '-23.2', 'likelihood': -2}, {'offset': 1, 'projected_percent': '-30.8', 'likelihood': -2}, {'offset': 2, 'projected_percent': '-35.6', 'likelihood': -2}]",0,0,73,False,0,0,,[],Disasi,0.1,474,166,False,None,0,0,a,0,6,8,2023-08-04,0.0,289,124,0,412,412,764,764,0.0,0.0,Disasi,0
1,2002-05-06,3,60,True,True,100,None,0,0.0,0,244851,None,,0,0,0,0,41.3,14,12,9,9.88,3,,1,3,3.2,3.2,13,0.19,0.21,0.47,0.52,0.28,1.24,1.36,0.31,Cole,13.0,8,4,2,2.2,1,False,16.1,1,1,154,True,65.2,2,2,,82,,2026-08-24T22:00:07.971542Z,95,4,3,p244851,0,0,1,0,,244851.jpg,13.0,8,4,False,3246,None,108.5,"[{'offset': 0, 'projected_percent': '108.5', 'likelihood': 5}, {'offset': 1, 'projected_percent': '179.8', 'likelihood': 5}, {'offset': 2, 'projected_percent': '225.5', 'likelihood': 5}]",7,0,241,False,0,0.0,,[],Palmer,15.6,27,9,False,None,1,1.1,a,2,6,8,2023-09-01,54.0,5,4,13,312500,312500,28413,28413,1.4,1.4,Palmer,0
0,2001-01-17,0,6,True,True,None,None,0,0.0,0,448047,3,,0,0,0,0,12.0,106,64,3,10.8,2,,0,3,2.5,2.5,1,0.02,0.07,0.02,0.07,0.00,0.28,1.01,0.0,Enzo,1.0,291,141,0,0.0,0,False,1.5,212,95,155,False,3.4,236,105,,25,,None,70,28,18,p448047,0,0,2,0,,448047.jpg,1.0,291,141,False,-952,None,-64.0,"[{'offset': 0, 'projected_percent': '-64.0', 'likelihood': -3}, {'offset': 1, 'projected_percent': '-112.0', 'likelihood': -5}, {'offset': 2, 'projected_percent': '-142.8', 'likelihood': -5}]",3,0,10,False,0,0.0,,[],Fernández,4.5,73,25,False,None,0,0.0,a,0,6,8,2023-01-31,0.0,611,268,1,14366,14366,73321,73321,0.1,0.1,Enzo,0
0,2000-03-09,0,9,True,True,None,None,0,0.0,0,247632,2,,0,0,0,0,4.1,152,90,4,25.71,4,,0,3,2.3,2.3,1,0.07,0.45,0.10,0.64,0.03,0.22,1.41,0.19,Pedro,1.0,287,137,0,0.0,0,False,1.3,227,102,156,False,5.2,212,88,Pedro Neto,14,,None,65,40,27,p247632,0,0,None,0,,247632.jpg,1.0,287,137,False,-208,None,-55.7,"[{'offset': 0, 'projected_percent': '-55.7', 'likelihood': -3}, {'offset': 1, 'projected_percent': '-94.6', 'likelihood': -3}, {'offset': 2, 'projected_percent': '-119.5', 'likelihood': -5}]",3,0,173,False,0,0.0,,[],Lomba Neto,1.2,173,52,False,None,0,0.0,a,1,6,8,2024-08-11,4.0,144,73,1,5253,5253,19537,19537,0.2,0.2,Neto,0
0,2007-04-24,0,3,True,True,None,None,0,0.0,0,624773,5,,0,0,0,0,0.4,256,135,1,12.86,None,,0,3,2.3,2.3,1,0.00,0.0,0.00,0.0,0.00,0.09,1.16,0.0,Estêvão,1.0,288,138,0,0.0,0,False,0.1,295,141,157,False,0.2,279,134,Estêvão,7,,None,65,51,35,p624773,0,0,3,0,,624773.jpg,1.0,288,138,False,-137,None,-68.5,"[{'offset': 0, 'projected_percent': '-68.5', 'likelihood': -3}, {'offset': 1, 'projected_percent': '-95.8', 'likelihood': -4}, {'offset': 2, 'projected_percent': '-113.3', 'likelihood': -5}]",1,0,30,False,0,0.0,,[],Almeida de Oliveira Gonçalves,1.1,180,56,False,None,0,0.0,a,0,6,8,2025-07-14,0.0,608,266,1,5007,5007,20925,20925,0.2,0.2,Estêvão,0
0,2004-08-08,0,0,True,True,None,None,0,0,0,463936,None,,0,0,0,0,0.0,593,256,0,0,None,,0,3,2.2,2.2,0,0.00,0,0.00,0,0.00,0.00,0,0,Jamie,0.0,589,255,0,0,0,False,0.0,593,256,158,False,0.0,589,253,,0,,None,60,89,57,p463936,0,0,None,0,,463936.jpg,0.0,589,255,False,-5,None,-62.4,"[{'offset': 0, 'projected_percent': '-62.4', 'likelihood': -3}, {'offset': 1, 'projected_percent': '-95.1', 'likelihood': -4}, {'offset': 2, 'projected_percent': '-116.1', 'likelihood': -5}]",0,0,241,False,0,0,,[],Bynoe-Gittens,0.0,518,216,False,None,0,0,a,0,6,8,2025-07-05,0.0,586,249,0,249,249,681,681,0.0,0.0,Gittens,0
0,2001-11-02,0,0,True,True,75,None,0,0,0,486672,None,,0,0,0,0,0.0,573,245,0,0,None,,0,3,1.5,2.0,0,0.00,0,0.00,0,0.00,0.00,0,0,Moisés,0.0,569,243,0,0,0,False,0.0,573,243,159,False,0.0,560,237,Moisés Caicedo,0,Unspecified injury - 75% chance of playing,2026-08-24T18:30:07.431154Z,55,190,117,p486672,0,0,None,0,,486672.jpg,0.0,569,243,False,-951,None,-69.1,"[{'offset': 0, 'projected_percent': '-69.1', 'likelihood': -3}, {'offset': 1, 'projected_percent': '-108.1', 'likelihood': -5}, {'offset': 2, 'projected_percent': '-133.0', 'likelihood': -5}]",0,0,62,False,0,0,https://www.chelseafc.com/en/news/article/xabi-alonso-explains-marco-palestra-and-moises-caicedo-absences-against?utm_source=chatgpt.com,[],Caicedo Corozo,3.0,105,31,False,None,0,0,d,0,6,8,2023-08-14,0.0,557,234,0,9353,9353,84190,84190,0.0,0.0,Caicedo,0
0,2004-01-06,0,8,True,True,None,None,0,0.0,2,514356,None,,0,0,0,0,21.9,55,36,9,12.66,None,,0,3,1.5,1.5,1,0.03,0.04,0.24,0.34,0.21,1.05,1.48,0.3,Roméo,1.0,227,98,2,2.81,0,False,6.9,44,26,161,False,13.6,130,43,,64,,None,50,354,205,p514356,0,0,None,0,,514356.jpg,1.0,227,98,False,11,None,0.1,"[{'offset': 0, 'projected_percent': '0.1', 'likelihood': 1}, {'offset': 1, 'projected_percent': '0.4', 'likelihood': 1}, {'offset': 2, 'projected_percent': '0.5', 'likelihood': 1}]",4,0,21,False,0,0.0,,[],Lavia,0.1,472,194,False,None,1,1.41,a,3,6,8,2023-08-18,33.0,24,11,1,999,999,821,821,0.2,0.2,Lavia,1
0,2005-03-14,0,0,True,True,None,None,0,0,0,491007,None,,0,0,0,0,0.0,387,152,0,0,None,,0,3,1.0,1.0,0,0.00,0,0.00,0,0.00,0.00,0,0,Dário,0.0,392,149,0,0,0,False,0.0,396,149,163,False,0.0,380,142,Dário Essugo,0,,None,45,488,250,p491007,0,0,None,0,,491007.jpg,0.0,392,149,False,-1,None,-27.1,"[{'offset': 0, 'projected_percent': '-27.1', 'likelihood': -2}, {'offset': 1, 'projected_percent': '-28.3', 'likelihood': -2}, {'offset': 2, 'projected_percent': '-29.1', 'likelihood': -2}]",0,0,173,False,0,0,,[],Luís Essugo,0.2,350,128,False,None,0,0,a,0,6,8,2025-06-02,0.0,324,110,0,1167,1167,2586,2586,0.0,0.0,D.Essugo,0
0,2007-04-30,0,2,True,True,100,100,0,0.0,1,593117,None,,0,0,0,0,0.3,265,140,1,11.25,None,,0,3,2.0,2.0,1,0.00,0.0,0.00,0.0,0.00,0.09,1.01,0.0,Geovany,1.0,269,125,0,0.0,0,False,0.4,270,126,164,False,1.2,264,122,Geovany Quenda,8,,2026-07-24T20:30:10.609931Z,55,218,137,p593117,0,0,None,0,,593117.jpg,1.0,269,125,False,-3,None,-58.3,"[{'offset': 0, 'projected_percent': '-58.3', 'likelihood': -3}, {'offset': 1, 'projected_percent': '-72.5', 'likelihood': -3}, {'offset': 2, 'projected_percent': '-81.6', 'likelihood': -3}]",0,0,173,False,0,0.0,,[],Quenda,0.0,499,207,False,None,0,0.0,a,0,6,8,2026-06-15,2.0,181,91,1,211,211,718,718,0.2,0.2,Quenda,0
1,2001-09-26,2,45,True,True,None,None,0,0.0,1,475168,None,,1,-1,1,-1,23.0,53,3,3,3.0,None,,1,4,2.4,2.4,11,0.06,0.06,0.69,0.69,0.63,1.33,1.33,0.63,João Pedro,11.0,13,1,2,2.0,1,False,11.1,11,2,165,True,51.2,5,1,João Pedro,90,,None,76,13,5,p475168,0,0,None,0,,475168.jpg,11.0,13,1,False,3235,None,11.6,"[{'offset': 0, 'projected_percent': '11.6', 'likelihood': 1}, {'offset': 1, 'projected_percent': '37.8', 'likelihood': 2}, {'offset': 2, 'projected_percent': '54.6', 'likelihood': 3}]",2,0,30,False,0,0.0,,[],Junqueira de Jesus,67.8,2,2,False,None,1,1.0,a,0,6,8,2025-07-02,37.0,19,7,11,344602,344602,24991,24991,1.4,1.4,João Pedro,0
0,2001-06-20,0,0,True,True,None,None,0,0,0,517052,None,,0,0,0,0,0.0,609,69,0,0,None,,0,4,2.1,2.1,0,0.00,0,0.00,0,0.00,0.00,0,0,Nicolas,0.0,605,68,0,0,0,False,0.0,609,69,166,False,0.0,607,68,,0,,None,65,48,12,p517052,0,0,None,0,,517052.jpg,0.0,605,68,False,-7,None,-48.9,"[{'offset': 0, 'projected_percent': '-48.9', 'likelihood': -3}, {'offset': 1, 'projected_percent': '-53.3', 'likelihood': -3}, {'offset': 2, 'projected_percent': '-56.2', 'likelihood': -3}]",0,0,189,False,0,0,,[],Jackson,0.3,289,49,False,None,0,0,a,0,6,8,2023-07-01,0.0,607,69,0,4197,4197,7244,7244,0.0,0.0,N.Jackson,0
0,2003-02-08,0,0,True,True,None,None,0,0,0,463034,None,,0,0,0,0,0.0,566,58,0,0,None,,0,4,1.8,1.8,0,0.00,0,0.00,0,0.00,0.00,0,0,Liam,0.0,564,60,0,0,0,False,0.0,567,60,167,False,0.0,553,52,,0,,None,55,174,40,p463034,0,0,4,0,,463034.jpg,0.0,564,60,False,49,None,-16.3,"[{'offset': 0, 'projected_percent': '-16.3', 'likelihood': -1}, {'offset': 1, 'projected_percent': '0.4', 'likelihood': 1}, {'offset': 2, 'projected_percent': '1.0', 'likelihood': 1}]",0,0,241,False,0,0,,[],Delap,0.5,260,44,False,None,0,0,a,0,6,8,2025-06-04,0.0,549,59,0,5243,5243,6818,6818,0.0,0.0,Delap,0
0,2006-01-04,0,0,True,True,None,None,0,0,0,499309,None,,0,0,0,0,0.0,515,48,0,0,None,,0,4,1.4,1.4,0,0.00,0,0.00,0,0.00,0.00,0,0,Marc,0.0,514,50,0,0,0,False,0.0,518,49,168,False,0.0,502,40,,0,,None,50,343,56,p499309,0,0,None,0,,499309.jpg,0.0,514,50,False,-37,None,-31.4,"[{'offset': 0, 'projected_percent': '-31.4', 'likelihood': -2}, {'offset': 1, 'projected_percent': '-50.1', 'likelihood': -3}, {'offset': 2, 'projected_percent': '-62.1', 'likelihood': -3}]",0,0,200,False,0,0,,[],Guiu Paz,0.5,263,45,False,None,0,0,a,0,6,8,2024-07-01,0.0,472,47,0,2006,2006,5419,5419,0.0,0.0,Marc Guiu,0
0,None,0,0,True,True,None,None,0,0,0,567119,None,,0,0,0,0,0.0,412,38,0,0,None,,0,4,1.0,1.0,0,0.00,0,0.00,0,0.00,0.00,0,0,Shumaira,0.0,417,41,0,0,0,False,0.0,422,40,169,False,0.0,406,31,,0,,None,45,516,69,p567119,0,0,None,0,,567119.jpg,0.0,417,41,False,0,None,-11.3,"[{'offset': 0, 'projected_percent': '-11.3', 'likelihood': -1}, {'offset': 1, 'projected_percent': '-11.3', 'likelihood': -1}, {'offset': 2, 'projected_percent': '-11.3', 'likelihood': -1}]",0,0,None,False,0,0,,[],Mheuka,0.3,287,48,False,None,0,0,a,0,6,8,None,0.0,351,37,0,2657,2657,3989,3989,0.0,0.0,Mheuka,0
0,2003-02-03,0,0,True,True,100,100,0,0,0,503037,None,,0,0,0,0,0.0,517,49,0,0,None,,0,4,1.4,1.4,0,0.00,0,0.00,0,0.00,0.00,0,0,Emmanuel,0.0,516,51,0,0,0,False,0.0,520,50,170,False,0.0,504,41,,0,,2026-07-24T20:30:10.622380Z,50,348,57,p503037,0,0,None,0,,503037.jpg,0.0,516,51,False,-12,None,-18.3,"[{'offset': 0, 'projected_percent': '-18.3', 'likelihood': -1}, {'offset': 1, 'projected_percent': '-36.6', 'likelihood': -2}, {'offset': 2, 'projected_percent': '-48.3', 'likelihood': -3}]",0,0,152,False,0,0,,[],Emegha,0.1,379,55,False,None,0,0,a,0,6,8,2026-06-15,0.0,474,48,0,1353,1353,2087,2087,0.0,0.0,Emegha,0
1,2000-04-06,0,25,True,True,None,None,0,0.0,7,437499,None,,0,0,0,0,11.2,120,36,12,12.0,None,,0,2,2.8,2.8,6,0.20,0.2,0.20,0.2,0.00,1.33,1.33,0.0,Maxence,6.0,61,28,2,2.0,0,False,5.7,58,17,200,False,44.2,15,5,,90,,None,60,80,8,p437499,0,0,None,0,,437499.jpg,6.0,61,28,False,202,None,8.0,"[{'offset': 0, 'projected_percent': '8.0', 'likelihood': 1}, {'offset': 1, 'projected_percent': '12.4', 'likelihood': 1}, {'offset': 2, 'projected_percent': '15.2', 'likelihood': 1}]",2,0,73,False,0,0.0,,[],Lacroix,9.5,41,15,False,None,1,1.0,a,5,6,8,2026-07-30,2.0,184,63,6,55791,55791,38934,38934,1.0,1.0,Lacroix,0
0,2005-07-31,0,0,True,True,None,None,0,0,0,549939,None,,0,0,0,0,0.0,406,46,0,0,None,,0,1,1.9,1.9,0,0.00,0,0.00,0,0.00,0.00,0,0,Mike,0.0,411,58,0,0,0,False,0.0,415,58,560,False,0.0,399,58,,0,,None,45,508,47,p549939,0,0,None,0,,549939.jpg,0.0,411,58,False,-10,None,-23.0,"[{'offset': 0, 'projected_percent': '-23.0', 'likelihood': -2}, {'offset': 1, 'projected_percent': '-54.2', 'likelihood': -3}, {'offset': 2, 'projected_percent': '-74.2', 'likelihood': -3}]",0,0,21,False,0,0,,[],Penders,0.1,453,50,False,None,0,0,a,0,6,8,2024-08-27,0.0,344,46,0,346,346,691,691,0.0,0.0,Penders,0
0,2005-04-29,0,0,True,True,100,None,0,0,0,622758,None,,0,0,0,0,0.0,426,173,0,0,None,,0,2,1.7,1.7,0,0.00,0,0.00,0,0.00,0.00,0,0,Aaron,0.0,431,166,0,0,0,False,0.0,436,172,561,False,0.0,420,172,,0,,2026-08-23T19:00:08.536705Z,45,535,150,p622758,0,0,None,0,,622758.jpg,0.0,431,166,False,1,None,0.0,"[{'offset': 0, 'projected_percent': '0.0', 'likelihood': 0}, {'offset': 1, 'projected_percent': '0.0', 'likelihood': 0}, {'offset': 2, 'projected_percent': '0.0', 'likelihood': 0}]",0,0,10,False,0,0,,[],Anselmino,0.0,556,193,False,None,0,0,a,0,6,8,2024-08-08,0.0,367,156,0,110,110,428,428,0.0,0.0,Anselmino,0
0,2004-07-23,0,0,True,True,None,None,0,0,0,543158,None,,0,0,0,0,0.0,577,249,0,0,None,,0,3,2.0,2.0,0,0.00,0,0.00,0,0.00,0.00,0,0,Valentín,0.0,573,247,0,0,0,False,0.0,577,247,568,False,0.0,565,242,,0,,None,55,202,127,p543158,0,0,None,0,,543158.jpg,0.0,573,247,False,-5,None,-36.1,"[{'offset': 0, 'projected_percent': '-36.1', 'likelihood': -2}, {'offset': 1, 'projected_percent': '-43.6', 'likelihood': -3}, {'offset': 2, 'projected_percent': '-48.4', 'likelihood': -3}]",0,0,10,False,0,0,,[],Barco,0.1,387,150,False,None,0,0,a,0,6,8,2026-08-02,0.0,564,239,0,374,374,1424,1424,0.0,0.0,Barco,0
0,2001-01-05,0,0,True,True,None,None,0,0,0,465920,None,,0,0,0,0,0.0,569,242,0,0,None,,0,3,2.0,2.0,0,0.00,0,0.00,0,0.00,0.00,0,0,Mykhailo,0.0,566,240,0,0,0,False,0.0,570,240,578,False,0.0,556,234,,0,,None,55,179,109,p465920,0,0,None,0,,465920.jpg,0.0,566,240,False,-4,None,-33.6,"[{'offset': 0, 'projected_percent': '-33.6', 'likelihood': -2}, {'offset': 1, 'projected_percent': '-54.6', 'likelihood': -3}, {'offset': 2, 'projected_percent': '-68.1', 'likelihood': -3}]",0,0,225,False,0,0,,[],Mudryk,0.0,495,205,False,None,0,0,a,0,6,8,2023-01-15,0.0,553,230,0,217,217,878,878,0.0,0.0,Mudryk,0
0,1998-04-10,0,3,True,True,None,None,0,0.0,1,498444,None,,0,0,0,0,0.2,270,99,1,3.6,None,,0,2,2.2,2.2,1,0.00,0.0,0.00,0.0,0.00,0.28,1.01,0.0,Pep,1.0,224,89,0,0.0,0,False,0.5,257,95,583,False,2.4,243,96,,25,,None,50,342,70,p498444,0,0,None,0,,498444.jpg,1.0,224,89,False,-10,None,-8.5,"[{'offset': 0, 'projected_percent': '-8.5', 'likelihood': -1}, {'offset': 1, 'projected_percent': '-20.0', 'likelihood': -2}, {'offset': 2, 'projected_percent': '-27.3', 'likelihood': -2}]",1,0,200,False,0,0.0,,[],Chavarría,0.2,341,128,False,None,0,0.0,a,0,6,8,2026-08-12,2.0,172,61,1,935,935,2120,2120,0.2,0.2,Chavarria,0
0,1998-01-01,0,8,True,True,None,None,0,0.0,3,428580,None,,0,0,0,0,1.6,194,113,9,9.0,None,,0,3,1.5,1.5,2,0.01,0.01,0.01,0.01,0.00,1.88,1.88,0.0,Frank,2.0,130,58,3,3.0,0,False,0.5,255,115,104,False,3.6,232,102,,90,,None,50,297,178,p428580,0,0,None,0,,428580.jpg,2.0,130,58,False,8,None,0.4,"[{'offset': 0, 'projected_percent': '0.4', 'likelihood': 1}, {'offset': 1, 'projected_percent': '0.6', 'likelihood': 1}, {'offset': 2, 'projected_percent': '0.7', 'likelihood': 1}]",5,0,157,False,0,0.0,,[],Onyeka,0.2,371,141,False,None,1,1.0,a,1,7,9,2026-07-01,0.0,434,160,2,1858,1858,1352,1352,0.4,0.4,Onyeka,0
0,2001-07-02,0,0,True,True,None,None,0,0.0,1,472739,None,,0,0,0,0,0.0,381,39,0,0.0,None,,0,1,1.9,1.9,1,0.01,0.01,0.01,0.01,0.00,1.88,1.88,0.0,Carl,1.0,198,17,3,3.0,0,False,1.4,215,17,110,False,14.2,121,17,,90,,None,45,479,40,p472739,0,0,None,0,,472739.jpg,1.0,198,17,False,172,None,2.1,"[{'offset': 0, 'projected_percent': '2.1', 'likelihood': 1}, {'offset': 1, 'projected_percent': '5.9', 'likelihood': 1}, {'offset': 2, 'projected_percent': '8.3', 'likelihood': 1}]",7,0,241,False,2,2.0,,[],Rushworth,1.2,177,27,False,None,1,1.0,a,0,7,9,2026-08-04,0.0,317,39,1,7713,7713,3898,3898,0.2,0.2,Rushworth,0
0,2002-07-11,0,0,True,True,None,None,0,0,0,484389,None,,0,0,0,0,0.0,309,17,0,0,None,,0,1,1.0,1.0,0,0.00,0,0.00,0,0.00,0.00,0,0,Oliver,0.0,322,37,0,0,0,False,0.0,326,37,171,False,0.0,309,37,,0,,None,40,587,65,p484389,0,0,None,0,,484389.jpg,0.0,322,37,False,-9,None,-7.4,"[{'offset': 0, 'projected_percent': '-7.4', 'likelihood': -1}, {'offset': 1, 'projected_percent': '-8.7', 'likelihood': -1}, {'offset': 2, 'projected_percent': '-9.6', 'likelihood': -1}]",0,0,206,False,0,0,,[],Dovin,1.5,155,22,False,None,0,0,a,0,7,9,2024-07-19,0.0,230,17,0,2167,2167,5473,5473,0.0,0.0,Dovin,0
0,1992-08-09,0,0,True,True,None,None,0,0,0,110690,None,,0,0,0,0,0.0,345,27,0,0,None,,0,1,1.9,1.9,0,0.00,0,0.00,0,0.00,0.00,0,0,Ben,0.0,355,45,0,0,0,False,0.0,359,45,172,False,0.0,342,45,,0,,None,45,416,28,p110690,0,0,None,0,,110690.jpg,0.0,355,45,False,-20,None,-26.7,"[{'offset': 0, 'projected_percent': '-26.7', 'likelihood': -2}, {'offset': 1, 'projected_percent': '-36.5', 'likelihood': -2}, {'offset': 2, 'projected_percent': '-42.8', 'likelihood': -3}]",0,0,241,False,0,0,,[],Wilson,0.5,259,35,False,None,0,0,a,0,7,9,2019-07-01,0.0,271,27,0,200,200,2934,2934,0.0,0.0,Wilson,0
0,2001-01-30,0,11,True,True,None,None,0,0.0,9,461102,None,,0,0,0,0,11.2,119,35,10,10.0,None,,0,2,1.0,1.0,3,0.01,0.01,0.03,0.03,0.02,1.88,1.88,0.02,Bobby,3.0,82,33,3,3.0,0,False,3.5,115,42,173,False,23.2,73,33,,90,,None,40,583,177,p461102,0,0,None,0,,461102.jpg,3.0,82,33,False,204,None,5.6,"[{'offset': 0, 'projected_percent': '5.6', 'likelihood': 1}, {'offset': 1, 'projected_percent': '10.1', 'likelihood': 1}, {'offset': 2, 'projected_percent': '13.0', 'likelihood': 1}]",2,0,241,False,0,0.0,,[],Thomas,7.9,52,19,False,None,1,1.0,a,1,7,9,2023-07-22,1.0,189,65,3,31006,31006,20683,20683,0.8,0.8,Thomas,0
0,1999-09-25,0,0,True,True,None,None,0,0,0,436761,None,,0,0,0,0,0.0,302,114,0,0,None,,0,2,1.0,1.0,0,0.00,0,0.00,0,0.00,0.00,0,0,Liam,0.0,315,107,0,0,0,False,0.0,319,113,174,False,0.0,302,112,,0,,None,40,576,172,p436761,0,0,None,0,,436761.jpg,0.0,315,107,False,-28,None,-22.6,"[{'offset': 0, 'projected_percent': '-22.6', 'likelihood': -2}, {'offset': 1, 'projected_percent': '-32.3', 'likelihood': -2}, {'offset': 2, 'projected_percent': '-38.5', 'likelihood': -2}]",0,0,241,False,0,0,,[],Kitching,0.7,230,86,False,None,0,0,a,0,7,9,2023-09-01,0.0,221,80,0,458,458,4131,4131,0.0,0.0,Kitching,0
0,2000-09-08,0,-8,True,True,None,None,0,0.0,6,451284,None,,0,0,0,0,2.0,186,56,7,7.0,None,,0,2,1.0,1.0,1,0.01,0.01,0.01,0.01,0.00,1.88,1.88,0.0,Milan,1.0,178,58,3,3.0,0,False,1.5,206,79,175,False,10.6,157,72,,90,,None,40,581,175,p451284,0,0,None,0,,451284.jpg,1.0,178,58,False,79,None,-1.6,"[{'offset': 0, 'projected_percent': '-1.6', 'likelihood': -1}, {'offset': 1, 'projected_percent': '-0.2', 'likelihood': -1}, {'offset': 2, 'projected_percent': '0.9', 'likelihood': 1}]",3,0,152,False,0,0.0,,[],van Ewijk,13.1,30,11,False,None,1,1.0,a,1,7,9,2023-07-27,2.0,157,53,1,28793,28793,44516,44516,0.2,0.2,van Ewijk,0
0,1998-04-22,0,-4,True,True,None,None,0,0.0,6,173878,None,,0,0,0,0,3.8,154,45,6,6.0,None,,0,2,1.0,1.0,1,0.02,0.02,0.02,0.02,0.00,1.88,1.88,0.0,Jay,1.0,176,56,3,3.0,0,False,1.8,188,73,176,False,13.8,124,56,,90,,None,40,561,160,p173878,0,0,None,0,,173878.jpg,1.0,176,56,False,21,None,0.0,"[{'offset': 0, 'projected_percent': '0.0', 'likelihood': 0}, {'offset': 1, 'projected_percent': '0.5', 'likelihood': 1}, {'offset': 2, 'projected_percent': '0.8', 'likelihood': 1}]",1,0,244,False,0,0.0,,[],Dasilva,0.8,212,79,False,None,1,1.0,a,0,7,9,2023-07-01,0.0,210,72,1,2578,2578,3443,3443,0.2,0.2,Dasilva,0
0,2002-10-23,0,0,True,True,0,None,0,0,0,465390,None,,0,0,0,0,0.0,307,116,0,0,None,,0,2,0.0,1.0,0,0.00,0,0.00,0,0.00,0.00,0,0,Kaine,0.0,320,109,0,0,0,False,0.0,324,115,177,False,0.0,307,114,,0,Hamstring injury - Unknown return date,2026-08-27T14:56:28.704361Z,40,585,178,p465390,0,0,None,0,,465390.jpg,0.0,320,109,False,-9,None,-9.9,"[{'offset': 0, 'projected_percent': '-9.9', 'likelihood': -1}, {'offset': 1, 'projected_percent': '-22.8', 'likelihood': -2}, {'offset': 2, 'projected_percent': '-31.0', 'likelihood': -2}]",0,0,241,False,0,0,,[],Kesler-Hayden,0.1,473,165,False,None,0,0,i,0,7,9,2025-07-01,0.0,228,84,0,151,151,567,567,0.0,0.0,Kesler-Hayden,0
0,1993-03-21,0,0,True,True,None,None,0,0,0,80178,None,,0,0,0,0,0.0,282,102,0,0,None,,0,2,1.0,1.0,0,0.00,0,0.00,0,0.00,0.00,0,0,Jake,0.0,298,98,0,0,0,False,0.0,301,103,178,False,0.0,285,103,,0,,None,40,548,152,p80178,0,0,None,0,,80178.jpg,0.0,298,98,False,-2,None,-4.2,"[{'offset': 0, 'projected_percent': '-4.2', 'likelihood': -1}, {'offset': 1, 'projected_percent': '-9.8', 'likelihood': -1}, {'offset': 2, 'projected_percent': '-13.3', 'likelihood': -1}]",0,0,241,False,0,0,,[],Bidwell,0.1,433,152,False,None,0,0,a,0,7,9,2022-01-17,0.0,200,67,0,459,459,657,657,0.0,0.0,Bidwell,0
0,2000-01-06,0,0,True,True,None,None,0,0,0,204813,None,,0,0,0,0,0.0,294,109,0,0,None,,0,2,1.0,1.0,0,0.00,0,0.00,0,0.00,0.00,0,0,Joel,0.0,308,103,0,0,0,False,0.0,312,109,179,False,0.0,295,108,,0,,None,40,565,164,p204813,0,0,None,0,,204813.jpg,0.0,308,103,False,-2,None,-22.0,"[{'offset': 0, 'projected_percent': '-22.0', 'likelihood': -2}, {'offset': 1, 'projected_percent': '-33.3', 'likelihood': -2}, {'offset': 2, 'projected_percent': '-40.6', 'likelihood': -3}]",0,0,107,False,0,0,,[],Latibeaudiere,0.0,504,176,False,None,0,0,a,0,7,9,2023-07-18,0.0,214,76,0,123,123,362,362,0.0,0.0,Latibeaudiere,0
0,1998-10-21,0,0,True,True,0,None,0,0,0,220583,None,,0,0,0,0,0.0,297,111,0,0,None,,0,2,0.0,1.0,0,0.00,0,0.00,0,0.00,0.00,0,0,Luke,0.0,311,105,0,0,0,False,0.0,315,111,180,False,0.0,298,110,,0,Knee injury - Unknown return date,2026-08-27T14:56:28.718566Z,40,570,168,p220583,0,0,None,0,,220583.jpg,0.0,311,105,False,-26,None,-7.1,"[{'offset': 0, 'projected_percent': '-7.1', 'likelihood': -1}, {'offset': 1, 'projected_percent': '-19.1', 'likelihood': -1}, {'offset': 2, 'projected_percent': '-26.8', 'likelihood': -2}]",0,0,241,False,0,0,,[],Woolfenden,0.2,361,136,False,None,0,0,i,0,7,9,2025-09-01,0.0,217,78,0,892,892,1768,1768,0.0,0.0,Woolfenden,0
0,2001-12-27,0,0,True,True,None,None,0,0,0,577411,None,,0,0,0,0,0.0,325,131,0,0,None,,0,2,1.0,1.0,0,0.00,0,0.00,0,0.00,0.00,0,0,Miguel,0.0,338,124,0,0,0,False,0.0,342,130,181,False,0.0,325,129,,0,,None,40,605,195,p577411,0,0,None,0,,577411.jpg,0.0,338,124,False,1,None,-1.0,"[{'offset': 0, 'projected_percent': '-1.0', 'likelihood': -1}, {'offset': 1, 'projected_percent': '0.0', 'likelihood': 0}, {'offset': 2, 'projected_percent': '0.0', 'likelihood': 0}]",0,0,200,False,0,0,,[],Brau,0.0,501,174,False,None,0,0,a,0,7,9,2025-07-01,0.0,248,101,0,224,224,295,295,0.0,0.0,Brau,0
0,2003-07-31,0,1,True,True,None,None,0,0.0,9,539142,None,,0,0,0,0,0.8,227,77,9,9.0,None,,0,2,1.0,1.0,1,0.01,0.01,0.01,0.01,0.00,1.88,1.88,0.0,Aurèle,1.0,179,59,3,3.0,0,False,3.0,129,49,182,False,28.8,54,21,,90,,None,40,596,186,p539142,0,0,None,0,,539142.jpg,1.0,179,59,False,29,None,-1.7,"[{'offset': 0, 'projected_percent': '-1.7', 'likelihood': -1}, {'offset': 1, 'projected_percent': '0.5', 'likelihood': 1}, {'offset': 2, 'projected_percent': '0.9', 'likelihood': 1}]",4,0,207,False,0,0.0,,[],Amenda,0.9,211,78,False,None,1,1.0,a,0,7,9,2026-07-16,0.0,239,92,1,2725,2725,3868,3868,0.2,0.2,Amenda,0
0,2001-06-14,0,3,True,True,100,100,0,0.0,0,480457,3,,0,0,0,0,3.8,157,91,5,22.5,1,,0,3,1.5,1.5,1,0.00,0.0,0.15,0.68,0.15,0.29,1.3,0.68,Jack,1.0,220,94,0,0.0,0,False,2.6,148,66,183,False,5.6,206,84,,20,,2026-07-23T12:01:23.481435Z,50,324,189,p480457,0,0,None,0,,480457.jpg,1.0,220,94,False,39,None,0.0,"[{'offset': 0, 'projected_percent': '0.0', 'likelihood': 0}, {'offset': 1, 'projected_percent': '0.9', 'likelihood': 1}, {'offset': 2, 'projected_percent': '1.4', 'likelihood': 1}]",4,0,241,False,0,0.0,,[],Rudoni,0.1,385,149,False,None,0,0.0,a,1,7,9,2024-06-20,17.0,54,29,1,900,900,1080,1080,0.2,0.2,Rudoni,0
0,1995-07-15,0,14,True,True,None,None,0,0.0,4,168144,1,,0,0,0,0,3.7,158,92,7,7.0,None,,0,3,1.5,1.5,2,0.01,0.01,0.01,0.01,0.00,1.88,1.88,0.0,Matt,2.0,121,54,3,3.0,0,False,1.7,197,87,184,False,13.4,133,44,,90,,None,50,248,151,p168144,0,0,3,0,,168144.jpg,2.0,121,54,False,16,None,0.4,"[{'offset': 0, 'projected_percent': '0.4', 'likelihood': 1}, {'offset': 1, 'projected_percent': '0.7', 'likelihood': 1}, {'offset': 2, 'projected_percent': '0.9', 'likelihood': 1}]",3,0,241,False,0,0.0,,[],Grimes,0.2,343,125,False,None,1,1.0,a,0,7,9,2025-01-31,0.0,395,141,2,1745,1745,1371,1371,0.4,0.4,Grimes,0
0,1996-10-22,0,0,True,True,None,None,0,0,0,501459,None,,0,0,0,0,0.0,516,211,0,0,None,,0,3,1.5,1.5,0,0.00,0,0.00,0,0.00,0.00,0,0,Tatsuhiro,0.0,515,210,0,0,0,False,0.0,519,209,185,False,0.0,503,202,,0,,None,50,346,200,p501459,0,0,None,0,,501459.jpg,0.0,515,210,False,-9,None,-51.4,"[{'offset': 0, 'projected_percent': '-51.4', 'likelihood': -3}, {'offset': 1, 'projected_percent': '-72.3', 'likelihood': -3}, {'offset': 2, 'projected_percent': '-85.6', 'likelihood': -3}]",0,0,108,False,0,0,,[],Sakamoto,0.1,421,166,False,None,0,0,a,0,7,9,2023-07-10,0.0,473,178,0,118,118,1238,1238,0.0,0.0,Sakamoto,0
0,1999-08-25,0,0,True,True,100,100,0,0,0,241293,None,,0,0,0,0,0.0,560,238,0,0,None,,0,3,2.0,2.0,0,0.00,0,0.00,0,0.00,0.00,0,0,Ephron,0.0,557,236,0,0,0,False,0.0,560,236,186,False,0.0,546,230,,0,,2026-08-19T18:00:08.310507Z,55,151,93,p241293,0,0,None,0,,241293.jpg,0.0,557,236,False,-6,None,-37.5,"[{'offset': 0, 'projected_percent': '-37.5', 'likelihood': -2}, {'offset': 1, 'projected_percent': '-47.9', 'likelihood': -3}, {'offset': 2, 'projected_percent': '-54.6', 'likelihood': -3}]",0,0,107,False,0,0,,[],Mason-Clark,0.1,399,157,False,None,0,0,a,0,7,9,2024-02-01,0.0,536,221,0,368,368,1353,1353,0.0,0.0,Mason-Clark,0
0,2000-04-06,0,0,True,True,None,None,0,0,0,439668,None,,0,0,0,0,0.0,486,196,0,0,None,,0,3,1.5,1.5,0,0.00,0,0.00,0,0.00,0.00,0,0,Josh,0.0,487,195,0,0,0,False,0.0,492,194,187,False,0.0,476,187,,0,,None,50,303,180,p439668,0,0,None,0,,439668.jpg,0.0,487,195,False,0,None,-56.5,"[{'offset': 0, 'projected_percent': '-56.5', 'likelihood': -3}, {'offset': 1, 'projected_percent': '-56.5', 'likelihood': -3}, {'offset': 2, 'projected_percent': '-56.5', 'likelihood': -3}]",0,0,241,False,0,0,,[],Eccles,0.0,570,241,False,None,0,0,a,0,7,9,2018-07-01,0.0,439,162,0,64,64,235,235,0.0,0.0,Eccles,0
0,1999-07-30,0,8,True,True,None,None,0,0.0,1,226965,2,,0,0,0,0,16.4,72,44,1,3.21,2,,0,3,2.0,2.0,1,0.11,0.35,0.11,0.35,0.00,0.32,1.03,0.0,Victor,1.0,251,114,0,0.0,0,False,2.3,163,74,188,False,6.8,192,76,,28,,None,55,148,91,p226965,0,0,2,0,,226965.jpg,1.0,251,114,False,0,None,-29.8,"[{'offset': 0, 'projected_percent': '-29.8', 'likelihood': -2}, {'offset': 1, 'projected_percent': '-29.8', 'likelihood': -2}, {'offset': 2, 'projected_percent': '-29.8', 'likelihood': -2}]",0,0,58,False,0,0.0,,[],Torp,0.2,367,138,False,None,0,0.0,a,0,7,9,2024-01-11,0.0,535,220,1,397,397,1559,1559,0.2,0.2,Torp,0
0,None,0,0,True,True,None,None,0,0,0,684268,None,,0,0,0,0,0.0,432,169,0,0,None,,0,3,1.0,1.0,0,0.00,0,0.00,0,0.00,0.00,0,0,George,0.0,437,166,0,0,0,False,0.0,442,166,189,False,0.0,426,159,,0,,None,45,541,269,p684268,0,0,None,0,,684268.jpg,0.0,437,166,False,-11,None,-23.9,"[{'offset': 0, 'projected_percent': '-23.9', 'likelihood': -2}, {'offset': 1, 'projected_percent': '-32.6', 'likelihood': -2}, {'offset': 2, 'projected_percent': '-38.1', 'likelihood': -2}]",0,0,None,False,0,0,,[],Shepherd,0.3,301,102,False,None,0,0,a,0,7,9,None,0.0,373,128,0,916,916,2772,2772,0.0,0.0,Shepherd,0
0,2003-09-08,0,11,True,True,None,None,0,0.0,3,469272,None,,0,0,0,0,6.0,138,82,8,8.89,None,,0,3,2.0,2.0,2,0.02,0.02,0.06,0.06,0.04,1.76,1.96,0.04,Loum,2.0,144,68,3,3.33,0,False,1.1,232,105,190,False,1.8,256,117,,81,,None,55,180,110,p469272,0,0,None,0,,469272.jpg,2.0,144,68,False,36,None,0.6,"[{'offset': 0, 'projected_percent': '0.6', 'likelihood': 1}, {'offset': 1, 'projected_percent': '1.4', 'likelihood': 1}, {'offset': 2, 'projected_percent': '1.9', 'likelihood': 1}]",5,0,73,False,0,0.0,,[],Tchaouna,0.2,373,143,False,None,1,1.11,a,0,7,9,2026-07-11,3.0,151,78,2,2035,2035,1162,1162,0.4,0.4,Tchaouna,0
0,2003-09-11,0,0,True,True,None,None,0,0,0,492498,None,,0,0,0,0,0.0,389,154,0,0,None,,0,3,1.0,1.0,0,0.00,0,0.00,0,0.00,0.00,0,0,Raphael,0.0,394,151,0,0,0,False,0.0,398,151,191,False,0.0,382,144,,0,,None,45,490,252,p492498,0,0,None,0,,492498.jpg,0.0,394,151,False,-4,None,-22.9,"[{'offset': 0, 'projected_percent': '-22.9', 'likelihood': -2}, {'offset': 1, 'projected_percent': '-28.3', 'likelihood': -2}, {'offset': 2, 'projected_percent': '-31.7', 'likelihood': -2}]",0,0,13,False,0,0,,[],Borges Rodrigues,0.2,365,137,False,None,0,0,a,0,7,9,2024-07-01,0.0,326,112,0,605,605,1658,1658,0.0,0.0,Borges Rodrigues,0
0,2006-08-06,0,0,True,True,None,None,0,0,0,629397,None,,0,0,0,0,0.0,427,166,0,0,None,,0,3,1.0,1.0,0,0.00,0,0.00,0,0.00,0.00,0,0,Kai,0.0,432,163,0,0,0,False,0.0,437,163,192,False,0.0,421,156,,0,,None,45,536,266,p629397,0,0,None,0,,629397.jpg,0.0,432,163,False,-19,None,-22.6,"[{'offset': 0, 'projected_percent': '-22.6', 'likelihood': -2}, {'offset': 1, 'projected_percent': '-29.4', 'likelihood': -2}, {'offset': 2, 'projected_percent': '-33.7', 'likelihood': -2}]",0,0,244,False,0,0,,[],Andrews,0.6,233,77,False,None,0,0,a,0,7,9,2023-08-11,0.0,368,125,0,2346,2346,6359,6359,0.0,0.0,Andrews,0
0,1998-03-27,0,0,True,True,0,0,0,0,0,176412,None,,0,0,0,0,0.0,548,56,0,0,None,,0,4,0.0,0.0,0,0.00,0,0.00,0,0.00,0.00,0,0,Haji,0.0,543,58,0,0,0,False,0.0,549,57,193,False,0.0,533,48,,0,Thigh injury - Unknown return date,2026-08-14T22:00:07.214508Z,55,127,34,p176412,0,0,1,0,,176412.jpg,0.0,543,58,False,-28,None,-66.4,"[{'offset': 0, 'projected_percent': '-66.4', 'likelihood': -3}, {'offset': 1, 'projected_percent': '-82.5', 'likelihood': -3}, {'offset': 2, 'projected_percent': '-92.9', 'likelihood': -3}]",0,0,229,False,0,0,https://www.ccfc.co.uk/news/2026/august/19/head-coach-frank-lampard-provides-an-update-on-haji-wright/,[],Wright,0.1,383,57,False,None,0,0,i,0,7,9,2023-08-04,0.0,519,55,0,100,100,4977,4977,0.0,0.0,Wright,0
0,1998-12-29,0,9,True,True,None,None,0,0.0,5,230730,None,,0,0,0,0,1.1,220,25,6,7.83,None,,0,4,1.4,1.4,2,0.02,0.03,0.02,0.03,0.00,1.60,2.09,0.0,Brandon,2.0,129,12,3,3.91,0,False,0.6,251,26,194,False,4.6,217,15,,69,,None,50,285,52,p230730,0,0,4,0,,230730.jpg,2.0,129,12,False,71,None,2.7,"[{'offset': 0, 'projected_percent': '2.7', 'likelihood': 1}, {'offset': 1, 'projected_percent': '4.3', 'likelihood': 1}, {'offset': 2, 'projected_percent': '5.3', 'likelihood': 1}]",1,0,81,False,0,0.0,,[],Thomas-Asante,0.8,215,36,False,None,1,1.3,a,0,7,9,2024-08-01,0.0,424,43,2,12138,12138,6811,6811,0.4,0.4,Thomas-Asante,0
0,2001-01-05,0,7,True,True,None,None,0,0.0,1,218997,None,,0,0,0,0,12.3,102,10,3,3.91,None,,0,4,1.4,1.4,2,0.01,0.01,0.01,0.01,0.00,1.60,2.09,0.0,Ellis,2.0,127,11,3,3.91,0,False,1.7,198,20,195,False,2.6,241,18,,69,,None,50,274,50,p218997,0,0,None,0,,218997.jpg,2.0,127,11,False,127,None,4.5,"[{'offset': 0, 'projected_percent': '4.5', 'likelihood': 1}, {'offset': 1, 'projected_percent': '7.3', 'likelihood': 1}, {'offset': 2, 'projected_percent': '9.1', 'likelihood': 1}]",2,0,241,False,0,0.0,,[],Simms,1.0,195,30,False,None,1,1.3,a,0,7,9,2023-07-07,2.0,168,27,2,16739,16739,8028,8028,0.4,0.4,Simms,0
0,2003-01-04,0,0,False,True,0,0,0,0,0,551262,None,,0,0,0,0,0.0,529,50,0,0,None,,0,4,0.0,0.0,0,0.00,0,0.00,0,0.00,0.00,0,0,Jahnoah,0.0,528,52,0,0,0,False,0.0,532,51,196,False,0.0,516,42,,0,Has joined Shabab Al-Ahli Dubai permanently,2026-08-17T13:53:55.791223Z,50,372,59,p551262,0,0,None,0,,551262.jpg,0.0,528,52,False,-2,None,0.0,"[{'offset': 0, 'projected_percent': '0.0', 'likelihood': 0}, {'offset': 1, 'projected_percent': '0.0', 'likelihood': 0}, {'offset': 2, 'projected_percent': '0.0', 'likelihood': 0}]",0,0,203,False,0,0,,[],Markelo,0.0,577,71,False,None,0,0,u,0,7,9,2026-01-27,0.0,488,49,0,0,0,553,553,0.0,0.0,Markelo,0
0,None,0,0,False,True,0,0,0,0,0,549653,None,,0,0,0,0,0.0,405,36,0,0,None,,0,4,0.0,0.0,0,0.00,0,0.00,0,0.00,0.00,0,0,Norman,0.0,410,39,0,0,0,False,0.0,414,37,197,False,0.0,398,28,,0,Has joined KVC Westerlo on loan for the rest of the season,2026-07-28T12:58:50.001768Z,45,507,66,p549653,0,0,None,0,,549653.jpg,0.0,410,39,False,-1,None,0.0,"[{'offset': 0, 'projected_percent': '0.0', 'likelihood': 0}, {'offset': 1, 'projected_percent': '0.0', 'likelihood': 0}, {'offset': 2, 'projected_percent': '0.0', 'likelihood': 0}]",0,0,None,False,0,0,,[],Bassette,0.0,508,67,False,None,0,0,u,0,7,9,None,0.0,343,34,0,0,0,734,734,0.0,0.0,Bassette,0
0,1997-08-12,0,4,True,True,None,None,0,0.0,0,210156,None,,0,0,0,0,1.4,201,24,1,4.5,None,,0,4,1.8,1.8,1,0.00,0.0,0.00,0.0,0.00,0.29,1.3,0.0,Taiwo,1.0,250,24,0,0.0,0,False,0.1,292,32,492,False,0.0,541,49,,20,,None,55,142,36,p210156,0,0,5,0,,210156.jpg,1.0,250,24,False,55,None,-6.2,"[{'offset': 0, 'projected_percent': '-6.2', 'likelihood': -1}, {'offset': 1, 'projected_percent': '0.7', 'likelihood': 1}, {'offset': 2, 'projected_percent': '1.5', 'likelihood': 1}]",1,0,157,False,0,0.0,,[],Awoniyi,0.8,214,35,False,None,0,0.0,a,0,7,9,2026-08-17,0.0,531,56,1,6179,6179,7819,7819,0.2,0.2,Awoniyi,0
0,2006-01-15,0,2,True,True,None,None,0,0.0,0,661888,None,,0,0,0,0,3.1,164,96,3,4.43,None,,0,3,1.5,1.5,1,0.00,0.0,0.00,0.0,0.00,1.56,2.3,0.0,Caleb,1.0,241,108,3,4.43,0,False,0.0,543,225,575,False,0.0,527,218,,61,,None,50,396,236,p661888,0,0,None,0,,661888.jpg,1.0,241,108,False,-2,None,-20.5,"[{'offset': 0, 'projected_percent': '-20.5', 'likelihood': -2}, {'offset': 1, 'projected_percent': '-22.0', 'likelihood': -2}, {'offset': 2, 'projected_percent': '-22.9', 'likelihood': -2}]",3,0,81,False,0,0.0,,[],Yirenkyi,0.2,318,109,False,None,1,1.48,a,0,7,9,2026-08-07,0.0,506,202,1,820,820,2305,2305,0.2,0.2,Yirenkyi,1
0,1997-06-24,0,3,True,True,None,None,0,0.0,0,196100,None,,0,0,0,0,0.3,263,139,1,11.25,None,,0,3,2.0,2.0,1,0.00,0.0,0.00,0.0,0.00,0.13,1.46,0.0,Gustavo,1.0,247,112,0,0.0,0,False,0.1,291,138,584,False,0.4,274,129,,8,,None,55,131,81,p196100,0,0,None,0,,196100.jpg,1.0,247,112,False,-6,None,-6.0,"[{'offset': 0, 'projected_percent': '-6.0', 'likelihood': -1}, {'offset': 1, 'projected_percent': '-16.3', 'likelihood': -1}, {'offset': 2, 'projected_percent': '-22.8', 'likelihood': -2}]",1,0,152,False,0,0.0,,[],Hamer,0.1,382,147,False,None,0,0.0,a,0,7,9,2026-08-11,0.0,523,211,1,329,329,1230,1230,0.2,0.2,Hamer,0
0,2006-12-15,0,0,True,True,None,None,0,0,0,627221,None,,0,0,0,0,0.0,536,51,0,0,None,,0,4,1.4,1.4,0,0.00,0,0.00,0,0.00,0.00,0,0,Sidiki,0.0,535,53,0,0,0,False,0.0,540,52,599,False,0.0,524,43,,0,,None,50,389,60,p627221,0,0,None,0,,627221.jpg,0.0,535,53,False,0,2026-09-02T14:02:06.979982Z,0.0,"[{'offset': 0, 'projected_percent': '0.0', 'likelihood': 0}, {'offset': 1, 'projected_percent': '0.0', 'likelihood': 0}, {'offset': 2, 'projected_percent': '0.0', 'likelihood': 0}]",0,0,73,False,0,0,,[],Cherif,0.1,424,62,False,None,0,0,a,0,7,9,2026-08-19,0.0,500,50,0,1508,1508,1206,1206,0.0,0.0,Cherif,0
0,2001-07-01,0,3,True,True,None,None,0,0.0,0,485337,None,,0,0,0,0,1.8,191,111,1,3.33,None,,0,3,2.0,2.0,1,0.02,0.07,0.05,0.17,0.03,0.14,0.47,0.1,Evann,1.0,260,118,0,0.0,0,False,1.2,230,104,42,False,3.2,237,106,,27,,None,55,188,116,p485337,0,0,None,0,,485337.jpg,1.0,260,118,False,8,None,-13.4,"[{'offset': 0, 'projected_percent': '-13.4', 'likelihood': -1}, {'offset': 1, 'projected_percent': '0.1', 'likelihood': 1}, {'offset': 2, 'projected_percent': '0.2', 'likelihood': 1}]",0,0,54,False,0,0.0,,[],Guessand,0.0,492,203,False,None,0,0.0,a,1,8,31,2026-08-12,7.0,111,58,1,399,399,556,556,0.2,0.2,Guessand,0
0,1997-03-12,0,14,True,True,100,75,0,0.0,3,172649,None,,0,0,0,0,0.0,456,53,0,0.0,None,,0,1,2.6,2.0,2,0.00,0.0,0.00,0.0,0.00,1.12,1.12,0.0,Dean,2.0,122,13,2,2.0,0,False,2.8,140,9,198,False,28.2,57,9,Dean Henderson,90,,2026-08-20T14:00:08.018379Z,50,251,10,p172649,0,0,None,0,,172649.jpg,2.0,122,13,False,-49,None,-17.7,"[{'offset': 0, 'projected_percent': '-17.7', 'likelihood': -1}, {'offset': 1, 'projected_percent': '-23.7', 'likelihood': -2}, {'offset': 2, 'projected_percent': '-27.6', 'likelihood': -2}]",13,0,241,False,3,3.0,,[],Henderson,1.8,133,20,False,None,1,1.0,a,0,8,31,2023-08-31,0.0,398,53,2,5158,5158,12291,12291,0.4,0.4,Henderson,0
0,1993-01-19,0,0,True,True,None,None,0,0,0,121709,None,,0,0,0,0,0.0,346,28,0,0,None,,0,1,1.9,1.9,0,0.00,0,0.00,0,0.00,0.00,0,0,Walter,0.0,356,46,0,0,0,False,0.0,360,46,199,False,0.0,343,46,,0,,None,45,417,29,p121709,0,0,None,0,,121709.jpg,0.0,356,46,False,-8,None,-26.9,"[{'offset': 0, 'projected_percent': '-26.9', 'likelihood': -2}, {'offset': 1, 'projected_percent': '-42.5', 'likelihood': -3}, {'offset': 2, 'projected_percent': '-52.5', 'likelihood': -3}]",0,0,10,False,0,0,,[],Benítez,0.1,405,44,False,None,0,0,a,0,8,31,2025-07-01,0.0,272,28,0,427,427,1123,1123,0.0,0.0,Benitez,0
0,1996-05-26,0,-4,True,True,None,None,0,0.0,3,247348,None,,0,0,0,0,1.8,190,58,4,6.67,None,,0,2,2.5,2.5,0,0.01,0.02,0.24,0.4,0.23,0.84,1.4,0.38,Daniel,0.0,558,196,2,3.33,0,False,2.4,159,61,201,False,1.2,263,100,,54,,None,55,155,19,p247348,0,0,None,0,,247348.jpg,0.0,558,196,False,-1016,None,-52.0,"[{'offset': 0, 'projected_percent': '-52.0', 'likelihood': -3}, {'offset': 1, 'projected_percent': '-79.6', 'likelihood': -3}, {'offset': 2, 'projected_percent': '-97.2', 'likelihood': -4}]",1,0,48,False,0,0.0,,[],Muñoz Mejía,8.4,48,18,False,None,1,1.67,a,1,8,31,2024-01-30,21.0,43,10,0,14621,14621,107420,107420,0.0,0.0,Muñoz,0
0,2000-03-28,0,13,True,True,None,None,0,0.0,14,427623,None,,0,0,0,0,0.7,236,83,16,16.0,None,,0,2,2.2,2.2,3,0.00,0.0,0.00,0.0,0.00,1.12,1.12,0.0,Chris,3.0,89,38,2,2.0,0,False,4.3,95,33,202,False,42.6,22,8,,90,,None,50,296,53,p427623,0,0,None,0,,427623.jpg,3.0,89,38,False,-31,None,-9.2,"[{'offset': 0, 'projected_percent': '-9.2', 'likelihood': -1}, {'offset': 1, 'projected_percent': '-18.8', 'likelihood': -1}, {'offset': 2, 'projected_percent': '-24.9', 'likelihood': -2}]",1,0,229,False,0,0.0,,[],Richards,0.7,223,84,False,None,1,1.0,a,2,8,31,2022-07-27,0.0,433,174,3,3779,3779,5461,5461,0.6,0.6,Richards,0
0,2006-07-29,0,9,True,True,None,None,0,0.0,4,651426,None,,0,0,0,0,5.7,142,42,8,8.0,None,,0,2,2.2,2.2,1,0.01,0.01,0.06,0.06,0.05,1.12,1.12,0.05,Jaydee,1.0,239,92,2,2.0,0,False,3.8,109,38,203,False,27.4,60,23,,90,,None,50,393,78,p651426,0,0,None,0,,651426.jpg,1.0,239,92,False,-35,None,-40.6,"[{'offset': 0, 'projected_percent': '-40.6', 'likelihood': -3}, {'offset': 1, 'projected_percent': '-66.5', 'likelihood': -3}, {'offset': 2, 'projected_percent': '-83.2', 'likelihood': -3}]",3,0,73,False,0,0.0,,[],Canvot,0.3,296,110,False,None,1,1.0,a,4,8,31,2025-09-01,5.0,124,40,1,741,741,3412,3412,0.2,0.2,Canvot,0
0,1999-09-01,0,9,True,True,None,None,0,0.0,3,244723,None,,0,0,0,0,13.8,92,27,5,5.0,None,,0,2,1.7,1.7,1,0.01,0.01,0.01,0.01,0.00,1.12,1.12,0.0,Tyrick,1.0,191,70,2,2.0,0,False,2.7,143,56,204,False,11.6,145,68,,90,,None,45,462,119,p244723,0,0,None,0,,244723.jpg,1.0,191,70,False,-316,None,-26.1,"[{'offset': 0, 'projected_percent': '-26.1', 'likelihood': -2}, {'offset': 1, 'projected_percent': '-38.9', 'likelihood': -2}, {'offset': 2, 'projected_percent': '-47.1', 'likelihood': -3}]",4,0,241,False,0,0.0,,[],Mitchell,5.6,67,27,False,None,1,1.0,a,2,8,31,2019-12-15,2.0,162,58,1,5457,5457,43235,43235,0.2,0.2,Mitchell,0
0,1998-01-21,0,0,True,True,None,None,0,0,0,218364,None,,0,0,0,0,0.0,360,149,0,0,None,,0,2,1.7,1.7,0,0.00,0,0.00,0,0.00,0.00,0,0,Borna,0.0,369,140,0,0,0,False,0.0,373,146,205,False,0.0,356,145,,0,,None,45,441,103,p218364,0,0,None,0,,218364.jpg,0.0,369,140,False,-2,None,-29.0,"[{'offset': 0, 'projected_percent': '-29.0', 'likelihood': -2}, {'offset': 1, 'projected_percent': '-43.8', 'likelihood': -3}, {'offset': 2, 'projected_percent': '-53.3', 'likelihood': -3}]",0,0,97,False,0,0,,[],Sosa,0.0,528,184,False,None,0,0,a,0,8,31,2025-07-11,0.0,288,123,0,115,115,322,322,0.0,0.0,Sosa,0
0,2003-06-17,0,7,True,True,0,None,0,0.0,6,515621,None,,0,0,0,0,1.3,206,66,7,8.75,None,,0,2,0.0,1.7,1,0.01,0.01,0.01,0.01,0.00,0.98,1.22,0.0,Chadi,1.0,202,79,2,2.5,0,False,1.4,216,83,206,False,12.6,137,64,,72,Knee injury - Unknown return date,2026-08-22T18:00:07.352049Z,45,500,138,p515621,0,0,None,0,,515621.jpg,1.0,202,79,False,-14,None,-94.3,"[{'offset': 0, 'projected_percent': '-94.3', 'likelihood': -3}, {'offset': 1, 'projected_percent': '-119.1', 'likelihood': -5}, {'offset': 2, 'projected_percent': '-135.0', 'likelihood': -5}]",3,0,145,False,0,0.0,https://www.cpfc.co.uk/news/first-team/press-conference-team-news-crystal-palace-manchester-city-august-2026/,[],Riad Dnanou,0.0,491,172,False,None,1,1.25,i,1,8,31,2024-07-02,0.0,336,147,1,280,280,2547,2547,0.2,0.2,Chadi Riad,0
0,1999-05-13,0,0,True,True,None,None,0,0,0,242313,None,,0,0,0,0,0.0,370,155,0,0,None,,0,2,1.7,1.7,0,0.00,0,0.00,0,0.00,0.00,0,0,Oscar,0.0,379,147,0,0,0,False,0.0,382,152,207,False,0.0,365,151,,0,,None,45,457,115,p242313,0,0,None,0,,242313.jpg,0.0,379,147,False,-5,None,-61.8,"[{'offset': 0, 'projected_percent': '-61.8', 'likelihood': -3}, {'offset': 1, 'projected_percent': '-75.3', 'likelihood': -3}, {'offset': 2, 'projected_percent': '-84.0', 'likelihood': -3}]",0,0,200,False,0,0,,[],Mingueza,0.1,448,159,False,None,0,0,a,0,8,31,2026-07-09,0.0,300,131,0,182,182,1120,1120,0.0,0.0,Mingueza,0
0,1998-02-25,0,0,True,True,0,None,0,0,0,232185,None,,-1,1,-1,1,0.0,602,262,0,0,None,,0,3,0.0,2.3,0,0.00,0,0.00,0,0.00,0.00,0,0,Ismaïla,0.0,598,261,0,0,0,False,0.0,602,262,208,False,0.0,599,260,Ismaïla Sarr,0,Groin injury - Unknown return date,2026-08-22T18:00:07.363165Z,64,53,37,p232185,0,0,2,0,,232185.jpg,0.0,598,261,False,-2407,None,-6.5,"[{'offset': 0, 'projected_percent': '-6.5', 'likelihood': -1}, {'offset': 1, 'projected_percent': '-49.9', 'likelihood': -3}, {'offset': 2, 'projected_percent': '-77.7', 'likelihood': -3}]",0,0,189,False,0,0,https://www.cpfc.co.uk/news/first-team/press-conference-team-news-crystal-palace-manchester-city-august-2026/,[],Sarr,2.7,113,35,False,None,0,0,i,0,8,31,2024-08-01,0.0,598,258,0,2068,2068,171929,171929,0.0,0.0,Sarr,0
0,2004-02-06,0,20,True,True,100,100,0,0.0,4,496221,1,,0,0,0,0,30.9,25,20,14,14.0,None,,0,3,2.0,2.0,4,0.24,0.24,0.24,0.24,0.00,1.12,1.12,0.0,Adam,4.0,76,32,2,2.0,0,False,4.8,82,43,210,False,16.8,103,36,,90,,2026-07-23T12:01:23.498963Z,55,193,119,p496221,0,0,None,0,,496221.jpg,4.0,76,32,False,5,None,-2.5,"[{'offset': 0, 'projected_percent': '-2.5', 'likelihood': -1}, {'offset': 1, 'projected_percent': '-1.3', 'likelihood': -1}, {'offset': 2, 'projected_percent': '-0.5', 'likelihood': -1}]",8,0,241,False,0,0.0,,[],Wharton,0.9,205,69,False,None,1,1.0,a,2,8,31,2024-02-01,0.0,559,235,4,5723,5723,6667,6667,0.7,0.7,Wharton,0
0,2002-10-20,0,4,True,True,None,None,0,0.0,0,488024,2,,0,0,0,0,6.3,137,81,5,12.86,1,,0,3,2.0,2.0,1,0.02,0.05,0.08,0.2,0.06,0.27,0.69,0.15,Yéremy,1.0,262,119,0,0.0,0,False,1.4,220,98,211,False,2.0,254,116,,35,,None,55,191,118,p488024,0,0,None,0,,488024.jpg,1.0,262,119,False,-15,None,-46.9,"[{'offset': 0, 'projected_percent': '-46.9', 'likelihood': -3}, {'offset': 1, 'projected_percent': '-65.1', 'likelihood': -3}, {'offset': 2, 'projected_percent': '-76.8', 'likelihood': -3}]",3,0,200,False,0,0.0,,[],Pino Santos,0.2,353,130,False,None,0,0.0,a,2,8,31,2025-08-29,6.0,120,61,1,255,255,2083,2083,0.2,0.2,Yeremy,0
0,1995-04-17,0,0,True,True,None,None,0,0,0,108413,3,,0,0,0,0,0.0,342,145,0,0,None,,0,3,1.0,1.0,0,0.00,0,0.00,0,0.00,0.00,0,0,Will,0.0,352,142,0,0,0,False,0.0,356,142,212,False,0.0,339,135,,0,,None,45,413,241,p108413,0,0,None,0,,108413.jpg,0.0,352,142,False,-439,None,-20.7,"[{'offset': 0, 'projected_percent': '-20.7', 'likelihood': -2}, {'offset': 1, 'projected_percent': '-29.9', 'likelihood': -2}, {'offset': 2, 'projected_percent': '-35.8', 'likelihood': -2}]",0,0,241,False,0,0,,[],Hughes,10.9,36,13,False,None,0,0,a,0,8,31,2021-08-28,0.0,268,101,0,18100,18100,78604,78604,0.0,0.0,Hughes,0
0,1994-10-25,0,0,True,True,None,None,0,0,0,152551,None,,0,0,0,0,0.0,450,177,0,0,None,,0,3,1.5,1.5,0,0.00,0,0.00,0,0.00,0.00,0,0,Jefferson,0.0,452,174,0,0,0,False,0.0,458,174,213,False,0.0,442,167,,0,,None,50,243,146,p152551,0,0,None,0,,152551.jpg,0.0,452,174,False,-12,None,-47.2,"[{'offset': 0, 'projected_percent': '-47.2', 'likelihood': -3}, {'offset': 1, 'projected_percent': '-72.9', 'likelihood': -3}, {'offset': 2, 'projected_percent': '-89.5', 'likelihood': -3}]",0,0,48,False,0,0,,[],Lerma Solís,0.1,414,162,False,None,0,0,a,0,8,31,2023-07-01,0.0,390,136,0,183,183,1249,1249,0.0,0.0,Lerma,0
0,1996-08-05,0,25,True,True,None,None,0,0.0,3,209400,4,,0,0,0,0,29.3,29,22,14,14.0,None,,0,3,1.5,1.5,3,0.27,0.27,0.27,0.27,0.00,1.12,1.12,0.0,Daichi,3.0,87,35,2,2.0,0,False,5.0,75,40,214,False,20.4,81,27,,90,,None,50,265,162,p209400,0,0,None,0,,209400.jpg,3.0,87,35,False,-10,None,-14.9,"[{'offset': 0, 'projected_percent': '-14.9', 'likelihood': -1}, {'offset': 1, 'projected_percent': '-23.5', 'likelihood': -2}, {'offset': 2, 'projected_percent': '-29.0', 'likelihood': -2}]",8,0,108,False,0,0.0,,[],Kamada,0.3,306,106,False,None,1,1.0,a,3,8,31,2024-07-01,0.0,408,148,3,1632,1632,2665,2665,0.6,0.6,Kamada,1
0,2003-10-11,0,0,True,True,None,None,0,0,0,489706,None,,0,0,0,0,0.0,505,205,0,0,2,,0,3,1.5,1.5,0,0.00,0,0.00,0,0.00,0.00,0,0,Justin,0.0,505,204,0,0,0,False,0.0,509,203,215,False,0.0,493,196,,0,,None,50,331,191,p489706,0,0,3,0,,489706.jpg,0.0,505,204,False,0,None,-39.8,"[{'offset': 0, 'projected_percent': '-39.8', 'likelihood': -2}, {'offset': 1, 'projected_percent': '-39.8', 'likelihood': -2}, {'offset': 2, 'projected_percent': '-39.8', 'likelihood': -2}]",0,0,242,False,0,0,,[],Devenny,0.0,580,246,False,None,0,0,a,0,8,31,2024-03-13,0.0,462,172,0,63,63,158,158,0.0,0.0,Devenny,0
0,2005-05-13,0,0,True,True,None,None,0,0,0,606921,None,,0,0,0,0,0.0,534,224,0,0,None,,0,3,1.5,1.5,0,0.00,0,0.00,0,0.00,0.00,0,0,Romain,0.0,533,223,0,0,0,False,0.0,538,223,216,False,0.0,522,216,,0,,None,50,382,227,p606921,0,0,None,0,,606921.jpg,0.0,533,223,False,-2,None,-35.8,"[{'offset': 0, 'projected_percent': '-35.8', 'likelihood': -2}, {'offset': 1, 'projected_percent': '-47.1', 'likelihood': -3}, {'offset': 2, 'projected_percent': '-54.4', 'likelihood': -3}]",0,0,241,False,0,0,,[],Esse,0.0,505,210,False,None,0,0,a,0,8,31,2025-01-18,0.0,496,195,0,193,193,532,532,0.0,0.0,Esse,0
0,2004-04-01,0,0,True,True,None,None,0,0,0,536694,None,,0,0,0,0,0.0,523,215,0,0,None,,0,3,1.5,1.5,0,0.00,0,0.00,0,0.00,0.00,0,0,Matheus,0.0,522,214,0,0,0,False,0.0,526,213,217,False,0.0,510,206,Matheus França,0,,None,50,364,213,p536694,0,0,None,0,,536694.jpg,0.0,522,214,False,-10,None,-102.6,"[{'offset': 0, 'projected_percent': '-102.6', 'likelihood': -5}, {'offset': 1, 'projected_percent': '-185.1', 'likelihood': -5}, {'offset': 2, 'projected_percent': '-238.1', 'likelihood': -5}]",0,0,30,False,0,0,,[],França de Oliveira,0.0,535,221,False,None,0,0,a,0,8,31,2023-08-05,0.0,481,183,0,15,15,611,611,0.0,0.0,M.França,0
0,2000-01-08,0,0,True,True,None,None,0,0,0,438464,None,,0,0,0,0,0.0,485,195,0,0,None,,0,3,1.5,1.5,0,0.00,0,0.00,0,0.00,0.00,0,0,Cheick,0.0,486,194,0,0,0,False,0.0,491,193,218,False,0.0,475,186,,0,,None,50,302,179,p438464,0,0,None,0,,438464.jpg,0.0,486,194,False,-1,None,-50.4,"[{'offset': 0, 'projected_percent': '-50.4', 'likelihood': -3}, {'offset': 1, 'projected_percent': '-54.0', 'likelihood': -3}, {'offset': 2, 'projected_percent': '-56.3', 'likelihood': -3}]",0,0,132,False,0,0,,[],Doucouré,0.1,471,193,False,None,0,0,a,0,8,31,2022-07-11,0.0,438,161,0,222,222,904,904,0.0,0.0,Doucouré,0
0,2002-10-05,0,0,True,True,None,None,0,0,0,450542,None,,0,0,0,0,0.0,493,199,0,0,None,,0,3,1.5,1.5,0,0.00,0,0.00,0,0.00,0.00,0,0,Jesurun,0.0,494,198,0,0,0,False,0.0,499,197,219,False,0.0,483,190,,0,,None,50,310,183,p450542,0,0,None,0,,450542.jpg,0.0,494,198,False,0,None,-36.2,"[{'offset': 0, 'projected_percent': '-36.2', 'likelihood': -2}, {'offset': 1, 'projected_percent': '-36.2', 'likelihood': -2}, {'offset': 2, 'projected_percent': '-36.2', 'likelihood': -2}]",0,0,81,False,0,0,,[],Rak-Sakyi,0.0,596,256,False,None,0,0,a,0,8,31,2021-04-09,0.0,446,165,0,34,34,78,78,0.0,0.0,J.Rak-Sakyi,0
0,2006-07-01,0,0,False,True,0,0,0,0,0,590014,None,,0,0,0,0,0.0,417,171,0,0,None,,0,2,0.0,0.0,0,0.00,0,0.00,0,0.00,0.00,0,0,Rio,0.0,422,164,0,0,0,False,0.0,427,170,220,False,0.0,411,170,,0,Has joined Bristol City on loan for the rest of the season,2026-08-12T14:08:46.501813Z,45,524,147,p590014,0,0,None,0,,590014.jpg,0.0,422,164,False,0,None,0.0,"[{'offset': 0, 'projected_percent': '0.0', 'likelihood': 0}, {'offset': 1, 'projected_percent': '0.0', 'likelihood': 0}, {'offset': 2, 'projected_percent': '0.0', 'likelihood': 0}]",0,0,217,False,0,0,,[],Cardines,0.0,609,204,False,None,0,0,u,0,8,31,2025-07-24,0.0,357,154,0,0,0,61,61,0.0,0.0,Cardines,0
0,2009-06-09,0,0,True,True,None,None,0,0,0,672492,None,,0,0,0,0,0.0,431,168,0,0,None,,0,3,1.0,1.0,0,0.00,0,0.00,0,0.00,0.00,0,0,Joél,0.0,436,165,0,0,0,False,0.0,441,165,221,False,0.0,425,158,,0,,None,45,540,268,p672492,0,0,None,0,,672492.jpg,0.0,436,165,False,-8,None,-21.7,"[{'offset': 0, 'projected_percent': '-21.7', 'likelihood': -2}, {'offset': 1, 'projected_percent': '-43.6', 'likelihood': -3}, {'offset': 2, 'projected_percent': '-57.6', 'likelihood': -3}]",0,0,241,False,0,0,,[],Drakes-Thomas,0.1,438,175,False,None,0,0,a,0,8,31,2025-12-10,0.0,372,127,0,362,362,861,861,0.0,0.0,Drakes-Thomas,0
0,2000-02-06,0,3,True,True,None,None,0,0.0,0,247412,None,,0,0,0,0,3.5,159,20,0,0.0,None,,0,4,2.0,2.0,1,0.01,0.03,0.26,0.86,0.25,0.14,0.47,0.83,Jørgen,1.0,277,33,0,0.0,0,False,2.2,168,17,222,False,1.0,266,23,,27,,None,60,77,20,p247412,0,0,None,0,,247412.jpg,1.0,277,33,False,-74,None,-51.3,"[{'offset': 0, 'projected_percent': '-51.3', 'likelihood': -3}, {'offset': 1, 'projected_percent': '-83.9', 'likelihood': -3}, {'offset': 2, 'projected_percent': '-104.7', 'likelihood': -5}]",0,0,161,False,0,0.0,,[],Strand Larsen,0.5,252,42,False,None,0,0.0,a,0,8,31,2026-02-02,17.0,61,13,1,1240,1240,6472,6472,0.2,0.2,Strand Larsen,0
0,1997-06-28,0,-3,True,True,None,None,0,0.0,1,231747,None,,0,0,0,0,12.3,103,11,5,7.26,None,,0,4,2.1,2.1,2,0.02,0.03,0.72,1.05,0.70,0.98,1.42,1.02,Jean-Philippe,2.0,162,16,2,2.9,0,False,2.5,153,16,223,False,1.4,260,22,,62,,None,65,38,11,p231747,0,0,1,0,,231747.jpg,2.0,162,16,False,-569,None,-35.5,"[{'offset': 0, 'projected_percent': '-35.5', 'likelihood': -2}, {'offset': 1, 'projected_percent': '-60.3', 'likelihood': -3}, {'offset': 2, 'projected_percent': '-76.1', 'likelihood': -3}]",2,0,73,False,0,0.0,,[],Mateta,5.3,68,11,False,None,1,1.45,a,2,8,31,2022-01-31,11.0,85,16,2,21012,21012,60189,60189,0.3,0.3,Mateta,0
0,1999-05-30,0,12,True,True,None,None,0,0.0,1,205533,None,,0,0,0,0,24.5,49,2,3,4.91,None,,0,4,1.8,1.8,1,0.58,0.95,1.18,1.93,0.60,0.84,1.37,0.98,Eddie,1.0,249,23,2,3.27,0,False,5.8,56,10,224,False,10.4,161,12,,55,,None,55,138,35,p205533,0,0,None,0,,205533.jpg,1.0,249,23,False,-22,None,-20.1,"[{'offset': 0, 'projected_percent': '-20.1', 'likelihood': -2}, {'offset': 1, 'projected_percent': '-30.5', 'likelihood': -2}, {'offset': 2, 'projected_percent': '-37.1', 'likelihood': -2}]",1,0,241,False,0,0.0,,[],Nketiah,0.5,256,43,False,None,1,1.64,a,1,8,31,2024-08-30,23.0,42,11,1,2823,2823,5019,5019,0.2,0.2,Nketiah,0
0,None,0,0,False,True,0,0,0,0,0,660392,None,,0,0,0,0,0.0,540,52,0,0,None,,0,4,0.0,0.0,0,0.00,0,0.00,0,0.00,0.00,0,0,Christantus,0.0,537,54,0,0,0,False,0.0,542,53,225,False,0.0,526,44,,0,has returned to Getafe CF,2026-07-23T12:18:56.275922Z,50,395,61,p660392,0,0,None,0,,660392.jpg,0.0,537,54,False,0,None,0.0,"[{'offset': 0, 'projected_percent': '0.0', 'likelihood': 0}, {'offset': 1, 'projected_percent': '0.0', 'likelihood': 0}, {'offset': 2, 'projected_percent': '0.0', 'likelihood': 0}]",0,0,None,False,0,0,,[],Uche,0.0,616,73,False,None,0,0,u,0,8,31,None,0.0,505,51,0,0,0,0,0,0.0,0.0,Uche,0
0,1999-11-22,0,11,True,True,None,None,0,0.0,3,433154,None,,0,0,0,0,4.7,148,88,5,7.26,None,,0,3,2.0,2.0,2,0.02,0.03,0.07,0.1,0.05,0.98,1.42,0.07,Dwight,2.0,142,66,2,2.9,0,False,1.6,204,92,241,False,9.6,167,64,,62,,None,55,161,100,p433154,0,0,None,0,,433154.jpg,2.0,142,66,False,-12,None,-28.7,"[{'offset': 0, 'projected_percent': '-28.7', 'likelihood': -2}, {'offset': 1, 'projected_percent': '-44.7', 'likelihood': -3}, {'offset': 2, 'projected_percent': '-55.0', 'likelihood': -3}]",2,0,241,False,0,0.0,,[],McNeil,0.2,364,136,False,None,1,1.45,a,0,8,31,2026-08-11,2.0,176,87,2,358,358,1466,1466,0.4,0.4,McNeil,0
0,1994-02-10,0,0,True,True,None,None,0,0,0,169593,None,,0,0,0,0,0.0,291,10,0,0,None,,0,1,1.0,1.0,0,0.00,0,0.00,0,0.00,0.00,0,0,Remi,0.0,305,30,0,0,0,False,0.0,309,30,555,False,0.0,292,30,,0,,None,40,560,58,p169593,0,0,None,0,,169593.jpg,0.0,305,30,False,-9,None,0.2,"[{'offset': 0, 'projected_percent': '0.2', 'likelihood': 1}, {'offset': 1, 'projected_percent': '0.0', 'likelihood': 0}, {'offset': 2, 'projected_percent': '-0.5', 'likelihood': -1}]",0,0,241,False,0,0,,[],Matthews,1.8,135,21,False,None,0,0,a,0,8,31,2021-07-13,0.0,209,10,0,5330,5330,5633,5633,0.0,0.0,Matthews,0
0,1998-11-05,0,3,True,True,None,None,0,0.0,1,223723,None,,0,0,0,0,2.4,172,51,1,5.0,None,,0,2,1.7,1.7,1,0.01,0.05,0.01,0.05,0.00,0.14,0.7,0.0,Takehiro,1.0,189,68,0,0.0,0,False,0.5,254,94,577,False,2.4,242,95,,18,,None,45,446,107,p223723,0,0,None,0,,223723.jpg,1.0,189,68,False,-20,None,-17.5,"[{'offset': 0, 'projected_percent': '-17.5', 'likelihood': -1}, {'offset': 1, 'projected_percent': '-30.4', 'likelihood': -2}, {'offset': 2, 'projected_percent': '-38.6', 'likelihood': -2}]",1,0,108,False,0,0.0,,[],Tomiyasu,0.4,284,108,False,None,0,0.0,a,0,8,31,2026-08-06,0.0,292,126,1,757,757,2280,2280,0.2,0.2,Tomiyasu,0
0,2004-09-03,0,12,True,True,None,None,0,0.0,5,570794,None,,0,0,0,0,26.5,39,12,9,23.14,None,,0,2,2.2,2.2,1,0.16,0.41,0.16,0.41,0.00,0.27,0.69,0.0,Anan,1.0,232,90,0,0.0,0,False,5.5,63,21,588,False,24.0,69,30,,35,,None,50,376,74,p570794,0,0,None,0,,570794.jpg,1.0,232,90,False,0,2026-08-30T13:56:30.932335Z,0.0,"[{'offset': 0, 'projected_percent': '0.0', 'likelihood': 0}, {'offset': 1, 'projected_percent': '0.0', 'likelihood': 0}, {'offset': 2, 'projected_percent': '0.0', 'likelihood': 0}]",3,0,105,False,0,0.0,,[],Khalaili,0.1,416,148,False,None,0,0.0,a,4,8,31,2026-08-15,4.0,134,44,1,389,389,686,686,0.2,0.2,Khalaili,0
0,2007-03-22,0,0,True,True,None,None,0,0,0,559152,None,,0,0,0,0,0.0,531,221,0,0,None,,0,3,1.5,1.5,0,0.00,0,0.00,0,0.00,0.00,0,0,Zavier,0.0,530,220,0,0,0,False,0.0,535,220,595,False,0.0,519,213,,0,,None,50,375,222,p559152,0,0,None,0,,559152.jpg,0.0,530,220,False,0,2026-09-01T14:01:46.428415Z,0.0,"[{'offset': 0, 'projected_percent': '0.0', 'likelihood': 0}, {'offset': 1, 'projected_percent': '0.0', 'likelihood': 0}, {'offset': 2, 'projected_percent': '0.0', 'likelihood': 0}]",0,0,229,False,0,0,,[],Gozo,0.0,572,242,False,None,0,0,a,0,8,31,2026-08-18,0.0,491,191,0,93,93,153,153,0.0,0.0,Gozo,0
0,1994-03-10,0,0,True,True,0,0,0,0,0,128295,None,,0,0,0,0,0.0,446,175,0,0,None,,0,3,0.0,0.0,0,0.00,0,0.00,0,0.00,0.00,0,0,Christian,0.0,449,172,0,0,0,False,0.0,455,172,21,False,0.0,439,165,,0,Unspecified injury - Unknown return date,2026-08-15T20:00:06.779594Z,50,239,144,p128295,0,0,None,0,,128295.jpg,0.0,449,172,False,-17,None,-57.2,"[{'offset': 0, 'projected_percent': '-57.2', 'likelihood': -3}, {'offset': 1, 'projected_percent': '-72.8', 'likelihood': -3}, {'offset': 2, 'projected_percent': '-82.9', 'likelihood': -3}]",0,0,58,False,0,0,https://www.evertonfc.com/news/2026/august/21/everton-team-news-for-2026-27-premier-league-opener/,[],Nørgaard,0.1,432,171,False,None,0,0,i,0,9,11,2026-08-05,0.0,387,134,0,97,97,2616,2616,0.0,0.0,Nørgaard,0
0,2001-05-23,0,3,True,True,None,None,0,0.0,2,242898,None,,0,0,0,0,0.3,266,141,2,30.0,None,,0,3,2.2,2.2,1,0.00,0.0,0.00,0.0,0.00,0.29,4.35,0.0,Brennan,1.0,276,128,0,0.0,0,False,0.4,272,127,209,False,4.0,225,98,,6,,None,60,76,49,p242898,0,0,None,0,,242898.jpg,1.0,276,128,False,-16,None,-49.1,"[{'offset': 0, 'projected_percent': '-49.1', 'likelihood': -3}, {'offset': 1, 'projected_percent': '-72.2', 'likelihood': -3}, {'offset': 2, 'projected_percent': '-87.1', 'likelihood': -3}]",0,0,244,False,0,0.0,,[],Johnson,0.2,375,144,False,None,0,0.0,a,0,9,11,2026-08-11,0.0,582,246,1,603,603,2187,2187,0.2,0.2,Johnson,0
0,1994-03-07,0,34,True,True,None,None,1,1.0,0,111234,None,,0,0,0,0,0.0,543,65,0,0.0,None,,0,1,3.3,3.3,7,0.02,0.02,0.02,0.02,0.00,1.96,1.96,0.0,Jordan,7.0,38,4,0,0.0,0,False,3.2,127,5,226,False,31.8,49,5,,90,,None,55,118,2,p111234,0,0,None,0,,111234.jpg,7.0,38,4,False,134,None,12.3,"[{'offset': 0, 'projected_percent': '12.3', 'likelihood': 1}, {'offset': 1, 'projected_percent': '15.3', 'likelihood': 1}, {'offset': 2, 'projected_percent': '17.1', 'likelihood': 1}]",12,0,241,False,4,4.0,,[],Pickford,8.8,45,6,False,None,1,1.0,a,0,9,11,2017-07-01,0.0,513,65,7,57143,57143,23837,23837,1.3,1.3,Pickford,0
0,1999-05-18,0,0,True,True,None,None,0,0,0,229600,None,,0,0,0,0,0.0,473,56,0,0,None,,0,1,2.6,2.6,0,0.00,0,0.00,0,0.00,0.00,0,0,Mark,0.0,473,64,0,0,0,False,0.0,480,64,227,False,0.0,464,64,,0,,None,50,284,13,p229600,0,0,None,0,,229600.jpg,0.0,473,64,False,3,None,-15.2,"[{'offset': 0, 'projected_percent': '-15.2', 'likelihood': -1}, {'offset': 1, 'projected_percent': '0.0', 'likelihood': 0}, {'offset': 2, 'projected_percent': '0.1', 'likelihood': 1}]",0,0,104,False,0,0,,[],Travers,0.0,514,55,False,None,0,0,a,0,9,11,2025-07-15,0.0,423,56,0,255,255,359,359,0.0,0.0,Travers,0
0,1995-03-09,0,0,True,True,None,None,0,0,0,138001,None,,0,0,0,0,0.0,348,30,0,0,None,,0,1,1.9,1.9,0,0.00,0,0.00,0,0.00,0.00,0,0,Tom,0.0,358,48,0,0,0,False,0.0,362,48,228,False,0.0,345,48,,0,,None,45,420,31,p138001,0,0,None,0,,138001.jpg,0.0,358,48,False,4,None,-8.4,"[{'offset': 0, 'projected_percent': '-8.4', 'likelihood': -1}, {'offset': 1, 'projected_percent': '0.1', 'likelihood': 1}, {'offset': 2, 'projected_percent': '0.1', 'likelihood': 1}]",0,0,244,False,0,0,,[],King,0.0,496,53,False,None,0,0,a,0,9,11,2025-08-15,0.0,274,30,0,233,233,341,341,0.0,0.0,King,0
0,1992-11-19,0,25,True,True,None,None,1,1.0,8,17761,None,,0,0,0,0,0.8,232,80,9,9.0,None,,0,2,2.8,2.8,6,0.00,0.0,0.05,0.05,0.05,1.96,1.96,0.05,James,6.0,59,27,0,0.0,0,False,2.0,181,70,229,False,15.2,115,53,,90,,None,60,56,5,p17761,0,0,None,0,,17761.jpg,6.0,59,27,False,-143,None,3.6,"[{'offset': 0, 'projected_percent': '3.6', 'likelihood': 1}, {'offset': 1, 'projected_percent': '0.4', 'likelihood': 1}, {'offset': 2, 'projected_percent': '-1.9', 'likelihood': -1}]",4,0,241,False,0,0.0,,[],Tarkowski,8.7,46,17,False,None,1,1.0,a,1,9,11,2022-07-01,4.0,138,46,6,38703,38703,29994,29994,1.0,1.0,Tarkowski,0
0,2002-06-27,0,27,True,True,None,None,1,1.0,6,480455,None,,0,0,0,0,0.8,231,79,8,8.0,None,,0,2,2.5,2.5,6,0.01,0.01,0.01,0.01,0.00,1.96,1.96,0.0,Jarrad,6.0,57,25,0,0.0,0,False,2.5,152,59,230,False,18.6,92,39,,90,,None,55,185,26,p480455,0,0,None,0,,480455.jpg,6.0,57,25,False,51,None,4.8,"[{'offset': 0, 'projected_percent': '4.8', 'likelihood': 1}, {'offset': 1, 'projected_percent': '6.0', 'likelihood': 1}, {'offset': 2, 'projected_percent': '6.7', 'likelihood': 1}]",2,0,241,False,0,0.0,,[],Branthwaite,1.8,134,53,False,None,1,1.0,a,2,9,11,2020-06-20,6.0,119,37,6,17138,17138,7462,7462,1.1,1.1,Branthwaite,0
0,1993-01-11,0,0,True,True,None,None,0,0,0,106611,None,,0,0,0,0,0.0,441,176,0,0,None,,0,2,2.2,2.2,0,0.00,0,0.00,0,0.00,0.00,0,0,Michael,0.0,445,169,0,0,0,False,0.0,450,175,231,False,0.0,434,175,,0,,None,50,234,37,p106611,0,0,None,0,,106611.jpg,0.0,445,169,False,-183,None,-61.1,"[{'offset': 0, 'projected_percent': '-61.1', 'likelihood': -3}, {'offset': 1, 'projected_percent': '-90.6', 'likelihood': -3}, {'offset': 2, 'projected_percent': '-109.5', 'likelihood': -5}]",0,0,241,False,0,0,,[],Keane,1.4,165,68,False,None,0,0,a,0,9,11,2017-07-03,0.0,382,159,0,3000,3000,21201,21201,0.0,0.0,Keane,0
0,2001-05-15,0,0,True,True,None,None,0,0,0,512462,None,,0,0,0,0,0.0,519,195,0,0,None,,0,2,2.2,2.2,0,0.00,0,0.00,0,0.00,0.00,0,0,Jake,0.0,518,189,0,0,0,False,0.0,522,195,232,False,0.0,506,195,,0,,None,50,351,71,p512462,0,0,None,0,,512462.jpg,0.0,518,189,False,-75,None,-56.6,"[{'offset': 0, 'projected_percent': '-56.6', 'likelihood': -3}, {'offset': 1, 'projected_percent': '-95.2', 'likelihood': -4}, {'offset': 2, 'projected_percent': '-120.0', 'likelihood': -5}]",0,0,104,False,0,0,,[],O'Brien,0.4,266,99,False,None,0,0,a,0,9,11,2024-07-30,0.0,476,186,0,1289,1289,6343,6343,0.0,0.0,O'Brien,0
0,1999-05-29,0,27,True,True,None,None,1,1.0,4,224967,None,,0,0,0,0,13.8,91,26,4,4.0,None,,0,2,1.7,1.7,6,0.05,0.05,0.05,0.05,0.00,1.96,1.96,0.0,Vitalii,6.0,47,20,0,0.0,0,False,2.9,135,53,233,False,12.8,136,63,,90,,None,45,447,108,p224967,0,0,None,0,,224967.jpg,6.0,47,20,False,86,None,4.6,"[{'offset': 0, 'projected_percent': '4.6', 'likelihood': 1}, {'offset': 1, 'projected_percent': '6.5', 'likelihood': 1}, {'offset': 2, 'projected_percent': '7.7', 'likelihood': 1}]",4,0,225,False,0,0.0,,[],Mykolenko,1.6,151,63,False,None,1,1.0,a,0,9,11,2022-01-01,2.0,160,56,6,18565,18565,7535,7535,1.3,1.3,Mykolenko,0
0,2001-10-16,0,0,True,True,None,None,0,0,0,243571,None,,0,0,0,0,0.0,373,158,0,0,None,,0,2,1.7,1.7,0,0.00,0,0.00,0,0.00,0.00,0,0,Nathan,0.0,382,150,0,0,0,False,0.0,385,155,234,False,0.0,368,154,,0,,None,45,461,118,p243571,0,0,None,0,,243571.jpg,0.0,382,150,False,1,None,-16.8,"[{'offset': 0, 'projected_percent': '-16.8', 'likelihood': -1}, {'offset': 1, 'projected_percent': '-12.2', 'likelihood': -1}, {'offset': 2, 'projected_percent': '-9.3', 'likelihood': -1}]",0,0,243,False,0,0,,[],Patterson,0.0,521,181,False,None,0,0,a,0,9,11,2022-01-04,0.0,304,134,0,185,185,325,325,0.0,0.0,Patterson,0
0,2006-06-02,0,0,True,True,None,None,0,0,0,499300,None,,0,0,0,0,0.0,312,119,0,0,None,,0,2,1.0,1.0,0,0.00,0,0.00,0,0.00,0.00,0,0,Adam,0.0,325,112,0,0,0,False,0.0,329,118,235,False,0.0,312,117,,0,,None,40,590,181,p499300,0,0,None,0,,499300.jpg,0.0,325,112,False,-11,None,-9.2,"[{'offset': 0, 'projected_percent': '-9.2', 'likelihood': -1}, {'offset': 1, 'projected_percent': '-22.8', 'likelihood': -2}, {'offset': 2, 'projected_percent': '-31.6', 'likelihood': -2}]",0,0,145,False,0,0,,[],Aznou,0.2,355,134,False,None,0,0,a,0,9,11,2025-07-29,0.0,233,87,0,928,928,1509,1509,0.0,0.0,Aznou,0
0,1998-09-06,3,40,True,True,None,None,1,1.0,1,215413,2,,0,0,0,0,28.3,32,24,8,8.0,None,,0,3,2.3,2.3,11,0.17,0.17,0.29,0.29,0.12,1.92,1.92,0.12,Kiernan,11.0,11,6,0,0.0,1,False,9.8,16,12,236,False,42.8,20,10,,90,,None,65,36,24,p215413,0,0,None,0,,215413.jpg,11.0,11,6,False,784,None,44.0,"[{'offset': 0, 'projected_percent': '44.0', 'likelihood': 3}, {'offset': 1, 'projected_percent': '61.2', 'likelihood': 3}, {'offset': 2, 'projected_percent': '72.2', 'likelihood': 3}]",5,0,241,False,0,0.0,,[],Dewsbury-Hall,4.6,72,24,False,None,1,1.0,a,2,9,11,2025-08-06,27.0,35,19,11,115356,115356,22852,22852,1.7,1.7,Dewsbury-Hall,0
1,2000-03-06,1,36,True,True,None,None,1,1.0,0,440993,None,,0,0,0,0,39.8,15,13,12,12.0,None,,0,3,2.2,2.2,9,0.32,0.32,0.56,0.56,0.24,1.96,1.96,0.24,Iliman,9.0,26,12,0,0.0,0,False,12.9,5,4,237,False,40.8,25,13,Iliman Ndiaye,90,,None,60,81,52,p440993,0,0,1,0,,440993.jpg,9.0,26,12,False,304,None,27.9,"[{'offset': 0, 'projected_percent': '27.9', 'likelihood': 2}, {'offset': 1, 'projected_percent': '34.6', 'likelihood': 2}, {'offset': 2, 'projected_percent': '38.9', 'likelihood': 2}]",8,0,189,False,0,0.0,,[],Ndiaye,16.1,25,8,False,None,1,1.0,a,4,9,11,2024-07-03,48.0,9,6,9,103847,103847,46890,46890,1.5,1.5,Ndiaye,0
0,2001-03-13,0,6,True,True,100,25,0,0.0,0,232928,1,,0,0,0,0,11.8,109,65,1,8.18,1,,0,3,2.2,0.5,1,0.03,0.25,0.03,0.25,0.00,0.34,2.78,0.0,James,1.0,275,127,0,0.0,0,False,1.9,187,84,239,False,4.8,215,91,,11,,2026-07-25T14:30:10.455878Z,60,75,48,p232928,0,0,3,0,,232928.jpg,1.0,275,127,False,0,2026-08-29T13:30:07.683598Z,0.0,"[{'offset': 0, 'projected_percent': '0.0', 'likelihood': 0}, {'offset': 1, 'projected_percent': '0.0', 'likelihood': 0}, {'offset': 2, 'projected_percent': '0.0', 'likelihood': 0}]",0,0,241,False,0,0.0,,[],Garner,0.1,388,151,False,None,0,0.0,a,1,9,11,2022-09-01,2.0,183,93,1,1277,1277,1480,1480,0.2,0.2,Garner,0
0,2003-06-30,0,0,True,True,0,0,0,0,0,490094,None,,0,0,0,0,0.0,507,207,0,0,None,,0,3,0.0,0.0,0,0.00,0,0.00,0,0.00,0.00,0,0,Tim,0.0,507,206,0,0,0,False,0.0,511,205,240,False,0.0,495,198,,0,Thigh injury - Unknown return date,2026-08-15T20:00:06.878792Z,50,333,193,p490094,0,0,None,0,,490094.jpg,0.0,507,206,False,-2,None,-50.5,"[{'offset': 0, 'projected_percent': '-50.5', 'likelihood': -3}, {'offset': 1, 'projected_percent': '-65.6', 'likelihood': -3}, {'offset': 2, 'projected_percent': '-75.3', 'likelihood': -3}]",0,0,241,False,0,0,https://www.evertonfc.com/news/2026/august/21/everton-team-news-for-2026-27-premier-league-opener/,[],Iroegbunam,0.0,581,247,False,None,0,0,i,0,9,11,2024-06-22,0.0,464,174,0,19,19,317,317,0.0,0.0,Iroegbunam,0
0,2006-02-04,0,13,True,True,None,None,1,1.08,3,550615,None,,0,0,0,0,23.4,50,32,7,7.59,None,,0,3,2.0,2.0,3,0.08,0.09,0.26,0.29,0.18,1.67,1.81,0.2,Tyrique,3.0,102,45,0,0.0,0,False,5.5,65,34,242,False,7.0,190,75,,83,,None,55,208,131,p550615,0,0,None,0,,550615.jpg,3.0,102,45,False,-1,None,0.1,"[{'offset': 0, 'projected_percent': '0.1', 'likelihood': 1}, {'offset': 1, 'projected_percent': '0.0', 'likelihood': 0}, {'offset': 2, 'projected_percent': '0.0', 'likelihood': 0}]",4,0,241,False,0,0.0,,[],George,0.3,302,103,False,None,1,1.08,a,0,9,11,2026-07-06,25.0,37,21,3,1908,1908,2113,2113,0.5,0.5,George,0
0,2002-11-30,0,7,True,True,None,None,0,0.0,0,502697,None,,0,0,0,0,0.3,261,137,3,270.0,None,,0,3,1.5,1.5,1,0.00,0.0,0.02,1.8,0.02,0.04,3.6,1.8,Carlos,1.0,225,96,0,0.0,0,False,2.2,165,75,243,False,5.0,213,89,,1,,None,50,347,201,p502697,0,0,None,0,,502697.jpg,1.0,225,96,False,-5,None,-11.0,"[{'offset': 0, 'projected_percent': '-11.0', 'likelihood': -1}, {'offset': 1, 'projected_percent': '-23.0', 'likelihood': -2}, {'offset': 2, 'projected_percent': '-30.7', 'likelihood': -2}]",2,0,10,False,0,0.0,,[],Alcaraz Durán,0.1,425,167,False,None,0,0.0,a,1,9,11,2025-07-01,17.0,55,30,1,679,679,982,982,0.2,0.2,Alcaraz,0
1,2007-01-19,0,25,True,True,None,None,1,1.0,3,609873,None,,0,0,0,0,14.7,83,53,16,16.0,None,,0,3,1.5,1.5,8,0.04,0.04,0.04,0.04,0.00,1.96,1.96,0.0,Harrison,8.0,31,15,0,0.0,0,False,4.8,81,42,244,False,28.8,55,22,,90,,None,50,384,229,p609873,0,0,None,0,,609873.jpg,8.0,31,15,False,100,None,3.9,"[{'offset': 0, 'projected_percent': '3.9', 'likelihood': 1}, {'offset': 1, 'projected_percent': '6.1', 'likelihood': 1}, {'offset': 2, 'projected_percent': '7.5', 'likelihood': 1}]",11,0,241,False,0,0.0,,[],Armstrong,0.2,328,116,False,None,1,1.0,a,2,9,11,2024-08-09,4.0,135,67,8,10467,10467,2098,2098,1.6,1.6,Armstrong,0
0,2006-02-17,0,0,True,True,None,None,0,0,0,496661,None,,0,0,0,0,0.0,574,246,0,0,None,,0,3,2.0,2.0,0,0.00,0,0.00,0,0.00,0.00,0,0,Tyler,0.0,570,244,0,0,0,False,0.0,574,244,245,False,0.0,561,238,,0,,None,55,194,120,p496661,0,0,None,0,,496661.jpg,0.0,570,244,False,-3,None,-72.1,"[{'offset': 0, 'projected_percent': '-72.1', 'likelihood': -3}, {'offset': 1, 'projected_percent': '-87.8', 'likelihood': -3}, {'offset': 2, 'projected_percent': '-97.9', 'likelihood': -4}]",0,0,241,False,0,0,,[],Dibling,0.0,513,215,False,None,0,0,a,0,9,11,2025-08-25,0.0,560,236,0,164,164,656,656,0.0,0.0,Dibling,0
0,2002-07-05,0,12,True,True,None,None,1,1.0,2,513466,None,,0,0,0,0,13.0,100,62,9,9.0,None,,0,3,1.5,1.5,3,0.06,0.06,0.06,0.06,0.00,1.96,1.96,0.0,Merlin,3.0,92,36,0,0.0,0,False,2.9,136,62,246,False,13.8,128,41,,90,,None,50,352,203,p513466,0,0,None,0,,513466.jpg,3.0,92,36,False,-7,None,-3.9,"[{'offset': 0, 'projected_percent': '-3.9', 'likelihood': -1}, {'offset': 1, 'projected_percent': '-32.4', 'likelihood': -2}, {'offset': 2, 'projected_percent': '-50.7', 'likelihood': -3}]",5,0,80,False,0,0.0,,[],Röhl,0.1,475,195,False,None,1,1.0,a,2,9,11,2026-06-15,2.0,173,85,3,433,433,551,551,0.6,0.6,Röhl,0
0,2002-06-26,0,16,True,True,75,None,1,1.15,1,244860,None,,0,0,0,0,12.2,104,63,7,8.08,None,,0,3,1.5,2.0,3,0.01,0.01,0.02,0.02,0.01,1.62,1.87,0.01,Hayden,3.0,96,39,0,0.0,0,False,2.6,149,67,247,False,8.6,174,68,,78,Knock - 75% chance of playing,2026-08-26T22:00:07.797766Z,55,154,95,p244860,0,0,None,0,,244860.jpg,3.0,96,39,False,-43,None,-14.6,"[{'offset': 0, 'projected_percent': '-14.6', 'likelihood': -1}, {'offset': 1, 'projected_percent': '-35.2', 'likelihood': -2}, {'offset': 2, 'projected_percent': '-48.4', 'likelihood': -3}]",4,0,241,False,0,0.0,https://www.evertonfc.com/news/2026/august/26/branthwaite---hackney-updates/,[],Hackney,0.3,312,107,False,None,1,1.15,d,2,9,11,2026-07-02,5.0,126,63,3,823,823,2362,2362,0.5,0.5,Hackney,0
0,1998-01-31,0,3,True,True,None,None,0,0.0,0,486385,None,,0,0,0,0,0.0,572,60,0,0.0,None,,0,4,1.8,1.8,1,0.00,0.0,0.05,0.41,0.05,0.34,2.78,0.41,Norberto Bercique,1.0,261,28,0,0.0,0,False,0.2,285,30,248,False,0.0,559,54,Beto,11,,None,55,189,43,p486385,0,0,4,0,,486385.jpg,1.0,261,28,False,-373,None,-57.9,"[{'offset': 0, 'projected_percent': '-57.9', 'likelihood': -3}, {'offset': 1, 'projected_percent': '-94.0', 'likelihood': -3}, {'offset': 2, 'projected_percent': '-117.1', 'likelihood': -5}]",0,0,90,False,0,0.0,,[],Gomes Betuncal,2.4,121,19,False,None,0,0.0,a,0,9,11,2023-08-29,2.0,177,28,1,6900,6900,36019,36019,0.2,0.2,Beto,0
0,2002-10-21,2,37,True,True,None,None,1,1.15,0,586309,None,,0,0,0,0,19.0,65,5,3,3.46,None,,0,4,1.8,1.8,8,0.09,0.1,0.54,0.62,0.45,1.62,1.87,0.52,Thierno,8.0,32,3,0,0.0,1,False,9.8,15,3,249,False,38.0,31,3,,78,,None,55,217,45,p586309,0,0,2,0,,586309.jpg,8.0,32,3,False,1666,None,45.9,"[{'offset': 0, 'projected_percent': '45.9', 'likelihood': 3}, {'offset': 1, 'projected_percent': '82.5', 'likelihood': 3}, {'offset': 2, 'projected_percent': '105.9', 'likelihood': 5}]",2,0,73,False,0,0.0,,[],Barry,3.2,103,15,False,None,1,1.15,a,1,9,11,2025-07-09,41.0,14,4,8,121437,121437,18400,18400,1.5,1.5,Barry,0
0,1992-03-04,0,11,True,True,None,None,0,0.0,1,80201,None,,0,0,0,0,0.0,338,23,0,0.0,None,,0,1,1.9,1.9,2,0.00,0.0,0.00,0.0,0.00,2.24,2.24,0.0,Bernd,2.0,112,8,3,3.0,0,False,3.0,130,7,250,False,29.6,53,7,,90,,None,45,405,24,p80201,0,0,None,0,,80201.jpg,2.0,112,8,False,34,None,0.8,"[{'offset': 0, 'projected_percent': '0.8', 'likelihood': 1}, {'offset': 1, 'projected_percent': '1.5', 'likelihood': 1}, {'offset': 2, 'projected_percent': '2.0', 'likelihood': 1}]",9,0,80,False,3,3.0,,[],Leno,3.0,104,17,False,None,1,1.0,a,0,10,54,2022-08-02,0.0,262,23,2,10194,10194,9905,9905,0.4,0.4,Leno,0
0,1991-04-26,0,0,True,True,None,None,0,0,0,86873,None,,0,0,0,0,0.0,283,6,0,0,None,,0,1,1.0,1.0,0,0.00,0,0.00,0,0.00,0.00,0,0,Benjamin,0.0,299,26,0,0,0,False,0.0,302,26,251,False,0.0,286,26,,0,,None,40,549,54,p86873,0,0,None,0,,86873.jpg,0.0,299,26,False,-12,None,-6.5,"[{'offset': 0, 'projected_percent': '-6.5', 'likelihood': -1}, {'offset': 1, 'projected_percent': '-8.7', 'likelihood': -1}, {'offset': 2, 'projected_percent': '-10.1', 'likelihood': -1}]",0,0,73,False,0,0,,[],Lecomte,1.2,175,26,False,None,0,0,a,0,10,54,2025-07-26,0.0,201,6,0,1256,1256,3439,3439,0.0,0.0,Lecomte,0
0,None,0,0,True,True,None,None,0,0,0,505079,None,,0,0,0,0,0.0,315,19,0,0,None,,0,1,1.0,1.0,0,0.00,0,0.00,0,0.00,0.00,0,0,Alfie,0.0,328,39,0,0,0,False,0.0,332,39,252,False,0.0,315,39,,0,,None,40,593,67,p505079,0,0,None,0,,505079.jpg,0.0,328,39,False,-2,None,0.1,"[{'offset': 0, 'projected_percent': '0.1', 'likelihood': 1}, {'offset': 1, 'projected_percent': '0.0', 'likelihood': 0}, {'offset': 2, 'projected_percent': '0.0', 'likelihood': 0}]",0,0,None,False,0,0,,[],McNally,0.2,374,40,False,None,0,0,a,0,10,54,None,0.0,236,19,0,687,687,540,540,0.0,0.0,McNally,0
0,1996-05-31,0,0,True,True,100,0,0,0,0,174874,None,,0,0,0,0,0.0,457,180,0,0,None,,0,2,2.2,0.0,0,0.00,0,0.00,0,0.00,0.00,0,0,Joachim,0.0,458,172,0,0,0,False,0.0,464,179,253,False,0.0,448,179,,0,,2026-07-23T12:01:23.516350Z,50,252,41,p174874,0,0,None,0,,174874.jpg,0.0,458,172,False,0,2026-09-01T21:00:07.729855Z,0.0,"[{'offset': 0, 'projected_percent': '0.0', 'likelihood': 0}, {'offset': 1, 'projected_percent': '0.0', 'likelihood': 0}, {'offset': 2, 'projected_percent': '0.0', 'likelihood': 0}]",0,0,58,False,0,0,,[],Andersen,0.1,455,162,False,None,0,0,a,0,10,54,2024-08-23,0.0,399,163,0,1871,1871,547,547,0.0,0.0,Andersen,0
0,1997-08-08,0,4,True,True,None,None,0,0.0,4,169528,None,,0,0,0,0,25.2,46,15,7,7.78,None,,0,2,1.7,1.7,1,0.04,0.04,0.17,0.18,0.13,2.21,2.46,0.14,Antonee,1.0,187,66,3,3.33,0,False,5.0,74,25,254,False,21.6,76,36,Antonee Robinson,81,,None,45,426,92,p169528,0,0,2,0,,169528.jpg,1.0,187,66,False,35,None,1.3,"[{'offset': 0, 'projected_percent': '1.3', 'likelihood': 1}, {'offset': 1, 'projected_percent': '2.0', 'likelihood': 1}, {'offset': 2, 'projected_percent': '2.5', 'likelihood': 1}]",5,0,229,False,0,0.0,,[],Robinson,1.7,148,61,False,None,1,1.11,a,3,10,54,2020-08-20,3.0,147,48,1,9798,9798,8399,8399,0.2,0.2,Robinson,0
0,1999-11-17,0,7,True,True,None,None,0,0.0,9,246301,None,,0,0,0,0,21.3,60,18,10,10.0,None,,0,2,1.7,1.7,3,0.03,0.03,0.03,0.03,0.00,2.24,2.24,0.0,Jorge,3.0,84,35,3,3.0,0,False,5.4,66,22,255,False,32.8,44,16,,90,,None,45,464,121,p246301,0,0,None,0,,246301.jpg,3.0,84,35,False,2,None,0.2,"[{'offset': 0, 'projected_percent': '0.2', 'likelihood': 1}, {'offset': 1, 'projected_percent': '0.3', 'likelihood': 1}, {'offset': 2, 'projected_percent': '0.3', 'likelihood': 1}]",3,0,200,False,0,0.0,,[],Cuenca Barreno,0.0,522,182,False,None,1,1.0,a,1,10,54,2024-08-03,0.0,306,136,3,664,664,222,222,0.7,0.7,J.Cuenca,0
0,1995-10-09,0,0,True,True,None,None,0,0,0,167074,None,,0,0,0,0,0.0,351,144,0,0,None,,0,2,1.7,1.7,0,0.00,0,0.00,0,0.00,0.00,0,0,Kenny,0.0,360,135,0,0,0,False,0.0,364,141,256,False,0.0,347,140,,0,,None,45,425,91,p167074,0,0,None,0,,167074.jpg,0.0,360,135,False,-12,None,-24.0,"[{'offset': 0, 'projected_percent': '-24.0', 'likelihood': -2}, {'offset': 1, 'projected_percent': '-34.3', 'likelihood': -2}, {'offset': 2, 'projected_percent': '-40.9', 'likelihood': -3}]",0,0,152,False,0,0,,[],Tete,0.3,308,115,False,None,0,0,a,0,10,54,2020-09-10,0.0,277,116,0,294,294,1767,1767,0.0,0.0,Tete,0
0,1999-12-31,0,1,True,True,None,None,0,0.0,3,232892,None,,0,0,0,0,3.8,155,46,4,4.0,None,,0,2,1.7,1.7,0,0.02,0.02,0.04,0.04,0.02,2.24,2.24,0.02,Calvin,0.0,378,146,3,3.0,0,False,2.0,176,67,257,False,13.8,127,59,,90,,None,45,455,114,p232892,0,0,None,0,,232892.jpg,0.0,378,146,False,2,None,0.9,"[{'offset': 0, 'projected_percent': '0.9', 'likelihood': 1}, {'offset': 1, 'projected_percent': '1.0', 'likelihood': 1}, {'offset': 2, 'projected_percent': '1.0', 'likelihood': 1}]",4,0,157,False,0,0.0,,[],Bassey,0.8,218,81,False,None,1,1.0,a,1,10,54,2023-07-28,2.0,161,57,0,6205,6205,5267,5267,0.0,0.0,Bassey,1
2,1995-12-05,0,21,True,True,None,None,0,0.0,5,166477,None,,0,0,0,0,27.8,35,9,6,6.0,None,,0,2,1.7,1.7,6,0.18,0.18,0.27,0.27,0.09,2.24,2.24,0.09,Timothy,6.0,44,17,3,3.0,0,False,8.9,22,3,258,False,38.0,30,10,,90,,None,45,424,90,p166477,0,0,None,0,,166477.jpg,6.0,44,17,False,92,None,2.9,"[{'offset': 0, 'projected_percent': '2.9', 'likelihood': 1}, {'offset': 1, 'projected_percent': '4.9', 'likelihood': 1}, {'offset': 2, 'projected_percent': '6.2', 'likelihood': 1}]",4,0,21,False,0,0.0,,[],Castagne,0.4,267,100,False,None,1,1.0,a,1,10,54,2023-08-29,23.0,41,9,6,9731,9731,2146,2146,1.3,1.3,Castagne,1
0,1996-05-03,0,17,True,True,None,None,0,0.0,3,153133,1,,0,0,0,0,11.3,116,68,10,10.0,1,,0,3,2.0,2.0,2,0.04,0.04,0.04,0.04,0.00,2.24,2.24,0.0,Alex,2.0,138,64,3,3.0,0,False,2.4,158,72,261,False,12.4,142,48,,90,,None,55,121,78,p153133,0,0,3,0,,153133.jpg,2.0,138,64,False,-22,None,-8.3,"[{'offset': 0, 'projected_percent': '-8.3', 'likelihood': -1}, {'offset': 1, 'projected_percent': '-13.3', 'likelihood': -1}, {'offset': 2, 'projected_percent': '-16.6', 'likelihood': -1}]",6,0,157,False,0,0.0,,[],Iwobi,1.0,201,67,False,None,1,1.0,a,1,10,54,2023-09-01,0.0,515,208,2,5172,5172,7967,7967,0.4,0.4,Iwobi,0
0,2000-07-28,0,0,True,True,None,None,0,0,0,209289,None,,0,0,0,0,0.0,556,234,0,0,None,,0,3,2.0,2.0,0,0.00,0,0.00,0,0.00,0.00,0,0,Emile,0.0,550,231,0,0,0,False,0.0,556,232,262,False,0.0,540,225,,0,,None,55,141,87,p209289,0,0,None,0,,209289.jpg,0.0,550,231,False,-32,None,-34.4,"[{'offset': 0, 'projected_percent': '-34.4', 'likelihood': -2}, {'offset': 1, 'projected_percent': '-53.5', 'likelihood': -3}, {'offset': 2, 'projected_percent': '-65.7', 'likelihood': -3}]",0,0,241,False,0,0,,[],Smith Rowe,0.4,280,92,False,None,0,0,a,0,10,54,2024-08-02,0.0,530,216,0,1181,1181,4029,4029,0.0,0.0,Smith Rowe,0
0,2003-01-04,0,2,True,True,None,None,0,0.0,0,560552,3,,0,0,0,0,1.9,189,110,3,15.88,None,,0,3,2.0,2.0,1,0.01,0.05,0.01,0.05,0.00,0.03,0.16,0.0,Kevin,1.0,267,123,0,0.0,0,False,0.7,248,111,263,False,5.2,209,86,Kevin,17,,None,55,210,133,p560552,0,0,None,0,,560552.jpg,1.0,267,123,False,-16,None,-33.6,"[{'offset': 0, 'projected_percent': '-33.6', 'likelihood': -2}, {'offset': 1, 'projected_percent': '-98.9', 'likelihood': -4}, {'offset': 2, 'projected_percent': '-140.9', 'likelihood': -5}]",1,0,30,False,0,0.0,,[],Santos Lopes de Macedo,0.1,477,196,False,None,0,0.0,a,2,10,54,2025-09-01,0.0,567,242,1,365,365,750,750,0.2,0.2,Kevin,0
0,2003-07-12,0,10,True,True,None,None,0,0.0,1,477555,2,,0,0,0,0,13.8,93,59,6,8.18,None,,0,3,2.0,2.0,2,0.26,0.35,0.26,0.35,0.00,2.21,3.01,0.0,Oscar,2.0,145,69,3,4.09,0,False,3.0,132,61,264,False,9.8,165,62,,66,,None,55,184,113,p477555,0,0,None,0,,477555.jpg,2.0,145,69,False,32,None,0.8,"[{'offset': 0, 'projected_percent': '0.8', 'likelihood': 1}, {'offset': 1, 'projected_percent': '1.5', 'likelihood': 1}, {'offset': 2, 'projected_percent': '1.9', 'likelihood': 1}]",2,0,161,False,0,0.0,,[],Bobb,0.3,291,96,False,None,1,1.36,a,3,10,54,2026-01-30,6.0,118,60,2,3852,3852,2669,2669,0.4,0.4,Bobb,0
0,1998-02-14,0,14,True,True,None,None,0,0.0,1,207189,None,,0,0,0,0,23.1,52,34,4,5.0,None,,0,3,1.5,1.5,2,0.03,0.04,0.06,0.08,0.03,2.21,2.76,0.04,Sander,2.0,123,55,3,3.75,0,False,4.4,91,48,265,False,13.6,129,42,,72,,None,50,262,160,p207189,0,0,None,0,,207189.jpg,2.0,123,55,False,-8,None,-13.9,"[{'offset': 0, 'projected_percent': '-13.9', 'likelihood': -1}, {'offset': 1, 'projected_percent': '-18.5', 'likelihood': -1}, {'offset': 2, 'projected_percent': '-21.4', 'likelihood': -2}]",2,0,161,False,0,0.0,,[],Berge,0.4,276,90,False,None,1,1.25,a,1,10,54,2024-08-22,7.0,104,53,2,1301,1301,2908,2908,0.4,0.4,Berge,0
0,1991-01-20,0,0,True,True,0,0,0,0,0,76357,None,,0,0,0,0,0.0,436,173,0,0,None,,0,3,0.0,0.0,0,0.00,0,0.00,0,0.00,0.00,0,0,Tom,0.0,441,170,0,0,0,False,0.0,446,170,266,False,0.0,430,163,,0,Knee injury - Expected back 10 Oct,2026-08-14T18:00:06.460944Z,50,227,141,p76357,0,0,None,0,,76357.jpg,0.0,441,170,False,0,None,-49.1,"[{'offset': 0, 'projected_percent': '-49.1', 'likelihood': -3}, {'offset': 1, 'projected_percent': '-49.1', 'likelihood': -3}, {'offset': 2, 'projected_percent': '-49.1', 'likelihood': -3}]",0,0,243,False,0,0,https://www.fulhamfc.com/news/2026/august/21/team-news-joachim-andersen-tom-cairney-absent-for-chelsea/,[],Cairney,0.0,598,258,False,None,0,0,i,0,10,54,2015-07-07,0.0,377,132,0,12,12,108,108,0.0,0.0,Cairney,0
0,2007-01-03,0,34,True,True,None,None,0,0.0,2,577725,None,,0,0,0,0,15.6,77,48,8,8.0,None,,0,3,2.0,2.0,7,0.04,0.04,0.21,0.21,0.17,2.24,2.24,0.17,Josh,7.0,40,20,3,3.0,1,False,9.8,14,11,268,False,41.6,23,12,,90,,None,55,215,136,p577725,0,0,None,0,,577725.jpg,7.0,40,20,False,329,None,12.1,"[{'offset': 0, 'projected_percent': '12.1', 'likelihood': 1}, {'offset': 1, 'projected_percent': '19.3', 'likelihood': 1}, {'offset': 2, 'projected_percent': '23.9', 'likelihood': 2}]",4,0,241,False,0,0.0,,[],King,0.5,248,84,False,None,1,1.0,a,2,10,54,2024-02-02,41.0,13,8,7,28721,28721,3415,3415,1.3,1.3,King,0
0,2000-05-18,0,7,True,True,None,None,0,0.0,1,184349,None,,0,0,0,0,0.5,249,90,1,5.29,None,,0,2,1.7,1.7,1,0.00,0.0,0.03,0.16,0.03,0.03,0.16,0.16,Ryan,1.0,188,67,0,0.0,0,False,2.6,147,58,269,False,6.6,194,86,,17,,None,45,430,94,p184349,0,0,None,0,,184349.jpg,1.0,188,67,False,-17,None,-15.8,"[{'offset': 0, 'projected_percent': '-15.8', 'likelihood': -1}, {'offset': 1, 'projected_percent': '-24.6', 'likelihood': -2}, {'offset': 2, 'projected_percent': '-30.3', 'likelihood': -2}]",1,0,241,False,0,0.0,,[],Sessegnon,0.4,269,102,False,None,0,0.0,a,0,10,54,2024-07-26,19.0,46,11,1,842,842,2544,2544,0.2,0.2,Sessegnon,0
0,1995-01-27,0,0,True,True,None,None,0,0,0,153366,None,,0,0,0,0,0.0,350,146,0,0,None,,0,3,1.0,1.0,0,0.00,0,0.00,0,0.00,0.00,0,0,Harrison,0.0,359,143,0,0,0,False,0.0,363,143,270,False,0.0,346,136,,0,,None,45,422,242,p153366,0,0,None,0,,153366.jpg,0.0,359,143,False,-68,None,-16.9,"[{'offset': 0, 'projected_percent': '-16.9', 'likelihood': -1}, {'offset': 1, 'projected_percent': '-27.7', 'likelihood': -2}, {'offset': 2, 'projected_percent': '-34.6', 'likelihood': -2}]",0,0,241,False,0,0,,[],Reed,1.4,163,47,False,None,0,0,a,0,10,54,2020-08-30,0.0,276,102,0,5081,5081,12599,12599,0.0,0.0,Reed,0
0,2001-05-04,0,6,True,True,None,None,0,0.0,1,244042,None,,0,0,0,0,11.5,112,13,1,11.25,None,,0,4,1.8,1.8,1,0.00,0.0,0.02,0.22,0.02,0.03,0.34,0.22,Rodrigo,1.0,253,25,0,0.0,0,False,2.5,151,15,271,False,6.0,202,13,Rodrigo Muniz,8,,None,55,153,37,p244042,0,0,None,0,,244042.jpg,1.0,253,25,False,-42,None,-26.5,"[{'offset': 0, 'projected_percent': '-26.5', 'likelihood': -2}, {'offset': 1, 'projected_percent': '-43.7', 'likelihood': -3}, {'offset': 2, 'projected_percent': '-54.7', 'likelihood': -3}]",0,0,30,False,0,0.0,,[],Muniz Carvalho,0.6,243,38,False,None,0,0.0,a,0,10,54,2021-08-20,7.0,108,22,1,2412,2412,5819,5819,0.2,0.2,Muniz,0
0,2007-07-04,0,0,True,True,None,None,0,0,0,631786,None,,0,0,0,0,0.0,428,42,0,0,None,,0,4,1.0,1.0,0,0.00,0,0.00,0,0.00,0.00,0,0,Jonah,0.0,433,45,0,0,0,False,0.0,438,44,272,False,0.0,422,35,,0,,None,45,537,73,p631786,0,0,None,0,,631786.jpg,0.0,433,45,False,-174,None,-5.6,"[{'offset': 0, 'projected_percent': '-5.6', 'likelihood': -1}, {'offset': 1, 'projected_percent': '-11.3', 'likelihood': -1}, {'offset': 2, 'projected_percent': '-14.9', 'likelihood': -1}]",0,0,206,False,0,0,,[],Kusi-Asare,7.0,58,9,False,None,0,0,a,0,10,54,2026-06-27,0.0,369,41,0,21257,21257,38488,38488,0.0,0.0,Kusi-Asare,0
0,2004-03-24,0,33,True,True,None,None,0,0.0,0,551466,None,,0,0,0,0,4.3,150,18,2,2.0,None,,0,4,2.0,2.0,6,0.01,0.01,0.74,0.74,0.73,2.24,2.24,0.73,Gonzalo,6.0,62,4,3,3.0,1,False,8.2,30,6,569,False,37.2,34,4,,90,,None,60,104,27,p551466,0,0,1,0,,551466.jpg,6.0,62,4,False,2592,None,46.4,"[{'offset': 0, 'projected_percent': '46.4', 'likelihood': 3}, {'offset': 1, 'projected_percent': '103.3', 'likelihood': 5}, {'offset': 2, 'projected_percent': '139.8', 'likelihood': 5}]",1,0,200,False,0,0.0,,[],García,3.6,92,13,False,None,1,1.0,a,1,10,54,2026-08-03,40.0,16,6,6,114396,114396,14318,14318,1.0,1.0,Gonzalo,0
0,2004-11-11,0,10,True,True,None,None,0,0.0,0,571779,None,,0,0,0,0,7.3,132,78,4,5.0,None,,0,3,2.0,2.0,2,0.01,0.01,0.17,0.21,0.16,2.21,2.76,0.2,César,2.0,148,72,3,3.75,0,False,1.8,194,86,570,False,2.8,240,109,,72,,None,55,213,135,p571779,0,0,None,0,,571779.jpg,2.0,148,72,False,-6,None,-14.3,"[{'offset': 0, 'projected_percent': '-14.3', 'likelihood': -1}, {'offset': 1, 'projected_percent': '-20.9', 'likelihood': -2}, {'offset': 2, 'projected_percent': '-25.2', 'likelihood': -2}]",2,0,200,False,0,0.0,,[],Palacios,0.2,338,122,False,None,1,1.25,a,2,10,54,2026-08-03,8.0,98,49,2,806,806,1557,1557,0.4,0.4,Palacios,0
0,2003-11-05,0,5,True,True,None,None,0,0.0,0,463210,None,,0,0,0,0,1.3,209,118,3,11.74,None,,0,3,1.5,1.5,1,0.00,0.0,0.00,0.0,0.00,0.03,0.12,0.0,Shea,1.0,216,93,0,0.0,0,False,0.5,256,116,580,False,3.4,234,104,,23,,None,50,316,186,p463210,0,0,None,0,,463210.jpg,1.0,216,93,False,-2,None,-10.2,"[{'offset': 0, 'projected_percent': '-10.2', 'likelihood': -1}, {'offset': 1, 'projected_percent': '-16.1', 'likelihood': -1}, {'offset': 2, 'projected_percent': '-19.8', 'likelihood': -1}]",2,0,242,False,0,0.0,,[],Charles,0.1,430,170,False,None,0,0.0,a,1,10,54,2026-08-11,0.0,451,168,1,328,328,690,690,0.2,0.2,Charles,0
0,2005-10-12,0,0,True,True,None,None,0,0,0,547686,None,,0,0,0,0,0.0,320,126,0,0,None,,0,2,1.0,1.0,0,0.00,0,0.00,0,0.00,0.00,0,0,Luc,0.0,333,119,0,0,0,False,0.0,337,125,610,False,0.0,320,124,,0,,None,40,599,189,p547686,0,0,None,0,,547686.jpg,0.0,333,119,False,0,2026-09-06T21:39:13.973938Z,0.0,"[{'offset': 0, 'projected_percent': '0.0', 'likelihood': 0}, {'offset': 1, 'projected_percent': '0.0', 'likelihood': 0}, {'offset': 2, 'projected_percent': '0.0', 'likelihood': 0}]",0,0,39,False,0,0,,[],De Fougerolles,0.1,449,160,False,None,0,0,a,0,10,54,2023-07-19,0.0,242,95,0,2774,2774,348,348,0.0,0.0,De Fougerolles,0
0,1995-06-11,0,0,True,True,None,None,0,0,0,167825,None,,0,0,0,0,0.0,289,9,0,0,None,,0,1,1.0,1.0,0,0.00,0,0.00,0,0.00,0.00,0,0,Dillon,0.0,304,29,0,0,0,False,0.0,307,29,273,False,0.0,291,29,,0,,None,40,558,57,p167825,0,0,None,0,,167825.jpg,0.0,304,29,False,-36,None,-7.7,"[{'offset': 0, 'projected_percent': '-7.7', 'likelihood': -1}, {'offset': 1, 'projected_percent': '-13.0', 'likelihood': -1}, {'offset': 2, 'projected_percent': '-16.5', 'likelihood': -1}]",0,0,241,False,0,0,,[],Phillips,1.5,156,23,False,None,0,0,a,0,11,88,2025-07-01,0.0,207,9,0,2772,2772,6028,6028,0.0,0.0,Phillips,0
0,1993-03-10,0,0,True,True,0,0,0,0,0,105666,None,,0,0,0,0,0.0,341,25,0,0,None,,0,1,0.0,0.0,0,0.00,0,0.00,0,0.00,0.00,0,0,Jack,0.0,351,43,0,0,0,False,0.0,355,43,274,False,0.0,338,43,,0,Arm injury - Unknown return date,2026-08-08T19:00:05.601633Z,45,411,26,p105666,0,0,None,0,,105666.jpg,0.0,351,43,False,-8,None,-27.0,"[{'offset': 0, 'projected_percent': '-27.0', 'likelihood': -2}, {'offset': 1, 'projected_percent': '-33.6', 'likelihood': -2}, {'offset': 2, 'projected_percent': '-37.9', 'likelihood': -2}]",0,0,241,False,0,0,,[],Butland,0.1,422,46,False,None,0,0,i,0,11,88,2026-07-02,0.0,267,25,0,105,105,1575,1575,0.0,0.0,Butland,0
0,2002-05-09,0,0,False,True,0,0,0,0,0,494950,None,,0,0,0,0,0.0,311,18,0,0,None,,0,1,0.0,0.0,0,0.00,0,0.00,0,0.00,0.00,0,0,Harvey,0.0,324,38,0,0,0,False,0.0,328,38,275,False,0.0,311,38,,0,Has joined Grimsby Town on loan for the rest of the season,2026-07-29T13:00:27.959925Z,40,589,66,p494950,0,0,None,0,,494950.jpg,0.0,324,38,False,0,None,0.0,"[{'offset': 0, 'projected_percent': '0.0', 'likelihood': 0}, {'offset': 1, 'projected_percent': '0.0', 'likelihood': 0}, {'offset': 2, 'projected_percent': '0.0', 'likelihood': 0}]",0,0,241,False,0,0,,[],Cartwright,0.0,589,67,False,None,0,0,u,0,11,88,2020-07-01,0.0,232,18,0,0,0,107,107,0.0,0.0,Cartwright,0
0,2003-02-13,0,0,False,True,0,0,0,0,0,444307,None,,0,0,0,0,0.0,304,15,0,0,None,,0,1,0.0,0.0,0,0.00,0,0.00,0,0.00,0.00,0,0,Thimothée,0.0,317,35,0,0,0,False,0.0,321,35,276,False,0.0,304,35,,0,Has joined Colchester United on loan for the rest of the season,2026-08-17T13:50:27.125537Z,40,578,63,p444307,0,0,None,0,,444307.jpg,0.0,317,35,False,0,None,0.0,"[{'offset': 0, 'projected_percent': '0.0', 'likelihood': 0}, {'offset': 1, 'projected_percent': '0.0', 'likelihood': 0}, {'offset': 2, 'projected_percent': '0.0', 'likelihood': 0}]",0,0,73,False,0,0,,[],Lo-Tutala,0.0,526,58,False,None,0,0,u,0,11,88,2023-07-01,0.0,223,15,0,0,0,355,355,0.0,0.0,Lo-Tutala,0
0,1992-10-20,0,27,True,True,None,None,1,1.0,20,108416,None,,0,0,0,0,0.1,272,100,21,21.0,None,,0,2,1.0,1.0,8,0.00,0.0,0.00,0.0,0.00,1.83,1.83,0.0,John,8.0,29,11,0,0.0,0,False,4.6,86,30,277,False,43.4,19,7,,90,,None,40,551,154,p108416,0,0,None,0,,108416.jpg,8.0,29,11,False,105,None,12.4,"[{'offset': 0, 'projected_percent': '12.4', 'likelihood': 1}, {'offset': 1, 'projected_percent': '14.7', 'likelihood': 1}, {'offset': 2, 'projected_percent': '16.2', 'likelihood': 1}]",3,0,104,False,0,0.0,,[],Egan,2.0,130,52,False,None,1,1.0,a,1,11,88,2025-02-03,2.0,154,50,8,39633,39633,9511,9511,2.0,2.0,Egan,0
0,2003-10-16,0,0,True,True,0,0,0,0,0,501902,None,,0,0,0,0,0.0,314,121,0,0,None,,0,2,0.0,0.0,0,0.00,0,0.00,0,0.00,0.00,0,0,Charlie,0.0,327,114,0,0,0,False,0.0,331,120,278,False,0.0,314,119,,0,Groin injury - Unknown return date,2026-08-02T09:00:11.030017Z,40,592,183,p501902,0,0,None,0,,501902.jpg,0.0,327,114,False,-15,None,-35.1,"[{'offset': 0, 'projected_percent': '-35.1', 'likelihood': -2}, {'offset': 1, 'projected_percent': '-46.3', 'likelihood': -3}, {'offset': 2, 'projected_percent': '-53.6', 'likelihood': -3}]",0,0,241,False,0,0,,[],Hughes,0.1,410,144,False,None,0,0,i,0,11,88,2024-08-16,0.0,235,89,0,93,93,2149,2149,0.0,0.0,Hughes,0
0,1993-11-09,2,39,True,True,100,None,1,1.43,7,146426,None,,0,0,0,0,0.2,267,97,7,10.0,None,,1,2,1.0,1.0,14,0.00,0.0,0.52,0.74,0.52,0.86,1.23,0.74,Semi,14.0,4,3,0,0.0,1,False,7.9,32,7,279,True,44.2,14,4,,63,,2026-08-22T17:30:07.668197Z,40,554,156,p146426,0,0,None,0,,146426.jpg,14.0,4,3,False,812,None,20.8,"[{'offset': 0, 'projected_percent': '20.8', 'likelihood': 2}, {'offset': 1, 'projected_percent': '38.7', 'likelihood': 2}, {'offset': 2, 'projected_percent': '50.1', 'likelihood': 3}]",3,0,157,False,0,0.0,,[],Ajayi,1.8,139,56,False,None,1,1.43,a,0,11,88,2025-07-01,35.0,20,4,14,61797,61797,14058,14058,3.5,3.5,Ajayi,0
0,1995-10-15,0,23,True,True,100,None,1,1.3,1,193278,None,,0,0,0,0,11.3,114,33,2,2.61,None,,0,2,1.0,1.0,6,0.01,0.01,0.01,0.01,0.00,1.16,1.51,0.0,Lewie,6.0,41,14,0,0.0,0,False,1.7,196,77,280,False,5.8,203,89,,69,,2026-08-22T17:30:07.685683Z,40,564,163,p193278,0,0,None,0,,193278.jpg,6.0,41,14,False,12,None,-19.5,"[{'offset': 0, 'projected_percent': '-19.5', 'likelihood': -1}, {'offset': 1, 'projected_percent': '-15.2', 'likelihood': -1}, {'offset': 2, 'projected_percent': '-12.4', 'likelihood': -1}]",3,0,241,False,0,0.0,,[],Coyle,0.6,236,89,False,None,1,1.3,a,1,11,88,2020-08-07,0.0,213,75,6,1961,1961,4655,4655,1.5,1.5,Coyle,0
0,2001-12-08,0,4,True,True,100,100,0,0.0,2,433590,None,,0,0,0,0,0.0,301,113,3,13.5,None,,0,2,1.0,1.0,1,0.00,0.0,0.05,0.22,0.05,0.67,3.02,0.22,Cody,1.0,177,57,0,0.0,0,False,0.3,273,98,281,False,2.2,245,97,,20,,2026-08-08T19:00:05.613036Z,40,575,171,p433590,0,0,None,0,,433590.jpg,1.0,177,57,False,0,2026-08-29T11:00:08.336410Z,0.0,"[{'offset': 0, 'projected_percent': '0.0', 'likelihood': 0}, {'offset': 1, 'projected_percent': '0.0', 'likelihood': 0}, {'offset': 2, 'projected_percent': '0.0', 'likelihood': 0}]",2,0,241,False,0,0.0,,[],Drameh,0.1,459,164,False,None,0,0.0,a,1,11,88,2024-07-23,1.0,188,64,1,1004,1004,365,365,0.2,0.2,Drameh,0
0,2000-01-26,0,24,True,True,None,None,1,1.07,5,232351,1,,0,0,0,0,18.8,66,20,6,6.43,1,,0,2,1.0,1.0,6,0.07,0.08,0.09,0.1,0.02,1.76,1.89,0.02,Ryan,6.0,42,15,0,0.0,0,False,3.7,110,39,282,False,13.8,125,57,,84,,None,40,572,170,p232351,0,0,None,0,,232351.jpg,6.0,42,15,False,24,None,3.7,"[{'offset': 0, 'projected_percent': '3.7', 'likelihood': 1}, {'offset': 1, 'projected_percent': '4.2', 'likelihood': 1}, {'offset': 2, 'projected_percent': '4.5', 'likelihood': 1}]",1,0,241,False,0,0.0,,[],Giles,0.9,203,75,False,None,1,1.07,a,1,11,88,2024-06-27,4.0,130,42,6,11752,11752,3518,3518,1.5,1.5,Giles,0
0,2001-06-03,0,0,True,True,0,0,0,0,0,449428,None,,0,0,0,0,0.0,305,115,0,0,None,,0,2,0.0,0.0,0,0.00,0,0.00,0,0.00,0.00,0,0,Matty,0.0,318,108,0,0,0,False,0.0,322,114,283,False,0.0,305,113,,0,Hip injury - Expected back 5 Sep,2026-08-02T09:00:11.038361Z,40,579,173,p449428,0,0,None,0,,449428.jpg,0.0,318,108,False,-2,None,-24.4,"[{'offset': 0, 'projected_percent': '-24.4', 'likelihood': -2}, {'offset': 1, 'projected_percent': '-35.9', 'likelihood': -2}, {'offset': 2, 'projected_percent': '-43.3', 'likelihood': -3}]",0,0,241,False,0,0,,[],Jacob,0.0,579,197,False,None,0,0,i,0,11,88,2019-07-01,0.0,224,81,0,49,49,207,207,0.0,0.0,Jacob,0
0,None,0,0,True,True,None,None,0,0,0,661800,None,,0,0,0,0,0.0,335,140,0,0,None,,0,2,1.0,1.0,0,0.00,0,0.00,0,0.00,0.00,0,0,Cathal,0.0,347,132,0,0,0,False,0.0,351,138,284,False,0.0,334,137,,0,,None,40,616,205,p661800,0,0,None,0,,661800.jpg,0.0,347,132,False,-2,None,-8.8,"[{'offset': 0, 'projected_percent': '-8.8', 'likelihood': -1}, {'offset': 1, 'projected_percent': '-12.9', 'likelihood': -1}, {'offset': 2, 'projected_percent': '-15.5', 'likelihood': -1}]",0,0,None,False,0,0,,[],McCarthy,0.1,439,154,False,None,0,0,a,0,11,88,None,0.0,258,110,0,615,615,863,863,0.0,0.0,McCarthy,0
0,1995-04-27,0,3,True,True,None,None,0,0.0,2,160817,None,,0,0,0,0,0.0,288,105,2,6.92,None,,0,2,1.0,1.0,1,0.00,0.0,0.00,0.0,0.00,0.96,3.32,0.0,Paddy,1.0,173,53,0,0.0,0,False,0.4,261,96,285,False,4.2,220,91,,26,,None,40,556,157,p160817,0,0,None,0,,160817.jpg,1.0,173,53,False,-6,None,0.0,"[{'offset': 0, 'projected_percent': '0.0', 'likelihood': 0}, {'offset': 1, 'projected_percent': '-7.0', 'likelihood': -1}, {'offset': 2, 'projected_percent': '-13.9', 'likelihood': -1}]",1,0,242,False,0,0.0,,[],McNair,0.1,394,141,False,None,0,0.0,a,0,11,88,2026-01-28,0.0,206,70,1,595,595,598,598,0.2,0.2,McNair,0
0,2002-06-01,0,8,True,True,None,None,1,1.0,3,540324,3,,0,0,0,0,2.2,181,106,10,10.0,2,,0,3,1.5,1.5,3,0.03,0.03,0.08,0.08,0.05,1.83,1.83,0.05,Mohamed,3.0,93,37,0,0.0,0,False,2.0,179,81,286,False,10.6,159,57,,90,,None,50,366,215,p540324,0,0,None,0,,540324.jpg,3.0,93,37,False,68,None,4.7,"[{'offset': 0, 'projected_percent': '4.7', 'likelihood': 1}, {'offset': 1, 'projected_percent': '6.2', 'likelihood': 1}, {'offset': 2, 'projected_percent': '7.2', 'likelihood': 1}]",3,0,3,False,0,0.0,,[],Belloumi,0.6,237,79,False,None,1,1.0,a,4,11,88,2024-08-30,7.0,107,55,3,11995,11995,3419,3419,0.6,0.6,Belloumi,0
0,1999-09-27,0,2,True,True,None,None,0,0.0,1,232905,None,,0,0,0,0,0.3,259,136,3,14.21,None,,0,3,1.5,1.5,0,0.00,0.0,0.00,0.0,0.00,0.67,3.17,0.0,Liam,0.0,477,189,0,0.0,0,False,0.4,265,121,287,False,2.0,252,114,,19,,None,50,289,173,p232905,0,0,None,0,,232905.jpg,0.0,477,189,False,-8,None,-40.3,"[{'offset': 0, 'projected_percent': '-40.3', 'likelihood': -3}, {'offset': 1, 'projected_percent': '-66.9', 'likelihood': -3}, {'offset': 2, 'projected_percent': '-84.0', 'likelihood': -3}]",1,0,39,False,0,0.0,,[],Millar,0.1,468,191,False,None,0,0.0,a,1,11,88,2024-08-09,2.0,169,83,0,274,274,833,833,0.0,0.0,Millar,1
0,1997-10-10,0,0,True,True,None,None,0,0,0,171270,None,,0,0,0,0,0.0,352,147,0,0,None,,0,3,1.0,1.0,0,0.00,0,0.00,0,0.00,0.00,0,0,Kieran,0.0,361,144,0,0,0,False,0.0,365,144,288,False,0.0,348,137,,0,,None,45,427,243,p171270,0,0,None,0,,171270.jpg,0.0,361,144,False,-9,None,-20.9,"[{'offset': 0, 'projected_percent': '-20.9', 'likelihood': -2}, {'offset': 1, 'projected_percent': '-26.2', 'likelihood': -2}, {'offset': 2, 'projected_percent': '-29.6', 'likelihood': -2}]",0,0,241,False,0,0,,[],Dowell,0.4,281,93,False,None,0,0,a,0,11,88,2026-01-23,0.0,278,103,0,1545,1545,3749,3749,0.0,0.0,Dowell,0
0,1994-01-20,0,9,True,True,None,None,1,1.0,4,101282,None,,0,0,0,0,2.4,171,101,9,9.0,None,,0,3,1.0,1.0,2,0.00,0.0,0.00,0.0,0.00,1.83,1.83,0.0,Matt,2.0,113,51,0,0.0,0,False,2.1,169,77,289,False,19.0,89,29,,90,,None,45,410,240,p101282,0,0,None,0,,101282.jpg,2.0,113,51,False,63,None,2.2,"[{'offset': 0, 'projected_percent': '2.2', 'likelihood': 1}, {'offset': 1, 'projected_percent': '3.6', 'likelihood': 1}, {'offset': 2, 'projected_percent': '4.5', 'likelihood': 1}]",1,0,241,False,0,0.0,,[],Crooks,0.7,227,75,False,None,1,1.0,a,4,11,88,2025-01-10,0.0,266,100,2,8860,8860,4950,4950,0.4,0.4,Crooks,1
1,1999-09-11,0,20,True,True,None,None,1,1.0,0,243413,2,,0,0,0,0,19.3,63,41,3,3.0,None,,0,3,1.0,1.0,6,0.44,0.44,0.44,0.44,0.00,1.83,1.83,0.0,Regan,6.0,49,21,0,0.0,0,False,3.8,106,55,290,False,18.4,94,33,,90,,None,45,459,246,p243413,0,0,None,0,,243413.jpg,6.0,49,21,False,609,None,27.7,"[{'offset': 0, 'projected_percent': '27.7', 'likelihood': 2}, {'offset': 1, 'projected_percent': '41.1', 'likelihood': 3}, {'offset': 2, 'projected_percent': '49.7', 'likelihood': 3}]",2,0,241,False,0,0.0,,[],Slater,3.8,86,28,False,None,1,1.0,a,1,11,88,2022-01-27,0.0,302,106,6,78058,78058,19467,19467,1.3,1.3,Slater,0
0,2002-02-15,0,0,True,True,0,0,0,0,0,465525,None,,0,0,0,0,0.0,379,150,0,0,None,,0,3,0.0,0.0,0,0.00,0,0.00,0,0.00,0.00,0,0,Eliot,0.0,389,147,0,0,0,False,0.0,391,147,291,False,0.0,374,140,,0,Knee injury - Unknown return date,2026-07-23T12:01:23.532635Z,45,475,248,p465525,0,0,None,0,,465525.jpg,0.0,389,147,False,0,None,-8.1,"[{'offset': 0, 'projected_percent': '-8.1', 'likelihood': -1}, {'offset': 1, 'projected_percent': '-8.1', 'likelihood': -1}, {'offset': 2, 'projected_percent': '-8.1', 'likelihood': -1}]",0,0,21,False,0,0,,[],Matazo,0.0,595,255,False,None,0,0,i,0,11,88,2025-01-23,0.0,313,108,0,54,54,86,86,0.0,0.0,Matazo,0
0,1999-06-25,0,0,True,True,None,None,0,0,0,208481,None,,0,0,0,0,0.0,461,184,0,0,None,,0,3,1.5,1.5,0,0.00,0,0.00,0,0.00,0.00,0,0,Abdülkadir,0.0,461,181,0,0,0,False,0.0,469,182,292,False,0.0,453,175,,0,,None,50,263,161,p208481,0,0,None,0,,208481.jpg,0.0,461,181,False,-2,None,-35.0,"[{'offset': 0, 'projected_percent': '-35.0', 'likelihood': -2}, {'offset': 1, 'projected_percent': '-55.0', 'likelihood': -3}, {'offset': 2, 'projected_percent': '-67.9', 'likelihood': -3}]",0,0,219,False,0,0,,[],Ömür,0.0,557,230,False,None,0,0,a,0,11,88,2024-02-01,0.0,406,147,0,195,195,343,343,0.0,0.0,Ömür,0
0,2003-07-21,0,0,False,True,0,0,0,0,0,490161,None,,0,0,0,0,0.0,508,208,0,0,None,,0,3,0.0,0.0,0,0.00,0,0.00,0,0.00,0.00,0,0,Abu,0.0,508,207,0,0,0,False,0.0,512,206,293,False,0.0,496,199,,0,Has joined Portsmouth permanently,2026-08-12T14:08:23.542043Z,50,334,194,p490161,0,0,None,0,,490161.jpg,0.0,508,207,False,0,None,0.0,"[{'offset': 0, 'projected_percent': '0.0', 'likelihood': 0}, {'offset': 1, 'projected_percent': '0.0', 'likelihood': 0}, {'offset': 2, 'projected_percent': '0.0', 'likelihood': 0}]",0,0,241,False,0,0,,[],Kamara,0.0,600,260,False,None,0,0,u,0,11,88,2024-08-30,0.0,465,175,0,0,0,182,182,0.0,0.0,Kamara,0
0,2004-04-20,0,0,True,True,0,0,0,0,0,553783,None,,0,0,0,0,0.0,408,158,0,0,None,,0,3,0.0,0.0,0,0.00,0,0.00,0,0.00,0.00,0,0,Óscar,0.0,413,155,0,0,0,False,0.0,417,155,294,False,0.0,401,148,,0,Thigh injury - Unknown return date,2026-08-04T18:30:11.016909Z,45,511,256,p553783,0,0,None,0,,553783.jpg,0.0,413,155,False,-3,None,-25.7,"[{'offset': 0, 'projected_percent': '-25.7', 'likelihood': -2}, {'offset': 1, 'projected_percent': '-27.9', 'likelihood': -2}, {'offset': 2, 'projected_percent': '-29.4', 'likelihood': -2}]",0,0,62,False,0,0,,[],Zambrano,0.1,417,163,False,None,0,0,i,0,11,88,2026-07-21,0.0,346,116,0,424,424,1996,1996,0.0,0.0,Zambrano,0
1,1996-06-04,0,21,True,True,None,None,1,1.0,3,169432,None,,0,0,0,0,21.1,61,4,5,5.0,None,,0,4,1.8,1.8,5,0.01,0.01,0.17,0.17,0.16,1.83,1.83,0.16,Oli,5.0,68,6,0,0.0,0,False,9.0,21,5,295,False,17.2,100,10,,90,,None,55,123,31,p169432,0,0,1,0,,169432.jpg,5.0,68,6,False,634,None,27.3,"[{'offset': 0, 'projected_percent': '27.3', 'likelihood': 2}, {'offset': 1, 'projected_percent': '41.2', 'likelihood': 3}, {'offset': 2, 'projected_percent': '50.2', 'likelihood': 3}]",2,0,243,False,0,0.0,,[],McBurnie,2.1,128,20,False,None,1,1.0,a,0,11,88,2025-08-06,52.0,6,2,5,70343,70343,13461,13461,0.9,0.9,McBurnie,0
0,1996-01-13,0,0,True,True,None,None,0,0,0,213292,None,,0,0,0,0,0.0,463,185,0,0,None,,0,3,1.5,1.5,0,0.00,0,0.00,0,0.00,0.00,0,0,David,0.0,463,182,0,0,0,False,0.0,471,183,296,False,0.0,455,176,,0,,None,50,268,165,p213292,0,0,None,0,,213292.jpg,0.0,463,182,False,-5,None,0.0,"[{'offset': 0, 'projected_percent': '0.0', 'likelihood': 0}, {'offset': 1, 'projected_percent': '-22.2', 'likelihood': -2}, {'offset': 2, 'projected_percent': '-40.4', 'likelihood': -3}]",0,0,157,False,0,0,,[],Akintola,0.0,500,208,False,None,0,0,a,0,11,88,2025-08-15,0.0,409,149,0,851,851,854,854,0.0,0.0,Akintola,0
0,2004-02-18,0,0,True,True,0,0,0,0,0,470294,None,,0,0,0,0,0.0,380,151,0,0,None,,0,3,0.0,0.0,0,0.00,0,0.00,0,0.00,0.00,0,0,Darko,0.0,390,148,0,0,0,False,0.0,392,148,297,False,0.0,375,141,,0,Thigh injury - Unknown return date,2026-08-04T18:30:11.027155Z,45,476,249,p470294,0,0,None,0,,470294.jpg,0.0,390,148,False,-1,None,-30.7,"[{'offset': 0, 'projected_percent': '-30.7', 'likelihood': -2}, {'offset': 1, 'projected_percent': '-34.6', 'likelihood': -2}, {'offset': 2, 'projected_percent': '-37.2', 'likelihood': -2}]",0,0,241,False,0,0,,[],Gyabi,0.0,541,223,False,None,0,0,i,0,11,88,2025-09-01,0.0,314,109,0,59,59,498,498,0.0,0.0,Gyabi,0
0,2002-06-15,0,0,False,True,0,0,0,0,0,500957,None,,0,0,0,0,0.0,394,34,0,0,None,,0,4,0.0,0.0,0,0.00,0,0.00,0,0.00,0.00,0,0,Enis,0.0,399,37,0,0,0,False,0.0,403,35,298,False,0.0,387,26,,0,Has joined Konyaspor permanently,2026-08-17T13:50:27.145733Z,45,495,64,p500957,0,0,None,0,,500957.jpg,0.0,399,37,False,-32,None,0.0,"[{'offset': 0, 'projected_percent': '0.0', 'likelihood': 0}, {'offset': 1, 'projected_percent': '0.0', 'likelihood': 0}, {'offset': 2, 'projected_percent': '0.0', 'likelihood': 0}]",0,0,219,False,0,0,,[],Destan,0.3,294,51,False,None,0,0,u,0,11,88,2025-08-01,0.0,331,32,0,0,0,8284,8284,0.0,0.0,Destan,0
0,2003-08-04,0,0,False,True,0,0,0,0,0,534392,None,,0,0,0,0,0.0,402,35,0,0,None,,0,4,0.0,0.0,0,0.00,0,0.00,0,0.00,0.00,0,0,Mason,0.0,407,38,0,0,0,False,0.0,411,36,299,False,0.0,395,27,,0,Has joined Sheffield Wednesday on loan for the rest of the season,2026-08-03T14:05:20.234842Z,45,504,65,p534392,0,0,None,0,,534392.jpg,0.0,407,38,False,-4,None,0.0,"[{'offset': 0, 'projected_percent': '0.0', 'likelihood': 0}, {'offset': 1, 'projected_percent': '0.0', 'likelihood': 0}, {'offset': 2, 'projected_percent': '0.0', 'likelihood': 0}]",0,0,241,False,0,0,,[],Burstow,0.1,484,65,False,None,0,0,u,0,11,88,2024-08-16,0.0,340,33,0,0,0,1135,1135,0.0,0.0,Burstow,0
0,2002-05-04,0,0,True,True,0,0,0,0,0,462635,None,,0,0,0,0,0.0,497,201,0,0,None,,0,3,0.0,0.0,0,0.00,0,0.00,0,0.00,0.00,0,0,Joe,0.0,499,200,0,0,0,False,0.0,503,199,340,False,0.0,487,192,,0,Ankle injury - Expected back 5 Sep,2026-08-17T21:30:07.799839Z,50,315,185,p462635,0,0,None,0,,462635.jpg,0.0,499,200,False,-2,None,-33.1,"[{'offset': 0, 'projected_percent': '-33.1', 'likelihood': -2}, {'offset': 1, 'projected_percent': '-47.3', 'likelihood': -3}, {'offset': 2, 'projected_percent': '-56.4', 'likelihood': -3}]",0,0,241,False,0,0,,[],Gelhardt,0.0,578,245,False,None,0,0,i,0,11,88,2026-08-15,0.0,450,167,0,40,40,250,250,0.0,0.0,Gelhardt,0
0,1995-09-18,0,3,True,True,None,None,0,0.0,0,169359,None,,0,0,0,0,0.0,290,106,0,0.0,None,,0,2,1.0,1.0,1,0.00,0.0,0.00,0.0,0.00,0.07,1.26,0.0,Matt,1.0,175,55,0,0.0,0,False,0.0,308,106,556,False,0.4,271,101,,5,,None,40,559,159,p169359,0,0,None,0,,169359.jpg,1.0,175,55,False,-48,None,-12.6,"[{'offset': 0, 'projected_percent': '-12.6', 'likelihood': -1}, {'offset': 1, 'projected_percent': '-17.4', 'likelihood': -1}, {'offset': 2, 'projected_percent': '-20.5', 'likelihood': -2}]",1,0,241,False,0,0.0,,[],Targett,2.3,124,49,False,None,0,0.0,a,0,11,88,2026-07-23,0.0,208,71,1,4921,4921,13591,13591,0.2,0.2,Targett,0
0,1995-05-10,0,0,True,True,100,50,0,0,0,445028,None,,0,0,0,0,0.0,490,197,0,0,None,,0,3,1.5,0.8,0,0.00,0,0.00,0,0.00,0.00,0,0,Hidemasa,0.0,491,196,0,0,0,False,0.0,496,195,563,False,0.0,480,188,,0,,2026-08-15T16:00:07.961518Z,50,307,181,p445028,0,0,None,0,,445028.jpg,0.0,491,196,False,0,None,0.0,"[{'offset': 0, 'projected_percent': '0.0', 'likelihood': 0}, {'offset': 1, 'projected_percent': '0.0', 'likelihood': 0}, {'offset': 2, 'projected_percent': '0.0', 'likelihood': 0}]",0,0,108,False,0,0,,[],Morita,0.0,546,227,False,None,0,0,a,0,11,88,2026-07-24,0.0,443,163,0,95,95,313,313,0.0,0.0,Morita,0
0,2002-11-08,3,41,True,True,None,None,1,1.0,0,473284,None,,0,0,0,0,0.0,382,40,0,0.0,None,,1,1,1.9,1.9,10,0.00,0.0,0.00,0.0,0.00,1.83,1.83,0.0,Konstantinos,10.0,15,1,0,0.0,0,False,3.5,116,4,572,True,34.6,38,4,,90,,None,45,480,41,p473284,0,0,None,0,,473284.jpg,10.0,15,1,False,571,None,28.4,"[{'offset': 0, 'projected_percent': '28.4', 'likelihood': 2}, {'offset': 1, 'projected_percent': '40.9', 'likelihood': 3}, {'offset': 2, 'projected_percent': '48.9', 'likelihood': 3}]",22,0,83,False,5,5.0,,[],Tzolakis,2.7,111,18,False,None,1,1.0,a,0,11,88,2026-08-05,0.0,318,40,10,87825,87825,10330,10330,2.2,2.2,Tzolakis,0
0,2005-10-31,0,0,True,True,None,None,0,0,0,552946,None,,0,0,0,0,0.0,530,220,0,0,None,,0,3,1.5,1.5,0,0.00,0,0.00,0,0.00,0.00,0,0,Jens,0.0,529,219,0,0,0,False,0.0,533,218,574,False,0.0,517,211,,0,,None,50,373,220,p552946,0,0,None,0,,552946.jpg,0.0,529,219,False,-1,None,-25.9,"[{'offset': 0, 'projected_percent': '-25.9', 'likelihood': -2}, {'offset': 1, 'projected_percent': '-29.3', 'likelihood': -2}, {'offset': 2, 'projected_percent': '-31.4', 'likelihood': -2}]",0,0,161,False,0,0,,[],Hjertø-Dahl,0.1,443,177,False,None,0,0,a,0,11,88,2026-08-07,0.0,489,189,0,278,278,821,821,0.0,0.0,Hjertø-Dahl,0
0,2002-06-22,0,11,True,True,None,None,1,1.29,1,608227,None,,0,0,0,0,4.8,146,86,6,7.71,None,,0,3,1.5,1.5,3,0.03,0.04,0.03,0.04,0.00,1.16,1.49,0.0,Elliot,3.0,94,38,0,0.0,0,False,1.3,225,100,576,False,8.4,176,69,,70,,None,50,383,228,p608227,0,0,None,0,,608227.jpg,3.0,94,38,False,3,None,0.3,"[{'offset': 0, 'projected_percent': '0.3', 'likelihood': 1}, {'offset': 1, 'projected_percent': '0.4', 'likelihood': 1}, {'offset': 2, 'projected_percent': '0.4', 'likelihood': 1}]",2,0,206,False,0,0.0,,[],Stroud,0.1,426,168,False,None,1,1.29,a,3,11,88,2026-08-09,0.0,497,196,3,1228,1228,498,498,0.6,0.6,Stroud,0
0,2007-09-05,0,4,True,True,None,None,0,0.0,4,597462,None,,0,0,0,0,0.0,329,134,4,13.85,None,,0,2,1.0,1.0,1,0.00,0.0,0.00,0.0,0.00,0.96,3.32,0.0,Lucas,1.0,181,61,0,0.0,0,False,0.8,241,91,585,False,8.0,178,78,,26,,None,40,609,198,p597462,0,0,None,0,,597462.jpg,1.0,181,61,False,-13,None,-1.2,"[{'offset': 0, 'projected_percent': '-1.2', 'likelihood': -1}, {'offset': 1, 'projected_percent': '-5.8', 'likelihood': -1}, {'offset': 2, 'projected_percent': '-8.8', 'likelihood': -1}]",0,0,13,False,0,0.0,,[],Herrington,0.7,231,87,False,None,0,0.0,a,0,11,88,2026-08-12,0.0,252,104,1,2624,2624,3096,3096,0.2,0.2,Herrington,0
0,2004-09-03,1,35,True,True,100,None,1,1.43,13,606930,None,,0,0,0,0,0.6,237,84,13,18.57,None,,1,2,1.0,1.0,15,0.00,0.0,0.28,0.4,0.28,0.86,1.23,0.4,Nobel,15.0,3,2,0,0.0,1,False,8.5,27,5,586,True,51.8,4,1,,63,,2026-08-22T17:30:08.045208Z,40,611,200,p606930,0,0,None,0,,606930.jpg,15.0,3,2,False,1722,None,11.3,"[{'offset': 0, 'projected_percent': '11.3', 'likelihood': 1}, {'offset': 1, 'projected_percent': '49.1', 'likelihood': 3}, {'offset': 2, 'projected_percent': '73.4', 'likelihood': 3}]",2,0,189,False,0,0.0,,[],Mendy,3.6,90,35,False,None,1,1.43,a,0,11,88,2026-08-12,33.0,23,6,15,143567,143567,17073,17073,3.8,3.8,Mendy,0
0,2003-08-05,0,0,True,True,None,None,0,0,0,469266,None,,0,0,0,0,0.0,500,203,0,0,None,,0,3,1.5,1.5,0,0.00,0,0.00,0,0.00,0.00,0,0,Lucas,0.0,501,202,0,0,0,False,0.0,505,201,589,False,0.0,489,194,,0,,None,50,322,188,p469266,0,0,None,0,,469266.jpg,0.0,501,202,False,0,2026-08-30T13:58:04.062423Z,0.0,"[{'offset': 0, 'projected_percent': '0.0', 'likelihood': 0}, {'offset': 1, 'projected_percent': '0.0', 'likelihood': 0}, {'offset': 2, 'projected_percent': '0.0', 'likelihood': 0}]",0,0,73,False,0,0,,[],Gourna-Douath,0.0,531,218,False,None,0,0,a,0,11,88,2026-08-15,0.0,455,170,0,125,125,259,259,0.0,0.0,Gourna-Douath,0
0,1997-01-09,0,7,True,True,None,None,0,0.0,4,219924,None,,0,0,0,0,0.8,226,76,5,5.0,None,,0,2,1.0,1.0,2,0.01,0.01,0.01,0.01,0.00,0.66,0.66,0.0,Issa,2.0,109,42,1,1.0,0,False,1.0,234,88,259,False,7.2,184,81,,90,,None,40,569,167,p219924,0,0,None,0,,219924.jpg,2.0,109,42,False,-275,None,-5.6,"[{'offset': 0, 'projected_percent': '-5.6', 'likelihood': -1}, {'offset': 1, 'projected_percent': '-9.3', 'likelihood': -1}, {'offset': 2, 'projected_percent': '-11.7', 'likelihood': -1}]",6,0,145,False,0,0.0,,[],Diop,17.1,20,7,False,None,1,1.0,a,1,12,40,2026-07-22,2.0,156,52,2,23776,23776,60566,60566,0.5,0.5,Diop,0
1,1996-08-13,0,22,True,True,None,None,0,0.0,2,212314,4,,0,0,0,0,14.8,82,52,6,6.0,None,,0,3,1.5,1.5,5,0.02,0.02,0.02,0.02,0.00,0.66,0.66,0.0,Saša,5.0,66,26,1,1.0,0,False,4.0,102,53,267,False,23.4,71,24,,90,,None,50,267,164,p212314,0,0,None,0,,212314.jpg,5.0,66,26,False,-6,None,0.0,"[{'offset': 0, 'projected_percent': '0.0', 'likelihood': 0}, {'offset': 1, 'projected_percent': '-7.8', 'likelihood': -1}, {'offset': 2, 'projected_percent': '-14.2', 'likelihood': -1}]",3,0,190,False,0,0.0,,[],Lukić,0.1,397,155,False,None,1,1.0,a,1,12,40,2026-08-08,2.0,167,82,5,1020,1020,1019,1019,1.0,1.0,Lukić,0
0,1995-11-09,0,0,True,True,None,None,0,0,0,108813,None,,0,0,0,0,0.0,343,26,0,0,None,,0,1,1.9,1.9,0,0.00,0,0.00,0,0.00,0.00,0,0,Christian,0.0,353,44,0,0,0,False,0.0,357,44,300,False,0.0,340,44,,0,,None,45,414,27,p108813,0,0,None,0,,108813.jpg,0.0,353,44,False,-50,None,-34.3,"[{'offset': 0, 'projected_percent': '-34.3', 'likelihood': -2}, {'offset': 1, 'projected_percent': '-57.0', 'likelihood': -3}, {'offset': 2, 'projected_percent': '-71.6', 'likelihood': -3}]",0,0,241,False,0,0,,[],Walton,0.5,253,34,False,None,0,0,a,0,12,40,2022-01-19,0.0,269,26,0,199,199,3825,3825,0.0,0.0,Walton,0
0,1996-08-10,0,0,True,True,None,None,0,0,0,112520,None,,0,0,0,0,0.0,285,7,0,0,None,,0,1,1.0,1.0,0,0.00,0,0.00,0,0.00,0.00,0,0,Alex,0.0,301,27,0,0,0,False,0.0,304,27,301,False,0.0,288,27,,0,,None,40,552,55,p112520,0,0,None,0,,112520.jpg,0.0,301,27,False,-46,None,-5.6,"[{'offset': 0, 'projected_percent': '-5.6', 'likelihood': -1}, {'offset': 1, 'projected_percent': '-8.0', 'likelihood': -1}, {'offset': 2, 'projected_percent': '-9.5', 'likelihood': -1}]",0,0,241,False,0,0,,[],Palmer,4.5,74,9,False,None,0,0,a,0,12,40,2025-02-03,0.0,203,7,0,6718,6718,15042,15042,0.0,0.0,Palmer,0
0,1989-02-27,0,0,True,True,None,None,0,0,0,50093,None,,0,0,0,0,0.0,280,4,0,0,None,,0,1,1.0,1.0,0,0.00,0,0.00,0,0.00,0.00,0,0,David,0.0,296,24,0,0,0,False,0.0,299,24,302,False,0.0,283,24,,0,,None,40,546,52,p50093,0,0,None,0,,50093.jpg,0.0,296,24,False,-3,None,0.1,"[{'offset': 0, 'projected_percent': '0.1', 'likelihood': 1}, {'offset': 1, 'projected_percent': '-0.1', 'likelihood': -1}, {'offset': 2, 'projected_percent': '-1.1', 'likelihood': -1}]",0,0,241,False,0,0,,[],Button,0.4,265,36,False,None,0,0,a,0,12,40,2025-07-04,0.0,198,4,0,1676,1676,1623,1623,0.0,0.0,Button,0
0,1996-12-09,0,0,True,True,None,None,0,0,0,183015,None,,0,0,0,0,0.0,293,108,0,0,None,,0,2,1.0,1.0,0,0.00,0,0.00,0,0.00,0.00,0,0,Cédric,0.0,307,102,0,0,0,False,0.0,311,108,303,False,0.0,294,107,,0,,None,40,563,162,p183015,0,0,None,0,,183015.jpg,0.0,307,102,False,-30,None,-25.6,"[{'offset': 0, 'projected_percent': '-25.6', 'likelihood': -2}, {'offset': 1, 'projected_percent': '-36.6', 'likelihood': -2}, {'offset': 2, 'projected_percent': '-43.6', 'likelihood': -3}]",0,0,54,False,0,0,,[],Kipré,0.6,238,90,False,None,0,0,a,0,12,40,2026-07-01,0.0,212,74,0,310,310,4152,4152,0.0,0.0,Kipré,0
0,1999-03-04,0,16,True,True,None,None,0,0.0,16,216616,None,,0,0,0,0,24.5,48,16,18,18.0,None,,0,2,1.0,1.0,4,0.16,0.16,0.16,0.16,0.00,0.66,0.66,0.0,Dara,4.0,74,31,1,1.0,0,False,7.5,34,9,304,False,48.0,9,2,,90,,None,40,568,166,p216616,0,0,None,0,,216616.jpg,4.0,74,31,False,-18,None,0.1,"[{'offset': 0, 'projected_percent': '0.1', 'likelihood': 1}, {'offset': 1, 'projected_percent': '-0.7', 'likelihood': -1}, {'offset': 2, 'projected_percent': '-1.5', 'likelihood': -1}]",6,0,104,False,0,0.0,,[],O'Shea,3.4,98,41,False,None,1,1.0,a,2,12,40,2024-08-25,2.0,155,51,4,13629,13629,11666,11666,1.0,1.0,O'Shea,0
0,1999-12-31,0,10,True,True,None,None,0,0.0,7,455084,2,,0,0,0,0,2.3,176,52,7,7.0,2,,0,2,1.0,1.0,2,0.01,0.01,0.01,0.01,0.00,0.66,0.66,0.0,Leif,2.0,111,44,1,1.0,0,False,1.8,190,75,305,False,15.2,111,50,,90,,None,40,582,176,p455084,0,0,None,0,,455084.jpg,2.0,111,44,False,-100,None,-7.3,"[{'offset': 0, 'projected_percent': '-7.3', 'likelihood': -1}, {'offset': 1, 'projected_percent': '-11.9', 'likelihood': -1}, {'offset': 2, 'projected_percent': '-14.9', 'likelihood': -1}]",4,0,241,False,0,0.0,,[],Davis,4.9,70,29,False,None,1,1.0,a,0,12,40,2022-07-25,0.0,226,83,2,6523,6523,18104,18104,0.5,0.5,Davis,0
0,2000-09-12,0,12,True,True,None,None,0,0.0,4,449429,None,,0,0,0,0,1.3,204,65,7,7.0,None,,0,2,1.0,1.0,2,0.00,0.0,0.00,0.0,0.00,0.66,0.66,0.0,Jacob,2.0,110,43,1,1.0,0,False,1.8,189,74,306,False,16.4,105,45,,90,,None,40,580,174,p449429,0,0,None,0,,449429.jpg,2.0,110,43,False,-36,None,-8.4,"[{'offset': 0, 'projected_percent': '-8.4', 'likelihood': -1}, {'offset': 1, 'projected_percent': '-14.1', 'likelihood': -1}, {'offset': 2, 'projected_percent': '-17.7', 'likelihood': -1}]",1,0,241,False,0,0.0,,[],Greaves,1.4,162,67,False,None,1,1.0,a,3,12,40,2024-07-12,0.0,225,82,2,1474,1474,4975,4975,0.5,0.5,Greaves,0
0,2000-01-24,0,0,True,True,None,None,0,0,0,222018,None,,0,0,0,0,0.0,298,112,0,0,None,,0,2,1.0,1.0,0,0.00,0,0.00,0,0.00,0.00,0,0,Ben,0.0,312,106,0,0,0,False,0.0,316,112,307,False,0.0,299,111,,0,,None,40,571,169,p222018,0,0,None,0,,222018.jpg,0.0,312,106,False,1,None,-19.1,"[{'offset': 0, 'projected_percent': '-19.1', 'likelihood': -1}, {'offset': 1, 'projected_percent': '-17.0', 'likelihood': -1}, {'offset': 2, 'projected_percent': '-15.6', 'likelihood': -1}]",0,0,241,False,0,0,,[],Johnson,0.1,412,146,False,None,0,0,a,0,12,40,2024-07-01,0.0,218,79,0,390,390,913,913,0.0,0.0,Johnson,0
0,1995-10-31,0,0,True,True,None,None,0,0,0,176420,None,,0,0,0,0,0.0,292,107,0,0,None,,0,2,1.0,1.0,0,0.00,0,0.00,0,0.00,0.00,0,0,Darnell,0.0,306,101,0,0,0,False,0.0,310,107,308,False,0.0,293,106,,0,,None,40,562,161,p176420,0,0,None,0,,176420.jpg,0.0,306,101,False,-27,None,-23.5,"[{'offset': 0, 'projected_percent': '-23.5', 'likelihood': -2}, {'offset': 1, 'projected_percent': '-33.6', 'likelihood': -2}, {'offset': 2, 'projected_percent': '-40.1', 'likelihood': -3}]",0,0,241,False,0,0,,[],Furlong,0.6,239,91,False,None,0,0,a,0,12,40,2025-08-28,0.0,211,73,0,241,241,3718,3718,0.0,0.0,Furlong,0
0,2000-03-01,0,26,True,True,None,None,0,0.0,4,501390,1,,0,0,0,0,7.3,131,77,12,13.67,1,,0,3,1.5,1.5,4,0.03,0.03,0.06,0.06,0.03,0.63,0.72,0.03,Marcelino,4.0,75,31,1,1.14,0,False,2.4,155,70,309,False,13.0,135,45,,79,,None,50,345,199,p501390,0,0,None,0,,501390.jpg,4.0,75,31,False,-2,None,0.0,"[{'offset': 0, 'projected_percent': '0.0', 'likelihood': 0}, {'offset': 1, 'projected_percent': '-3.1', 'likelihood': -1}, {'offset': 2, 'projected_percent': '-5.2', 'likelihood': -1}]",6,0,44,False,0,0.0,,[],Núñez,0.1,384,148,False,None,1,1.14,a,2,12,40,2025-08-29,4.0,133,66,4,1030,1030,1146,1146,0.8,0.8,Núñez,0
0,1998-04-28,0,0,True,True,0,0,0,0,0,241117,None,,0,0,0,0,0.0,477,191,0,0,None,,0,3,0.0,0.0,0,0.00,0,0.00,0,0.00,0.00,0,0,Azor,0.0,479,190,0,0,0,False,0.0,484,189,310,False,0.0,468,182,,0,Muscular injury - Unknown return date,2026-07-29T18:00:10.305484Z,50,291,174,p241117,0,0,None,0,,241117.jpg,0.0,479,190,False,0,None,-48.3,"[{'offset': 0, 'projected_percent': '-48.3', 'likelihood': -3}, {'offset': 1, 'projected_percent': '-48.3', 'likelihood': -3}, {'offset': 2, 'projected_percent': '-48.3', 'likelihood': -3}]",0,0,152,False,0,0,https://www.itfc.co.uk/news/2026/may/12/midfield-duo-undergo-surgery/,[],Matusiwa,0.0,605,264,False,None,0,0,i,0,12,40,2025-07-13,0.0,428,156,0,6,6,99,99,0.0,0.0,Matusiwa,0
0,1994-11-23,0,0,False,True,0,0,0,0,0,149929,None,,0,0,0,0,0.0,449,176,0,0,None,,0,3,0.0,0.0,0,0.00,0,0.00,0,0.00,0.00,0,0,Wes,0.0,451,173,0,0,0,False,0.0,457,173,311,False,0.0,441,166,,0,Has joined Leicester City permanently,2026-08-10T14:02:47.597478Z,50,242,145,p149929,0,0,None,0,,149929.jpg,0.0,451,173,False,-1,None,0.0,"[{'offset': 0, 'projected_percent': '0.0', 'likelihood': 0}, {'offset': 1, 'projected_percent': '0.0', 'likelihood': 0}, {'offset': 2, 'projected_percent': '0.0', 'likelihood': 0}]",0,0,244,False,0,0,,[],Burns,0.0,599,259,False,None,0,0,u,0,12,40,2021-06-09,0.0,389,135,0,0,0,182,182,0.0,0.0,Burns,0
0,1998-06-23,0,0,True,True,0,0,0,0,0,231899,None,,0,0,0,0,0.0,367,149,0,0,None,,0,3,0.0,0.0,0,0.00,0,0.00,0,0.00,0.00,0,0,Jack,0.0,376,146,0,0,0,False,0.0,380,146,312,False,0.0,363,139,,0,Knee injury - Unknown return date,2026-07-29T18:00:10.319370Z,45,453,245,p231899,0,0,None,0,,231899.jpg,0.0,376,146,False,-1,None,-32.2,"[{'offset': 0, 'projected_percent': '-32.2', 'likelihood': -2}, {'offset': 1, 'projected_percent': '-34.3', 'likelihood': -2}, {'offset': 2, 'projected_percent': '-35.6', 'likelihood': -2}]",0,0,104,False,0,0,https://www.itfc.co.uk/news/2026/may/12/midfield-duo-undergo-surgery/,[],Taylor,0.0,506,211,False,None,0,0,i,0,12,40,2023-06-26,0.0,297,105,0,95,95,821,821,0.0,0.0,Taylor,0
0,2000-11-23,1,27,True,True,None,None,0,0.0,0,443261,3,,0,0,0,0,0.6,245,130,2,9.47,3,,0,3,2.0,2.0,7,0.00,0.0,0.10,0.47,0.10,0.03,0.14,0.47,Jack,7.0,39,19,0,0.0,1,False,5.2,72,39,313,False,33.6,40,18,Jack Clarke,19,,None,55,167,104,p443261,0,0,1,0,,443261.jpg,7.0,39,19,False,-4,None,0.5,"[{'offset': 0, 'projected_percent': '0.5', 'likelihood': 1}, {'offset': 1, 'projected_percent': '0.4', 'likelihood': 1}, {'offset': 2, 'projected_percent': '0.4', 'likelihood': 1}]",1,0,241,False,0,0.0,,[],Clarke,0.3,300,101,False,None,0,0.0,a,1,12,40,2024-08-24,18.0,51,26,7,2849,2849,2050,2050,1.3,1.3,Clarke,0
0,1997-05-01,0,0,True,True,None,None,0,0,0,229164,None,,0,0,0,0,0.0,472,188,0,0,None,,0,3,1.5,1.5,0,0.00,0,0.00,0,0.00,0.00,0,0,Chiedozie,0.0,472,185,0,0,0,False,0.0,479,186,314,False,0.0,463,179,,0,,None,50,283,169,p229164,0,0,None,0,,229164.jpg,0.0,472,185,False,0,None,-50.5,"[{'offset': 0, 'projected_percent': '-50.5', 'likelihood': -3}, {'offset': 1, 'projected_percent': '-50.5', 'likelihood': -3}, {'offset': 2, 'projected_percent': '-50.5', 'likelihood': -3}]",0,0,104,False,0,0,,[],Ogbene,0.0,568,239,False,None,0,0,a,0,12,40,2024-08-28,0.0,422,153,0,34,34,205,205,0.0,0.0,Ogbene,0
0,2004-03-08,0,22,True,True,None,None,0,0.0,1,531442,None,,0,0,0,0,28.4,31,23,7,9.69,None,,0,3,2.0,2.0,2,0.41,0.57,0.41,0.57,0.00,0.63,0.87,0.0,Abdul,2.0,147,71,1,1.38,0,False,5.5,64,33,315,False,18.6,93,32,Abdul Fatawu,65,,None,55,201,126,p531442,0,0,None,0,,531442.jpg,2.0,147,71,False,-17,None,-38.8,"[{'offset': 0, 'projected_percent': '-38.8', 'likelihood': -2}, {'offset': 1, 'projected_percent': '-55.7', 'likelihood': -3}, {'offset': 2, 'projected_percent': '-66.6', 'likelihood': -3}]",2,0,81,False,0,0.0,,[],Fatawu,0.2,329,117,False,None,1,1.38,a,4,12,40,2026-07-21,8.0,97,48,2,522,522,2355,2355,0.4,0.4,Fatawu,0
0,2004-07-16,3,41,True,True,None,None,0,0.0,1,543968,None,,0,0,0,0,26.3,42,1,3,4.15,None,,0,4,1.8,1.8,9,0.06,0.08,0.88,1.22,0.82,0.63,0.87,1.14,Emersonn,9.0,24,2,1,1.38,1,False,11.2,10,1,316,False,45.6,13,2,Emersonn,65,,None,55,203,44,p543968,0,0,2,0,,543968.jpg,9.0,24,2,False,207,None,24.7,"[{'offset': 0, 'projected_percent': '24.7', 'likelihood': 2}, {'offset': 1, 'projected_percent': '29.2', 'likelihood': 2}, {'offset': 2, 'projected_percent': '32.1', 'likelihood': 2}]",1,0,30,False,0,0.0,,[],Correia da Silva,1.7,144,23,False,None,1,1.38,a,1,12,40,2026-07-08,40.0,15,5,9,69396,69396,14264,14264,1.6,1.6,Emersonn,0
0,1999-02-15,0,0,False,True,0,0,0,0,0,222625,None,,0,0,0,0,0.0,470,44,0,0,None,,0,4,0.0,0.0,0,0.00,0,0.00,0,0.00,0.00,0,0,George,0.0,469,46,0,0,0,False,0.0,477,45,317,False,0.0,461,36,,0,Has joined Stoke City permanently,2026-08-21T13:06:08.606019Z,50,279,51,p222625,0,0,None,0,,222625.jpg,0.0,469,46,False,-67,None,0.0,"[{'offset': 0, 'projected_percent': '0.0', 'likelihood': 0}, {'offset': 1, 'projected_percent': '0.0', 'likelihood': 0}, {'offset': 2, 'projected_percent': '0.0', 'likelihood': 0}]",0,0,243,False,0,0,,[],Hirst,0.2,362,54,False,None,0,0,u,0,12,40,2023-07-13,0.0,418,42,0,0,0,7947,7947,0.0,0.0,Hirst,0
0,2002-02-08,0,0,True,True,0,None,0,0,0,481624,5,,0,0,0,0,0.0,571,244,0,0,None,,0,3,0.0,2.0,0,0.00,0,0.00,0,0.00,0.00,0,0,Jaden,0.0,568,242,0,0,0,False,0.0,572,242,318,False,0.0,558,236,,0,Ankle injury - Unknown return date,2026-08-25T11:30:07.532993Z,55,186,114,p481624,0,0,3,0,,481624.jpg,0.0,568,242,False,-45,None,-44.3,"[{'offset': 0, 'projected_percent': '-44.3', 'likelihood': -3}, {'offset': 1, 'projected_percent': '-71.7', 'likelihood': -3}, {'offset': 2, 'projected_percent': '-89.2', 'likelihood': -3}]",0,0,241,False,0,0,,[],Philogene,0.1,390,152,False,None,0,0,i,0,12,40,2025-01-15,0.0,555,232,0,106,106,3234,3234,0.0,0.0,Philogene,0
0,1995-09-24,0,0,False,True,0,0,0,0,0,172453,None,,0,0,0,0,0.0,455,181,0,0,None,,0,3,0.0,0.0,0,0.00,0,0.00,0,0.00,0.00,0,0,Sam,0.0,457,178,0,0,0,False,0.0,463,178,319,False,0.0,447,171,,0,Has joined Derby County on loan for the rest of the season,2026-08-17T13:51:41.713979Z,50,250,152,p172453,0,0,None,0,,172453.jpg,0.0,457,178,False,0,None,0.0,"[{'offset': 0, 'projected_percent': '0.0', 'likelihood': 0}, {'offset': 1, 'projected_percent': '0.0', 'likelihood': 0}, {'offset': 2, 'projected_percent': '0.0', 'likelihood': 0}]",0,0,104,False,0,0,,[],Szmodics,0.0,594,254,False,None,0,0,u,0,12,40,2024-08-16,0.0,397,142,0,0,0,378,378,0.0,0.0,Szmodics,0
0,1995-10-09,0,3,True,True,None,None,0,0.0,0,147675,None,,0,0,0,0,0.0,448,43,3,11.25,None,,0,4,1.4,1.4,1,0.00,0.0,0.00,0.0,0.00,0.03,0.11,0.0,Chuba,1.0,210,20,0,0.0,0,False,0.3,276,29,320,False,1.4,258,21,,24,,None,50,241,49,p147675,0,0,None,0,,147675.jpg,1.0,210,20,False,-14,None,-5.2,"[{'offset': 0, 'projected_percent': '-5.2', 'likelihood': -1}, {'offset': 1, 'projected_percent': '-11.2', 'likelihood': -1}, {'offset': 2, 'projected_percent': '-15.0', 'likelihood': -1}]",2,0,241,False,0,0.0,,[],Akpom,0.5,249,40,False,None,0,0.0,a,1,12,40,2026-07-01,2.0,165,26,1,4156,4156,5426,5426,0.2,0.2,Akpom,0
0,2006-06-21,0,3,True,True,None,None,0,0.0,0,557012,None,,0,0,0,0,0.1,274,31,0,0.0,None,,0,4,1.0,1.0,1,0.00,0.0,0.00,0.0,0.00,0.03,0.27,0.0,Sindre,1.0,204,19,0,0.0,0,False,0.0,420,38,321,False,0.0,404,29,,10,,None,45,514,67,p557012,0,0,None,0,,557012.jpg,1.0,204,19,False,97,None,4.4,"[{'offset': 0, 'projected_percent': '4.4', 'likelihood': 1}, {'offset': 1, 'projected_percent': '6.5', 'likelihood': 1}, {'offset': 2, 'projected_percent': '7.9', 'likelihood': 1}]",0,0,161,False,0,0.0,,[],Walle Egeli,2.4,118,18,False,None,0,0.0,a,0,12,40,2025-08-29,0.0,349,35,1,34237,34237,20205,20205,0.2,0.2,Walle Egeli,0
0,2002-03-01,0,0,False,True,0,None,0,0,0,462387,None,,0,0,0,0,0.0,496,46,0,0,None,,0,4,0.0,1.4,0,0.00,0,0.00,0,0.00,0.00,0,0,Ali,0.0,498,48,0,0,0,False,0.0,502,47,322,False,0.0,486,38,Ali Al Hamadi,0,Has joined Sheffield Wednesday on loan for the rest of the season,2026-08-27T14:54:10.215357Z,50,314,54,p462387,0,0,None,0,,462387.jpg,0.0,498,48,False,-41,None,0.0,"[{'offset': 0, 'projected_percent': '0.0', 'likelihood': 0}, {'offset': 1, 'projected_percent': '0.0', 'likelihood': 0}, {'offset': 2, 'projected_percent': '0.0', 'likelihood': 0}]",0,0,103,False,0,0,,[],Al-Hamadi,0.1,395,58,False,None,0,0,u,0,12,40,2024-01-29,0.0,449,45,0,755,755,2408,2408,0.0,0.0,Al-Hamadi,0
0,2001-11-22,0,4,True,True,None,None,0,0.0,0,461587,None,,0,0,0,0,1.3,205,116,3,11.25,None,,0,3,1.0,1.0,1,0.00,0.0,0.00,0.0,0.00,0.03,0.11,0.0,Kasey,1.0,194,88,0,0.0,0,False,0.3,274,128,323,False,1.2,261,120,,24,,None,45,473,247,p461587,0,0,None,0,,461587.jpg,1.0,194,88,False,-34,None,-11.6,"[{'offset': 0, 'projected_percent': '-11.6', 'likelihood': -1}, {'offset': 1, 'projected_percent': '-17.3', 'likelihood': -1}, {'offset': 2, 'projected_percent': '-20.9', 'likelihood': -2}]",2,0,104,False,0,0.0,,[],McAteer,1.4,166,49,False,None,0,0.0,a,1,12,40,2025-08-22,0.0,312,107,1,5065,5065,10124,10124,0.2,0.2,McAteer,0
0,2001-01-09,0,0,True,True,None,None,0,0,0,232457,None,,0,0,0,0,0.0,475,190,0,0,None,,0,3,1.5,1.5,0,0.00,0,0.00,0,0.00,0.00,0,0,Anis,0.0,475,187,0,0,0,False,0.0,482,188,324,False,0.0,466,181,,0,,None,50,287,171,p232457,0,0,None,0,,232457.jpg,0.0,475,187,False,-4,None,-49.7,"[{'offset': 0, 'projected_percent': '-49.7', 'likelihood': -3}, {'offset': 1, 'projected_percent': '-68.4', 'likelihood': -3}, {'offset': 2, 'projected_percent': '-80.5', 'likelihood': -3}]",0,0,2,False,0,0,,[],Mehmeti,0.0,489,202,False,None,0,0,a,0,12,40,2026-01-23,0.0,426,155,0,46,46,590,590,0.0,0.0,Mehmeti,0
0,2003-08-07,0,0,False,True,0,None,0,0,0,546600,None,,0,0,0,0,0.0,403,45,0,0,None,,0,1,0.0,1.9,0,0.00,0,0.00,0,0.00,0.00,0,0,Kayne,0.0,408,57,0,0,0,False,0.0,412,57,554,False,0.0,396,57,,0,Has joined Valencia on loan for the rest of the season,2026-08-25T14:04:09.529320Z,45,505,46,p546600,0,0,None,0,,546600.jpg,0.0,408,57,False,-4,None,0.0,"[{'offset': 0, 'projected_percent': '0.0', 'likelihood': 0}, {'offset': 1, 'projected_percent': '0.0', 'likelihood': 0}, {'offset': 2, 'projected_percent': '0.0', 'likelihood': 0}]",0,0,152,False,0,0,,[],van Oevelen,0.0,524,57,False,None,0,0,u,0,12,40,2026-07-21,0.0,341,45,0,54,54,547,547,0.0,0.0,Van Oevelen,0
0,1997-10-20,0,7,True,True,None,None,0,0.0,3,442967,None,,0,0,0,0,1.4,203,115,9,10.25,None,,0,3,2.0,2.0,2,0.00,0.0,0.61,0.69,0.61,0.63,0.72,0.69,Daizen,2.0,143,67,1,1.14,0,False,2.1,173,79,562,False,12.6,139,47,,79,,None,55,166,103,p442967,0,0,None,0,,442967.jpg,2.0,143,67,False,-46,None,-32.8,"[{'offset': 0, 'projected_percent': '-32.8', 'likelihood': -2}, {'offset': 1, 'projected_percent': '-60.0', 'likelihood': -3}, {'offset': 2, 'projected_percent': '-77.5', 'likelihood': -3}]",2,0,108,False,0,0.0,,[],Maeda,0.4,278,91,False,None,1,1.14,a,4,12,40,2026-07-25,7.0,110,57,2,688,688,3372,3372,0.4,0.4,Maeda,0
0,2000-01-23,0,12,True,True,None,None,0,0.0,1,240514,None,,0,0,0,0,0.0,369,35,0,0.0,None,,0,1,1.9,1.9,2,0.00,0.0,0.00,0.0,0.00,0.66,0.66,0.0,Kjell,2.0,114,9,1,1.0,0,False,1.4,214,16,564,False,14.4,118,16,,90,,None,45,456,36,p240514,0,0,None,0,,240514.jpg,2.0,114,9,False,-33,None,-10.9,"[{'offset': 0, 'projected_percent': '-10.9', 'likelihood': -1}, {'offset': 1, 'projected_percent': '-22.5', 'likelihood': -2}, {'offset': 2, 'projected_percent': '-29.9', 'likelihood': -2}]",10,0,152,False,2,2.0,,[],Scherpen,0.6,234,32,False,None,1,1.0,a,0,12,40,2026-07-28,0.0,299,35,2,1195,1195,2882,2882,0.4,0.4,Scherpen,0
0,1999-08-19,0,0,True,True,75,None,0,0,0,216055,None,,0,0,0,0,0.0,466,186,0,0,None,,0,3,1.1,1.5,0,0.00,0,0.00,0,0.00,0.00,0,0,Florentino Ibrain,0.0,465,183,0,0,0,False,0.0,473,184,571,False,0.0,457,177,Florentino,0,Calf injury - 75% chance of playing,2026-08-25T11:30:07.678802Z,50,273,166,p216055,0,0,None,0,,216055.jpg,0.0,465,183,False,-30,None,-35.8,"[{'offset': 0, 'projected_percent': '-35.8', 'likelihood': -2}, {'offset': 1, 'projected_percent': '-65.8', 'likelihood': -3}, {'offset': 2, 'projected_percent': '-85.1', 'likelihood': -3}]",0,0,173,False,0,0,,[],Morris Luís,0.1,398,156,False,None,0,0,d,0,12,40,2026-08-04,0.0,413,150,0,202,202,1791,1791,0.0,0.0,Florentino,0
1,2004-01-23,0,24,True,True,100,None,0,0.0,2,474120,None,,0,0,0,0,14.0,88,56,8,10.29,None,,0,3,2.0,2.0,5,0.31,0.4,0.54,0.7,0.23,0.63,0.81,0.3,Julio,5.0,71,29,1,1.29,0,False,5.4,68,36,591,False,21.6,77,25,,70,,2026-08-22T18:00:07.551930Z,55,181,111,p474120,0,0,None,0,,474120.jpg,5.0,71,29,False,0,2026-08-31T13:58:54.247304Z,0.0,"[{'offset': 0, 'projected_percent': '0.0', 'likelihood': 0}, {'offset': 1, 'projected_percent': '0.0', 'likelihood': 0}, {'offset': 2, 'projected_percent': '0.0', 'likelihood': 0}]",5,0,168,False,0,0.0,,[],Enciso,0.5,261,86,False,None,1,1.29,a,1,12,40,2026-08-17,18.0,52,27,5,14803,14803,3827,3827,0.9,0.9,Enciso,0
0,2005-10-22,0,4,True,True,None,None,0,0.0,2,572584,None,,0,0,0,0,10.0,123,37,2,18.0,None,,0,2,1.0,1.0,1,0.00,0.0,0.00,0.0,0.00,0.03,0.27,0.0,Abdoul,1.0,180,60,0,0.0,0,False,1.5,207,80,592,False,5.2,208,90,,10,,None,40,603,193,p572584,0,0,None,0,,572584.jpg,1.0,180,60,False,0,2026-08-31T13:59:29.234241Z,0.0,"[{'offset': 0, 'projected_percent': '0.0', 'likelihood': 0}, {'offset': 1, 'projected_percent': '0.0', 'likelihood': 0}, {'offset': 2, 'projected_percent': '0.0', 'likelihood': 0}]",0,0,54,False,0,0.0,,[],Ouattara,1.0,194,74,False,None,0,0.0,a,0,12,40,2026-08-17,0.0,246,99,1,2566,2566,5011,5011,0.2,0.2,Ouattara,0
0,2003-10-30,0,0,True,True,None,None,0,0,0,524180,None,,0,0,0,0,0.0,401,157,0,0,None,,0,3,1.0,1.0,0,0.00,0,0.00,0,0.00,0.00,0,0,Cameron,0.0,406,154,0,0,0,False,0.0,410,154,602,False,0.0,394,147,,0,,None,45,503,255,p524180,0,0,None,0,,524180.jpg,0.0,406,154,False,0,2026-09-04T19:31:08.856600Z,0.0,"[{'offset': 0, 'projected_percent': '0.0', 'likelihood': 0}, {'offset': 1, 'projected_percent': '0.0', 'likelihood': 0}, {'offset': 2, 'projected_percent': '0.0', 'likelihood': 0}]",0,0,241,False,0,0,,[],Humphreys,0.0,529,217,False,None,0,0,a,0,12,40,2021-08-09,0.0,339,115,0,1172,1172,304,304,0.0,0.0,Humphreys,0
0,1997-03-22,0,8,True,True,None,None,1,1.38,0,153682,2,,0,0,0,0,15.3,79,50,2,2.77,None,,0,3,2.3,2.3,3,0.02,0.03,0.02,0.03,0.00,0.53,0.73,0.0,Harry,3.0,106,48,0,0.0,0,False,2.6,150,68,260,False,6.2,199,80,,65,,None,65,34,22,p153682,0,0,None,0,,153682.jpg,3.0,106,48,False,-449,None,-25.7,"[{'offset': 0, 'projected_percent': '-25.7', 'likelihood': -2}, {'offset': 1, 'projected_percent': '-43.6', 'likelihood': -3}, {'offset': 2, 'projected_percent': '-55.1', 'likelihood': -3}]",0,0,244,False,0,0.0,,[],Wilson,5.7,66,22,False,None,1,1.38,a,2,13,2,2026-07-08,4.0,143,72,3,13222,13222,48177,48177,0.5,0.5,Wilson,0
0,1997-12-10,0,0,True,True,None,None,0,0,0,201595,None,,0,0,0,0,0.0,357,32,0,0,None,,0,1,1.9,1.9,0,0.00,0,0.00,0,0.00,0.00,0,0,Lucas Estella,0.0,366,50,0,0,0,False,0.0,370,50,326,False,0.0,353,50,Lucas Perri,0,,None,45,436,33,p201595,0,0,None,0,,201595.jpg,0.0,366,50,False,-45,None,-35.6,"[{'offset': 0, 'projected_percent': '-35.6', 'likelihood': -2}, {'offset': 1, 'projected_percent': '-53.7', 'likelihood': -3}, {'offset': 2, 'projected_percent': '-65.4', 'likelihood': -3}]",0,0,30,False,0,0,,[],Perri,0.6,242,33,False,None,0,0,a,0,13,2,2025-07-26,0.0,285,32,0,300,300,4477,4477,0.0,0.0,Perri,0
0,1999-02-05,2,28,True,True,None,None,1,1.0,11,434752,None,,0,0,0,0,0.4,254,92,12,12.0,None,,0,2,2.2,2.2,10,0.00,0.0,0.11,0.11,0.11,0.66,0.66,0.11,Jaka,10.0,16,7,0,0.0,0,False,3.9,104,35,327,False,23.6,70,31,,90,,None,50,300,54,p434752,0,0,None,0,,434752.jpg,10.0,16,7,False,292,None,13.8,"[{'offset': 0, 'projected_percent': '13.8', 'likelihood': 1}, {'offset': 1, 'projected_percent': '20.2', 'likelihood': 2}, {'offset': 2, 'projected_percent': '24.3', 'likelihood': 2}]",5,0,195,False,0,0.0,,[],Bijol,0.9,207,77,False,None,1,1.0,a,1,13,2,2025-06-23,15.0,68,18,10,38645,38645,6936,6936,2.0,2.0,Bijol,0
0,1997-10-22,0,21,True,True,None,None,1,1.0,6,214225,None,,0,0,0,0,14.4,86,25,7,7.0,None,,0,2,1.7,1.7,6,0.06,0.06,0.09,0.09,0.03,0.66,0.66,0.03,Joe,6.0,46,19,0,0.0,0,False,3.4,118,43,329,False,14.4,117,54,,90,,None,45,439,101,p214225,0,0,None,0,,214225.jpg,6.0,46,19,False,104,None,2.5,"[{'offset': 0, 'projected_percent': '2.5', 'likelihood': 1}, {'offset': 1, 'projected_percent': '4.7', 'likelihood': 1}, {'offset': 2, 'projected_percent': '6.2', 'likelihood': 1}]",1,0,244,False,0,0.0,,[],Rodon,3.6,91,36,False,None,1,1.0,a,1,13,2,2024-07-02,5.0,122,38,6,17619,17619,10385,10385,1.3,1.3,Rodon,0
0,2000-07-27,0,24,True,True,None,None,1,1.0,2,226182,None,,0,0,0,0,1.1,219,73,3,3.0,None,,0,2,1.7,1.7,6,0.00,0.0,0.00,0.0,0.00,0.66,0.66,0.0,Jayden,6.0,48,21,0,0.0,0,False,0.8,243,93,330,False,7.0,189,84,,90,,None,45,448,109,p226182,0,0,None,0,,226182.jpg,6.0,48,21,False,7,None,1.4,"[{'offset': 0, 'projected_percent': '1.4', 'likelihood': 1}, {'offset': 1, 'projected_percent': '1.5', 'likelihood': 1}, {'offset': 2, 'projected_percent': '1.6', 'likelihood': 1}]",3,0,241,False,0,0.0,,[],Bogle,0.6,245,92,False,None,1,1.0,a,1,13,2,2024-07-20,0.0,293,127,6,5303,5303,2559,2559,1.3,1.3,Bogle,0
0,1999-04-29,0,0,True,True,0,0,0,0,0,243526,None,,0,0,0,0,0.0,372,157,0,0,None,,0,2,0.0,0.0,0,0.00,0,0.00,0,0.00,0.00,0,0,Gabriel,0.0,381,149,0,0,0,False,0.0,384,154,331,False,0.0,367,153,,0,Hamstring injury - Unknown return date,2026-08-08T20:00:07.546568Z,45,460,117,p243526,0,0,None,0,,243526.jpg,0.0,381,149,False,-8,None,-37.4,"[{'offset': 0, 'projected_percent': '-37.4', 'likelihood': -2}, {'offset': 1, 'projected_percent': '-52.1', 'likelihood': -3}, {'offset': 2, 'projected_percent': '-61.6', 'likelihood': -3}]",0,0,206,False,0,0,https://www.leedsunited.com/en/news/daniel-farke-gives-fitness-update-ahead-of-forest-clash?utm_source=premier-league-web&utm_medium=referral&utm_campaign=pl-referral-always-on&utm_content=injuries-flag&utm_term=injury-news,[],Gudmundsson,0.0,494,173,False,None,0,0,i,0,13,2,2025-07-08,0.0,303,133,0,57,57,909,909,0.0,0.0,Gudmundsson,0
0,1998-02-23,2,28,True,True,None,None,1,1.0,6,220627,None,,0,0,0,0,2.3,177,53,12,12.0,None,,0,2,1.7,1.7,10,0.01,0.01,0.01,0.01,0.00,0.66,0.66,0.0,James,10.0,14,6,0,0.0,0,False,2.9,134,52,332,False,24.6,66,28,,90,,None,45,443,105,p220627,0,0,None,0,,220627.jpg,10.0,14,6,False,317,None,10.4,"[{'offset': 0, 'projected_percent': '10.4', 'likelihood': 1}, {'offset': 1, 'projected_percent': '17.3', 'likelihood': 1}, {'offset': 2, 'projected_percent': '21.8', 'likelihood': 2}]",4,0,241,False,0,0.0,,[],Justin,1.1,183,72,False,None,1,1.0,a,6,13,2,2025-08-25,2.0,159,55,10,35600,35600,7720,7720,2.2,2.2,Justin,0
0,1999-03-22,0,0,False,True,0,0,0,0,0,437738,None,,0,0,0,0,0.0,376,160,0,0,None,,0,2,0.0,0.0,0,0.00,0,0.00,0,0.00,0.00,0,0,Sebastiaan,0.0,386,153,0,0,0,False,0.0,389,158,333,False,0.0,372,157,,0,Has joined Hamburg SV on loan for the rest of the season,2026-08-19T13:56:14.645970Z,45,468,124,p437738,0,0,None,0,,437738.jpg,0.0,386,153,False,0,None,0.0,"[{'offset': 0, 'projected_percent': '0.0', 'likelihood': 0}, {'offset': 1, 'projected_percent': '0.0', 'likelihood': 0}, {'offset': 2, 'projected_percent': '0.0', 'likelihood': 0}]",0,0,21,False,0,0,,[],Bornauw,0.0,603,202,False,None,0,0,u,0,13,2,2025-07-01,0.0,309,138,0,0,0,152,152,0.0,0.0,Bornauw,0
0,2003-02-28,0,25,True,True,None,None,1,1.0,7,522047,None,,0,0,0,0,0.6,241,87,7,7.0,None,,0,2,2.2,2.2,6,0.00,0.0,0.09,0.09,0.09,0.66,0.66,0.09,Tarik,6.0,53,22,0,0.0,0,False,3.3,123,46,334,False,15.6,108,48,,90,,None,50,357,72,p522047,0,0,None,0,,522047.jpg,6.0,53,22,False,15,None,4.3,"[{'offset': 0, 'projected_percent': '4.3', 'likelihood': 1}, {'offset': 1, 'projected_percent': '4.7', 'likelihood': 1}, {'offset': 2, 'projected_percent': '4.9', 'likelihood': 1}]",1,0,27,False,0,0.0,,[],Muharemović,3.4,99,42,False,None,1,1.0,a,0,13,2,2026-07-17,17.0,56,15,6,19078,19078,9770,9770,1.2,1.2,Muharemović,0
0,1998-11-15,3,37,True,True,None,None,1,1.0,8,466525,1,,0,0,0,0,2.3,179,105,16,16.0,1,,1,3,2.2,2.2,13,0.05,0.05,0.15,0.15,0.10,0.66,0.66,0.1,Anton,13.0,7,3,0,0.0,1,False,6.6,47,29,335,True,47.8,10,7,,90,,None,60,91,58,p466525,0,0,None,0,,466525.jpg,13.0,7,3,False,792,None,24.1,"[{'offset': 0, 'projected_percent': '24.1', 'likelihood': 2}, {'offset': 1, 'projected_percent': '41.4', 'likelihood': 3}, {'offset': 2, 'projected_percent': '52.6', 'likelihood': 3}]",5,0,80,False,0,0.0,,[],Stach,2.3,126,39,False,None,1,1.0,a,3,13,2,2025-07-22,16.0,65,35,13,65378,65378,11481,11481,2.2,2.2,Stach,0
0,2000-05-24,0,10,True,True,None,None,0,0.0,1,435997,None,,0,0,0,0,14.0,89,57,5,18.75,None,,0,3,2.2,2.2,1,0.16,0.6,0.16,0.6,0.00,0.13,0.49,0.0,Noah,1.0,278,129,0,0.0,0,False,2.8,141,63,336,False,10.0,164,61,,24,,None,60,79,51,p435997,0,0,None,0,,435997.jpg,1.0,278,129,False,-86,None,-73.5,"[{'offset': 0, 'projected_percent': '-73.5', 'likelihood': -3}, {'offset': 1, 'projected_percent': '-119.4', 'likelihood': -5}, {'offset': 2, 'projected_percent': '-148.8', 'likelihood': -5}]",2,0,207,False,0,0.0,,[],Okafor,0.4,271,87,False,None,0,0.0,a,2,13,2,2025-08-21,4.0,140,70,1,1169,1169,7548,7548,0.2,0.2,Okafor,0
0,2000-10-22,0,16,True,True,None,None,1,1.11,0,427637,None,,0,0,0,0,1.1,221,123,7,7.78,3,,0,3,2.0,2.0,3,0.01,0.01,0.02,0.02,0.01,0.58,0.64,0.01,Brenden,3.0,97,40,0,0.0,0,False,1.6,203,91,337,False,8.0,179,70,,81,,None,55,157,97,p427637,0,0,None,0,,427637.jpg,3.0,97,40,False,-47,None,-21.6,"[{'offset': 0, 'projected_percent': '-21.6', 'likelihood': -2}, {'offset': 1, 'projected_percent': '-33.9', 'likelihood': -2}, {'offset': 2, 'projected_percent': '-41.8', 'likelihood': -3}]",6,0,229,False,0,0.0,,[],Aaronson,0.9,210,70,False,None,1,1.11,a,1,13,2,2022-07-01,7.0,109,56,3,2211,2211,7022,7022,0.5,0.5,Aaronson,0
0,2000-09-14,0,18,True,True,None,None,1,1.0,6,199598,None,,0,0,0,0,23.3,51,33,13,13.0,None,,0,3,2.0,2.0,5,0.04,0.04,0.04,0.04,0.00,0.66,0.66,0.0,Ethan,5.0,69,28,0,0.0,0,False,4.2,97,50,338,False,18.6,91,31,,90,,None,55,133,82,p199598,0,0,None,0,,199598.jpg,5.0,69,28,False,-16,None,-11.1,"[{'offset': 0, 'projected_percent': '-11.1', 'likelihood': -1}, {'offset': 1, 'projected_percent': '-13.8', 'likelihood': -1}, {'offset': 2, 'projected_percent': '-15.5', 'likelihood': -1}]",5,0,244,False,0,0.0,,[],Ampadu,1.4,167,50,False,None,1,1.0,a,2,13,2,2023-07-19,0.0,524,212,5,3829,3829,8159,8159,0.9,0.9,Ampadu,0
0,1997-10-30,0,3,True,True,None,None,0,0.0,0,180135,3,,0,0,0,0,0.2,268,142,0,0.0,2,,0,3,1.5,1.5,1,0.00,0.0,0.00,0.0,0.00,0.07,0.79,0.0,Sean,1.0,211,90,0,0.0,0,False,0.0,465,179,339,False,0.0,449,172,,8,,None,50,253,153,p180135,0,0,None,0,,180135.jpg,1.0,211,90,False,-7,None,-30.6,"[{'offset': 0, 'projected_percent': '-30.6', 'likelihood': -2}, {'offset': 1, 'projected_percent': '-43.5', 'likelihood': -3}, {'offset': 2, 'projected_percent': '-51.8', 'likelihood': -3}]",0,0,241,False,0,0.0,,[],Longstaff,0.1,396,154,False,None,0,0.0,a,0,13,2,2025-07-18,0.0,400,143,1,521,521,1434,1434,0.2,0.2,Longstaff,0
0,2003-11-05,0,0,True,True,0,0,0,0,0,492859,None,,0,0,0,0,0.0,512,210,0,0,None,,0,3,0.0,0.0,0,0.00,0,0.00,0,0.00,0.00,0,0,Wilfried,0.0,512,209,0,0,0,False,0.0,516,208,341,False,0.0,500,201,,0,Hamstring injury - Unknown return date,2026-08-17T20:30:08.092366Z,50,338,196,p492859,0,0,None,0,,492859.jpg,0.0,512,209,False,-4,None,-78.8,"[{'offset': 0, 'projected_percent': '-78.8', 'likelihood': -3}, {'offset': 1, 'projected_percent': '-99.5', 'likelihood': -4}, {'offset': 2, 'projected_percent': '-112.8', 'likelihood': -5}]",0,0,106,False,0,0,https://www.leedsunited.com/en/news/daniel-farke-gives-fitness-update-ahead-of-forest-clash?utm_source=premier-league-web&utm_medium=referral&utm_campaign=pl-referral-always-on&utm_content=injuries-flag&utm_term=injury-news,[],Gnonto,0.0,564,235,False,None,0,0,i,0,13,2,2022-09-01,0.0,469,177,0,15,15,649,649,0.0,0.0,Gnonto,0
0,1996-11-20,0,0,False,True,0,0,0,0,0,221399,None,,0,0,0,0,0.0,467,187,0,0,None,,0,3,0.0,0.0,0,0.00,0,0.00,0,0.00,0.00,0,0,Jack,0.0,466,184,0,0,0,False,0.0,474,185,342,False,0.0,458,178,,0,Has joined New England Revolution permanently,2026-07-28T12:59:09.492431Z,50,276,167,p221399,0,0,None,0,,221399.jpg,0.0,466,184,False,0,None,0.0,"[{'offset': 0, 'projected_percent': '0.0', 'likelihood': 0}, {'offset': 1, 'projected_percent': '0.0', 'likelihood': 0}, {'offset': 2, 'projected_percent': '0.0', 'likelihood': 0}]",0,0,241,False,0,0,,[],Harrison,0.0,615,270,False,None,0,0,u,0,13,2,2021-07-02,0.0,415,151,0,0,0,35,35,0.0,0.0,Harrison,0
0,1997-11-10,0,0,True,True,None,None,0,0,0,200617,None,,0,0,0,0,0.0,459,183,0,0,None,,0,3,1.5,1.5,0,0.00,0,0.00,0,0.00,0.00,0,0,Daniel,0.0,460,180,0,0,0,False,0.0,467,181,343,False,0.0,451,174,,0,,None,50,256,156,p200617,0,0,None,0,,200617.jpg,0.0,460,180,False,-4,None,-28.1,"[{'offset': 0, 'projected_percent': '-28.1', 'likelihood': -2}, {'offset': 1, 'projected_percent': '-35.8', 'likelihood': -2}, {'offset': 2, 'projected_percent': '-40.7', 'likelihood': -3}]",0,0,244,False,0,0,,[],James,0.1,403,159,False,None,0,0,a,0,13,2,2021-08-31,0.0,402,145,0,721,721,1528,1528,0.0,0.0,James,0
0,2000-05-06,0,0,True,True,0,0,0,0,0,486520,None,,0,0,0,0,0.0,503,204,0,0,None,,0,3,0.0,0.0,0,0.00,0,0.00,0,0.00,0.00,0,0,Ilia,0.0,503,203,0,0,0,False,0.0,507,202,344,False,0.0,491,195,,0,Knee injury - Unknown return date,2026-08-14T23:00:06.272027Z,50,328,190,p486520,0,0,None,0,,486520.jpg,0.0,503,203,False,0,None,-60.8,"[{'offset': 0, 'projected_percent': '-60.8', 'likelihood': -3}, {'offset': 1, 'projected_percent': '-60.8', 'likelihood': -3}, {'offset': 2, 'projected_percent': '-60.8', 'likelihood': -3}]",0,0,34,False,0,0,,[],Gruev,0.0,601,261,False,None,0,0,i,0,13,2,2023-08-31,0.0,459,171,0,7,7,123,123,0.0,0.0,Gruev,0
0,1998-09-10,0,0,True,True,None,None,0,0,0,248056,4,,0,0,0,0,0.0,480,193,0,0,None,,0,3,1.5,1.5,0,0.00,0,0.00,0,0.00,0.00,0,0,Tanaka,0.0,482,192,0,0,0,False,0.0,487,191,345,False,0.0,471,184,,0,,None,50,294,176,p248056,0,0,None,0,,248056.jpg,0.0,482,192,False,-21,None,-64.0,"[{'offset': 0, 'projected_percent': '-64.0', 'likelihood': -3}, {'offset': 1, 'projected_percent': '-85.7', 'likelihood': -3}, {'offset': 2, 'projected_percent': '-99.7', 'likelihood': -4}]",0,0,108,False,0,0,,[],Ao,0.2,331,118,False,None,0,0,a,0,13,2,2024-08-30,0.0,431,158,0,819,819,3742,3742,0.0,0.0,Tanaka,0
0,1997-03-16,0,-2,True,True,None,None,1,1.0,0,177815,None,,0,0,0,0,0.8,233,27,2,2.0,None,,0,4,2.0,2.0,1,0.00,0.0,0.13,0.13,0.13,0.66,0.66,0.13,Dominic,1.0,273,32,0,0.0,0,False,0.7,249,25,346,False,0.0,580,61,,90,,None,60,63,16,p177815,0,0,1,0,,177815.jpg,1.0,273,32,False,-1196,None,-10.7,"[{'offset': 0, 'projected_percent': '-10.7', 'likelihood': -1}, {'offset': 1, 'projected_percent': '-20.2', 'likelihood': -2}, {'offset': 2, 'projected_percent': '-26.3', 'likelihood': -2}]",2,0,241,False,0,0.0,,[],Calvert-Lewin,28.8,9,3,False,None,1,1.0,a,0,13,2,2025-08-15,11.0,84,15,1,71372,71372,155267,155267,0.2,0.2,Calvert-Lewin,1
0,1998-12-14,0,0,True,True,None,None,0,0,0,174594,None,,0,0,0,0,0.0,547,55,0,0,None,,0,4,1.8,1.8,0,0.00,0,0.00,0,0.00,0.00,0,0,Lukas,0.0,542,57,0,0,0,False,0.0,548,56,347,False,0.0,532,47,,0,,None,55,126,33,p174594,0,0,2,0,,174594.jpg,0.0,542,57,False,-57,None,-60.3,"[{'offset': 0, 'projected_percent': '-60.3', 'likelihood': -3}, {'offset': 1, 'projected_percent': '-84.8', 'likelihood': -3}, {'offset': 2, 'projected_percent': '-100.6', 'likelihood': -5}]",0,0,80,False,0,0,,[],Nmecha,0.5,250,41,False,None,0,0,a,0,13,2,2025-07-01,0.0,518,54,0,1704,1704,8145,8145,0.0,0.0,Nmecha,0
0,1999-08-02,0,0,False,True,0,0,0,0,0,235826,None,,0,0,0,0,0.0,476,45,0,0,None,,0,4,0.0,0.0,0,0.00,0,0.00,0,0.00,0.00,0,0,Joël,0.0,478,47,0,0,0,False,0.0,483,46,348,False,0.0,467,37,,0,Has joined West Ham United on loan for the rest of the season,2026-08-19T13:56:14.666726Z,50,290,53,p235826,0,0,3,0,,235826.jpg,0.0,478,47,False,-28,None,0.0,"[{'offset': 0, 'projected_percent': '0.0', 'likelihood': 0}, {'offset': 1, 'projected_percent': '0.0', 'likelihood': 0}, {'offset': 2, 'projected_percent': '0.0', 'likelihood': 0}]",0,0,203,False,0,0,,[],Piroe,0.1,401,59,False,None,0,0,u,0,13,2,2023-08-24,0.0,427,44,0,0,0,5012,5012,0.0,0.0,Piroe,0
0,2003-10-19,0,0,True,True,0,0,0,0,0,565297,None,,0,0,0,0,0.0,411,37,0,0,None,,0,4,0.0,0.0,0,0.00,0,0.00,0,0.00,0.00,0,0,Mateo,0.0,416,40,0,0,0,False,0.0,421,39,349,False,0.0,405,30,,0,Knee injury - Unknown return date,2026-07-29T18:00:10.338170Z,45,515,68,p565297,0,0,None,0,,565297.jpg,0.0,416,40,False,-2,None,-19.6,"[{'offset': 0, 'projected_percent': '-19.6', 'likelihood': -1}, {'offset': 1, 'projected_percent': '-22.1', 'likelihood': -2}, {'offset': 2, 'projected_percent': '-23.6', 'likelihood': -2}]",0,0,200,False,0,0,,[],Joseph Fernández-Regatillo,0.1,476,63,False,None,0,0,i,0,13,2,2022-11-04,0.0,350,36,0,292,292,948,948,0.0,0.0,Mateo Joseph,0
0,2002-10-10,2,28,True,True,None,None,1,1.0,0,432720,None,,0,0,0,0,0.0,482,57,0,0.0,None,,0,1,2.6,2.6,9,0.00,0.0,0.00,0.0,0.00,0.66,0.66,0.0,James,9.0,21,2,0,0.0,0,False,1.9,185,13,385,False,19.4,87,13,,90,,None,50,298,14,p432720,0,0,None,0,,432720.jpg,9.0,21,2,False,258,None,15.8,"[{'offset': 0, 'projected_percent': '15.8', 'likelihood': 1}, {'offset': 1, 'projected_percent': '21.5', 'likelihood': 2}, {'offset': 2, 'projected_percent': '25.1', 'likelihood': 2}]",9,0,241,False,3,3.0,,[],Trafford,4.2,76,10,False,None,1,1.0,a,0,13,2,2026-08-06,0.0,435,57,9,56144,56144,12682,12682,1.8,1.8,Trafford,0
0,1996-09-30,0,0,True,True,None,None,0,0,0,173774,None,,0,0,0,0,0.0,353,145,0,0,None,,0,2,1.7,1.7,0,0.00,0,0.00,0,0.00,0.00,0,0,Nico,0.0,362,136,0,0,0,False,0.0,366,142,598,False,0.0,349,141,,0,,None,45,428,93,p173774,0,0,None,0,,173774.jpg,0.0,362,136,False,0,2026-09-02T14:01:33.181261Z,0.0,"[{'offset': 0, 'projected_percent': '0.0', 'likelihood': 0}, {'offset': 1, 'projected_percent': '0.0', 'likelihood': 0}, {'offset': 2, 'projected_percent': '0.0', 'likelihood': 0}]",0,0,207,False,0,0,,[],Elvedi,0.0,540,186,False,None,0,0,a,0,13,2,2026-08-19,0.0,279,117,0,314,314,242,242,0.0,0.0,Elvedi,0
0,2008-04-08,0,0,True,True,None,None,0,0,0,643970,None,,0,0,0,0,0.0,333,138,0,0,None,,0,2,1.0,1.0,0,0.00,0,0.00,0,0.00,0.00,0,0,Jayden,0.0,345,130,0,0,0,False,0.0,349,136,603,False,0.0,332,135,,0,,None,40,614,203,p643970,0,0,None,0,,643970.jpg,0.0,345,130,False,0,2026-09-04T19:31:28.542354Z,0.0,"[{'offset': 0, 'projected_percent': '0.0', 'likelihood': 0}, {'offset': 1, 'projected_percent': '0.0', 'likelihood': 0}, {'offset': 2, 'projected_percent': '0.0', 'likelihood': 0}]",0,0,244,False,0,0,,[],Lienou,0.1,456,163,False,None,0,0,a,0,13,2,2026-05-10,0.0,256,108,0,1380,1380,290,290,0.0,0.0,Lienou,0
0,2007-07-15,0,0,True,True,None,None,0,0,0,592740,None,,0,0,0,0,0.0,419,163,0,0,None,,0,3,1.0,1.0,0,0.00,0,0.00,0,0.00,0.00,0,0,Alfie,0.0,424,160,0,0,0,False,0.0,429,160,604,False,0.0,413,153,,0,,None,45,526,262,p592740,0,0,None,0,,592740.jpg,0.0,424,160,False,0,2026-09-04T19:31:41.718342Z,0.0,"[{'offset': 0, 'projected_percent': '0.0', 'likelihood': 0}, {'offset': 1, 'projected_percent': '0.0', 'likelihood': 0}, {'offset': 2, 'projected_percent': '0.0', 'likelihood': 0}]",0,0,241,False,0,0,,[],Cresswell,0.1,462,186,False,None,0,0,a,0,13,2,2026-05-16,0.0,359,121,0,2742,2742,649,649,0.0,0.0,Cresswell,0
0,1992-10-02,0,7,True,True,None,None,0,0.0,2,116535,None,,0,0,0,0,0.0,544,66,0,0.0,None,,0,1,3.3,3.3,2,0.00,0.0,0.00,0.0,0.00,1.58,1.58,0.0,Alisson,2.0,137,15,2,2.0,0,False,1.8,193,14,350,False,17.8,98,14,Alisson Becker,90,,None,55,119,3,p116535,0,0,None,0,,116535.jpg,2.0,137,15,False,129,None,1.3,"[{'offset': 0, 'projected_percent': '1.3', 'likelihood': 1}, {'offset': 1, 'projected_percent': '4.1', 'likelihood': 1}, {'offset': 2, 'projected_percent': '5.9', 'likelihood': 1}]",6,0,30,False,3,3.0,,[],Becker,3.8,88,14,False,None,1,1.0,a,0,14,14,2018-07-19,0.0,514,66,2,21388,21388,18512,18512,0.4,0.4,A.Becker,0
0,2000-09-29,0,0,True,True,None,None,0,0,0,449027,None,,0,0,0,0,0.0,491,60,0,0,None,,0,1,2.6,2.6,0,0.00,0,0.00,0,0.00,0.00,0,0,Giorgi,0.0,492,67,0,0,0,False,0.0,497,67,351,False,0.0,481,67,,0,,None,50,308,17,p449027,0,0,None,0,,449027.jpg,0.0,492,67,False,-8,None,-43.6,"[{'offset': 0, 'projected_percent': '-43.6', 'likelihood': -3}, {'offset': 1, 'projected_percent': '-54.8', 'likelihood': -3}, {'offset': 2, 'projected_percent': '-62.0', 'likelihood': -3}]",0,0,79,False,0,0,,[],Mamardashvili,0.2,377,41,False,None,0,0,a,0,14,14,2024-08-27,0.0,444,60,0,604,604,1883,1883,0.0,0.0,Mamardashvili,0
0,1997-03-04,0,0,True,True,None,None,0,0,0,155503,None,,0,0,0,0,0.0,287,8,0,0,None,,0,1,1.0,1.0,0,0.00,0,0.00,0,0.00,0.00,0,0,Freddie,0.0,303,28,0,0,0,False,0.0,306,28,352,False,0.0,290,28,,0,,None,40,555,56,p155503,0,0,None,0,,155503.jpg,0.0,303,28,False,3,None,-6.2,"[{'offset': 0, 'projected_percent': '-6.2', 'likelihood': -1}, {'offset': 1, 'projected_percent': '-5.6', 'likelihood': -1}, {'offset': 2, 'projected_percent': '-5.2', 'likelihood': -1}]",0,0,241,False,0,0,,[],Woodman,1.1,188,28,False,None,0,0,a,0,14,14,2025-07-01,0.0,205,8,0,2857,2857,4975,4975,0.0,0.0,Woodman,0
0,None,0,0,False,True,0,0,0,0,0,586268,None,,0,0,0,0,0.0,328,20,0,0,None,,0,1,0.0,0.0,0,0.00,0,0.00,0,0.00,0.00,0,0,Armin,0.0,341,40,0,0,0,False,0.0,345,40,353,False,0.0,328,40,,0,Has joined TSV Hartberg on loan for the rest of the season,2026-08-18T14:11:18.638344Z,40,608,68,p586268,0,0,None,0,,586268.jpg,0.0,341,40,False,-1,None,0.0,"[{'offset': 0, 'projected_percent': '0.0', 'likelihood': 0}, {'offset': 1, 'projected_percent': '0.0', 'likelihood': 0}, {'offset': 2, 'projected_percent': '0.0', 'likelihood': 0}]",0,0,None,False,0,0,,[],Pecsi,0.0,539,62,False,None,0,0,u,0,14,14,None,0.0,251,20,0,0,0,425,425,0.0,0.0,Pecsi,0
0,2001-07-23,0,0,True,True,0,0,0,0,0,432987,None,,0,0,0,0,0.0,300,13,0,0,None,,0,1,0.0,0.0,0,0.00,0,0.00,0,0.00,0.00,0,0,Vitezslav,0.0,314,33,0,0,0,False,0.0,318,33,354,False,0.0,301,33,,0,Knee injury - Unknown return date,2026-07-29T18:00:10.351066Z,40,574,61,p432987,0,0,None,0,,432987.jpg,0.0,314,33,False,0,None,-1.7,"[{'offset': 0, 'projected_percent': '-1.7', 'likelihood': -1}, {'offset': 1, 'projected_percent': '-1.7', 'likelihood': -1}, {'offset': 2, 'projected_percent': '-1.7', 'likelihood': -1}]",0,0,57,False,0,0,https://www.liverpoolfc.com/news/ajax-issue-vitezslav-jaros-injury-update,[],Jaros,0.0,571,65,False,None,0,0,i,0,14,14,2019-07-10,0.0,220,13,0,135,135,161,161,0.0,0.0,Jaros,0
0,2003-09-03,0,0,True,True,None,None,0,0,0,464353,None,,0,0,0,0,0.0,306,16,0,0,None,,0,1,1.0,1.0,0,0.00,0,0.00,0,0.00,0.00,0,0,Harvey,0.0,319,36,0,0,0,False,0.0,323,36,355,False,0.0,306,36,,0,,None,40,584,64,p464353,0,0,None,0,,464353.jpg,0.0,319,36,False,1,None,-0.5,"[{'offset': 0, 'projected_percent': '-0.5', 'likelihood': -1}, {'offset': 1, 'projected_percent': '0.0', 'likelihood': 0}, {'offset': 2, 'projected_percent': '0.0', 'likelihood': 0}]",0,0,241,False,0,0,,[],Davies,0.1,386,42,False,None,0,0,a,0,14,14,2021-03-09,0.0,227,16,0,582,582,639,639,0.0,0.0,Davies,0
0,1991-07-08,0,8,True,True,None,None,0,0.0,9,97032,None,,0,0,0,0,1.6,196,61,11,11.0,None,,0,2,3.1,3.1,2,0.01,0.01,0.26,0.26,0.25,1.58,1.58,0.25,Virgil,2.0,161,51,2,2.0,0,False,5.1,73,24,356,False,25.6,63,25,,90,,None,65,32,2,p97032,0,0,None,0,,97032.jpg,2.0,161,51,False,47,None,1.4,"[{'offset': 0, 'projected_percent': '1.4', 'likelihood': 1}, {'offset': 1, 'projected_percent': '2.5', 'likelihood': 1}, {'offset': 2, 'projected_percent': '3.2', 'likelihood': 1}]",6,0,152,False,0,0.0,,[],van Dijk,19.6,17,5,False,None,1,1.0,a,2,14,14,2018-01-01,24.0,40,8,2,65334,65334,68889,68889,0.3,0.3,Virgil,1
0,2000-12-10,0,3,True,True,None,None,0,0.0,1,216094,None,,0,0,0,0,37.8,19,4,2,2.0,None,,0,2,2.5,2.5,0,0.09,0.09,0.10,0.1,0.01,1.58,1.58,0.01,Jeremie,0.0,552,194,2,2.0,0,False,6.1,53,14,357,False,13.6,131,60,,90,,None,55,144,16,p216094,0,0,None,0,,216094.jpg,0.0,552,194,False,-20,None,-9.4,"[{'offset': 0, 'projected_percent': '-9.4', 'likelihood': -1}, {'offset': 1, 'projected_percent': '-10.7', 'likelihood': -1}, {'offset': 2, 'projected_percent': '-11.6', 'likelihood': -1}]",3,0,152,False,0,0.0,,[],Frimpong,3.4,97,40,False,None,1,1.0,a,1,14,14,2025-06-01,10.0,87,29,0,20817,20817,29607,29607,0.0,0.0,Frimpong,1
0,2003-11-07,0,3,True,True,None,None,0,0.0,4,544877,None,,0,0,0,0,13.8,94,28,7,7.0,None,,0,2,2.5,2.5,0,0.02,0.02,0.04,0.04,0.02,1.58,1.58,0.02,Milos,0.0,574,199,2,2.0,0,False,4.4,93,32,358,False,18.0,96,41,,90,,None,55,204,29,p544877,0,0,None,0,,544877.jpg,0.0,574,199,False,-77,None,-20.4,"[{'offset': 0, 'projected_percent': '-20.4', 'likelihood': -2}, {'offset': 1, 'projected_percent': '-25.3', 'likelihood': -2}, {'offset': 2, 'projected_percent': '-28.5', 'likelihood': -2}]",3,0,98,False,0,0.0,,[],Kerkez,3.5,93,37,False,None,1,1.0,a,3,14,14,2025-06-26,12.0,79,23,0,13361,13361,30007,30007,0.0,0.0,Kerkez,1
0,1997-05-23,0,0,True,True,0,0,0,0,0,171287,None,,0,0,0,0,0.0,454,179,0,0,None,,0,2,0.0,0.0,0,0.00,0,0.00,0,0.00,0.00,0,0,Joe,0.0,456,171,0,0,0,False,0.0,462,178,359,False,0.0,446,178,,0,Muscular injury - Unknown return date,2026-07-26T08:30:10.078473Z,50,249,40,p171287,0,0,None,0,,171287.jpg,0.0,456,171,False,0,None,-37.7,"[{'offset': 0, 'projected_percent': '-37.7', 'likelihood': -2}, {'offset': 1, 'projected_percent': '-37.7', 'likelihood': -2}, {'offset': 2, 'projected_percent': '-37.7', 'likelihood': -2}]",0,0,241,False,0,0,https://www.liverpoolfc.com/news/andoni-iraola-pre-season-win-over-sunderland-it-will-give-us-good-starting-point,[],Gomez,0.0,560,194,False,None,0,0,i,0,14,14,2015-06-20,0.0,396,162,0,68,68,385,385,0.0,0.0,Gomez,0
0,2003-07-09,0,0,True,True,0,0,0,0,0,492777,None,,0,0,0,0,0.0,511,193,0,0,None,,0,2,0.0,0.0,0,0.00,0,0.00,0,0.00,0.00,0,0,Conor,0.0,511,187,0,0,0,False,0.0,515,193,360,False,0.0,499,193,,0,Knee injury - Unknown return date,2026-07-23T12:01:23.565711Z,50,337,68,p492777,0,0,None,0,,492777.jpg,0.0,511,187,False,0,None,-25.3,"[{'offset': 0, 'projected_percent': '-25.3', 'likelihood': -2}, {'offset': 1, 'projected_percent': '-25.3', 'likelihood': -2}, {'offset': 2, 'projected_percent': '-25.3', 'likelihood': -2}]",0,0,242,False,0,0,,[],Bradley,0.0,585,200,False,None,0,0,i,0,14,14,2023-09-25,0.0,468,184,0,71,71,206,206,0.0,0.0,Bradley,0
0,None,0,0,True,True,None,None,0,0,0,519440,None,,0,0,0,0,0.0,316,122,0,0,None,,0,2,1.0,1.0,0,0.00,0,0.00,0,0.00,0.00,0,0,Wellity,0.0,329,115,0,0,0,False,0.0,333,121,361,False,0.0,316,120,,0,,None,40,594,184,p519440,0,0,None,0,,519440.jpg,0.0,329,115,False,-3,None,-12.3,"[{'offset': 0, 'projected_percent': '-12.3', 'likelihood': -1}, {'offset': 1, 'projected_percent': '-17.0', 'likelihood': -1}, {'offset': 2, 'projected_percent': '-20.0', 'likelihood': -2}]",0,0,None,False,0,0,,[],Lucky,0.1,402,142,False,None,0,0,a,0,14,14,None,0.0,237,90,0,556,556,1020,1020,0.0,0.0,Lucky,0
0,2005-07-13,0,9,True,True,100,100,0,0.0,2,606702,None,,0,0,0,0,11.9,107,32,3,3.91,None,,0,2,2.2,2.2,1,0.02,0.03,0.02,0.03,0.00,1.04,1.36,0.0,Jeremy,1.0,234,91,2,2.61,0,False,2.4,156,60,362,False,12.4,140,65,,69,,2026-07-23T12:01:23.581126Z,50,381,75,p606702,0,0,None,0,,606702.jpg,1.0,234,91,False,41,None,3.1,"[{'offset': 0, 'projected_percent': '3.1', 'likelihood': 1}, {'offset': 1, 'projected_percent': '4.0', 'likelihood': 1}, {'offset': 2, 'projected_percent': '4.5', 'likelihood': 1}]",3,0,73,False,0,0.0,,[],Jacquet,2.4,120,47,False,None,1,1.3,a,1,14,14,2026-07-01,0.0,495,188,1,19859,19859,15950,15950,0.2,0.2,Jacquet,0
0,2006-12-21,0,0,True,True,0,0,0,0,0,647681,None,,0,0,0,0,0.0,334,139,0,0,None,,0,2,0.0,0.0,0,0.00,0,0.00,0,0.00,0.00,0,0,Giovanni,0.0,346,131,0,0,0,False,0.0,350,137,363,False,0.0,333,136,,0,Knee injury - Unknown return date,2026-07-23T12:01:23.596909Z,40,615,204,p647681,0,0,None,0,,647681.jpg,0.0,346,131,False,0,None,-12.4,"[{'offset': 0, 'projected_percent': '-12.4', 'likelihood': -1}, {'offset': 1, 'projected_percent': '-12.4', 'likelihood': -1}, {'offset': 2, 'projected_percent': '-12.4', 'likelihood': -1}]",0,0,106,False,0,0,https://www.liverpoolfc.com/news/liverpools-injury-list-suspensions-and-availability?utm_source=premier-league-web&utm_medium=referral&utm_campaign=pl-referral-always-on&utm_term=injuries&utm_content=club-injury-article,[],Leoni,0.0,503,175,False,None,0,0,i,0,14,14,2025-08-15,0.0,257,109,0,164,164,479,479,0.0,0.0,Leoni,0
0,1996-05-12,0,0,True,True,None,None,0,0,0,214285,None,,0,0,0,0,0.0,464,182,0,0,None,,0,2,2.2,2.2,0,0.00,0,0.00,0,0.00,0.00,0,0,Kostas,0.0,464,174,0,0,0,False,0.0,472,182,364,False,0.0,456,182,,0,,None,50,269,44,p214285,0,0,None,0,,214285.jpg,0.0,464,174,False,-5,None,-35.8,"[{'offset': 0, 'projected_percent': '-35.8', 'likelihood': -2}, {'offset': 1, 'projected_percent': '-50.0', 'likelihood': -3}, {'offset': 2, 'projected_percent': '-59.1', 'likelihood': -3}]",0,0,83,False,0,0,,[],Tsimikas,0.1,450,161,False,None,0,0,a,0,14,14,2020-08-10,0.0,410,166,0,312,312,876,876,0.0,0.0,Tsimikas,0
0,2003-07-31,0,0,False,True,0,None,0,0,0,489580,None,,0,0,0,0,0.0,310,118,0,0,None,,0,2,0.0,1.0,0,0.00,0,0.00,0,0.00,0.00,0,0,Calvin,0.0,323,111,0,0,0,False,0.0,327,117,365,False,0.0,310,116,,0,Has joined St Mirren on loan for the rest of the season,2026-08-26T14:05:26.748768Z,40,588,180,p489580,0,0,None,0,,489580.jpg,0.0,323,111,False,-48,None,0.0,"[{'offset': 0, 'projected_percent': '0.0', 'likelihood': 0}, {'offset': 1, 'projected_percent': '0.0', 'likelihood': 0}, {'offset': 2, 'projected_percent': '0.0', 'likelihood': 0}]",0,0,243,False,0,0,,[],Ramsay,0.2,348,131,False,None,0,0,u,0,14,14,2022-06-19,0.0,231,86,0,638,638,3057,3057,0.0,0.0,Ramsay,0
0,2003-05-03,0,16,True,True,None,None,0,0.0,0,494595,3,,0,0,0,0,17.9,68,42,5,7.26,2,,0,3,2.6,2.6,2,0.04,0.06,0.30,0.44,0.26,0.51,0.74,0.38,Florian,2.0,165,82,2,2.9,0,False,5.7,59,32,366,False,9.8,166,63,,62,,None,75,19,12,p494595,0,0,4,0,,494595.jpg,2.0,165,82,False,-995,None,-32.8,"[{'offset': 0, 'projected_percent': '-32.8', 'likelihood': -2}, {'offset': 1, 'projected_percent': '-52.6', 'likelihood': -3}, {'offset': 2, 'projected_percent': '-65.3', 'likelihood': -3}]",4,0,80,False,0,0.0,,[],Wirtz,11.5,33,11,False,None,1,1.45,a,1,14,14,2025-06-20,29.0,31,17,2,22325,22325,103598,103598,0.3,0.3,Wirtz,0
0,1999-05-07,3,33,True,True,None,None,0,0.0,4,243298,2,,0,0,0,0,34.0,22,17,12,12.0,None,,1,3,2.5,2.5,12,0.15,0.15,0.45,0.45,0.30,1.58,1.58,0.3,Cody,12.0,9,5,2,2.0,1,False,11.5,9,8,367,True,44.0,16,9,,90,,None,70,25,16,p243298,0,0,3,0,,243298.jpg,12.0,9,5,False,1645,None,68.0,"[{'offset': 0, 'projected_percent': '68.0', 'likelihood': 3}, {'offset': 1, 'projected_percent': '104.2', 'likelihood': 5}, {'offset': 2, 'projected_percent': '127.3', 'likelihood': 5}]",5,0,152,False,0,0.0,,[],Gakpo,6.1,64,21,False,None,1,1.0,a,3,14,14,2023-01-01,37.0,18,9,12,173478,173478,23099,23099,1.7,1.7,Gakpo,0
0,2000-10-25,1,29,True,True,None,None,0,0.0,2,424876,1,,0,0,0,0,47.1,8,7,7,7.0,1,,0,3,2.5,2.5,8,0.27,0.27,1.12,1.12,0.85,1.58,1.58,0.85,Dominik,8.0,33,16,2,2.0,1,False,11.9,7,6,368,False,50.4,7,5,,90,,None,70,26,17,p424876,0,0,1,0,,424876.jpg,8.0,33,16,False,1610,None,69.2,"[{'offset': 0, 'projected_percent': '69.2', 'likelihood': 3}, {'offset': 1, 'projected_percent': '104.6', 'likelihood': 5}, {'offset': 2, 'projected_percent': '127.2', 'likelihood': 5}]",4,0,98,False,0,0.0,,[],Szoboszlai,43.2,4,2,False,None,1,1.0,a,1,14,14,2023-07-02,21.0,45,24,8,209021,209021,57828,57828,1.1,1.1,Szoboszlai,0
0,2008-08-29,0,9,True,True,None,None,0,0.0,0,611922,None,,0,0,0,0,6.0,139,83,3,4.35,None,,0,3,2.2,2.2,2,0.02,0.03,0.06,0.09,0.04,0.51,0.74,0.06,Rio,2.0,159,79,2,2.9,0,False,1.3,226,101,369,False,2.4,244,110,,62,,None,60,109,70,p611922,0,0,None,0,,611922.jpg,2.0,159,79,False,-64,None,-32.7,"[{'offset': 0, 'projected_percent': '-32.7', 'likelihood': -2}, {'offset': 1, 'projected_percent': '-45.9', 'likelihood': -3}, {'offset': 2, 'projected_percent': '-54.4', 'likelihood': -3}]",2,0,241,False,0,0.0,,[],Ngumoha,1.1,187,60,False,None,1,1.45,a,1,14,14,2024-12-17,5.0,128,64,2,4873,4873,12863,12863,0.3,0.3,Ngumoha,0
0,1997-10-25,0,0,True,True,0,None,0,0,0,223541,None,,0,0,0,0,0.0,559,237,0,0,None,,0,3,0.0,2.0,0,0.00,0,0.00,0,0.00,0.00,0,0,Federico,0.0,554,234,0,0,0,False,0.0,559,235,370,False,0.0,544,228,,0,Back injury - Unknown return date,2026-08-27T13:30:07.598926Z,55,146,90,p223541,0,0,None,0,,223541.jpg,0.0,554,234,False,-44,None,-36.3,"[{'offset': 0, 'projected_percent': '-36.3', 'likelihood': -2}, {'offset': 1, 'projected_percent': '-66.7', 'likelihood': -3}, {'offset': 2, 'projected_percent': '-86.3', 'likelihood': -3}]",0,0,106,False,0,0,https://www.liverpoolfc.com/news/federico-chiesa-injury-update-0,[],Chiesa,0.1,404,160,False,None,0,0,i,0,14,14,2024-08-29,0.0,534,219,0,582,582,2917,2917,0.0,0.0,Chiesa,0
1,2002-05-16,0,26,True,True,None,None,0,0.0,2,441266,None,,0,0,0,0,16.0,75,46,11,12.86,None,,0,3,2.2,2.2,5,0.05,0.06,0.11,0.13,0.06,1.10,1.29,0.07,Ryan,5.0,72,30,2,2.34,0,False,4.4,94,49,371,False,24.4,68,23,,77,,None,60,83,53,p441266,0,0,None,0,,441266.jpg,5.0,72,30,False,39,None,0.7,"[{'offset': 0, 'projected_percent': '0.7', 'likelihood': 1}, {'offset': 1, 'projected_percent': '1.6', 'likelihood': 1}, {'offset': 2, 'projected_percent': '2.1', 'likelihood': 1}]",8,0,152,False,0,0.0,,[],Gravenberch,2.0,131,40,False,None,1,1.17,a,1,14,14,2023-09-01,4.0,141,71,5,12798,12798,13359,13359,0.8,0.8,Gravenberch,0
0,1998-12-24,0,9,True,True,None,None,0,0.0,0,243016,None,,0,0,0,0,1.4,202,114,3,10.0,None,,0,3,2.0,2.0,1,0.01,0.03,0.01,0.03,0.00,1.07,3.57,0.0,Alexis,1.0,252,115,0,0.0,0,False,0.7,246,109,372,False,5.8,204,82,,27,,None,55,152,94,p243016,0,0,5,0,,243016.jpg,1.0,252,115,False,-95,None,-36.7,"[{'offset': 0, 'projected_percent': '-36.7', 'likelihood': -2}, {'offset': 1, 'projected_percent': '-50.2', 'likelihood': -3}, {'offset': 2, 'projected_percent': '-58.9', 'likelihood': -3}]",1,0,10,False,0,0.0,,[],Mac Allister,1.6,152,45,False,None,0,0.0,a,2,14,14,2023-06-14,0.0,537,222,1,5817,5817,18994,18994,0.2,0.2,Mac Allister,0
0,2001-01-30,0,0,True,True,75,75,0,0,0,206915,None,,0,0,0,0,0.0,555,233,0,0,None,,0,3,1.5,1.5,0,0.00,0,0.00,0,0.00,0.00,0,0,Curtis,0.0,549,230,0,0,0,False,0.0,555,231,373,False,0.0,539,224,,0,Hip injury - 75% chance of playing,2026-08-16T18:30:07.426408Z,55,139,85,p206915,0,0,None,0,,206915.jpg,0.0,549,230,False,-3,None,-77.2,"[{'offset': 0, 'projected_percent': '-77.2', 'likelihood': -3}, {'offset': 1, 'projected_percent': '-87.7', 'likelihood': -3}, {'offset': 2, 'projected_percent': '-94.5', 'likelihood': -3}]",0,0,241,False,0,0,https://www.liverpoolfc.com/news/andoni-iraola-reaction-liverpool-2-3-monaco-fitness-update-anfield-reception-and-more,[],Jones,0.0,507,212,False,None,0,0,d,0,14,14,2018-04-06,0.0,529,215,0,29,29,1033,1033,0.0,0.0,C.Jones,0
0,1993-02-09,0,0,True,True,100,100,0,0,0,158983,None,,0,0,0,0,0.0,453,180,0,0,None,,0,3,1.5,1.5,0,0.00,0,0.00,0,0.00,0.00,0,0,Endo,0.0,455,177,0,0,0,False,0.0,461,177,374,False,0.0,445,170,,0,,2026-07-23T12:01:23.612529Z,50,247,150,p158983,0,0,None,0,,158983.jpg,0.0,455,177,False,-5,None,-30.4,"[{'offset': 0, 'projected_percent': '-30.4', 'likelihood': -2}, {'offset': 1, 'projected_percent': '-46.3', 'likelihood': -3}, {'offset': 2, 'projected_percent': '-56.5', 'likelihood': -3}]",0,0,108,False,0,0,,[],Wataru,0.1,466,189,False,None,0,0,a,0,14,14,2023-08-18,0.0,394,140,0,447,447,894,894,0.0,0.0,Endo,0
0,2007-06-30,0,0,True,True,None,None,0,0,0,591386,None,,0,0,0,0,0.0,533,223,0,0,None,,0,3,1.5,1.5,0,0.00,0,0.00,0,0.00,0.00,0,0,Trey,0.0,532,222,0,0,0,False,0.0,537,222,375,False,0.0,521,215,,0,,None,50,380,226,p591386,0,0,None,0,,591386.jpg,0.0,532,222,False,-3,None,-63.6,"[{'offset': 0, 'projected_percent': '-63.6', 'likelihood': -3}, {'offset': 1, 'projected_percent': '-81.2', 'likelihood': -3}, {'offset': 2, 'projected_percent': '-92.4', 'likelihood': -3}]",0,0,241,False,0,0,,[],Nyoni,0.0,512,214,False,None,0,0,a,0,14,14,2023-11-11,0.0,494,194,0,128,128,613,613,0.0,0.0,Nyoni,0
0,2004-10-22,0,0,True,True,0,0,0,0,0,535928,None,,0,0,0,0,0.0,522,214,0,0,None,,0,3,0.0,0.0,0,0.00,0,0.00,0,0.00,0.00,0,0,Stefan,0.0,521,213,0,0,0,False,0.0,525,212,376,False,0.0,509,205,,0,Hamstring injury - Unknown return date,2026-07-23T12:01:23.628373Z,50,362,211,p535928,0,0,None,0,,535928.jpg,0.0,521,213,False,0,None,-20.0,"[{'offset': 0, 'projected_percent': '-20.0', 'likelihood': -2}, {'offset': 1, 'projected_percent': '-20.0', 'likelihood': -2}, {'offset': 2, 'projected_percent': '-20.0', 'likelihood': -2}]",0,0,200,False,0,0,https://www.liverpoolfc.com/news/liverpools-injury-list-suspensions-and-availability?utm_source=premier-league-web&utm_medium=referral&utm_campaign=pl-referral-always-on&utm_term=injuries&utm_content=club-injury-article,[],Bajčetić Maquieira,0.0,612,268,False,None,0,0,i,0,14,14,2022-07-11,0.0,480,182,0,7,7,27,27,0.0,0.0,Bajcetic,0
1,2003-07-13,0,15,True,True,None,None,0,0.0,0,551499,None,,0,0,0,0,8.9,127,74,0,0.0,None,,0,3,2.3,2.3,4,0.04,0.13,0.14,0.46,0.10,1.07,3.57,0.33,Victor,4.0,81,33,0,0.0,0,False,2.7,146,65,377,False,4.0,226,99,,27,,None,65,50,34,p551499,0,0,None,0,,551499.jpg,4.0,81,33,False,-5,None,0.5,"[{'offset': 0, 'projected_percent': '0.5', 'likelihood': 1}, {'offset': 1, 'projected_percent': '0.4', 'likelihood': 1}, {'offset': 2, 'projected_percent': '0.3', 'likelihood': 1}]",0,0,200,False,0,0.0,,[],Munoz,0.6,240,80,False,None,0,0.0,a,0,14,14,2026-06-18,14.0,74,41,4,5649,5649,5090,5090,0.6,0.6,Munoz,0
0,2004-09-13,0,0,True,True,None,None,0,0,0,491501,None,,0,0,0,0,0.0,388,153,0,0,None,,0,3,1.0,1.0,0,0.00,0,0.00,0,0.00,0.00,0,0,James,0.0,393,150,0,0,0,False,0.0,397,150,378,False,0.0,381,143,,0,,None,45,489,251,p491501,0,0,None,0,,491501.jpg,0.0,393,150,False,-10,None,-27.7,"[{'offset': 0, 'projected_percent': '-27.7', 'likelihood': -2}, {'offset': 1, 'projected_percent': '-36.9', 'likelihood': -2}, {'offset': 2, 'projected_percent': '-42.7', 'likelihood': -3}]",0,0,241,False,0,0,,[],McConnell,0.3,313,108,False,None,0,0,a,0,14,14,2023-07-18,0.0,325,111,0,848,848,2592,2592,0.0,0.0,McConnell,0
0,1999-09-21,0,6,True,True,None,None,0,0.0,1,219168,None,,0,0,0,0,14.6,85,7,1,1.0,None,,0,4,2.7,2.7,2,0.01,0.01,1.10,1.1,1.09,1.58,1.58,1.09,Alexander,2.0,170,17,2,2.0,0,False,9.2,19,4,379,False,11.4,153,11,,90,,None,90,5,2,p219168,0,0,2,0,,219168.jpg,2.0,170,17,False,-43,None,-6.5,"[{'offset': 0, 'projected_percent': '-6.5', 'likelihood': -1}, {'offset': 1, 'projected_percent': '-7.1', 'likelihood': -1}, {'offset': 2, 'projected_percent': '-7.5', 'likelihood': -1}]",0,0,206,False,0,0.0,,[],Isak,16.5,24,5,False,None,1,1.0,a,0,14,14,2025-09-01,66.0,1,1,2,60788,60788,86408,86408,0.2,0.2,Isak,0
0,2002-06-20,0,0,True,True,0,0,0,0,0,510663,None,,0,0,0,0,0.0,614,72,0,0,None,,0,4,0.0,0.0,0,0.00,0,0.00,0,0.00,0.00,0,0,Hugo,0.0,610,71,0,0,0,False,0.0,614,72,380,False,0.0,613,72,,0,Achilles injury - Unknown return date,2026-07-23T12:01:23.643771Z,75,20,7,p510663,0,0,None,0,,510663.jpg,0.0,610,71,False,-12,None,-40.1,"[{'offset': 0, 'projected_percent': '-40.1', 'likelihood': -3}, {'offset': 1, 'projected_percent': '-46.9', 'likelihood': -3}, {'offset': 2, 'projected_percent': '-51.2', 'likelihood': -3}]",0,0,73,False,0,0,https://www.liverpoolfc.com/news/lfc-fitness-update-bajcetic-bradley-ekitike-endo-and-leoni?utm_source=premier-league-web&utm_medium=referral&utm_campaign=pl-referral-always-on&utm_content=injuries-flag&utm_term=injury-news,[],Ekitiké,0.1,380,56,False,None,0,0,i,0,14,14,2025-07-23,0.0,614,72,0,670,670,3561,3561,0.0,0.0,Ekitiké,0
0,2005-09-19,0,4,True,True,None,None,0,0.0,0,514514,None,,0,0,0,0,0.5,250,133,1,7.5,None,,0,3,1.5,1.5,1,0.00,0.0,0.03,0.22,0.03,0.48,3.6,0.22,Lewis,1.0,228,99,0,0.0,0,False,0.9,236,107,381,False,1.2,262,121,,12,,None,50,355,206,p514514,0,0,None,0,,514514.jpg,1.0,228,99,False,-5,None,-4.6,"[{'offset': 0, 'projected_percent': '-4.6', 'likelihood': -1}, {'offset': 1, 'projected_percent': '-60.9', 'likelihood': -3}, {'offset': 2, 'projected_percent': '-97.1', 'likelihood': -4}]",1,0,244,False,0,0.0,,[],Koumas,0.0,547,228,False,None,0,0.0,a,0,14,14,2026-08-22,7.0,106,54,1,139,139,182,182,0.2,0.2,Koumas,0
0,None,0,0,True,True,0,0,0,0,0,500058,None,,0,0,0,0,0.0,392,33,0,0,None,,0,4,0.0,0.0,0,0.00,0,0.00,0,0.00,0.00,0,0,Jayden,0.0,397,36,0,0,0,False,0.0,401,34,382,False,0.0,385,25,,0,Unspecified injury - Unknown return date,2026-07-23T12:01:23.659279Z,45,493,63,p500058,0,0,None,0,,500058.jpg,0.0,397,36,False,0,None,-10.3,"[{'offset': 0, 'projected_percent': '-10.3', 'likelihood': -1}, {'offset': 1, 'projected_percent': '-10.3', 'likelihood': -1}, {'offset': 2, 'projected_percent': '-10.3', 'likelihood': -1}]",0,0,None,False,0,0,https://www.liverpoolfc.com/news/andoni-iraola-interview-pre-season-implementing-his-style-and-fitness-update,[],Danns,0.0,520,68,False,None,0,0,i,0,14,14,None,0.0,329,31,0,286,286,507,507,0.0,0.0,Danns,0
0,2003-04-04,0,0,True,True,None,None,0,0,0,444884,None,,0,0,0,0,0.0,563,240,0,0,None,,0,3,2.0,2.0,0,0.00,0,0.00,0,0.00,0.00,0,0,Harvey,0.0,561,238,0,0,0,False,0.0,564,238,383,False,0.0,550,232,,0,,None,55,168,105,p444884,0,0,None,0,,444884.jpg,0.0,561,238,False,-2,None,-53.3,"[{'offset': 0, 'projected_percent': '-53.3', 'likelihood': -3}, {'offset': 1, 'projected_percent': '-59.6', 'likelihood': -3}, {'offset': 2, 'projected_percent': '-63.7', 'likelihood': -3}]",0,0,241,False,0,0,,[],Elliott,0.1,452,180,False,None,0,0,a,0,14,14,2019-07-28,0.0,543,226,0,340,340,1087,1087,0.0,0.0,Elliott,0
0,1999-03-07,0,3,True,True,None,None,0,0.0,3,445087,None,,0,0,0,0,1.2,215,71,4,18.0,None,,0,2,2.5,2.5,1,0.03,0.14,0.03,0.14,0.00,0.54,2.43,0.0,Ronald,1.0,256,94,0,0.0,0,False,1.4,219,84,579,False,13.2,134,62,,20,,None,55,169,22,p445087,0,0,None,0,,445087.jpg,1.0,256,94,False,-117,None,-9.7,"[{'offset': 0, 'projected_percent': '-9.7', 'likelihood': -1}, {'offset': 1, 'projected_percent': '-19.5', 'likelihood': -1}, {'offset': 2, 'projected_percent': '-25.9', 'likelihood': -2}]",1,0,230,False,0,0.0,,[],Araujo,2.7,112,43,False,None,0,0.0,a,1,14,14,2026-08-10,0.0,544,194,1,22534,22534,30110,30110,0.2,0.2,Araujo,0
0,1995-09-10,0,2,True,True,100,100,0,0.0,0,114283,None,,0,0,0,0,0.6,248,132,1,11.25,None,,0,3,2.3,2.3,1,0.00,0.0,0.00,0.0,0.00,0.00,0.0,0.0,Jack,1.0,284,134,0,0.0,0,False,0.2,287,136,238,False,1.0,267,124,,8,,2026-07-29T10:00:10.492904Z,65,33,21,p114283,0,0,None,0,,114283.jpg,1.0,284,134,False,-10,None,-18.9,"[{'offset': 0, 'projected_percent': '-18.9', 'likelihood': -1}, {'offset': 1, 'projected_percent': '-29.5', 'likelihood': -2}, {'offset': 2, 'projected_percent': '-36.3', 'likelihood': -2}]",0,0,241,False,0,0.0,,[],Grealish,0.2,335,120,False,None,0,0.0,a,1,15,43,2021-08-05,0.0,601,261,1,1094,1094,1995,1995,0.2,0.2,Grealish,0
0,1999-02-25,0,12,True,True,None,None,0,0.0,1,204936,None,,0,0,0,0,0.0,554,67,0,0.0,None,,0,1,3.3,3.3,3,0.00,0.0,0.00,0.0,0.00,0.65,0.65,0.0,Gianluigi,3.0,95,7,1,1.0,0,False,2.7,145,10,384,False,26.8,61,10,,90,,None,55,137,4,p204936,0,0,None,0,,204936.jpg,3.0,95,7,False,50,None,-4.2,"[{'offset': 0, 'projected_percent': '-4.2', 'likelihood': -1}, {'offset': 1, 'projected_percent': '-2.8', 'likelihood': -1}, {'offset': 2, 'projected_percent': '-1.9', 'likelihood': -1}]",4,0,106,False,3,3.0,,[],Donnarumma,8.3,49,7,False,None,1,1.0,a,0,15,43,2025-09-01,0.0,528,67,3,29346,29346,39907,39907,0.5,0.5,Donnarumma,0
0,1992-05-24,0,0,True,True,None,None,0,0,0,122074,None,,0,0,0,0,0.0,347,29,0,0,None,,0,1,1.9,1.9,0,0.00,0,0.00,0,0.00,0.00,0,0,Marcus,0.0,357,47,0,0,0,False,0.0,361,47,386,False,0.0,344,47,,0,,None,45,418,30,p122074,0,0,None,0,,122074.jpg,0.0,357,47,False,0,None,-11.8,"[{'offset': 0, 'projected_percent': '-11.8', 'likelihood': -1}, {'offset': 1, 'projected_percent': '-11.8', 'likelihood': -1}, {'offset': 2, 'projected_percent': '-11.8', 'likelihood': -1}]",0,0,241,False,0,0,,[],Bettinelli,0.0,530,60,False,None,0,0,a,0,15,43,2025-06-10,0.0,273,29,0,118,118,205,205,0.0,0.0,Bettinelli,0
0,2005-03-21,0,5,True,True,None,None,0,0.0,1,472769,None,,0,0,0,0,30.4,27,6,2,2.9,None,,0,2,3.1,3.1,2,0.41,0.6,0.48,0.7,0.07,0.55,0.8,0.1,Nico,2.0,163,52,1,1.45,0,False,5.0,79,27,387,False,8.8,173,75,,62,,None,65,45,4,p472769,0,0,None,0,,472769.jpg,2.0,163,52,False,-311,None,-5.9,"[{'offset': 0, 'projected_percent': '-5.9', 'likelihood': -1}, {'offset': 1, 'projected_percent': '-9.3', 'likelihood': -1}, {'offset': 2, 'projected_percent': '-11.5', 'likelihood': -1}]",5,0,241,False,0,0.0,,[],O'Reilly,20.9,15,3,False,None,1,1.45,a,1,15,43,2022-12-16,11.0,86,28,2,60422,60422,93113,93113,0.3,0.3,O'Reilly,0
0,2000-07-13,2,31,True,True,None,None,0,0.0,1,209036,None,,0,0,0,0,17.5,69,22,4,4.0,None,,0,2,2.8,2.8,10,0.32,0.32,1.21,1.21,0.89,0.65,0.65,0.89,Marc,10.0,19,8,1,1.0,1,False,8.9,23,4,388,False,43.6,18,6,,90,,None,60,69,6,p209036,0,0,None,0,,209036.jpg,10.0,19,8,False,773,None,49.6,"[{'offset': 0, 'projected_percent': '49.6', 'likelihood': 3}, {'offset': 1, 'projected_percent': '66.6', 'likelihood': 3}, {'offset': 2, 'projected_percent': '77.4', 'likelihood': 3}]",4,0,241,False,0,0.0,,[],Guéhi,19.4,18,6,False,None,1,1.0,a,3,15,43,2026-01-19,28.0,32,7,10,160945,160945,35806,35806,1.7,1.7,Guéhi,0
0,1998-08-27,0,4,True,True,75,100,0,0.0,1,465351,None,,0,0,0,0,1.5,199,63,1,2.73,None,,0,2,2.1,2.8,1,0.04,0.11,0.04,0.11,0.00,0.10,0.27,0.0,Matheus,1.0,280,97,0,0.0,0,False,0.9,238,89,389,False,3.8,229,94,Matheus Nunes,33,Unspecified injury - 75% chance of playing,2026-08-27T11:30:08.171622Z,60,90,10,p465351,0,0,5,0,,465351.jpg,1.0,280,97,False,-204,None,-5.4,"[{'offset': 0, 'projected_percent': '-5.4', 'likelihood': -1}, {'offset': 1, 'projected_percent': '-22.3', 'likelihood': -2}, {'offset': 2, 'projected_percent': '-33.1', 'likelihood': -2}]",2,0,173,False,0,0.0,https://www.mancity.com/news/mens/enzo-maresca-crystal-palace-press-conference-injury-news-63923408,[],Nunes,1.5,160,66,False,None,0,0.0,d,0,15,43,2023-09-01,4.0,142,47,1,2996,2996,13054,13054,0.2,0.2,Matheus N.,0
0,1997-05-14,0,11,True,True,None,None,0,0.0,6,171314,None,,0,0,0,0,17.9,67,21,6,6.0,None,,0,2,2.5,2.5,2,0.14,0.14,0.14,0.14,0.00,0.65,0.65,0.0,Rúben,2.0,139,48,1,1.0,0,False,4.4,92,31,390,False,24.4,67,29,Rúben Dias,90,,None,55,124,12,p171314,0,0,None,0,,171314.jpg,2.0,139,48,False,-27,None,-1.1,"[{'offset': 0, 'projected_percent': '-1.1', 'likelihood': -1}, {'offset': 1, 'projected_percent': '-4.5', 'likelihood': -1}, {'offset': 2, 'projected_percent': '-6.7', 'likelihood': -1}]",8,0,173,False,0,0.0,,[],dos Santos Gato Alves Dias,1.8,138,55,False,None,1,1.0,a,0,15,43,2020-09-29,2.0,175,62,2,8917,8917,11037,11037,0.4,0.4,Rúben,0
0,2002-01-23,1,28,True,True,None,None,0,0.0,5,477424,None,,0,0,0,0,13.3,97,29,7,7.0,None,,0,2,2.5,2.5,9,0.05,0.05,0.24,0.24,0.19,0.65,0.65,0.19,Joško,9.0,23,9,1,1.0,1,False,7.8,33,8,391,False,47.6,11,3,,90,,None,55,183,25,p477424,0,0,None,0,,477424.jpg,9.0,23,9,False,1418,None,66.4,"[{'offset': 0, 'projected_percent': '66.4', 'likelihood': 3}, {'offset': 1, 'projected_percent': '97.6', 'likelihood': 4}, {'offset': 2, 'projected_percent': '117.5', 'likelihood': 5}]",5,0,97,False,0,0.0,,[],Gvardiol,13.5,29,10,False,None,1,1.0,a,2,15,43,2023-08-05,17.0,59,17,9,193539,193539,30214,30214,1.6,1.6,Gvardiol,0
0,2001-06-06,0,0,True,True,None,None,0,0,0,448514,None,,0,0,0,0,0.0,564,201,0,0,None,,0,2,2.5,2.5,0,0.00,0,0.00,0,0.00,0.00,0,0,Rayan,0.0,562,198,0,0,0,False,0.0,565,201,392,False,0.0,551,201,,0,,None,55,171,23,p448514,0,0,None,0,,448514.jpg,0.0,562,198,False,-128,None,-73.5,"[{'offset': 0, 'projected_percent': '-73.5', 'likelihood': -3}, {'offset': 1, 'projected_percent': '-109.8', 'likelihood': -5}, {'offset': 2, 'projected_percent': '-133.0', 'likelihood': -5}]",0,0,3,False,0,0,,[],Aït-Nouri,0.8,217,80,False,None,0,0,a,0,15,43,2025-06-09,0.0,546,195,0,2460,2460,14483,14483,0.0,0.0,Aït-Nouri,0
0,2004-02-29,0,14,True,True,None,None,0,0.0,2,578153,None,,0,0,0,0,3.4,161,48,4,4.0,None,,0,2,2.5,2.5,2,0.02,0.02,0.02,0.02,0.00,0.65,0.65,0.0,Abdukodir,2.0,149,50,1,1.0,0,False,2.0,180,69,393,False,17.0,101,43,,90,,None,55,216,32,p578153,0,0,None,0,,578153.jpg,2.0,149,50,False,-46,None,-17.0,"[{'offset': 0, 'projected_percent': '-17.0', 'likelihood': -1}, {'offset': 1, 'projected_percent': '-23.0', 'likelihood': -2}, {'offset': 2, 'projected_percent': '-26.8', 'likelihood': -2}]",6,0,231,False,0,0.0,,[],Khusanov,1.7,142,58,False,None,1,1.0,a,2,15,43,2025-01-20,0.0,570,201,2,5571,5571,12758,12758,0.4,0.4,Khusanov,0
0,2005-07-21,0,0,False,True,0,0,0,0,0,494307,None,,0,0,0,0,0.0,513,194,0,0,None,,0,2,0.0,0.0,0,0.00,0,0.00,0,0.00,0.00,0,0,Max,0.0,513,188,0,0,0,False,0.0,517,194,394,False,0.0,501,194,,0,Has joined Burnley on loan for the rest of the season,2026-08-18T14:11:56.324656Z,50,339,69,p494307,0,0,None,0,,494307.jpg,0.0,513,188,False,-1,None,0.0,"[{'offset': 0, 'projected_percent': '0.0', 'likelihood': 0}, {'offset': 1, 'projected_percent': '0.0', 'likelihood': 0}, {'offset': 2, 'projected_percent': '0.0', 'likelihood': 0}]",0,0,241,False,0,0,,[],Alleyne,0.0,593,201,False,None,0,0,u,0,15,43,2022-12-16,0.0,470,185,0,0,0,336,336,0.0,0.0,Alleyne,0
0,2004-11-21,0,-1,True,True,None,None,0,0.0,2,477064,None,,0,0,0,0,3.8,156,47,2,3.21,None,,0,2,1.7,1.7,1,0.02,0.03,0.19,0.3,0.17,0.55,0.88,0.27,Rico,1.0,199,76,1,1.61,0,False,4.7,83,29,395,False,3.8,227,93,,56,,None,45,481,130,p477064,0,0,None,0,,477064.jpg,1.0,199,76,False,18,None,0.5,"[{'offset': 0, 'projected_percent': '0.5', 'likelihood': 1}, {'offset': 1, 'projected_percent': '0.9', 'likelihood': 1}, {'offset': 2, 'projected_percent': '1.2', 'likelihood': 1}]",0,0,241,False,0,0.0,,[],Lewis,0.2,315,119,False,None,1,1.61,a,0,15,43,2022-07-16,39.0,17,3,1,3169,3169,2227,2227,0.2,0.2,Lewis,0
0,2006-01-12,0,0,True,True,None,None,0,0,0,616222,None,,0,0,0,0,0.0,425,172,0,0,None,,0,2,1.7,1.7,0,0.00,0,0.00,0,0.00,0.00,0,0,Vitor,0.0,430,165,0,0,0,False,0.0,435,171,396,False,0.0,419,171,Vitor Reis,0,,None,45,534,149,p616222,0,0,None,0,,616222.jpg,0.0,430,165,False,-3,None,-22.3,"[{'offset': 0, 'projected_percent': '-22.3', 'likelihood': -2}, {'offset': 1, 'projected_percent': '-50.8', 'likelihood': -3}, {'offset': 2, 'projected_percent': '-69.0', 'likelihood': -3}]",0,0,30,False,0,0,,[],de Oliveira Nunes dos Reis,0.0,548,188,False,None,0,0,a,0,15,43,2025-01-21,0.0,366,155,0,92,92,206,206,0.0,0.0,Vitor Reis,0
0,2000-01-07,0,16,True,True,None,None,0,0.0,0,437730,None,,0,0,0,0,8.9,128,75,5,5.0,None,,0,3,2.9,2.9,2,0.02,0.02,0.08,0.08,0.06,0.65,0.65,0.06,Antoine,2.0,169,86,1,1.0,0,False,4.6,88,46,397,False,5.8,205,83,,90,,None,85,6,4,p437730,0,0,3,0,,437730.jpg,2.0,169,86,False,-1026,None,-17.7,"[{'offset': 0, 'projected_percent': '-17.7', 'likelihood': -1}, {'offset': 1, 'projected_percent': '-27.4', 'likelihood': -2}, {'offset': 2, 'projected_percent': '-33.6', 'likelihood': -2}]",4,0,81,False,0,0.0,,[],Semenyo,24.3,12,6,False,None,1,1.0,a,1,15,43,2026-01-09,31.0,28,14,2,41444,41444,145367,145367,0.2,0.2,Semenyo,0
0,2000-05-28,0,15,True,True,None,None,0,0.0,0,209244,3,,0,0,0,0,49.6,5,4,6,6.67,3,,0,3,2.5,2.5,1,0.40,0.44,0.52,0.57,0.12,0.65,0.72,0.13,Phil,1.0,290,140,1,1.11,0,False,7.5,37,22,398,False,10.4,163,60,,81,,None,70,24,15,p209244,0,0,None,0,,209244.jpg,1.0,290,140,False,-292,None,-24.4,"[{'offset': 0, 'projected_percent': '-24.4', 'likelihood': -2}, {'offset': 1, 'projected_percent': '-40.7', 'likelihood': -3}, {'offset': 2, 'projected_percent': '-51.1', 'likelihood': -3}]",3,0,241,False,0,0.0,,[],Foden,4.1,79,26,False,None,1,1.11,a,3,15,43,2016-12-05,15.0,71,39,1,16497,16497,38530,38530,0.1,0.1,Foden,1
2,2003-08-17,1,28,True,True,None,None,0,0.0,0,466052,1,,0,0,0,0,48.8,6,5,0,0.0,1,,0,3,2.6,2.6,8,0.50,1.67,0.50,1.67,0.00,0.10,0.33,0.0,Rayan,8.0,35,18,0,0.0,0,False,9.2,18,14,399,False,39.2,28,15,,27,,None,75,18,11,p466052,0,0,None,0,,466052.jpg,8.0,35,18,False,1442,None,63.6,"[{'offset': 0, 'projected_percent': '63.6', 'likelihood': 3}, {'offset': 1, 'projected_percent': '95.2', 'likelihood': 4}, {'offset': 2, 'projected_percent': '115.5', 'likelihood': 5}]",0,0,73,False,0,0.0,,[],Cherki,10.5,37,14,False,None,0,0.0,a,0,15,43,2025-06-10,4.0,146,75,8,173179,173179,35846,35846,1.1,1.1,Cherki,0
0,2002-05-27,0,0,True,True,0,0,0,0,0,248875,None,,0,0,0,0,0.0,613,269,0,0,None,,0,3,0.0,0.0,0,0.00,0,0.00,0,0.00,0.00,0,0,Jérémy,0.0,609,268,0,0,0,False,0.0,613,269,400,False,0.0,612,268,,0,Calf injury - Expected back 5 Sep,2026-08-18T17:00:08.385597Z,75,17,10,p248875,0,0,4,0,,248875.jpg,0.0,609,268,False,-482,None,-97.9,"[{'offset': 0, 'projected_percent': '-97.9', 'likelihood': -4}, {'offset': 1, 'projected_percent': '-128.1', 'likelihood': -5}, {'offset': 2, 'projected_percent': '-147.5', 'likelihood': -5}]",0,0,21,False,0,0,https://www.mancity.com/news/mens/enzo-maresca-bournemouth-premier-league-team-news-63922897,[],Doku,1.3,169,51,False,None,0,0,i,0,15,43,2023-08-24,0.0,613,269,0,468,468,63496,63496,0.0,0.0,Doku,0
0,1999-02-07,0,0,True,True,None,None,0,0,0,438234,None,,0,0,0,0,0.0,611,70,0,0,2,,0,4,2.2,2.2,0,0.00,0,0.00,0,0.00,0.00,0,0,Omar,0.0,607,69,0,0,0,False,0.0,611,70,401,False,0.0,609,69,Omar Marmoush,0,,None,70,27,9,p438234,0,0,2,0,,438234.jpg,0.0,607,69,False,144,None,2.4,"[{'offset': 0, 'projected_percent': '2.4', 'likelihood': 1}, {'offset': 1, 'projected_percent': '5.6', 'likelihood': 1}, {'offset': 2, 'projected_percent': '7.6', 'likelihood': 1}]",0,0,63,False,0,0,,[],Marmoush,1.1,181,27,False,None,0,0,a,0,15,43,2025-01-23,0.0,610,70,0,24740,24740,17401,17401,0.0,0.0,Marmoush,0
0,1996-06-22,0,0,False,True,0,0,0,0,0,220566,None,,0,0,0,0,0.0,604,264,0,0,None,,0,3,0.0,0.0,0,0.00,0,0.00,0,0.00,0.00,0,0,Rodrigo 'Rodri',0.0,600,263,0,0,0,False,0.0,604,264,402,False,0.0,601,262,Rodri,0,Has joined Barcelona permanently,2026-07-23T12:01:23.675537Z,65,37,25,p220566,0,0,None,0,,220566.jpg,0.0,600,263,False,-2,None,0.0,"[{'offset': 0, 'projected_percent': '0.0', 'likelihood': 0}, {'offset': 1, 'projected_percent': '0.0', 'likelihood': 0}, {'offset': 2, 'projected_percent': '0.0', 'likelihood': 0}]",0,0,200,False,0,0,,[],Hernandez Cascante,0.0,565,236,False,None,0,0,u,0,15,43,2019-07-04,0.0,602,262,0,0,0,772,772,0.0,0.0,Rodrigo,0
0,1998-07-29,0,0,False,True,0,0,0,0,0,433036,None,,0,0,0,0,0.0,590,254,0,0,None,,0,3,0.0,0.0,0,0.00,0,0.00,0,0.00,0.00,0,0,Tijjani,0.0,586,253,0,0,0,False,0.0,590,254,404,False,0.0,585,251,,0,Has joined Al Qadsiah permanently,2026-08-20T14:02:58.154273Z,60,78,50,p433036,0,0,None,0,,433036.jpg,0.0,586,253,False,-24,None,0.0,"[{'offset': 0, 'projected_percent': '0.0', 'likelihood': 0}, {'offset': 1, 'projected_percent': '0.0', 'likelihood': 0}, {'offset': 2, 'projected_percent': '0.0', 'likelihood': 0}]",0,0,152,False,0,0,,[],Reijnders,0.1,470,192,False,None,0,0,u,0,15,43,2025-06-10,0.0,583,247,0,0,0,5327,5327,0.0,0.0,Reijnders,0
0,2002-01-03,0,0,True,True,None,None,0,0,0,465694,None,,0,0,0,0,0.0,568,241,0,0,None,,0,3,2.0,2.0,0,0.00,0,0.00,0,0.00,0.00,0,0,Nico,0.0,565,239,0,0,0,False,0.0,569,239,405,False,0.0,555,233,,0,,None,55,178,108,p465694,0,0,None,0,,465694.jpg,0.0,565,239,False,2,None,0.0,"[{'offset': 0, 'projected_percent': '0.0', 'likelihood': 0}, {'offset': 1, 'projected_percent': '0.1', 'likelihood': 1}, {'offset': 2, 'projected_percent': '0.1', 'likelihood': 1}]",0,0,200,False,0,0,,[],González Iglesias,0.2,378,145,False,None,0,0,a,0,15,43,2025-02-03,0.0,552,229,0,1593,1593,1553,1553,0.0,0.0,N.Gonzalez,0
0,1994-05-06,0,3,True,True,None,None,0,0.0,0,91651,None,,0,0,0,0,2.1,185,108,2,6.67,None,,0,3,2.0,2.0,1,0.01,0.03,0.01,0.03,0.00,0.10,0.33,0.0,Mateo,1.0,245,110,0,0.0,0,False,0.4,268,124,406,False,2.2,249,113,,27,,None,55,117,76,p91651,0,0,None,0,,91651.jpg,1.0,245,110,False,-2,None,-20.2,"[{'offset': 0, 'projected_percent': '-20.2', 'likelihood': -2}, {'offset': 1, 'projected_percent': '-26.4', 'likelihood': -2}, {'offset': 2, 'projected_percent': '-30.3', 'likelihood': -2}]",2,0,97,False,0,0.0,,[],Kovačić,0.1,434,172,False,None,0,0.0,a,0,15,43,2023-06-27,0.0,512,207,1,730,730,1139,1139,0.2,0.2,Kovačić,0
0,2006-01-02,0,0,True,True,None,None,0,0,0,575204,None,,0,0,0,0,0.0,532,222,0,0,None,,0,3,1.5,1.5,0,0.00,0,0.00,0,0.00,0.00,0,0,Claudio,0.0,531,221,0,0,0,False,0.0,536,221,407,False,0.0,520,214,,0,,None,50,377,223,p575204,0,0,None,0,,575204.jpg,0.0,531,221,False,-1,None,-46.0,"[{'offset': 0, 'projected_percent': '-46.0', 'likelihood': -3}, {'offset': 1, 'projected_percent': '-61.7', 'likelihood': -3}, {'offset': 2, 'projected_percent': '-71.7', 'likelihood': -3}]",0,0,10,False,0,0,,[],Echeverri,0.0,558,231,False,None,0,0,a,0,15,43,2024-01-25,0.0,492,192,0,85,85,256,256,0.0,0.0,Echeverri,0
0,1995-12-02,0,0,False,True,0,0,0,0,0,155405,None,,0,0,0,0,0.0,451,178,0,0,None,,0,3,0.0,0.0,0,0.00,0,0.00,0,0.00,0.00,0,0,Kalvin,0.0,453,175,0,0,0,False,0.0,459,175,408,False,0.0,443,168,,0,Has joined Sheffield United on loan for the rest of the season,2026-08-18T14:11:56.348781Z,50,244,147,p155405,0,0,None,0,,155405.jpg,0.0,453,175,False,0,None,0.0,"[{'offset': 0, 'projected_percent': '0.0', 'likelihood': 0}, {'offset': 1, 'projected_percent': '0.0', 'likelihood': 0}, {'offset': 2, 'projected_percent': '0.0', 'likelihood': 0}]",0,0,241,False,0,0,,[],Phillips,0.0,592,253,False,None,0,0,u,0,15,43,2022-07-04,0.0,391,137,0,0,0,281,281,0.0,0.0,Phillips,0
0,2007-08-22,0,0,True,True,None,None,0,0,0,590039,None,,0,0,0,0,0.0,418,162,0,0,None,,0,3,1.0,1.0,0,0.00,0,0.00,0,0.00,0.00,0,0,Divine,0.0,423,159,0,0,0,False,0.0,428,159,409,False,0.0,412,152,,0,,None,45,525,261,p590039,0,0,None,0,,590039.jpg,0.0,423,159,False,-9,None,-32.5,"[{'offset': 0, 'projected_percent': '-32.5', 'likelihood': -2}, {'offset': 1, 'projected_percent': '-44.0', 'likelihood': -3}, {'offset': 2, 'projected_percent': '-51.4', 'likelihood': -3}]",0,0,241,False,0,0,,[],Mukasa,0.2,360,134,False,None,0,0,a,0,15,43,2025-08-07,0.0,358,120,0,861,861,2215,2215,0.0,0.0,Mukasa,0
0,2009-07-10,0,0,True,True,None,None,0,0,0,649208,None,,0,0,0,0,0.0,538,226,0,0,None,,0,3,1.5,1.5,0,0.00,0,0.00,0,0.00,0.00,0,0,Jeremy,0.0,536,224,0,0,0,False,0.0,541,224,410,False,0.0,525,217,,0,,None,50,392,234,p649208,0,0,None,0,,649208.jpg,0.0,536,224,False,0,None,-50.5,"[{'offset': 0, 'projected_percent': '-50.5', 'likelihood': -3}, {'offset': 1, 'projected_percent': '-50.5', 'likelihood': -3}, {'offset': 2, 'projected_percent': '-50.5', 'likelihood': -3}]",0,0,241,False,0,0,,[],Monga,0.0,566,237,False,None,0,0,a,0,15,43,2026-07-11,0.0,503,200,0,74,74,253,253,0.0,0.0,Monga,0
0,2000-07-21,0,6,True,True,None,None,0,0.0,0,223094,None,,0,0,0,0,5.2,145,17,3,3.0,None,,0,4,4.0,4.0,2,0.02,0.02,0.76,0.76,0.74,0.65,0.65,0.74,Erling,2.0,172,18,1,1.0,0,False,5.9,55,9,411,False,3.8,230,16,,90,,None,155,1,1,p223094,0,0,1,0,,223094.jpg,2.0,172,18,False,-321,None,-2.3,"[{'offset': 0, 'projected_percent': '-2.3', 'likelihood': -1}, {'offset': 1, 'projected_percent': '-3.3', 'likelihood': -1}, {'offset': 2, 'projected_percent': '-4.0', 'likelihood': -1}]",3,0,161,False,0,0.0,,[],Haaland,67.9,1,1,False,None,1,1.0,a,0,15,43,2022-07-01,50.0,7,3,2,59308,59308,89625,89625,0.1,0.1,Haaland,0
0,2002-11-06,0,14,True,True,100,None,0,0.0,1,215379,2,,-1,1,-1,1,20.8,62,40,6,8.71,None,,0,3,2.3,2.3,2,0.25,0.36,0.25,0.36,0.00,0.55,0.8,0.0,Elliot,2.0,160,80,1,1.45,0,False,2.8,142,64,481,False,7.2,187,74,,62,,2026-08-23T17:00:07.952697Z,64,52,36,p215379,0,0,None,0,,215379.jpg,2.0,160,80,False,-471,None,-1.6,"[{'offset': 0, 'projected_percent': '-1.6', 'likelihood': -1}, {'offset': 1, 'projected_percent': '-11.9', 'likelihood': -1}, {'offset': 2, 'projected_percent': '-18.4', 'likelihood': -1}]",3,0,241,False,0,0.0,,[],Anderson,6.1,63,20,False,None,1,1.45,a,2,15,43,2026-07-02,0.0,597,257,2,7637,7637,141620,141620,0.3,0.3,Anderson,0
0,1992-05-20,0,0,True,True,None,None,0,0,0,106921,None,,0,0,0,0,0.0,442,51,0,0,None,,0,1,2.6,2.6,0,0.00,0,0.00,0,0.00,0.00,0,0,Gerónimo,0.0,446,62,0,0,0,False,0.0,451,62,587,False,0.0,435,62,,0,,None,50,235,8,p106921,0,0,None,0,,106921.jpg,0.0,446,62,False,-2,None,-4.5,"[{'offset': 0, 'projected_percent': '-4.5', 'likelihood': -1}, {'offset': 1, 'projected_percent': '-26.9', 'likelihood': -2}, {'offset': 2, 'projected_percent': '-41.3', 'likelihood': -3}]",0,0,10,False,0,0,,[],Rulli,0.0,549,63,False,None,0,0,a,0,15,43,2026-08-12,0.0,383,51,0,85,85,200,200,0.0,0.0,Rulli,0
0,2007-10-02,0,0,True,True,None,None,0,0,0,637238,None,,0,0,0,0,0.0,582,251,0,0,None,,0,3,2.0,2.0,0,0.00,0,0.00,0,0.00,0.00,0,0,Ayyoub,0.0,579,249,0,0,0,False,0.0,584,251,616,False,0.0,572,246,,0,,None,55,221,138,p637238,0,0,None,0,,637238.jpg,0.0,579,249,False,0,2026-09-09T14:56:53.434190Z,0.0,"[{'offset': 0, 'projected_percent': '0.0', 'likelihood': 0}, {'offset': 1, 'projected_percent': '0.0', 'likelihood': 0}, {'offset': 2, 'projected_percent': '0.0', 'likelihood': 0}]",0,0,145,False,0,0,,[],Bouaddi,0.0,542,224,False,None,0,0,a,0,15,43,2026-08-26,0.0,573,243,0,1598,1598,157,157,0.0,0.0,Bouaddi,0
0,1997-05-07,0,13,True,True,100,100,0,0.0,0,166989,None,,0,0,0,0,11.3,117,69,5,6.82,None,,0,3,2.2,2.2,2,0.11,0.15,0.15,0.2,0.04,0.94,1.28,0.05,Youri,2.0,150,73,2,2.73,0,False,2.0,182,82,43,False,5.0,214,90,,66,,2026-07-23T12:01:23.321726Z,60,62,41,p166989,0,0,3,0,,166989.jpg,2.0,150,73,False,-115,None,-41.6,"[{'offset': 0, 'projected_percent': '-41.6', 'likelihood': -3}, {'offset': 1, 'projected_percent': '-52.7', 'likelihood': -3}, {'offset': 2, 'projected_percent': '-59.8', 'likelihood': -3}]",5,0,21,False,0,0.0,,[],Tielemans,2.4,119,37,False,None,1,1.36,a,0,16,1,2026-07-14,4.0,139,69,2,11114,11114,31419,31419,0.3,0.3,Tielemans,0
0,2004-01-03,0,0,True,True,0,0,0,0,0,535301,None,,0,0,0,0,0.0,520,212,0,0,None,,0,3,0.0,0.0,0,0.00,0,0.00,0,0.00,0.00,0,0,Carlos,0.0,519,211,0,0,0,False,0.0,523,210,131,False,0.0,507,203,,0,Ankle injury - Unknown return date,2026-08-06T16:00:10.997714Z,50,360,209,p535301,0,0,None,0,,535301.jpg,0.0,519,211,False,-21,None,-16.8,"[{'offset': 0, 'projected_percent': '-16.8', 'likelihood': -1}, {'offset': 1, 'projected_percent': '-26.4', 'likelihood': -2}, {'offset': 2, 'projected_percent': '-32.5', 'likelihood': -2}]",0,0,38,False,0,0,,[],Baleba,0.2,356,131,False,None,0,0,i,0,16,1,2026-08-25,0.0,478,180,0,2219,2219,3952,3952,0.0,0.0,Baleba,0
0,2004-05-03,0,17,True,True,None,None,0,0.0,3,532605,None,,0,0,0,0,4.2,151,89,9,12.27,None,,0,3,1.5,1.5,2,0.23,0.31,0.23,0.31,0.00,0.94,1.28,0.0,Andrey,2.0,133,60,2,2.73,0,False,1.8,191,85,162,False,11.4,151,51,Andrey Santos,66,,None,50,359,208,p532605,0,0,None,0,,532605.jpg,2.0,133,60,False,-35,None,-30.3,"[{'offset': 0, 'projected_percent': '-30.3', 'likelihood': -2}, {'offset': 1, 'projected_percent': '-38.4', 'likelihood': -2}, {'offset': 2, 'projected_percent': '-43.6', 'likelihood': -3}]",5,0,30,False,0,0.0,,[],Nascimento dos Santos,1.0,198,64,False,None,1,1.36,a,1,16,1,2026-07-13,2.0,174,86,2,6717,6717,13567,13567,0.4,0.4,Andrey Santos,0
0,1990-10-08,0,0,True,True,100,75,0,0,0,59735,None,,0,0,0,0,0.0,336,21,0,0,None,,0,1,1.9,1.4,0,0.00,0,0.00,0,0.00,0.00,0,0,Karl,0.0,348,41,0,0,0,False,0.0,352,41,325,False,0.0,335,41,,0,,2026-07-23T12:01:23.549136Z,45,403,22,p59735,0,0,None,0,,59735.jpg,0.0,348,41,False,0,None,-1.1,"[{'offset': 0, 'projected_percent': '-1.1', 'likelihood': -1}, {'offset': 1, 'projected_percent': '-1.1', 'likelihood': -1}, {'offset': 2, 'projected_percent': '-1.1', 'likelihood': -1}]",0,0,244,False,0,0,,[],Darlow,0.0,509,54,False,None,0,0,a,0,16,1,2026-06-14,0.0,260,21,0,210,210,228,228,0.0,0.0,Darlow,0
0,2002-07-07,0,7,True,True,None,None,0,0.0,2,465247,None,,0,0,0,0,0.0,498,61,0,0.0,None,,0,1,2.6,2.6,1,0.00,0.0,0.00,0.0,0.00,1.01,1.01,0.0,Senne,1.0,217,18,2,2.0,0,False,2.0,178,12,412,False,20.2,82,12,,90,,None,50,317,18,p465247,0,0,None,0,,465247.jpg,1.0,217,18,False,-210,None,-11.2,"[{'offset': 0, 'projected_percent': '-11.2', 'likelihood': -1}, {'offset': 1, 'projected_percent': '-14.3', 'likelihood': -1}, {'offset': 2, 'projected_percent': '-16.2', 'likelihood': -1}]",8,0,21,False,2,2.0,,[],Lammens,15.6,26,5,False,None,1,1.0,a,0,16,1,2025-09-01,0.0,452,61,1,29078,29078,78874,78874,0.2,0.2,Lammens,0
0,1998-04-14,0,0,False,True,0,0,0,0,0,451302,None,,0,0,0,0,0.0,377,37,0,0,None,,0,1,0.0,0.0,0,0.00,0,0.00,0,0.00,0.00,0,0,Altay,0.0,388,54,0,0,0,False,0.0,390,54,413,False,0.0,373,54,,0,Has joined Celta Vigo on loan for the rest of the season,2026-08-10T14:02:28.608415Z,45,470,38,p451302,0,0,None,0,,451302.jpg,0.0,388,54,False,-3,None,0.0,"[{'offset': 0, 'projected_percent': '0.0', 'likelihood': 0}, {'offset': 1, 'projected_percent': '0.0', 'likelihood': 0}, {'offset': 2, 'projected_percent': '0.0', 'likelihood': 0}]",0,0,219,False,0,0,,[],Bayındır,0.0,555,64,False,None,0,0,u,0,16,1,2023-09-01,0.0,310,37,0,0,0,556,556,0.0,0.0,Bayindir,0
0,1986-04-15,0,0,True,True,0,0,0,0,0,21205,None,,0,0,0,0,0.0,277,1,0,0,None,,0,1,0.0,0.0,0,0.00,0,0.00,0,0.00,0.00,0,0,Tom,0.0,293,21,0,0,0,False,0.0,296,21,414,False,0.0,280,21,,0,Hamstring injury - Unknown return date,2026-08-15T16:00:07.854151Z,40,543,49,p21205,0,0,None,0,,21205.jpg,0.0,293,21,False,-3,None,-14.7,"[{'offset': 0, 'projected_percent': '-14.7', 'likelihood': -1}, {'offset': 1, 'projected_percent': '-17.4', 'likelihood': -1}, {'offset': 2, 'projected_percent': '-19.0', 'likelihood': -1}]",0,0,241,False,0,0,,[],Heaton,0.1,431,48,False,None,0,0,i,0,16,1,2021-07-02,0.0,195,1,0,188,188,945,945,0.0,0.0,Heaton,0
0,2004-10-26,0,-11,True,True,None,None,0,0.0,1,596777,None,,0,0,0,0,1.2,217,122,1,2.0,None,,0,3,2.2,2.2,0,0.03,0.06,0.50,1.0,0.47,0.92,1.84,0.94,Patrick,0.0,595,258,2,4.0,0,False,0.7,250,112,415,False,0.0,596,257,,45,,None,60,107,68,p596777,0,0,None,0,,596777.jpg,0.0,595,258,False,-188,None,-93.1,"[{'offset': 0, 'projected_percent': '-93.1', 'likelihood': -3}, {'offset': 1, 'projected_percent': '-131.3', 'likelihood': -5}, {'offset': 2, 'projected_percent': '-155.7', 'likelihood': -5}]",0,0,58,False,0,0.0,,[],Dorgu,1.1,184,58,False,None,1,2.0,a,0,16,1,2025-02-02,16.0,66,36,0,4213,4213,24735,24735,0.0,0.0,Dorgu,1
0,1999-08-12,0,0,True,True,0,0,0,0,0,209365,None,,0,0,0,0,0.0,462,181,0,0,None,,0,2,0.0,0.0,0,0.00,0,0.00,0,0.00,0.00,0,0,Matthijs,0.0,462,173,0,0,0,False,0.0,470,181,416,False,0.0,454,181,,0,Back injury - Unknown return date,2026-07-23T12:01:23.690880Z,50,264,43,p209365,0,0,None,0,,209365.jpg,0.0,462,173,False,-3,None,-28.2,"[{'offset': 0, 'projected_percent': '-28.2', 'likelihood': -2}, {'offset': 1, 'projected_percent': '-36.6', 'likelihood': -2}, {'offset': 2, 'projected_percent': '-42.0', 'likelihood': -3}]",0,0,152,False,0,0,https://www.manutd.com/en/news/team-news-for-man-utd-hull-opener-aug-2026,[],de Ligt,0.0,538,185,False,None,0,0,i,0,16,1,2024-08-13,0.0,407,165,0,108,108,471,471,0.0,0.0,De Ligt,0
0,1999-03-18,0,6,True,True,None,None,0,0.0,1,216051,None,,0,0,0,0,11.3,115,34,3,27.0,None,,0,2,2.2,2.2,1,0.00,0.0,0.00,0.0,0.00,0.00,0.0,0.0,Diogo,1.0,215,86,0,0.0,0,False,1.9,183,71,417,False,7.6,181,79,Diogo Dalot,10,,None,50,272,46,p216051,0,0,None,0,,216051.jpg,1.0,215,86,False,-243,None,-38.5,"[{'offset': 0, 'projected_percent': '-38.5', 'likelihood': -2}, {'offset': 1, 'projected_percent': '-60.9', 'likelihood': -3}, {'offset': 2, 'projected_percent': '-75.2', 'likelihood': -3}]",1,0,173,False,0,0.0,,[],Dalot Teixeira,2.5,117,46,False,None,0,0.0,a,2,16,1,2018-06-08,0.0,412,167,1,7312,7312,28617,28617,0.2,0.2,Dalot,0
0,1993-03-05,0,15,True,True,None,None,0,0.0,4,95658,None,,0,0,0,0,28.6,30,8,4,4.0,None,,0,2,2.2,2.2,1,0.40,0.4,0.44,0.44,0.04,1.01,1.01,0.04,Harry,1.0,208,83,2,2.0,0,False,7.3,40,10,418,False,25.4,64,26,,90,,None,50,231,36,p95658,0,0,None,0,,95658.jpg,1.0,208,83,False,-361,None,-10.7,"[{'offset': 0, 'projected_percent': '-10.7', 'likelihood': -1}, {'offset': 1, 'projected_percent': '-15.5', 'likelihood': -1}, {'offset': 2, 'projected_percent': '-18.6', 'likelihood': -1}]",5,0,241,False,0,0.0,,[],Maguire,17.1,21,8,False,None,1,1.0,a,0,16,1,2019-08-05,19.0,47,12,1,44786,44786,92233,92233,0.2,0.2,Maguire,0
0,1998-01-18,0,0,True,True,100,100,0,0,0,221820,None,,0,0,0,0,0.0,469,184,0,0,None,,0,2,2.2,2.2,0,0.00,0,0.00,0,0.00,0.00,0,0,Lisandro,0.0,468,176,0,0,0,False,0.0,476,184,419,False,0.0,460,184,Lisandro Martínez,0,,2026-07-24T20:00:10.337107Z,50,278,49,p221820,0,0,None,0,,221820.jpg,0.0,468,176,False,-136,None,-39.4,"[{'offset': 0, 'projected_percent': '-39.4', 'likelihood': -2}, {'offset': 1, 'projected_percent': '-63.1', 'likelihood': -3}, {'offset': 2, 'projected_percent': '-78.3', 'likelihood': -3}]",0,0,10,False,0,0,,[],Martínez,1.3,170,69,False,None,0,0,a,0,16,1,2022-07-17,0.0,417,170,0,6312,6312,17068,17068,0.0,0.0,Martinez,0
0,2005-11-13,0,0,True,True,None,None,0,0,0,550864,None,,0,0,0,0,0.0,528,196,0,0,None,,0,2,2.2,2.2,0,0.00,0,0.00,0,0.00,0.00,0,0,Leny,0.0,527,190,0,0,0,False,0.0,531,196,420,False,0.0,515,196,,0,,None,50,371,73,p550864,0,0,None,0,,550864.jpg,0.0,527,190,False,-64,None,-61.6,"[{'offset': 0, 'projected_percent': '-61.6', 'likelihood': -3}, {'offset': 1, 'projected_percent': '-84.1', 'likelihood': -3}, {'offset': 2, 'projected_percent': '-98.5', 'likelihood': -4}]",0,0,73,False,0,0,,[],Yoro,0.6,232,88,False,None,0,0,a,0,16,1,2024-07-19,0.0,487,187,0,1468,1468,9484,9484,0.0,0.0,Yoro,0
0,2006-09-22,0,5,True,True,None,None,0,0.0,1,606745,None,,0,0,0,0,2.6,168,50,2,2.0,None,,0,2,1.7,1.7,1,0.04,0.04,0.16,0.16,0.12,1.01,1.01,0.12,Ayden,1.0,206,82,2,2.0,0,False,2.0,177,68,421,False,6.8,191,85,,90,,None,45,531,148,p606745,0,0,None,0,,606745.jpg,1.0,206,82,False,-3,None,-9.5,"[{'offset': 0, 'projected_percent': '-9.5', 'likelihood': -1}, {'offset': 1, 'projected_percent': '-11.2', 'likelihood': -1}, {'offset': 2, 'projected_percent': '-12.3', 'likelihood': -1}]",4,0,241,False,0,0.0,,[],Heaven,0.4,275,104,False,None,1,1.0,a,1,16,1,2025-02-01,11.0,83,27,1,2767,2767,3689,3689,0.2,0.2,Heaven,0
0,1997-11-14,0,8,True,True,None,None,0,0.0,4,230001,None,,0,0,0,0,29.4,28,7,5,5.7,None,,0,2,1.7,1.7,1,0.05,0.06,0.27,0.31,0.22,1.01,1.15,0.25,Noussair,1.0,190,69,2,2.28,0,False,5.6,61,19,422,False,17.4,99,42,,79,,None,45,449,110,p230001,0,0,None,0,,230001.jpg,1.0,190,69,False,14,None,0.1,"[{'offset': 0, 'projected_percent': '0.1', 'likelihood': 1}, {'offset': 1, 'projected_percent': '0.4', 'likelihood': 1}, {'offset': 2, 'projected_percent': '0.6', 'likelihood': 1}]",3,0,145,False,0,0.0,,[],Mazraoui,0.7,228,85,False,None,1,1.14,a,1,16,1,2024-08-13,9.0,89,30,1,5157,5157,5454,5454,0.2,0.2,Mazraoui,0
0,1995-07-12,0,13,True,True,None,None,0,0.0,3,106760,3,,0,0,0,0,59.2,1,1,4,4.0,None,,0,2,1.7,1.7,1,0.26,0.26,0.26,0.26,0.00,1.01,1.01,0.0,Luke,1.0,185,64,2,2.0,0,False,9.0,20,2,423,False,25.2,65,27,,90,,None,45,412,85,p106760,0,0,None,0,,106760.jpg,1.0,185,64,False,-345,None,-13.3,"[{'offset': 0, 'projected_percent': '-13.3', 'likelihood': -1}, {'offset': 1, 'projected_percent': '-17.3', 'likelihood': -1}, {'offset': 2, 'projected_percent': '-19.8', 'likelihood': -1}]",3,0,241,False,0,0.0,,[],Shaw,19.7,16,4,False,None,1,1.0,a,1,16,1,2014-07-01,6.0,113,32,1,36594,36594,103493,103493,0.2,0.2,Shaw,0
0,2007-03-16,0,0,True,True,None,None,0,0,0,577974,None,,0,0,0,0,0.0,326,132,0,0,None,,0,2,1.0,1.0,0,0.00,0,0.00,0,0.00,0.00,0,0,Harry,0.0,339,125,0,0,0,False,0.0,343,131,424,False,0.0,326,130,,0,,None,40,606,196,p577974,0,0,None,0,,577974.jpg,0.0,339,125,False,-8,None,-18.3,"[{'offset': 0, 'projected_percent': '-18.3', 'likelihood': -1}, {'offset': 1, 'projected_percent': '-27.6', 'likelihood': -2}, {'offset': 2, 'projected_percent': '-33.6', 'likelihood': -2}]",0,0,241,False,0,0,,[],Amass,0.2,345,130,False,None,0,0,a,0,16,1,2024-04-06,0.0,249,102,0,809,809,1778,1778,0.0,0.0,Amass,0
0,2005-02-23,0,0,False,True,0,0,0,0,0,547676,None,,0,0,0,0,0.0,319,125,0,0,None,,0,2,0.0,0.0,0,0.00,0,0.00,0,0.00,0.00,0,0,Tyler,0.0,332,118,0,0,0,False,0.0,336,124,425,False,0.0,319,123,,0,Has joined Lausanne-Sport permanently,2026-08-18T14:12:31.904433Z,40,598,188,p547676,0,0,None,0,,547676.jpg,0.0,332,118,False,0,None,0.0,"[{'offset': 0, 'projected_percent': '0.0', 'likelihood': 0}, {'offset': 1, 'projected_percent': '0.0', 'likelihood': 0}, {'offset': 2, 'projected_percent': '0.0', 'likelihood': 0}]",0,0,241,False,0,0,,[],Fredricson,0.0,552,191,False,None,0,0,u,0,16,1,2022-09-07,0.0,241,94,0,0,0,649,649,0.0,0.0,Fredricson,0
0,1994-09-08,0,18,True,True,None,None,0,0.0,1,141746,1,,0,0,0,0,55.4,3,2,6,6.0,1,,0,3,4.0,4.0,2,0.26,0.26,0.34,0.34,0.08,1.01,1.01,0.08,Bruno,2.0,171,87,2,2.0,0,False,9.3,17,13,426,False,20.2,83,28,Bruno Fernandes,90,,None,120,2,1,p141746,0,0,1,0,,141746.jpg,2.0,171,87,False,-1255,None,-13.5,"[{'offset': 0, 'projected_percent': '-13.5', 'likelihood': -1}, {'offset': 1, 'projected_percent': '-19.4', 'likelihood': -1}, {'offset': 2, 'projected_percent': '-23.2', 'likelihood': -2}]",5,0,173,False,0,0.0,,[],Borges Fernandes,48.4,3,1,False,None,1,1.0,a,0,16,1,2020-01-30,17.0,63,33,2,40833,40833,197198,197198,0.2,0.2,B.Fernandes,0
0,1999-08-07,0,12,True,True,None,None,0,0.0,0,446008,2,,0,0,0,0,28.1,34,26,4,4.0,2,,0,3,2.8,2.8,2,0.23,0.23,0.73,0.73,0.50,1.01,1.01,0.5,Bryan,2.0,168,85,2,2.0,0,False,8.7,25,16,427,False,9.6,168,65,,90,,None,80,10,7,p446008,0,0,2,0,,446008.jpg,2.0,168,85,False,-1087,None,-14.5,"[{'offset': 0, 'projected_percent': '-14.5', 'likelihood': -1}, {'offset': 1, 'projected_percent': '-21.4', 'likelihood': -2}, {'offset': 2, 'projected_percent': '-25.9', 'likelihood': -2}]",4,0,38,False,0,0.0,,[],Mbeumo,36.0,7,3,False,None,1,1.0,a,0,16,1,2025-07-21,49.0,8,5,2,68970,68970,185316,185316,0.2,0.2,Mbeumo,0
0,1999-05-27,0,14,True,True,None,None,0,0.0,0,430871,None,,0,0,0,0,28.2,33,25,3,3.42,None,,0,3,2.8,2.8,2,0.21,0.24,0.45,0.51,0.24,1.01,1.15,0.27,Matheus,2.0,167,84,2,2.28,0,False,6.9,46,28,428,False,5.4,207,85,Matheus Cunha,79,,None,80,9,6,p430871,0,0,None,0,,430871.jpg,2.0,167,84,False,-401,None,-28.0,"[{'offset': 0, 'projected_percent': '-28.0', 'likelihood': -2}, {'offset': 1, 'projected_percent': '-37.7', 'likelihood': -2}, {'offset': 2, 'projected_percent': '-43.9', 'likelihood': -3}]",3,0,30,False,0,0.0,,[],Santos Carneiro da Cunha,9.4,42,16,False,None,1,1.14,a,0,16,1,2025-06-01,35.0,22,10,2,23230,23230,80814,80814,0.2,0.2,Cunha,0
0,1997-10-31,0,9,True,True,None,None,0,0.0,0,176297,None,,0,0,0,0,48.6,7,6,1,2.0,None,,0,3,2.5,2.5,1,0.10,0.2,0.10,0.2,0.00,0.09,0.18,0.0,Marcus,1.0,289,139,0,0.0,0,False,6.4,49,30,429,False,11.6,149,50,,45,,None,70,23,14,p176297,0,0,None,0,,176297.jpg,1.0,289,139,False,-18,None,-16.2,"[{'offset': 0, 'projected_percent': '-16.2', 'likelihood': -1}, {'offset': 1, 'projected_percent': '-18.7', 'likelihood': -1}, {'offset': 2, 'projected_percent': '-20.2', 'likelihood': -2}]",1,0,241,False,0,0.0,,[],Rashford,1.7,147,43,False,None,0,0.0,a,0,16,1,2015-07-01,4.0,145,74,1,13334,13334,19545,19545,0.1,0.1,Rashford,0
0,1999-01-10,0,0,True,True,75,50,0,0,0,184341,None,,0,0,0,0,0.0,551,231,0,0,3,,0,3,1.5,1.0,0,0.00,0,0.00,0,0.00,0.00,0,0,Mason,0.0,546,228,0,0,0,False,0.0,552,229,430,False,0.0,536,222,,0,Foot injury - 75% chance of playing,2026-08-15T16:00:07.879135Z,55,130,80,p184341,0,0,None,0,,184341.jpg,0.0,546,228,False,-4,None,-39.2,"[{'offset': 0, 'projected_percent': '-39.2', 'likelihood': -2}, {'offset': 1, 'projected_percent': '-56.7', 'likelihood': -3}, {'offset': 2, 'projected_percent': '-67.9', 'likelihood': -3}]",0,0,241,False,0,0,https://www.manutd.com/en/news/team-news-for-man-utd-hull-opener-aug-2026,[],Mount,0.0,533,220,False,None,0,0,d,0,16,1,2023-07-05,0.0,522,210,0,33,33,648,648,0.0,0.0,Mount,0
0,2002-07-11,0,0,True,True,75,None,0,0,0,493250,4,,-1,1,-1,1,0.0,584,252,0,0,None,,0,3,1.6,2.1,0,0.00,0,0.00,0,0.00,0.00,0,0,Amad,0.0,581,250,0,0,0,False,0.0,586,252,431,False,0.0,575,247,,0,Unspecified injury - 75% chance of playing,2026-08-22T11:00:08.617283Z,59,111,72,p493250,0,0,None,0,,493250.jpg,0.0,581,250,False,-468,None,-13.4,"[{'offset': 0, 'projected_percent': '-13.4', 'likelihood': -1}, {'offset': 1, 'projected_percent': '-45.7', 'likelihood': -3}, {'offset': 2, 'projected_percent': '-66.4', 'likelihood': -3}]",0,0,54,False,0,0,,[],Diallo,1.0,191,62,False,None,0,0,d,0,16,1,2021-01-07,0.0,575,244,0,1538,1538,48680,48680,0.0,0.0,Amad,0
0,2005-04-19,0,7,True,True,None,None,0,0.0,0,516895,None,,0,0,0,0,2.5,170,100,1,3.91,None,,0,3,2.0,2.0,1,0.01,0.04,0.08,0.31,0.07,0.07,0.27,0.27,Kobbie,1.0,264,120,0,0.0,0,False,0.7,247,110,432,False,2.8,239,108,,23,,None,55,200,125,p516895,0,0,None,0,,516895.jpg,1.0,264,120,False,-52,None,-49.0,"[{'offset': 0, 'projected_percent': '-49.0', 'likelihood': -3}, {'offset': 1, 'projected_percent': '-61.4', 'likelihood': -3}, {'offset': 2, 'projected_percent': '-69.4', 'likelihood': -3}]",1,0,241,False,0,0.0,,[],Mainoo,1.0,202,68,False,None,0,0.0,a,0,16,1,2022-10-15,2.0,178,88,1,3094,3094,12416,12416,0.2,0.2,Mainoo,0
0,2001-04-11,0,0,True,True,0,0,0,0,0,232112,None,,0,0,0,0,0.0,474,189,0,0,None,,0,3,0.0,0.0,0,0.00,0,0.00,0,0.00,0.00,0,0,Manuel,0.0,474,186,0,0,0,False,0.0,481,187,433,False,0.0,465,180,,0,Knee injury - Unknown return date,2026-07-23T12:01:23.706702Z,50,286,170,p232112,0,0,None,0,,232112.jpg,0.0,474,186,False,0,None,-30.1,"[{'offset': 0, 'projected_percent': '-30.1', 'likelihood': -2}, {'offset': 1, 'projected_percent': '-30.1', 'likelihood': -2}, {'offset': 2, 'projected_percent': '-30.1', 'likelihood': -2}]",0,0,230,False,0,0,https://www.manutd.com/en/news/an-official-update-on-manuel-ugarte,[],Ugarte Ribeiro,0.0,604,263,False,None,0,0,i,0,16,1,2024-08-30,0.0,425,154,0,22,22,81,81,0.0,0.0,Ugarte,0
0,2007-03-19,0,0,True,True,None,None,0,0,0,547037,None,,0,0,0,0,0.0,526,218,0,0,None,,0,3,1.5,1.5,0,0.00,0,0.00,0,0.00,0.00,0,0,Jack,0.0,525,217,0,0,0,False,0.0,529,216,434,False,0.0,513,209,Jack Fletcher,0,,None,50,368,217,p547037,0,0,None,0,,547037.jpg,0.0,525,217,False,0,None,-44.4,"[{'offset': 0, 'projected_percent': '-44.4', 'likelihood': -3}, {'offset': 1, 'projected_percent': '-44.4', 'likelihood': -3}, {'offset': 2, 'projected_percent': '-44.4', 'likelihood': -3}]",0,0,241,False,0,0,,[],Fletcher,0.0,582,248,False,None,0,0,a,0,16,1,2024-07-12,0.0,484,186,0,40,40,155,155,0.0,0.0,J.Fletcher,0
0,2007-04-14,0,3,True,True,None,None,0,0.0,0,576628,None,,0,0,0,0,0.6,242,128,1,9.0,None,,0,3,1.5,1.5,1,0.00,0.0,0.00,0.0,0.00,0.00,0.0,0.0,Shea,1.0,233,102,0,0.0,0,False,0.1,289,137,435,False,0.2,277,132,,10,,None,50,378,224,p576628,0,0,None,0,,576628.jpg,1.0,233,102,False,-4,None,-20.7,"[{'offset': 0, 'projected_percent': '-20.7', 'likelihood': -2}, {'offset': 1, 'projected_percent': '-39.4', 'likelihood': -2}, {'offset': 2, 'projected_percent': '-51.4', 'likelihood': -3}]",1,0,241,False,0,0.0,,[],Lacey,0.0,488,201,False,None,0,0.0,a,0,16,1,2025-05-26,0.0,493,193,1,291,291,524,524,0.2,0.2,Lacey,0
0,2004-01-03,0,0,True,True,None,None,0,0,0,490881,None,,0,0,0,0,0.0,509,209,0,0,None,,0,3,1.5,1.5,0,0.00,0,0.00,0,0.00,0.00,0,0,Toby,0.0,509,208,0,0,0,False,0.0,513,207,436,False,0.0,497,200,,0,,None,50,335,195,p490881,0,0,None,0,,490881.jpg,0.0,509,208,False,0,None,-43.6,"[{'offset': 0, 'projected_percent': '-43.6', 'likelihood': -3}, {'offset': 1, 'projected_percent': '-43.6', 'likelihood': -3}, {'offset': 2, 'projected_percent': '-43.6', 'likelihood': -3}]",0,0,241,False,0,0,,[],Collyer,0.0,559,232,False,None,0,0,a,0,16,1,2023-07-01,0.0,466,176,0,57,57,217,217,0.0,0.0,Collyer,0
0,None,0,0,True,True,None,None,0,0,0,576620,None,,0,0,0,0,0.0,416,161,0,0,None,,0,3,1.0,1.0,0,0.00,0,0.00,0,0.00,0.00,0,0,Bendito,0.0,421,158,0,0,0,False,0.0,426,158,437,False,0.0,410,151,,0,,None,45,521,259,p576620,0,0,None,0,,576620.jpg,0.0,421,158,False,-5,None,-27.5,"[{'offset': 0, 'projected_percent': '-27.5', 'likelihood': -2}, {'offset': 1, 'projected_percent': '-34.1', 'likelihood': -2}, {'offset': 2, 'projected_percent': '-38.3', 'likelihood': -2}]",0,0,None,False,0,0,,[],Mantato,0.2,357,132,False,None,0,0,a,0,16,1,None,0.0,356,119,0,910,910,2176,2176,0.0,0.0,Bendito Mantato,0
0,2007-03-19,0,0,True,True,None,None,0,0,0,519913,None,,0,0,0,0,0.0,400,156,0,0,None,,0,3,1.0,1.0,0,0.00,0,0.00,0,0.00,0.00,0,0,Tyler,0.0,405,153,0,0,0,False,0.0,409,153,438,False,0.0,393,146,Tyler Fletcher,0,,None,45,502,254,p519913,0,0,None,0,,519913.jpg,0.0,405,153,False,-18,None,-30.4,"[{'offset': 0, 'projected_percent': '-30.4', 'likelihood': -2}, {'offset': 1, 'projected_percent': '-42.5', 'likelihood': -3}, {'offset': 2, 'projected_percent': '-50.3', 'likelihood': -3}]",0,0,243,False,0,0,,[],Fletcher,0.3,292,97,False,None,0,0,a,0,16,1,2025-05-26,0.0,338,114,0,1229,1229,3636,3636,0.0,0.0,Fletcher,0
0,2003-05-31,0,2,True,True,100,75,0,0.0,0,485711,None,,0,0,0,0,0.5,253,28,0,0.0,None,,0,4,2.2,1.7,1,0.00,0.0,0.04,0.16,0.04,0.07,0.27,0.16,Benjamin,1.0,292,34,0,0.0,0,False,0.9,239,24,439,False,0.0,610,70,,23,,2026-07-23T12:01:23.722029Z,70,29,10,p485711,0,0,None,0,,485711.jpg,1.0,292,34,False,176,None,6.5,"[{'offset': 0, 'projected_percent': '6.5', 'likelihood': 1}, {'offset': 1, 'projected_percent': '10.4', 'likelihood': 1}, {'offset': 2, 'projected_percent': '12.9', 'likelihood': 1}]",0,0,195,False,0,0.0,,[],Sesko,1.8,137,21,False,None,0,0.0,a,0,16,1,2025-08-09,9.0,94,19,1,26420,26420,13481,13481,0.1,0.1,Šeško,0
0,2001-05-22,0,0,True,True,None,None,0,0,0,458249,None,,0,0,0,0,0.0,565,57,0,0,None,,0,4,1.8,1.8,0,0.00,0,0.00,0,0.00,0.00,0,0,Joshua,0.0,563,59,0,0,0,False,0.0,566,59,440,False,0.0,552,51,,0,,None,55,173,39,p458249,0,0,None,0,,458249.jpg,0.0,563,59,False,-84,None,-92.8,"[{'offset': 0, 'projected_percent': '-92.8', 'likelihood': -3}, {'offset': 1, 'projected_percent': '-128.5', 'likelihood': -5}, {'offset': 2, 'projected_percent': '-151.5', 'likelihood': -5}]",0,0,152,False,0,0,,[],Zirkzee,0.5,247,39,False,None,0,0,a,0,16,1,2024-07-17,0.0,548,58,0,1909,1909,11560,11560,0.0,0.0,Zirkzee,0
0,2007-11-29,0,0,True,True,None,None,0,0,0,596047,None,,0,0,0,0,0.0,421,40,0,0,None,,0,4,1.0,1.0,0,0.00,0,0.00,0,0.00,0.00,0,0,Chido,0.0,426,43,0,0,0,False,0.0,431,42,441,False,0.0,415,33,,0,,None,45,528,71,p596047,0,0,None,0,,596047.jpg,0.0,426,43,False,-26,None,-16.6,"[{'offset': 0, 'projected_percent': '-16.6', 'likelihood': -1}, {'offset': 1, 'projected_percent': '-22.0', 'likelihood': -2}, {'offset': 2, 'projected_percent': '-25.4', 'likelihood': -2}]",0,0,58,False,0,0,,[],Obi,1.1,186,28,False,None,0,0,a,0,16,1,2025-02-15,0.0,361,39,0,5739,5739,10418,10418,0.0,0.0,Obi,0
0,1992-04-19,0,0,True,True,None,None,0,0,0,98747,None,,0,0,0,0,0.0,439,49,0,0,None,,0,1,2.6,2.6,0,0.00,0,0.00,0,0.00,0.00,0,0,Nick,0.0,443,60,0,0,0,False,0.0,448,60,442,False,0.0,432,60,,0,,None,50,232,6,p98747,0,0,None,0,,98747.jpg,0.0,443,60,False,-67,None,-30.3,"[{'offset': 0, 'projected_percent': '-30.3', 'likelihood': -2}, {'offset': 1, 'projected_percent': '-42.2', 'likelihood': -3}, {'offset': 2, 'projected_percent': '-49.8', 'likelihood': -3}]",0,0,241,False,0,0,,[],Pope,1.3,171,25,False,None,0,0,a,0,17,4,2022-06-23,0.0,380,49,0,2446,2446,10695,10695,0.0,0.0,Pope,0
0,1992-03-27,0,0,True,True,None,None,0,0,0,81441,None,,0,0,0,0,0.0,339,24,0,0,None,,0,1,1.9,1.9,0,0.00,0,0.00,0,0.00,0.00,0,0,Mark,0.0,349,42,0,0,0,False,0.0,353,42,443,False,0.0,336,42,,0,,None,45,406,25,p81441,0,0,None,0,,81441.jpg,0.0,349,42,False,0,None,-4.7,"[{'offset': 0, 'projected_percent': '-4.7', 'likelihood': -1}, {'offset': 1, 'projected_percent': '-4.7', 'likelihood': -1}, {'offset': 2, 'projected_percent': '-4.7', 'likelihood': -1}]",0,0,241,False,0,0,,[],Gillespie,0.0,519,56,False,None,0,0,a,0,17,4,2020-07-27,0.0,263,24,0,153,153,204,204,0.0,0.0,Gillespie,0
0,2005-12-29,0,0,True,True,None,None,0,0,0,554578,None,,0,0,0,0,0.0,409,47,0,0,None,,0,1,1.9,1.9,0,0.00,0,0.00,0,0.00,0.00,0,0,Ewen,0.0,414,59,0,0,0,False,0.0,418,59,444,False,0.0,402,59,,0,,None,45,512,48,p554578,0,0,None,0,,554578.jpg,0.0,414,59,False,-1,None,-33.7,"[{'offset': 0, 'projected_percent': '-33.7', 'likelihood': -2}, {'offset': 1, 'projected_percent': '-43.2', 'likelihood': -3}, {'offset': 2, 'projected_percent': '-49.2', 'likelihood': -3}]",0,0,73,False,0,0,,[],Jaouen,0.0,534,61,False,None,0,0,a,0,17,4,2026-06-15,0.0,347,47,0,113,113,324,324,0.0,0.0,Jaouen,0
0,2001-08-08,0,0,True,True,None,None,0,0.0,15,465642,None,,0,0,0,0,0.2,269,98,15,15.0,None,,0,2,2.2,2.2,3,0.00,0.0,0.00,0.0,0.00,2.98,2.98,0.0,Malick,3.0,90,39,2,2.0,0,False,3.8,108,37,445,False,37.8,32,11,,90,,None,50,318,60,p465642,0,0,None,0,,465642.jpg,3.0,90,39,False,78,None,3.8,"[{'offset': 0, 'projected_percent': '3.8', 'likelihood': 1}, {'offset': 1, 'projected_percent': '5.5', 'likelihood': 1}, {'offset': 2, 'projected_percent': '6.6', 'likelihood': 1}]",2,0,80,False,0,0.0,,[],Thiaw,1.7,141,57,False,None,1,1.0,a,0,17,4,2025-08-12,0.0,453,179,3,16821,16821,9320,9320,0.6,0.6,Thiaw,0
0,1991-12-20,0,-1,True,True,100,100,0,0.0,0,119471,None,,0,0,0,0,0.0,445,177,0,0.0,2,,0,2,2.2,2.2,1,0.00,0.0,0.00,0.0,0.00,0.79,71.1,0.0,Fabian,1.0,209,84,1,90.0,0,False,0.0,454,176,446,False,0.0,438,176,,1,,2026-08-15T16:30:07.209742Z,50,238,38,p119471,0,0,None,0,,119471.jpg,1.0,209,84,False,5,None,0.2,"[{'offset': 0, 'projected_percent': '0.2', 'likelihood': 1}, {'offset': 1, 'projected_percent': '0.3', 'likelihood': 1}, {'offset': 2, 'projected_percent': '0.4', 'likelihood': 1}]",0,0,207,False,0,0.0,,[],Schär,0.3,309,116,False,None,0,0.0,a,0,17,4,2018-07-26,0.0,386,160,1,1741,1741,1650,1650,0.2,0.2,Schär,0
0,2000-01-12,0,4,True,True,None,None,0,0.0,10,220237,None,,0,0,0,0,0.3,258,94,10,10.0,None,,0,2,2.2,2.2,3,0.01,0.01,0.01,0.01,0.00,2.98,2.98,0.0,Sven,3.0,88,37,2,2.0,0,False,3.3,121,44,447,False,32.4,46,17,,90,,None,50,275,47,p220237,0,0,None,0,,220237.jpg,3.0,88,37,False,45,None,2.8,"[{'offset': 0, 'projected_percent': '2.8', 'likelihood': 1}, {'offset': 1, 'projected_percent': '3.8', 'likelihood': 1}, {'offset': 2, 'projected_percent': '4.4', 'likelihood': 1}]",2,0,152,False,0,0.0,,[],Botman,0.5,251,93,False,None,1,1.0,a,0,17,4,2022-06-28,0.0,414,168,3,7897,7897,2899,2899,0.6,0.6,Botman,0
0,1992-05-09,0,0,True,True,0,None,0,0,0,78916,None,,0,0,0,0,0.0,437,175,0,0,None,,0,2,0.0,2.2,0,0.00,0,0.00,0,0.00,0.00,0,0,Dan,0.0,442,168,0,0,0,False,0.0,447,174,448,False,0.0,431,174,,0,Ankle injury - Expected back 14 Sep,2026-08-23T18:00:08.367241Z,50,228,35,p78916,0,0,None,0,,78916.jpg,0.0,442,168,False,-524,None,-71.5,"[{'offset': 0, 'projected_percent': '-71.5', 'likelihood': -3}, {'offset': 1, 'projected_percent': '-96.8', 'likelihood': -4}, {'offset': 2, 'projected_percent': '-113.1', 'likelihood': -5}]",0,0,241,False,0,0,https://www.newcastleunited.com/en/news/confimed-line-up-opening-day-debuts-for-hornicek-dedic-and-steur-against-liverpool,[],Burn,1.7,145,59,False,None,0,0,i,0,17,4,2022-01-31,0.0,378,158,0,6225,6225,67771,67771,0.0,0.0,Burn,0
0,2004-09-08,0,8,True,True,None,None,0,0.0,6,487838,1,,0,0,0,0,15.2,80,24,11,11.0,1,,0,2,2.2,2.2,3,0.35,0.35,0.35,0.35,0.00,2.98,2.98,0.0,Lewis,3.0,91,40,2,2.0,0,False,3.7,113,41,449,False,22.0,75,35,,90,,None,50,330,66,p487838,0,0,None,0,,487838.jpg,3.0,91,40,False,176,None,15.4,"[{'offset': 0, 'projected_percent': '15.4', 'likelihood': 1}, {'offset': 1, 'projected_percent': '19.3', 'likelihood': 1}, {'offset': 2, 'projected_percent': '21.8', 'likelihood': 2}]",8,0,241,False,0,0.0,,[],Hall,4.1,78,32,False,None,1,1.0,a,5,17,4,2024-07-01,0.0,461,182,3,47439,47439,16928,16928,0.6,0.6,Hall,0
0,2002-11-12,0,0,True,True,0,0,0,0,0,441191,None,,0,0,0,0,0.0,487,187,0,0,None,,0,2,0.0,0.0,0,0.00,0,0.00,0,0.00,0.00,0,0,Tino,0.0,488,180,0,0,0,False,0.0,493,187,450,False,0.0,477,187,,0,Calf injury - Unknown return date,2026-07-23T12:01:23.753221Z,50,304,55,p441191,0,0,None,0,,441191.jpg,0.0,488,180,False,-5,None,-59.3,"[{'offset': 0, 'projected_percent': '-59.3', 'likelihood': -3}, {'offset': 1, 'projected_percent': '-69.6', 'likelihood': -3}, {'offset': 2, 'projected_percent': '-76.2', 'likelihood': -3}]",0,0,241,False,0,0,https://www.newcastleunited.com/en/news/matthias-jaissles-team-news-update-livramento-and-joelinton-latest-ahead-of-premier-league-opener,[],Livramento,0.0,515,178,False,None,0,0,i,0,17,4,2023-08-08,0.0,440,175,0,84,84,1146,1146,0.0,0.0,Livramento,0
0,2004-06-25,0,0,False,True,0,0,0,0,0,545477,None,,0,0,0,0,0.0,318,124,0,0,None,,0,2,0.0,0.0,0,0.00,0,0.00,0,0.00,0.00,0,0,Alex,0.0,331,117,0,0,0,False,0.0,335,123,451,False,0.0,318,122,,0,Has joined FC Kaiserslautern on loan for the rest of the season,2026-08-12T14:05:29.224600Z,40,597,187,p545477,0,0,None,0,,545477.jpg,0.0,331,117,False,-7,None,0.0,"[{'offset': 0, 'projected_percent': '0.0', 'likelihood': 0}, {'offset': 1, 'projected_percent': '0.0', 'likelihood': 0}, {'offset': 2, 'projected_percent': '0.0', 'likelihood': 0}]",0,0,104,False,0,0,,[],Murphy,0.1,423,150,False,None,0,0,u,0,17,4,2023-07-19,0.0,240,93,0,0,0,3107,3107,0.0,0.0,A.Murphy,0
0,1997-12-09,0,12,True,True,None,None,0,0.0,3,201666,None,,0,0,0,0,2.4,175,103,8,8.0,None,,0,3,2.2,2.2,2,0.02,0.02,0.09,0.09,0.07,2.98,2.98,0.07,Harvey,2.0,152,75,2,2.0,0,False,1.7,202,90,453,False,5.2,210,87,,90,,None,60,67,45,p201666,0,0,None,0,,201666.jpg,2.0,152,75,False,160,None,1.8,"[{'offset': 0, 'projected_percent': '1.8', 'likelihood': 1}, {'offset': 1, 'projected_percent': '5.3', 'likelihood': 1}, {'offset': 2, 'projected_percent': '7.6', 'likelihood': 1}]",4,0,241,False,0,0.0,,[],Barnes,1.1,185,59,False,None,1,1.0,a,1,17,4,2023-07-23,9.0,91,44,2,11320,11320,8673,8673,0.3,0.3,Barnes,0
0,2002-04-27,2,31,True,True,None,None,0,0.0,1,449434,4,,0,0,0,0,3.5,160,93,2,2.4,None,,0,3,2.2,2.2,9,0.01,0.01,0.23,0.27,0.22,1.94,2.33,0.26,Anthony,9.0,27,13,1,1.2,1,False,6.9,45,27,454,False,37.4,33,17,,75,,None,60,86,55,p449434,0,0,None,0,,449434.jpg,9.0,27,13,False,879,None,33.0,"[{'offset': 0, 'projected_percent': '33.0', 'likelihood': 2}, {'offset': 1, 'projected_percent': '52.3', 'likelihood': 3}, {'offset': 2, 'projected_percent': '64.6', 'likelihood': 3}]",1,0,206,False,0,0.0,,[],Elanga,2.0,132,41,False,None,1,1.2,a,0,17,4,2025-07-11,28.0,34,18,9,78944,78944,10050,10050,1.5,1.5,Elanga,0
0,2001-05-28,0,1,True,True,None,None,0,0.0,3,232653,None,,0,0,0,0,1.3,208,117,6,15.88,None,,0,3,1.5,1.5,0,0.01,0.03,0.07,0.19,0.06,1.50,3.97,0.16,Jacob,0.0,476,188,1,2.65,0,False,1.3,224,99,456,False,7.8,180,71,,34,,None,50,288,172,p232653,0,0,None,0,,232653.jpg,0.0,476,188,False,-23,None,-32.9,"[{'offset': 0, 'projected_percent': '-32.9', 'likelihood': -2}, {'offset': 1, 'projected_percent': '-48.0', 'likelihood': -3}, {'offset': 2, 'projected_percent': '-57.7', 'likelihood': -3}]",1,0,241,False,0,0.0,,[],Ramsey,0.4,286,94,False,None,0,0.0,a,2,17,4,2025-08-17,4.0,132,65,0,1291,1291,4039,4039,0.0,0.0,J.Ramsey,1
0,1995-02-24,0,-1,True,True,None,None,0,0.0,1,114243,2,,0,0,0,0,0.1,276,144,2,12.86,None,,0,3,2.2,2.2,0,0.00,0.0,0.00,0.0,0.00,1.04,6.69,0.0,Jacob,0.0,583,251,1,6.43,0,False,0.1,293,139,457,False,0.0,578,248,Jacob Murphy,14,,None,60,59,40,p114243,0,0,None,0,,114243.jpg,0.0,583,251,False,-16,None,-49.2,"[{'offset': 0, 'projected_percent': '-49.2', 'likelihood': -3}, {'offset': 1, 'projected_percent': '-71.1', 'likelihood': -3}, {'offset': 2, 'projected_percent': '-85.2', 'likelihood': -3}]",1,0,241,False,0,0.0,,[],Murphy,0.2,372,142,False,None,0,0.0,a,0,17,4,2017-07-19,2.0,182,92,0,636,636,2273,2273,0.0,0.0,J.Murphy,1
0,1996-08-14,0,0,True,True,0,0,0,0,0,180974,None,,0,0,0,0,0.0,550,230,0,0,None,,0,3,0.0,0.0,0,0.00,0,0.00,0,0.00,0.00,0,0,Joelinton Cássio,0.0,545,227,0,0,0,False,0.0,551,228,458,False,0.0,535,221,Joelinton,0,Unspecified injury - Unknown return date,2026-08-16T08:00:08.074045Z,55,129,79,p180974,0,0,None,0,,180974.jpg,0.0,545,227,False,-8,None,-66.2,"[{'offset': 0, 'projected_percent': '-66.2', 'likelihood': -3}, {'offset': 1, 'projected_percent': '-89.4', 'likelihood': -3}, {'offset': 2, 'projected_percent': '-104.2', 'likelihood': -5}]",0,0,30,False,0,0,https://www.newcastleunited.com/en/news/matthias-jaissles-team-news-update-livramento-and-joelinton-latest-ahead-of-premier-league-opener,[],Apolinário de Lira,0.0,532,219,False,None,0,0,i,0,17,4,2019-07-24,0.0,521,209,0,42,42,974,974,0.0,0.0,Joelinton,0
0,2006-05-01,0,13,True,True,100,100,0,0.0,6,547719,3,,0,0,0,0,21.4,59,39,13,15.6,None,,0,3,2.0,2.0,3,0.01,0.01,0.06,0.07,0.05,1.94,2.33,0.06,Lewis,3.0,101,44,1,1.2,0,False,4.0,103,54,459,False,15.6,109,37,,75,,2026-07-23T12:01:23.785456Z,55,206,129,p547719,0,0,None,0,,547719.jpg,3.0,101,44,False,17,None,0.4,"[{'offset': 0, 'projected_percent': '0.4', 'likelihood': 1}, {'offset': 1, 'projected_percent': '0.8', 'likelihood': 1}, {'offset': 2, 'projected_percent': '1.0', 'likelihood': 1}]",6,0,241,False,0,0.0,,[],Miley,0.1,461,185,False,None,1,1.2,a,1,17,4,2023-02-01,3.0,152,79,3,1195,1195,449,449,0.5,0.5,L.Miley,1
0,1999-08-20,0,28,True,True,None,None,0,0.0,0,200089,None,,0,0,0,0,13.9,90,58,3,7.94,None,,0,3,1.5,1.5,6,0.17,0.45,0.26,0.69,0.09,1.50,3.97,0.24,Joe,6.0,51,22,1,2.65,1,False,6.1,52,31,460,False,38.4,29,16,,34,,None,50,255,155,p200089,0,0,None,0,,200089.jpg,6.0,51,22,False,75,None,2.6,"[{'offset': 0, 'projected_percent': '2.6', 'likelihood': 1}, {'offset': 1, 'projected_percent': '4.3', 'likelihood': 1}, {'offset': 2, 'projected_percent': '5.3', 'likelihood': 1}]",1,0,241,False,0,0.0,,[],Willock,0.2,322,111,False,None,0,0.0,a,2,17,4,2021-08-13,9.0,90,43,6,7123,7123,1640,1640,1.2,1.2,Willock,0
0,2006-03-02,0,0,True,True,None,None,0,0,0,611665,None,,0,0,0,0,0.0,600,260,0,0,None,,0,3,2.2,2.2,0,0.00,0,0.00,0,0.00,0.00,0,0,Bazoumana,0.0,596,259,0,0,0,False,0.0,600,260,461,False,0.0,597,258,,0,,None,60,108,69,p611665,0,0,None,0,,611665.jpg,0.0,596,259,False,-32,None,-76.2,"[{'offset': 0, 'projected_percent': '-76.2', 'likelihood': -3}, {'offset': 1, 'projected_percent': '-109.5', 'likelihood': -5}, {'offset': 2, 'projected_percent': '-130.9', 'likelihood': -5}]",0,0,54,False,0,0,,[],Touré,0.2,333,119,False,None,0,0,a,0,17,4,2026-07-05,0.0,595,255,0,464,464,3792,3792,0.0,0.0,Touré,0
0,2008-01-11,0,3,True,True,None,None,0,0.0,0,636852,None,,0,0,0,0,1.2,214,120,2,3.27,None,,0,3,1.5,1.5,1,0.00,0.0,0.00,0.0,0.00,1.48,2.42,0.0,Sean,1.0,238,106,1,1.64,0,False,0.2,283,134,462,False,0.4,272,128,,55,,None,50,391,233,p636852,0,0,None,0,,636852.jpg,1.0,238,106,False,-3,None,-2.4,"[{'offset': 0, 'projected_percent': '-2.4', 'likelihood': -1}, {'offset': 1, 'projected_percent': '-8.8', 'likelihood': -1}, {'offset': 2, 'projected_percent': '-12.9', 'likelihood': -1}]",2,0,152,False,0,0.0,,[],Steur,0.1,413,161,False,None,1,1.64,a,0,17,4,2026-07-09,0.0,502,199,1,688,688,876,876,0.2,0.2,Steur,0
0,2002-02-14,0,0,True,True,None,None,0,0,0,470313,None,,0,0,0,0,0.0,594,66,0,0,None,,0,4,2.0,2.0,0,0.00,0,0.00,0,0.00,0.00,0,0,Nick,0.0,590,65,0,0,0,False,0.0,594,66,463,False,0.0,590,65,,0,,None,60,92,23,p470313,0,0,1,0,,470313.jpg,0.0,590,65,False,-217,None,-66.4,"[{'offset': 0, 'projected_percent': '-66.4', 'likelihood': -3}, {'offset': 1, 'projected_percent': '-98.4', 'likelihood': -4}, {'offset': 2, 'projected_percent': '-118.9', 'likelihood': -5}]",0,0,80,False,0,0,,[],Woltemade,1.6,154,25,False,None,0,0,a,0,17,4,2025-08-30,0.0,587,66,0,6589,6589,27013,27013,0.0,0.0,Woltemade,0
1,1996-09-03,0,7,True,True,None,None,0,0.0,1,216646,None,,0,0,0,0,16.3,74,6,8,8.0,None,,0,4,2.0,2.0,4,0.02,0.02,1.02,1.02,1.00,2.19,2.19,1.0,Yoane,4.0,78,8,1,1.0,0,False,6.4,48,8,464,False,20.0,85,7,,90,,None,60,72,19,p216646,0,0,3,0,,216646.jpg,4.0,78,8,False,1490,None,49.1,"[{'offset': 0, 'projected_percent': '49.1', 'likelihood': 3}, {'offset': 1, 'projected_percent': '81.8', 'likelihood': 3}, {'offset': 2, 'projected_percent': '102.8', 'likelihood': 5}]",3,0,50,False,0,0.0,,[],Wissa,3.3,101,14,False,None,1,1.0,a,4,17,4,2025-09-01,28.0,33,9,4,126957,126957,19971,19971,0.7,0.7,Wissa,1
1,2003-08-04,0,18,True,True,0,None,0,0.0,2,538207,None,,0,0,0,0,13.7,95,8,5,8.18,None,,0,4,0.0,2.0,4,0.14,0.23,0.20,0.33,0.06,1.48,2.42,0.1,William,4.0,80,10,1,1.64,0,False,5.0,78,11,465,False,28.2,59,6,,55,Foot injury - Unknown return date,2026-08-25T19:00:08.004915Z,60,102,26,p538207,0,0,2,0,,538207.jpg,4.0,80,10,False,-482,None,0.3,"[{'offset': 0, 'projected_percent': '0.3', 'likelihood': 1}, {'offset': 1, 'projected_percent': '-38.6', 'likelihood': -2}, {'offset': 2, 'projected_percent': '-64.1', 'likelihood': -3}]",2,0,58,False,0,0.0,,[],Osula,1.0,196,31,False,None,1,1.64,i,1,17,4,2024-08-08,8.0,100,20,4,20277,20277,19741,19741,0.7,0.7,Osula,0
0,2007-05-27,0,0,True,True,None,None,0,0,0,599303,None,,0,0,0,0,0.0,423,41,0,0,None,,0,4,1.0,1.0,0,0.00,0,0.00,0,0.00,0.00,0,0,Sean,0.0,428,44,0,0,0,False,0.0,433,43,466,False,0.0,417,34,,0,,None,45,530,72,p599303,0,0,None,0,,599303.jpg,0.0,428,44,False,-4,None,-3.7,"[{'offset': 0, 'projected_percent': '-3.7', 'likelihood': -1}, {'offset': 1, 'projected_percent': '-4.9', 'likelihood': -1}, {'offset': 2, 'projected_percent': '-5.6', 'likelihood': -1}]",0,0,241,False,0,0,,[],Neave,0.8,219,37,False,None,0,0,a,0,17,4,2025-02-07,0.0,363,40,0,5793,5793,7211,7211,0.0,0.0,Neave,0
0,2006-07-14,0,5,True,True,None,None,0,0.0,1,632794,None,,0,0,0,0,0.0,537,225,2,12.86,None,,0,3,1.5,1.5,1,0.00,0.0,0.00,0.0,0.00,1.04,6.69,0.0,Aladji,1.0,237,105,1,6.43,0,False,0.4,266,122,559,False,4.0,223,96,,14,,None,50,390,232,p632794,0,0,None,0,,632794.jpg,1.0,237,105,False,-2,None,-23.1,"[{'offset': 0, 'projected_percent': '-23.1', 'likelihood': -2}, {'offset': 1, 'projected_percent': '-27.1', 'likelihood': -2}, {'offset': 2, 'projected_percent': '-29.6', 'likelihood': -2}]",0,0,73,False,0,0.0,,[],Bamba,0.1,392,153,False,None,0,0.0,a,1,17,4,2026-07-24,0.0,501,198,1,630,630,1447,1447,0.2,0.2,Bamba,0
0,2002-07-13,0,12,True,True,None,None,0,0.0,3,470551,None,,0,0,0,0,0.0,501,62,0,0.0,None,,0,1,2.6,2.6,1,0.00,0.0,0.00,0.0,0.00,2.98,2.98,0.0,Lukás,1.0,219,19,2,2.0,0,False,4.1,100,2,567,False,41.2,24,2,,90,,None,50,323,19,p470551,0,0,None,0,,470551.jpg,1.0,219,19,False,3,None,0.7,"[{'offset': 0, 'projected_percent': '0.7', 'likelihood': 1}, {'offset': 1, 'projected_percent': '0.8', 'likelihood': 1}, {'offset': 2, 'projected_percent': '0.8', 'likelihood': 1}]",5,0,57,False,5,5.0,,[],Hornícek,0.7,225,31,False,None,1,1.0,a,0,17,4,2026-08-03,0.0,456,62,1,4863,4863,3644,3644,0.2,0.2,Horníček,1
0,2002-08-18,0,-1,True,True,None,None,0,0.0,7,463726,None,,0,0,0,0,1.2,212,69,9,9.0,None,,0,2,1.7,1.7,1,0.00,0.0,0.03,0.03,0.03,2.98,2.98,0.03,Amar,1.0,195,73,2,2.0,0,False,2.3,161,62,593,False,16.4,106,46,,90,,None,45,474,127,p463726,0,0,None,0,,463726.jpg,1.0,195,73,False,0,2026-09-01T14:00:38.519566Z,0.0,"[{'offset': 0, 'projected_percent': '0.0', 'likelihood': 0}, {'offset': 1, 'projected_percent': '0.0', 'likelihood': 0}, {'offset': 2, 'projected_percent': '0.0', 'likelihood': 0}]",2,0,27,False,0,0.0,,[],Dedic,0.4,285,109,False,None,1,1.0,a,2,17,4,2026-08-18,5.0,123,39,1,8431,8431,1783,1783,0.2,0.2,Dedić,0
0,2007-03-18,0,0,True,True,None,None,0,0,0,553746,None,,0,0,0,0,0.0,322,128,0,0,None,,0,2,1.0,1.0,0,0.00,0,0.00,0,0.00,0.00,0,0,Leo,0.0,335,121,0,0,0,False,0.0,339,127,609,False,0.0,322,126,,0,,None,40,601,191,p553746,0,0,None,0,,553746.jpg,0.0,335,121,False,0,2026-09-05T18:21:27.993732Z,0.0,"[{'offset': 0, 'projected_percent': '0.0', 'likelihood': 0}, {'offset': 1, 'projected_percent': '0.0', 'likelihood': 0}, {'offset': 2, 'projected_percent': '0.0', 'likelihood': 0}]",0,0,241,False,0,0,,[],Shahar,0.1,415,147,False,None,0,0,a,0,17,4,2024-08-08,0.0,244,97,0,3368,3368,558,558,0.0,0.0,Shahar,0
0,1992-02-26,0,11,True,True,None,None,0,0.0,0,85633,None,,0,0,0,0,0.0,438,48,0,0.0,None,,0,1,2.6,2.6,2,0.00,0.0,0.00,0.0,0.00,0.47,0.47,0.0,Matz,2.0,119,12,1,1.0,0,False,1.4,217,18,467,False,14.2,122,18,,90,,None,50,229,5,p85633,0,0,None,0,,85633.jpg,2.0,119,12,False,-88,None,-18.2,"[{'offset': 0, 'projected_percent': '-18.2', 'likelihood': -1}, {'offset': 1, 'projected_percent': '-31.4', 'likelihood': -2}, {'offset': 2, 'projected_percent': '-39.8', 'likelihood': -2}]",9,0,21,False,2,2.0,,[],Sels,1.5,158,24,False,None,1,1.0,a,0,18,17,2024-02-01,0.0,379,48,2,2738,2738,9551,9551,0.4,0.4,Sels,0
0,1996-02-13,0,0,True,True,None,None,0,0,0,221389,None,,0,0,0,0,0.0,362,33,0,0,None,,0,1,1.9,1.9,0,0.00,0,0.00,0,0.00,0.00,0,0,John Victor,0.0,371,51,0,0,0,False,0.0,375,51,468,False,0.0,358,51,John Victor,0,,None,45,444,34,p221389,0,0,None,0,,221389.jpg,0.0,371,51,False,-9,None,-17.7,"[{'offset': 0, 'projected_percent': '-17.7', 'likelihood': -1}, {'offset': 1, 'projected_percent': '-50.5', 'likelihood': -3}, {'offset': 2, 'projected_percent': '-71.6', 'likelihood': -3}]",0,0,30,False,0,0,,[],Maciel Furtado,0.1,469,52,False,None,0,0,a,0,18,17,2025-08-31,0.0,290,33,0,156,156,411,411,0.0,0.0,John,0
0,2001-04-13,0,13,True,True,None,None,0,0.0,3,215136,1,,0,0,0,0,5.8,141,41,6,6.0,2,,0,2,2.2,2.2,2,0.02,0.02,0.02,0.02,0.00,0.47,0.47,0.0,Neco,2.0,126,46,1,1.0,0,False,2.7,144,57,469,False,15.2,113,52,,90,,None,50,271,45,p215136,0,0,None,0,,215136.jpg,2.0,126,46,False,-762,None,-25.3,"[{'offset': 0, 'projected_percent': '-25.3', 'likelihood': -2}, {'offset': 1, 'projected_percent': '-44.5', 'likelihood': -3}, {'offset': 2, 'projected_percent': '-56.9', 'likelihood': -3}]",10,0,244,False,0,0.0,,[],Williams,9.1,43,16,False,None,1,1.0,a,3,18,17,2022-07-11,6.0,115,34,2,13214,13214,67678,67678,0.4,0.4,N.Williams,0
0,2001-06-30,0,0,True,True,None,None,0,0,0,485047,None,,0,0,0,0,0.0,502,191,0,0,None,,0,2,2.2,2.2,0,0.00,0,0.00,0,0.00,0.00,0,0,Felipe,0.0,502,185,0,0,0,False,0.0,506,191,470,False,0.0,490,191,Morato,0,,None,50,327,65,p485047,0,0,None,0,,485047.jpg,0.0,502,185,False,-2,None,-38.1,"[{'offset': 0, 'projected_percent': '-38.1', 'likelihood': -2}, {'offset': 1, 'projected_percent': '-47.7', 'likelihood': -3}, {'offset': 2, 'projected_percent': '-53.9', 'likelihood': -3}]",0,0,30,False,0,0,,[],Rodrigues da Silva,0.0,490,171,False,None,0,0,a,0,18,17,2024-08-30,0.0,458,181,0,220,220,585,585,0.0,0.0,Morato,0
0,1997-10-12,0,4,True,True,None,None,0,0.0,7,227444,None,,0,0,0,0,0.6,244,88,7,7.0,None,,0,2,2.5,2.5,2,0.02,0.02,0.13,0.13,0.11,0.47,0.47,0.11,Nikola,2.0,140,49,1,1.0,0,False,2.2,166,65,471,False,7.6,182,80,,90,,None,55,149,18,p227444,0,0,None,0,,227444.jpg,2.0,140,49,False,-140,None,-28.1,"[{'offset': 0, 'projected_percent': '-28.1', 'likelihood': -2}, {'offset': 1, 'projected_percent': '-45.7', 'likelihood': -3}, {'offset': 2, 'projected_percent': '-56.9', 'likelihood': -3}]",6,0,190,False,0,0.0,,[],Milenković,1.8,136,54,False,None,1,1.0,a,0,18,17,2024-07-18,14.0,72,19,2,2384,2384,13897,13897,0.4,0.4,Milenković,0
0,2002-07-04,0,15,True,True,100,100,0,0.0,12,575476,None,,0,0,0,0,25.9,45,14,14,14.0,3,,0,2,2.5,2.5,4,0.28,0.28,0.28,0.28,0.00,0.47,0.47,0.0,Murillo,4.0,77,32,1,1.0,0,False,5.8,57,16,472,False,32.2,47,18,Murillo,90,,2026-07-23T12:01:23.801183Z,55,214,31,p575476,0,0,None,0,,575476.jpg,4.0,77,32,False,-58,None,-3.6,"[{'offset': 0, 'projected_percent': '-3.6', 'likelihood': -1}, {'offset': 1, 'projected_percent': '-11.5', 'likelihood': -1}, {'offset': 2, 'projected_percent': '-16.6', 'likelihood': -1}]",3,0,30,False,0,0.0,,[],Costa dos Santos,1.7,149,62,False,None,1,1.0,a,2,18,17,2023-08-31,0.0,569,200,4,7820,7820,9746,9746,0.7,0.7,Murillo,0
0,1996-10-08,0,24,True,True,None,None,1,1.23,2,159506,None,,0,0,0,0,35.6,20,5,2,2.47,None,,0,2,1.7,1.7,5,0.17,0.21,0.21,0.26,0.04,0.34,0.42,0.05,Ola,5.0,65,29,0,0.0,0,False,6.3,50,12,473,False,16.0,107,47,,73,,None,45,423,89,p159506,0,0,None,0,,159506.jpg,5.0,65,29,False,-87,None,-2.7,"[{'offset': 0, 'projected_percent': '-2.7', 'likelihood': -1}, {'offset': 1, 'projected_percent': '-8.4', 'likelihood': -1}, {'offset': 2, 'projected_percent': '-12.0', 'likelihood': -1}]",4,0,157,False,0,0.0,,[],Aina,3.5,94,38,False,None,1,1.23,a,0,18,17,2023-07-22,11.0,81,25,5,15912,15912,19218,19218,1.1,1.1,Aina,1
0,2005-03-07,0,5,True,True,None,None,0,0.0,7,575458,None,,0,0,0,0,1.3,207,67,8,8.0,None,,0,2,1.7,1.7,1,0.00,0.0,0.00,0.0,0.00,0.47,0.47,0.0,Jair,1.0,205,81,1,1.0,0,False,2.2,164,64,474,False,20.8,80,37,Jair Cunha,90,,None,45,520,145,p575458,0,0,None,0,,575458.jpg,1.0,205,81,False,-11,None,-21.3,"[{'offset': 0, 'projected_percent': '-21.3', 'likelihood': -2}, {'offset': 1, 'projected_percent': '-32.8', 'likelihood': -2}, {'offset': 2, 'projected_percent': '-40.2', 'likelihood': -3}]",0,0,30,False,0,0.0,,[],Paula da Cunha Filho,0.2,334,125,False,None,1,1.0,a,1,18,17,2025-07-11,0.0,355,153,1,242,242,1330,1330,0.2,0.2,Jair Cunha,1
0,2003-03-19,0,0,True,True,0,0,0,0,0,500151,None,,0,0,0,0,0.0,393,163,0,0,None,,0,2,0.0,0.0,0,0.00,0,0.00,0,0.00,0.00,0,0,Nicolò,0.0,398,156,0,0,0,False,0.0,402,162,475,False,0.0,386,162,,0,Knee injury - Unknown return date,2026-07-23T12:01:23.816304Z,45,494,135,p500151,0,0,None,0,,500151.jpg,0.0,398,156,False,3,None,0.0,"[{'offset': 0, 'projected_percent': '0.0', 'likelihood': 0}, {'offset': 1, 'projected_percent': '0.1', 'likelihood': 1}, {'offset': 2, 'projected_percent': '0.1', 'likelihood': 1}]",0,0,106,False,0,0,https://www.nottinghamforest.co.uk/news/2026/august/20/early-team-news-for-forest-s-clash-with-leeds/?utm_source=premier-league-web&utm_medium=referral&utm_campaign=pl-referral-always-on&utm_content=home&utm_term=live-bar,[],Savona,0.0,608,203,False,None,0,0,i,0,18,17,2025-08-30,0.0,330,144,0,71,71,44,44,0.0,0.0,Savona,0
0,1998-02-15,0,0,True,True,None,None,0,0,0,204822,None,,0,0,0,0,0.0,295,110,0,0,None,,0,2,1.0,1.0,0,0.00,0,0.00,0,0.00,0.00,0,0,Omar,0.0,309,104,0,0,0,False,0.0,313,110,476,False,0.0,296,109,,0,,None,40,566,165,p204822,0,0,None,0,,204822.jpg,0.0,309,104,False,-8,None,-20.9,"[{'offset': 0, 'projected_percent': '-20.9', 'likelihood': -2}, {'offset': 1, 'projected_percent': '-28.7', 'likelihood': -2}, {'offset': 2, 'projected_percent': '-33.6', 'likelihood': -2}]",0,0,241,False,0,0,,[],Richards,0.2,319,121,False,None,0,0,a,0,18,17,2022-07-10,0.0,215,77,0,460,460,1773,1773,0.0,0.0,O.Richards,0
0,2006-05-13,0,0,True,True,None,None,0,0,0,549067,None,,0,0,0,0,0.0,321,127,0,0,None,,0,2,1.0,1.0,0,0.00,0,0.00,0,0.00,0.00,0,0,Zach,0.0,334,120,0,0,0,False,0.0,338,126,477,False,0.0,321,125,,0,,None,40,600,190,p549067,0,0,None,0,,549067.jpg,0.0,334,120,False,-6,None,-13.0,"[{'offset': 0, 'projected_percent': '-13.0', 'likelihood': -1}, {'offset': 1, 'projected_percent': '-18.7', 'likelihood': -1}, {'offset': 2, 'projected_percent': '-22.4', 'likelihood': -2}]",0,0,241,False,0,0,,[],Abbott,0.3,314,118,False,None,0,0,a,0,18,17,2022-08-22,0.0,243,96,0,920,920,1945,1945,0.0,0.0,Abbott,0
0,2003-05-15,0,-2,True,True,None,None,0,0.0,0,470315,None,,0,0,0,0,0.9,224,75,0,0.0,None,,0,2,1.7,1.7,1,0.00,0.0,0.00,0.0,0.00,0.13,0.73,0.0,Luca,1.0,196,74,1,5.62,0,False,0.1,288,101,478,False,0.0,376,158,,16,,None,45,477,128,p470315,0,0,None,0,,470315.jpg,1.0,196,74,False,2,None,-21.6,"[{'offset': 0, 'projected_percent': '-21.6', 'likelihood': -2}, {'offset': 1, 'projected_percent': '-11.0', 'likelihood': -1}, {'offset': 2, 'projected_percent': '-4.2', 'likelihood': -1}]",1,0,80,False,0,0.0,,[],Netz,0.0,516,179,False,None,0,0.0,a,0,18,17,2026-02-02,0.0,315,139,1,104,104,253,253,0.2,0.2,Netz,0
0,2005-01-27,0,0,True,True,None,None,0,0,0,538638,None,,0,0,0,0,0.0,317,123,0,0,None,,0,2,1.0,1.0,0,0.00,0,0.00,0,0.00,0.00,0,0,Tyler,0.0,330,116,0,0,0,False,0.0,334,122,479,False,0.0,317,121,,0,,None,40,595,185,p538638,0,0,None,0,,538638.jpg,0.0,330,116,False,-8,None,-17.7,"[{'offset': 0, 'projected_percent': '-17.7', 'likelihood': -1}, {'offset': 1, 'projected_percent': '-27.6', 'likelihood': -2}, {'offset': 2, 'projected_percent': '-33.9', 'likelihood': -2}]",0,0,154,False,0,0,,[],Bindon,0.2,354,133,False,None,0,0,a,0,18,17,2025-02-03,0.0,238,91,0,328,328,1258,1258,0.0,0.0,Bindon,0
0,2000-01-27,0,10,True,True,100,None,0,0.0,1,222531,None,,0,0,0,0,9.3,126,73,3,3.0,1,,0,3,2.8,2.8,2,0.06,0.06,0.19,0.19,0.13,0.47,0.47,0.13,Morgan,2.0,166,83,1,1.0,0,False,2.4,160,73,480,False,0.0,616,270,,90,,2026-08-24T15:30:08.350159Z,80,7,5,p222531,0,0,2,0,,222531.jpg,2.0,166,83,False,-4044,None,-150.0,"[{'offset': 0, 'projected_percent': '-150.0', 'likelihood': -5}, {'offset': 1, 'projected_percent': '-257.4', 'likelihood': -5}, {'offset': 2, 'projected_percent': '-326.2', 'likelihood': -5}]",2,0,241,False,0,0.0,,[],Gibbs-White,8.6,47,18,False,None,1,1.0,a,0,18,17,2022-08-19,16.0,67,37,2,7393,7393,248247,248247,0.2,0.2,Gibbs-White,0
0,2000-11-07,0,0,True,True,100,100,0,0,0,209046,None,,0,0,0,0,0.0,589,253,0,0,4,,0,3,2.2,2.2,0,0.00,0,0.00,0,0.00,0.00,0,0,Callum,0.0,585,252,0,0,0,False,0.0,589,253,482,False,0.0,583,250,,0,,2026-07-23T12:01:23.832709Z,60,70,46,p209046,0,0,None,0,,209046.jpg,0.0,585,252,False,-82,None,-88.9,"[{'offset': 0, 'projected_percent': '-88.9', 'likelihood': -3}, {'offset': 1, 'projected_percent': '-170.8', 'likelihood': -5}, {'offset': 2, 'projected_percent': '-223.2', 'likelihood': -5}]",0,0,241,False,0,0,,[],Hudson-Odoi,0.2,323,112,False,None,0,0,a,0,18,17,2023-09-01,0.0,579,245,0,654,654,4528,4528,0.0,0.0,Hudson-Odoi,0
0,2000-10-25,0,5,True,True,None,None,1,1.48,1,456512,None,,0,0,0,0,2.5,169,99,3,4.43,None,,0,3,2.0,2.0,3,0.00,0.0,0.00,0.0,0.00,0.25,0.37,0.0,Dan,3.0,99,42,0,0.0,0,False,0.4,269,125,483,False,1.4,259,119,,61,,None,55,172,107,p456512,0,0,None,0,,456512.jpg,3.0,99,42,False,-24,None,-34.3,"[{'offset': 0, 'projected_percent': '-34.3', 'likelihood': -2}, {'offset': 1, 'projected_percent': '-47.8', 'likelihood': -3}, {'offset': 2, 'projected_percent': '-56.4', 'likelihood': -3}]",1,0,207,False,0,0.0,,[],Ndoye,0.4,274,89,False,None,1,1.48,a,1,18,17,2025-07-31,0.0,547,228,3,1208,1208,4316,4316,0.5,0.5,Ndoye,0
0,2003-10-30,0,0,True,True,None,None,0,0,0,503301,4,,0,0,0,0,0.0,576,248,0,0,None,,0,3,2.0,2.0,0,0.00,0,0.00,0,0.00,0.00,0,0,Omari,0.0,572,246,0,0,0,False,0.0,576,246,484,False,0.0,563,240,,0,,None,55,198,123,p503301,0,0,None,0,,503301.jpg,0.0,572,246,False,-16,None,-52.1,"[{'offset': 0, 'projected_percent': '-52.1', 'likelihood': -3}, {'offset': 1, 'projected_percent': '-74.3', 'likelihood': -3}, {'offset': 2, 'projected_percent': '-88.6', 'likelihood': -3}]",0,0,241,False,0,0,,[],Hutchinson,0.2,369,139,False,None,0,0,a,0,18,17,2025-08-16,0.0,563,238,0,183,183,1877,1877,0.0,0.0,Hutchinson,0
0,2002-08-26,0,0,False,True,0,None,0,0,0,476887,None,,0,0,0,0,0.0,570,243,0,0,None,,0,3,0.0,2.0,0,0.00,0,0.00,0,0.00,0.00,0,0,Dilane,0.0,567,241,0,0,0,False,0.0,571,241,485,False,0.0,557,235,,0,Has joined Lille on loan for the rest of the season,2026-08-27T14:53:03.381941Z,55,182,112,p476887,0,0,None,0,,476887.jpg,0.0,567,241,False,-4,None,0.0,"[{'offset': 0, 'projected_percent': '0.0', 'likelihood': 0}, {'offset': 1, 'projected_percent': '0.0', 'likelihood': 0}, {'offset': 2, 'projected_percent': '0.0', 'likelihood': 0}]",0,0,73,False,0,0,,[],Bakwa,0.0,573,243,False,None,0,0,u,0,18,17,2025-09-01,0.0,554,231,0,107,107,335,335,0.0,0.0,Bakwa,0
0,2002-10-18,0,18,True,True,None,None,1,1.23,2,432714,2,,0,0,0,0,42.5,12,10,8,9.86,None,,0,3,2.0,2.0,3,0.16,0.2,0.16,0.2,0.00,0.34,0.42,0.0,James,3.0,98,41,0,0.0,0,False,5.4,67,35,486,False,11.6,146,49,,73,,None,55,159,99,p432714,0,0,None,0,,432714.jpg,3.0,98,41,False,7,None,0.1,"[{'offset': 0, 'projected_percent': '0.1', 'likelihood': 1}, {'offset': 1, 'projected_percent': '0.3', 'likelihood': 1}, {'offset': 2, 'projected_percent': '0.4', 'likelihood': 1}]",5,0,241,False,0,0.0,,[],McAtee,0.1,486,199,False,None,1,1.23,a,1,18,17,2025-08-16,0.0,538,223,3,580,580,401,401,0.5,0.5,McAtee,0
0,1998-06-28,0,0,True,True,None,None,0,0,0,250199,None,,0,0,0,0,0.0,481,194,0,0,None,,0,3,1.5,1.5,0,0.00,0,0.00,0,0.00,0.00,0,0,Nicolás,0.0,483,193,0,0,0,False,0.0,488,192,487,False,0.0,472,185,,0,,None,50,295,177,p250199,0,0,None,0,,250199.jpg,0.0,483,193,False,-6,None,-41.5,"[{'offset': 0, 'projected_percent': '-41.5', 'likelihood': -3}, {'offset': 1, 'projected_percent': '-58.0', 'likelihood': -3}, {'offset': 2, 'projected_percent': '-68.6', 'likelihood': -3}]",0,0,10,False,0,0,,[],Domínguez,0.1,445,178,False,None,0,0,a,0,18,17,2023-09-01,0.0,432,159,0,196,196,920,920,0.0,0.0,Dominguez,0
0,1997-12-02,0,10,True,True,0,None,0,0.0,3,210462,None,,0,0,0,0,13.0,99,61,6,6.0,None,,0,3,0.0,1.5,2,0.01,0.01,0.04,0.04,0.03,0.47,0.47,0.03,Ibrahim,2.0,124,56,1,1.0,0,False,3.4,119,59,488,False,17.8,97,34,,90,Calf injury - Unknown return date,2026-08-28T09:30:07.471668Z,50,266,163,p210462,0,0,None,0,,210462.jpg,2.0,124,56,False,-100,None,-13.3,"[{'offset': 0, 'projected_percent': '-13.3', 'likelihood': -1}, {'offset': 1, 'projected_percent': '-21.7', 'likelihood': -2}, {'offset': 2, 'projected_percent': '-27.1', 'likelihood': -2}]",3,0,54,False,0,0.0,https://www.nottinghamforest.co.uk/news/2026/august/28/glasner-provides-injury-update-ahead-of-liverpool-clash/,[],Sangaré,1.0,200,66,False,None,1,1.0,i,0,18,17,2023-09-01,3.0,149,76,2,2812,2812,10361,10361,0.4,0.4,I.Sangaré,0
0,1997-11-21,0,0,True,True,100,0,0,0,0,204968,None,,0,0,0,0,0.0,358,148,0,0,None,,0,3,1.0,0.0,0,0.00,0,0.00,0,0.00,0.00,0,0,Ryan,0.0,367,145,0,0,0,False,0.0,371,145,489,False,0.0,354,138,,0,,2026-08-17T20:30:08.195072Z,45,438,244,p204968,0,0,None,0,,204968.jpg,0.0,367,145,True,0,2026-09-05T09:30:07.492167Z,-0.1,"[{'offset': 0, 'projected_percent': '0', 'likelihood': 0}, {'offset': 1, 'projected_percent': '0', 'likelihood': 0}, {'offset': 2, 'projected_percent': '0', 'likelihood': 0}]",0,0,241,False,0,0,,[],Yates,1.4,164,48,False,None,0,0,a,0,18,17,2018-08-01,0.0,286,104,0,647,647,35817,35817,0.0,0.0,Yates,0
0,1991-12-07,0,3,True,True,None,None,0,0.0,0,60689,None,,0,0,0,0,2.4,174,21,1,3.21,None,,0,4,2.0,2.0,1,0.01,0.03,0.13,0.42,0.12,0.22,0.71,0.39,Chris,1.0,271,30,1,3.21,0,False,0.4,271,28,490,False,0.0,577,59,,28,,None,60,58,14,p60689,0,0,1,0,,60689.jpg,1.0,271,30,False,-244,None,-63.7,"[{'offset': 0, 'projected_percent': '-63.7', 'likelihood': -3}, {'offset': 1, 'projected_percent': '-98.6', 'likelihood': -4}, {'offset': 2, 'projected_percent': '-121.1', 'likelihood': -5}]",1,0,154,False,0,0.0,,[],Wood,1.6,153,24,False,None,0,0.0,a,0,18,17,2023-07-01,3.0,153,25,1,4129,4129,24387,24387,0.2,0.2,Wood,0
0,2001-02-25,0,8,True,True,None,None,0,0.0,2,482973,None,,0,0,0,0,6.8,133,16,3,3.0,None,,0,4,2.0,2.0,2,0.02,0.02,0.24,0.24,0.22,0.47,0.47,0.22,Igor Jesus,2.0,155,15,1,1.0,0,False,4.3,96,13,491,False,5.2,211,14,Igor Jesus,90,,None,60,93,24,p482973,0,0,3,0,,482973.jpg,2.0,155,15,False,-607,None,-46.0,"[{'offset': 0, 'projected_percent': '-46.0', 'likelihood': -3}, {'offset': 1, 'projected_percent': '-82.8', 'likelihood': -3}, {'offset': 2, 'projected_percent': '-106.4', 'likelihood': -5}]",1,0,30,False,0,0.0,,[],Maciel da Cruz,3.8,89,12,False,None,1,1.0,a,0,18,17,2025-07-05,31.0,26,8,2,9108,9108,46624,46624,0.3,0.3,Igor Jesus,0
0,2002-01-20,0,3,True,True,None,None,0,0.0,0,465680,None,,0,0,0,0,0.0,567,59,0,0.0,None,,0,4,1.8,1.8,1,0.00,0.0,0.00,0.0,0.00,0.00,0.0,0.0,Arnaud,1.0,258,27,0,0.0,0,False,0.0,568,61,493,False,0.0,554,53,,1,,None,55,177,42,p465680,0,0,None,0,,465680.jpg,1.0,258,27,False,-7,None,-32.4,"[{'offset': 0, 'projected_percent': '-32.4', 'likelihood': -2}, {'offset': 1, 'projected_percent': '-60.3', 'likelihood': -3}, {'offset': 2, 'projected_percent': '-78.2', 'likelihood': -3}]",0,0,73,False,0,0.0,,[],Kalimuendo,0.1,481,64,False,None,0,0.0,a,0,18,17,2025-08-18,0.0,551,60,1,307,307,638,638,0.2,0.2,Kalimuendo,0
0,1997-09-28,0,3,True,True,None,None,0,0.0,0,204561,3,,0,0,0,0,1.0,222,124,1,5.62,None,,0,3,1.5,1.5,1,0.00,0.0,0.00,0.0,0.00,0.13,0.73,0.0,Xaver,1.0,214,92,1,5.62,0,False,0.4,264,120,558,False,0.6,270,127,Xaver Schlager,16,,None,50,260,158,p204561,0,0,None,0,,204561.jpg,1.0,214,92,False,-8,None,-35.2,"[{'offset': 0, 'projected_percent': '-35.2', 'likelihood': -2}, {'offset': 1, 'projected_percent': '-53.3', 'likelihood': -3}, {'offset': 2, 'projected_percent': '-65.0', 'likelihood': -3}]",1,0,14,False,0,0.0,,[],Schlager,0.1,420,165,False,None,0,0.0,a,0,18,17,2026-07-23,2.0,166,81,1,140,140,949,949,0.2,0.2,Schlager,0
0,2003-12-04,0,0,True,True,None,None,0,0,0,568420,None,,0,0,0,0,0.0,579,202,0,0,None,,0,2,2.5,2.5,0,0.00,0,0.00,0,0.00,0.00,0,0,Ousmane,0.0,576,200,0,0,0,False,0.0,580,202,581,False,0.0,568,202,,0,,None,55,211,30,p568420,0,0,None,0,,568420.jpg,0.0,576,200,False,-107,None,-20.1,"[{'offset': 0, 'projected_percent': '-20.1', 'likelihood': -2}, {'offset': 1, 'projected_percent': '-53.5', 'likelihood': -3}, {'offset': 2, 'projected_percent': '-74.9', 'likelihood': -3}]",0,0,54,False,0,0,,[],Diomande,0.7,222,83,False,None,0,0,a,0,18,17,2026-08-11,0.0,568,199,0,3286,3286,10511,10511,0.0,0.0,Diomande,0
0,1998-10-01,0,0,True,True,None,None,0,0,0,428971,None,,0,0,0,0,0.0,374,36,0,0,None,,0,1,1.9,1.9,0,0.00,0,0.00,0,0.00,0.00,0,0,Steven,0.0,384,53,0,0,0,False,0.0,387,53,590,False,0.0,370,53,,0,,None,45,465,37,p428971,0,0,None,0,,428971.jpg,0.0,384,53,False,0,2026-08-30T13:58:38.502618Z,0.0,"[{'offset': 0, 'projected_percent': '0.0', 'likelihood': 0}, {'offset': 1, 'projected_percent': '0.0', 'likelihood': 0}, {'offset': 2, 'projected_percent': '0.0', 'likelihood': 0}]",0,0,80,False,0,0,,[],Benda,0.1,463,51,False,None,0,0,a,0,18,17,2026-08-15,0.0,307,36,0,559,559,483,483,0.0,0.0,Benda,0
0,2000-06-08,0,3,True,True,None,None,0,0.0,7,469142,None,,0,0,0,0,2.8,166,49,9,9.0,None,,0,2,2.2,2.2,1,0.03,0.03,0.03,0.03,0.00,3.87,3.87,0.0,Jan Paul,1.0,218,87,3,3.0,0,False,3.3,122,45,112,False,28.2,58,22,,90,,None,50,320,62,p469142,0,0,None,0,,469142.jpg,1.0,218,87,False,-566,None,-20.7,"[{'offset': 0, 'projected_percent': '-20.7', 'likelihood': -2}, {'offset': 1, 'projected_percent': '-34.0', 'likelihood': -2}, {'offset': 2, 'projected_percent': '-42.6', 'likelihood': -3}]",3,0,152,False,0,0.0,,[],van Hecke,9.7,40,14,False,None,1,1.0,a,2,19,6,2026-06-18,2.0,170,60,1,33791,33791,86024,86024,0.2,0.2,Van Hecke,0
0,2004-04-10,0,0,True,True,None,None,0,0,0,510281,None,,0,0,0,0,0.0,608,267,0,0,None,,0,3,2.3,2.3,0,0.00,0,0.00,0,0.00,0.00,0,0,Sávio,0.0,604,266,0,0,0,False,0.0,608,267,403,False,0.0,606,266,Sávio,0,,None,65,47,32,p510281,0,0,None,0,,510281.jpg,0.0,604,266,False,906,None,15.7,"[{'offset': 0, 'projected_percent': '15.7', 'likelihood': 1}, {'offset': 1, 'projected_percent': '35.6', 'likelihood': 2}, {'offset': 2, 'projected_percent': '48.3', 'likelihood': 3}]",0,0,30,False,0,0,,[],Moreira de Oliveira,0.7,221,72,False,None,0,0,a,0,19,6,2026-08-25,0.0,606,265,0,39438,39438,5463,5463,0.0,0.0,Sávio,0
0,2000-05-08,0,14,True,True,None,None,0,0.0,0,432422,2,,0,0,0,0,6.4,135,79,4,4.0,5,,0,3,2.0,2.0,2,0.06,0.06,0.10,0.1,0.04,3.87,3.87,0.04,Sandro,2.0,141,65,3,3.0,0,False,2.1,172,78,455,False,6.2,198,79,,90,,None,55,158,98,p432422,0,0,None,0,,432422.jpg,2.0,141,65,False,-280,None,-40.9,"[{'offset': 0, 'projected_percent': '-40.9', 'likelihood': -3}, {'offset': 1, 'projected_percent': '-57.8', 'likelihood': -3}, {'offset': 2, 'projected_percent': '-68.6', 'likelihood': -3}]",3,0,106,False,0,0.0,,[],Tonali,3.8,87,29,False,None,1,1.0,a,1,19,6,2026-07-06,8.0,96,47,2,11924,11924,45286,45286,0.4,0.4,Tonali,0
0,1996-10-07,0,0,False,True,0,0,0,0,0,184254,None,,0,0,0,0,0.0,354,31,0,0,None,,0,1,0.0,0.0,0,0.00,0,0.00,0,0.00,0.00,0,0,Guglielmo,0.0,363,49,0,0,0,False,0.0,367,49,494,False,0.0,350,49,,0,Has joined Juventus on loan for the rest of the season,2026-08-19T13:55:33.193962Z,45,429,32,p184254,0,0,None,0,,184254.jpg,0.0,363,49,False,-56,None,0.0,"[{'offset': 0, 'projected_percent': '0.0', 'likelihood': 0}, {'offset': 1, 'projected_percent': '0.0', 'likelihood': 0}, {'offset': 2, 'projected_percent': '0.0', 'likelihood': 0}]",0,0,106,False,0,0,,[],Vicario,0.2,316,37,False,None,0,0,u,0,19,6,2023-07-01,0.0,280,31,0,0,0,10790,10790,0.0,0.0,Vicario,0
0,1999-01-08,0,0,True,True,None,None,0,0,0,214572,None,,0,0,0,0,0.0,296,11,0,0,None,,0,1,1.0,1.0,0,0.00,0,0.00,0,0.00,0.00,0,0,Brandon,0.0,310,31,0,0,0,False,0.0,314,31,495,False,0.0,297,31,,0,,None,40,567,59,p214572,0,0,None,0,,214572.jpg,0.0,310,31,False,-2,None,-0.4,"[{'offset': 0, 'projected_percent': '-0.4', 'likelihood': -1}, {'offset': 1, 'projected_percent': '-0.7', 'likelihood': -1}, {'offset': 2, 'projected_percent': '-1.0', 'likelihood': -1}]",0,0,241,False,0,0,,[],Austin,0.9,208,29,False,None,0,0,a,0,19,6,2017-07-22,0.0,216,11,0,2802,2802,3276,3276,0.0,0.0,Austin,0
0,2003-03-13,0,15,True,True,None,None,0,0.0,4,485055,None,,0,0,0,0,0.0,383,41,0,0.0,None,,0,1,1.9,1.9,2,0.00,0.0,0.00,0.0,0.00,3.87,3.87,0.0,Antonín,2.0,116,11,3,3.0,0,False,4.4,90,1,496,False,43.6,17,1,,90,,None,45,482,42,p485055,0,0,None,0,,485055.jpg,2.0,116,11,False,-233,None,-5.5,"[{'offset': 0, 'projected_percent': '-5.5', 'likelihood': -1}, {'offset': 1, 'projected_percent': '-7.8', 'likelihood': -1}, {'offset': 2, 'projected_percent': '-9.3', 'likelihood': -1}]",12,0,57,False,5,5.0,,[],Kinský,22.8,13,2,False,None,1,1.0,a,0,19,6,2025-01-05,0.0,319,41,2,30562,30562,70872,70872,0.4,0.4,Kinsky,0
0,1989-01-15,0,0,True,True,None,None,0,0,0,67089,None,,0,0,0,0,0.0,281,5,0,0,None,,0,1,1.0,1.0,0,0.00,0,0.00,0,0.00,0.00,0,0,Martin,0.0,297,25,0,0,0,False,0.0,300,25,497,False,0.0,284,25,,0,,None,40,547,53,p67089,0,0,None,0,,67089.jpg,0.0,297,25,False,-199,None,-4.3,"[{'offset': 0, 'projected_percent': '-4.3', 'likelihood': -1}, {'offset': 1, 'projected_percent': '-6.7', 'likelihood': -1}, {'offset': 2, 'projected_percent': '-8.3', 'likelihood': -1}]",0,0,194,False,0,0,,[],Dubravka,18.6,19,4,False,None,0,0,a,0,19,6,2026-07-01,0.0,199,5,0,30335,30335,55446,55446,0.0,0.0,Dubravka,0
0,1997-05-10,0,10,True,True,None,None,0,0.0,11,221466,None,,0,0,0,0,2.2,183,55,16,16.0,None,,0,2,2.8,2.8,3,0.02,0.02,0.02,0.02,0.00,3.87,3.87,0.0,Marcos,3.0,103,41,3,3.0,0,False,3.9,105,36,498,False,36.6,37,12,,90,,None,60,73,7,p221466,0,0,None,0,,221466.jpg,3.0,103,41,False,-346,None,-22.8,"[{'offset': 0, 'projected_percent': '-22.8', 'likelihood': -2}, {'offset': 1, 'projected_percent': '-33.2', 'likelihood': -2}, {'offset': 2, 'projected_percent': '-39.8', 'likelihood': -2}]",2,0,10,False,0,0.0,,[],Senesi Barón,7.6,55,22,False,None,1,1.0,a,5,19,6,2026-07-01,0.0,581,203,3,14177,14177,54691,54691,0.5,0.5,Senesi,0
0,1999-09-13,0,0,True,True,100,0,0,0,0,441164,1,,0,0,0,0,0.0,562,200,0,0,1,,0,2,2.5,0.0,0,0.00,0,0.00,0,0.00,0.00,0,0,Pedro,0.0,560,197,0,0,0,False,0.0,563,200,499,False,0.0,549,200,,0,,2026-08-21T15:22:48.149081Z,55,165,21,p441164,0,0,None,0,,441164.jpg,0.0,560,197,False,0,2026-08-31T17:30:09.162542Z,-0.4,"[{'offset': 0, 'projected_percent': '-0.4', 'likelihood': -1}, {'offset': 1, 'projected_percent': '-0.4', 'likelihood': -1}, {'offset': 2, 'projected_percent': '-0.4', 'likelihood': -1}]",0,0,200,False,0,0,,[],Porro Sauceda,13.6,28,9,False,None,0,0,a,0,19,6,2023-07-01,0.0,542,193,0,15568,15568,299325,299325,0.0,0.0,Pedro Porro,0
0,1998-04-27,0,0,False,True,0,0,0,0,0,221632,None,,0,0,0,0,0.0,468,183,0,0,None,,0,2,0.0,0.0,0,0.00,0,0.00,0,0.00,0.00,0,0,Cristian,0.0,467,175,0,0,0,False,0.0,475,183,500,False,0.0,459,183,,0,Has joined Atletico Madrid permanently,2026-08-17T13:49:05.465401Z,50,277,48,p221632,0,0,None,0,,221632.jpg,0.0,467,175,False,-37,None,0.0,"[{'offset': 0, 'projected_percent': '0.0', 'likelihood': 0}, {'offset': 1, 'projected_percent': '0.0', 'likelihood': 0}, {'offset': 2, 'projected_percent': '0.0', 'likelihood': 0}]",0,0,10,False,0,0,,[],Romero,0.2,376,138,False,None,0,0,u,0,19,6,2022-08-30,0.0,416,169,0,0,0,10316,10316,0.0,0.0,Romero,0
0,1998-09-19,0,0,True,True,None,None,0,0,0,135720,None,,0,0,0,0,0.0,447,178,0,0,None,,0,2,2.2,2.2,0,0.00,0,0.00,0,0.00,0.00,0,0,Kevin,0.0,450,170,0,0,0,False,0.0,456,177,501,False,0.0,440,177,,0,,None,50,240,39,p135720,0,0,None,0,,135720.jpg,0.0,450,170,False,-12,None,-28.8,"[{'offset': 0, 'projected_percent': '-28.8', 'likelihood': -2}, {'offset': 1, 'projected_percent': '-44.1', 'likelihood': -3}, {'offset': 2, 'projected_percent': '-53.9', 'likelihood': -3}]",0,0,14,False,0,0,,[],Danso,0.2,359,135,False,None,0,0,a,0,19,6,2025-07-01,0.0,388,161,0,955,955,2154,2154,0.0,0.0,Danso,0
0,1994-03-11,0,13,True,True,None,None,0,0.0,9,122798,3,,0,0,0,0,19.2,64,19,11,11.0,None,,0,2,1.7,1.7,3,0.06,0.06,0.06,0.06,0.00,3.87,3.87,0.0,Andrew,3.0,83,34,3,3.0,0,False,5.3,69,23,502,False,31.8,48,19,,90,,None,45,419,87,p122798,0,0,None,0,,122798.jpg,3.0,83,34,False,15,None,0.9,"[{'offset': 0, 'projected_percent': '0.9', 'likelihood': 1}, {'offset': 1, 'projected_percent': '1.2', 'likelihood': 1}, {'offset': 2, 'projected_percent': '1.4', 'likelihood': 1}]",3,0,243,False,0,0.0,,[],Robertson,3.8,84,34,False,None,1,1.0,a,2,19,6,2026-07-01,2.0,158,54,3,19134,19134,20187,20187,0.7,0.7,Robertson,0
0,2001-04-19,0,0,True,True,100,0,0,0,0,491279,None,,0,0,0,0,0.0,510,192,0,0,None,,0,2,2.2,0.0,0,0.00,0,0.00,0,0.00,0.00,0,0,Micky,0.0,510,186,0,0,0,False,0.0,514,192,503,False,0.0,498,192,,0,,2026-08-21T15:00:07.610517Z,50,336,67,p491279,0,0,None,0,,491279.jpg,0.0,510,186,False,0,2026-08-31T18:30:08.314043Z,0.0,"[{'offset': 0, 'projected_percent': '0.0', 'likelihood': 0}, {'offset': 1, 'projected_percent': '0.0', 'likelihood': 0}, {'offset': 2, 'projected_percent': '0.0', 'likelihood': 0}]",0,0,152,False,0,0,,[],van de Ven,4.3,75,30,False,None,0,0,a,0,19,6,2023-08-08,0.0,467,183,0,6704,6704,119328,119328,0.0,0.0,Van de Ven,0
0,2000-08-09,0,0,False,True,0,0,0,0,0,232859,None,,0,0,0,0,0.0,368,154,0,0,None,,0,2,0.0,0.0,0,0.00,0,0.00,0,0.00,0.00,0,0,Djed,0.0,377,145,0,0,0,False,0.0,381,151,505,False,0.0,364,150,,0,Has joined Internazionale permanently,2026-08-18T14:13:08.454214Z,45,454,113,p232859,0,0,None,0,,232859.jpg,0.0,377,145,False,-134,None,0.0,"[{'offset': 0, 'projected_percent': '0.0', 'likelihood': 0}, {'offset': 1, 'projected_percent': '0.0', 'likelihood': 0}, {'offset': 2, 'projected_percent': '0.0', 'likelihood': 0}]",0,0,241,False,0,0,,[],Spence,0.5,255,94,False,None,0,0,u,0,19,6,2022-07-19,0.0,298,130,0,0,0,43842,43842,0.0,0.0,Spence,0
0,2002-11-28,0,3,True,True,None,None,0,0.0,0,487053,None,,0,0,0,0,0.7,235,82,0,0.0,None,,0,2,1.7,1.7,1,0.02,0.45,0.02,0.45,0.00,0.44,9.9,0.0,Destiny,1.0,200,77,0,0.0,0,False,0.0,394,160,506,False,0.0,378,160,,4,,None,45,483,131,p487053,0,0,None,0,,487053.jpg,1.0,200,77,False,-28,None,-23.6,"[{'offset': 0, 'projected_percent': '-23.6', 'likelihood': -2}, {'offset': 1, 'projected_percent': '-36.8', 'likelihood': -2}, {'offset': 2, 'projected_percent': '-45.2', 'likelihood': -3}]",2,0,106,False,0,0.0,,[],Udogie,0.5,257,95,False,None,0,0.0,a,0,19,6,2022-08-16,0.0,320,141,1,1563,1563,4133,4133,0.2,0.2,Udogie,0
0,2005-06-26,0,0,False,True,0,0,0,0,0,548308,None,,0,0,0,0,0.0,404,167,0,0,None,,0,2,0.0,0.0,0,0.00,0,0.00,0,0.00,0.00,0,0,Ashley,0.0,409,160,0,0,0,False,0.0,413,166,507,False,0.0,397,166,,0,Has joined Middlesbrough permanently,2026-08-18T14:13:08.474144Z,45,506,140,p548308,0,0,None,0,,548308.jpg,0.0,409,160,False,-6,None,0.0,"[{'offset': 0, 'projected_percent': '0.0', 'likelihood': 0}, {'offset': 1, 'projected_percent': '0.0', 'likelihood': 0}, {'offset': 2, 'projected_percent': '0.0', 'likelihood': 0}]",0,0,241,False,0,0,,[],Phillips,0.0,550,189,False,None,0,0,u,0,19,6,2023-08-05,0.0,342,149,0,0,0,623,623,0.0,0.0,Phillips,0
0,1993-04-24,0,0,True,True,None,None,0,0,0,115556,None,,0,0,0,0,0.0,286,104,0,0,None,,0,2,1.0,1.0,0,0.00,0,0.00,0,0.00,0.00,0,0,Ben,0.0,302,100,0,0,0,False,0.0,305,105,508,False,0.0,289,105,,0,,None,40,553,155,p115556,0,0,None,0,,115556.jpg,0.0,302,100,False,-48,None,-18.9,"[{'offset': 0, 'projected_percent': '-18.9', 'likelihood': -1}, {'offset': 1, 'projected_percent': '-29.4', 'likelihood': -2}, {'offset': 2, 'projected_percent': '-36.0', 'likelihood': -2}]",0,0,244,False,0,0,,[],Davies,1.1,190,73,False,None,0,0,a,0,19,6,2014-07-23,0.0,204,69,0,2626,2626,7937,7937,0.0,0.0,Davies,0
0,None,0,0,True,True,None,None,0,0,0,640419,None,,0,0,0,0,0.0,332,137,0,0,None,,0,2,1.0,1.0,0,0.00,0,0.00,0,0.00,0.00,0,0,Jun'ai,0.0,344,129,0,0,0,False,0.0,348,135,509,False,0.0,331,134,,0,,None,40,613,202,p640419,0,0,None,0,,640419.jpg,0.0,344,129,False,0,None,-11.0,"[{'offset': 0, 'projected_percent': '-11.0', 'likelihood': -1}, {'offset': 1, 'projected_percent': '-11.0', 'likelihood': -1}, {'offset': 2, 'projected_percent': '-11.0', 'likelihood': -1}]",0,0,None,False,0,0,,[],Byfield,0.1,478,167,False,None,0,0,a,0,19,6,None,0.0,255,107,0,299,299,507,507,0.0,0.0,Byfield,0
0,None,0,0,True,True,None,None,0,0,0,499716,None,,0,0,0,0,0.0,313,120,0,0,None,,0,2,1.0,1.0,0,0.00,0,0.00,0,0.00,0.00,0,0,James,0.0,326,113,0,0,0,False,0.0,330,119,510,False,0.0,313,118,,0,,None,40,591,182,p499716,0,0,None,0,,499716.jpg,0.0,326,113,False,0,None,-14.0,"[{'offset': 0, 'projected_percent': '-14.0', 'likelihood': -1}, {'offset': 1, 'projected_percent': '-14.0', 'likelihood': -1}, {'offset': 2, 'projected_percent': '-14.0', 'likelihood': -1}]",0,0,None,False,0,0,,[],Rowswell,0.1,442,155,False,None,0,0,a,0,19,6,None,0.0,234,88,0,299,299,620,620,0.0,0.0,Rowswell,0
0,2006-06-16,0,0,True,True,None,None,0,0,0,616221,None,,0,0,0,0,0.0,331,136,0,0,None,,0,2,1.0,1.0,0,0.00,0,0.00,0,0.00,0.00,0,0,João Victor,0.0,343,128,0,0,0,False,0.0,347,134,511,False,0.0,330,133,Souza,0,,None,40,612,201,p616221,0,0,None,0,,616221.jpg,0.0,343,128,False,-4,None,-17.6,"[{'offset': 0, 'projected_percent': '-17.6', 'likelihood': -1}, {'offset': 1, 'projected_percent': '-20.8', 'likelihood': -2}, {'offset': 2, 'projected_percent': '-22.8', 'likelihood': -2}]",0,0,30,False,0,0,,[],de Souza Menezes,0.3,299,112,False,None,0,0,a,0,19,6,2026-01-22,0.0,254,106,0,1073,1073,2411,2411,0.0,0.0,Souza,0
0,2000-08-02,0,0,True,True,50,25,0,0,0,460842,5,,0,0,0,0,0.0,607,266,0,0,3,,0,3,1.1,0.6,0,0.00,0,0.00,0,0.00,0.00,0,0,Mohammed,0.0,603,265,0,0,0,False,0.0,607,266,512,False,0.0,605,265,,0,Thigh injury - 50% chance of playing,2026-07-23T12:01:23.848657Z,65,44,30,p460842,0,0,2,0,,460842.jpg,0.0,603,265,False,-16,None,-79.5,"[{'offset': 0, 'projected_percent': '-79.5', 'likelihood': -3}, {'offset': 1, 'projected_percent': '-107.4', 'likelihood': -5}, {'offset': 2, 'projected_percent': '-125.3', 'likelihood': -5}]",0,0,81,False,0,0,https://www.tottenhamhotspur.com/news/1086430/team-news-porro-van-de-ven-out-of-opener-at-brentford,[],Kudus,0.1,458,183,False,None,0,0,d,0,19,6,2025-07-10,0.0,605,264,0,250,250,2183,2183,0.0,0.0,Kudus,0
0,2003-04-21,0,0,True,True,0,0,0,0,0,493362,6,,0,0,0,0,0.0,596,258,0,0,2,,0,3,0.0,0.0,0,0.00,0,0.00,0,0.00,0.00,0,0,Xavi,0.0,591,256,0,0,0,False,0.0,596,258,513,False,0.0,592,255,,0,Knee injury - Unknown return date,2026-07-23T12:01:23.864304Z,60,96,61,p493362,0,0,3,0,,493362.jpg,0.0,591,256,False,-3,None,-36.5,"[{'offset': 0, 'projected_percent': '-36.5', 'likelihood': -2}, {'offset': 1, 'projected_percent': '-50.9', 'likelihood': -3}, {'offset': 2, 'projected_percent': '-60.2', 'likelihood': -3}]",0,0,152,False,0,0,,[],Simons,0.0,569,240,False,None,0,0,i,0,19,6,2025-08-29,0.0,590,252,0,69,69,326,326,0.0,0.0,Xavi,0
0,2005-04-27,0,17,True,True,None,None,0,0.0,1,511499,4,,0,0,0,0,26.0,44,30,8,8.0,4,,0,3,2.2,2.2,2,0.06,0.06,0.12,0.12,0.06,3.87,3.87,0.06,Mathys,2.0,158,78,3,3.0,0,False,4.5,89,47,514,False,10.4,162,59,,90,,None,60,98,63,p511499,0,0,None,0,,511499.jpg,2.0,158,78,False,-23,None,-49.2,"[{'offset': 0, 'projected_percent': '-49.2', 'likelihood': -3}, {'offset': 1, 'projected_percent': '-59.8', 'likelihood': -3}, {'offset': 2, 'projected_percent': '-66.6', 'likelihood': -3}]",7,0,73,False,0,0.0,,[],Tel,0.5,254,85,False,None,1,1.0,a,0,19,6,2025-07-01,9.0,93,45,2,3258,3258,8441,8441,0.3,0.3,Tel,0
0,1996-11-23,0,6,True,True,75,None,0,0.0,1,172780,None,,0,0,0,0,8.3,129,76,2,8.18,None,,0,3,1.7,2.3,1,0.01,0.04,0.01,0.04,0.00,0.85,3.48,0.0,James,1.0,285,135,0,0.0,0,False,2.1,174,80,515,False,4.4,219,94,,22,Shoulder injury - 75% chance of playing,2026-08-25T14:30:07.623508Z,65,35,23,p172780,0,0,None,0,,172780.jpg,1.0,285,135,False,-450,None,-74.3,"[{'offset': 0, 'projected_percent': '-74.3', 'likelihood': -3}, {'offset': 1, 'projected_percent': '-126.9', 'likelihood': -5}, {'offset': 2, 'projected_percent': '-160.7', 'likelihood': -5}]",1,0,241,False,0,0.0,https://www.tottenhamhotspur.com/news/1086784/team-news-porro-van-de-ven-available-maddison-a-doubt-for-charlton-clash?utm_source=chatgpt.com,[],Maddison,1.1,189,61,False,None,0,0.0,d,0,19,6,2023-06-28,8.0,101,51,1,2674,2674,29669,29669,0.2,0.2,Maddison,0
0,1997-06-25,0,8,True,True,None,None,0,0.0,0,202993,None,,0,0,0,0,14.7,84,54,5,10.0,None,,0,3,2.0,2.0,1,0.01,0.02,0.01,0.02,0.00,2.18,4.36,0.0,Rodrigo,1.0,248,113,1,2.0,0,False,1.7,199,88,516,False,2.0,253,115,,45,,None,55,136,84,p202993,0,0,None,0,,202993.jpg,1.0,248,113,False,-3,None,-30.0,"[{'offset': 0, 'projected_percent': '-30.0', 'likelihood': -2}, {'offset': 1, 'projected_percent': '-33.5', 'likelihood': -2}, {'offset': 2, 'projected_percent': '-35.8', 'likelihood': -2}]",2,0,230,False,0,0.0,,[],Bentancur,0.2,349,127,False,None,0,0.0,a,3,19,6,2022-01-31,0.0,527,214,1,497,497,1745,1745,0.2,0.2,Bentancur,0
0,2004-11-28,0,0,True,True,0,0,0,0,0,550839,None,,0,0,0,0,0.0,578,250,0,0,None,,0,3,0.0,0.0,0,0.00,0,0.00,0,0.00,0.00,0,0,Wilson,0.0,575,248,0,0,0,False,0.0,579,249,517,False,0.0,567,244,,0,Knee injury - Unknown return date,2026-07-23T12:01:23.879434Z,55,209,132,p550839,0,0,None,0,,550839.jpg,0.0,575,248,False,0,None,-11.1,"[{'offset': 0, 'projected_percent': '-11.1', 'likelihood': -1}, {'offset': 1, 'projected_percent': '-11.1', 'likelihood': -1}, {'offset': 2, 'projected_percent': '-11.1', 'likelihood': -1}]",0,0,73,False,0,0,https://www.tottenhamhotspur.com/news/1008505/odobert-suffers-acl-injury,[],Odobert,0.0,614,269,False,None,0,0,i,0,19,6,2024-08-16,0.0,566,241,0,13,13,18,18,0.0,0.0,Odobert,0
0,2002-09-14,0,0,True,True,0,0,0,0,0,482442,None,,-1,1,-1,1,0.0,434,171,0,0,None,,0,3,0.0,0.0,0,0.00,0,0.00,0,0.00,0.00,0,0,Pape Matar,0.0,439,168,0,0,0,False,0.0,444,168,518,False,0.0,428,161,Pape Matar Sarr,0,Hamstring injury - Unknown return date,2026-08-21T14:30:08.419690Z,49,399,239,p482442,0,0,None,0,,482442.jpg,0.0,439,168,False,-58,None,-2.6,"[{'offset': 0, 'projected_percent': '-2.6', 'likelihood': -1}, {'offset': 1, 'projected_percent': '-19.8', 'likelihood': -1}, {'offset': 2, 'projected_percent': '-30.9', 'likelihood': -2}]",0,0,189,False,0,0,https://www.tottenhamhotspur.com/match/2645196/brentford-tottenham-hotspur?tab=overview,[],Sarr,0.2,370,140,False,None,0,0,i,0,19,6,2021-08-27,0.0,375,130,0,60,60,9516,9516,0.0,0.0,P.M.Sarr,0
0,2000-02-06,0,1,True,True,None,None,0,0.0,0,232787,None,,0,0,0,0,5.5,143,85,3,6.0,None,,0,3,2.0,2.0,0,0.06,0.12,0.08,0.16,0.02,1.70,3.4,0.04,Conor,0.0,556,235,2,4.0,0,False,0.5,259,118,519,False,0.0,545,229,,45,,None,55,150,92,p232787,0,0,None,0,,232787.jpg,0.0,556,235,False,-29,None,-52.7,"[{'offset': 0, 'projected_percent': '-52.7', 'likelihood': -3}, {'offset': 1, 'projected_percent': '-75.7', 'likelihood': -3}, {'offset': 2, 'projected_percent': '-90.5', 'likelihood': -3}]",2,0,241,False,0,0.0,,[],Gallagher,0.3,303,104,False,None,1,2.0,a,1,19,6,2026-01-14,1.0,191,97,0,1038,1038,3976,3976,0.0,0.0,Gallagher,1
0,2006-02-02,0,2,True,True,None,None,0,0.0,0,570526,None,,0,0,0,0,2.0,187,109,8,16.0,None,,0,3,2.0,2.0,1,0.01,0.02,0.01,0.02,0.00,1.70,3.4,0.0,Lucas,1.0,268,124,2,4.0,0,False,0.0,581,250,520,False,0.0,569,245,,45,,None,55,212,134,p570526,0,0,None,0,,570526.jpg,1.0,268,124,False,-9,None,-29.7,"[{'offset': 0, 'projected_percent': '-29.7', 'likelihood': -2}, {'offset': 1, 'projected_percent': '-39.8', 'likelihood': -2}, {'offset': 2, 'projected_percent': '-46.3', 'likelihood': -3}]",7,0,206,False,0,0.0,,[],Bergvall,0.2,339,123,False,None,1,2.0,a,1,19,6,2024-07-01,2.0,180,90,1,575,575,1918,1918,0.2,0.2,Bergvall,0
0,2000-04-25,0,0,True,True,0,0,0,0,0,445044,None,,0,0,0,0,0.0,605,265,0,0,None,,0,3,0.0,0.0,0,0.00,0,0.00,0,0.00,0.00,0,0,Dejan,0.0,601,264,0,0,0,False,0.0,605,265,521,False,0.0,603,264,,0,Knee injury - Unknown return date,2026-07-23T12:01:23.895175Z,65,42,29,p445044,0,0,None,0,,445044.jpg,0.0,601,264,False,2,None,-29.6,"[{'offset': 0, 'projected_percent': '-29.6', 'likelihood': -2}, {'offset': 1, 'projected_percent': '-11.7', 'likelihood': -1}, {'offset': 2, 'projected_percent': '-0.3', 'likelihood': -1}]",0,0,206,False,0,0,,[],Kulusevski,0.0,588,251,False,None,0,0,i,0,19,6,2023-07-01,0.0,603,263,0,74,74,220,220,0.0,0.0,Kulusevski,0
0,2006-03-12,0,15,True,True,None,None,0,0.0,2,547701,None,,0,0,0,0,3.3,163,95,5,5.29,None,,0,3,1.5,1.5,2,0.01,0.01,0.01,0.01,0.00,3.43,3.63,0.0,Archie,2.0,134,61,3,3.18,0,False,1.0,235,106,522,False,6.2,197,78,,85,,None,50,369,218,p547701,0,0,None,0,,547701.jpg,2.0,134,61,False,6,None,-10.1,"[{'offset': 0, 'projected_percent': '-10.1', 'likelihood': -1}, {'offset': 1, 'projected_percent': '-3.8', 'likelihood': -1}, {'offset': 2, 'projected_percent': '0.0', 'likelihood': 0}]",2,0,241,False,0,0.0,,[],Gray,0.2,324,113,False,None,1,1.06,a,1,19,6,2024-07-02,0.0,485,187,2,1508,1508,2215,2215,0.4,0.4,Gray,0
0,2007-08-11,0,10,True,True,None,None,0,0.0,0,499721,None,,0,0,0,0,5.9,140,84,2,2.69,None,,0,3,1.5,1.5,2,0.02,0.03,0.40,0.54,0.38,3.02,4.06,0.51,Mikey,2.0,132,59,3,4.03,0,False,7.5,35,20,523,False,14.2,123,40,,67,,None,50,344,198,p499721,0,0,None,0,,499721.jpg,2.0,132,59,False,15,None,-2.2,"[{'offset': 0, 'projected_percent': '-2.2', 'likelihood': -1}, {'offset': 1, 'projected_percent': '0.3', 'likelihood': 1}, {'offset': 2, 'projected_percent': '0.5', 'likelihood': 1}]",1,0,241,False,0,0.0,,[],Moore,0.2,352,129,False,None,1,1.34,a,1,19,6,2024-05-01,55.0,4,3,2,1848,1848,2148,2148,0.4,0.4,Moore,0
0,None,0,0,True,True,None,None,0,0,0,499726,None,,0,0,0,0,0.0,391,155,0,0,None,,0,3,1.0,1.0,0,0.00,0,0.00,0,0.00,0.00,0,0,Callum,0.0,396,152,0,0,0,False,0.0,400,152,524,False,0.0,384,145,,0,,None,45,492,253,p499726,0,0,None,0,,499726.jpg,0.0,396,152,False,-31,None,-32.0,"[{'offset': 0, 'projected_percent': '-32.0', 'likelihood': -2}, {'offset': 1, 'projected_percent': '-40.6', 'likelihood': -3}, {'offset': 2, 'projected_percent': '-46.2', 'likelihood': -3}]",0,0,None,False,0,0,,[],Olusesi,0.8,216,71,False,None,0,0,a,0,19,6,None,0.0,328,113,0,1923,1923,8478,8478,0.0,0.0,Olusesi,0
0,2004-07-10,0,16,True,True,None,None,0,0.0,0,551226,None,,0,0,0,0,27.2,37,27,2,4.0,None,,0,3,2.2,2.2,1,0.06,0.12,0.06,0.12,0.00,2.18,4.36,0.0,Mateus,1.0,282,132,1,2.0,0,False,3.6,114,57,525,False,7.2,186,73,Mateus Fernandes,45,,None,60,103,66,p551226,0,0,None,0,,551226.jpg,1.0,282,132,False,-174,None,-71.2,"[{'offset': 0, 'projected_percent': '-71.2', 'likelihood': -3}, {'offset': 1, 'projected_percent': '-95.3', 'likelihood': -4}, {'offset': 2, 'projected_percent': '-110.7', 'likelihood': -5}]",1,0,173,False,0,0.0,,[],Fernandes,1.7,150,44,False,None,0,0.0,a,1,19,6,2026-07-02,2.0,186,94,1,3804,3804,27386,27386,0.2,0.2,Fernandes,0
0,1997-09-14,0,3,True,True,None,None,0,0.0,0,154566,None,,0,0,0,0,0.0,587,64,0,0.0,None,,0,4,2.0,2.0,1,0.00,0.0,0.07,0.29,0.07,0.85,3.48,0.29,Dominic,1.0,272,31,0,0.0,0,False,0.5,260,27,526,False,0.0,579,60,,22,,None,60,61,15,p154566,0,0,1,0,,154566.jpg,1.0,272,31,False,-36,None,-42.5,"[{'offset': 0, 'projected_percent': '-42.5', 'likelihood': -3}, {'offset': 1, 'projected_percent': '-48.7', 'likelihood': -3}, {'offset': 2, 'projected_percent': '-52.6', 'likelihood': -3}]",0,0,241,False,0,0.0,,[],Solanke-Mitchell,1.3,168,26,False,None,0,0.0,a,0,19,6,2024-08-10,5.0,127,24,1,6441,6441,17873,17873,0.2,0.2,Solanke,0
0,1997-05-10,0,6,True,True,None,None,0,0.0,1,212319,None,,0,0,0,0,2.2,182,22,1,1.34,None,,0,4,2.0,2.0,2,0.00,0.0,0.00,0.0,0.00,3.02,4.06,0.0,Richarlison,2.0,153,13,3,4.03,0,False,0.2,286,31,527,False,0.0,584,63,Richarlison,67,,None,60,71,18,p212319,0,0,4,0,,212319.jpg,2.0,153,13,False,-353,None,-35.8,"[{'offset': 0, 'projected_percent': '-35.8', 'likelihood': -2}, {'offset': 1, 'projected_percent': '-63.7', 'likelihood': -3}, {'offset': 2, 'projected_percent': '-81.7', 'likelihood': -3}]",0,0,30,False,0,0.0,,[],de Andrade,2.9,107,17,False,None,1,1.34,a,0,19,6,2022-07-01,0.0,580,65,2,12677,12677,35321,35321,0.3,0.3,Richarlison,0
0,2004-03-24,0,0,True,True,None,None,0,0,0,490145,None,,0,0,0,0,0.0,386,32,0,0,None,,0,4,1.0,1.0,0,0.00,0,0.00,0,0.00,0.00,0,0,Dane,0.0,391,35,0,0,0,False,0.0,395,33,528,False,0.0,379,24,,0,,None,45,487,62,p490145,0,0,None,0,,490145.jpg,0.0,391,35,False,-14,None,-4.9,"[{'offset': 0, 'projected_percent': '-4.9', 'likelihood': -1}, {'offset': 1, 'projected_percent': '-6.7', 'likelihood': -1}, {'offset': 2, 'projected_percent': '-7.9', 'likelihood': -1}]",0,0,241,False,0,0,,[],Scarlett,1.7,143,22,False,None,0,0,a,0,19,6,2020-08-21,0.0,323,30,0,11644,11644,15394,15394,0.0,0.0,Scarlett,0
0,2008-10-01,0,0,True,True,None,None,0,0,0,611917,None,,0,0,0,0,0.0,424,165,0,0,None,,0,3,1.0,1.0,0,0.00,0,0.00,0,0.00,0.00,0,0,Luca,0.0,429,162,0,0,0,False,0.0,434,162,601,False,0.0,418,155,,0,,None,45,533,265,p611917,0,0,None,0,,611917.jpg,0.0,429,162,False,0,2026-09-04T19:30:49.058576Z,0.0,"[{'offset': 0, 'projected_percent': '0.0', 'likelihood': 0}, {'offset': 1, 'projected_percent': '0.0', 'likelihood': 0}, {'offset': 2, 'projected_percent': '0.0', 'likelihood': 0}]",0,0,241,False,0,0,,[],Williams-Barnett,0.1,451,179,False,None,0,0,a,0,19,6,2025-07-25,0.0,365,124,0,2417,2417,530,530,0.0,0.0,Williams-Barnett,0
0,2003-01-17,0,7,True,True,None,None,0,0.0,1,498016,None,,0,0,0,0,0.0,514,63,0,0.0,None,,0,1,2.6,2.6,1,0.00,0.0,0.00,0.0,0.00,1.80,1.8,0.0,Robin,1.0,223,20,2,2.0,0,False,1.5,209,15,529,False,15.2,114,15,,90,,None,50,341,20,p498016,0,0,None,0,,498016.jpg,1.0,223,20,False,-170,None,-18.6,"[{'offset': 0, 'projected_percent': '-18.6', 'likelihood': -1}, {'offset': 1, 'projected_percent': '-28.3', 'likelihood': -2}, {'offset': 2, 'projected_percent': '-34.6', 'likelihood': -2}]",8,0,152,False,1,1.0,,[],Roefs,4.0,83,13,False,None,1,1.0,a,0,20,56,2025-08-01,0.0,471,63,1,4030,4030,25487,25487,0.2,0.2,Roefs,0
0,2000-05-10,0,0,False,True,0,0,0,0,0,232571,None,,0,0,0,0,0.0,299,12,0,0,None,,0,1,0.0,0.0,0,0.00,0,0.00,0,0.00,0.00,0,0,Anthony,0.0,313,32,0,0,0,False,0.0,317,32,530,False,0.0,300,32,,0,Has joined Wrexham permanently,2026-08-12T14:08:03.064533Z,40,573,60,p232571,0,0,None,0,,232571.jpg,0.0,313,32,False,-4,None,0.0,"[{'offset': 0, 'projected_percent': '0.0', 'likelihood': 0}, {'offset': 1, 'projected_percent': '0.0', 'likelihood': 0}, {'offset': 2, 'projected_percent': '0.0', 'likelihood': 0}]",0,0,241,False,0,0,,[],Patterson,0.2,368,39,False,None,0,0,u,0,20,56,2018-10-09,0.0,219,12,0,0,0,2178,2178,0.0,0.0,Patterson,0
0,2003-05-22,0,0,True,True,None,None,0,0,0,515046,None,,0,0,0,0,0.0,398,44,0,0,None,,0,1,1.9,1.9,0,0.00,0,0.00,0,0.00,0.00,0,0,Melker,0.0,403,56,0,0,0,False,0.0,407,56,531,False,0.0,391,56,,0,,None,45,499,45,p515046,0,0,None,0,,515046.jpg,0.0,403,56,False,-1,None,-27.8,"[{'offset': 0, 'projected_percent': '-27.8', 'likelihood': -2}, {'offset': 1, 'projected_percent': '-30.8', 'likelihood': -2}, {'offset': 2, 'projected_percent': '-32.6', 'likelihood': -2}]",0,0,206,False,0,0,,[],Ellborg,0.1,429,47,False,None,0,0,a,0,20,56,2026-02-01,0.0,335,44,0,187,187,744,744,0.0,0.0,Ellborg,0
0,1999-09-22,0,4,True,True,None,None,0,0.0,7,223827,None,,0,0,0,0,1.2,213,70,9,9.0,None,,0,2,2.2,2.2,0,0.01,0.01,0.01,0.01,0.00,1.80,1.8,0.0,Daniel,0.0,471,178,2,2.0,0,False,1.9,184,72,532,False,18.2,95,40,,90,,None,50,281,51,p223827,0,0,None,0,,223827.jpg,0.0,471,178,False,-351,None,-25.2,"[{'offset': 0, 'projected_percent': '-25.2', 'likelihood': -2}, {'offset': 1, 'projected_percent': '-40.9', 'likelihood': -3}, {'offset': 2, 'projected_percent': '-51.1', 'likelihood': -3}]",0,0,242,False,0,0.0,,[],Ballard,5.1,69,28,False,None,1,1.0,a,2,20,56,2022-07-01,0.0,420,172,0,10921,10921,41908,41908,0.0,0.0,Ballard,1
0,1997-11-01,0,0,True,True,100,100,0,0,0,200834,None,,0,0,0,0,0.0,553,199,0,0,None,,0,2,2.5,2.5,0,0.00,0,0.00,0,0.00,0.00,0,0,Nordi,0.0,548,193,0,0,0,False,0.0,554,199,533,False,0.0,538,199,,0,,2026-08-09T08:30:05.954750Z,55,135,15,p200834,0,0,None,0,,200834.jpg,0.0,548,193,False,-308,None,-47.3,"[{'offset': 0, 'projected_percent': '-47.3', 'likelihood': -3}, {'offset': 1, 'projected_percent': '-75.0', 'likelihood': -3}, {'offset': 2, 'projected_percent': '-92.8', 'likelihood': -3}]",0,0,73,False,0,0,,[],Mukiele,2.5,115,44,False,None,0,0,a,0,20,56,2025-08-17,0.0,526,192,0,5001,5001,31256,31256,0.0,0.0,Mukiele,0
0,2002-03-18,0,14,True,True,None,None,0,0.0,1,487676,3,,0,0,0,0,39.4,17,3,4,4.56,None,,0,2,1.7,1.7,2,0.27,0.31,0.31,0.36,0.04,1.69,1.93,0.05,Trai,2.0,117,45,1,1.14,0,False,6.2,51,13,534,False,9.4,169,73,,79,,None,45,484,132,p487676,0,0,None,0,,487676.jpg,2.0,117,45,False,-138,None,-11.2,"[{'offset': 0, 'projected_percent': '-11.2', 'likelihood': -1}, {'offset': 1, 'projected_percent': '-16.1', 'likelihood': -1}, {'offset': 2, 'projected_percent': '-19.2', 'likelihood': -1}]",6,0,242,False,0,0.0,,[],Hume,6.4,62,25,False,None,1,1.14,a,3,20,56,2022-01-04,13.0,75,20,2,11443,11443,32504,32504,0.4,0.4,Hume,0
0,1996-12-26,0,2,True,True,100,100,0,0.0,0,201895,None,,0,0,0,0,0.6,240,86,0,0.0,None,,0,2,2.2,2.2,1,0.01,0.04,0.01,0.04,0.00,0.10,0.39,0.0,Omar,1.0,213,85,1,3.91,0,False,0.0,468,180,535,False,0.0,452,180,,23,,2026-08-09T08:30:05.962393Z,50,259,42,p201895,0,0,None,0,,201895.jpg,1.0,213,85,False,-43,None,-12.6,"[{'offset': 0, 'projected_percent': '-12.6', 'likelihood': -1}, {'offset': 1, 'projected_percent': '-34.2', 'likelihood': -2}, {'offset': 2, 'projected_percent': '-48.1', 'likelihood': -3}]",2,0,168,False,0,0.0,,[],Alderete,0.5,264,98,False,None,0,0.0,a,0,20,56,2025-08-12,0.0,405,164,1,2378,2378,4227,4227,0.2,0.2,Alderete,0
0,1994-01-21,0,9,True,True,None,None,0,0.0,5,434399,None,,0,0,0,0,27.5,36,10,8,8.0,None,,0,2,1.7,1.7,1,0.29,0.29,0.29,0.29,0.00,1.80,1.8,0.0,Reinildo,1.0,192,71,2,2.0,0,False,5.5,62,20,536,False,23.0,74,34,Reinildo Mandava,90,,None,45,466,122,p434399,0,0,None,0,,434399.jpg,1.0,192,71,False,-16,None,-18.3,"[{'offset': 0, 'projected_percent': '-18.3', 'likelihood': -1}, {'offset': 1, 'projected_percent': '-26.4', 'likelihood': -2}, {'offset': 2, 'projected_percent': '-31.6', 'likelihood': -2}]",5,0,146,False,0,0.0,,[],Mandava,0.5,262,97,False,None,1,1.0,a,3,20,56,2025-07-08,4.0,131,43,1,826,826,2957,2957,0.2,0.2,Reinildo,0
0,2003-05-23,0,0,True,True,None,None,0,0,0,519634,None,,0,0,0,0,0.0,399,166,0,0,None,,0,2,1.7,1.7,0,0.00,0,0.00,0,0.00,0.00,0,0,Jenson,0.0,404,159,0,0,0,False,0.0,408,165,537,False,0.0,392,165,,0,,None,45,501,139,p519634,0,0,None,0,,519634.jpg,0.0,404,159,False,0,None,-26.1,"[{'offset': 0, 'projected_percent': '-26.1', 'likelihood': -2}, {'offset': 1, 'projected_percent': '-26.1', 'likelihood': -2}, {'offset': 2, 'projected_percent': '-26.1', 'likelihood': -2}]",0,0,152,False,0,0,,[],Seelt,0.0,583,198,False,None,0,0,a,0,20,56,2023-07-01,0.0,337,148,0,52,52,114,114,0.0,0.0,Seelt,0
0,2003-08-26,0,0,False,True,0,0,0,0,0,477547,None,,0,0,0,0,0.0,308,117,0,0,None,,0,2,0.0,0.0,0,0.00,0,0.00,0,0.00,0.00,0,0,Leo Fuhr,0.0,321,110,0,0,0,False,0.0,325,116,538,False,0.0,308,115,,0,Has joined KV Mechelen on loan for the rest of the season,2026-08-12T14:08:03.081789Z,40,586,179,p477547,0,0,None,0,,477547.jpg,0.0,321,110,False,0,None,0.0,"[{'offset': 0, 'projected_percent': '0.0', 'likelihood': 0}, {'offset': 1, 'projected_percent': '0.0', 'likelihood': 0}, {'offset': 2, 'projected_percent': '0.0', 'likelihood': 0}]",0,0,161,False,0,0,,[],Hjelde,0.1,482,169,False,None,0,0,u,0,20,56,2024-01-30,0.0,229,85,0,0,0,935,935,0.0,0.0,Hjelde,0
0,1994-11-21,0,1,True,True,None,None,0,0.0,4,167512,None,,0,0,0,0,1.4,200,64,5,6.82,None,,0,2,1.0,1.0,1,0.01,0.01,0.02,0.02,0.01,1.69,2.3,0.01,Luke,1.0,174,54,1,1.36,0,False,1.7,195,76,539,False,11.4,150,71,,66,,None,40,557,158,p167512,0,0,None,0,,167512.jpg,1.0,174,54,False,-84,None,-9.4,"[{'offset': 0, 'projected_percent': '-9.4', 'likelihood': -1}, {'offset': 1, 'projected_percent': '-15.0', 'likelihood': -1}, {'offset': 2, 'projected_percent': '-18.5', 'likelihood': -1}]",4,0,241,False,0,0.0,,[],O'Nien,3.4,96,39,False,None,1,1.36,a,1,20,56,2018-07-30,4.0,129,41,1,4190,4190,15123,15123,0.2,0.2,O'Nien,1
0,1993-11-07,0,0,False,True,0,0,0,0,0,105717,None,,0,0,0,0,0.0,284,103,0,0,None,,0,2,0.0,0.0,0,0.00,0,0.00,0,0.00,0.00,0,0,Arthur,0.0,300,99,0,0,0,False,0.0,303,104,540,False,0.0,287,104,,0,Has joined Konyaspor permanently,2026-08-12T14:08:03.097784Z,40,550,153,p105717,0,0,None,0,,105717.jpg,0.0,300,99,False,-14,None,0.0,"[{'offset': 0, 'projected_percent': '0.0', 'likelihood': 0}, {'offset': 1, 'projected_percent': '0.0', 'likelihood': 0}, {'offset': 2, 'projected_percent': '0.0', 'likelihood': 0}]",0,0,50,False,0,0,,[],Masuaku,0.2,337,126,False,None,0,0,u,0,20,56,2025-08-10,0.0,202,68,0,0,0,4538,4538,0.0,0.0,Masuaku,0
0,1991-09-12,0,5,True,True,100,100,0,0.0,2,93605,None,,0,0,0,0,5.3,144,43,4,4.0,None,,0,2,1.7,1.7,1,0.08,0.08,0.16,0.16,0.08,1.80,1.8,0.08,Thomas,1.0,184,63,2,2.0,0,False,3.0,131,50,541,False,13.8,126,58,,90,,2026-08-16T08:30:07.830062Z,45,408,83,p93605,0,0,None,0,,93605.jpg,1.0,184,63,False,0,None,-5.4,"[{'offset': 0, 'projected_percent': '-5.4', 'likelihood': -1}, {'offset': 1, 'projected_percent': '-5.4', 'likelihood': -1}, {'offset': 2, 'projected_percent': '-5.4', 'likelihood': -1}]",3,0,21,False,0,0.0,,[],Meunier,0.3,298,111,False,None,1,1.0,a,2,20,56,2026-07-15,11.0,80,24,1,870,870,1455,1455,0.2,0.2,Meunier,0
0,2000-02-03,0,13,True,True,None,None,0,0.0,0,484420,1,,0,0,0,0,9.9,124,72,2,2.28,2,,0,3,2.2,2.2,2,0.03,0.03,0.03,0.03,0.00,1.69,1.93,0.0,Enzo,2.0,156,76,1,1.14,0,False,1.5,211,94,542,False,4.6,218,93,,79,,None,60,94,59,p484420,0,0,2,0,,484420.jpg,2.0,156,76,False,-839,None,-46.6,"[{'offset': 0, 'projected_percent': '-46.6', 'likelihood': -3}, {'offset': 1, 'projected_percent': '-68.4', 'likelihood': -3}, {'offset': 2, 'projected_percent': '-82.3', 'likelihood': -3}]",1,0,73,False,0,0.0,,[],Le Fée,8.8,44,17,False,None,1,1.14,a,1,20,56,2025-07-01,0.0,588,250,2,9448,9448,97010,97010,0.3,0.3,E.Le Fée,0
0,2004-01-03,0,3,True,True,None,None,0,0.0,0,547027,None,,0,0,0,0,0.6,247,131,0,0.0,None,,0,3,2.0,2.0,1,0.00,0.0,0.03,0.27,0.03,0.10,0.9,0.27,Habib,1.0,265,121,1,9.0,0,False,0.3,279,132,543,False,0.4,275,130,,10,,None,55,205,128,p547027,0,0,1,0,,547027.jpg,1.0,265,121,False,-8,None,-49.6,"[{'offset': 0, 'projected_percent': '-49.6', 'likelihood': -3}, {'offset': 1, 'projected_percent': '-75.8', 'likelihood': -3}, {'offset': 2, 'projected_percent': '-92.6', 'likelihood': -3}]",0,0,189,False,0,0.0,,[],Diarra,0.1,460,184,False,None,0,0.0,a,0,20,56,2025-07-01,2.0,179,89,1,279,279,1010,1010,0.2,0.2,Diarra,0
1,1992-09-27,2,31,True,True,None,None,0,0.0,2,84450,2,,0,0,0,0,31.4,24,19,13,13.0,1,,0,3,2.0,2.0,9,0.09,0.09,0.09,0.09,0.00,1.80,1.8,0.0,Granit,9.0,22,11,2,2.0,0,False,5.0,76,41,544,False,18.8,90,30,,90,,None,55,116,75,p84450,0,0,None,0,,84450.jpg,9.0,22,11,False,240,None,10.2,"[{'offset': 0, 'projected_percent': '10.2', 'likelihood': 1}, {'offset': 1, 'projected_percent': '15.5', 'likelihood': 1}, {'offset': 2, 'projected_percent': '18.9', 'likelihood': 1}]",8,0,207,False,0,0.0,,[],Xhaka,4.6,71,23,False,None,1,1.0,a,3,20,56,2025-07-30,0.0,511,206,9,35806,35806,15734,15734,1.6,1.6,Xhaka,0
0,2004-12-17,0,18,True,True,None,None,0,0.0,0,577669,None,,0,0,0,0,32.1,23,18,2,2.0,None,,0,3,1.5,1.5,2,0.03,0.03,0.09,0.09,0.06,1.80,1.8,0.06,Noah,2.0,135,62,2,2.0,0,False,7.2,42,24,545,False,14.6,116,38,,90,,None,50,379,225,p577669,0,0,None,0,,577669.jpg,2.0,135,62,False,-20,None,-24.1,"[{'offset': 0, 'projected_percent': '-24.1', 'likelihood': -2}, {'offset': 1, 'projected_percent': '-38.0', 'likelihood': -2}, {'offset': 2, 'projected_percent': '-46.9', 'likelihood': -3}]",2,0,50,False,0,0.0,,[],Sadiki,0.3,293,98,False,None,1,1.0,a,0,20,56,2025-07-04,25.0,36,20,2,1002,1002,3048,3048,0.4,0.4,Sadiki,0
0,2002-01-01,0,0,True,True,0,0,0,0,0,535818,None,,0,0,0,0,0.0,521,213,0,0,None,,0,3,0.0,0.0,0,0.00,0,0.00,0,0.00,0.00,0,0,Simon,0.0,520,212,0,0,0,False,0.0,524,211,546,False,0.0,508,204,,0,Ankle injury - Unknown return date,2026-08-20T14:00:08.416985Z,50,361,210,p535818,0,0,None,0,,535818.jpg,0.0,520,212,False,-16,None,-96.0,"[{'offset': 0, 'projected_percent': '-96.0', 'likelihood': -4}, {'offset': 1, 'projected_percent': '-116.3', 'likelihood': -5}, {'offset': 2, 'projected_percent': '-129.3', 'likelihood': -5}]",0,0,54,False,0,0,https://www.safc.com/news/2026/august/20/le-bris-provides-latest-team-news-ahead-of-ipswich/,[],Adingra,0.1,467,190,False,None,0,0,i,0,20,56,2025-07-10,0.0,479,181,0,48,48,3217,3217,0.0,0.0,Adingra,0
0,2003-04-24,0,0,True,True,None,None,0,0,0,461199,None,,0,0,0,0,0.0,495,200,0,0,None,,0,3,1.5,1.5,0,0.00,0,0.00,0,0.00,0.00,0,0,Romaine,0.0,497,199,0,0,0,False,0.0,501,198,547,False,0.0,485,191,,0,,None,50,313,184,p461199,0,0,None,0,,461199.jpg,0.0,497,199,False,0,None,-56.6,"[{'offset': 0, 'projected_percent': '-56.6', 'likelihood': -3}, {'offset': 1, 'projected_percent': '-56.6', 'likelihood': -3}, {'offset': 2, 'projected_percent': '-56.6', 'likelihood': -3}]",0,0,241,False,0,0,,[],Mundle,0.0,591,252,False,None,0,0,a,0,20,56,2024-02-01,0.0,448,166,0,35,35,140,140,0.0,0.0,Mundle,0
0,2007-06-18,0,3,True,True,None,None,0,0.0,0,554197,None,,0,0,0,0,0.3,262,138,1,9.0,None,,0,3,1.5,1.5,1,0.00,0.0,0.00,0.0,0.00,0.10,0.9,0.0,Chris,1.0,231,101,1,9.0,0,False,0.0,534,219,548,False,0.0,518,212,,10,,None,50,374,221,p554197,0,0,None,0,,554197.jpg,1.0,231,101,False,-4,None,-28.2,"[{'offset': 0, 'projected_percent': '-28.2', 'likelihood': -2}, {'offset': 1, 'projected_percent': '-42.0', 'likelihood': -3}, {'offset': 2, 'projected_percent': '-50.9', 'likelihood': -3}]",1,0,241,False,0,0.0,,[],Rigg,0.1,464,187,False,None,0,0.0,a,0,20,56,2022-12-31,0.0,490,190,1,94,94,525,525,0.2,0.2,Rigg,0
0,2005-05-09,0,1,True,True,None,None,0,0.0,0,549912,None,,0,0,0,0,0.9,225,125,2,5.81,None,,0,3,2.0,2.0,1,0.00,0.0,0.00,0.0,0.00,0.14,0.41,0.0,Chemsdine,1.0,266,122,1,2.9,0,False,0.0,578,248,549,False,0.0,566,243,,31,,None,55,207,130,p549912,0,0,None,0,,549912.jpg,1.0,266,122,False,-26,None,-48.1,"[{'offset': 0, 'projected_percent': '-48.1', 'likelihood': -3}, {'offset': 1, 'projected_percent': '-75.8', 'likelihood': -3}, {'offset': 2, 'projected_percent': '-93.6', 'likelihood': -3}]",2,0,145,False,0,0.0,,[],Talbi,0.2,336,121,False,None,0,0.0,a,0,20,56,2025-07-09,0.0,565,240,1,259,259,2404,2404,0.2,0.2,Talbi,0
0,2005-02-09,0,0,True,True,None,None,0,0,0,699989,None,,0,0,0,0,0.0,541,228,0,0,None,,0,3,1.5,1.5,0,0.00,0,0.00,0,0.00,0.00,0,0,Djiamgone Jocelin Ta,0.0,538,225,0,0,0,False,0.0,544,226,550,False,0.0,528,219,,0,,None,50,397,237,p699989,0,0,None,0,,699989.jpg,0.0,538,225,False,-1,None,-31.2,"[{'offset': 0, 'projected_percent': '-31.2', 'likelihood': -2}, {'offset': 1, 'projected_percent': '-76.6', 'likelihood': -3}, {'offset': 2, 'projected_percent': '-105.7', 'likelihood': -5}]",0,0,54,False,0,0,,[],Bi,0.0,597,257,False,None,0,0,a,0,20,56,2026-01-16,0.0,507,203,0,48,48,88,88,0.0,0.0,Jocelin.T,0
0,2003-06-19,0,23,True,True,None,None,0,0.0,1,536661,None,,0,0,0,0,3.3,162,94,7,10.86,3,,0,3,1.5,1.5,5,0.01,0.02,0.16,0.25,0.15,1.66,2.58,0.23,Nilson,5.0,67,27,1,1.55,1,False,5.2,71,38,551,False,32.8,45,20,,58,,None,50,363,212,p536661,0,0,None,0,,536661.jpg,5.0,67,27,False,38,None,1.7,"[{'offset': 0, 'projected_percent': '1.7', 'likelihood': 1}, {'offset': 1, 'projected_percent': '2.5', 'likelihood': 1}, {'offset': 2, 'projected_percent': '3.1', 'likelihood': 1}]",5,0,62,False,0,0.0,,[],Angulo,0.1,400,158,False,None,1,1.55,a,1,20,56,2026-02-02,16.0,64,34,5,4574,4574,1199,1199,1.0,1.0,Angulo,1
0,2002-02-01,0,1,True,True,None,None,0,0.0,0,441264,None,,0,0,0,0,1.5,198,23,0,0.0,None,,0,4,2.0,2.0,2,0.00,0.0,0.30,0.41,0.30,1.69,2.3,0.41,Brian,2.0,154,14,1,1.36,0,False,1.1,233,22,552,False,0.0,586,64,,66,,None,60,82,21,p441264,0,0,None,0,,441264.jpg,2.0,154,14,False,-811,None,-19.9,"[{'offset': 0, 'projected_percent': '-19.9', 'likelihood': -1}, {'offset': 1, 'projected_percent': '-34.3', 'likelihood': -2}, {'offset': 2, 'projected_percent': '-43.5', 'likelihood': -3}]",0,0,152,False,0,0.0,,[],Brobbey,12.9,32,6,False,None,1,1.36,a,0,20,56,2025-09-01,9.0,92,18,2,32810,32810,99038,99038,0.3,0.3,Brobbey,0
0,2000-08-27,0,3,True,True,None,None,0,0.0,0,437505,None,,0,0,0,0,0.2,271,30,0,0.0,None,,0,4,1.8,1.8,1,0.00,0.0,0.00,0.0,0.00,0.10,0.39,0.0,Wilson,1.0,254,26,1,3.91,0,False,0.0,561,58,553,False,0.0,547,50,,23,,None,55,162,38,p437505,0,0,None,0,,437505.jpg,1.0,254,26,False,-100,None,-45.1,"[{'offset': 0, 'projected_percent': '-45.1', 'likelihood': -3}, {'offset': 1, 'projected_percent': '-70.9', 'likelihood': -3}, {'offset': 2, 'projected_percent': '-87.4', 'likelihood': -3}]",0,0,92,False,0,0.0,,[],Isidor,0.9,209,34,False,None,0,0.0,a,0,20,56,2025-02-01,0.0,539,57,1,2181,2181,10898,10898,0.2,0.2,Isidor,0
0,2006-02-15,0,0,True,True,None,None,0,0,0,638411,None,,0,0,0,0,0.0,429,174,0,0,None,,0,2,1.7,1.7,0,0.00,0,0.00,0,0.00,0.00,0,0,Dayann,0.0,434,167,0,0,0,False,0.0,439,173,612,False,0.0,423,173,,0,,None,45,538,151,p638411,0,0,None,0,,638411.jpg,0.0,434,167,False,0,2026-09-07T14:00:38.220168Z,0.0,"[{'offset': 0, 'projected_percent': '0.0', 'likelihood': 0}, {'offset': 1, 'projected_percent': '0.0', 'likelihood': 0}, {'offset': 2, 'projected_percent': '0.0', 'likelihood': 0}]",0,0,73,False,0,0,,[],Méthalie,0.0,613,205,False,None,0,0,a,0,20,56,2026-08-21,0.0,370,157,0,81,81,16,16,0.0,0.0,Methalie,0
0,2006-05-08,0,0,True,True,None,None,0,0,0,696104,None,,0,0,0,0,0.0,433,170,0,0,None,,0,3,1.0,1.0,0,0.00,0,0.00,0,0.00,0.00,0,0,Jules,0.0,438,167,0,0,0,False,0.0,443,167,613,False,0.0,427,160,,0,,None,45,542,270,p696104,0,0,None,0,,696104.jpg,0.0,438,167,False,0,2026-09-08T14:02:40.674207Z,0.0,"[{'offset': 0, 'projected_percent': '0.0', 'likelihood': 0}, {'offset': 1, 'projected_percent': '0.0', 'likelihood': 0}, {'offset': 2, 'projected_percent': '0.0', 'likelihood': 0}]",0,0,50,False,0,0,,[],Ahoka,0.0,502,209,False,None,0,0,a,0,20,56,2026-08-24,0.0,374,129,0,1541,1541,228,228,0.0,0.0,Ahoka,0
