assists,bonus,bps,clean_sheets,creativity,element_code,end_cost,expected_assists,expected_goal_involvements,expected_goals,expected_goals_conceded,goals_conceded,goals_scored,ict_index,influence,minutes,own_goals,penalties_missed,penalties_saved,red_cards,saves,season_name,start_cost,starts,threat,total_points,yellow_cards
2,8,184,6,0.0,176297,47,0.00000,0.00000,0.00000,0.00000,7,5,0.0,0.0,855,0,0,0,0,0,2015/16,45,0,0.0,55,0
3,2,287,7,411.4,176297,64,0.00000,0.00000,0.00000,0.00000,15,5,145.5,316.2,1712,0,0,0,0,0,2016/17,70,0,734.0,76,3
5,11,387,10,412.1,176297,73,0.00000,0.00000,0.00000,0.00000,16,7,171.7,470.8,1799,0,0,0,0,0,2017/18,75,0,838.0,104,3
7,14,425,6,542.3,176297,73,0.00000,0.00000,0.00000,0.00000,35,10,224.6,650.0,2331,0,0,0,1,0,2018/19,70,0,1064.0,128,3
8,31,665,9,563.7,176297,89,0.00000,0.00000,0.00000,0.00000,29,17,271.7,887.0,2645,0,2,0,0,0,2019/20,85,0,1265.0,177,3
11,9,535,12,682.1,176297,96,0.00000,0.00000,0.00000,0.00000,39,11,260.3,793.2,2917,0,0,0,0,0,2020/21,95,0,1127.0,174,4
2,0,171,2,155.4,176297,94,0.00000,0.00000,0.00000,0.00000,28,4,79.4,233.8,1224,0,0,0,0,0,2021/22,95,0,406.0,63,2
