assists,bonus,bps,clean_sheets,creativity,element_code,end_cost,expected_assists,expected_goal_involvements,expected_goals,expected_goals_conceded,goals_conceded,goals_scored,ict_index,influence,minutes,own_goals,penalties_missed,penalties_saved,red_cards,saves,season_name,start_cost,starts,threat,total_points,yellow_cards
0,0,226,4,178.2,121599,46,0.00000,0.00000,0.00000,0.00000,32,1,61.1,179.4,1352,0,0,0,0,0,2016/17,50,0,254.0,38,4
4,16,679,9,595.8,121599,52,0.00000,0.00000,0.00000,0.00000,63,7,199.7,859.0,3324,0,0,0,0,0,2017/18,50,0,537.0,136,10
7,14,550,5,544.1,121599,58,0.00000,0.00000,0.00000,0.00000,56,5,198.9,735.6,3061,1,0,0,0,0,2018/19,60,0,709.0,124,7
4,9,459,10,539.0,121599,54,0.00000,0.00000,0.00000,0.00000,61,4,173.4,529.6,3156,1,0,0,0,0,2019/20,60,0,667.0,113,9
3,2,421,9,319.4,121599,51,0.00000,0.00000,0.00000,0.00000,36,2,102.1,433.8,2443,0,0,0,0,0,2020/21,55,0,267.0,80,6
5,8,387,5,285.8,121599,53,0.00000,0.00000,0.00000,0.00000,47,2,121.1,481.8,2536,0,0,0,0,0,2021/22,55,0,441.0,90,6
