assists,bonus,bps,clean_sheets,creativity,element_code,end_cost,expected_assists,expected_goal_involvements,expected_goals,expected_goals_conceded,goals_conceded,goals_scored,ict_index,influence,minutes,own_goals,penalties_missed,penalties_saved,red_cards,saves,season_name,start_cost,starts,threat,total_points,yellow_cards
0,0,26,1,24.9,86881,44,0.00000,0.00000,0.00000,0.00000,5,0,4.0,16.8,269,0,0,0,0,0,2016/17,45,0,0.0,6,1
0,0,0,0,0.0,86881,45,0.00000,0.00000,0.00000,0.00000,0,0,0.0,0.0,0,0,0,0,0,0,2017/18,45,0,0.0,0,0
1,0,291,7,135.5,86881,43,0.00000,0.00000,0.00000,0.00000,29,0,39.5,235.8,2085,0,0,0,0,0,2018/19,45,0,23.0,58,5
0,0,71,1,51.8,86881,43,0.00000,0.00000,0.00000,0.00000,3,0,11.8,57.4,288,0,0,0,0,0,2019/20,45,0,9.0,11,0
1,0,234,4,118.7,86881,42,0.00000,0.00000,0.00000,0.00000,25,0,29.6,153.0,1452,0,0,0,0,0,2020/21,45,0,23.0,41,5
0,0,147,2,44.2,86881,43,0.00000,0.00000,0.00000,0.00000,15,0,14.0,88.2,1032,0,0,0,0,0,2021/22,45,0,7.0,24,3
