assists,bonus,bps,clean_sheets,creativity,element_code,end_cost,expected_assists,expected_goal_involvements,expected_goals,expected_goals_conceded,goals_conceded,goals_scored,ict_index,influence,minutes,own_goals,penalties_missed,penalties_saved,red_cards,saves,season_name,start_cost,starts,threat,total_points,yellow_cards
0,0,0,0,0.0,57531,45,0.00000,0.00000,0.00000,0.00000,0,0,0.0,0.0,0,0,0,0,0,0,2012/13,45,0,0.0,0,0
7,12,424,7,0.0,57531,53,0.00000,0.00000,0.00000,0.00000,29,8,0.0,0.0,2057,0,0,0,0,0,2015/16,60,0,0.0,126,3
8,8,410,7,503.1,57531,67,0.00000,0.00000,0.00000,0.00000,43,9,222.7,622.4,2433,0,0,0,1,0,2016/17,70,0,1105.0,132,4
2,1,188,7,256.3,57531,74,0.00000,0.00000,0.00000,0.00000,23,3,94.6,296.6,1350,0,0,0,0,0,2017/18,75,0,393.0,62,1
8,6,305,7,346.2,57531,68,0.00000,0.00000,0.00000,0.00000,30,6,167.0,482.0,2093,0,0,0,0,0,2018/19,70,0,852.0,118,3
4,8,284,3,377.4,57531,71,0.00000,0.00000,0.00000,0.00000,30,10,201.7,552.8,1767,0,0,0,0,0,2019/20,70,0,1094.0,111,3
5,19,345,6,349.1,57531,67,0.00000,0.00000,0.00000,0.00000,25,10,190.1,517.8,1972,0,0,0,0,0,2020/21,65,0,1038.0,118,3
10,14,441,7,615.6,57531,73,0.00000,0.00000,0.00000,0.00000,43,10,252.7,649.2,2975,0,1,0,1,0,2021/22,75,0,1274.0,140,6
