assists,bonus,bps,clean_sheets,creativity,element_code,end_cost,expected_assists,expected_goal_involvements,expected_goals,expected_goals_conceded,goals_conceded,goals_scored,ict_index,influence,minutes,own_goals,penalties_missed,penalties_saved,red_cards,saves,season_name,start_cost,starts,threat,total_points,yellow_cards
8,22,693,10,517.6,111931,53,0.00000,0.00000,0.00000,0.00000,45,2,183.7,889.0,3123,0,0,0,0,0,2018/19,50,0,430.0,146,7
2,11,568,10,446.5,111931,62,0.00000,0.00000,0.00000,0.00000,27,3,141.9,738.0,2520,0,0,0,0,0,2019/20,60,0,235.0,123,1
1,0,152,2,162.4,111931,59,0.00000,0.00000,0.00000,0.00000,19,0,48.9,183.4,954,0,0,0,0,0,2020/21,60,0,144.0,27,3
3,3,202,1,139.6,111931,52,0.00000,0.00000,0.00000,0.00000,20,1,53.7,274.8,990,0,0,0,0,0,2021/22,55,0,122.0,35,3
