assists,bonus,bps,clean_sheets,creativity,element_code,end_cost,expected_assists,expected_goal_involvements,expected_goals,expected_goals_conceded,goals_conceded,goals_scored,ict_index,influence,minutes,own_goals,penalties_missed,penalties_saved,red_cards,saves,season_name,start_cost,starts,threat,total_points,yellow_cards
0,0,88,2,1.9,171771,41,0.00000,0.00000,0.00000,0.00000,5,1,13.1,110.0,427,0,0,0,0,0,2017/18,45,0,19.0,22,1
1,3,365,3,108.8,171771,40,0.00000,0.00000,0.00000,0.00000,37,0,81.9,616.0,2150,0,0,0,0,0,2018/19,40,0,91.0,49,7
1,5,539,7,45.5,171771,44,0.00000,0.00000,0.00000,0.00000,57,1,87.5,729.8,3057,1,0,0,0,0,2019/20,45,0,95.0,84,4
1,11,584,9,75.0,171771,47,0.00000,0.00000,0.00000,0.00000,62,1,93.1,692.0,3100,1,0,0,1,0,2020/21,45,0,164.0,94,5
0,15,499,7,88.1,171771,44,0.00000,0.00000,0.00000,0.00000,52,4,111.2,699.6,2629,1,0,0,0,0,2021/22,45,0,321.0,94,10
