assists,bonus,bps,clean_sheets,creativity,element_code,end_cost,expected_assists,expected_goal_involvements,expected_goals,expected_goals_conceded,goals_conceded,goals_scored,ict_index,influence,minutes,own_goals,penalties_missed,penalties_saved,red_cards,saves,season_name,start_cost,starts,threat,total_points,yellow_cards
1,0,60,0,20.2,197469,44,0.00000,0.00000,0.00000,0.00000,9,0,10.4,68.0,375,0,0,0,0,0,2017/18,45,0,16.0,13,1
0,0,80,4,73.7,197469,43,0.00000,0.00000,0.00000,0.00000,4,0,24.6,119.6,593,0,0,0,0,0,2018/19,45,0,51.0,20,0
1,0,153,3,70.0,197469,42,0.00000,0.00000,0.00000,0.00000,12,1,33.1,177.6,883,0,0,0,1,0,2019/20,45,0,83.0,35,2
0,0,59,2,13.5,197469,46,0.00000,0.00000,0.00000,0.00000,2,0,7.6,34.0,311,0,0,0,0,0,2020/21,50,0,29.0,14,1
0,0,41,1,2.8,197469,44,0.00000,0.00000,0.00000,0.00000,4,0,5.3,43.0,284,0,0,0,0,0,2021/22,45,0,6.0,8,1
