assists,bonus,bps,clean_sheets,creativity,element_code,end_cost,expected_assists,expected_goal_involvements,expected_goals,expected_goals_conceded,goals_conceded,goals_scored,ict_index,influence,minutes,own_goals,penalties_missed,penalties_saved,red_cards,saves,season_name,start_cost,starts,threat,total_points,yellow_cards
0,16,713,10,0.0,97032,56,0.00000,0.00000,0.00000,0.00000,36,3,0.0,0.0,3060,0,0,0,0,0,2015/16,55,0,0.0,130,2
0,14,435,7,81.1,97032,56,0.00000,0.00000,0.00000,0.00000,23,1,86.0,546.2,1852,0,0,0,1,0,2016/17,55,0,232.0,75,3
0,5,481,8,122.6,97032,57,0.00000,0.00000,0.00000,0.00000,28,0,100.2,601.0,2253,0,0,0,0,0,2017/18,55,0,277.0,78,1
4,22,932,20,111.1,97032,67,0.00000,0.00000,0.00000,0.00000,22,4,156.1,993.6,3384,0,0,0,0,0,2018/19,60,0,455.0,208,1
2,14,804,15,152.4,97032,65,0.00000,0.00000,0.00000,0.00000,33,5,154.8,930.2,3420,0,0,0,0,0,2019/20,65,0,467.0,178,1
0,1,73,1,4.8,97032,62,0.00000,0.00000,0.00000,0.00000,11,1,15.3,82.4,370,0,0,0,0,0,2020/21,65,0,66.0,15,1
3,13,803,21,150.3,97032,68,0.00000,0.00000,0.00000,0.00000,21,3,133.1,726.4,3060,0,0,0,0,0,2021/22,65,0,455.0,183,3
