assists,bonus,bps,clean_sheets,creativity,element_code,end_cost,expected_assists,expected_goal_involvements,expected_goals,expected_goals_conceded,goals_conceded,goals_scored,ict_index,influence,minutes,own_goals,penalties_missed,penalties_saved,red_cards,saves,season_name,start_cost,starts,threat,total_points,yellow_cards
0,0,0,1,0.0,82263,40,0.00000,0.00000,0.00000,0.00000,5,0,0.0,0.0,360,0,0,0,0,0,2010/11,45,0,0.0,7,3
0,3,0,0,0.0,82263,39,0.00000,0.00000,0.00000,0.00000,7,1,0.0,0.0,331,0,0,0,0,0,2011/12,40,0,0.0,14,0
2,6,75,6,0.0,82263,45,0.00000,0.00000,0.00000,0.00000,22,0,0.0,0.0,1440,0,0,0,1,0,2013/14,45,0,0.0,52,4
5,11,675,15,420.4,82263,69,0.00000,0.00000,0.00000,0.00000,19,6,157.6,618.2,2693,0,0,0,0,0,2016/17,60,0,536.0,177,2
2,15,650,13,549.6,82263,71,0.00000,0.00000,0.00000,0.00000,30,7,207.1,697.8,2855,0,0,0,0,0,2017/18,70,0,822.0,165,6
8,21,702,14,520.1,82263,62,0.00000,0.00000,0.00000,0.00000,28,2,161.7,619.0,2759,0,0,0,0,0,2018/19,65,0,475.0,161,6
4,11,395,7,413.4,82263,61,0.00000,0.00000,0.00000,0.00000,18,4,124.3,411.8,1429,0,0,0,0,0,2019/20,65,0,420.0,100,4
1,5,225,5,204.1,82263,56,0.00000,0.00000,0.00000,0.00000,13,2,75.6,224.2,958,0,0,0,0,0,2020/21,60,0,328.0,57,2
5,14,528,9,677.3,82263,57,0.00000,0.00000,0.00000,0.00000,22,4,180.6,560.2,2164,0,0,0,0,0,2021/22,55,0,566.0,128,8
