assists,bonus,bps,clean_sheets,creativity,element_code,end_cost,expected_assists,expected_goal_involvements,expected_goals,expected_goals_conceded,goals_conceded,goals_scored,ict_index,influence,minutes,own_goals,penalties_missed,penalties_saved,red_cards,saves,season_name,start_cost,starts,threat,total_points,yellow_cards
0,0,0,0,0.0,88900,39,0.00000,0.00000,0.00000,0.00000,0,0,0.0,0.0,0,0,0,0,0,0,2013/14,40,0,0.0,0,0
0,0,0,0,0.0,88900,39,0.00000,0.00000,0.00000,0.00000,0,0,0.0,0.0,0,0,0,0,0,0,2014/15,40,0,0.0,0,0
1,10,341,6,58.2,88900,42,0.00000,0.00000,0.00000,0.00000,24,0,46.6,350.4,1471,0,0,0,0,0,2016/17,40,0,58.0,60,1
0,2,360,5,68.3,88900,45,0.00000,0.00000,0.00000,0.00000,33,2,79.9,506.6,1980,0,0,0,1,0,2017/18,50,0,224.0,58,6
0,4,282,3,65.5,88900,42,0.00000,0.00000,0.00000,0.00000,35,1,60.4,394.4,1697,0,0,0,0,0,2018/19,45,0,143.0,47,4
3,8,432,7,101.5,88900,44,0.00000,0.00000,0.00000,0.00000,39,1,76.6,566.2,2451,0,0,0,1,0,2019/20,45,0,97.0,85,4
0,6,288,4,85.6,88900,46,0.00000,0.00000,0.00000,0.00000,39,0,54.2,351.0,1537,0,0,0,0,0,2020/21,50,0,104.0,41,2
0,0,135,1,48.2,88900,44,0.00000,0.00000,0.00000,0.00000,19,0,24.8,192.8,810,0,0,0,0,0,2021/22,45,0,6.0,12,3
