assists,bonus,bps,clean_sheets,creativity,element_code,end_cost,expected_assists,expected_goal_involvements,expected_goals,expected_goals_conceded,goals_conceded,goals_scored,ict_index,influence,minutes,own_goals,penalties_missed,penalties_saved,red_cards,saves,season_name,start_cost,starts,threat,total_points,yellow_cards
1,2,196,3,209.6,59859,49,0.00000,0.00000,0.00000,0.00000,8,3,59.6,186.8,704,0,0,0,0,0,2016/17,55,0,199.0,41,0
2,9,376,6,406.4,59859,54,0.00000,0.00000,0.00000,0.00000,15,4,119.3,381.4,1504,0,0,0,0,0,2017/18,55,0,408.0,82,3
3,10,528,13,819.7,59859,54,0.00000,0.00000,0.00000,0.00000,15,6,181.6,548.8,2129,0,0,0,0,0,2018/19,55,0,447.0,113,3
1,4,382,7,592.3,59859,51,0.00000,0.00000,0.00000,0.00000,28,2,137.5,408.4,2012,0,1,0,0,0,2019/20,55,0,374.0,65,7
4,22,620,12,688.4,59859,55,0.00000,0.00000,0.00000,0.00000,16,13,215.7,754.6,2025,0,1,0,0,0,2020/21,55,0,712.0,157,1
5,10,488,14,613.8,59859,71,0.00000,0.00000,0.00000,0.00000,10,8,196.3,549.2,1851,0,0,0,0,0,2021/22,75,0,798.0,124,1
