assists,bonus,bps,clean_sheets,creativity,element_code,end_cost,expected_assists,expected_goal_involvements,expected_goals,expected_goals_conceded,goals_conceded,goals_scored,ict_index,influence,minutes,own_goals,penalties_missed,penalties_saved,red_cards,saves,season_name,start_cost,starts,threat,total_points,yellow_cards
0,0,0,0,0.0,98747,39,0.00000,0.00000,0.00000,0.00000,0,0,0.0,0.0,0,0,0,0,0,0,2016/17,40,0,0.0,0,0
0,19,701,11,40.0,98747,50,0.00000,0.00000,0.00000,0.00000,35,0,90.1,862.4,3114,0,0,1,0,113,2017/18,45,0,0.0,152,3
0,0,0,0,0.0,98747,48,0.00000,0.00000,0.00000,0.00000,0,0,0.0,0.0,0,0,0,0,0,0,2018/19,50,0,0.0,0,0
0,23,789,15,30.3,98747,52,0.00000,0.00000,0.00000,0.00000,50,0,93.1,900.0,3420,0,0,1,0,120,2019/20,45,0,2.0,170,1
0,20,652,11,20.0,98747,55,0.00000,0.00000,0.00000,0.00000,37,0,86.8,846.6,2880,0,0,0,0,114,2020/21,55,0,2.0,144,1
0,12,683,9,20.0,98747,53,0.00000,0.00000,0.00000,0.00000,47,0,92.4,902.8,3240,0,0,0,0,120,2021/22,55,0,0.0,130,1
