assists,bonus,bps,clean_sheets,creativity,element_code,end_cost,expected_assists,expected_goal_involvements,expected_goals,expected_goals_conceded,goals_conceded,goals_scored,ict_index,influence,minutes,own_goals,penalties_missed,penalties_saved,red_cards,saves,season_name,start_cost,starts,threat,total_points,yellow_cards
8,4,304,8,384.7,212319,58,0.00000,0.00000,0.00000,0.00000,54,5,209.3,497.0,2817,0,0,0,0,0,2017/18,60,0,1217.0,125,4
3,12,400,11,350.7,212319,64,0.00000,0.00000,0.00000,0.00000,36,13,224.5,698.4,2662,0,0,0,1,0,2018/19,65,0,1209.0,153,5
5,13,519,9,478.1,212319,82,0.00000,0.00000,0.00000,0.00000,51,13,252.3,814.6,3070,0,0,0,0,0,2019/20,80,0,1233.0,165,8
6,18,415,11,359.7,212319,77,0.00000,0.00000,0.00000,0.00000,38,7,208.3,576.4,2862,0,0,0,1,0,2020/21,80,0,1147.0,123,4
6,19,413,7,383.7,212319,76,0.00000,0.00000,0.00000,0.00000,46,10,203.9,651.4,2522,0,0,0,0,0,2021/22,75,0,1010.0,125,9
