assists,bonus,bps,clean_sheets,creativity,element_code,end_cost,expected_assists,expected_goal_involvements,expected_goals,expected_goals_conceded,goals_conceded,goals_scored,ict_index,influence,minutes,own_goals,penalties_missed,penalties_saved,red_cards,saves,season_name,start_cost,starts,threat,total_points,yellow_cards
0,0,0,0,0.0,95463,39,0.00000,0.00000,0.00000,0.00000,0,0,0.0,0.0,0,0,0,0,0,0,2013/14,40,0,0.0,0,0
0,0,0,0,0.0,95463,40,0.00000,0.00000,0.00000,0.00000,0,0,0.0,0.0,0,0,0,0,0,0,2014/15,40,0,0.0,0,0
0,0,34,0,0.0,95463,40,0.00000,0.00000,0.00000,0.00000,4,0,0.0,0.0,180,0,0,0,0,9,2015/16,40,0,0.0,6,0
0,0,0,0,0.0,95463,44,0.00000,0.00000,0.00000,0.00000,0,0,0.0,0.0,0,0,0,0,0,0,2017/18,45,0,0.0,0,0
0,0,0,0,0.0,95463,43,0.00000,0.00000,0.00000,0.00000,0,0,0.0,0.0,0,0,0,0,0,0,2018/19,45,0,0.0,0,0
0,0,0,0,0.0,95463,42,0.00000,0.00000,0.00000,0.00000,0,0,0.0,0.0,0,0,0,0,0,0,2019/20,45,0,0.0,0,0
0,0,0,0,0.0,95463,43,0.00000,0.00000,0.00000,0.00000,0,0,0.0,0.0,0,0,0,0,0,0,2020/21,45,0,0.0,0,0
0,0,17,0,0.0,95463,40,0.00000,0.00000,0.00000,0.00000,1,0,3.2,32.4,90,0,0,0,0,4,2021/22,40,0,0.0,3,0
