assists,bonus,bps,clean_sheets,creativity,element_code,end_cost,expected_assists,expected_goal_involvements,expected_goals,expected_goals_conceded,goals_conceded,goals_scored,ict_index,influence,minutes,own_goals,penalties_missed,penalties_saved,red_cards,saves,season_name,start_cost,starts,threat,total_points,yellow_cards
1,7,637,10,147.8,83299,45,0.00000,0.00000,0.00000,0.00000,54,1,157.9,1002.8,3420,4,0,0,0,0,2017/18,45,0,425.0,97,7
1,6,573,7,132.9,83299,44,0.00000,0.00000,0.00000,0.00000,56,2,118.7,805.8,3151,0,0,0,1,0,2018/19,45,0,245.0,91,5
3,17,674,9,171.8,83299,48,0.00000,0.00000,0.00000,0.00000,50,3,146.8,825.6,3230,0,0,0,0,0,2019/20,45,0,469.0,128,9
0,17,626,11,136.7,83299,48,0.00000,0.00000,0.00000,0.00000,40,5,130.2,720.4,2932,1,0,0,2,0,2020/21,50,0,443.0,130,5
0,7,537,10,63.5,83299,48,0.00000,0.00000,0.00000,0.00000,33,1,96.1,570.0,2573,0,0,0,1,0,2021/22,50,0,327.0,92,3
