assists,bonus,bps,clean_sheets,creativity,element_code,end_cost,expected_assists,expected_goal_involvements,expected_goals,expected_goals_conceded,goals_conceded,goals_scored,ict_index,influence,minutes,own_goals,penalties_missed,penalties_saved,red_cards,saves,season_name,start_cost,starts,threat,total_points,yellow_cards
0,5,458,9,0.0,40669,49,0.00000,0.00000,0.00000,0.00000,32,0,0.0,0.0,2326,0,0,0,0,0,2015/16,50,0,0.0,76,5
0,2,322,4,82.4,40669,47,0.00000,0.00000,0.00000,0.00000,31,0,51.6,384.4,1755,0,0,0,0,0,2016/17,50,0,51.0,45,2
0,4,520,7,81.4,40669,42,0.00000,0.00000,0.00000,0.00000,60,1,91.4,687.8,2880,0,0,0,0,0,2017/18,45,0,145.0,77,3
1,2,314,2,54.2,40669,42,0.00000,0.00000,0.00000,0.00000,36,1,68.5,462.4,1871,0,0,0,0,0,2018/19,45,0,168.0,48,2
0,0,453,7,37.8,40669,45,0.00000,0.00000,0.00000,0.00000,44,2,78.4,579.0,2786,1,0,0,0,0,2019/20,45,0,168.0,81,4
0,5,461,9,56.4,40669,47,0.00000,0.00000,0.00000,0.00000,34,3,79.1,489.8,2492,0,0,0,0,0,2020/21,50,0,244.0,100,5
0,6,182,3,5.3,40669,49,0.00000,0.00000,0.00000,0.00000,11,1,24.0,167.0,921,0,0,0,0,0,2021/22,50,0,67.0,40,1
