assists,bonus,bps,clean_sheets,creativity,element_code,end_cost,expected_assists,expected_goal_involvements,expected_goals,expected_goals_conceded,goals_conceded,goals_scored,ict_index,influence,minutes,own_goals,penalties_missed,penalties_saved,red_cards,saves,season_name,start_cost,starts,threat,total_points,yellow_cards
0,0,3,0,0.0,149484,41,0.00000,0.00000,0.00000,0.00000,0,0,0.0,0.0,11,0,0,0,0,0,2015/16,45,0,0.0,1,0
0,2,89,0,18.3,149484,45,0.00000,0.00000,0.00000,0.00000,16,0,18.9,125.4,506,2,0,0,0,0,2016/17,45,0,45.0,4,0
0,0,40,0,14.8,149484,42,0.00000,0.00000,0.00000,0.00000,5,0,7.2,46.6,201,0,0,0,0,0,2017/18,45,0,10.0,3,1
0,0,41,0,16.3,149484,42,0.00000,0.00000,0.00000,0.00000,4,0,6.8,49.0,141,0,0,0,0,0,2018/19,45,0,2.0,5,0
2,9,537,6,87.3,149484,44,0.00000,0.00000,0.00000,0.00000,53,2,96.6,758.0,2902,0,0,0,0,0,2019/20,45,0,119.0,90,7
2,8,633,14,97.3,149484,54,0.00000,0.00000,0.00000,0.00000,42,2,119.3,798.4,3194,1,0,0,1,0,2020/21,50,0,293.0,128,4
4,12,596,11,130.9,149484,50,0.00000,0.00000,0.00000,0.00000,49,1,110.6,667.2,3188,0,0,0,0,0,2021/22,50,0,309.0,118,11
